medication_id,ndc_code,drug_name,generic_name,dosage_form,strength,manufacturer
1,32000-493-01,Amoxicillin,Amoxicillin,Capsule,500mg,Teva
2,42975-313-02,Lysinopril,Lisinopril,Tablet,10mg,Sandoz
3,74567-589-03,Metformin,Metformin HCl,Tablet,850mg,Mylan
4,94678-180-04,Atorvastatin,Atorvastatin Calcium,Tablet,20mg,Pfizer
5,36345-136-05,Albuterol,Albuterol Sulfate,Inhaler,90mcg,GSK
6,20830-228-06,Omeprazole,Omeprazole,Capsule,20mg,AstraZeneca
7,40849-919-07,Levothyroxine,Levothyroxine Sodium,Tablet,50mcg,AbbVie
8,82346-924-08,Gabapentin,Gabapentin,Capsule,300mg,Sun Pharma
9,84543-751-09,Amlodipine,Amlodipine Besylate,Tablet,5mg,Novartis
10,55878-645-10,Metoprolol,Metoprolol Succinate,Tablet,50mg,AstraZeneca
11,72921-381-11,Losartan,Losartan Potassium,Tablet,50mg,Merck
12,15242-260-12,Sertraline,Sertraline HCl,Tablet,50mg,Pfizer
13,83274-744-13,Hydrochlorothiazide,Hydrochlorothiazide,Tablet,25mg,Lupin
14,60815-121-14,Ibuprofen,Ibuprofen,Tablet,800mg,McNeil
15,97408-185-15,Azithromycin,Azithromycin,Tablet,250mg,Pfizer
16,38088-274-16,Azithromycin Plus,Azithromycin,Tablet,250mg,Pfizer
17,27592-772-17,Lysinopril Plus,Lisinopril,Tablet,10mg,Sandoz
18,91010-541-18,Hydrochlorothiazide Plus,Hydrochlorothiazide,Tablet,25mg,Lupin
19,39565-502-19,Metformin Plus,Metformin HCl,Tablet,850mg,Mylan
20,89666-489-20,Metformin Plus,Metformin HCl,Tablet,850mg,Mylan
21,17264-827-21,Hydrochlorothiazide Plus,Hydrochlorothiazide,Tablet,25mg,Lupin
22,61530-489-22,Atorvastatin Plus,Atorvastatin Calcium,Tablet,20mg,Pfizer
23,65917-590-23,Gabapentin Plus,Gabapentin,Capsule,300mg,Sun Pharma
24,93179-539-24,Metoprolol Plus,Metoprolol Succinate,Tablet,50mg,AstraZeneca
25,15379-774-25,Metoprolol Plus,Metoprolol Succinate,Tablet,50mg,AstraZeneca
26,23762-920-26,Hydrochlorothiazide Plus,Hydrochlorothiazide,Tablet,25mg,Lupin
27,10581-526-27,Azithromycin Plus,Azithromycin,Tablet,250mg,Pfizer
28,54201-211-28,Metoprolol Plus,Metoprolol Succinate,Tablet,50mg,AstraZeneca
29,38556-394-29,Sertraline Plus,Sertraline HCl,Tablet,50mg,Pfizer
30,15690-274-30,Sertraline Plus,Sertraline HCl,Tablet,50mg,Pfizer
31,10736-646-31,Amoxicillin Plus,Amoxicillin,Capsule,500mg,Teva
32,26828-694-32,Levothyroxine Plus,Levothyroxine Sodium,Tablet,50mcg,AbbVie
33,60998-282-33,Metformin Plus,Metformin HCl,Tablet,850mg,Mylan
34,56689-487-34,Albuterol Plus,Albuterol Sulfate,Inhaler,90mcg,GSK
35,37118-524-35,Atorvastatin Plus,Atorvastatin Calcium,Tablet,20mg,Pfizer
36,95229-922-36,Albuterol Plus,Albuterol Sulfate,Inhaler,90mcg,GSK
37,11284-157-37,Amlodipine Plus,Amlodipine Besylate,Tablet,5mg,Novartis
38,33213-284-38,Hydrochlorothiazide Plus,Hydrochlorothiazide,Tablet,25mg,Lupin
39,57019-316-39,Metformin Plus,Metformin HCl,Tablet,850mg,Mylan
40,54357-611-40,Albuterol Plus,Albuterol Sulfate,Inhaler,90mcg,GSK
41,44447-347-41,Levothyroxine Plus,Levothyroxine Sodium,Tablet,50mcg,AbbVie
42,78978-921-42,Levothyroxine Plus,Levothyroxine Sodium,Tablet,50mcg,AbbVie
43,51572-876-43,Amoxicillin Plus,Amoxicillin,Capsule,500mg,Teva
44,95635-636-44,Azithromycin Plus,Azithromycin,Tablet,250mg,Pfizer
45,86139-650-45,Gabapentin Plus,Gabapentin,Capsule,300mg,Sun Pharma
46,26249-180-46,Hydrochlorothiazide Plus,Hydrochlorothiazide,Tablet,25mg,Lupin
47,16867-988-47,Hydrochlorothiazide Plus,Hydrochlorothiazide,Tablet,25mg,Lupin
48,20636-950-48,Metformin Plus,Metformin HCl,Tablet,850mg,Mylan
49,71337-251-49,Metoprolol Plus,Metoprolol Succinate,Tablet,50mg,AstraZeneca
50,92816-698-50,Hydrochlorothiazide Plus,Hydrochlorothiazide,Tablet,25mg,Lupin
51,18845-971-51,Omeprazole Plus,Omeprazole,Capsule,20mg,AstraZeneca
52,89929-587-52,Lysinopril Plus,Lisinopril,Tablet,10mg,Sandoz
53,45995-517-53,Sertraline Plus,Sertraline HCl,Tablet,50mg,Pfizer
54,11833-657-54,Azithromycin Plus,Azithromycin,Tablet,250mg,Pfizer
55,29827-135-55,Amoxicillin Plus,Amoxicillin,Capsule,500mg,Teva
56,55819-137-56,Hydrochlorothiazide Plus,Hydrochlorothiazide,Tablet,25mg,Lupin
57,98859-121-57,Metformin Plus,Metformin HCl,Tablet,850mg,Mylan
58,23545-977-58,Albuterol Plus,Albuterol Sulfate,Inhaler,90mcg,GSK
59,95189-503-59,Omeprazole Plus,Omeprazole,Capsule,20mg,AstraZeneca
60,95607-266-60,Hydrochlorothiazide Plus,Hydrochlorothiazide,Tablet,25mg,Lupin
61,65228-226-61,Metformin Plus,Metformin HCl,Tablet,850mg,Mylan
62,62683-154-62,Levothyroxine Plus,Levothyroxine Sodium,Tablet,50mcg,AbbVie
63,72313-713-63,Atorvastatin Plus,Atorvastatin Calcium,Tablet,20mg,Pfizer
64,95319-718-64,Albuterol Plus,Albuterol Sulfate,Inhaler,90mcg,GSK
65,80621-759-65,Ibuprofen Plus,Ibuprofen,Tablet,800mg,McNeil
66,99140-237-66,Levothyroxine Plus,Levothyroxine Sodium,Tablet,50mcg,AbbVie
67,76407-710-67,Hydrochlorothiazide Plus,Hydrochlorothiazide,Tablet,25mg,Lupin
68,17815-382-68,Omeprazole Plus,Omeprazole,Capsule,20mg,AstraZeneca
69,30547-442-69,Ibuprofen Plus,Ibuprofen,Tablet,800mg,McNeil
70,10832-822-70,Amoxicillin Plus,Amoxicillin,Capsule,500mg,Teva
71,57642-554-71,Metoprolol Plus,Metoprolol Succinate,Tablet,50mg,AstraZeneca
72,23622-513-72,Amlodipine Plus,Amlodipine Besylate,Tablet,5mg,Novartis
73,40070-562-73,Gabapentin Plus,Gabapentin,Capsule,300mg,Sun Pharma
74,67021-301-74,Hydrochlorothiazide Plus,Hydrochlorothiazide,Tablet,25mg,Lupin
75,83393-704-75,Lysinopril Plus,Lisinopril,Tablet,10mg,Sandoz
76,15734-766-76,Lysinopril Plus,Lisinopril,Tablet,10mg,Sandoz
77,34243-429-77,Levothyroxine Plus,Levothyroxine Sodium,Tablet,50mcg,AbbVie
78,52616-230-78,Metformin Plus,Metformin HCl,Tablet,850mg,Mylan
79,79752-997-79,Amlodipine Plus,Amlodipine Besylate,Tablet,5mg,Novartis
80,97770-847-80,Amoxicillin Plus,Amoxicillin,Capsule,500mg,Teva
81,19151-638-81,Sertraline Plus,Sertraline HCl,Tablet,50mg,Pfizer
82,32904-514-82,Levothyroxine Plus,Levothyroxine Sodium,Tablet,50mcg,AbbVie
83,51521-600-83,Lysinopril Plus,Lisinopril,Tablet,10mg,Sandoz
84,81396-526-84,Albuterol Plus,Albuterol Sulfate,Inhaler,90mcg,GSK
85,32231-106-85,Sertraline Plus,Sertraline HCl,Tablet,50mg,Pfizer
86,56645-136-86,Amoxicillin Plus,Amoxicillin,Capsule,500mg,Teva
87,68579-278-87,Azithromycin Plus,Azithromycin,Tablet,250mg,Pfizer
88,39457-755-88,Losartan Plus,Losartan Potassium,Tablet,50mg,Merck
89,18719-964-89,Albuterol Plus,Albuterol Sulfate,Inhaler,90mcg,GSK
90,28199-837-90,Gabapentin Plus,Gabapentin,Capsule,300mg,Sun Pharma
91,65283-672-91,Losartan Plus,Losartan Potassium,Tablet,50mg,Merck
92,59668-131-92,Levothyroxine Plus,Levothyroxine Sodium,Tablet,50mcg,AbbVie
93,29123-890-93,Lysinopril Plus,Lisinopril,Tablet,10mg,Sandoz
94,85181-676-94,Albuterol Plus,Albuterol Sulfate,Inhaler,90mcg,GSK
95,31342-332-95,Amoxicillin Plus,Amoxicillin,Capsule,500mg,Teva
96,22858-512-96,Losartan Plus,Losartan Potassium,Tablet,50mg,Merck
97,11698-553-97,Albuterol Plus,Albuterol Sulfate,Inhaler,90mcg,GSK
98,66676-406-98,Hydrochlorothiazide Plus,Hydrochlorothiazide,Tablet,25mg,Lupin
99,15232-784-99,Gabapentin Plus,Gabapentin,Capsule,300mg,Sun Pharma
100,33724-155-00,Albuterol Plus,Albuterol Sulfate,Inhaler,90mcg,GSK
101,20160-857-01,Metoprolol Plus,Metoprolol Succinate,Tablet,50mg,AstraZeneca
102,13691-576-02,Losartan Plus,Losartan Potassium,Tablet,50mg,Merck
103,36349-821-03,Gabapentin Plus,Gabapentin,Capsule,300mg,Sun Pharma
104,10895-271-04,Metformin Plus,Metformin HCl,Tablet,850mg,Mylan
105,75408-374-05,Losartan Plus,Losartan Potassium,Tablet,50mg,Merck
106,66621-329-06,Amoxicillin Plus,Amoxicillin,Capsule,500mg,Teva
107,84558-987-07,Sertraline Plus,Sertraline HCl,Tablet,50mg,Pfizer
108,13066-817-08,Metoprolol Plus,Metoprolol Succinate,Tablet,50mg,AstraZeneca
109,77654-868-09,Lysinopril Plus,Lisinopril,Tablet,10mg,Sandoz
110,24151-373-10,Losartan Plus,Losartan Potassium,Tablet,50mg,Merck
111,97928-713-11,Lysinopril Plus,Lisinopril,Tablet,10mg,Sandoz
112,64927-420-12,Ibuprofen Plus,Ibuprofen,Tablet,800mg,McNeil
113,40236-423-13,Ibuprofen Plus,Ibuprofen,Tablet,800mg,McNeil
114,43876-347-14,Azithromycin Plus,Azithromycin,Tablet,250mg,Pfizer
115,41122-912-15,Omeprazole Plus,Omeprazole,Capsule,20mg,AstraZeneca
116,42944-251-16,Omeprazole Plus,Omeprazole,Capsule,20mg,AstraZeneca
117,93737-184-17,Gabapentin Plus,Gabapentin,Capsule,300mg,Sun Pharma
118,66572-247-18,Sertraline Plus,Sertraline HCl,Tablet,50mg,Pfizer
119,99574-486-19,Omeprazole Plus,Omeprazole,Capsule,20mg,AstraZeneca
120,70818-125-20,Azithromycin Plus,Azithromycin,Tablet,250mg,Pfizer
121,25651-677-21,Gabapentin Plus,Gabapentin,Capsule,300mg,Sun Pharma
122,22186-106-22,Losartan Plus,Losartan Potassium,Tablet,50mg,Merck
123,17499-417-23,Sertraline Plus,Sertraline HCl,Tablet,50mg,Pfizer
124,90350-306-24,Atorvastatin Plus,Atorvastatin Calcium,Tablet,20mg,Pfizer
125,95765-310-25,Atorvastatin Plus,Atorvastatin Calcium,Tablet,20mg,Pfizer
126,48796-948-26,Metoprolol Plus,Metoprolol Succinate,Tablet,50mg,AstraZeneca
127,73923-965-27,Azithromycin Plus,Azithromycin,Tablet,250mg,Pfizer
128,37896-153-28,Amlodipine Plus,Amlodipine Besylate,Tablet,5mg,Novartis
129,21644-767-29,Ibuprofen Plus,Ibuprofen,Tablet,800mg,McNeil
130,37008-183-30,Gabapentin Plus,Gabapentin,Capsule,300mg,Sun Pharma
131,12668-413-31,Albuterol Plus,Albuterol Sulfate,Inhaler,90mcg,GSK
132,40121-628-32,Amlodipine Plus,Amlodipine Besylate,Tablet,5mg,Novartis
133,62794-269-33,Sertraline Plus,Sertraline HCl,Tablet,50mg,Pfizer
134,10825-429-34,Levothyroxine Plus,Levothyroxine Sodium,Tablet,50mcg,AbbVie
135,76470-423-35,Sertraline Plus,Sertraline HCl,Tablet,50mg,Pfizer
136,21988-707-36,Metoprolol Plus,Metoprolol Succinate,Tablet,50mg,AstraZeneca
137,59079-336-37,Sertraline Plus,Sertraline HCl,Tablet,50mg,Pfizer
138,57491-872-38,Losartan Plus,Losartan Potassium,Tablet,50mg,Merck
139,44444-564-39,Azithromycin Plus,Azithromycin,Tablet,250mg,Pfizer
140,23101-728-40,Metformin Plus,Metformin HCl,Tablet,850mg,Mylan
141,46416-587-41,Sertraline Plus,Sertraline HCl,Tablet,50mg,Pfizer
142,32831-870-42,Amlodipine Plus,Amlodipine Besylate,Tablet,5mg,Novartis
143,66752-476-43,Ibuprofen Plus,Ibuprofen,Tablet,800mg,McNeil
144,10257-156-44,Levothyroxine Plus,Levothyroxine Sodium,Tablet,50mcg,AbbVie
145,25274-149-45,Losartan Plus,Losartan Potassium,Tablet,50mg,Merck
146,24078-843-46,Ibuprofen Plus,Ibuprofen,Tablet,800mg,McNeil
147,88308-426-47,Metformin Plus,Metformin HCl,Tablet,850mg,Mylan
148,66348-279-48,Albuterol Plus,Albuterol Sulfate,Inhaler,90mcg,GSK
149,31453-901-49,Hydrochlorothiazide Plus,Hydrochlorothiazide,Tablet,25mg,Lupin
150,90630-887-50,Ibuprofen Plus,Ibuprofen,Tablet,800mg,McNeil
151,79431-146-51,Albuterol Plus,Albuterol Sulfate,Inhaler,90mcg,GSK
152,72069-120-52,Levothyroxine Plus,Levothyroxine Sodium,Tablet,50mcg,AbbVie
153,46259-154-53,Albuterol Plus,Albuterol Sulfate,Inhaler,90mcg,GSK
154,87458-687-54,Sertraline Plus,Sertraline HCl,Tablet,50mg,Pfizer
155,77219-572-55,Metoprolol Plus,Metoprolol Succinate,Tablet,50mg,AstraZeneca
156,83317-707-56,Sertraline Plus,Sertraline HCl,Tablet,50mg,Pfizer
157,52893-179-57,Gabapentin Plus,Gabapentin,Capsule,300mg,Sun Pharma
158,11151-210-58,Amoxicillin Plus,Amoxicillin,Capsule,500mg,Teva
159,80203-353-59,Metoprolol Plus,Metoprolol Succinate,Tablet,50mg,AstraZeneca
160,12097-787-60,Ibuprofen Plus,Ibuprofen,Tablet,800mg,McNeil
161,61360-219-61,Albuterol Plus,Albuterol Sulfate,Inhaler,90mcg,GSK
162,38119-343-62,Amoxicillin Plus,Amoxicillin,Capsule,500mg,Teva
163,97017-270-63,Metformin Plus,Metformin HCl,Tablet,850mg,Mylan
164,98353-481-64,Metformin Plus,Metformin HCl,Tablet,850mg,Mylan
165,34674-495-65,Losartan Plus,Losartan Potassium,Tablet,50mg,Merck
166,46927-630-66,Sertraline Plus,Sertraline HCl,Tablet,50mg,Pfizer
167,55712-590-67,Metoprolol Plus,Metoprolol Succinate,Tablet,50mg,AstraZeneca
168,40664-212-68,Atorvastatin Plus,Atorvastatin Calcium,Tablet,20mg,Pfizer
169,17881-178-69,Omeprazole Plus,Omeprazole,Capsule,20mg,AstraZeneca
170,72797-479-70,Lysinopril Plus,Lisinopril,Tablet,10mg,Sandoz
171,39160-600-71,Metoprolol Plus,Metoprolol Succinate,Tablet,50mg,AstraZeneca
172,67757-656-72,Ibuprofen Plus,Ibuprofen,Tablet,800mg,McNeil
173,79181-348-73,Gabapentin Plus,Gabapentin,Capsule,300mg,Sun Pharma
174,25546-420-74,Lysinopril Plus,Lisinopril,Tablet,10mg,Sandoz
175,22394-401-75,Amlodipine Plus,Amlodipine Besylate,Tablet,5mg,Novartis
176,87146-360-76,Amoxicillin Plus,Amoxicillin,Capsule,500mg,Teva
177,46298-564-77,Atorvastatin Plus,Atorvastatin Calcium,Tablet,20mg,Pfizer
178,97420-562-78,Lysinopril Plus,Lisinopril,Tablet,10mg,Sandoz
179,91145-963-79,Azithromycin Plus,Azithromycin,Tablet,250mg,Pfizer
180,27050-939-80,Amlodipine Plus,Amlodipine Besylate,Tablet,5mg,Novartis
181,28110-102-81,Ibuprofen Plus,Ibuprofen,Tablet,800mg,McNeil
182,11150-204-82,Albuterol Plus,Albuterol Sulfate,Inhaler,90mcg,GSK
183,76516-216-83,Omeprazole Plus,Omeprazole,Capsule,20mg,AstraZeneca
184,18979-492-84,Metformin Plus,Metformin HCl,Tablet,850mg,Mylan
185,93131-547-85,Atorvastatin Plus,Atorvastatin Calcium,Tablet,20mg,Pfizer
186,55505-662-86,Sertraline Plus,Sertraline HCl,Tablet,50mg,Pfizer
187,14946-846-87,Gabapentin Plus,Gabapentin,Capsule,300mg,Sun Pharma
188,37273-987-88,Albuterol Plus,Albuterol Sulfate,Inhaler,90mcg,GSK
189,16614-239-89,Metformin Plus,Metformin HCl,Tablet,850mg,Mylan
190,71614-650-90,Hydrochlorothiazide Plus,Hydrochlorothiazide,Tablet,25mg,Lupin
191,80908-875-91,Gabapentin Plus,Gabapentin,Capsule,300mg,Sun Pharma
192,62136-786-92,Sertraline Plus,Sertraline HCl,Tablet,50mg,Pfizer
193,22087-806-93,Sertraline Plus,Sertraline HCl,Tablet,50mg,Pfizer
194,89137-393-94,Omeprazole Plus,Omeprazole,Capsule,20mg,AstraZeneca
195,39132-738-95,Atorvastatin Plus,Atorvastatin Calcium,Tablet,20mg,Pfizer
196,97980-617-96,Albuterol Plus,Albuterol Sulfate,Inhaler,90mcg,GSK
197,26179-165-97,Levothyroxine Plus,Levothyroxine Sodium,Tablet,50mcg,AbbVie
198,77887-401-98,Amoxicillin Plus,Amoxicillin,Capsule,500mg,Teva
199,93583-691-99,Sertraline Plus,Sertraline HCl,Tablet,50mg,Pfizer
200,38554-372-00,Albuterol Plus,Albuterol Sulfate,Inhaler,90mcg,GSK
201,76391-222-01,Albuterol Plus,Albuterol Sulfate,Inhaler,90mcg,GSK
202,57889-998-02,Levothyroxine Plus,Levothyroxine Sodium,Tablet,50mcg,AbbVie
203,73205-677-03,Gabapentin Plus,Gabapentin,Capsule,300mg,Sun Pharma
204,69008-772-04,Gabapentin Plus,Gabapentin,Capsule,300mg,Sun Pharma
205,24272-867-05,Gabapentin Plus,Gabapentin,Capsule,300mg,Sun Pharma
206,30789-105-06,Sertraline Plus,Sertraline HCl,Tablet,50mg,Pfizer
207,92579-386-07,Omeprazole Plus,Omeprazole,Capsule,20mg,AstraZeneca
208,43198-987-08,Losartan Plus,Losartan Potassium,Tablet,50mg,Merck
209,20155-673-09,Azithromycin Plus,Azithromycin,Tablet,250mg,Pfizer
210,39932-843-10,Hydrochlorothiazide Plus,Hydrochlorothiazide,Tablet,25mg,Lupin
211,24969-684-11,Hydrochlorothiazide Plus,Hydrochlorothiazide,Tablet,25mg,Lupin
212,86522-757-12,Metoprolol Plus,Metoprolol Succinate,Tablet,50mg,AstraZeneca
213,38859-145-13,Metoprolol Plus,Metoprolol Succinate,Tablet,50mg,AstraZeneca
214,51766-141-14,Hydrochlorothiazide Plus,Hydrochlorothiazide,Tablet,25mg,Lupin
215,51239-387-15,Hydrochlorothiazide Plus,Hydrochlorothiazide,Tablet,25mg,Lupin
216,53987-241-16,Losartan Plus,Losartan Potassium,Tablet,50mg,Merck
217,81432-317-17,Atorvastatin Plus,Atorvastatin Calcium,Tablet,20mg,Pfizer
218,13842-163-18,Atorvastatin Plus,Atorvastatin Calcium,Tablet,20mg,Pfizer
219,67891-194-19,Gabapentin Plus,Gabapentin,Capsule,300mg,Sun Pharma
220,31180-346-20,Albuterol Plus,Albuterol Sulfate,Inhaler,90mcg,GSK
221,72115-413-21,Atorvastatin Plus,Atorvastatin Calcium,Tablet,20mg,Pfizer
222,91794-553-22,Omeprazole Plus,Omeprazole,Capsule,20mg,AstraZeneca
223,21472-218-23,Omeprazole Plus,Omeprazole,Capsule,20mg,AstraZeneca
224,88660-827-24,Sertraline Plus,Sertraline HCl,Tablet,50mg,Pfizer
225,63896-452-25,Azithromycin Plus,Azithromycin,Tablet,250mg,Pfizer
226,15176-706-26,Amoxicillin Plus,Amoxicillin,Capsule,500mg,Teva
227,56268-885-27,Albuterol Plus,Albuterol Sulfate,Inhaler,90mcg,GSK
228,69318-893-28,Amlodipine Plus,Amlodipine Besylate,Tablet,5mg,Novartis
229,34932-877-29,Hydrochlorothiazide Plus,Hydrochlorothiazide,Tablet,25mg,Lupin
230,68439-509-30,Losartan Plus,Losartan Potassium,Tablet,50mg,Merck
231,28779-623-31,Azithromycin Plus,Azithromycin,Tablet,250mg,Pfizer
232,50944-390-32,Amlodipine Plus,Amlodipine Besylate,Tablet,5mg,Novartis
233,62689-172-33,Hydrochlorothiazide Plus,Hydrochlorothiazide,Tablet,25mg,Lupin
234,18506-469-34,Levothyroxine Plus,Levothyroxine Sodium,Tablet,50mcg,AbbVie
235,69203-256-35,Amoxicillin Plus,Amoxicillin,Capsule,500mg,Teva
236,94657-928-36,Losartan Plus,Losartan Potassium,Tablet,50mg,Merck
237,35594-990-37,Omeprazole Plus,Omeprazole,Capsule,20mg,AstraZeneca
238,45923-733-38,Ibuprofen Plus,Ibuprofen,Tablet,800mg,McNeil
239,23023-279-39,Omeprazole Plus,Omeprazole,Capsule,20mg,AstraZeneca
240,17097-772-40,Metoprolol Plus,Metoprolol Succinate,Tablet,50mg,AstraZeneca
241,86261-908-41,Amlodipine Plus,Amlodipine Besylate,Tablet,5mg,Novartis
242,11813-551-42,Azithromycin Plus,Azithromycin,Tablet,250mg,Pfizer
243,81597-895-43,Albuterol Plus,Albuterol Sulfate,Inhaler,90mcg,GSK
244,23797-606-44,Amlodipine Plus,Amlodipine Besylate,Tablet,5mg,Novartis
245,70820-717-45,Losartan Plus,Losartan Potassium,Tablet,50mg,Merck
246,71168-313-46,Levothyroxine Plus,Levothyroxine Sodium,Tablet,50mcg,AbbVie
247,36923-134-47,Lysinopril Plus,Lisinopril,Tablet,10mg,Sandoz
248,87476-377-48,Atorvastatin Plus,Atorvastatin Calcium,Tablet,20mg,Pfizer
249,99867-719-49,Amlodipine Plus,Amlodipine Besylate,Tablet,5mg,Novartis
250,40306-412-50,Sertraline Plus,Sertraline HCl,Tablet,50mg,Pfizer
251,93172-322-51,Atorvastatin Plus,Atorvastatin Calcium,Tablet,20mg,Pfizer
252,78545-884-52,Hydrochlorothiazide Plus,Hydrochlorothiazide,Tablet,25mg,Lupin
253,36386-294-53,Albuterol Plus,Albuterol Sulfate,Inhaler,90mcg,GSK
254,89169-917-54,Lysinopril Plus,Lisinopril,Tablet,10mg,Sandoz
255,63046-616-55,Lysinopril Plus,Lisinopril,Tablet,10mg,Sandoz
256,70214-202-56,Metformin Plus,Metformin HCl,Tablet,850mg,Mylan
257,38362-629-57,Lysinopril Plus,Lisinopril,Tablet,10mg,Sandoz
258,24140-276-58,Azithromycin Plus,Azithromycin,Tablet,250mg,Pfizer
259,34043-856-59,Atorvastatin Plus,Atorvastatin Calcium,Tablet,20mg,Pfizer
260,76478-444-60,Sertraline Plus,Sertraline HCl,Tablet,50mg,Pfizer
261,81754-327-61,Gabapentin Plus,Gabapentin,Capsule,300mg,Sun Pharma
262,26158-855-62,Losartan Plus,Losartan Potassium,Tablet,50mg,Merck
263,29886-222-63,Hydrochlorothiazide Plus,Hydrochlorothiazide,Tablet,25mg,Lupin
264,39507-408-64,Amlodipine Plus,Amlodipine Besylate,Tablet,5mg,Novartis
265,55082-801-65,Hydrochlorothiazide Plus,Hydrochlorothiazide,Tablet,25mg,Lupin
266,21319-652-66,Ibuprofen Plus,Ibuprofen,Tablet,800mg,McNeil
267,56411-320-67,Azithromycin Plus,Azithromycin,Tablet,250mg,Pfizer
268,28409-791-68,Losartan Plus,Losartan Potassium,Tablet,50mg,Merck
269,86932-624-69,Amlodipine Plus,Amlodipine Besylate,Tablet,5mg,Novartis
270,82288-196-70,Metoprolol Plus,Metoprolol Succinate,Tablet,50mg,AstraZeneca
271,72558-115-71,Omeprazole Plus,Omeprazole,Capsule,20mg,AstraZeneca
272,69435-492-72,Atorvastatin Plus,Atorvastatin Calcium,Tablet,20mg,Pfizer
273,33393-893-73,Ibuprofen Plus,Ibuprofen,Tablet,800mg,McNeil
274,13213-128-74,Metoprolol Plus,Metoprolol Succinate,Tablet,50mg,AstraZeneca
275,46555-792-75,Metformin Plus,Metformin HCl,Tablet,850mg,Mylan
276,68462-771-76,Ibuprofen Plus,Ibuprofen,Tablet,800mg,McNeil
277,14455-120-77,Amoxicillin Plus,Amoxicillin,Capsule,500mg,Teva
278,67270-884-78,Atorvastatin Plus,Atorvastatin Calcium,Tablet,20mg,Pfizer
279,43643-811-79,Albuterol Plus,Albuterol Sulfate,Inhaler,90mcg,GSK
280,53800-346-80,Lysinopril Plus,Lisinopril,Tablet,10mg,Sandoz
281,93233-311-81,Lysinopril Plus,Lisinopril,Tablet,10mg,Sandoz
282,44618-915-82,Metformin Plus,Metformin HCl,Tablet,850mg,Mylan
283,62882-991-83,Amoxicillin Plus,Amoxicillin,Capsule,500mg,Teva
284,37816-804-84,Losartan Plus,Losartan Potassium,Tablet,50mg,Merck
285,42948-923-85,Albuterol Plus,Albuterol Sulfate,Inhaler,90mcg,GSK
286,72497-617-86,Metformin Plus,Metformin HCl,Tablet,850mg,Mylan
287,11165-964-87,Levothyroxine Plus,Levothyroxine Sodium,Tablet,50mcg,AbbVie
288,76661-494-88,Ibuprofen Plus,Ibuprofen,Tablet,800mg,McNeil
289,82154-718-89,Losartan Plus,Losartan Potassium,Tablet,50mg,Merck
290,76103-953-90,Levothyroxine Plus,Levothyroxine Sodium,Tablet,50mcg,AbbVie
291,69201-917-91,Amoxicillin Plus,Amoxicillin,Capsule,500mg,Teva
292,16169-123-92,Levothyroxine Plus,Levothyroxine Sodium,Tablet,50mcg,AbbVie
293,39138-176-93,Azithromycin Plus,Azithromycin,Tablet,250mg,Pfizer
294,46799-405-94,Amoxicillin Plus,Amoxicillin,Capsule,500mg,Teva
295,93513-972-95,Omeprazole Plus,Omeprazole,Capsule,20mg,AstraZeneca
296,60176-827-96,Atorvastatin Plus,Atorvastatin Calcium,Tablet,20mg,Pfizer
297,21315-678-97,Albuterol Plus,Albuterol Sulfate,Inhaler,90mcg,GSK
298,18776-402-98,Omeprazole Plus,Omeprazole,Capsule,20mg,AstraZeneca
299,52150-797-99,Azithromycin Plus,Azithromycin,Tablet,250mg,Pfizer
300,77742-421-00,Levothyroxine Plus,Levothyroxine Sodium,Tablet,50mcg,AbbVie
301,47548-967-01,Losartan Plus,Losartan Potassium,Tablet,50mg,Merck
302,40195-814-02,Amoxicillin Plus,Amoxicillin,Capsule,500mg,Teva
303,23520-888-03,Azithromycin Plus,Azithromycin,Tablet,250mg,Pfizer
304,80196-302-04,Albuterol Plus,Albuterol Sulfate,Inhaler,90mcg,GSK
305,99138-169-05,Metoprolol Plus,Metoprolol Succinate,Tablet,50mg,AstraZeneca
306,35049-595-06,Lysinopril Plus,Lisinopril,Tablet,10mg,Sandoz
307,53646-209-07,Metoprolol Plus,Metoprolol Succinate,Tablet,50mg,AstraZeneca
308,80682-520-08,Gabapentin Plus,Gabapentin,Capsule,300mg,Sun Pharma
309,50884-450-09,Metoprolol Plus,Metoprolol Succinate,Tablet,50mg,AstraZeneca
310,98990-313-10,Amlodipine Plus,Amlodipine Besylate,Tablet,5mg,Novartis
311,80582-656-11,Amlodipine Plus,Amlodipine Besylate,Tablet,5mg,Novartis
312,86025-856-12,Ibuprofen Plus,Ibuprofen,Tablet,800mg,McNeil
313,62621-159-13,Gabapentin Plus,Gabapentin,Capsule,300mg,Sun Pharma
314,83173-495-14,Atorvastatin Plus,Atorvastatin Calcium,Tablet,20mg,Pfizer
315,58828-125-15,Metoprolol Plus,Metoprolol Succinate,Tablet,50mg,AstraZeneca
316,38707-578-16,Omeprazole Plus,Omeprazole,Capsule,20mg,AstraZeneca
317,69085-654-17,Omeprazole Plus,Omeprazole,Capsule,20mg,AstraZeneca
318,87837-676-18,Sertraline Plus,Sertraline HCl,Tablet,50mg,Pfizer
319,81264-225-19,Ibuprofen Plus,Ibuprofen,Tablet,800mg,McNeil
320,96488-875-20,Amlodipine Plus,Amlodipine Besylate,Tablet,5mg,Novartis
321,74634-985-21,Atorvastatin Plus,Atorvastatin Calcium,Tablet,20mg,Pfizer
322,26933-224-22,Amlodipine Plus,Amlodipine Besylate,Tablet,5mg,Novartis
323,52185-216-23,Amoxicillin Plus,Amoxicillin,Capsule,500mg,Teva
324,12390-264-24,Sertraline Plus,Sertraline HCl,Tablet,50mg,Pfizer
325,35108-605-25,Azithromycin Plus,Azithromycin,Tablet,250mg,Pfizer
326,25503-878-26,Levothyroxine Plus,Levothyroxine Sodium,Tablet,50mcg,AbbVie
327,52558-469-27,Metoprolol Plus,Metoprolol Succinate,Tablet,50mg,AstraZeneca
328,80053-990-28,Losartan Plus,Losartan Potassium,Tablet,50mg,Merck
329,43908-402-29,Sertraline Plus,Sertraline HCl,Tablet,50mg,Pfizer
330,55878-303-30,Levothyroxine Plus,Levothyroxine Sodium,Tablet,50mcg,AbbVie
331,28590-577-31,Amoxicillin Plus,Amoxicillin,Capsule,500mg,Teva
332,45693-397-32,Sertraline Plus,Sertraline HCl,Tablet,50mg,Pfizer
333,86782-615-33,Albuterol Plus,Albuterol Sulfate,Inhaler,90mcg,GSK
334,43338-372-34,Levothyroxine Plus,Levothyroxine Sodium,Tablet,50mcg,AbbVie
335,87349-111-35,Lysinopril Plus,Lisinopril,Tablet,10mg,Sandoz
336,74495-453-36,Omeprazole Plus,Omeprazole,Capsule,20mg,AstraZeneca
337,30406-969-37,Gabapentin Plus,Gabapentin,Capsule,300mg,Sun Pharma
338,86482-741-38,Hydrochlorothiazide Plus,Hydrochlorothiazide,Tablet,25mg,Lupin
339,97354-642-39,Levothyroxine Plus,Levothyroxine Sodium,Tablet,50mcg,AbbVie
340,85409-907-40,Azithromycin Plus,Azithromycin,Tablet,250mg,Pfizer
341,66328-849-41,Gabapentin Plus,Gabapentin,Capsule,300mg,Sun Pharma
342,19976-258-42,Albuterol Plus,Albuterol Sulfate,Inhaler,90mcg,GSK
343,40206-152-43,Hydrochlorothiazide Plus,Hydrochlorothiazide,Tablet,25mg,Lupin
344,31742-757-44,Levothyroxine Plus,Levothyroxine Sodium,Tablet,50mcg,AbbVie
345,12301-395-45,Albuterol Plus,Albuterol Sulfate,Inhaler,90mcg,GSK
346,96283-852-46,Amlodipine Plus,Amlodipine Besylate,Tablet,5mg,Novartis
347,70970-300-47,Azithromycin Plus,Azithromycin,Tablet,250mg,Pfizer
348,67299-206-48,Sertraline Plus,Sertraline HCl,Tablet,50mg,Pfizer
349,86958-843-49,Amoxicillin Plus,Amoxicillin,Capsule,500mg,Teva
350,29897-250-50,Ibuprofen Plus,Ibuprofen,Tablet,800mg,McNeil
351,38763-776-51,Gabapentin Plus,Gabapentin,Capsule,300mg,Sun Pharma
352,27584-823-52,Sertraline Plus,Sertraline HCl,Tablet,50mg,Pfizer
353,34290-981-53,Amoxicillin Plus,Amoxicillin,Capsule,500mg,Teva
354,32316-731-54,Atorvastatin Plus,Atorvastatin Calcium,Tablet,20mg,Pfizer
355,12753-250-55,Hydrochlorothiazide Plus,Hydrochlorothiazide,Tablet,25mg,Lupin
356,33433-353-56,Losartan Plus,Losartan Potassium,Tablet,50mg,Merck
357,31427-796-57,Sertraline Plus,Sertraline HCl,Tablet,50mg,Pfizer
358,69615-365-58,Amlodipine Plus,Amlodipine Besylate,Tablet,5mg,Novartis
359,53084-702-59,Ibuprofen Plus,Ibuprofen,Tablet,800mg,McNeil
360,76846-317-60,Amlodipine Plus,Amlodipine Besylate,Tablet,5mg,Novartis
361,84364-474-61,Amoxicillin Plus,Amoxicillin,Capsule,500mg,Teva
362,62346-215-62,Levothyroxine Plus,Levothyroxine Sodium,Tablet,50mcg,AbbVie
363,68110-505-63,Gabapentin Plus,Gabapentin,Capsule,300mg,Sun Pharma
364,31809-825-64,Levothyroxine Plus,Levothyroxine Sodium,Tablet,50mcg,AbbVie
365,76741-706-65,Metformin Plus,Metformin HCl,Tablet,850mg,Mylan
366,56987-846-66,Lysinopril Plus,Lisinopril,Tablet,10mg,Sandoz
367,66519-204-67,Lysinopril Plus,Lisinopril,Tablet,10mg,Sandoz
368,30915-505-68,Levothyroxine Plus,Levothyroxine Sodium,Tablet,50mcg,AbbVie
369,16295-874-69,Atorvastatin Plus,Atorvastatin Calcium,Tablet,20mg,Pfizer
370,51590-678-70,Sertraline Plus,Sertraline HCl,Tablet,50mg,Pfizer
371,36392-214-71,Omeprazole Plus,Omeprazole,Capsule,20mg,AstraZeneca
372,16883-662-72,Sertraline Plus,Sertraline HCl,Tablet,50mg,Pfizer
373,69602-831-73,Ibuprofen Plus,Ibuprofen,Tablet,800mg,McNeil
374,32632-302-74,Azithromycin Plus,Azithromycin,Tablet,250mg,Pfizer
375,61352-196-75,Atorvastatin Plus,Atorvastatin Calcium,Tablet,20mg,Pfizer
376,97347-203-76,Levothyroxine Plus,Levothyroxine Sodium,Tablet,50mcg,AbbVie
377,56453-456-77,Amoxicillin Plus,Amoxicillin,Capsule,500mg,Teva
378,37000-225-78,Losartan Plus,Losartan Potassium,Tablet,50mg,Merck
379,64326-866-79,Hydrochlorothiazide Plus,Hydrochlorothiazide,Tablet,25mg,Lupin
380,60457-801-80,Levothyroxine Plus,Levothyroxine Sodium,Tablet,50mcg,AbbVie
381,65861-396-81,Amlodipine Plus,Amlodipine Besylate,Tablet,5mg,Novartis
382,14016-114-82,Lysinopril Plus,Lisinopril,Tablet,10mg,Sandoz
383,11636-841-83,Atorvastatin Plus,Atorvastatin Calcium,Tablet,20mg,Pfizer
384,55428-130-84,Amlodipine Plus,Amlodipine Besylate,Tablet,5mg,Novartis
385,61011-767-85,Losartan Plus,Losartan Potassium,Tablet,50mg,Merck
386,62956-115-86,Azithromycin Plus,Azithromycin,Tablet,250mg,Pfizer
387,68402-518-87,Amoxicillin Plus,Amoxicillin,Capsule,500mg,Teva
388,88260-119-88,Levothyroxine Plus,Levothyroxine Sodium,Tablet,50mcg,AbbVie
389,45438-705-89,Amoxicillin Plus,Amoxicillin,Capsule,500mg,Teva
390,58497-611-90,Gabapentin Plus,Gabapentin,Capsule,300mg,Sun Pharma
391,63355-650-91,Metoprolol Plus,Metoprolol Succinate,Tablet,50mg,AstraZeneca
392,66412-753-92,Metoprolol Plus,Metoprolol Succinate,Tablet,50mg,AstraZeneca
393,23354-249-93,Sertraline Plus,Sertraline HCl,Tablet,50mg,Pfizer
394,94966-267-94,Sertraline Plus,Sertraline HCl,Tablet,50mg,Pfizer
395,10698-375-95,Amoxicillin Plus,Amoxicillin,Capsule,500mg,Teva
396,26731-374-96,Amlodipine Plus,Amlodipine Besylate,Tablet,5mg,Novartis
397,40655-137-97,Hydrochlorothiazide Plus,Hydrochlorothiazide,Tablet,25mg,Lupin
398,31199-568-98,Metoprolol Plus,Metoprolol Succinate,Tablet,50mg,AstraZeneca
399,98767-744-99,Omeprazole Plus,Omeprazole,Capsule,20mg,AstraZeneca
400,51807-952-00,Azithromycin Plus,Azithromycin,Tablet,250mg,Pfizer
401,85881-138-01,Amlodipine Plus,Amlodipine Besylate,Tablet,5mg,Novartis
402,86951-118-02,Atorvastatin Plus,Atorvastatin Calcium,Tablet,20mg,Pfizer
403,74792-789-03,Amoxicillin Plus,Amoxicillin,Capsule,500mg,Teva
404,17263-447-04,Metoprolol Plus,Metoprolol Succinate,Tablet,50mg,AstraZeneca
405,81464-507-05,Metoprolol Plus,Metoprolol Succinate,Tablet,50mg,AstraZeneca
406,88046-563-06,Hydrochlorothiazide Plus,Hydrochlorothiazide,Tablet,25mg,Lupin
407,36231-394-07,Lysinopril Plus,Lisinopril,Tablet,10mg,Sandoz
408,76157-774-08,Albuterol Plus,Albuterol Sulfate,Inhaler,90mcg,GSK
409,40554-414-09,Hydrochlorothiazide Plus,Hydrochlorothiazide,Tablet,25mg,Lupin
410,60186-474-10,Lysinopril Plus,Lisinopril,Tablet,10mg,Sandoz
411,66384-707-11,Amoxicillin Plus,Amoxicillin,Capsule,500mg,Teva
412,92161-502-12,Ibuprofen Plus,Ibuprofen,Tablet,800mg,McNeil
413,92523-521-13,Azithromycin Plus,Azithromycin,Tablet,250mg,Pfizer
414,71493-183-14,Metoprolol Plus,Metoprolol Succinate,Tablet,50mg,AstraZeneca
415,62984-255-15,Omeprazole Plus,Omeprazole,Capsule,20mg,AstraZeneca
416,48730-804-16,Albuterol Plus,Albuterol Sulfate,Inhaler,90mcg,GSK
417,83757-135-17,Amoxicillin Plus,Amoxicillin,Capsule,500mg,Teva
418,37548-397-18,Lysinopril Plus,Lisinopril,Tablet,10mg,Sandoz
419,74940-616-19,Sertraline Plus,Sertraline HCl,Tablet,50mg,Pfizer
420,60134-944-20,Metoprolol Plus,Metoprolol Succinate,Tablet,50mg,AstraZeneca
421,42500-510-21,Sertraline Plus,Sertraline HCl,Tablet,50mg,Pfizer
422,45015-636-22,Losartan Plus,Losartan Potassium,Tablet,50mg,Merck
423,31079-874-23,Albuterol Plus,Albuterol Sulfate,Inhaler,90mcg,GSK
424,53517-925-24,Losartan Plus,Losartan Potassium,Tablet,50mg,Merck
425,39121-831-25,Amlodipine Plus,Amlodipine Besylate,Tablet,5mg,Novartis
426,14020-348-26,Ibuprofen Plus,Ibuprofen,Tablet,800mg,McNeil
427,42089-717-27,Atorvastatin Plus,Atorvastatin Calcium,Tablet,20mg,Pfizer
428,68780-672-28,Azithromycin Plus,Azithromycin,Tablet,250mg,Pfizer
429,27624-854-29,Lysinopril Plus,Lisinopril,Tablet,10mg,Sandoz
430,87442-688-30,Amlodipine Plus,Amlodipine Besylate,Tablet,5mg,Novartis
431,51421-126-31,Metformin Plus,Metformin HCl,Tablet,850mg,Mylan
432,74008-966-32,Metformin Plus,Metformin HCl,Tablet,850mg,Mylan
433,11380-140-33,Gabapentin Plus,Gabapentin,Capsule,300mg,Sun Pharma
434,68712-290-34,Amoxicillin Plus,Amoxicillin,Capsule,500mg,Teva
435,88997-590-35,Sertraline Plus,Sertraline HCl,Tablet,50mg,Pfizer
436,80105-291-36,Lysinopril Plus,Lisinopril,Tablet,10mg,Sandoz
437,27259-406-37,Metoprolol Plus,Metoprolol Succinate,Tablet,50mg,AstraZeneca
438,26236-340-38,Azithromycin Plus,Azithromycin,Tablet,250mg,Pfizer
439,72406-450-39,Levothyroxine Plus,Levothyroxine Sodium,Tablet,50mcg,AbbVie
440,78878-801-40,Sertraline Plus,Sertraline HCl,Tablet,50mg,Pfizer
441,85711-279-41,Sertraline Plus,Sertraline HCl,Tablet,50mg,Pfizer
442,96364-847-42,Amlodipine Plus,Amlodipine Besylate,Tablet,5mg,Novartis
443,12706-578-43,Sertraline Plus,Sertraline HCl,Tablet,50mg,Pfizer
444,58709-835-44,Azithromycin Plus,Azithromycin,Tablet,250mg,Pfizer
445,11470-355-45,Levothyroxine Plus,Levothyroxine Sodium,Tablet,50mcg,AbbVie
446,51878-760-46,Metoprolol Plus,Metoprolol Succinate,Tablet,50mg,AstraZeneca
447,13800-905-47,Metoprolol Plus,Metoprolol Succinate,Tablet,50mg,AstraZeneca
448,12108-883-48,Hydrochlorothiazide Plus,Hydrochlorothiazide,Tablet,25mg,Lupin
449,33904-509-49,Amoxicillin Plus,Amoxicillin,Capsule,500mg,Teva
450,44394-524-50,Amlodipine Plus,Amlodipine Besylate,Tablet,5mg,Novartis
451,73204-192-51,Metformin Plus,Metformin HCl,Tablet,850mg,Mylan
452,96551-914-52,Metoprolol Plus,Metoprolol Succinate,Tablet,50mg,AstraZeneca
453,62907-213-53,Sertraline Plus,Sertraline HCl,Tablet,50mg,Pfizer
454,50952-540-54,Sertraline Plus,Sertraline HCl,Tablet,50mg,Pfizer
455,18563-705-55,Ibuprofen Plus,Ibuprofen,Tablet,800mg,McNeil
456,89629-233-56,Omeprazole Plus,Omeprazole,Capsule,20mg,AstraZeneca
457,45948-442-57,Losartan Plus,Losartan Potassium,Tablet,50mg,Merck
458,29812-563-58,Albuterol Plus,Albuterol Sulfate,Inhaler,90mcg,GSK
459,48091-839-59,Albuterol Plus,Albuterol Sulfate,Inhaler,90mcg,GSK
460,46095-214-60,Atorvastatin Plus,Atorvastatin Calcium,Tablet,20mg,Pfizer
461,24041-318-61,Azithromycin Plus,Azithromycin,Tablet,250mg,Pfizer
462,68067-303-62,Gabapentin Plus,Gabapentin,Capsule,300mg,Sun Pharma
463,55966-130-63,Albuterol Plus,Albuterol Sulfate,Inhaler,90mcg,GSK
464,80245-870-64,Omeprazole Plus,Omeprazole,Capsule,20mg,AstraZeneca
465,65169-627-65,Gabapentin Plus,Gabapentin,Capsule,300mg,Sun Pharma
466,22114-939-66,Levothyroxine Plus,Levothyroxine Sodium,Tablet,50mcg,AbbVie
467,99193-985-67,Amlodipine Plus,Amlodipine Besylate,Tablet,5mg,Novartis
468,28211-908-68,Amlodipine Plus,Amlodipine Besylate,Tablet,5mg,Novartis
469,50175-529-69,Albuterol Plus,Albuterol Sulfate,Inhaler,90mcg,GSK
470,94148-939-70,Sertraline Plus,Sertraline HCl,Tablet,50mg,Pfizer
471,84949-403-71,Sertraline Plus,Sertraline HCl,Tablet,50mg,Pfizer
472,57141-193-72,Losartan Plus,Losartan Potassium,Tablet,50mg,Merck
473,46428-950-73,Losartan Plus,Losartan Potassium,Tablet,50mg,Merck
474,73572-709-74,Azithromycin Plus,Azithromycin,Tablet,250mg,Pfizer
475,43486-477-75,Lysinopril Plus,Lisinopril,Tablet,10mg,Sandoz
476,71503-287-76,Losartan Plus,Losartan Potassium,Tablet,50mg,Merck
477,17228-127-77,Amoxicillin Plus,Amoxicillin,Capsule,500mg,Teva
478,43795-948-78,Gabapentin Plus,Gabapentin,Capsule,300mg,Sun Pharma
479,91593-941-79,Lysinopril Plus,Lisinopril,Tablet,10mg,Sandoz
480,42137-884-80,Azithromycin Plus,Azithromycin,Tablet,250mg,Pfizer
481,22629-437-81,Levothyroxine Plus,Levothyroxine Sodium,Tablet,50mcg,AbbVie
482,15502-894-82,Gabapentin Plus,Gabapentin,Capsule,300mg,Sun Pharma
483,89204-658-83,Metoprolol Plus,Metoprolol Succinate,Tablet,50mg,AstraZeneca
484,51397-869-84,Lysinopril Plus,Lisinopril,Tablet,10mg,Sandoz
485,62965-488-85,Ibuprofen Plus,Ibuprofen,Tablet,800mg,McNeil
486,91352-636-86,Gabapentin Plus,Gabapentin,Capsule,300mg,Sun Pharma
487,71707-889-87,Losartan Plus,Losartan Potassium,Tablet,50mg,Merck
488,14133-594-88,Sertraline Plus,Sertraline HCl,Tablet,50mg,Pfizer
489,31464-452-89,Azithromycin Plus,Azithromycin,Tablet,250mg,Pfizer
490,45033-899-90,Gabapentin Plus,Gabapentin,Capsule,300mg,Sun Pharma
491,61336-785-91,Amoxicillin Plus,Amoxicillin,Capsule,500mg,Teva
492,49810-191-92,Omeprazole Plus,Omeprazole,Capsule,20mg,AstraZeneca
493,32536-633-93,Azithromycin Plus,Azithromycin,Tablet,250mg,Pfizer
494,10841-123-94,Omeprazole Plus,Omeprazole,Capsule,20mg,AstraZeneca
495,18481-255-95,Albuterol Plus,Albuterol Sulfate,Inhaler,90mcg,GSK
496,45909-611-96,Sertraline Plus,Sertraline HCl,Tablet,50mg,Pfizer
497,83520-520-97,Amlodipine Plus,Amlodipine Besylate,Tablet,5mg,Novartis
498,13154-848-98,Losartan Plus,Losartan Potassium,Tablet,50mg,Merck
499,10195-383-99,Gabapentin Plus,Gabapentin,Capsule,300mg,Sun Pharma
500,78528-546-00,Gabapentin Plus,Gabapentin,Capsule,300mg,Sun Pharma
501,70070-822-01,Amlodipine Plus,Amlodipine Besylate,Tablet,5mg,Novartis
502,31557-123-02,Azithromycin Plus,Azithromycin,Tablet,250mg,Pfizer
503,30226-451-03,Losartan Plus,Losartan Potassium,Tablet,50mg,Merck
504,64347-181-04,Levothyroxine Plus,Levothyroxine Sodium,Tablet,50mcg,AbbVie
505,44433-170-05,Levothyroxine Plus,Levothyroxine Sodium,Tablet,50mcg,AbbVie
506,74600-329-06,Atorvastatin Plus,Atorvastatin Calcium,Tablet,20mg,Pfizer
507,24213-307-07,Sertraline Plus,Sertraline HCl,Tablet,50mg,Pfizer
508,25886-953-08,Levothyroxine Plus,Levothyroxine Sodium,Tablet,50mcg,AbbVie
509,98566-969-09,Albuterol Plus,Albuterol Sulfate,Inhaler,90mcg,GSK
510,10692-229-10,Azithromycin Plus,Azithromycin,Tablet,250mg,Pfizer
511,40602-917-11,Metoprolol Plus,Metoprolol Succinate,Tablet,50mg,AstraZeneca
512,51602-280-12,Albuterol Plus,Albuterol Sulfate,Inhaler,90mcg,GSK
513,24079-787-13,Metformin Plus,Metformin HCl,Tablet,850mg,Mylan
514,31288-843-14,Sertraline Plus,Sertraline HCl,Tablet,50mg,Pfizer
515,78255-409-15,Sertraline Plus,Sertraline HCl,Tablet,50mg,Pfizer
516,18975-350-16,Levothyroxine Plus,Levothyroxine Sodium,Tablet,50mcg,AbbVie
517,30396-133-17,Sertraline Plus,Sertraline HCl,Tablet,50mg,Pfizer
518,30185-939-18,Amlodipine Plus,Amlodipine Besylate,Tablet,5mg,Novartis
519,90170-397-19,Losartan Plus,Losartan Potassium,Tablet,50mg,Merck
520,68075-651-20,Levothyroxine Plus,Levothyroxine Sodium,Tablet,50mcg,AbbVie
521,17619-408-21,Ibuprofen Plus,Ibuprofen,Tablet,800mg,McNeil
522,77329-699-22,Losartan Plus,Losartan Potassium,Tablet,50mg,Merck
523,32700-673-23,Metoprolol Plus,Metoprolol Succinate,Tablet,50mg,AstraZeneca
524,68714-903-24,Levothyroxine Plus,Levothyroxine Sodium,Tablet,50mcg,AbbVie
525,57406-621-25,Hydrochlorothiazide Plus,Hydrochlorothiazide,Tablet,25mg,Lupin
526,15397-525-26,Lysinopril Plus,Lisinopril,Tablet,10mg,Sandoz
527,74156-781-27,Ibuprofen Plus,Ibuprofen,Tablet,800mg,McNeil
528,66631-428-28,Sertraline Plus,Sertraline HCl,Tablet,50mg,Pfizer
529,58812-743-29,Lysinopril Plus,Lisinopril,Tablet,10mg,Sandoz
530,29281-224-30,Amlodipine Plus,Amlodipine Besylate,Tablet,5mg,Novartis
531,56767-808-31,Hydrochlorothiazide Plus,Hydrochlorothiazide,Tablet,25mg,Lupin
532,68932-399-32,Losartan Plus,Losartan Potassium,Tablet,50mg,Merck
533,58577-861-33,Azithromycin Plus,Azithromycin,Tablet,250mg,Pfizer
534,65515-554-34,Gabapentin Plus,Gabapentin,Capsule,300mg,Sun Pharma
535,24307-591-35,Ibuprofen Plus,Ibuprofen,Tablet,800mg,McNeil
536,36187-717-36,Omeprazole Plus,Omeprazole,Capsule,20mg,AstraZeneca
537,21007-971-37,Albuterol Plus,Albuterol Sulfate,Inhaler,90mcg,GSK
538,96153-887-38,Metoprolol Plus,Metoprolol Succinate,Tablet,50mg,AstraZeneca
539,35915-751-39,Atorvastatin Plus,Atorvastatin Calcium,Tablet,20mg,Pfizer
540,88006-355-40,Atorvastatin Plus,Atorvastatin Calcium,Tablet,20mg,Pfizer
541,40131-340-41,Atorvastatin Plus,Atorvastatin Calcium,Tablet,20mg,Pfizer
542,74271-795-42,Albuterol Plus,Albuterol Sulfate,Inhaler,90mcg,GSK
543,70112-946-43,Gabapentin Plus,Gabapentin,Capsule,300mg,Sun Pharma
544,84824-988-44,Amoxicillin Plus,Amoxicillin,Capsule,500mg,Teva
545,18985-125-45,Metformin Plus,Metformin HCl,Tablet,850mg,Mylan
546,25534-924-46,Amoxicillin Plus,Amoxicillin,Capsule,500mg,Teva
547,35910-930-47,Sertraline Plus,Sertraline HCl,Tablet,50mg,Pfizer
548,36734-936-48,Levothyroxine Plus,Levothyroxine Sodium,Tablet,50mcg,AbbVie
549,63366-927-49,Metformin Plus,Metformin HCl,Tablet,850mg,Mylan
550,54116-295-50,Amoxicillin Plus,Amoxicillin,Capsule,500mg,Teva
551,26854-819-51,Metformin Plus,Metformin HCl,Tablet,850mg,Mylan
552,44508-292-52,Amlodipine Plus,Amlodipine Besylate,Tablet,5mg,Novartis
553,95038-781-53,Lysinopril Plus,Lisinopril,Tablet,10mg,Sandoz
554,87534-375-54,Omeprazole Plus,Omeprazole,Capsule,20mg,AstraZeneca
555,41741-861-55,Albuterol Plus,Albuterol Sulfate,Inhaler,90mcg,GSK
556,87972-681-56,Levothyroxine Plus,Levothyroxine Sodium,Tablet,50mcg,AbbVie
557,11513-456-57,Ibuprofen Plus,Ibuprofen,Tablet,800mg,McNeil
558,16403-967-58,Atorvastatin Plus,Atorvastatin Calcium,Tablet,20mg,Pfizer
559,35441-349-59,Gabapentin Plus,Gabapentin,Capsule,300mg,Sun Pharma
560,34647-949-60,Atorvastatin Plus,Atorvastatin Calcium,Tablet,20mg,Pfizer
561,90720-986-61,Metoprolol Plus,Metoprolol Succinate,Tablet,50mg,AstraZeneca
562,38649-890-62,Metformin Plus,Metformin HCl,Tablet,850mg,Mylan
563,19946-796-63,Hydrochlorothiazide Plus,Hydrochlorothiazide,Tablet,25mg,Lupin
564,16621-241-64,Metformin Plus,Metformin HCl,Tablet,850mg,Mylan
565,32253-732-65,Sertraline Plus,Sertraline HCl,Tablet,50mg,Pfizer
566,63994-654-66,Metoprolol Plus,Metoprolol Succinate,Tablet,50mg,AstraZeneca
567,81553-857-67,Ibuprofen Plus,Ibuprofen,Tablet,800mg,McNeil
568,54629-747-68,Omeprazole Plus,Omeprazole,Capsule,20mg,AstraZeneca
569,64364-654-69,Albuterol Plus,Albuterol Sulfate,Inhaler,90mcg,GSK
570,50290-542-70,Ibuprofen Plus,Ibuprofen,Tablet,800mg,McNeil
571,38197-454-71,Metoprolol Plus,Metoprolol Succinate,Tablet,50mg,AstraZeneca
572,56927-626-72,Albuterol Plus,Albuterol Sulfate,Inhaler,90mcg,GSK
573,97293-831-73,Azithromycin Plus,Azithromycin,Tablet,250mg,Pfizer
574,97333-847-74,Omeprazole Plus,Omeprazole,Capsule,20mg,AstraZeneca
575,24629-348-75,Ibuprofen Plus,Ibuprofen,Tablet,800mg,McNeil
576,34216-836-76,Azithromycin Plus,Azithromycin,Tablet,250mg,Pfizer
577,35757-861-77,Amlodipine Plus,Amlodipine Besylate,Tablet,5mg,Novartis
578,54521-120-78,Azithromycin Plus,Azithromycin,Tablet,250mg,Pfizer
579,78754-281-79,Hydrochlorothiazide Plus,Hydrochlorothiazide,Tablet,25mg,Lupin
580,25798-745-80,Amlodipine Plus,Amlodipine Besylate,Tablet,5mg,Novartis
581,59898-177-81,Losartan Plus,Losartan Potassium,Tablet,50mg,Merck
582,84200-884-82,Atorvastatin Plus,Atorvastatin Calcium,Tablet,20mg,Pfizer
583,39519-899-83,Sertraline Plus,Sertraline HCl,Tablet,50mg,Pfizer
584,94454-937-84,Losartan Plus,Losartan Potassium,Tablet,50mg,Merck
585,52926-382-85,Albuterol Plus,Albuterol Sulfate,Inhaler,90mcg,GSK
586,10438-738-86,Omeprazole Plus,Omeprazole,Capsule,20mg,AstraZeneca
587,89582-297-87,Atorvastatin Plus,Atorvastatin Calcium,Tablet,20mg,Pfizer
588,97441-256-88,Gabapentin Plus,Gabapentin,Capsule,300mg,Sun Pharma
589,48893-384-89,Albuterol Plus,Albuterol Sulfate,Inhaler,90mcg,GSK
590,87843-378-90,Atorvastatin Plus,Atorvastatin Calcium,Tablet,20mg,Pfizer
591,28337-886-91,Lysinopril Plus,Lisinopril,Tablet,10mg,Sandoz
592,20137-392-92,Atorvastatin Plus,Atorvastatin Calcium,Tablet,20mg,Pfizer
593,54409-986-93,Hydrochlorothiazide Plus,Hydrochlorothiazide,Tablet,25mg,Lupin
594,38331-286-94,Lysinopril Plus,Lisinopril,Tablet,10mg,Sandoz
595,70108-578-95,Gabapentin Plus,Gabapentin,Capsule,300mg,Sun Pharma
596,67398-965-96,Metoprolol Plus,Metoprolol Succinate,Tablet,50mg,AstraZeneca
597,34529-327-97,Albuterol Plus,Albuterol Sulfate,Inhaler,90mcg,GSK
598,87594-968-98,Metoprolol Plus,Metoprolol Succinate,Tablet,50mg,AstraZeneca
599,15624-435-99,Metformin Plus,Metformin HCl,Tablet,850mg,Mylan
600,55891-406-00,Gabapentin Plus,Gabapentin,Capsule,300mg,Sun Pharma
601,50404-287-01,Sertraline Plus,Sertraline HCl,Tablet,50mg,Pfizer
602,36723-812-02,Hydrochlorothiazide Plus,Hydrochlorothiazide,Tablet,25mg,Lupin
603,48046-664-03,Sertraline Plus,Sertraline HCl,Tablet,50mg,Pfizer
604,37916-630-04,Amoxicillin Plus,Amoxicillin,Capsule,500mg,Teva
605,75476-151-05,Levothyroxine Plus,Levothyroxine Sodium,Tablet,50mcg,AbbVie
606,28003-768-06,Levothyroxine Plus,Levothyroxine Sodium,Tablet,50mcg,AbbVie
607,14574-746-07,Amlodipine Plus,Amlodipine Besylate,Tablet,5mg,Novartis
608,89083-307-08,Metformin Plus,Metformin HCl,Tablet,850mg,Mylan
609,76182-263-09,Omeprazole Plus,Omeprazole,Capsule,20mg,AstraZeneca
610,45894-193-10,Amlodipine Plus,Amlodipine Besylate,Tablet,5mg,Novartis
611,59063-574-11,Atorvastatin Plus,Atorvastatin Calcium,Tablet,20mg,Pfizer
612,11073-760-12,Losartan Plus,Losartan Potassium,Tablet,50mg,Merck
613,16858-943-13,Metoprolol Plus,Metoprolol Succinate,Tablet,50mg,AstraZeneca
614,63454-374-14,Amoxicillin Plus,Amoxicillin,Capsule,500mg,Teva
615,63159-674-15,Sertraline Plus,Sertraline HCl,Tablet,50mg,Pfizer
616,12153-715-16,Lysinopril Plus,Lisinopril,Tablet,10mg,Sandoz
617,48497-781-17,Hydrochlorothiazide Plus,Hydrochlorothiazide,Tablet,25mg,Lupin
618,16869-245-18,Sertraline Plus,Sertraline HCl,Tablet,50mg,Pfizer
619,89847-599-19,Albuterol Plus,Albuterol Sulfate,Inhaler,90mcg,GSK
620,44320-897-20,Metoprolol Plus,Metoprolol Succinate,Tablet,50mg,AstraZeneca
621,56675-367-21,Omeprazole Plus,Omeprazole,Capsule,20mg,AstraZeneca
622,55348-898-22,Sertraline Plus,Sertraline HCl,Tablet,50mg,Pfizer
623,22916-562-23,Hydrochlorothiazide Plus,Hydrochlorothiazide,Tablet,25mg,Lupin
624,30635-547-24,Lysinopril Plus,Lisinopril,Tablet,10mg,Sandoz
625,52236-916-25,Azithromycin Plus,Azithromycin,Tablet,250mg,Pfizer
626,37867-505-26,Omeprazole Plus,Omeprazole,Capsule,20mg,AstraZeneca
627,16220-325-27,Atorvastatin Plus,Atorvastatin Calcium,Tablet,20mg,Pfizer
628,94146-309-28,Gabapentin Plus,Gabapentin,Capsule,300mg,Sun Pharma
629,46683-487-29,Sertraline Plus,Sertraline HCl,Tablet,50mg,Pfizer
630,25989-925-30,Amlodipine Plus,Amlodipine Besylate,Tablet,5mg,Novartis
631,82249-479-31,Atorvastatin Plus,Atorvastatin Calcium,Tablet,20mg,Pfizer
632,58577-575-32,Amlodipine Plus,Amlodipine Besylate,Tablet,5mg,Novartis
633,17163-126-33,Sertraline Plus,Sertraline HCl,Tablet,50mg,Pfizer
634,28186-715-34,Amlodipine Plus,Amlodipine Besylate,Tablet,5mg,Novartis
635,61472-187-35,Hydrochlorothiazide Plus,Hydrochlorothiazide,Tablet,25mg,Lupin
636,84465-744-36,Metoprolol Plus,Metoprolol Succinate,Tablet,50mg,AstraZeneca
637,41498-809-37,Albuterol Plus,Albuterol Sulfate,Inhaler,90mcg,GSK
638,76532-650-38,Levothyroxine Plus,Levothyroxine Sodium,Tablet,50mcg,AbbVie
639,17016-128-39,Hydrochlorothiazide Plus,Hydrochlorothiazide,Tablet,25mg,Lupin
640,44373-679-40,Metformin Plus,Metformin HCl,Tablet,850mg,Mylan
641,47103-586-41,Hydrochlorothiazide Plus,Hydrochlorothiazide,Tablet,25mg,Lupin
642,63221-949-42,Atorvastatin Plus,Atorvastatin Calcium,Tablet,20mg,Pfizer
643,26361-168-43,Metoprolol Plus,Metoprolol Succinate,Tablet,50mg,AstraZeneca
644,62454-580-44,Gabapentin Plus,Gabapentin,Capsule,300mg,Sun Pharma
645,64653-698-45,Atorvastatin Plus,Atorvastatin Calcium,Tablet,20mg,Pfizer
646,55779-759-46,Gabapentin Plus,Gabapentin,Capsule,300mg,Sun Pharma
647,56862-225-47,Albuterol Plus,Albuterol Sulfate,Inhaler,90mcg,GSK
648,62936-108-48,Hydrochlorothiazide Plus,Hydrochlorothiazide,Tablet,25mg,Lupin
649,10133-884-49,Metformin Plus,Metformin HCl,Tablet,850mg,Mylan
650,14756-878-50,Ibuprofen Plus,Ibuprofen,Tablet,800mg,McNeil
651,52382-215-51,Hydrochlorothiazide Plus,Hydrochlorothiazide,Tablet,25mg,Lupin
652,85531-194-52,Azithromycin Plus,Azithromycin,Tablet,250mg,Pfizer
653,84950-950-53,Lysinopril Plus,Lisinopril,Tablet,10mg,Sandoz
654,20094-178-54,Losartan Plus,Losartan Potassium,Tablet,50mg,Merck
655,62236-168-55,Hydrochlorothiazide Plus,Hydrochlorothiazide,Tablet,25mg,Lupin
656,89930-473-56,Albuterol Plus,Albuterol Sulfate,Inhaler,90mcg,GSK
657,10504-644-57,Atorvastatin Plus,Atorvastatin Calcium,Tablet,20mg,Pfizer
658,38156-769-58,Sertraline Plus,Sertraline HCl,Tablet,50mg,Pfizer
659,83580-136-59,Omeprazole Plus,Omeprazole,Capsule,20mg,AstraZeneca
660,39017-584-60,Sertraline Plus,Sertraline HCl,Tablet,50mg,Pfizer
661,49305-789-61,Metoprolol Plus,Metoprolol Succinate,Tablet,50mg,AstraZeneca
662,50971-134-62,Omeprazole Plus,Omeprazole,Capsule,20mg,AstraZeneca
663,34061-548-63,Levothyroxine Plus,Levothyroxine Sodium,Tablet,50mcg,AbbVie
664,66933-886-64,Lysinopril Plus,Lisinopril,Tablet,10mg,Sandoz
665,16604-219-65,Gabapentin Plus,Gabapentin,Capsule,300mg,Sun Pharma
666,39806-617-66,Sertraline Plus,Sertraline HCl,Tablet,50mg,Pfizer
667,19792-940-67,Metoprolol Plus,Metoprolol Succinate,Tablet,50mg,AstraZeneca
668,64225-653-68,Sertraline Plus,Sertraline HCl,Tablet,50mg,Pfizer
669,88434-408-69,Metformin Plus,Metformin HCl,Tablet,850mg,Mylan
670,50379-777-70,Amoxicillin Plus,Amoxicillin,Capsule,500mg,Teva
671,87784-985-71,Amoxicillin Plus,Amoxicillin,Capsule,500mg,Teva
672,90134-250-72,Hydrochlorothiazide Plus,Hydrochlorothiazide,Tablet,25mg,Lupin
673,34679-779-73,Omeprazole Plus,Omeprazole,Capsule,20mg,AstraZeneca
674,57319-819-74,Hydrochlorothiazide Plus,Hydrochlorothiazide,Tablet,25mg,Lupin
675,43393-530-75,Atorvastatin Plus,Atorvastatin Calcium,Tablet,20mg,Pfizer
676,49023-323-76,Sertraline Plus,Sertraline HCl,Tablet,50mg,Pfizer
677,75131-714-77,Lysinopril Plus,Lisinopril,Tablet,10mg,Sandoz
678,59200-719-78,Ibuprofen Plus,Ibuprofen,Tablet,800mg,McNeil
679,65988-426-79,Losartan Plus,Losartan Potassium,Tablet,50mg,Merck
680,60844-834-80,Atorvastatin Plus,Atorvastatin Calcium,Tablet,20mg,Pfizer
681,64791-643-81,Sertraline Plus,Sertraline HCl,Tablet,50mg,Pfizer
682,13183-507-82,Amoxicillin Plus,Amoxicillin,Capsule,500mg,Teva
683,75491-457-83,Losartan Plus,Losartan Potassium,Tablet,50mg,Merck
684,28194-445-84,Lysinopril Plus,Lisinopril,Tablet,10mg,Sandoz
685,15792-199-85,Losartan Plus,Losartan Potassium,Tablet,50mg,Merck
686,30902-990-86,Albuterol Plus,Albuterol Sulfate,Inhaler,90mcg,GSK
687,47905-619-87,Sertraline Plus,Sertraline HCl,Tablet,50mg,Pfizer
688,12081-948-88,Ibuprofen Plus,Ibuprofen,Tablet,800mg,McNeil
689,90814-247-89,Metformin Plus,Metformin HCl,Tablet,850mg,Mylan
690,40920-146-90,Azithromycin Plus,Azithromycin,Tablet,250mg,Pfizer
691,88041-424-91,Amlodipine Plus,Amlodipine Besylate,Tablet,5mg,Novartis
692,67529-270-92,Metoprolol Plus,Metoprolol Succinate,Tablet,50mg,AstraZeneca
693,96346-607-93,Metoprolol Plus,Metoprolol Succinate,Tablet,50mg,AstraZeneca
694,54072-556-94,Metoprolol Plus,Metoprolol Succinate,Tablet,50mg,AstraZeneca
695,10291-637-95,Gabapentin Plus,Gabapentin,Capsule,300mg,Sun Pharma
696,48640-548-96,Omeprazole Plus,Omeprazole,Capsule,20mg,AstraZeneca
697,67648-146-97,Metformin Plus,Metformin HCl,Tablet,850mg,Mylan
698,89040-406-98,Albuterol Plus,Albuterol Sulfate,Inhaler,90mcg,GSK
699,65229-629-99,Losartan Plus,Losartan Potassium,Tablet,50mg,Merck
700,87761-504-00,Gabapentin Plus,Gabapentin,Capsule,300mg,Sun Pharma
701,76224-904-01,Metformin Plus,Metformin HCl,Tablet,850mg,Mylan
702,45756-221-02,Gabapentin Plus,Gabapentin,Capsule,300mg,Sun Pharma
703,18745-387-03,Hydrochlorothiazide Plus,Hydrochlorothiazide,Tablet,25mg,Lupin
704,14488-364-04,Amoxicillin Plus,Amoxicillin,Capsule,500mg,Teva
705,47816-961-05,Amlodipine Plus,Amlodipine Besylate,Tablet,5mg,Novartis
706,48674-832-06,Levothyroxine Plus,Levothyroxine Sodium,Tablet,50mcg,AbbVie
707,77046-677-07,Levothyroxine Plus,Levothyroxine Sodium,Tablet,50mcg,AbbVie
708,72376-653-08,Ibuprofen Plus,Ibuprofen,Tablet,800mg,McNeil
709,53558-103-09,Amlodipine Plus,Amlodipine Besylate,Tablet,5mg,Novartis
710,23083-718-10,Sertraline Plus,Sertraline HCl,Tablet,50mg,Pfizer
711,17754-504-11,Hydrochlorothiazide Plus,Hydrochlorothiazide,Tablet,25mg,Lupin
712,71365-476-12,Hydrochlorothiazide Plus,Hydrochlorothiazide,Tablet,25mg,Lupin
713,46946-427-13,Losartan Plus,Losartan Potassium,Tablet,50mg,Merck
714,20994-788-14,Azithromycin Plus,Azithromycin,Tablet,250mg,Pfizer
715,46712-989-15,Levothyroxine Plus,Levothyroxine Sodium,Tablet,50mcg,AbbVie
716,52902-444-16,Losartan Plus,Losartan Potassium,Tablet,50mg,Merck
717,27343-794-17,Sertraline Plus,Sertraline HCl,Tablet,50mg,Pfizer
718,85069-281-18,Omeprazole Plus,Omeprazole,Capsule,20mg,AstraZeneca
719,44916-320-19,Metoprolol Plus,Metoprolol Succinate,Tablet,50mg,AstraZeneca
720,81833-437-20,Atorvastatin Plus,Atorvastatin Calcium,Tablet,20mg,Pfizer
721,11396-491-21,Metoprolol Plus,Metoprolol Succinate,Tablet,50mg,AstraZeneca
722,71381-522-22,Hydrochlorothiazide Plus,Hydrochlorothiazide,Tablet,25mg,Lupin
723,29164-120-23,Losartan Plus,Losartan Potassium,Tablet,50mg,Merck
724,14554-819-24,Ibuprofen Plus,Ibuprofen,Tablet,800mg,McNeil
725,37674-151-25,Levothyroxine Plus,Levothyroxine Sodium,Tablet,50mcg,AbbVie
726,39196-428-26,Gabapentin Plus,Gabapentin,Capsule,300mg,Sun Pharma
727,12591-341-27,Amoxicillin Plus,Amoxicillin,Capsule,500mg,Teva
728,51896-239-28,Gabapentin Plus,Gabapentin,Capsule,300mg,Sun Pharma
729,76935-738-29,Metformin Plus,Metformin HCl,Tablet,850mg,Mylan
730,45568-834-30,Atorvastatin Plus,Atorvastatin Calcium,Tablet,20mg,Pfizer
731,77036-646-31,Levothyroxine Plus,Levothyroxine Sodium,Tablet,50mcg,AbbVie
732,79872-882-32,Omeprazole Plus,Omeprazole,Capsule,20mg,AstraZeneca
733,41430-630-33,Omeprazole Plus,Omeprazole,Capsule,20mg,AstraZeneca
734,55636-738-34,Amoxicillin Plus,Amoxicillin,Capsule,500mg,Teva
735,72210-492-35,Ibuprofen Plus,Ibuprofen,Tablet,800mg,McNeil
736,35772-676-36,Albuterol Plus,Albuterol Sulfate,Inhaler,90mcg,GSK
737,92491-817-37,Omeprazole Plus,Omeprazole,Capsule,20mg,AstraZeneca
738,28954-909-38,Amoxicillin Plus,Amoxicillin,Capsule,500mg,Teva
739,92352-770-39,Ibuprofen Plus,Ibuprofen,Tablet,800mg,McNeil
740,14430-761-40,Lysinopril Plus,Lisinopril,Tablet,10mg,Sandoz
741,33929-558-41,Amlodipine Plus,Amlodipine Besylate,Tablet,5mg,Novartis
742,90207-573-42,Amlodipine Plus,Amlodipine Besylate,Tablet,5mg,Novartis
743,15583-164-43,Lysinopril Plus,Lisinopril,Tablet,10mg,Sandoz
744,87302-324-44,Metformin Plus,Metformin HCl,Tablet,850mg,Mylan
745,96416-474-45,Losartan Plus,Losartan Potassium,Tablet,50mg,Merck
746,89420-797-46,Gabapentin Plus,Gabapentin,Capsule,300mg,Sun Pharma
747,27961-402-47,Albuterol Plus,Albuterol Sulfate,Inhaler,90mcg,GSK
748,88385-744-48,Losartan Plus,Losartan Potassium,Tablet,50mg,Merck
749,75353-325-49,Omeprazole Plus,Omeprazole,Capsule,20mg,AstraZeneca
750,82072-863-50,Gabapentin Plus,Gabapentin,Capsule,300mg,Sun Pharma
751,96220-230-51,Metoprolol Plus,Metoprolol Succinate,Tablet,50mg,AstraZeneca
752,85631-583-52,Hydrochlorothiazide Plus,Hydrochlorothiazide,Tablet,25mg,Lupin
753,35530-183-53,Atorvastatin Plus,Atorvastatin Calcium,Tablet,20mg,Pfizer
754,56982-155-54,Atorvastatin Plus,Atorvastatin Calcium,Tablet,20mg,Pfizer
755,50248-306-55,Losartan Plus,Losartan Potassium,Tablet,50mg,Merck
756,28667-896-56,Levothyroxine Plus,Levothyroxine Sodium,Tablet,50mcg,AbbVie
757,43200-894-57,Hydrochlorothiazide Plus,Hydrochlorothiazide,Tablet,25mg,Lupin
758,37968-467-58,Hydrochlorothiazide Plus,Hydrochlorothiazide,Tablet,25mg,Lupin
759,46072-709-59,Atorvastatin Plus,Atorvastatin Calcium,Tablet,20mg,Pfizer
760,51944-611-60,Sertraline Plus,Sertraline HCl,Tablet,50mg,Pfizer
761,79915-850-61,Losartan Plus,Losartan Potassium,Tablet,50mg,Merck
762,35791-767-62,Omeprazole Plus,Omeprazole,Capsule,20mg,AstraZeneca
763,34966-603-63,Losartan Plus,Losartan Potassium,Tablet,50mg,Merck
764,68898-409-64,Albuterol Plus,Albuterol Sulfate,Inhaler,90mcg,GSK
765,51798-515-65,Albuterol Plus,Albuterol Sulfate,Inhaler,90mcg,GSK
766,56561-603-66,Metoprolol Plus,Metoprolol Succinate,Tablet,50mg,AstraZeneca
767,19852-238-67,Omeprazole Plus,Omeprazole,Capsule,20mg,AstraZeneca
768,25160-951-68,Lysinopril Plus,Lisinopril,Tablet,10mg,Sandoz
769,46094-982-69,Atorvastatin Plus,Atorvastatin Calcium,Tablet,20mg,Pfizer
770,16498-892-70,Gabapentin Plus,Gabapentin,Capsule,300mg,Sun Pharma
771,96361-367-71,Azithromycin Plus,Azithromycin,Tablet,250mg,Pfizer
772,78434-342-72,Amoxicillin Plus,Amoxicillin,Capsule,500mg,Teva
773,14998-770-73,Losartan Plus,Losartan Potassium,Tablet,50mg,Merck
774,96758-749-74,Amlodipine Plus,Amlodipine Besylate,Tablet,5mg,Novartis
775,52250-643-75,Metoprolol Plus,Metoprolol Succinate,Tablet,50mg,AstraZeneca
776,89489-363-76,Amlodipine Plus,Amlodipine Besylate,Tablet,5mg,Novartis
777,91960-371-77,Metformin Plus,Metformin HCl,Tablet,850mg,Mylan
778,14211-442-78,Amlodipine Plus,Amlodipine Besylate,Tablet,5mg,Novartis
779,81640-306-79,Ibuprofen Plus,Ibuprofen,Tablet,800mg,McNeil
780,75436-773-80,Amoxicillin Plus,Amoxicillin,Capsule,500mg,Teva
781,44646-111-81,Metoprolol Plus,Metoprolol Succinate,Tablet,50mg,AstraZeneca
782,89488-764-82,Lysinopril Plus,Lisinopril,Tablet,10mg,Sandoz
783,53491-334-83,Omeprazole Plus,Omeprazole,Capsule,20mg,AstraZeneca
784,69135-404-84,Metoprolol Plus,Metoprolol Succinate,Tablet,50mg,AstraZeneca
785,73633-926-85,Omeprazole Plus,Omeprazole,Capsule,20mg,AstraZeneca
786,80333-110-86,Ibuprofen Plus,Ibuprofen,Tablet,800mg,McNeil
787,78821-132-87,Albuterol Plus,Albuterol Sulfate,Inhaler,90mcg,GSK
788,69887-920-88,Metformin Plus,Metformin HCl,Tablet,850mg,Mylan
789,96709-634-89,Metformin Plus,Metformin HCl,Tablet,850mg,Mylan
790,27650-936-90,Levothyroxine Plus,Levothyroxine Sodium,Tablet,50mcg,AbbVie
791,94861-653-91,Lysinopril Plus,Lisinopril,Tablet,10mg,Sandoz
792,38833-769-92,Omeprazole Plus,Omeprazole,Capsule,20mg,AstraZeneca
793,85774-303-93,Gabapentin Plus,Gabapentin,Capsule,300mg,Sun Pharma
794,21189-705-94,Gabapentin Plus,Gabapentin,Capsule,300mg,Sun Pharma
795,27257-845-95,Amlodipine Plus,Amlodipine Besylate,Tablet,5mg,Novartis
796,57742-119-96,Metoprolol Plus,Metoprolol Succinate,Tablet,50mg,AstraZeneca
797,74357-792-97,Omeprazole Plus,Omeprazole,Capsule,20mg,AstraZeneca
798,85224-409-98,Amlodipine Plus,Amlodipine Besylate,Tablet,5mg,Novartis
799,38047-774-99,Amoxicillin Plus,Amoxicillin,Capsule,500mg,Teva
800,81793-480-00,Atorvastatin Plus,Atorvastatin Calcium,Tablet,20mg,Pfizer
801,63845-875-01,Sertraline Plus,Sertraline HCl,Tablet,50mg,Pfizer
802,20490-268-02,Lysinopril Plus,Lisinopril,Tablet,10mg,Sandoz
803,30466-965-03,Gabapentin Plus,Gabapentin,Capsule,300mg,Sun Pharma
804,97346-279-04,Ibuprofen Plus,Ibuprofen,Tablet,800mg,McNeil
805,87903-203-05,Metformin Plus,Metformin HCl,Tablet,850mg,Mylan
806,93800-820-06,Ibuprofen Plus,Ibuprofen,Tablet,800mg,McNeil
807,87536-635-07,Gabapentin Plus,Gabapentin,Capsule,300mg,Sun Pharma
808,12769-194-08,Sertraline Plus,Sertraline HCl,Tablet,50mg,Pfizer
809,10868-965-09,Sertraline Plus,Sertraline HCl,Tablet,50mg,Pfizer
810,14136-544-10,Amoxicillin Plus,Amoxicillin,Capsule,500mg,Teva
811,88582-738-11,Albuterol Plus,Albuterol Sulfate,Inhaler,90mcg,GSK
812,25750-991-12,Losartan Plus,Losartan Potassium,Tablet,50mg,Merck
813,90741-800-13,Levothyroxine Plus,Levothyroxine Sodium,Tablet,50mcg,AbbVie
814,63077-985-14,Albuterol Plus,Albuterol Sulfate,Inhaler,90mcg,GSK
815,66591-407-15,Amoxicillin Plus,Amoxicillin,Capsule,500mg,Teva
816,35948-298-16,Lysinopril Plus,Lisinopril,Tablet,10mg,Sandoz
817,12041-520-17,Hydrochlorothiazide Plus,Hydrochlorothiazide,Tablet,25mg,Lupin
818,73078-392-18,Albuterol Plus,Albuterol Sulfate,Inhaler,90mcg,GSK
819,69909-541-19,Azithromycin Plus,Azithromycin,Tablet,250mg,Pfizer
820,79378-613-20,Sertraline Plus,Sertraline HCl,Tablet,50mg,Pfizer
821,82103-745-21,Gabapentin Plus,Gabapentin,Capsule,300mg,Sun Pharma
822,43376-900-22,Amlodipine Plus,Amlodipine Besylate,Tablet,5mg,Novartis
823,52503-101-23,Metformin Plus,Metformin HCl,Tablet,850mg,Mylan
824,88991-224-24,Metoprolol Plus,Metoprolol Succinate,Tablet,50mg,AstraZeneca
825,39783-448-25,Azithromycin Plus,Azithromycin,Tablet,250mg,Pfizer
826,34100-462-26,Sertraline Plus,Sertraline HCl,Tablet,50mg,Pfizer
827,97011-281-27,Lysinopril Plus,Lisinopril,Tablet,10mg,Sandoz
828,92222-953-28,Omeprazole Plus,Omeprazole,Capsule,20mg,AstraZeneca
829,18348-516-29,Levothyroxine Plus,Levothyroxine Sodium,Tablet,50mcg,AbbVie
830,66868-527-30,Azithromycin Plus,Azithromycin,Tablet,250mg,Pfizer
831,43484-634-31,Atorvastatin Plus,Atorvastatin Calcium,Tablet,20mg,Pfizer
832,47270-855-32,Metoprolol Plus,Metoprolol Succinate,Tablet,50mg,AstraZeneca
833,98582-450-33,Losartan Plus,Losartan Potassium,Tablet,50mg,Merck
834,62378-230-34,Amlodipine Plus,Amlodipine Besylate,Tablet,5mg,Novartis
835,57902-236-35,Levothyroxine Plus,Levothyroxine Sodium,Tablet,50mcg,AbbVie
836,55078-834-36,Albuterol Plus,Albuterol Sulfate,Inhaler,90mcg,GSK
837,49559-236-37,Hydrochlorothiazide Plus,Hydrochlorothiazide,Tablet,25mg,Lupin
838,91333-821-38,Amoxicillin Plus,Amoxicillin,Capsule,500mg,Teva
839,97512-227-39,Gabapentin Plus,Gabapentin,Capsule,300mg,Sun Pharma
840,55919-571-40,Levothyroxine Plus,Levothyroxine Sodium,Tablet,50mcg,AbbVie
841,31139-926-41,Albuterol Plus,Albuterol Sulfate,Inhaler,90mcg,GSK
842,50641-374-42,Levothyroxine Plus,Levothyroxine Sodium,Tablet,50mcg,AbbVie
843,78258-312-43,Hydrochlorothiazide Plus,Hydrochlorothiazide,Tablet,25mg,Lupin
844,24657-388-44,Atorvastatin Plus,Atorvastatin Calcium,Tablet,20mg,Pfizer
845,87102-262-45,Azithromycin Plus,Azithromycin,Tablet,250mg,Pfizer
846,32331-660-46,Hydrochlorothiazide Plus,Hydrochlorothiazide,Tablet,25mg,Lupin
847,85722-644-47,Metformin Plus,Metformin HCl,Tablet,850mg,Mylan
848,94402-165-48,Amoxicillin Plus,Amoxicillin,Capsule,500mg,Teva
849,38798-292-49,Atorvastatin Plus,Atorvastatin Calcium,Tablet,20mg,Pfizer
850,45340-230-50,Metoprolol Plus,Metoprolol Succinate,Tablet,50mg,AstraZeneca
851,23218-986-51,Omeprazole Plus,Omeprazole,Capsule,20mg,AstraZeneca
852,43907-397-52,Albuterol Plus,Albuterol Sulfate,Inhaler,90mcg,GSK
853,71136-310-53,Lysinopril Plus,Lisinopril,Tablet,10mg,Sandoz
854,93018-491-54,Sertraline Plus,Sertraline HCl,Tablet,50mg,Pfizer
855,71542-250-55,Ibuprofen Plus,Ibuprofen,Tablet,800mg,McNeil
856,26080-448-56,Amlodipine Plus,Amlodipine Besylate,Tablet,5mg,Novartis
857,75908-847-57,Metformin Plus,Metformin HCl,Tablet,850mg,Mylan
858,74141-968-58,Omeprazole Plus,Omeprazole,Capsule,20mg,AstraZeneca
859,41816-422-59,Levothyroxine Plus,Levothyroxine Sodium,Tablet,50mcg,AbbVie
860,12145-390-60,Amlodipine Plus,Amlodipine Besylate,Tablet,5mg,Novartis
861,52371-310-61,Omeprazole Plus,Omeprazole,Capsule,20mg,AstraZeneca
862,10228-108-62,Sertraline Plus,Sertraline HCl,Tablet,50mg,Pfizer
863,67778-262-63,Amlodipine Plus,Amlodipine Besylate,Tablet,5mg,Novartis
864,46919-202-64,Sertraline Plus,Sertraline HCl,Tablet,50mg,Pfizer
865,59016-202-65,Gabapentin Plus,Gabapentin,Capsule,300mg,Sun Pharma
866,62207-831-66,Gabapentin Plus,Gabapentin,Capsule,300mg,Sun Pharma
867,35760-559-67,Lysinopril Plus,Lisinopril,Tablet,10mg,Sandoz
868,64406-607-68,Albuterol Plus,Albuterol Sulfate,Inhaler,90mcg,GSK
869,26836-246-69,Metformin Plus,Metformin HCl,Tablet,850mg,Mylan
870,45939-562-70,Amoxicillin Plus,Amoxicillin,Capsule,500mg,Teva
871,33806-225-71,Atorvastatin Plus,Atorvastatin Calcium,Tablet,20mg,Pfizer
872,53849-434-72,Losartan Plus,Losartan Potassium,Tablet,50mg,Merck
873,80563-480-73,Atorvastatin Plus,Atorvastatin Calcium,Tablet,20mg,Pfizer
874,33568-571-74,Hydrochlorothiazide Plus,Hydrochlorothiazide,Tablet,25mg,Lupin
875,39729-479-75,Metformin Plus,Metformin HCl,Tablet,850mg,Mylan
876,22687-500-76,Lysinopril Plus,Lisinopril,Tablet,10mg,Sandoz
877,82049-104-77,Amoxicillin Plus,Amoxicillin,Capsule,500mg,Teva
878,66201-905-78,Ibuprofen Plus,Ibuprofen,Tablet,800mg,McNeil
879,24069-620-79,Albuterol Plus,Albuterol Sulfate,Inhaler,90mcg,GSK
880,94836-277-80,Metformin Plus,Metformin HCl,Tablet,850mg,Mylan
881,13622-969-81,Ibuprofen Plus,Ibuprofen,Tablet,800mg,McNeil
882,33192-253-82,Albuterol Plus,Albuterol Sulfate,Inhaler,90mcg,GSK
883,19416-471-83,Metoprolol Plus,Metoprolol Succinate,Tablet,50mg,AstraZeneca
884,29543-780-84,Sertraline Plus,Sertraline HCl,Tablet,50mg,Pfizer
885,33914-720-85,Sertraline Plus,Sertraline HCl,Tablet,50mg,Pfizer
886,35026-931-86,Lysinopril Plus,Lisinopril,Tablet,10mg,Sandoz
887,39972-372-87,Sertraline Plus,Sertraline HCl,Tablet,50mg,Pfizer
888,39880-967-88,Amlodipine Plus,Amlodipine Besylate,Tablet,5mg,Novartis
889,78478-323-89,Metoprolol Plus,Metoprolol Succinate,Tablet,50mg,AstraZeneca
890,94548-170-90,Ibuprofen Plus,Ibuprofen,Tablet,800mg,McNeil
891,16789-286-91,Amoxicillin Plus,Amoxicillin,Capsule,500mg,Teva
892,82242-164-92,Metformin Plus,Metformin HCl,Tablet,850mg,Mylan
893,93615-683-93,Lysinopril Plus,Lisinopril,Tablet,10mg,Sandoz
894,62855-547-94,Sertraline Plus,Sertraline HCl,Tablet,50mg,Pfizer
895,78317-852-95,Atorvastatin Plus,Atorvastatin Calcium,Tablet,20mg,Pfizer
896,94700-957-96,Gabapentin Plus,Gabapentin,Capsule,300mg,Sun Pharma
897,30713-380-97,Losartan Plus,Losartan Potassium,Tablet,50mg,Merck
898,66867-535-98,Atorvastatin Plus,Atorvastatin Calcium,Tablet,20mg,Pfizer
899,81610-255-99,Amlodipine Plus,Amlodipine Besylate,Tablet,5mg,Novartis
900,50711-237-00,Levothyroxine Plus,Levothyroxine Sodium,Tablet,50mcg,AbbVie
901,51090-665-01,Hydrochlorothiazide Plus,Hydrochlorothiazide,Tablet,25mg,Lupin
902,23310-574-02,Metoprolol Plus,Metoprolol Succinate,Tablet,50mg,AstraZeneca
903,40621-924-03,Hydrochlorothiazide Plus,Hydrochlorothiazide,Tablet,25mg,Lupin
904,29183-487-04,Hydrochlorothiazide Plus,Hydrochlorothiazide,Tablet,25mg,Lupin
905,44486-786-05,Omeprazole Plus,Omeprazole,Capsule,20mg,AstraZeneca
906,53287-971-06,Amlodipine Plus,Amlodipine Besylate,Tablet,5mg,Novartis
907,30434-178-07,Levothyroxine Plus,Levothyroxine Sodium,Tablet,50mcg,AbbVie
908,49021-367-08,Gabapentin Plus,Gabapentin,Capsule,300mg,Sun Pharma
909,43763-658-09,Hydrochlorothiazide Plus,Hydrochlorothiazide,Tablet,25mg,Lupin
910,15925-493-10,Azithromycin Plus,Azithromycin,Tablet,250mg,Pfizer
911,57911-352-11,Ibuprofen Plus,Ibuprofen,Tablet,800mg,McNeil
912,91461-944-12,Atorvastatin Plus,Atorvastatin Calcium,Tablet,20mg,Pfizer
913,82901-973-13,Amlodipine Plus,Amlodipine Besylate,Tablet,5mg,Novartis
914,74791-426-14,Losartan Plus,Losartan Potassium,Tablet,50mg,Merck
915,99996-747-15,Levothyroxine Plus,Levothyroxine Sodium,Tablet,50mcg,AbbVie
916,88351-659-16,Amoxicillin Plus,Amoxicillin,Capsule,500mg,Teva
917,74457-634-17,Albuterol Plus,Albuterol Sulfate,Inhaler,90mcg,GSK
918,60971-842-18,Losartan Plus,Losartan Potassium,Tablet,50mg,Merck
919,87867-567-19,Atorvastatin Plus,Atorvastatin Calcium,Tablet,20mg,Pfizer
920,39286-940-20,Hydrochlorothiazide Plus,Hydrochlorothiazide,Tablet,25mg,Lupin
921,16248-152-21,Gabapentin Plus,Gabapentin,Capsule,300mg,Sun Pharma
922,44272-179-22,Amlodipine Plus,Amlodipine Besylate,Tablet,5mg,Novartis
923,48086-976-23,Azithromycin Plus,Azithromycin,Tablet,250mg,Pfizer
924,19684-486-24,Losartan Plus,Losartan Potassium,Tablet,50mg,Merck
925,49998-692-25,Albuterol Plus,Albuterol Sulfate,Inhaler,90mcg,GSK
926,49863-658-26,Metformin Plus,Metformin HCl,Tablet,850mg,Mylan
927,26859-728-27,Metoprolol Plus,Metoprolol Succinate,Tablet,50mg,AstraZeneca
928,85944-156-28,Albuterol Plus,Albuterol Sulfate,Inhaler,90mcg,GSK
929,61371-139-29,Ibuprofen Plus,Ibuprofen,Tablet,800mg,McNeil
930,44387-686-30,Amoxicillin Plus,Amoxicillin,Capsule,500mg,Teva
931,67975-583-31,Lysinopril Plus,Lisinopril,Tablet,10mg,Sandoz
932,58209-670-32,Metformin Plus,Metformin HCl,Tablet,850mg,Mylan
933,23439-422-33,Atorvastatin Plus,Atorvastatin Calcium,Tablet,20mg,Pfizer
934,64786-191-34,Hydrochlorothiazide Plus,Hydrochlorothiazide,Tablet,25mg,Lupin
935,30161-376-35,Ibuprofen Plus,Ibuprofen,Tablet,800mg,McNeil
936,69528-133-36,Sertraline Plus,Sertraline HCl,Tablet,50mg,Pfizer
937,25035-450-37,Sertraline Plus,Sertraline HCl,Tablet,50mg,Pfizer
938,43190-136-38,Gabapentin Plus,Gabapentin,Capsule,300mg,Sun Pharma
939,53173-189-39,Albuterol Plus,Albuterol Sulfate,Inhaler,90mcg,GSK
940,50516-407-40,Hydrochlorothiazide Plus,Hydrochlorothiazide,Tablet,25mg,Lupin
941,71262-993-41,Ibuprofen Plus,Ibuprofen,Tablet,800mg,McNeil
942,54028-119-42,Omeprazole Plus,Omeprazole,Capsule,20mg,AstraZeneca
943,82727-792-43,Sertraline Plus,Sertraline HCl,Tablet,50mg,Pfizer
944,70685-892-44,Lysinopril Plus,Lisinopril,Tablet,10mg,Sandoz
945,39960-297-45,Metoprolol Plus,Metoprolol Succinate,Tablet,50mg,AstraZeneca
946,43442-122-46,Metoprolol Plus,Metoprolol Succinate,Tablet,50mg,AstraZeneca
947,83201-414-47,Sertraline Plus,Sertraline HCl,Tablet,50mg,Pfizer
948,55928-610-48,Metformin Plus,Metformin HCl,Tablet,850mg,Mylan
949,88410-201-49,Sertraline Plus,Sertraline HCl,Tablet,50mg,Pfizer
950,70452-358-50,Metformin Plus,Metformin HCl,Tablet,850mg,Mylan
951,96530-998-51,Losartan Plus,Losartan Potassium,Tablet,50mg,Merck
952,50071-109-52,Amlodipine Plus,Amlodipine Besylate,Tablet,5mg,Novartis
953,11917-738-53,Hydrochlorothiazide Plus,Hydrochlorothiazide,Tablet,25mg,Lupin
954,72740-857-54,Omeprazole Plus,Omeprazole,Capsule,20mg,AstraZeneca
955,27896-247-55,Losartan Plus,Losartan Potassium,Tablet,50mg,Merck
956,24558-129-56,Amoxicillin Plus,Amoxicillin,Capsule,500mg,Teva
957,67764-232-57,Atorvastatin Plus,Atorvastatin Calcium,Tablet,20mg,Pfizer
958,80242-506-58,Albuterol Plus,Albuterol Sulfate,Inhaler,90mcg,GSK
959,80819-599-59,Amoxicillin Plus,Amoxicillin,Capsule,500mg,Teva
960,97911-893-60,Metoprolol Plus,Metoprolol Succinate,Tablet,50mg,AstraZeneca
961,91341-445-61,Metoprolol Plus,Metoprolol Succinate,Tablet,50mg,AstraZeneca
962,91110-569-62,Azithromycin Plus,Azithromycin,Tablet,250mg,Pfizer
963,29367-210-63,Metoprolol Plus,Metoprolol Succinate,Tablet,50mg,AstraZeneca
964,11697-671-64,Metformin Plus,Metformin HCl,Tablet,850mg,Mylan
965,43050-721-65,Hydrochlorothiazide Plus,Hydrochlorothiazide,Tablet,25mg,Lupin
966,78767-375-66,Metformin Plus,Metformin HCl,Tablet,850mg,Mylan
967,65314-393-67,Gabapentin Plus,Gabapentin,Capsule,300mg,Sun Pharma
968,31750-731-68,Metoprolol Plus,Metoprolol Succinate,Tablet,50mg,AstraZeneca
969,10926-942-69,Omeprazole Plus,Omeprazole,Capsule,20mg,AstraZeneca
970,48574-284-70,Atorvastatin Plus,Atorvastatin Calcium,Tablet,20mg,Pfizer
971,38417-156-71,Atorvastatin Plus,Atorvastatin Calcium,Tablet,20mg,Pfizer
972,83382-445-72,Albuterol Plus,Albuterol Sulfate,Inhaler,90mcg,GSK
973,76044-364-73,Amoxicillin Plus,Amoxicillin,Capsule,500mg,Teva
974,82975-263-74,Amoxicillin Plus,Amoxicillin,Capsule,500mg,Teva
975,73293-268-75,Atorvastatin Plus,Atorvastatin Calcium,Tablet,20mg,Pfizer
976,24227-485-76,Lysinopril Plus,Lisinopril,Tablet,10mg,Sandoz
977,15891-602-77,Omeprazole Plus,Omeprazole,Capsule,20mg,AstraZeneca
978,24760-609-78,Hydrochlorothiazide Plus,Hydrochlorothiazide,Tablet,25mg,Lupin
979,98833-576-79,Losartan Plus,Losartan Potassium,Tablet,50mg,Merck
980,67994-869-80,Levothyroxine Plus,Levothyroxine Sodium,Tablet,50mcg,AbbVie
981,87828-826-81,Albuterol Plus,Albuterol Sulfate,Inhaler,90mcg,GSK
982,10245-398-82,Albuterol Plus,Albuterol Sulfate,Inhaler,90mcg,GSK
983,17455-781-83,Amlodipine Plus,Amlodipine Besylate,Tablet,5mg,Novartis
984,91782-784-84,Losartan Plus,Losartan Potassium,Tablet,50mg,Merck
985,15076-905-85,Ibuprofen Plus,Ibuprofen,Tablet,800mg,McNeil
986,61814-505-86,Omeprazole Plus,Omeprazole,Capsule,20mg,AstraZeneca
987,20654-291-87,Losartan Plus,Losartan Potassium,Tablet,50mg,Merck
988,53540-912-88,Amlodipine Plus,Amlodipine Besylate,Tablet,5mg,Novartis
989,72973-791-89,Metoprolol Plus,Metoprolol Succinate,Tablet,50mg,AstraZeneca
990,63447-235-90,Ibuprofen Plus,Ibuprofen,Tablet,800mg,McNeil
991,30418-277-91,Lysinopril Plus,Lisinopril,Tablet,10mg,Sandoz
992,22269-964-92,Metoprolol Plus,Metoprolol Succinate,Tablet,50mg,AstraZeneca
993,85597-393-93,Sertraline Plus,Sertraline HCl,Tablet,50mg,Pfizer
994,27551-931-94,Losartan Plus,Losartan Potassium,Tablet,50mg,Merck
995,54471-191-95,Atorvastatin Plus,Atorvastatin Calcium,Tablet,20mg,Pfizer
996,68543-173-96,Amlodipine Plus,Amlodipine Besylate,Tablet,5mg,Novartis
997,43499-387-97,Metoprolol Plus,Metoprolol Succinate,Tablet,50mg,AstraZeneca
998,77896-428-98,Levothyroxine Plus,Levothyroxine Sodium,Tablet,50mcg,AbbVie
999,78932-678-99,Omeprazole Plus,Omeprazole,Capsule,20mg,AstraZeneca
1000,36704-278-00,Sertraline Plus,Sertraline HCl,Tablet,50mg,Pfizer
1001,86819-694-01,Levothyroxine Plus,Levothyroxine Sodium,Tablet,50mcg,AbbVie
1002,84021-752-02,Atorvastatin Plus,Atorvastatin Calcium,Tablet,20mg,Pfizer
1003,53090-531-03,Amlodipine Plus,Amlodipine Besylate,Tablet,5mg,Novartis
1004,84157-428-04,Omeprazole Plus,Omeprazole,Capsule,20mg,AstraZeneca
1005,74219-457-05,Amlodipine Plus,Amlodipine Besylate,Tablet,5mg,Novartis
1006,27215-164-06,Amoxicillin Plus,Amoxicillin,Capsule,500mg,Teva
1007,85557-579-07,Albuterol Plus,Albuterol Sulfate,Inhaler,90mcg,GSK
1008,98845-619-08,Omeprazole Plus,Omeprazole,Capsule,20mg,AstraZeneca
1009,45520-279-09,Azithromycin Plus,Azithromycin,Tablet,250mg,Pfizer
1010,16711-779-10,Ibuprofen Plus,Ibuprofen,Tablet,800mg,McNeil
1011,77576-620-11,Levothyroxine Plus,Levothyroxine Sodium,Tablet,50mcg,AbbVie
1012,24729-364-12,Lysinopril Plus,Lisinopril,Tablet,10mg,Sandoz
1013,90303-154-13,Metformin Plus,Metformin HCl,Tablet,850mg,Mylan
1014,63747-673-14,Omeprazole Plus,Omeprazole,Capsule,20mg,AstraZeneca
1015,47712-187-15,Losartan Plus,Losartan Potassium,Tablet,50mg,Merck
1016,80643-545-16,Metformin Plus,Metformin HCl,Tablet,850mg,Mylan
1017,83132-982-17,Amlodipine Plus,Amlodipine Besylate,Tablet,5mg,Novartis
1018,50959-943-18,Amlodipine Plus,Amlodipine Besylate,Tablet,5mg,Novartis
1019,53493-678-19,Losartan Plus,Losartan Potassium,Tablet,50mg,Merck
1020,36769-649-20,Amoxicillin Plus,Amoxicillin,Capsule,500mg,Teva
1021,53324-950-21,Omeprazole Plus,Omeprazole,Capsule,20mg,AstraZeneca
1022,20487-865-22,Hydrochlorothiazide Plus,Hydrochlorothiazide,Tablet,25mg,Lupin
1023,23174-337-23,Amoxicillin Plus,Amoxicillin,Capsule,500mg,Teva
1024,52559-920-24,Albuterol Plus,Albuterol Sulfate,Inhaler,90mcg,GSK
1025,36405-548-25,Albuterol Plus,Albuterol Sulfate,Inhaler,90mcg,GSK
1026,57323-467-26,Hydrochlorothiazide Plus,Hydrochlorothiazide,Tablet,25mg,Lupin
1027,80508-869-27,Gabapentin Plus,Gabapentin,Capsule,300mg,Sun Pharma
1028,82272-881-28,Atorvastatin Plus,Atorvastatin Calcium,Tablet,20mg,Pfizer
1029,62671-466-29,Amlodipine Plus,Amlodipine Besylate,Tablet,5mg,Novartis
1030,96731-583-30,Ibuprofen Plus,Ibuprofen,Tablet,800mg,McNeil
1031,74940-702-31,Lysinopril Plus,Lisinopril,Tablet,10mg,Sandoz
1032,91025-367-32,Gabapentin Plus,Gabapentin,Capsule,300mg,Sun Pharma
1033,50018-242-33,Hydrochlorothiazide Plus,Hydrochlorothiazide,Tablet,25mg,Lupin
1034,47357-125-34,Atorvastatin Plus,Atorvastatin Calcium,Tablet,20mg,Pfizer
1035,93300-541-35,Albuterol Plus,Albuterol Sulfate,Inhaler,90mcg,GSK
1036,52979-547-36,Amlodipine Plus,Amlodipine Besylate,Tablet,5mg,Novartis
1037,75054-370-37,Levothyroxine Plus,Levothyroxine Sodium,Tablet,50mcg,AbbVie
1038,77610-655-38,Sertraline Plus,Sertraline HCl,Tablet,50mg,Pfizer
1039,11785-972-39,Omeprazole Plus,Omeprazole,Capsule,20mg,AstraZeneca
1040,25225-292-40,Azithromycin Plus,Azithromycin,Tablet,250mg,Pfizer
1041,23864-450-41,Ibuprofen Plus,Ibuprofen,Tablet,800mg,McNeil
1042,75740-859-42,Losartan Plus,Losartan Potassium,Tablet,50mg,Merck
1043,41699-496-43,Metoprolol Plus,Metoprolol Succinate,Tablet,50mg,AstraZeneca
1044,51296-269-44,Lysinopril Plus,Lisinopril,Tablet,10mg,Sandoz
1045,17329-291-45,Levothyroxine Plus,Levothyroxine Sodium,Tablet,50mcg,AbbVie
1046,40743-887-46,Ibuprofen Plus,Ibuprofen,Tablet,800mg,McNeil
1047,87038-381-47,Omeprazole Plus,Omeprazole,Capsule,20mg,AstraZeneca
1048,76282-238-48,Ibuprofen Plus,Ibuprofen,Tablet,800mg,McNeil
1049,77084-213-49,Losartan Plus,Losartan Potassium,Tablet,50mg,Merck
1050,14876-310-50,Metformin Plus,Metformin HCl,Tablet,850mg,Mylan
1051,45228-771-51,Losartan Plus,Losartan Potassium,Tablet,50mg,Merck
1052,21302-864-52,Sertraline Plus,Sertraline HCl,Tablet,50mg,Pfizer
1053,58525-220-53,Levothyroxine Plus,Levothyroxine Sodium,Tablet,50mcg,AbbVie
1054,22059-745-54,Sertraline Plus,Sertraline HCl,Tablet,50mg,Pfizer
1055,87577-943-55,Sertraline Plus,Sertraline HCl,Tablet,50mg,Pfizer
1056,37100-105-56,Hydrochlorothiazide Plus,Hydrochlorothiazide,Tablet,25mg,Lupin
1057,35342-542-57,Metoprolol Plus,Metoprolol Succinate,Tablet,50mg,AstraZeneca
1058,31668-596-58,Losartan Plus,Losartan Potassium,Tablet,50mg,Merck
1059,82220-543-59,Gabapentin Plus,Gabapentin,Capsule,300mg,Sun Pharma
1060,46637-794-60,Amoxicillin Plus,Amoxicillin,Capsule,500mg,Teva
1061,98625-493-61,Levothyroxine Plus,Levothyroxine Sodium,Tablet,50mcg,AbbVie
1062,20784-882-62,Amlodipine Plus,Amlodipine Besylate,Tablet,5mg,Novartis
1063,90112-985-63,Sertraline Plus,Sertraline HCl,Tablet,50mg,Pfizer
1064,69861-874-64,Levothyroxine Plus,Levothyroxine Sodium,Tablet,50mcg,AbbVie
1065,77286-329-65,Amoxicillin Plus,Amoxicillin,Capsule,500mg,Teva
1066,65380-258-66,Sertraline Plus,Sertraline HCl,Tablet,50mg,Pfizer
1067,75057-283-67,Metoprolol Plus,Metoprolol Succinate,Tablet,50mg,AstraZeneca
1068,38785-832-68,Levothyroxine Plus,Levothyroxine Sodium,Tablet,50mcg,AbbVie
1069,76791-534-69,Metoprolol Plus,Metoprolol Succinate,Tablet,50mg,AstraZeneca
1070,70033-910-70,Losartan Plus,Losartan Potassium,Tablet,50mg,Merck
1071,23688-766-71,Amoxicillin Plus,Amoxicillin,Capsule,500mg,Teva
1072,55881-341-72,Amlodipine Plus,Amlodipine Besylate,Tablet,5mg,Novartis
1073,52346-327-73,Albuterol Plus,Albuterol Sulfate,Inhaler,90mcg,GSK
1074,69845-136-74,Albuterol Plus,Albuterol Sulfate,Inhaler,90mcg,GSK
1075,96620-741-75,Amoxicillin Plus,Amoxicillin,Capsule,500mg,Teva
1076,30132-192-76,Ibuprofen Plus,Ibuprofen,Tablet,800mg,McNeil
1077,14408-248-77,Atorvastatin Plus,Atorvastatin Calcium,Tablet,20mg,Pfizer
1078,59826-528-78,Albuterol Plus,Albuterol Sulfate,Inhaler,90mcg,GSK
1079,25651-448-79,Amoxicillin Plus,Amoxicillin,Capsule,500mg,Teva
1080,49189-187-80,Azithromycin Plus,Azithromycin,Tablet,250mg,Pfizer
1081,66140-673-81,Gabapentin Plus,Gabapentin,Capsule,300mg,Sun Pharma
1082,31064-587-82,Amlodipine Plus,Amlodipine Besylate,Tablet,5mg,Novartis
1083,59538-345-83,Azithromycin Plus,Azithromycin,Tablet,250mg,Pfizer
1084,10435-192-84,Amlodipine Plus,Amlodipine Besylate,Tablet,5mg,Novartis
1085,24788-586-85,Gabapentin Plus,Gabapentin,Capsule,300mg,Sun Pharma
1086,97727-855-86,Amlodipine Plus,Amlodipine Besylate,Tablet,5mg,Novartis
1087,78977-307-87,Gabapentin Plus,Gabapentin,Capsule,300mg,Sun Pharma
1088,34603-981-88,Albuterol Plus,Albuterol Sulfate,Inhaler,90mcg,GSK
1089,58357-331-89,Amlodipine Plus,Amlodipine Besylate,Tablet,5mg,Novartis
1090,66763-615-90,Albuterol Plus,Albuterol Sulfate,Inhaler,90mcg,GSK
1091,21182-368-91,Losartan Plus,Losartan Potassium,Tablet,50mg,Merck
1092,70621-124-92,Metformin Plus,Metformin HCl,Tablet,850mg,Mylan
1093,40358-810-93,Lysinopril Plus,Lisinopril,Tablet,10mg,Sandoz
1094,36463-906-94,Levothyroxine Plus,Levothyroxine Sodium,Tablet,50mcg,AbbVie
1095,87162-460-95,Amlodipine Plus,Amlodipine Besylate,Tablet,5mg,Novartis
1096,88376-623-96,Hydrochlorothiazide Plus,Hydrochlorothiazide,Tablet,25mg,Lupin
1097,17881-551-97,Metoprolol Plus,Metoprolol Succinate,Tablet,50mg,AstraZeneca
1098,50660-365-98,Atorvastatin Plus,Atorvastatin Calcium,Tablet,20mg,Pfizer
1099,43649-728-99,Sertraline Plus,Sertraline HCl,Tablet,50mg,Pfizer
1100,69617-452-00,Ibuprofen Plus,Ibuprofen,Tablet,800mg,McNeil
1101,67805-758-01,Atorvastatin Plus,Atorvastatin Calcium,Tablet,20mg,Pfizer
1102,85548-228-02,Azithromycin Plus,Azithromycin,Tablet,250mg,Pfizer
1103,91031-945-03,Albuterol Plus,Albuterol Sulfate,Inhaler,90mcg,GSK
1104,62131-431-04,Amoxicillin Plus,Amoxicillin,Capsule,500mg,Teva
1105,25953-628-05,Amlodipine Plus,Amlodipine Besylate,Tablet,5mg,Novartis
1106,79669-983-06,Sertraline Plus,Sertraline HCl,Tablet,50mg,Pfizer
1107,24640-641-07,Azithromycin Plus,Azithromycin,Tablet,250mg,Pfizer
1108,99888-408-08,Levothyroxine Plus,Levothyroxine Sodium,Tablet,50mcg,AbbVie
1109,88290-454-09,Atorvastatin Plus,Atorvastatin Calcium,Tablet,20mg,Pfizer
1110,30182-284-10,Azithromycin Plus,Azithromycin,Tablet,250mg,Pfizer
1111,62542-539-11,Losartan Plus,Losartan Potassium,Tablet,50mg,Merck
1112,85541-368-12,Losartan Plus,Losartan Potassium,Tablet,50mg,Merck
1113,63534-247-13,Metoprolol Plus,Metoprolol Succinate,Tablet,50mg,AstraZeneca
1114,91592-285-14,Lysinopril Plus,Lisinopril,Tablet,10mg,Sandoz
1115,25294-732-15,Gabapentin Plus,Gabapentin,Capsule,300mg,Sun Pharma
1116,49008-449-16,Amlodipine Plus,Amlodipine Besylate,Tablet,5mg,Novartis
1117,35270-591-17,Atorvastatin Plus,Atorvastatin Calcium,Tablet,20mg,Pfizer
1118,83354-186-18,Albuterol Plus,Albuterol Sulfate,Inhaler,90mcg,GSK
1119,60374-513-19,Hydrochlorothiazide Plus,Hydrochlorothiazide,Tablet,25mg,Lupin
1120,57121-257-20,Lysinopril Plus,Lisinopril,Tablet,10mg,Sandoz
1121,17513-800-21,Omeprazole Plus,Omeprazole,Capsule,20mg,AstraZeneca
1122,19409-883-22,Ibuprofen Plus,Ibuprofen,Tablet,800mg,McNeil
1123,56122-178-23,Ibuprofen Plus,Ibuprofen,Tablet,800mg,McNeil
1124,98389-192-24,Hydrochlorothiazide Plus,Hydrochlorothiazide,Tablet,25mg,Lupin
1125,23049-665-25,Amoxicillin Plus,Amoxicillin,Capsule,500mg,Teva
1126,31281-308-26,Omeprazole Plus,Omeprazole,Capsule,20mg,AstraZeneca
1127,73515-961-27,Amoxicillin Plus,Amoxicillin,Capsule,500mg,Teva
1128,66827-549-28,Omeprazole Plus,Omeprazole,Capsule,20mg,AstraZeneca
1129,28511-959-29,Metformin Plus,Metformin HCl,Tablet,850mg,Mylan
1130,83489-303-30,Atorvastatin Plus,Atorvastatin Calcium,Tablet,20mg,Pfizer
1131,12012-417-31,Hydrochlorothiazide Plus,Hydrochlorothiazide,Tablet,25mg,Lupin
1132,44867-958-32,Metoprolol Plus,Metoprolol Succinate,Tablet,50mg,AstraZeneca
1133,75103-641-33,Atorvastatin Plus,Atorvastatin Calcium,Tablet,20mg,Pfizer
1134,49163-939-34,Lysinopril Plus,Lisinopril,Tablet,10mg,Sandoz
1135,80599-810-35,Metformin Plus,Metformin HCl,Tablet,850mg,Mylan
1136,35022-596-36,Omeprazole Plus,Omeprazole,Capsule,20mg,AstraZeneca
1137,50599-501-37,Metformin Plus,Metformin HCl,Tablet,850mg,Mylan
1138,79384-302-38,Gabapentin Plus,Gabapentin,Capsule,300mg,Sun Pharma
1139,54255-529-39,Lysinopril Plus,Lisinopril,Tablet,10mg,Sandoz
1140,16210-310-40,Azithromycin Plus,Azithromycin,Tablet,250mg,Pfizer
1141,95992-566-41,Gabapentin Plus,Gabapentin,Capsule,300mg,Sun Pharma
1142,60250-442-42,Sertraline Plus,Sertraline HCl,Tablet,50mg,Pfizer
1143,11434-101-43,Amoxicillin Plus,Amoxicillin,Capsule,500mg,Teva
1144,34557-892-44,Lysinopril Plus,Lisinopril,Tablet,10mg,Sandoz
1145,62745-284-45,Amoxicillin Plus,Amoxicillin,Capsule,500mg,Teva
1146,15733-419-46,Omeprazole Plus,Omeprazole,Capsule,20mg,AstraZeneca
1147,22337-851-47,Sertraline Plus,Sertraline HCl,Tablet,50mg,Pfizer
1148,18091-126-48,Albuterol Plus,Albuterol Sulfate,Inhaler,90mcg,GSK
1149,20499-400-49,Metformin Plus,Metformin HCl,Tablet,850mg,Mylan
1150,95671-208-50,Albuterol Plus,Albuterol Sulfate,Inhaler,90mcg,GSK
1151,66775-925-51,Albuterol Plus,Albuterol Sulfate,Inhaler,90mcg,GSK
1152,98044-836-52,Gabapentin Plus,Gabapentin,Capsule,300mg,Sun Pharma
1153,41353-885-53,Omeprazole Plus,Omeprazole,Capsule,20mg,AstraZeneca
1154,95313-315-54,Ibuprofen Plus,Ibuprofen,Tablet,800mg,McNeil
1155,78937-684-55,Levothyroxine Plus,Levothyroxine Sodium,Tablet,50mcg,AbbVie
1156,49384-266-56,Omeprazole Plus,Omeprazole,Capsule,20mg,AstraZeneca
1157,97329-919-57,Metformin Plus,Metformin HCl,Tablet,850mg,Mylan
1158,42201-830-58,Metformin Plus,Metformin HCl,Tablet,850mg,Mylan
1159,76031-980-59,Lysinopril Plus,Lisinopril,Tablet,10mg,Sandoz
1160,14032-138-60,Hydrochlorothiazide Plus,Hydrochlorothiazide,Tablet,25mg,Lupin
1161,11677-693-61,Metformin Plus,Metformin HCl,Tablet,850mg,Mylan
1162,82661-209-62,Gabapentin Plus,Gabapentin,Capsule,300mg,Sun Pharma
1163,60320-279-63,Azithromycin Plus,Azithromycin,Tablet,250mg,Pfizer
1164,62608-305-64,Ibuprofen Plus,Ibuprofen,Tablet,800mg,McNeil
1165,22162-297-65,Albuterol Plus,Albuterol Sulfate,Inhaler,90mcg,GSK
1166,19215-680-66,Gabapentin Plus,Gabapentin,Capsule,300mg,Sun Pharma
1167,90371-295-67,Ibuprofen Plus,Ibuprofen,Tablet,800mg,McNeil
1168,66550-587-68,Sertraline Plus,Sertraline HCl,Tablet,50mg,Pfizer
1169,69759-262-69,Ibuprofen Plus,Ibuprofen,Tablet,800mg,McNeil
1170,33545-488-70,Atorvastatin Plus,Atorvastatin Calcium,Tablet,20mg,Pfizer
1171,83533-797-71,Ibuprofen Plus,Ibuprofen,Tablet,800mg,McNeil
1172,70145-362-72,Losartan Plus,Losartan Potassium,Tablet,50mg,Merck
1173,70082-555-73,Metoprolol Plus,Metoprolol Succinate,Tablet,50mg,AstraZeneca
1174,79961-148-74,Atorvastatin Plus,Atorvastatin Calcium,Tablet,20mg,Pfizer
1175,43069-219-75,Levothyroxine Plus,Levothyroxine Sodium,Tablet,50mcg,AbbVie
1176,60028-438-76,Amoxicillin Plus,Amoxicillin,Capsule,500mg,Teva
1177,78793-533-77,Metoprolol Plus,Metoprolol Succinate,Tablet,50mg,AstraZeneca
1178,32127-213-78,Hydrochlorothiazide Plus,Hydrochlorothiazide,Tablet,25mg,Lupin
1179,93550-353-79,Metoprolol Plus,Metoprolol Succinate,Tablet,50mg,AstraZeneca
1180,46335-293-80,Levothyroxine Plus,Levothyroxine Sodium,Tablet,50mcg,AbbVie
1181,50664-443-81,Azithromycin Plus,Azithromycin,Tablet,250mg,Pfizer
1182,99022-907-82,Sertraline Plus,Sertraline HCl,Tablet,50mg,Pfizer
1183,46669-671-83,Gabapentin Plus,Gabapentin,Capsule,300mg,Sun Pharma
1184,13936-421-84,Omeprazole Plus,Omeprazole,Capsule,20mg,AstraZeneca
1185,49441-154-85,Hydrochlorothiazide Plus,Hydrochlorothiazide,Tablet,25mg,Lupin
1186,33605-781-86,Albuterol Plus,Albuterol Sulfate,Inhaler,90mcg,GSK
1187,14337-265-87,Levothyroxine Plus,Levothyroxine Sodium,Tablet,50mcg,AbbVie
1188,59147-110-88,Amoxicillin Plus,Amoxicillin,Capsule,500mg,Teva
1189,57317-948-89,Atorvastatin Plus,Atorvastatin Calcium,Tablet,20mg,Pfizer
1190,55789-947-90,Metformin Plus,Metformin HCl,Tablet,850mg,Mylan
1191,23771-198-91,Ibuprofen Plus,Ibuprofen,Tablet,800mg,McNeil
1192,60533-621-92,Hydrochlorothiazide Plus,Hydrochlorothiazide,Tablet,25mg,Lupin
1193,25245-476-93,Omeprazole Plus,Omeprazole,Capsule,20mg,AstraZeneca
1194,45772-881-94,Metformin Plus,Metformin HCl,Tablet,850mg,Mylan
1195,52685-816-95,Azithromycin Plus,Azithromycin,Tablet,250mg,Pfizer
1196,43794-238-96,Omeprazole Plus,Omeprazole,Capsule,20mg,AstraZeneca
1197,28106-386-97,Amlodipine Plus,Amlodipine Besylate,Tablet,5mg,Novartis
1198,34599-932-98,Levothyroxine Plus,Levothyroxine Sodium,Tablet,50mcg,AbbVie
1199,79756-984-99,Sertraline Plus,Sertraline HCl,Tablet,50mg,Pfizer
1200,40195-710-00,Gabapentin Plus,Gabapentin,Capsule,300mg,Sun Pharma
1201,96780-239-01,Sertraline Plus,Sertraline HCl,Tablet,50mg,Pfizer
1202,69326-345-02,Amoxicillin Plus,Amoxicillin,Capsule,500mg,Teva
1203,20131-944-03,Metoprolol Plus,Metoprolol Succinate,Tablet,50mg,AstraZeneca
1204,25889-241-04,Azithromycin Plus,Azithromycin,Tablet,250mg,Pfizer
1205,69885-666-05,Albuterol Plus,Albuterol Sulfate,Inhaler,90mcg,GSK
1206,14266-228-06,Losartan Plus,Losartan Potassium,Tablet,50mg,Merck
1207,72063-358-07,Atorvastatin Plus,Atorvastatin Calcium,Tablet,20mg,Pfizer
1208,90456-532-08,Levothyroxine Plus,Levothyroxine Sodium,Tablet,50mcg,AbbVie
1209,67953-529-09,Losartan Plus,Losartan Potassium,Tablet,50mg,Merck
1210,54428-180-10,Amlodipine Plus,Amlodipine Besylate,Tablet,5mg,Novartis
1211,32238-873-11,Metformin Plus,Metformin HCl,Tablet,850mg,Mylan
1212,29174-452-12,Gabapentin Plus,Gabapentin,Capsule,300mg,Sun Pharma
1213,56379-565-13,Omeprazole Plus,Omeprazole,Capsule,20mg,AstraZeneca
1214,57092-985-14,Metformin Plus,Metformin HCl,Tablet,850mg,Mylan
1215,88681-847-15,Losartan Plus,Losartan Potassium,Tablet,50mg,Merck
1216,48744-236-16,Levothyroxine Plus,Levothyroxine Sodium,Tablet,50mcg,AbbVie
1217,37611-925-17,Sertraline Plus,Sertraline HCl,Tablet,50mg,Pfizer
1218,32907-941-18,Metformin Plus,Metformin HCl,Tablet,850mg,Mylan
1219,24491-487-19,Amoxicillin Plus,Amoxicillin,Capsule,500mg,Teva
1220,19298-432-20,Albuterol Plus,Albuterol Sulfate,Inhaler,90mcg,GSK
1221,55504-315-21,Atorvastatin Plus,Atorvastatin Calcium,Tablet,20mg,Pfizer
1222,87165-731-22,Losartan Plus,Losartan Potassium,Tablet,50mg,Merck
1223,49941-193-23,Amlodipine Plus,Amlodipine Besylate,Tablet,5mg,Novartis
1224,57149-173-24,Omeprazole Plus,Omeprazole,Capsule,20mg,AstraZeneca
1225,17350-474-25,Omeprazole Plus,Omeprazole,Capsule,20mg,AstraZeneca
1226,42758-368-26,Amoxicillin Plus,Amoxicillin,Capsule,500mg,Teva
1227,68288-409-27,Losartan Plus,Losartan Potassium,Tablet,50mg,Merck
1228,28469-557-28,Albuterol Plus,Albuterol Sulfate,Inhaler,90mcg,GSK
1229,88730-984-29,Omeprazole Plus,Omeprazole,Capsule,20mg,AstraZeneca
1230,51400-365-30,Azithromycin Plus,Azithromycin,Tablet,250mg,Pfizer
1231,96677-200-31,Azithromycin Plus,Azithromycin,Tablet,250mg,Pfizer
1232,78649-360-32,Levothyroxine Plus,Levothyroxine Sodium,Tablet,50mcg,AbbVie
1233,69071-210-33,Albuterol Plus,Albuterol Sulfate,Inhaler,90mcg,GSK
1234,14337-203-34,Levothyroxine Plus,Levothyroxine Sodium,Tablet,50mcg,AbbVie
1235,69765-150-35,Azithromycin Plus,Azithromycin,Tablet,250mg,Pfizer
1236,77901-172-36,Ibuprofen Plus,Ibuprofen,Tablet,800mg,McNeil
1237,82126-486-37,Hydrochlorothiazide Plus,Hydrochlorothiazide,Tablet,25mg,Lupin
1238,23715-703-38,Omeprazole Plus,Omeprazole,Capsule,20mg,AstraZeneca
1239,37038-620-39,Amlodipine Plus,Amlodipine Besylate,Tablet,5mg,Novartis
1240,16186-405-40,Metoprolol Plus,Metoprolol Succinate,Tablet,50mg,AstraZeneca
1241,77759-915-41,Amoxicillin Plus,Amoxicillin,Capsule,500mg,Teva
1242,68068-532-42,Ibuprofen Plus,Ibuprofen,Tablet,800mg,McNeil
1243,13508-407-43,Azithromycin Plus,Azithromycin,Tablet,250mg,Pfizer
1244,71314-747-44,Lysinopril Plus,Lisinopril,Tablet,10mg,Sandoz
1245,56221-943-45,Losartan Plus,Losartan Potassium,Tablet,50mg,Merck
1246,83642-537-46,Metformin Plus,Metformin HCl,Tablet,850mg,Mylan
1247,98641-948-47,Amlodipine Plus,Amlodipine Besylate,Tablet,5mg,Novartis
1248,23014-364-48,Omeprazole Plus,Omeprazole,Capsule,20mg,AstraZeneca
1249,84870-333-49,Metoprolol Plus,Metoprolol Succinate,Tablet,50mg,AstraZeneca
1250,30615-179-50,Ibuprofen Plus,Ibuprofen,Tablet,800mg,McNeil
1251,23033-767-51,Amlodipine Plus,Amlodipine Besylate,Tablet,5mg,Novartis
1252,46193-927-52,Azithromycin Plus,Azithromycin,Tablet,250mg,Pfizer
1253,48468-329-53,Lysinopril Plus,Lisinopril,Tablet,10mg,Sandoz
1254,38399-400-54,Azithromycin Plus,Azithromycin,Tablet,250mg,Pfizer
1255,67956-748-55,Omeprazole Plus,Omeprazole,Capsule,20mg,AstraZeneca
1256,47007-656-56,Gabapentin Plus,Gabapentin,Capsule,300mg,Sun Pharma
1257,78143-841-57,Gabapentin Plus,Gabapentin,Capsule,300mg,Sun Pharma
1258,17520-856-58,Omeprazole Plus,Omeprazole,Capsule,20mg,AstraZeneca
1259,86200-653-59,Lysinopril Plus,Lisinopril,Tablet,10mg,Sandoz
1260,83847-201-60,Metformin Plus,Metformin HCl,Tablet,850mg,Mylan
1261,28765-886-61,Lysinopril Plus,Lisinopril,Tablet,10mg,Sandoz
1262,89469-844-62,Ibuprofen Plus,Ibuprofen,Tablet,800mg,McNeil
1263,65226-628-63,Omeprazole Plus,Omeprazole,Capsule,20mg,AstraZeneca
1264,16243-200-64,Levothyroxine Plus,Levothyroxine Sodium,Tablet,50mcg,AbbVie
1265,84921-594-65,Azithromycin Plus,Azithromycin,Tablet,250mg,Pfizer
1266,23506-201-66,Hydrochlorothiazide Plus,Hydrochlorothiazide,Tablet,25mg,Lupin
1267,31170-479-67,Atorvastatin Plus,Atorvastatin Calcium,Tablet,20mg,Pfizer
1268,60929-658-68,Ibuprofen Plus,Ibuprofen,Tablet,800mg,McNeil
1269,85407-266-69,Amoxicillin Plus,Amoxicillin,Capsule,500mg,Teva
1270,57236-791-70,Losartan Plus,Losartan Potassium,Tablet,50mg,Merck
1271,21052-551-71,Atorvastatin Plus,Atorvastatin Calcium,Tablet,20mg,Pfizer
1272,83538-995-72,Sertraline Plus,Sertraline HCl,Tablet,50mg,Pfizer
1273,95820-628-73,Ibuprofen Plus,Ibuprofen,Tablet,800mg,McNeil
1274,64760-967-74,Hydrochlorothiazide Plus,Hydrochlorothiazide,Tablet,25mg,Lupin
1275,36256-146-75,Sertraline Plus,Sertraline HCl,Tablet,50mg,Pfizer
1276,61749-941-76,Amlodipine Plus,Amlodipine Besylate,Tablet,5mg,Novartis
1277,65705-432-77,Levothyroxine Plus,Levothyroxine Sodium,Tablet,50mcg,AbbVie
1278,35722-173-78,Hydrochlorothiazide Plus,Hydrochlorothiazide,Tablet,25mg,Lupin
1279,68390-493-79,Lysinopril Plus,Lisinopril,Tablet,10mg,Sandoz
1280,39016-305-80,Azithromycin Plus,Azithromycin,Tablet,250mg,Pfizer
1281,81571-605-81,Amoxicillin Plus,Amoxicillin,Capsule,500mg,Teva
1282,11669-705-82,Levothyroxine Plus,Levothyroxine Sodium,Tablet,50mcg,AbbVie
1283,10085-421-83,Amlodipine Plus,Amlodipine Besylate,Tablet,5mg,Novartis
1284,62739-887-84,Levothyroxine Plus,Levothyroxine Sodium,Tablet,50mcg,AbbVie
1285,46202-544-85,Metformin Plus,Metformin HCl,Tablet,850mg,Mylan
1286,25867-920-86,Gabapentin Plus,Gabapentin,Capsule,300mg,Sun Pharma
1287,46827-411-87,Albuterol Plus,Albuterol Sulfate,Inhaler,90mcg,GSK
1288,75574-364-88,Hydrochlorothiazide Plus,Hydrochlorothiazide,Tablet,25mg,Lupin
1289,55695-947-89,Lysinopril Plus,Lisinopril,Tablet,10mg,Sandoz
1290,32125-755-90,Atorvastatin Plus,Atorvastatin Calcium,Tablet,20mg,Pfizer
1291,44172-487-91,Levothyroxine Plus,Levothyroxine Sodium,Tablet,50mcg,AbbVie
1292,80500-917-92,Levothyroxine Plus,Levothyroxine Sodium,Tablet,50mcg,AbbVie
1293,18661-316-93,Azithromycin Plus,Azithromycin,Tablet,250mg,Pfizer
1294,60886-686-94,Metoprolol Plus,Metoprolol Succinate,Tablet,50mg,AstraZeneca
1295,74099-275-95,Levothyroxine Plus,Levothyroxine Sodium,Tablet,50mcg,AbbVie
1296,20547-591-96,Amoxicillin Plus,Amoxicillin,Capsule,500mg,Teva
1297,98937-109-97,Azithromycin Plus,Azithromycin,Tablet,250mg,Pfizer
1298,51797-842-98,Omeprazole Plus,Omeprazole,Capsule,20mg,AstraZeneca
1299,80821-954-99,Ibuprofen Plus,Ibuprofen,Tablet,800mg,McNeil
1300,72349-735-00,Hydrochlorothiazide Plus,Hydrochlorothiazide,Tablet,25mg,Lupin
1301,87548-349-01,Hydrochlorothiazide Plus,Hydrochlorothiazide,Tablet,25mg,Lupin
1302,16107-517-02,Atorvastatin Plus,Atorvastatin Calcium,Tablet,20mg,Pfizer
1303,89475-172-03,Amoxicillin Plus,Amoxicillin,Capsule,500mg,Teva
1304,16722-307-04,Omeprazole Plus,Omeprazole,Capsule,20mg,AstraZeneca
1305,61059-824-05,Sertraline Plus,Sertraline HCl,Tablet,50mg,Pfizer
1306,19794-156-06,Amlodipine Plus,Amlodipine Besylate,Tablet,5mg,Novartis
1307,37001-962-07,Metoprolol Plus,Metoprolol Succinate,Tablet,50mg,AstraZeneca
1308,64817-623-08,Amoxicillin Plus,Amoxicillin,Capsule,500mg,Teva
1309,63233-990-09,Losartan Plus,Losartan Potassium,Tablet,50mg,Merck
1310,15059-192-10,Ibuprofen Plus,Ibuprofen,Tablet,800mg,McNeil
1311,77257-674-11,Gabapentin Plus,Gabapentin,Capsule,300mg,Sun Pharma
1312,65573-508-12,Metoprolol Plus,Metoprolol Succinate,Tablet,50mg,AstraZeneca
1313,65470-983-13,Omeprazole Plus,Omeprazole,Capsule,20mg,AstraZeneca
1314,30341-525-14,Metformin Plus,Metformin HCl,Tablet,850mg,Mylan
1315,13874-102-15,Lysinopril Plus,Lisinopril,Tablet,10mg,Sandoz
1316,12852-257-16,Albuterol Plus,Albuterol Sulfate,Inhaler,90mcg,GSK
1317,27070-534-17,Sertraline Plus,Sertraline HCl,Tablet,50mg,Pfizer
1318,70490-843-18,Azithromycin Plus,Azithromycin,Tablet,250mg,Pfizer
1319,65857-331-19,Atorvastatin Plus,Atorvastatin Calcium,Tablet,20mg,Pfizer
1320,13077-851-20,Sertraline Plus,Sertraline HCl,Tablet,50mg,Pfizer
1321,45480-747-21,Albuterol Plus,Albuterol Sulfate,Inhaler,90mcg,GSK
1322,13081-417-22,Albuterol Plus,Albuterol Sulfate,Inhaler,90mcg,GSK
1323,10928-645-23,Omeprazole Plus,Omeprazole,Capsule,20mg,AstraZeneca
1324,20345-287-24,Losartan Plus,Losartan Potassium,Tablet,50mg,Merck
1325,23302-946-25,Lysinopril Plus,Lisinopril,Tablet,10mg,Sandoz
1326,91893-190-26,Albuterol Plus,Albuterol Sulfate,Inhaler,90mcg,GSK
1327,92300-428-27,Atorvastatin Plus,Atorvastatin Calcium,Tablet,20mg,Pfizer
1328,71297-342-28,Gabapentin Plus,Gabapentin,Capsule,300mg,Sun Pharma
1329,24981-958-29,Metformin Plus,Metformin HCl,Tablet,850mg,Mylan
1330,82410-664-30,Azithromycin Plus,Azithromycin,Tablet,250mg,Pfizer
1331,81254-525-31,Ibuprofen Plus,Ibuprofen,Tablet,800mg,McNeil
1332,72769-102-32,Hydrochlorothiazide Plus,Hydrochlorothiazide,Tablet,25mg,Lupin
1333,54656-209-33,Losartan Plus,Losartan Potassium,Tablet,50mg,Merck
1334,20966-737-34,Ibuprofen Plus,Ibuprofen,Tablet,800mg,McNeil
1335,20826-832-35,Lysinopril Plus,Lisinopril,Tablet,10mg,Sandoz
1336,43376-557-36,Levothyroxine Plus,Levothyroxine Sodium,Tablet,50mcg,AbbVie
1337,65757-631-37,Metformin Plus,Metformin HCl,Tablet,850mg,Mylan
1338,19368-195-38,Hydrochlorothiazide Plus,Hydrochlorothiazide,Tablet,25mg,Lupin
1339,10508-738-39,Albuterol Plus,Albuterol Sulfate,Inhaler,90mcg,GSK
1340,16623-745-40,Atorvastatin Plus,Atorvastatin Calcium,Tablet,20mg,Pfizer
1341,20388-188-41,Lysinopril Plus,Lisinopril,Tablet,10mg,Sandoz
1342,11059-338-42,Amlodipine Plus,Amlodipine Besylate,Tablet,5mg,Novartis
1343,66345-567-43,Metoprolol Plus,Metoprolol Succinate,Tablet,50mg,AstraZeneca
1344,15400-561-44,Gabapentin Plus,Gabapentin,Capsule,300mg,Sun Pharma
1345,56263-565-45,Hydrochlorothiazide Plus,Hydrochlorothiazide,Tablet,25mg,Lupin
1346,64208-600-46,Azithromycin Plus,Azithromycin,Tablet,250mg,Pfizer
1347,37845-139-47,Metoprolol Plus,Metoprolol Succinate,Tablet,50mg,AstraZeneca
1348,83212-690-48,Amlodipine Plus,Amlodipine Besylate,Tablet,5mg,Novartis
1349,80368-237-49,Lysinopril Plus,Lisinopril,Tablet,10mg,Sandoz
1350,25240-930-50,Lysinopril Plus,Lisinopril,Tablet,10mg,Sandoz
1351,50433-209-51,Amoxicillin Plus,Amoxicillin,Capsule,500mg,Teva
1352,77400-661-52,Gabapentin Plus,Gabapentin,Capsule,300mg,Sun Pharma
1353,71842-486-53,Omeprazole Plus,Omeprazole,Capsule,20mg,AstraZeneca
1354,27325-422-54,Losartan Plus,Losartan Potassium,Tablet,50mg,Merck
1355,29673-200-55,Gabapentin Plus,Gabapentin,Capsule,300mg,Sun Pharma
1356,93877-780-56,Azithromycin Plus,Azithromycin,Tablet,250mg,Pfizer
1357,35252-231-57,Metoprolol Plus,Metoprolol Succinate,Tablet,50mg,AstraZeneca
1358,70946-162-58,Ibuprofen Plus,Ibuprofen,Tablet,800mg,McNeil
1359,39358-150-59,Ibuprofen Plus,Ibuprofen,Tablet,800mg,McNeil
1360,10410-664-60,Hydrochlorothiazide Plus,Hydrochlorothiazide,Tablet,25mg,Lupin
1361,81599-937-61,Metoprolol Plus,Metoprolol Succinate,Tablet,50mg,AstraZeneca
1362,74253-610-62,Amoxicillin Plus,Amoxicillin,Capsule,500mg,Teva
1363,92661-120-63,Lysinopril Plus,Lisinopril,Tablet,10mg,Sandoz
1364,34677-674-64,Atorvastatin Plus,Atorvastatin Calcium,Tablet,20mg,Pfizer
1365,15736-639-65,Metoprolol Plus,Metoprolol Succinate,Tablet,50mg,AstraZeneca
1366,71779-582-66,Amoxicillin Plus,Amoxicillin,Capsule,500mg,Teva
1367,32685-773-67,Albuterol Plus,Albuterol Sulfate,Inhaler,90mcg,GSK
1368,31763-739-68,Gabapentin Plus,Gabapentin,Capsule,300mg,Sun Pharma
1369,49344-717-69,Atorvastatin Plus,Atorvastatin Calcium,Tablet,20mg,Pfizer
1370,28767-166-70,Atorvastatin Plus,Atorvastatin Calcium,Tablet,20mg,Pfizer
1371,48478-837-71,Omeprazole Plus,Omeprazole,Capsule,20mg,AstraZeneca
1372,20923-188-72,Levothyroxine Plus,Levothyroxine Sodium,Tablet,50mcg,AbbVie
1373,62658-817-73,Losartan Plus,Losartan Potassium,Tablet,50mg,Merck
1374,14899-865-74,Hydrochlorothiazide Plus,Hydrochlorothiazide,Tablet,25mg,Lupin
1375,60102-758-75,Amoxicillin Plus,Amoxicillin,Capsule,500mg,Teva
1376,23019-276-76,Gabapentin Plus,Gabapentin,Capsule,300mg,Sun Pharma
1377,79793-243-77,Hydrochlorothiazide Plus,Hydrochlorothiazide,Tablet,25mg,Lupin
1378,83207-344-78,Albuterol Plus,Albuterol Sulfate,Inhaler,90mcg,GSK
1379,20878-907-79,Atorvastatin Plus,Atorvastatin Calcium,Tablet,20mg,Pfizer
1380,14943-679-80,Lysinopril Plus,Lisinopril,Tablet,10mg,Sandoz
1381,71188-359-81,Omeprazole Plus,Omeprazole,Capsule,20mg,AstraZeneca
1382,83401-169-82,Hydrochlorothiazide Plus,Hydrochlorothiazide,Tablet,25mg,Lupin
1383,24434-225-83,Lysinopril Plus,Lisinopril,Tablet,10mg,Sandoz
1384,51444-232-84,Atorvastatin Plus,Atorvastatin Calcium,Tablet,20mg,Pfizer
1385,68699-710-85,Sertraline Plus,Sertraline HCl,Tablet,50mg,Pfizer
1386,44848-872-86,Levothyroxine Plus,Levothyroxine Sodium,Tablet,50mcg,AbbVie
1387,58495-218-87,Metformin Plus,Metformin HCl,Tablet,850mg,Mylan
1388,49079-349-88,Amoxicillin Plus,Amoxicillin,Capsule,500mg,Teva
1389,41038-555-89,Metoprolol Plus,Metoprolol Succinate,Tablet,50mg,AstraZeneca
1390,56905-670-90,Ibuprofen Plus,Ibuprofen,Tablet,800mg,McNeil
1391,70530-867-91,Albuterol Plus,Albuterol Sulfate,Inhaler,90mcg,GSK
1392,62977-334-92,Metformin Plus,Metformin HCl,Tablet,850mg,Mylan
1393,29243-583-93,Omeprazole Plus,Omeprazole,Capsule,20mg,AstraZeneca
1394,43043-470-94,Ibuprofen Plus,Ibuprofen,Tablet,800mg,McNeil
1395,21751-233-95,Losartan Plus,Losartan Potassium,Tablet,50mg,Merck
1396,95312-149-96,Sertraline Plus,Sertraline HCl,Tablet,50mg,Pfizer
1397,56545-564-97,Hydrochlorothiazide Plus,Hydrochlorothiazide,Tablet,25mg,Lupin
1398,59200-415-98,Metoprolol Plus,Metoprolol Succinate,Tablet,50mg,AstraZeneca
1399,49916-382-99,Losartan Plus,Losartan Potassium,Tablet,50mg,Merck
1400,39897-665-00,Metformin Plus,Metformin HCl,Tablet,850mg,Mylan
1401,35904-210-01,Gabapentin Plus,Gabapentin,Capsule,300mg,Sun Pharma
1402,49960-805-02,Gabapentin Plus,Gabapentin,Capsule,300mg,Sun Pharma
1403,46447-784-03,Metoprolol Plus,Metoprolol Succinate,Tablet,50mg,AstraZeneca
1404,13012-113-04,Metoprolol Plus,Metoprolol Succinate,Tablet,50mg,AstraZeneca
1405,68640-371-05,Gabapentin Plus,Gabapentin,Capsule,300mg,Sun Pharma
1406,86755-128-06,Amlodipine Plus,Amlodipine Besylate,Tablet,5mg,Novartis
1407,17773-839-07,Sertraline Plus,Sertraline HCl,Tablet,50mg,Pfizer
1408,50381-754-08,Metoprolol Plus,Metoprolol Succinate,Tablet,50mg,AstraZeneca
1409,62836-604-09,Sertraline Plus,Sertraline HCl,Tablet,50mg,Pfizer
1410,20387-981-10,Losartan Plus,Losartan Potassium,Tablet,50mg,Merck
1411,65939-781-11,Hydrochlorothiazide Plus,Hydrochlorothiazide,Tablet,25mg,Lupin
1412,48591-233-12,Gabapentin Plus,Gabapentin,Capsule,300mg,Sun Pharma
1413,30495-301-13,Ibuprofen Plus,Ibuprofen,Tablet,800mg,McNeil
1414,10304-499-14,Albuterol Plus,Albuterol Sulfate,Inhaler,90mcg,GSK
1415,66095-136-15,Lysinopril Plus,Lisinopril,Tablet,10mg,Sandoz
1416,15297-918-16,Amlodipine Plus,Amlodipine Besylate,Tablet,5mg,Novartis
1417,86784-623-17,Albuterol Plus,Albuterol Sulfate,Inhaler,90mcg,GSK
1418,73616-371-18,Amoxicillin Plus,Amoxicillin,Capsule,500mg,Teva
1419,84031-421-19,Gabapentin Plus,Gabapentin,Capsule,300mg,Sun Pharma
1420,10627-801-20,Gabapentin Plus,Gabapentin,Capsule,300mg,Sun Pharma
1421,37372-752-21,Losartan Plus,Losartan Potassium,Tablet,50mg,Merck
1422,25385-267-22,Sertraline Plus,Sertraline HCl,Tablet,50mg,Pfizer
1423,33774-235-23,Omeprazole Plus,Omeprazole,Capsule,20mg,AstraZeneca
1424,23063-759-24,Metoprolol Plus,Metoprolol Succinate,Tablet,50mg,AstraZeneca
1425,57855-475-25,Metoprolol Plus,Metoprolol Succinate,Tablet,50mg,AstraZeneca
1426,21147-476-26,Levothyroxine Plus,Levothyroxine Sodium,Tablet,50mcg,AbbVie
1427,59722-642-27,Metformin Plus,Metformin HCl,Tablet,850mg,Mylan
1428,86560-479-28,Azithromycin Plus,Azithromycin,Tablet,250mg,Pfizer
1429,93930-927-29,Lysinopril Plus,Lisinopril,Tablet,10mg,Sandoz
1430,55960-270-30,Albuterol Plus,Albuterol Sulfate,Inhaler,90mcg,GSK
1431,67443-613-31,Omeprazole Plus,Omeprazole,Capsule,20mg,AstraZeneca
1432,35003-119-32,Gabapentin Plus,Gabapentin,Capsule,300mg,Sun Pharma
1433,91069-685-33,Hydrochlorothiazide Plus,Hydrochlorothiazide,Tablet,25mg,Lupin
1434,94879-325-34,Sertraline Plus,Sertraline HCl,Tablet,50mg,Pfizer
1435,46519-200-35,Hydrochlorothiazide Plus,Hydrochlorothiazide,Tablet,25mg,Lupin
1436,58451-730-36,Metoprolol Plus,Metoprolol Succinate,Tablet,50mg,AstraZeneca
1437,59563-814-37,Hydrochlorothiazide Plus,Hydrochlorothiazide,Tablet,25mg,Lupin
1438,39299-934-38,Metoprolol Plus,Metoprolol Succinate,Tablet,50mg,AstraZeneca
1439,11414-221-39,Lysinopril Plus,Lisinopril,Tablet,10mg,Sandoz
1440,70695-535-40,Amoxicillin Plus,Amoxicillin,Capsule,500mg,Teva
1441,91655-747-41,Lysinopril Plus,Lisinopril,Tablet,10mg,Sandoz
1442,59057-586-42,Amlodipine Plus,Amlodipine Besylate,Tablet,5mg,Novartis
1443,17674-581-43,Amoxicillin Plus,Amoxicillin,Capsule,500mg,Teva
1444,32595-861-44,Lysinopril Plus,Lisinopril,Tablet,10mg,Sandoz
1445,17386-378-45,Ibuprofen Plus,Ibuprofen,Tablet,800mg,McNeil
1446,38668-765-46,Amoxicillin Plus,Amoxicillin,Capsule,500mg,Teva
1447,23846-677-47,Lysinopril Plus,Lisinopril,Tablet,10mg,Sandoz
1448,21510-459-48,Ibuprofen Plus,Ibuprofen,Tablet,800mg,McNeil
1449,87072-290-49,Atorvastatin Plus,Atorvastatin Calcium,Tablet,20mg,Pfizer
1450,88168-760-50,Gabapentin Plus,Gabapentin,Capsule,300mg,Sun Pharma
1451,57152-608-51,Atorvastatin Plus,Atorvastatin Calcium,Tablet,20mg,Pfizer
1452,60303-693-52,Metoprolol Plus,Metoprolol Succinate,Tablet,50mg,AstraZeneca
1453,50410-284-53,Atorvastatin Plus,Atorvastatin Calcium,Tablet,20mg,Pfizer
1454,29862-867-54,Lysinopril Plus,Lisinopril,Tablet,10mg,Sandoz
1455,72836-283-55,Hydrochlorothiazide Plus,Hydrochlorothiazide,Tablet,25mg,Lupin
1456,52724-106-56,Losartan Plus,Losartan Potassium,Tablet,50mg,Merck
1457,17082-866-57,Losartan Plus,Losartan Potassium,Tablet,50mg,Merck
1458,82146-902-58,Amlodipine Plus,Amlodipine Besylate,Tablet,5mg,Novartis
1459,47716-459-59,Atorvastatin Plus,Atorvastatin Calcium,Tablet,20mg,Pfizer
1460,39696-594-60,Atorvastatin Plus,Atorvastatin Calcium,Tablet,20mg,Pfizer
1461,92415-767-61,Albuterol Plus,Albuterol Sulfate,Inhaler,90mcg,GSK
1462,40086-944-62,Amlodipine Plus,Amlodipine Besylate,Tablet,5mg,Novartis
1463,28359-993-63,Levothyroxine Plus,Levothyroxine Sodium,Tablet,50mcg,AbbVie
1464,48443-186-64,Omeprazole Plus,Omeprazole,Capsule,20mg,AstraZeneca
1465,60286-616-65,Albuterol Plus,Albuterol Sulfate,Inhaler,90mcg,GSK
1466,97007-888-66,Omeprazole Plus,Omeprazole,Capsule,20mg,AstraZeneca
1467,19500-427-67,Lysinopril Plus,Lisinopril,Tablet,10mg,Sandoz
1468,57922-305-68,Sertraline Plus,Sertraline HCl,Tablet,50mg,Pfizer
1469,21155-424-69,Atorvastatin Plus,Atorvastatin Calcium,Tablet,20mg,Pfizer
1470,69035-232-70,Amoxicillin Plus,Amoxicillin,Capsule,500mg,Teva
1471,55344-104-71,Sertraline Plus,Sertraline HCl,Tablet,50mg,Pfizer
1472,13043-351-72,Sertraline Plus,Sertraline HCl,Tablet,50mg,Pfizer
1473,99074-782-73,Amoxicillin Plus,Amoxicillin,Capsule,500mg,Teva
1474,16919-968-74,Atorvastatin Plus,Atorvastatin Calcium,Tablet,20mg,Pfizer
1475,14299-281-75,Amoxicillin Plus,Amoxicillin,Capsule,500mg,Teva
1476,77097-919-76,Gabapentin Plus,Gabapentin,Capsule,300mg,Sun Pharma
1477,29323-278-77,Metoprolol Plus,Metoprolol Succinate,Tablet,50mg,AstraZeneca
1478,27547-175-78,Atorvastatin Plus,Atorvastatin Calcium,Tablet,20mg,Pfizer
1479,40125-160-79,Albuterol Plus,Albuterol Sulfate,Inhaler,90mcg,GSK
1480,63769-450-80,Azithromycin Plus,Azithromycin,Tablet,250mg,Pfizer
1481,27754-818-81,Hydrochlorothiazide Plus,Hydrochlorothiazide,Tablet,25mg,Lupin
1482,59998-950-82,Amoxicillin Plus,Amoxicillin,Capsule,500mg,Teva
1483,12781-326-83,Losartan Plus,Losartan Potassium,Tablet,50mg,Merck
1484,55835-903-84,Amoxicillin Plus,Amoxicillin,Capsule,500mg,Teva
1485,41516-289-85,Atorvastatin Plus,Atorvastatin Calcium,Tablet,20mg,Pfizer
1486,50936-812-86,Ibuprofen Plus,Ibuprofen,Tablet,800mg,McNeil
1487,50107-993-87,Lysinopril Plus,Lisinopril,Tablet,10mg,Sandoz
1488,58848-117-88,Losartan Plus,Losartan Potassium,Tablet,50mg,Merck
1489,70317-821-89,Levothyroxine Plus,Levothyroxine Sodium,Tablet,50mcg,AbbVie
1490,80530-235-90,Lysinopril Plus,Lisinopril,Tablet,10mg,Sandoz
1491,89440-662-91,Metformin Plus,Metformin HCl,Tablet,850mg,Mylan
1492,77943-467-92,Metoprolol Plus,Metoprolol Succinate,Tablet,50mg,AstraZeneca
1493,90445-125-93,Ibuprofen Plus,Ibuprofen,Tablet,800mg,McNeil
1494,34708-355-94,Metformin Plus,Metformin HCl,Tablet,850mg,Mylan
1495,51802-611-95,Omeprazole Plus,Omeprazole,Capsule,20mg,AstraZeneca
1496,14498-777-96,Amoxicillin Plus,Amoxicillin,Capsule,500mg,Teva
1497,85506-159-97,Levothyroxine Plus,Levothyroxine Sodium,Tablet,50mcg,AbbVie
1498,63495-279-98,Levothyroxine Plus,Levothyroxine Sodium,Tablet,50mcg,AbbVie
1499,14105-893-99,Losartan Plus,Losartan Potassium,Tablet,50mg,Merck
1500,84425-296-00,Amlodipine Plus,Amlodipine Besylate,Tablet,5mg,Novartis
1501,68027-476-01,Amoxicillin Plus,Amoxicillin,Capsule,500mg,Teva
1502,23103-777-02,Amoxicillin Plus,Amoxicillin,Capsule,500mg,Teva
1503,24180-705-03,Hydrochlorothiazide Plus,Hydrochlorothiazide,Tablet,25mg,Lupin
1504,56875-332-04,Omeprazole Plus,Omeprazole,Capsule,20mg,AstraZeneca
1505,26369-936-05,Ibuprofen Plus,Ibuprofen,Tablet,800mg,McNeil
1506,12616-215-06,Levothyroxine Plus,Levothyroxine Sodium,Tablet,50mcg,AbbVie
1507,71295-978-07,Azithromycin Plus,Azithromycin,Tablet,250mg,Pfizer
1508,44536-769-08,Metoprolol Plus,Metoprolol Succinate,Tablet,50mg,AstraZeneca
1509,31648-527-09,Hydrochlorothiazide Plus,Hydrochlorothiazide,Tablet,25mg,Lupin
1510,86696-634-10,Losartan Plus,Losartan Potassium,Tablet,50mg,Merck
1511,77270-407-11,Levothyroxine Plus,Levothyroxine Sodium,Tablet,50mcg,AbbVie
1512,92712-485-12,Levothyroxine Plus,Levothyroxine Sodium,Tablet,50mcg,AbbVie
1513,57605-717-13,Gabapentin Plus,Gabapentin,Capsule,300mg,Sun Pharma
1514,68145-544-14,Losartan Plus,Losartan Potassium,Tablet,50mg,Merck
1515,55884-440-15,Levothyroxine Plus,Levothyroxine Sodium,Tablet,50mcg,AbbVie
1516,93748-423-16,Metformin Plus,Metformin HCl,Tablet,850mg,Mylan
1517,98009-535-17,Amoxicillin Plus,Amoxicillin,Capsule,500mg,Teva
1518,49538-225-18,Ibuprofen Plus,Ibuprofen,Tablet,800mg,McNeil
1519,85167-555-19,Amlodipine Plus,Amlodipine Besylate,Tablet,5mg,Novartis
1520,26287-886-20,Amoxicillin Plus,Amoxicillin,Capsule,500mg,Teva
1521,78875-620-21,Atorvastatin Plus,Atorvastatin Calcium,Tablet,20mg,Pfizer
1522,10869-606-22,Gabapentin Plus,Gabapentin,Capsule,300mg,Sun Pharma
1523,30667-915-23,Gabapentin Plus,Gabapentin,Capsule,300mg,Sun Pharma
1524,63239-292-24,Levothyroxine Plus,Levothyroxine Sodium,Tablet,50mcg,AbbVie
1525,57505-282-25,Sertraline Plus,Sertraline HCl,Tablet,50mg,Pfizer
1526,56020-304-26,Ibuprofen Plus,Ibuprofen,Tablet,800mg,McNeil
1527,36888-219-27,Losartan Plus,Losartan Potassium,Tablet,50mg,Merck
1528,62550-110-28,Atorvastatin Plus,Atorvastatin Calcium,Tablet,20mg,Pfizer
1529,18793-999-29,Sertraline Plus,Sertraline HCl,Tablet,50mg,Pfizer
1530,14438-843-30,Losartan Plus,Losartan Potassium,Tablet,50mg,Merck
1531,45564-935-31,Amoxicillin Plus,Amoxicillin,Capsule,500mg,Teva
1532,52661-865-32,Metoprolol Plus,Metoprolol Succinate,Tablet,50mg,AstraZeneca
1533,47919-770-33,Sertraline Plus,Sertraline HCl,Tablet,50mg,Pfizer
1534,72711-409-34,Amlodipine Plus,Amlodipine Besylate,Tablet,5mg,Novartis
1535,67586-304-35,Lysinopril Plus,Lisinopril,Tablet,10mg,Sandoz
1536,50437-946-36,Albuterol Plus,Albuterol Sulfate,Inhaler,90mcg,GSK
1537,27657-938-37,Albuterol Plus,Albuterol Sulfate,Inhaler,90mcg,GSK
1538,92327-495-38,Amlodipine Plus,Amlodipine Besylate,Tablet,5mg,Novartis
1539,64557-731-39,Amlodipine Plus,Amlodipine Besylate,Tablet,5mg,Novartis
1540,87993-946-40,Atorvastatin Plus,Atorvastatin Calcium,Tablet,20mg,Pfizer
1541,23690-267-41,Metoprolol Plus,Metoprolol Succinate,Tablet,50mg,AstraZeneca
1542,67702-118-42,Atorvastatin Plus,Atorvastatin Calcium,Tablet,20mg,Pfizer
1543,75892-546-43,Atorvastatin Plus,Atorvastatin Calcium,Tablet,20mg,Pfizer
1544,95624-318-44,Levothyroxine Plus,Levothyroxine Sodium,Tablet,50mcg,AbbVie
1545,60750-474-45,Ibuprofen Plus,Ibuprofen,Tablet,800mg,McNeil
1546,86811-124-46,Sertraline Plus,Sertraline HCl,Tablet,50mg,Pfizer
1547,37849-183-47,Levothyroxine Plus,Levothyroxine Sodium,Tablet,50mcg,AbbVie
1548,75882-579-48,Lysinopril Plus,Lisinopril,Tablet,10mg,Sandoz
1549,32260-710-49,Metformin Plus,Metformin HCl,Tablet,850mg,Mylan
1550,17034-293-50,Albuterol Plus,Albuterol Sulfate,Inhaler,90mcg,GSK
1551,32666-456-51,Amlodipine Plus,Amlodipine Besylate,Tablet,5mg,Novartis
1552,24695-146-52,Gabapentin Plus,Gabapentin,Capsule,300mg,Sun Pharma
1553,47121-684-53,Sertraline Plus,Sertraline HCl,Tablet,50mg,Pfizer
1554,42395-868-54,Hydrochlorothiazide Plus,Hydrochlorothiazide,Tablet,25mg,Lupin
1555,22003-701-55,Omeprazole Plus,Omeprazole,Capsule,20mg,AstraZeneca
1556,43851-610-56,Sertraline Plus,Sertraline HCl,Tablet,50mg,Pfizer
1557,38437-656-57,Metformin Plus,Metformin HCl,Tablet,850mg,Mylan
1558,51334-130-58,Levothyroxine Plus,Levothyroxine Sodium,Tablet,50mcg,AbbVie
1559,89348-116-59,Sertraline Plus,Sertraline HCl,Tablet,50mg,Pfizer
1560,20657-657-60,Amoxicillin Plus,Amoxicillin,Capsule,500mg,Teva
1561,98604-517-61,Ibuprofen Plus,Ibuprofen,Tablet,800mg,McNeil
1562,76084-609-62,Gabapentin Plus,Gabapentin,Capsule,300mg,Sun Pharma
1563,22218-873-63,Sertraline Plus,Sertraline HCl,Tablet,50mg,Pfizer
1564,54435-216-64,Hydrochlorothiazide Plus,Hydrochlorothiazide,Tablet,25mg,Lupin
1565,65011-508-65,Sertraline Plus,Sertraline HCl,Tablet,50mg,Pfizer
1566,51566-846-66,Azithromycin Plus,Azithromycin,Tablet,250mg,Pfizer
1567,87309-561-67,Azithromycin Plus,Azithromycin,Tablet,250mg,Pfizer
1568,45918-451-68,Azithromycin Plus,Azithromycin,Tablet,250mg,Pfizer
1569,57123-710-69,Azithromycin Plus,Azithromycin,Tablet,250mg,Pfizer
1570,96744-608-70,Sertraline Plus,Sertraline HCl,Tablet,50mg,Pfizer
1571,65313-744-71,Metoprolol Plus,Metoprolol Succinate,Tablet,50mg,AstraZeneca
1572,22979-773-72,Lysinopril Plus,Lisinopril,Tablet,10mg,Sandoz
1573,45649-437-73,Atorvastatin Plus,Atorvastatin Calcium,Tablet,20mg,Pfizer
1574,60082-296-74,Azithromycin Plus,Azithromycin,Tablet,250mg,Pfizer
1575,97586-172-75,Lysinopril Plus,Lisinopril,Tablet,10mg,Sandoz
1576,35389-277-76,Azithromycin Plus,Azithromycin,Tablet,250mg,Pfizer
1577,84597-840-77,Lysinopril Plus,Lisinopril,Tablet,10mg,Sandoz
1578,11169-544-78,Albuterol Plus,Albuterol Sulfate,Inhaler,90mcg,GSK
1579,55761-105-79,Azithromycin Plus,Azithromycin,Tablet,250mg,Pfizer
1580,96465-398-80,Atorvastatin Plus,Atorvastatin Calcium,Tablet,20mg,Pfizer
1581,72736-806-81,Amlodipine Plus,Amlodipine Besylate,Tablet,5mg,Novartis
1582,38886-409-82,Albuterol Plus,Albuterol Sulfate,Inhaler,90mcg,GSK
1583,52148-605-83,Gabapentin Plus,Gabapentin,Capsule,300mg,Sun Pharma
1584,29024-922-84,Amoxicillin Plus,Amoxicillin,Capsule,500mg,Teva
1585,51694-461-85,Lysinopril Plus,Lisinopril,Tablet,10mg,Sandoz
1586,64620-768-86,Levothyroxine Plus,Levothyroxine Sodium,Tablet,50mcg,AbbVie
1587,48480-630-87,Gabapentin Plus,Gabapentin,Capsule,300mg,Sun Pharma
1588,40971-571-88,Gabapentin Plus,Gabapentin,Capsule,300mg,Sun Pharma
1589,44330-403-89,Levothyroxine Plus,Levothyroxine Sodium,Tablet,50mcg,AbbVie
1590,96603-860-90,Azithromycin Plus,Azithromycin,Tablet,250mg,Pfizer
1591,70247-691-91,Azithromycin Plus,Azithromycin,Tablet,250mg,Pfizer
1592,94610-365-92,Ibuprofen Plus,Ibuprofen,Tablet,800mg,McNeil
1593,11572-732-93,Gabapentin Plus,Gabapentin,Capsule,300mg,Sun Pharma
1594,52911-546-94,Hydrochlorothiazide Plus,Hydrochlorothiazide,Tablet,25mg,Lupin
1595,23411-233-95,Lysinopril Plus,Lisinopril,Tablet,10mg,Sandoz
1596,78209-731-96,Omeprazole Plus,Omeprazole,Capsule,20mg,AstraZeneca
1597,70668-871-97,Metoprolol Plus,Metoprolol Succinate,Tablet,50mg,AstraZeneca
1598,63812-731-98,Ibuprofen Plus,Ibuprofen,Tablet,800mg,McNeil
1599,76074-526-99,Sertraline Plus,Sertraline HCl,Tablet,50mg,Pfizer
1600,48211-725-00,Metoprolol Plus,Metoprolol Succinate,Tablet,50mg,AstraZeneca
1601,12294-615-01,Levothyroxine Plus,Levothyroxine Sodium,Tablet,50mcg,AbbVie
1602,20461-355-02,Gabapentin Plus,Gabapentin,Capsule,300mg,Sun Pharma
1603,71354-393-03,Gabapentin Plus,Gabapentin,Capsule,300mg,Sun Pharma
1604,62822-727-04,Azithromycin Plus,Azithromycin,Tablet,250mg,Pfizer
1605,58944-251-05,Lysinopril Plus,Lisinopril,Tablet,10mg,Sandoz
1606,42325-397-06,Ibuprofen Plus,Ibuprofen,Tablet,800mg,McNeil
1607,95773-957-07,Metoprolol Plus,Metoprolol Succinate,Tablet,50mg,AstraZeneca
1608,83928-265-08,Losartan Plus,Losartan Potassium,Tablet,50mg,Merck
1609,19480-331-09,Omeprazole Plus,Omeprazole,Capsule,20mg,AstraZeneca
1610,33974-829-10,Amlodipine Plus,Amlodipine Besylate,Tablet,5mg,Novartis
1611,50822-771-11,Amoxicillin Plus,Amoxicillin,Capsule,500mg,Teva
1612,43738-989-12,Lysinopril Plus,Lisinopril,Tablet,10mg,Sandoz
1613,71284-497-13,Ibuprofen Plus,Ibuprofen,Tablet,800mg,McNeil
1614,15987-167-14,Ibuprofen Plus,Ibuprofen,Tablet,800mg,McNeil
1615,83290-489-15,Gabapentin Plus,Gabapentin,Capsule,300mg,Sun Pharma
1616,71412-523-16,Omeprazole Plus,Omeprazole,Capsule,20mg,AstraZeneca
1617,99525-567-17,Metoprolol Plus,Metoprolol Succinate,Tablet,50mg,AstraZeneca
1618,97891-789-18,Hydrochlorothiazide Plus,Hydrochlorothiazide,Tablet,25mg,Lupin
1619,79201-613-19,Atorvastatin Plus,Atorvastatin Calcium,Tablet,20mg,Pfizer
1620,82342-562-20,Lysinopril Plus,Lisinopril,Tablet,10mg,Sandoz
1621,66942-894-21,Lysinopril Plus,Lisinopril,Tablet,10mg,Sandoz
1622,19773-537-22,Losartan Plus,Losartan Potassium,Tablet,50mg,Merck
1623,16825-321-23,Lysinopril Plus,Lisinopril,Tablet,10mg,Sandoz
1624,71785-971-24,Hydrochlorothiazide Plus,Hydrochlorothiazide,Tablet,25mg,Lupin
1625,69392-412-25,Sertraline Plus,Sertraline HCl,Tablet,50mg,Pfizer
1626,52983-236-26,Metoprolol Plus,Metoprolol Succinate,Tablet,50mg,AstraZeneca
1627,95015-291-27,Sertraline Plus,Sertraline HCl,Tablet,50mg,Pfizer
1628,25957-833-28,Amoxicillin Plus,Amoxicillin,Capsule,500mg,Teva
1629,57393-609-29,Lysinopril Plus,Lisinopril,Tablet,10mg,Sandoz
1630,66492-124-30,Sertraline Plus,Sertraline HCl,Tablet,50mg,Pfizer
1631,41199-296-31,Metoprolol Plus,Metoprolol Succinate,Tablet,50mg,AstraZeneca
1632,15347-577-32,Ibuprofen Plus,Ibuprofen,Tablet,800mg,McNeil
1633,28676-562-33,Omeprazole Plus,Omeprazole,Capsule,20mg,AstraZeneca
1634,60484-907-34,Sertraline Plus,Sertraline HCl,Tablet,50mg,Pfizer
1635,77709-859-35,Hydrochlorothiazide Plus,Hydrochlorothiazide,Tablet,25mg,Lupin
1636,89765-476-36,Sertraline Plus,Sertraline HCl,Tablet,50mg,Pfizer
1637,74638-350-37,Levothyroxine Plus,Levothyroxine Sodium,Tablet,50mcg,AbbVie
1638,25145-852-38,Hydrochlorothiazide Plus,Hydrochlorothiazide,Tablet,25mg,Lupin
1639,53610-190-39,Amlodipine Plus,Amlodipine Besylate,Tablet,5mg,Novartis
1640,55687-111-40,Hydrochlorothiazide Plus,Hydrochlorothiazide,Tablet,25mg,Lupin
1641,17963-520-41,Albuterol Plus,Albuterol Sulfate,Inhaler,90mcg,GSK
1642,81387-394-42,Gabapentin Plus,Gabapentin,Capsule,300mg,Sun Pharma
1643,83180-833-43,Losartan Plus,Losartan Potassium,Tablet,50mg,Merck
1644,12849-612-44,Omeprazole Plus,Omeprazole,Capsule,20mg,AstraZeneca
1645,52445-200-45,Omeprazole Plus,Omeprazole,Capsule,20mg,AstraZeneca
1646,34774-710-46,Losartan Plus,Losartan Potassium,Tablet,50mg,Merck
1647,67502-432-47,Gabapentin Plus,Gabapentin,Capsule,300mg,Sun Pharma
1648,50572-565-48,Azithromycin Plus,Azithromycin,Tablet,250mg,Pfizer
1649,62736-714-49,Lysinopril Plus,Lisinopril,Tablet,10mg,Sandoz
1650,73003-233-50,Amlodipine Plus,Amlodipine Besylate,Tablet,5mg,Novartis
1651,81975-749-51,Sertraline Plus,Sertraline HCl,Tablet,50mg,Pfizer
1652,77885-741-52,Levothyroxine Plus,Levothyroxine Sodium,Tablet,50mcg,AbbVie
1653,96786-637-53,Atorvastatin Plus,Atorvastatin Calcium,Tablet,20mg,Pfizer
1654,96489-576-54,Omeprazole Plus,Omeprazole,Capsule,20mg,AstraZeneca
1655,94095-938-55,Lysinopril Plus,Lisinopril,Tablet,10mg,Sandoz
1656,80240-651-56,Gabapentin Plus,Gabapentin,Capsule,300mg,Sun Pharma
1657,12174-748-57,Ibuprofen Plus,Ibuprofen,Tablet,800mg,McNeil
1658,77707-990-58,Azithromycin Plus,Azithromycin,Tablet,250mg,Pfizer
1659,89101-374-59,Ibuprofen Plus,Ibuprofen,Tablet,800mg,McNeil
1660,19238-248-60,Metformin Plus,Metformin HCl,Tablet,850mg,Mylan
1661,44855-919-61,Azithromycin Plus,Azithromycin,Tablet,250mg,Pfizer
1662,48595-189-62,Azithromycin Plus,Azithromycin,Tablet,250mg,Pfizer
1663,68042-308-63,Metoprolol Plus,Metoprolol Succinate,Tablet,50mg,AstraZeneca
1664,93159-282-64,Atorvastatin Plus,Atorvastatin Calcium,Tablet,20mg,Pfizer
1665,30942-239-65,Albuterol Plus,Albuterol Sulfate,Inhaler,90mcg,GSK
1666,74035-988-66,Albuterol Plus,Albuterol Sulfate,Inhaler,90mcg,GSK
1667,56687-642-67,Gabapentin Plus,Gabapentin,Capsule,300mg,Sun Pharma
1668,16929-621-68,Hydrochlorothiazide Plus,Hydrochlorothiazide,Tablet,25mg,Lupin
1669,33683-964-69,Metoprolol Plus,Metoprolol Succinate,Tablet,50mg,AstraZeneca
1670,64134-721-70,Losartan Plus,Losartan Potassium,Tablet,50mg,Merck
1671,50607-442-71,Amlodipine Plus,Amlodipine Besylate,Tablet,5mg,Novartis
1672,51579-237-72,Atorvastatin Plus,Atorvastatin Calcium,Tablet,20mg,Pfizer
1673,27040-325-73,Metoprolol Plus,Metoprolol Succinate,Tablet,50mg,AstraZeneca
1674,64469-303-74,Atorvastatin Plus,Atorvastatin Calcium,Tablet,20mg,Pfizer
1675,67823-993-75,Losartan Plus,Losartan Potassium,Tablet,50mg,Merck
1676,58702-724-76,Azithromycin Plus,Azithromycin,Tablet,250mg,Pfizer
1677,70541-710-77,Metoprolol Plus,Metoprolol Succinate,Tablet,50mg,AstraZeneca
1678,95203-948-78,Lysinopril Plus,Lisinopril,Tablet,10mg,Sandoz
1679,76175-409-79,Albuterol Plus,Albuterol Sulfate,Inhaler,90mcg,GSK
1680,83790-795-80,Sertraline Plus,Sertraline HCl,Tablet,50mg,Pfizer
1681,30541-223-81,Omeprazole Plus,Omeprazole,Capsule,20mg,AstraZeneca
1682,84936-765-82,Lysinopril Plus,Lisinopril,Tablet,10mg,Sandoz
1683,35262-617-83,Amlodipine Plus,Amlodipine Besylate,Tablet,5mg,Novartis
1684,58473-998-84,Amlodipine Plus,Amlodipine Besylate,Tablet,5mg,Novartis
1685,98220-640-85,Sertraline Plus,Sertraline HCl,Tablet,50mg,Pfizer
1686,58846-549-86,Losartan Plus,Losartan Potassium,Tablet,50mg,Merck
1687,65704-404-87,Losartan Plus,Losartan Potassium,Tablet,50mg,Merck
1688,52739-219-88,Azithromycin Plus,Azithromycin,Tablet,250mg,Pfizer
1689,44598-596-89,Albuterol Plus,Albuterol Sulfate,Inhaler,90mcg,GSK
1690,27396-530-90,Metoprolol Plus,Metoprolol Succinate,Tablet,50mg,AstraZeneca
1691,47284-543-91,Levothyroxine Plus,Levothyroxine Sodium,Tablet,50mcg,AbbVie
1692,65762-410-92,Sertraline Plus,Sertraline HCl,Tablet,50mg,Pfizer
1693,28882-440-93,Azithromycin Plus,Azithromycin,Tablet,250mg,Pfizer
1694,72384-598-94,Amoxicillin Plus,Amoxicillin,Capsule,500mg,Teva
1695,23063-933-95,Amlodipine Plus,Amlodipine Besylate,Tablet,5mg,Novartis
1696,26097-428-96,Lysinopril Plus,Lisinopril,Tablet,10mg,Sandoz
1697,27319-561-97,Azithromycin Plus,Azithromycin,Tablet,250mg,Pfizer
1698,59512-176-98,Azithromycin Plus,Azithromycin,Tablet,250mg,Pfizer
1699,79693-820-99,Sertraline Plus,Sertraline HCl,Tablet,50mg,Pfizer
1700,20125-750-00,Gabapentin Plus,Gabapentin,Capsule,300mg,Sun Pharma
1701,21834-552-01,Gabapentin Plus,Gabapentin,Capsule,300mg,Sun Pharma
1702,41126-645-02,Sertraline Plus,Sertraline HCl,Tablet,50mg,Pfizer
1703,96026-912-03,Omeprazole Plus,Omeprazole,Capsule,20mg,AstraZeneca
1704,63960-335-04,Hydrochlorothiazide Plus,Hydrochlorothiazide,Tablet,25mg,Lupin
1705,35370-254-05,Sertraline Plus,Sertraline HCl,Tablet,50mg,Pfizer
1706,84280-700-06,Omeprazole Plus,Omeprazole,Capsule,20mg,AstraZeneca
1707,49704-242-07,Ibuprofen Plus,Ibuprofen,Tablet,800mg,McNeil
1708,67220-184-08,Ibuprofen Plus,Ibuprofen,Tablet,800mg,McNeil
1709,46202-993-09,Levothyroxine Plus,Levothyroxine Sodium,Tablet,50mcg,AbbVie
1710,72414-658-10,Omeprazole Plus,Omeprazole,Capsule,20mg,AstraZeneca
1711,13523-288-11,Sertraline Plus,Sertraline HCl,Tablet,50mg,Pfizer
1712,30203-467-12,Levothyroxine Plus,Levothyroxine Sodium,Tablet,50mcg,AbbVie
1713,11557-501-13,Metformin Plus,Metformin HCl,Tablet,850mg,Mylan
1714,86436-209-14,Ibuprofen Plus,Ibuprofen,Tablet,800mg,McNeil
1715,37734-224-15,Lysinopril Plus,Lisinopril,Tablet,10mg,Sandoz
1716,37063-425-16,Atorvastatin Plus,Atorvastatin Calcium,Tablet,20mg,Pfizer
1717,81029-604-17,Ibuprofen Plus,Ibuprofen,Tablet,800mg,McNeil
1718,19971-664-18,Amoxicillin Plus,Amoxicillin,Capsule,500mg,Teva
1719,11037-368-19,Albuterol Plus,Albuterol Sulfate,Inhaler,90mcg,GSK
1720,21070-624-20,Azithromycin Plus,Azithromycin,Tablet,250mg,Pfizer
1721,38572-517-21,Sertraline Plus,Sertraline HCl,Tablet,50mg,Pfizer
1722,60946-922-22,Ibuprofen Plus,Ibuprofen,Tablet,800mg,McNeil
1723,53086-525-23,Azithromycin Plus,Azithromycin,Tablet,250mg,Pfizer
1724,57967-591-24,Metformin Plus,Metformin HCl,Tablet,850mg,Mylan
1725,73880-325-25,Amoxicillin Plus,Amoxicillin,Capsule,500mg,Teva
1726,55380-162-26,Ibuprofen Plus,Ibuprofen,Tablet,800mg,McNeil
1727,14558-883-27,Amlodipine Plus,Amlodipine Besylate,Tablet,5mg,Novartis
1728,62616-795-28,Albuterol Plus,Albuterol Sulfate,Inhaler,90mcg,GSK
1729,38405-497-29,Atorvastatin Plus,Atorvastatin Calcium,Tablet,20mg,Pfizer
1730,15674-778-30,Levothyroxine Plus,Levothyroxine Sodium,Tablet,50mcg,AbbVie
1731,42888-437-31,Metformin Plus,Metformin HCl,Tablet,850mg,Mylan
1732,27427-786-32,Gabapentin Plus,Gabapentin,Capsule,300mg,Sun Pharma
1733,73980-238-33,Losartan Plus,Losartan Potassium,Tablet,50mg,Merck
1734,52400-889-34,Azithromycin Plus,Azithromycin,Tablet,250mg,Pfizer
1735,91922-124-35,Hydrochlorothiazide Plus,Hydrochlorothiazide,Tablet,25mg,Lupin
1736,10060-160-36,Omeprazole Plus,Omeprazole,Capsule,20mg,AstraZeneca
1737,63243-419-37,Losartan Plus,Losartan Potassium,Tablet,50mg,Merck
1738,34048-527-38,Sertraline Plus,Sertraline HCl,Tablet,50mg,Pfizer
1739,21123-881-39,Metformin Plus,Metformin HCl,Tablet,850mg,Mylan
1740,57594-194-40,Atorvastatin Plus,Atorvastatin Calcium,Tablet,20mg,Pfizer
1741,85395-973-41,Amoxicillin Plus,Amoxicillin,Capsule,500mg,Teva
1742,91241-162-42,Omeprazole Plus,Omeprazole,Capsule,20mg,AstraZeneca
1743,12015-243-43,Amoxicillin Plus,Amoxicillin,Capsule,500mg,Teva
1744,78898-853-44,Hydrochlorothiazide Plus,Hydrochlorothiazide,Tablet,25mg,Lupin
1745,23104-357-45,Metoprolol Plus,Metoprolol Succinate,Tablet,50mg,AstraZeneca
1746,50362-918-46,Omeprazole Plus,Omeprazole,Capsule,20mg,AstraZeneca
1747,56133-251-47,Atorvastatin Plus,Atorvastatin Calcium,Tablet,20mg,Pfizer
1748,52677-457-48,Amlodipine Plus,Amlodipine Besylate,Tablet,5mg,Novartis
1749,58786-319-49,Hydrochlorothiazide Plus,Hydrochlorothiazide,Tablet,25mg,Lupin
1750,88036-767-50,Hydrochlorothiazide Plus,Hydrochlorothiazide,Tablet,25mg,Lupin
1751,43566-256-51,Amoxicillin Plus,Amoxicillin,Capsule,500mg,Teva
1752,49266-597-52,Atorvastatin Plus,Atorvastatin Calcium,Tablet,20mg,Pfizer
1753,24250-759-53,Albuterol Plus,Albuterol Sulfate,Inhaler,90mcg,GSK
1754,33315-386-54,Gabapentin Plus,Gabapentin,Capsule,300mg,Sun Pharma
1755,14862-697-55,Hydrochlorothiazide Plus,Hydrochlorothiazide,Tablet,25mg,Lupin
1756,22628-519-56,Gabapentin Plus,Gabapentin,Capsule,300mg,Sun Pharma
1757,64909-747-57,Sertraline Plus,Sertraline HCl,Tablet,50mg,Pfizer
1758,21820-982-58,Levothyroxine Plus,Levothyroxine Sodium,Tablet,50mcg,AbbVie
1759,98918-968-59,Atorvastatin Plus,Atorvastatin Calcium,Tablet,20mg,Pfizer
1760,87878-995-60,Sertraline Plus,Sertraline HCl,Tablet,50mg,Pfizer
1761,87158-520-61,Gabapentin Plus,Gabapentin,Capsule,300mg,Sun Pharma
1762,18303-965-62,Omeprazole Plus,Omeprazole,Capsule,20mg,AstraZeneca
1763,22907-708-63,Azithromycin Plus,Azithromycin,Tablet,250mg,Pfizer
1764,65715-729-64,Amoxicillin Plus,Amoxicillin,Capsule,500mg,Teva
1765,31491-716-65,Amlodipine Plus,Amlodipine Besylate,Tablet,5mg,Novartis
1766,53722-835-66,Azithromycin Plus,Azithromycin,Tablet,250mg,Pfizer
1767,80665-801-67,Amoxicillin Plus,Amoxicillin,Capsule,500mg,Teva
1768,99659-319-68,Losartan Plus,Losartan Potassium,Tablet,50mg,Merck
1769,30223-497-69,Sertraline Plus,Sertraline HCl,Tablet,50mg,Pfizer
1770,23082-673-70,Hydrochlorothiazide Plus,Hydrochlorothiazide,Tablet,25mg,Lupin
1771,68942-832-71,Azithromycin Plus,Azithromycin,Tablet,250mg,Pfizer
1772,44153-613-72,Metoprolol Plus,Metoprolol Succinate,Tablet,50mg,AstraZeneca
1773,63197-613-73,Albuterol Plus,Albuterol Sulfate,Inhaler,90mcg,GSK
1774,57486-656-74,Losartan Plus,Losartan Potassium,Tablet,50mg,Merck
1775,31556-269-75,Albuterol Plus,Albuterol Sulfate,Inhaler,90mcg,GSK
1776,51963-571-76,Levothyroxine Plus,Levothyroxine Sodium,Tablet,50mcg,AbbVie
1777,61347-676-77,Gabapentin Plus,Gabapentin,Capsule,300mg,Sun Pharma
1778,10540-947-78,Metoprolol Plus,Metoprolol Succinate,Tablet,50mg,AstraZeneca
1779,79567-510-79,Metformin Plus,Metformin HCl,Tablet,850mg,Mylan
1780,56985-469-80,Hydrochlorothiazide Plus,Hydrochlorothiazide,Tablet,25mg,Lupin
1781,31648-608-81,Gabapentin Plus,Gabapentin,Capsule,300mg,Sun Pharma
1782,37924-228-82,Gabapentin Plus,Gabapentin,Capsule,300mg,Sun Pharma
1783,88347-707-83,Albuterol Plus,Albuterol Sulfate,Inhaler,90mcg,GSK
1784,52798-390-84,Atorvastatin Plus,Atorvastatin Calcium,Tablet,20mg,Pfizer
1785,47467-655-85,Sertraline Plus,Sertraline HCl,Tablet,50mg,Pfizer
1786,36129-122-86,Lysinopril Plus,Lisinopril,Tablet,10mg,Sandoz
1787,33788-125-87,Omeprazole Plus,Omeprazole,Capsule,20mg,AstraZeneca
1788,94874-281-88,Atorvastatin Plus,Atorvastatin Calcium,Tablet,20mg,Pfizer
1789,57493-303-89,Albuterol Plus,Albuterol Sulfate,Inhaler,90mcg,GSK
1790,43890-553-90,Azithromycin Plus,Azithromycin,Tablet,250mg,Pfizer
1791,47603-602-91,Lysinopril Plus,Lisinopril,Tablet,10mg,Sandoz
1792,93571-882-92,Losartan Plus,Losartan Potassium,Tablet,50mg,Merck
1793,16475-833-93,Losartan Plus,Losartan Potassium,Tablet,50mg,Merck
1794,23903-181-94,Ibuprofen Plus,Ibuprofen,Tablet,800mg,McNeil
1795,22395-821-95,Lysinopril Plus,Lisinopril,Tablet,10mg,Sandoz
1796,39773-814-96,Losartan Plus,Losartan Potassium,Tablet,50mg,Merck
1797,98966-642-97,Hydrochlorothiazide Plus,Hydrochlorothiazide,Tablet,25mg,Lupin
1798,25111-975-98,Albuterol Plus,Albuterol Sulfate,Inhaler,90mcg,GSK
1799,46693-678-99,Lysinopril Plus,Lisinopril,Tablet,10mg,Sandoz
1800,98411-589-00,Lysinopril Plus,Lisinopril,Tablet,10mg,Sandoz
1801,16905-753-01,Albuterol Plus,Albuterol Sulfate,Inhaler,90mcg,GSK
1802,83326-371-02,Sertraline Plus,Sertraline HCl,Tablet,50mg,Pfizer
1803,55907-813-03,Losartan Plus,Losartan Potassium,Tablet,50mg,Merck
1804,70830-699-04,Metoprolol Plus,Metoprolol Succinate,Tablet,50mg,AstraZeneca
1805,81753-256-05,Losartan Plus,Losartan Potassium,Tablet,50mg,Merck
1806,26178-532-06,Gabapentin Plus,Gabapentin,Capsule,300mg,Sun Pharma
1807,18000-699-07,Amoxicillin Plus,Amoxicillin,Capsule,500mg,Teva
1808,44271-389-08,Gabapentin Plus,Gabapentin,Capsule,300mg,Sun Pharma
1809,44126-726-09,Metoprolol Plus,Metoprolol Succinate,Tablet,50mg,AstraZeneca
1810,86992-623-10,Lysinopril Plus,Lisinopril,Tablet,10mg,Sandoz
1811,73851-226-11,Amoxicillin Plus,Amoxicillin,Capsule,500mg,Teva
1812,91716-404-12,Hydrochlorothiazide Plus,Hydrochlorothiazide,Tablet,25mg,Lupin
1813,55817-592-13,Metoprolol Plus,Metoprolol Succinate,Tablet,50mg,AstraZeneca
1814,11297-888-14,Lysinopril Plus,Lisinopril,Tablet,10mg,Sandoz
1815,82980-168-15,Metoprolol Plus,Metoprolol Succinate,Tablet,50mg,AstraZeneca
1816,35909-746-16,Losartan Plus,Losartan Potassium,Tablet,50mg,Merck
1817,71034-137-17,Amoxicillin Plus,Amoxicillin,Capsule,500mg,Teva
1818,63718-108-18,Hydrochlorothiazide Plus,Hydrochlorothiazide,Tablet,25mg,Lupin
1819,20887-439-19,Azithromycin Plus,Azithromycin,Tablet,250mg,Pfizer
1820,27119-329-20,Atorvastatin Plus,Atorvastatin Calcium,Tablet,20mg,Pfizer
1821,11717-399-21,Lysinopril Plus,Lisinopril,Tablet,10mg,Sandoz
1822,84876-836-22,Hydrochlorothiazide Plus,Hydrochlorothiazide,Tablet,25mg,Lupin
1823,17055-432-23,Lysinopril Plus,Lisinopril,Tablet,10mg,Sandoz
1824,86798-470-24,Albuterol Plus,Albuterol Sulfate,Inhaler,90mcg,GSK
1825,57232-317-25,Lysinopril Plus,Lisinopril,Tablet,10mg,Sandoz
1826,83455-307-26,Amoxicillin Plus,Amoxicillin,Capsule,500mg,Teva
1827,63310-462-27,Azithromycin Plus,Azithromycin,Tablet,250mg,Pfizer
1828,83026-966-28,Lysinopril Plus,Lisinopril,Tablet,10mg,Sandoz
1829,67068-173-29,Amlodipine Plus,Amlodipine Besylate,Tablet,5mg,Novartis
1830,53630-960-30,Azithromycin Plus,Azithromycin,Tablet,250mg,Pfizer
1831,72077-438-31,Ibuprofen Plus,Ibuprofen,Tablet,800mg,McNeil
1832,34021-691-32,Losartan Plus,Losartan Potassium,Tablet,50mg,Merck
1833,37157-461-33,Hydrochlorothiazide Plus,Hydrochlorothiazide,Tablet,25mg,Lupin
1834,40960-216-34,Metformin Plus,Metformin HCl,Tablet,850mg,Mylan
1835,49165-245-35,Ibuprofen Plus,Ibuprofen,Tablet,800mg,McNeil
1836,54038-276-36,Gabapentin Plus,Gabapentin,Capsule,300mg,Sun Pharma
1837,77516-854-37,Gabapentin Plus,Gabapentin,Capsule,300mg,Sun Pharma
1838,70642-595-38,Gabapentin Plus,Gabapentin,Capsule,300mg,Sun Pharma
1839,70996-540-39,Lysinopril Plus,Lisinopril,Tablet,10mg,Sandoz
1840,83004-420-40,Metformin Plus,Metformin HCl,Tablet,850mg,Mylan
1841,98170-213-41,Ibuprofen Plus,Ibuprofen,Tablet,800mg,McNeil
1842,42397-844-42,Hydrochlorothiazide Plus,Hydrochlorothiazide,Tablet,25mg,Lupin
1843,65602-803-43,Losartan Plus,Losartan Potassium,Tablet,50mg,Merck
1844,27161-403-44,Losartan Plus,Losartan Potassium,Tablet,50mg,Merck
1845,93741-973-45,Ibuprofen Plus,Ibuprofen,Tablet,800mg,McNeil
1846,17799-747-46,Metoprolol Plus,Metoprolol Succinate,Tablet,50mg,AstraZeneca
1847,16446-392-47,Sertraline Plus,Sertraline HCl,Tablet,50mg,Pfizer
1848,26423-501-48,Amlodipine Plus,Amlodipine Besylate,Tablet,5mg,Novartis
1849,55365-392-49,Metoprolol Plus,Metoprolol Succinate,Tablet,50mg,AstraZeneca
1850,66763-134-50,Levothyroxine Plus,Levothyroxine Sodium,Tablet,50mcg,AbbVie
1851,73989-556-51,Azithromycin Plus,Azithromycin,Tablet,250mg,Pfizer
1852,60644-185-52,Albuterol Plus,Albuterol Sulfate,Inhaler,90mcg,GSK
1853,54918-294-53,Sertraline Plus,Sertraline HCl,Tablet,50mg,Pfizer
1854,57329-963-54,Lysinopril Plus,Lisinopril,Tablet,10mg,Sandoz
1855,71064-957-55,Azithromycin Plus,Azithromycin,Tablet,250mg,Pfizer
1856,17118-940-56,Azithromycin Plus,Azithromycin,Tablet,250mg,Pfizer
1857,29450-337-57,Lysinopril Plus,Lisinopril,Tablet,10mg,Sandoz
1858,41650-650-58,Omeprazole Plus,Omeprazole,Capsule,20mg,AstraZeneca
1859,64404-997-59,Albuterol Plus,Albuterol Sulfate,Inhaler,90mcg,GSK
1860,81277-382-60,Albuterol Plus,Albuterol Sulfate,Inhaler,90mcg,GSK
1861,80194-854-61,Metformin Plus,Metformin HCl,Tablet,850mg,Mylan
1862,85876-360-62,Gabapentin Plus,Gabapentin,Capsule,300mg,Sun Pharma
1863,28215-997-63,Hydrochlorothiazide Plus,Hydrochlorothiazide,Tablet,25mg,Lupin
1864,98321-689-64,Ibuprofen Plus,Ibuprofen,Tablet,800mg,McNeil
1865,54444-255-65,Losartan Plus,Losartan Potassium,Tablet,50mg,Merck
1866,14065-415-66,Sertraline Plus,Sertraline HCl,Tablet,50mg,Pfizer
1867,53109-751-67,Gabapentin Plus,Gabapentin,Capsule,300mg,Sun Pharma
1868,54748-746-68,Atorvastatin Plus,Atorvastatin Calcium,Tablet,20mg,Pfizer
1869,12740-133-69,Levothyroxine Plus,Levothyroxine Sodium,Tablet,50mcg,AbbVie
1870,16553-252-70,Amlodipine Plus,Amlodipine Besylate,Tablet,5mg,Novartis
1871,36565-391-71,Lysinopril Plus,Lisinopril,Tablet,10mg,Sandoz
1872,53223-269-72,Lysinopril Plus,Lisinopril,Tablet,10mg,Sandoz
1873,20468-154-73,Levothyroxine Plus,Levothyroxine Sodium,Tablet,50mcg,AbbVie
1874,84856-929-74,Albuterol Plus,Albuterol Sulfate,Inhaler,90mcg,GSK
1875,90215-671-75,Omeprazole Plus,Omeprazole,Capsule,20mg,AstraZeneca
1876,92621-995-76,Lysinopril Plus,Lisinopril,Tablet,10mg,Sandoz
1877,20521-685-77,Metoprolol Plus,Metoprolol Succinate,Tablet,50mg,AstraZeneca
1878,31020-478-78,Metoprolol Plus,Metoprolol Succinate,Tablet,50mg,AstraZeneca
1879,75317-254-79,Levothyroxine Plus,Levothyroxine Sodium,Tablet,50mcg,AbbVie
1880,51100-178-80,Hydrochlorothiazide Plus,Hydrochlorothiazide,Tablet,25mg,Lupin
1881,39843-246-81,Metoprolol Plus,Metoprolol Succinate,Tablet,50mg,AstraZeneca
1882,22248-861-82,Gabapentin Plus,Gabapentin,Capsule,300mg,Sun Pharma
1883,23778-747-83,Sertraline Plus,Sertraline HCl,Tablet,50mg,Pfizer
1884,82713-876-84,Metoprolol Plus,Metoprolol Succinate,Tablet,50mg,AstraZeneca
1885,36144-224-85,Amlodipine Plus,Amlodipine Besylate,Tablet,5mg,Novartis
1886,76635-785-86,Amlodipine Plus,Amlodipine Besylate,Tablet,5mg,Novartis
1887,64375-783-87,Lysinopril Plus,Lisinopril,Tablet,10mg,Sandoz
1888,38222-644-88,Metoprolol Plus,Metoprolol Succinate,Tablet,50mg,AstraZeneca
1889,77293-241-89,Amoxicillin Plus,Amoxicillin,Capsule,500mg,Teva
1890,31328-265-90,Gabapentin Plus,Gabapentin,Capsule,300mg,Sun Pharma
1891,30742-699-91,Amoxicillin Plus,Amoxicillin,Capsule,500mg,Teva
1892,71810-351-92,Amoxicillin Plus,Amoxicillin,Capsule,500mg,Teva
1893,75795-241-93,Levothyroxine Plus,Levothyroxine Sodium,Tablet,50mcg,AbbVie
1894,23933-135-94,Amlodipine Plus,Amlodipine Besylate,Tablet,5mg,Novartis
1895,94794-811-95,Metformin Plus,Metformin HCl,Tablet,850mg,Mylan
1896,66303-240-96,Amoxicillin Plus,Amoxicillin,Capsule,500mg,Teva
1897,52317-958-97,Ibuprofen Plus,Ibuprofen,Tablet,800mg,McNeil
1898,55334-279-98,Albuterol Plus,Albuterol Sulfate,Inhaler,90mcg,GSK
1899,31219-274-99,Azithromycin Plus,Azithromycin,Tablet,250mg,Pfizer
1900,99112-173-00,Azithromycin Plus,Azithromycin,Tablet,250mg,Pfizer
1901,34754-806-01,Ibuprofen Plus,Ibuprofen,Tablet,800mg,McNeil
1902,32439-257-02,Albuterol Plus,Albuterol Sulfate,Inhaler,90mcg,GSK
1903,15979-785-03,Amlodipine Plus,Amlodipine Besylate,Tablet,5mg,Novartis
1904,42979-841-04,Azithromycin Plus,Azithromycin,Tablet,250mg,Pfizer
1905,95074-983-05,Omeprazole Plus,Omeprazole,Capsule,20mg,AstraZeneca
1906,25541-385-06,Sertraline Plus,Sertraline HCl,Tablet,50mg,Pfizer
1907,19720-947-07,Levothyroxine Plus,Levothyroxine Sodium,Tablet,50mcg,AbbVie
1908,86166-894-08,Gabapentin Plus,Gabapentin,Capsule,300mg,Sun Pharma
1909,45091-865-09,Hydrochlorothiazide Plus,Hydrochlorothiazide,Tablet,25mg,Lupin
1910,19452-476-10,Lysinopril Plus,Lisinopril,Tablet,10mg,Sandoz
1911,14625-495-11,Losartan Plus,Losartan Potassium,Tablet,50mg,Merck
1912,68406-137-12,Albuterol Plus,Albuterol Sulfate,Inhaler,90mcg,GSK
1913,18408-120-13,Omeprazole Plus,Omeprazole,Capsule,20mg,AstraZeneca
1914,25277-765-14,Omeprazole Plus,Omeprazole,Capsule,20mg,AstraZeneca
1915,74357-169-15,Amoxicillin Plus,Amoxicillin,Capsule,500mg,Teva
1916,24118-322-16,Hydrochlorothiazide Plus,Hydrochlorothiazide,Tablet,25mg,Lupin
1917,81836-201-17,Metformin Plus,Metformin HCl,Tablet,850mg,Mylan
1918,91622-328-18,Metoprolol Plus,Metoprolol Succinate,Tablet,50mg,AstraZeneca
1919,43371-979-19,Losartan Plus,Losartan Potassium,Tablet,50mg,Merck
1920,13263-431-20,Sertraline Plus,Sertraline HCl,Tablet,50mg,Pfizer
1921,41151-810-21,Albuterol Plus,Albuterol Sulfate,Inhaler,90mcg,GSK
1922,34899-119-22,Amlodipine Plus,Amlodipine Besylate,Tablet,5mg,Novartis
1923,25855-692-23,Hydrochlorothiazide Plus,Hydrochlorothiazide,Tablet,25mg,Lupin
1924,36724-316-24,Lysinopril Plus,Lisinopril,Tablet,10mg,Sandoz
1925,33671-851-25,Levothyroxine Plus,Levothyroxine Sodium,Tablet,50mcg,AbbVie
1926,26511-613-26,Levothyroxine Plus,Levothyroxine Sodium,Tablet,50mcg,AbbVie
1927,93127-665-27,Losartan Plus,Losartan Potassium,Tablet,50mg,Merck
1928,79336-173-28,Ibuprofen Plus,Ibuprofen,Tablet,800mg,McNeil
1929,64429-319-29,Ibuprofen Plus,Ibuprofen,Tablet,800mg,McNeil
1930,18923-128-30,Lysinopril Plus,Lisinopril,Tablet,10mg,Sandoz
1931,97825-287-31,Azithromycin Plus,Azithromycin,Tablet,250mg,Pfizer
1932,49156-103-32,Azithromycin Plus,Azithromycin,Tablet,250mg,Pfizer
1933,17786-194-33,Sertraline Plus,Sertraline HCl,Tablet,50mg,Pfizer
1934,73844-467-34,Ibuprofen Plus,Ibuprofen,Tablet,800mg,McNeil
1935,21822-725-35,Lysinopril Plus,Lisinopril,Tablet,10mg,Sandoz
1936,96167-941-36,Metformin Plus,Metformin HCl,Tablet,850mg,Mylan
1937,98019-425-37,Omeprazole Plus,Omeprazole,Capsule,20mg,AstraZeneca
1938,20973-390-38,Azithromycin Plus,Azithromycin,Tablet,250mg,Pfizer
1939,19820-830-39,Amoxicillin Plus,Amoxicillin,Capsule,500mg,Teva
1940,92092-887-40,Levothyroxine Plus,Levothyroxine Sodium,Tablet,50mcg,AbbVie
1941,54675-513-41,Sertraline Plus,Sertraline HCl,Tablet,50mg,Pfizer
1942,45160-243-42,Hydrochlorothiazide Plus,Hydrochlorothiazide,Tablet,25mg,Lupin
1943,11251-740-43,Azithromycin Plus,Azithromycin,Tablet,250mg,Pfizer
1944,59391-566-44,Metoprolol Plus,Metoprolol Succinate,Tablet,50mg,AstraZeneca
1945,10793-897-45,Omeprazole Plus,Omeprazole,Capsule,20mg,AstraZeneca
1946,14130-585-46,Sertraline Plus,Sertraline HCl,Tablet,50mg,Pfizer
1947,86552-320-47,Levothyroxine Plus,Levothyroxine Sodium,Tablet,50mcg,AbbVie
1948,78020-997-48,Gabapentin Plus,Gabapentin,Capsule,300mg,Sun Pharma
1949,10871-376-49,Lysinopril Plus,Lisinopril,Tablet,10mg,Sandoz
1950,98225-839-50,Gabapentin Plus,Gabapentin,Capsule,300mg,Sun Pharma
1951,77392-199-51,Azithromycin Plus,Azithromycin,Tablet,250mg,Pfizer
1952,27325-284-52,Albuterol Plus,Albuterol Sulfate,Inhaler,90mcg,GSK
1953,13054-816-53,Metoprolol Plus,Metoprolol Succinate,Tablet,50mg,AstraZeneca
1954,36432-994-54,Gabapentin Plus,Gabapentin,Capsule,300mg,Sun Pharma
1955,48390-925-55,Hydrochlorothiazide Plus,Hydrochlorothiazide,Tablet,25mg,Lupin
1956,32363-155-56,Azithromycin Plus,Azithromycin,Tablet,250mg,Pfizer
1957,79278-802-57,Losartan Plus,Losartan Potassium,Tablet,50mg,Merck
1958,71501-730-58,Metoprolol Plus,Metoprolol Succinate,Tablet,50mg,AstraZeneca
1959,53989-887-59,Sertraline Plus,Sertraline HCl,Tablet,50mg,Pfizer
1960,17219-555-60,Lysinopril Plus,Lisinopril,Tablet,10mg,Sandoz
1961,92281-601-61,Amlodipine Plus,Amlodipine Besylate,Tablet,5mg,Novartis
1962,21649-816-62,Amlodipine Plus,Amlodipine Besylate,Tablet,5mg,Novartis
1963,11485-568-63,Omeprazole Plus,Omeprazole,Capsule,20mg,AstraZeneca
1964,21663-710-64,Levothyroxine Plus,Levothyroxine Sodium,Tablet,50mcg,AbbVie
1965,51746-211-65,Levothyroxine Plus,Levothyroxine Sodium,Tablet,50mcg,AbbVie
1966,31579-473-66,Losartan Plus,Losartan Potassium,Tablet,50mg,Merck
1967,14267-630-67,Sertraline Plus,Sertraline HCl,Tablet,50mg,Pfizer
1968,33553-829-68,Albuterol Plus,Albuterol Sulfate,Inhaler,90mcg,GSK
1969,24601-585-69,Losartan Plus,Losartan Potassium,Tablet,50mg,Merck
1970,38070-491-70,Azithromycin Plus,Azithromycin,Tablet,250mg,Pfizer
1971,12092-150-71,Amlodipine Plus,Amlodipine Besylate,Tablet,5mg,Novartis
1972,53978-556-72,Levothyroxine Plus,Levothyroxine Sodium,Tablet,50mcg,AbbVie
1973,50964-121-73,Levothyroxine Plus,Levothyroxine Sodium,Tablet,50mcg,AbbVie
1974,19020-409-74,Gabapentin Plus,Gabapentin,Capsule,300mg,Sun Pharma
1975,37975-786-75,Atorvastatin Plus,Atorvastatin Calcium,Tablet,20mg,Pfizer
1976,82375-108-76,Losartan Plus,Losartan Potassium,Tablet,50mg,Merck
1977,99639-611-77,Azithromycin Plus,Azithromycin,Tablet,250mg,Pfizer
1978,82688-208-78,Metformin Plus,Metformin HCl,Tablet,850mg,Mylan
1979,18202-467-79,Metoprolol Plus,Metoprolol Succinate,Tablet,50mg,AstraZeneca
1980,38373-676-80,Levothyroxine Plus,Levothyroxine Sodium,Tablet,50mcg,AbbVie
1981,11157-127-81,Gabapentin Plus,Gabapentin,Capsule,300mg,Sun Pharma
1982,22258-434-82,Sertraline Plus,Sertraline HCl,Tablet,50mg,Pfizer
1983,75880-803-83,Amoxicillin Plus,Amoxicillin,Capsule,500mg,Teva
1984,41953-334-84,Hydrochlorothiazide Plus,Hydrochlorothiazide,Tablet,25mg,Lupin
1985,72250-137-85,Metoprolol Plus,Metoprolol Succinate,Tablet,50mg,AstraZeneca
1986,59873-300-86,Losartan Plus,Losartan Potassium,Tablet,50mg,Merck
1987,18854-198-87,Sertraline Plus,Sertraline HCl,Tablet,50mg,Pfizer
1988,80735-501-88,Losartan Plus,Losartan Potassium,Tablet,50mg,Merck
1989,71184-591-89,Sertraline Plus,Sertraline HCl,Tablet,50mg,Pfizer
1990,41985-789-90,Sertraline Plus,Sertraline HCl,Tablet,50mg,Pfizer
1991,97560-985-91,Metoprolol Plus,Metoprolol Succinate,Tablet,50mg,AstraZeneca
1992,60187-760-92,Losartan Plus,Losartan Potassium,Tablet,50mg,Merck
1993,95628-932-93,Amlodipine Plus,Amlodipine Besylate,Tablet,5mg,Novartis
1994,70354-395-94,Amlodipine Plus,Amlodipine Besylate,Tablet,5mg,Novartis
1995,14102-996-95,Amlodipine Plus,Amlodipine Besylate,Tablet,5mg,Novartis
1996,48657-280-96,Amlodipine Plus,Amlodipine Besylate,Tablet,5mg,Novartis
1997,62242-714-97,Hydrochlorothiazide Plus,Hydrochlorothiazide,Tablet,25mg,Lupin
1998,12281-398-98,Levothyroxine Plus,Levothyroxine Sodium,Tablet,50mcg,AbbVie
1999,11807-139-99,Losartan Plus,Losartan Potassium,Tablet,50mg,Merck
2000,43882-886-00,Omeprazole Plus,Omeprazole,Capsule,20mg,AstraZeneca
2001,70850-408-01,Amoxicillin Plus,Amoxicillin,Capsule,500mg,Teva
2002,61218-545-02,Gabapentin Plus,Gabapentin,Capsule,300mg,Sun Pharma
2003,89595-585-03,Amoxicillin Plus,Amoxicillin,Capsule,500mg,Teva
2004,70629-929-04,Hydrochlorothiazide Plus,Hydrochlorothiazide,Tablet,25mg,Lupin
2005,96990-977-05,Atorvastatin Plus,Atorvastatin Calcium,Tablet,20mg,Pfizer
2006,87268-612-06,Metoprolol Plus,Metoprolol Succinate,Tablet,50mg,AstraZeneca
2007,52555-196-07,Gabapentin Plus,Gabapentin,Capsule,300mg,Sun Pharma
2008,55755-954-08,Omeprazole Plus,Omeprazole,Capsule,20mg,AstraZeneca
2009,51876-336-09,Losartan Plus,Losartan Potassium,Tablet,50mg,Merck
2010,66417-248-10,Metoprolol Plus,Metoprolol Succinate,Tablet,50mg,AstraZeneca
2011,53198-606-11,Amlodipine Plus,Amlodipine Besylate,Tablet,5mg,Novartis
2012,94701-949-12,Amlodipine Plus,Amlodipine Besylate,Tablet,5mg,Novartis
2013,70930-630-13,Albuterol Plus,Albuterol Sulfate,Inhaler,90mcg,GSK
2014,84684-349-14,Atorvastatin Plus,Atorvastatin Calcium,Tablet,20mg,Pfizer
2015,47852-683-15,Amoxicillin Plus,Amoxicillin,Capsule,500mg,Teva
2016,47331-421-16,Albuterol Plus,Albuterol Sulfate,Inhaler,90mcg,GSK
2017,71166-782-17,Metoprolol Plus,Metoprolol Succinate,Tablet,50mg,AstraZeneca
2018,84208-564-18,Metformin Plus,Metformin HCl,Tablet,850mg,Mylan
2019,73223-662-19,Metoprolol Plus,Metoprolol Succinate,Tablet,50mg,AstraZeneca
2020,13987-693-20,Losartan Plus,Losartan Potassium,Tablet,50mg,Merck
2021,75383-581-21,Ibuprofen Plus,Ibuprofen,Tablet,800mg,McNeil
2022,31288-711-22,Atorvastatin Plus,Atorvastatin Calcium,Tablet,20mg,Pfizer
2023,94622-308-23,Amlodipine Plus,Amlodipine Besylate,Tablet,5mg,Novartis
2024,88127-122-24,Omeprazole Plus,Omeprazole,Capsule,20mg,AstraZeneca
2025,36537-802-25,Sertraline Plus,Sertraline HCl,Tablet,50mg,Pfizer
2026,86406-722-26,Sertraline Plus,Sertraline HCl,Tablet,50mg,Pfizer
2027,48567-207-27,Hydrochlorothiazide Plus,Hydrochlorothiazide,Tablet,25mg,Lupin
2028,78663-642-28,Azithromycin Plus,Azithromycin,Tablet,250mg,Pfizer
2029,50493-946-29,Hydrochlorothiazide Plus,Hydrochlorothiazide,Tablet,25mg,Lupin
2030,52142-686-30,Gabapentin Plus,Gabapentin,Capsule,300mg,Sun Pharma
2031,92887-206-31,Losartan Plus,Losartan Potassium,Tablet,50mg,Merck
2032,73246-115-32,Sertraline Plus,Sertraline HCl,Tablet,50mg,Pfizer
2033,86628-128-33,Omeprazole Plus,Omeprazole,Capsule,20mg,AstraZeneca
2034,52039-674-34,Amlodipine Plus,Amlodipine Besylate,Tablet,5mg,Novartis
2035,61149-605-35,Gabapentin Plus,Gabapentin,Capsule,300mg,Sun Pharma
2036,68265-935-36,Albuterol Plus,Albuterol Sulfate,Inhaler,90mcg,GSK
2037,60682-277-37,Metformin Plus,Metformin HCl,Tablet,850mg,Mylan
2038,32488-457-38,Ibuprofen Plus,Ibuprofen,Tablet,800mg,McNeil
2039,24947-904-39,Hydrochlorothiazide Plus,Hydrochlorothiazide,Tablet,25mg,Lupin
2040,83882-731-40,Atorvastatin Plus,Atorvastatin Calcium,Tablet,20mg,Pfizer
2041,47419-642-41,Amlodipine Plus,Amlodipine Besylate,Tablet,5mg,Novartis
2042,17372-865-42,Losartan Plus,Losartan Potassium,Tablet,50mg,Merck
2043,33088-317-43,Metformin Plus,Metformin HCl,Tablet,850mg,Mylan
2044,13871-420-44,Omeprazole Plus,Omeprazole,Capsule,20mg,AstraZeneca
2045,44563-954-45,Azithromycin Plus,Azithromycin,Tablet,250mg,Pfizer
2046,51233-393-46,Metoprolol Plus,Metoprolol Succinate,Tablet,50mg,AstraZeneca
2047,48355-930-47,Metoprolol Plus,Metoprolol Succinate,Tablet,50mg,AstraZeneca
2048,62682-221-48,Metoprolol Plus,Metoprolol Succinate,Tablet,50mg,AstraZeneca
2049,77522-189-49,Atorvastatin Plus,Atorvastatin Calcium,Tablet,20mg,Pfizer
2050,39491-678-50,Amoxicillin Plus,Amoxicillin,Capsule,500mg,Teva
2051,87145-523-51,Losartan Plus,Losartan Potassium,Tablet,50mg,Merck
2052,43546-112-52,Amoxicillin Plus,Amoxicillin,Capsule,500mg,Teva
2053,69811-870-53,Hydrochlorothiazide Plus,Hydrochlorothiazide,Tablet,25mg,Lupin
2054,10012-838-54,Albuterol Plus,Albuterol Sulfate,Inhaler,90mcg,GSK
2055,31479-111-55,Gabapentin Plus,Gabapentin,Capsule,300mg,Sun Pharma
2056,85635-904-56,Hydrochlorothiazide Plus,Hydrochlorothiazide,Tablet,25mg,Lupin
2057,49546-149-57,Omeprazole Plus,Omeprazole,Capsule,20mg,AstraZeneca
2058,73221-687-58,Metformin Plus,Metformin HCl,Tablet,850mg,Mylan
2059,86016-533-59,Atorvastatin Plus,Atorvastatin Calcium,Tablet,20mg,Pfizer
2060,20910-585-60,Gabapentin Plus,Gabapentin,Capsule,300mg,Sun Pharma
2061,77848-513-61,Gabapentin Plus,Gabapentin,Capsule,300mg,Sun Pharma
2062,39164-768-62,Albuterol Plus,Albuterol Sulfate,Inhaler,90mcg,GSK
2063,38836-538-63,Lysinopril Plus,Lisinopril,Tablet,10mg,Sandoz
2064,47701-398-64,Metformin Plus,Metformin HCl,Tablet,850mg,Mylan
2065,28394-431-65,Levothyroxine Plus,Levothyroxine Sodium,Tablet,50mcg,AbbVie
2066,60357-374-66,Levothyroxine Plus,Levothyroxine Sodium,Tablet,50mcg,AbbVie
2067,95527-266-67,Levothyroxine Plus,Levothyroxine Sodium,Tablet,50mcg,AbbVie
2068,28772-384-68,Hydrochlorothiazide Plus,Hydrochlorothiazide,Tablet,25mg,Lupin
2069,55022-815-69,Sertraline Plus,Sertraline HCl,Tablet,50mg,Pfizer
2070,16783-800-70,Losartan Plus,Losartan Potassium,Tablet,50mg,Merck
2071,71102-381-71,Hydrochlorothiazide Plus,Hydrochlorothiazide,Tablet,25mg,Lupin
2072,92672-353-72,Albuterol Plus,Albuterol Sulfate,Inhaler,90mcg,GSK
2073,94641-543-73,Metoprolol Plus,Metoprolol Succinate,Tablet,50mg,AstraZeneca
2074,21151-203-74,Levothyroxine Plus,Levothyroxine Sodium,Tablet,50mcg,AbbVie
2075,62565-586-75,Amlodipine Plus,Amlodipine Besylate,Tablet,5mg,Novartis
2076,67941-982-76,Losartan Plus,Losartan Potassium,Tablet,50mg,Merck
2077,74731-836-77,Lysinopril Plus,Lisinopril,Tablet,10mg,Sandoz
2078,19939-588-78,Losartan Plus,Losartan Potassium,Tablet,50mg,Merck
2079,16739-474-79,Sertraline Plus,Sertraline HCl,Tablet,50mg,Pfizer
2080,17406-230-80,Lysinopril Plus,Lisinopril,Tablet,10mg,Sandoz
2081,66903-529-81,Azithromycin Plus,Azithromycin,Tablet,250mg,Pfizer
2082,70870-303-82,Azithromycin Plus,Azithromycin,Tablet,250mg,Pfizer
2083,39441-248-83,Omeprazole Plus,Omeprazole,Capsule,20mg,AstraZeneca
2084,49782-438-84,Gabapentin Plus,Gabapentin,Capsule,300mg,Sun Pharma
2085,15895-905-85,Amoxicillin Plus,Amoxicillin,Capsule,500mg,Teva
2086,12926-740-86,Amoxicillin Plus,Amoxicillin,Capsule,500mg,Teva
2087,15676-765-87,Lysinopril Plus,Lisinopril,Tablet,10mg,Sandoz
2088,79182-914-88,Amlodipine Plus,Amlodipine Besylate,Tablet,5mg,Novartis
2089,85374-589-89,Omeprazole Plus,Omeprazole,Capsule,20mg,AstraZeneca
2090,97928-162-90,Amoxicillin Plus,Amoxicillin,Capsule,500mg,Teva
2091,53313-226-91,Omeprazole Plus,Omeprazole,Capsule,20mg,AstraZeneca
2092,49196-965-92,Lysinopril Plus,Lisinopril,Tablet,10mg,Sandoz
2093,53594-178-93,Sertraline Plus,Sertraline HCl,Tablet,50mg,Pfizer
2094,73442-197-94,Atorvastatin Plus,Atorvastatin Calcium,Tablet,20mg,Pfizer
2095,77825-820-95,Hydrochlorothiazide Plus,Hydrochlorothiazide,Tablet,25mg,Lupin
2096,40148-207-96,Sertraline Plus,Sertraline HCl,Tablet,50mg,Pfizer
2097,71258-884-97,Metformin Plus,Metformin HCl,Tablet,850mg,Mylan
2098,71768-693-98,Amoxicillin Plus,Amoxicillin,Capsule,500mg,Teva
2099,95131-850-99,Atorvastatin Plus,Atorvastatin Calcium,Tablet,20mg,Pfizer
2100,83641-759-00,Azithromycin Plus,Azithromycin,Tablet,250mg,Pfizer
2101,82589-802-01,Amlodipine Plus,Amlodipine Besylate,Tablet,5mg,Novartis
2102,64732-898-02,Metoprolol Plus,Metoprolol Succinate,Tablet,50mg,AstraZeneca
2103,71430-218-03,Amlodipine Plus,Amlodipine Besylate,Tablet,5mg,Novartis
2104,46200-777-04,Metoprolol Plus,Metoprolol Succinate,Tablet,50mg,AstraZeneca
2105,67139-761-05,Sertraline Plus,Sertraline HCl,Tablet,50mg,Pfizer
2106,90676-272-06,Albuterol Plus,Albuterol Sulfate,Inhaler,90mcg,GSK
2107,59616-559-07,Lysinopril Plus,Lisinopril,Tablet,10mg,Sandoz
2108,40064-161-08,Lysinopril Plus,Lisinopril,Tablet,10mg,Sandoz
2109,78339-575-09,Amoxicillin Plus,Amoxicillin,Capsule,500mg,Teva
2110,18830-152-10,Levothyroxine Plus,Levothyroxine Sodium,Tablet,50mcg,AbbVie
2111,28652-657-11,Levothyroxine Plus,Levothyroxine Sodium,Tablet,50mcg,AbbVie
2112,10111-913-12,Metformin Plus,Metformin HCl,Tablet,850mg,Mylan
2113,41903-795-13,Ibuprofen Plus,Ibuprofen,Tablet,800mg,McNeil
2114,89300-381-14,Metoprolol Plus,Metoprolol Succinate,Tablet,50mg,AstraZeneca
2115,82565-307-15,Losartan Plus,Losartan Potassium,Tablet,50mg,Merck
2116,92471-340-16,Hydrochlorothiazide Plus,Hydrochlorothiazide,Tablet,25mg,Lupin
2117,25944-306-17,Metformin Plus,Metformin HCl,Tablet,850mg,Mylan
2118,54911-614-18,Amlodipine Plus,Amlodipine Besylate,Tablet,5mg,Novartis
2119,23556-256-19,Azithromycin Plus,Azithromycin,Tablet,250mg,Pfizer
2120,82094-768-20,Albuterol Plus,Albuterol Sulfate,Inhaler,90mcg,GSK
2121,44531-128-21,Albuterol Plus,Albuterol Sulfate,Inhaler,90mcg,GSK
2122,75656-358-22,Amoxicillin Plus,Amoxicillin,Capsule,500mg,Teva
2123,78709-216-23,Metformin Plus,Metformin HCl,Tablet,850mg,Mylan
2124,77475-963-24,Ibuprofen Plus,Ibuprofen,Tablet,800mg,McNeil
2125,22057-667-25,Amlodipine Plus,Amlodipine Besylate,Tablet,5mg,Novartis
2126,67680-691-26,Albuterol Plus,Albuterol Sulfate,Inhaler,90mcg,GSK
2127,46066-973-27,Omeprazole Plus,Omeprazole,Capsule,20mg,AstraZeneca
2128,25395-880-28,Lysinopril Plus,Lisinopril,Tablet,10mg,Sandoz
2129,41881-888-29,Ibuprofen Plus,Ibuprofen,Tablet,800mg,McNeil
2130,34290-921-30,Sertraline Plus,Sertraline HCl,Tablet,50mg,Pfizer
2131,21980-372-31,Amlodipine Plus,Amlodipine Besylate,Tablet,5mg,Novartis
2132,10503-709-32,Amoxicillin Plus,Amoxicillin,Capsule,500mg,Teva
2133,16670-547-33,Atorvastatin Plus,Atorvastatin Calcium,Tablet,20mg,Pfizer
2134,82538-467-34,Hydrochlorothiazide Plus,Hydrochlorothiazide,Tablet,25mg,Lupin
2135,95428-238-35,Gabapentin Plus,Gabapentin,Capsule,300mg,Sun Pharma
2136,32448-658-36,Levothyroxine Plus,Levothyroxine Sodium,Tablet,50mcg,AbbVie
2137,34049-555-37,Gabapentin Plus,Gabapentin,Capsule,300mg,Sun Pharma
2138,41558-309-38,Hydrochlorothiazide Plus,Hydrochlorothiazide,Tablet,25mg,Lupin
2139,99401-690-39,Albuterol Plus,Albuterol Sulfate,Inhaler,90mcg,GSK
2140,40000-622-40,Omeprazole Plus,Omeprazole,Capsule,20mg,AstraZeneca
2141,19703-295-41,Hydrochlorothiazide Plus,Hydrochlorothiazide,Tablet,25mg,Lupin
2142,79714-235-42,Metoprolol Plus,Metoprolol Succinate,Tablet,50mg,AstraZeneca
2143,31710-826-43,Metformin Plus,Metformin HCl,Tablet,850mg,Mylan
2144,71055-326-44,Omeprazole Plus,Omeprazole,Capsule,20mg,AstraZeneca
2145,27886-750-45,Atorvastatin Plus,Atorvastatin Calcium,Tablet,20mg,Pfizer
2146,28203-760-46,Metoprolol Plus,Metoprolol Succinate,Tablet,50mg,AstraZeneca
2147,91716-485-47,Losartan Plus,Losartan Potassium,Tablet,50mg,Merck
2148,53390-197-48,Omeprazole Plus,Omeprazole,Capsule,20mg,AstraZeneca
2149,41769-159-49,Azithromycin Plus,Azithromycin,Tablet,250mg,Pfizer
2150,40394-504-50,Sertraline Plus,Sertraline HCl,Tablet,50mg,Pfizer
2151,58643-654-51,Lysinopril Plus,Lisinopril,Tablet,10mg,Sandoz
2152,33618-231-52,Azithromycin Plus,Azithromycin,Tablet,250mg,Pfizer
2153,25028-900-53,Atorvastatin Plus,Atorvastatin Calcium,Tablet,20mg,Pfizer
2154,66691-295-54,Omeprazole Plus,Omeprazole,Capsule,20mg,AstraZeneca
2155,62199-224-55,Atorvastatin Plus,Atorvastatin Calcium,Tablet,20mg,Pfizer
2156,10867-318-56,Atorvastatin Plus,Atorvastatin Calcium,Tablet,20mg,Pfizer
2157,76337-997-57,Hydrochlorothiazide Plus,Hydrochlorothiazide,Tablet,25mg,Lupin
2158,42279-553-58,Amlodipine Plus,Amlodipine Besylate,Tablet,5mg,Novartis
2159,34858-803-59,Losartan Plus,Losartan Potassium,Tablet,50mg,Merck
2160,99738-773-60,Ibuprofen Plus,Ibuprofen,Tablet,800mg,McNeil
2161,67360-934-61,Lysinopril Plus,Lisinopril,Tablet,10mg,Sandoz
2162,84938-701-62,Amoxicillin Plus,Amoxicillin,Capsule,500mg,Teva
2163,48554-298-63,Metformin Plus,Metformin HCl,Tablet,850mg,Mylan
2164,48457-712-64,Losartan Plus,Losartan Potassium,Tablet,50mg,Merck
2165,82275-142-65,Omeprazole Plus,Omeprazole,Capsule,20mg,AstraZeneca
2166,18599-366-66,Hydrochlorothiazide Plus,Hydrochlorothiazide,Tablet,25mg,Lupin
2167,28262-591-67,Metformin Plus,Metformin HCl,Tablet,850mg,Mylan
2168,81242-965-68,Sertraline Plus,Sertraline HCl,Tablet,50mg,Pfizer
2169,23308-791-69,Metoprolol Plus,Metoprolol Succinate,Tablet,50mg,AstraZeneca
2170,72840-476-70,Metoprolol Plus,Metoprolol Succinate,Tablet,50mg,AstraZeneca
2171,32599-150-71,Amlodipine Plus,Amlodipine Besylate,Tablet,5mg,Novartis
2172,99300-785-72,Gabapentin Plus,Gabapentin,Capsule,300mg,Sun Pharma
2173,53658-647-73,Lysinopril Plus,Lisinopril,Tablet,10mg,Sandoz
2174,34465-919-74,Ibuprofen Plus,Ibuprofen,Tablet,800mg,McNeil
2175,55455-333-75,Metformin Plus,Metformin HCl,Tablet,850mg,Mylan
2176,66194-636-76,Omeprazole Plus,Omeprazole,Capsule,20mg,AstraZeneca
2177,65083-393-77,Albuterol Plus,Albuterol Sulfate,Inhaler,90mcg,GSK
2178,94322-355-78,Metoprolol Plus,Metoprolol Succinate,Tablet,50mg,AstraZeneca
2179,70387-621-79,Ibuprofen Plus,Ibuprofen,Tablet,800mg,McNeil
2180,53632-322-80,Gabapentin Plus,Gabapentin,Capsule,300mg,Sun Pharma
2181,70511-256-81,Albuterol Plus,Albuterol Sulfate,Inhaler,90mcg,GSK
2182,31199-917-82,Amlodipine Plus,Amlodipine Besylate,Tablet,5mg,Novartis
2183,44080-128-83,Levothyroxine Plus,Levothyroxine Sodium,Tablet,50mcg,AbbVie
2184,35202-466-84,Amlodipine Plus,Amlodipine Besylate,Tablet,5mg,Novartis
2185,98454-984-85,Levothyroxine Plus,Levothyroxine Sodium,Tablet,50mcg,AbbVie
2186,22178-158-86,Ibuprofen Plus,Ibuprofen,Tablet,800mg,McNeil
2187,38504-632-87,Albuterol Plus,Albuterol Sulfate,Inhaler,90mcg,GSK
2188,91121-234-88,Levothyroxine Plus,Levothyroxine Sodium,Tablet,50mcg,AbbVie
2189,66732-634-89,Lysinopril Plus,Lisinopril,Tablet,10mg,Sandoz
2190,41552-733-90,Metformin Plus,Metformin HCl,Tablet,850mg,Mylan
2191,27768-125-91,Sertraline Plus,Sertraline HCl,Tablet,50mg,Pfizer
2192,12735-570-92,Atorvastatin Plus,Atorvastatin Calcium,Tablet,20mg,Pfizer
2193,40734-722-93,Gabapentin Plus,Gabapentin,Capsule,300mg,Sun Pharma
2194,53679-231-94,Albuterol Plus,Albuterol Sulfate,Inhaler,90mcg,GSK
2195,90132-415-95,Lysinopril Plus,Lisinopril,Tablet,10mg,Sandoz
2196,53854-478-96,Sertraline Plus,Sertraline HCl,Tablet,50mg,Pfizer
2197,74169-428-97,Metoprolol Plus,Metoprolol Succinate,Tablet,50mg,AstraZeneca
2198,28590-453-98,Losartan Plus,Losartan Potassium,Tablet,50mg,Merck
2199,47281-620-99,Lysinopril Plus,Lisinopril,Tablet,10mg,Sandoz
2200,49481-574-00,Metformin Plus,Metformin HCl,Tablet,850mg,Mylan
2201,92261-662-01,Hydrochlorothiazide Plus,Hydrochlorothiazide,Tablet,25mg,Lupin
2202,62986-851-02,Sertraline Plus,Sertraline HCl,Tablet,50mg,Pfizer
2203,85686-252-03,Albuterol Plus,Albuterol Sulfate,Inhaler,90mcg,GSK
2204,33628-258-04,Metoprolol Plus,Metoprolol Succinate,Tablet,50mg,AstraZeneca
2205,10553-405-05,Sertraline Plus,Sertraline HCl,Tablet,50mg,Pfizer
2206,56400-198-06,Azithromycin Plus,Azithromycin,Tablet,250mg,Pfizer
2207,31776-324-07,Levothyroxine Plus,Levothyroxine Sodium,Tablet,50mcg,AbbVie
2208,78128-768-08,Metoprolol Plus,Metoprolol Succinate,Tablet,50mg,AstraZeneca
2209,33860-465-09,Sertraline Plus,Sertraline HCl,Tablet,50mg,Pfizer
2210,73067-831-10,Atorvastatin Plus,Atorvastatin Calcium,Tablet,20mg,Pfizer
2211,79403-113-11,Gabapentin Plus,Gabapentin,Capsule,300mg,Sun Pharma
2212,49116-386-12,Gabapentin Plus,Gabapentin,Capsule,300mg,Sun Pharma
2213,56706-102-13,Gabapentin Plus,Gabapentin,Capsule,300mg,Sun Pharma
2214,46478-166-14,Azithromycin Plus,Azithromycin,Tablet,250mg,Pfizer
2215,47084-356-15,Metformin Plus,Metformin HCl,Tablet,850mg,Mylan
2216,62034-298-16,Metformin Plus,Metformin HCl,Tablet,850mg,Mylan
2217,59312-181-17,Losartan Plus,Losartan Potassium,Tablet,50mg,Merck
2218,31405-808-18,Lysinopril Plus,Lisinopril,Tablet,10mg,Sandoz
2219,50143-637-19,Ibuprofen Plus,Ibuprofen,Tablet,800mg,McNeil
2220,81312-538-20,Levothyroxine Plus,Levothyroxine Sodium,Tablet,50mcg,AbbVie
2221,77290-957-21,Amlodipine Plus,Amlodipine Besylate,Tablet,5mg,Novartis
2222,29123-631-22,Levothyroxine Plus,Levothyroxine Sodium,Tablet,50mcg,AbbVie
2223,49267-902-23,Losartan Plus,Losartan Potassium,Tablet,50mg,Merck
2224,65731-652-24,Ibuprofen Plus,Ibuprofen,Tablet,800mg,McNeil
2225,98469-772-25,Levothyroxine Plus,Levothyroxine Sodium,Tablet,50mcg,AbbVie
2226,49484-727-26,Losartan Plus,Losartan Potassium,Tablet,50mg,Merck
2227,88241-251-27,Sertraline Plus,Sertraline HCl,Tablet,50mg,Pfizer
2228,58659-369-28,Sertraline Plus,Sertraline HCl,Tablet,50mg,Pfizer
2229,91516-628-29,Sertraline Plus,Sertraline HCl,Tablet,50mg,Pfizer
2230,15140-156-30,Metoprolol Plus,Metoprolol Succinate,Tablet,50mg,AstraZeneca
2231,69409-817-31,Omeprazole Plus,Omeprazole,Capsule,20mg,AstraZeneca
2232,92832-210-32,Sertraline Plus,Sertraline HCl,Tablet,50mg,Pfizer
2233,45701-408-33,Amlodipine Plus,Amlodipine Besylate,Tablet,5mg,Novartis
2234,47488-863-34,Losartan Plus,Losartan Potassium,Tablet,50mg,Merck
2235,32743-167-35,Gabapentin Plus,Gabapentin,Capsule,300mg,Sun Pharma
2236,15582-671-36,Losartan Plus,Losartan Potassium,Tablet,50mg,Merck
2237,86479-889-37,Amoxicillin Plus,Amoxicillin,Capsule,500mg,Teva
2238,92337-893-38,Lysinopril Plus,Lisinopril,Tablet,10mg,Sandoz
2239,97770-523-39,Levothyroxine Plus,Levothyroxine Sodium,Tablet,50mcg,AbbVie
2240,27911-269-40,Metoprolol Plus,Metoprolol Succinate,Tablet,50mg,AstraZeneca
2241,67169-304-41,Lysinopril Plus,Lisinopril,Tablet,10mg,Sandoz
2242,96788-454-42,Metformin Plus,Metformin HCl,Tablet,850mg,Mylan
2243,93413-129-43,Azithromycin Plus,Azithromycin,Tablet,250mg,Pfizer
2244,38314-903-44,Amoxicillin Plus,Amoxicillin,Capsule,500mg,Teva
2245,56326-975-45,Ibuprofen Plus,Ibuprofen,Tablet,800mg,McNeil
2246,23490-166-46,Albuterol Plus,Albuterol Sulfate,Inhaler,90mcg,GSK
2247,98076-152-47,Metoprolol Plus,Metoprolol Succinate,Tablet,50mg,AstraZeneca
2248,64922-841-48,Albuterol Plus,Albuterol Sulfate,Inhaler,90mcg,GSK
2249,66617-711-49,Lysinopril Plus,Lisinopril,Tablet,10mg,Sandoz
2250,22444-806-50,Ibuprofen Plus,Ibuprofen,Tablet,800mg,McNeil
2251,30661-984-51,Atorvastatin Plus,Atorvastatin Calcium,Tablet,20mg,Pfizer
2252,71268-386-52,Hydrochlorothiazide Plus,Hydrochlorothiazide,Tablet,25mg,Lupin
2253,22403-551-53,Albuterol Plus,Albuterol Sulfate,Inhaler,90mcg,GSK
2254,35742-596-54,Amlodipine Plus,Amlodipine Besylate,Tablet,5mg,Novartis
2255,77362-387-55,Ibuprofen Plus,Ibuprofen,Tablet,800mg,McNeil
2256,32070-793-56,Losartan Plus,Losartan Potassium,Tablet,50mg,Merck
2257,48117-802-57,Hydrochlorothiazide Plus,Hydrochlorothiazide,Tablet,25mg,Lupin
2258,67657-600-58,Hydrochlorothiazide Plus,Hydrochlorothiazide,Tablet,25mg,Lupin
2259,69162-567-59,Gabapentin Plus,Gabapentin,Capsule,300mg,Sun Pharma
2260,59873-272-60,Sertraline Plus,Sertraline HCl,Tablet,50mg,Pfizer
2261,66855-200-61,Lysinopril Plus,Lisinopril,Tablet,10mg,Sandoz
2262,98932-518-62,Gabapentin Plus,Gabapentin,Capsule,300mg,Sun Pharma
2263,84128-977-63,Azithromycin Plus,Azithromycin,Tablet,250mg,Pfizer
2264,21081-962-64,Gabapentin Plus,Gabapentin,Capsule,300mg,Sun Pharma
2265,77871-473-65,Albuterol Plus,Albuterol Sulfate,Inhaler,90mcg,GSK
2266,96676-594-66,Hydrochlorothiazide Plus,Hydrochlorothiazide,Tablet,25mg,Lupin
2267,93884-399-67,Metformin Plus,Metformin HCl,Tablet,850mg,Mylan
2268,24955-305-68,Atorvastatin Plus,Atorvastatin Calcium,Tablet,20mg,Pfizer
2269,51334-505-69,Azithromycin Plus,Azithromycin,Tablet,250mg,Pfizer
2270,71843-480-70,Atorvastatin Plus,Atorvastatin Calcium,Tablet,20mg,Pfizer
2271,21793-685-71,Amoxicillin Plus,Amoxicillin,Capsule,500mg,Teva
2272,49156-710-72,Amlodipine Plus,Amlodipine Besylate,Tablet,5mg,Novartis
2273,21340-666-73,Metformin Plus,Metformin HCl,Tablet,850mg,Mylan
2274,13391-975-74,Metformin Plus,Metformin HCl,Tablet,850mg,Mylan
2275,17924-588-75,Albuterol Plus,Albuterol Sulfate,Inhaler,90mcg,GSK
2276,56184-553-76,Albuterol Plus,Albuterol Sulfate,Inhaler,90mcg,GSK
2277,89114-684-77,Losartan Plus,Losartan Potassium,Tablet,50mg,Merck
2278,79762-554-78,Amlodipine Plus,Amlodipine Besylate,Tablet,5mg,Novartis
2279,71617-892-79,Azithromycin Plus,Azithromycin,Tablet,250mg,Pfizer
2280,86701-130-80,Albuterol Plus,Albuterol Sulfate,Inhaler,90mcg,GSK
2281,68580-825-81,Amlodipine Plus,Amlodipine Besylate,Tablet,5mg,Novartis
2282,88903-178-82,Metformin Plus,Metformin HCl,Tablet,850mg,Mylan
2283,89864-891-83,Gabapentin Plus,Gabapentin,Capsule,300mg,Sun Pharma
2284,18286-803-84,Ibuprofen Plus,Ibuprofen,Tablet,800mg,McNeil
2285,58690-847-85,Amlodipine Plus,Amlodipine Besylate,Tablet,5mg,Novartis
2286,95611-938-86,Metoprolol Plus,Metoprolol Succinate,Tablet,50mg,AstraZeneca
2287,87086-769-87,Metformin Plus,Metformin HCl,Tablet,850mg,Mylan
2288,22088-739-88,Albuterol Plus,Albuterol Sulfate,Inhaler,90mcg,GSK
2289,11773-122-89,Azithromycin Plus,Azithromycin,Tablet,250mg,Pfizer
2290,14902-308-90,Atorvastatin Plus,Atorvastatin Calcium,Tablet,20mg,Pfizer
2291,93764-909-91,Levothyroxine Plus,Levothyroxine Sodium,Tablet,50mcg,AbbVie
2292,65923-488-92,Metformin Plus,Metformin HCl,Tablet,850mg,Mylan
2293,70893-131-93,Losartan Plus,Losartan Potassium,Tablet,50mg,Merck
2294,52372-711-94,Sertraline Plus,Sertraline HCl,Tablet,50mg,Pfizer
2295,58999-276-95,Ibuprofen Plus,Ibuprofen,Tablet,800mg,McNeil
2296,46881-862-96,Metformin Plus,Metformin HCl,Tablet,850mg,Mylan
2297,22277-525-97,Gabapentin Plus,Gabapentin,Capsule,300mg,Sun Pharma
2298,75691-586-98,Metformin Plus,Metformin HCl,Tablet,850mg,Mylan
2299,82120-141-99,Omeprazole Plus,Omeprazole,Capsule,20mg,AstraZeneca
2300,23658-689-00,Metoprolol Plus,Metoprolol Succinate,Tablet,50mg,AstraZeneca
2301,53181-275-01,Metformin Plus,Metformin HCl,Tablet,850mg,Mylan
2302,73867-298-02,Azithromycin Plus,Azithromycin,Tablet,250mg,Pfizer
2303,34723-460-03,Ibuprofen Plus,Ibuprofen,Tablet,800mg,McNeil
2304,17166-392-04,Sertraline Plus,Sertraline HCl,Tablet,50mg,Pfizer
2305,81081-380-05,Levothyroxine Plus,Levothyroxine Sodium,Tablet,50mcg,AbbVie
2306,33382-746-06,Gabapentin Plus,Gabapentin,Capsule,300mg,Sun Pharma
2307,98833-813-07,Losartan Plus,Losartan Potassium,Tablet,50mg,Merck
2308,39924-242-08,Atorvastatin Plus,Atorvastatin Calcium,Tablet,20mg,Pfizer
2309,12224-396-09,Ibuprofen Plus,Ibuprofen,Tablet,800mg,McNeil
2310,57757-385-10,Amoxicillin Plus,Amoxicillin,Capsule,500mg,Teva
2311,95477-867-11,Azithromycin Plus,Azithromycin,Tablet,250mg,Pfizer
2312,63995-285-12,Metformin Plus,Metformin HCl,Tablet,850mg,Mylan
2313,31378-645-13,Losartan Plus,Losartan Potassium,Tablet,50mg,Merck
2314,92175-868-14,Gabapentin Plus,Gabapentin,Capsule,300mg,Sun Pharma
2315,70998-235-15,Hydrochlorothiazide Plus,Hydrochlorothiazide,Tablet,25mg,Lupin
2316,33029-391-16,Omeprazole Plus,Omeprazole,Capsule,20mg,AstraZeneca
2317,19624-483-17,Levothyroxine Plus,Levothyroxine Sodium,Tablet,50mcg,AbbVie
2318,18235-912-18,Levothyroxine Plus,Levothyroxine Sodium,Tablet,50mcg,AbbVie
2319,87494-857-19,Atorvastatin Plus,Atorvastatin Calcium,Tablet,20mg,Pfizer
2320,64910-854-20,Losartan Plus,Losartan Potassium,Tablet,50mg,Merck
2321,72605-246-21,Hydrochlorothiazide Plus,Hydrochlorothiazide,Tablet,25mg,Lupin
2322,13336-156-22,Losartan Plus,Losartan Potassium,Tablet,50mg,Merck
2323,36458-533-23,Atorvastatin Plus,Atorvastatin Calcium,Tablet,20mg,Pfizer
2324,47374-467-24,Omeprazole Plus,Omeprazole,Capsule,20mg,AstraZeneca
2325,82282-866-25,Atorvastatin Plus,Atorvastatin Calcium,Tablet,20mg,Pfizer
2326,18098-787-26,Metoprolol Plus,Metoprolol Succinate,Tablet,50mg,AstraZeneca
2327,96602-435-27,Levothyroxine Plus,Levothyroxine Sodium,Tablet,50mcg,AbbVie
2328,67779-396-28,Hydrochlorothiazide Plus,Hydrochlorothiazide,Tablet,25mg,Lupin
2329,61997-822-29,Losartan Plus,Losartan Potassium,Tablet,50mg,Merck
2330,89086-117-30,Lysinopril Plus,Lisinopril,Tablet,10mg,Sandoz
2331,26525-616-31,Losartan Plus,Losartan Potassium,Tablet,50mg,Merck
2332,57256-201-32,Hydrochlorothiazide Plus,Hydrochlorothiazide,Tablet,25mg,Lupin
2333,58862-667-33,Levothyroxine Plus,Levothyroxine Sodium,Tablet,50mcg,AbbVie
2334,56737-427-34,Hydrochlorothiazide Plus,Hydrochlorothiazide,Tablet,25mg,Lupin
2335,86867-960-35,Lysinopril Plus,Lisinopril,Tablet,10mg,Sandoz
2336,68185-365-36,Metformin Plus,Metformin HCl,Tablet,850mg,Mylan
2337,20855-445-37,Omeprazole Plus,Omeprazole,Capsule,20mg,AstraZeneca
2338,65700-964-38,Hydrochlorothiazide Plus,Hydrochlorothiazide,Tablet,25mg,Lupin
2339,70493-214-39,Hydrochlorothiazide Plus,Hydrochlorothiazide,Tablet,25mg,Lupin
2340,76801-219-40,Metformin Plus,Metformin HCl,Tablet,850mg,Mylan
2341,23103-440-41,Hydrochlorothiazide Plus,Hydrochlorothiazide,Tablet,25mg,Lupin
2342,47047-189-42,Hydrochlorothiazide Plus,Hydrochlorothiazide,Tablet,25mg,Lupin
2343,34598-532-43,Metoprolol Plus,Metoprolol Succinate,Tablet,50mg,AstraZeneca
2344,73772-359-44,Ibuprofen Plus,Ibuprofen,Tablet,800mg,McNeil
2345,46058-915-45,Azithromycin Plus,Azithromycin,Tablet,250mg,Pfizer
2346,67533-987-46,Amoxicillin Plus,Amoxicillin,Capsule,500mg,Teva
2347,67836-826-47,Ibuprofen Plus,Ibuprofen,Tablet,800mg,McNeil
2348,96463-986-48,Ibuprofen Plus,Ibuprofen,Tablet,800mg,McNeil
2349,64848-365-49,Metformin Plus,Metformin HCl,Tablet,850mg,Mylan
2350,36558-122-50,Ibuprofen Plus,Ibuprofen,Tablet,800mg,McNeil
2351,28164-975-51,Gabapentin Plus,Gabapentin,Capsule,300mg,Sun Pharma
2352,49530-562-52,Losartan Plus,Losartan Potassium,Tablet,50mg,Merck
2353,22483-338-53,Atorvastatin Plus,Atorvastatin Calcium,Tablet,20mg,Pfizer
2354,83240-526-54,Gabapentin Plus,Gabapentin,Capsule,300mg,Sun Pharma
2355,20164-222-55,Ibuprofen Plus,Ibuprofen,Tablet,800mg,McNeil
2356,99568-716-56,Hydrochlorothiazide Plus,Hydrochlorothiazide,Tablet,25mg,Lupin
2357,16312-538-57,Azithromycin Plus,Azithromycin,Tablet,250mg,Pfizer
2358,69832-816-58,Amoxicillin Plus,Amoxicillin,Capsule,500mg,Teva
2359,60311-551-59,Albuterol Plus,Albuterol Sulfate,Inhaler,90mcg,GSK
2360,33176-718-60,Amoxicillin Plus,Amoxicillin,Capsule,500mg,Teva
2361,64669-632-61,Atorvastatin Plus,Atorvastatin Calcium,Tablet,20mg,Pfizer
2362,10935-688-62,Lysinopril Plus,Lisinopril,Tablet,10mg,Sandoz
2363,19277-520-63,Sertraline Plus,Sertraline HCl,Tablet,50mg,Pfizer
2364,43732-265-64,Ibuprofen Plus,Ibuprofen,Tablet,800mg,McNeil
2365,84657-555-65,Lysinopril Plus,Lisinopril,Tablet,10mg,Sandoz
2366,29835-418-66,Hydrochlorothiazide Plus,Hydrochlorothiazide,Tablet,25mg,Lupin
2367,50294-338-67,Hydrochlorothiazide Plus,Hydrochlorothiazide,Tablet,25mg,Lupin
2368,24309-734-68,Metformin Plus,Metformin HCl,Tablet,850mg,Mylan
2369,32815-415-69,Atorvastatin Plus,Atorvastatin Calcium,Tablet,20mg,Pfizer
2370,61829-230-70,Ibuprofen Plus,Ibuprofen,Tablet,800mg,McNeil
2371,71726-175-71,Metoprolol Plus,Metoprolol Succinate,Tablet,50mg,AstraZeneca
2372,45941-528-72,Sertraline Plus,Sertraline HCl,Tablet,50mg,Pfizer
2373,90463-791-73,Gabapentin Plus,Gabapentin,Capsule,300mg,Sun Pharma
2374,20245-313-74,Sertraline Plus,Sertraline HCl,Tablet,50mg,Pfizer
2375,75115-208-75,Hydrochlorothiazide Plus,Hydrochlorothiazide,Tablet,25mg,Lupin
2376,53358-986-76,Atorvastatin Plus,Atorvastatin Calcium,Tablet,20mg,Pfizer
2377,28751-270-77,Lysinopril Plus,Lisinopril,Tablet,10mg,Sandoz
2378,24667-814-78,Atorvastatin Plus,Atorvastatin Calcium,Tablet,20mg,Pfizer
2379,39324-260-79,Lysinopril Plus,Lisinopril,Tablet,10mg,Sandoz
2380,74889-408-80,Azithromycin Plus,Azithromycin,Tablet,250mg,Pfizer
2381,23850-763-81,Losartan Plus,Losartan Potassium,Tablet,50mg,Merck
2382,25504-803-82,Amoxicillin Plus,Amoxicillin,Capsule,500mg,Teva
2383,56918-758-83,Albuterol Plus,Albuterol Sulfate,Inhaler,90mcg,GSK
2384,38037-613-84,Amoxicillin Plus,Amoxicillin,Capsule,500mg,Teva
2385,82006-845-85,Amoxicillin Plus,Amoxicillin,Capsule,500mg,Teva
2386,65722-788-86,Albuterol Plus,Albuterol Sulfate,Inhaler,90mcg,GSK
2387,33617-892-87,Gabapentin Plus,Gabapentin,Capsule,300mg,Sun Pharma
2388,34198-964-88,Amlodipine Plus,Amlodipine Besylate,Tablet,5mg,Novartis
2389,18323-202-89,Losartan Plus,Losartan Potassium,Tablet,50mg,Merck
2390,22879-783-90,Gabapentin Plus,Gabapentin,Capsule,300mg,Sun Pharma
2391,33232-220-91,Metoprolol Plus,Metoprolol Succinate,Tablet,50mg,AstraZeneca
2392,28991-599-92,Sertraline Plus,Sertraline HCl,Tablet,50mg,Pfizer
2393,43632-931-93,Levothyroxine Plus,Levothyroxine Sodium,Tablet,50mcg,AbbVie
2394,28617-972-94,Atorvastatin Plus,Atorvastatin Calcium,Tablet,20mg,Pfizer
2395,33638-740-95,Gabapentin Plus,Gabapentin,Capsule,300mg,Sun Pharma
2396,99183-389-96,Sertraline Plus,Sertraline HCl,Tablet,50mg,Pfizer
2397,24838-105-97,Amlodipine Plus,Amlodipine Besylate,Tablet,5mg,Novartis
2398,38974-246-98,Azithromycin Plus,Azithromycin,Tablet,250mg,Pfizer
2399,45831-857-99,Losartan Plus,Losartan Potassium,Tablet,50mg,Merck
2400,83425-292-00,Metoprolol Plus,Metoprolol Succinate,Tablet,50mg,AstraZeneca
2401,74185-607-01,Levothyroxine Plus,Levothyroxine Sodium,Tablet,50mcg,AbbVie
2402,98278-397-02,Metformin Plus,Metformin HCl,Tablet,850mg,Mylan
2403,76026-265-03,Ibuprofen Plus,Ibuprofen,Tablet,800mg,McNeil
2404,95031-475-04,Ibuprofen Plus,Ibuprofen,Tablet,800mg,McNeil
2405,47997-750-05,Gabapentin Plus,Gabapentin,Capsule,300mg,Sun Pharma
2406,14522-722-06,Sertraline Plus,Sertraline HCl,Tablet,50mg,Pfizer
2407,47687-991-07,Albuterol Plus,Albuterol Sulfate,Inhaler,90mcg,GSK
2408,59317-803-08,Metoprolol Plus,Metoprolol Succinate,Tablet,50mg,AstraZeneca
2409,52655-893-09,Omeprazole Plus,Omeprazole,Capsule,20mg,AstraZeneca
2410,65954-838-10,Lysinopril Plus,Lisinopril,Tablet,10mg,Sandoz
2411,29583-269-11,Azithromycin Plus,Azithromycin,Tablet,250mg,Pfizer
2412,68227-839-12,Amlodipine Plus,Amlodipine Besylate,Tablet,5mg,Novartis
2413,94104-525-13,Atorvastatin Plus,Atorvastatin Calcium,Tablet,20mg,Pfizer
2414,75644-183-14,Omeprazole Plus,Omeprazole,Capsule,20mg,AstraZeneca
2415,90208-282-15,Lysinopril Plus,Lisinopril,Tablet,10mg,Sandoz
2416,20237-458-16,Losartan Plus,Losartan Potassium,Tablet,50mg,Merck
2417,73244-990-17,Metformin Plus,Metformin HCl,Tablet,850mg,Mylan
2418,20956-579-18,Hydrochlorothiazide Plus,Hydrochlorothiazide,Tablet,25mg,Lupin
2419,33853-790-19,Ibuprofen Plus,Ibuprofen,Tablet,800mg,McNeil
2420,88757-304-20,Lysinopril Plus,Lisinopril,Tablet,10mg,Sandoz
2421,94067-916-21,Lysinopril Plus,Lisinopril,Tablet,10mg,Sandoz
2422,54449-322-22,Levothyroxine Plus,Levothyroxine Sodium,Tablet,50mcg,AbbVie
2423,70434-194-23,Losartan Plus,Losartan Potassium,Tablet,50mg,Merck
2424,33634-676-24,Hydrochlorothiazide Plus,Hydrochlorothiazide,Tablet,25mg,Lupin
2425,29230-869-25,Lysinopril Plus,Lisinopril,Tablet,10mg,Sandoz
2426,66000-425-26,Metformin Plus,Metformin HCl,Tablet,850mg,Mylan
2427,13963-121-27,Amlodipine Plus,Amlodipine Besylate,Tablet,5mg,Novartis
2428,81241-104-28,Losartan Plus,Losartan Potassium,Tablet,50mg,Merck
2429,83290-450-29,Metoprolol Plus,Metoprolol Succinate,Tablet,50mg,AstraZeneca
2430,73318-619-30,Ibuprofen Plus,Ibuprofen,Tablet,800mg,McNeil
2431,54379-713-31,Levothyroxine Plus,Levothyroxine Sodium,Tablet,50mcg,AbbVie
2432,39007-718-32,Levothyroxine Plus,Levothyroxine Sodium,Tablet,50mcg,AbbVie
2433,93017-926-33,Amlodipine Plus,Amlodipine Besylate,Tablet,5mg,Novartis
2434,69029-496-34,Sertraline Plus,Sertraline HCl,Tablet,50mg,Pfizer
2435,61260-469-35,Amlodipine Plus,Amlodipine Besylate,Tablet,5mg,Novartis
2436,46942-238-36,Azithromycin Plus,Azithromycin,Tablet,250mg,Pfizer
2437,46397-384-37,Lysinopril Plus,Lisinopril,Tablet,10mg,Sandoz
2438,96256-206-38,Metformin Plus,Metformin HCl,Tablet,850mg,Mylan
2439,20338-493-39,Ibuprofen Plus,Ibuprofen,Tablet,800mg,McNeil
2440,70373-971-40,Albuterol Plus,Albuterol Sulfate,Inhaler,90mcg,GSK
2441,52952-625-41,Gabapentin Plus,Gabapentin,Capsule,300mg,Sun Pharma
2442,92469-220-42,Atorvastatin Plus,Atorvastatin Calcium,Tablet,20mg,Pfizer
2443,61724-903-43,Amlodipine Plus,Amlodipine Besylate,Tablet,5mg,Novartis
2444,62242-580-44,Lysinopril Plus,Lisinopril,Tablet,10mg,Sandoz
2445,48631-707-45,Atorvastatin Plus,Atorvastatin Calcium,Tablet,20mg,Pfizer
2446,21629-903-46,Amoxicillin Plus,Amoxicillin,Capsule,500mg,Teva
2447,48908-385-47,Ibuprofen Plus,Ibuprofen,Tablet,800mg,McNeil
2448,92949-120-48,Lysinopril Plus,Lisinopril,Tablet,10mg,Sandoz
2449,84190-167-49,Levothyroxine Plus,Levothyroxine Sodium,Tablet,50mcg,AbbVie
2450,84867-305-50,Omeprazole Plus,Omeprazole,Capsule,20mg,AstraZeneca
2451,21439-585-51,Albuterol Plus,Albuterol Sulfate,Inhaler,90mcg,GSK
2452,15721-310-52,Amlodipine Plus,Amlodipine Besylate,Tablet,5mg,Novartis
2453,38824-157-53,Atorvastatin Plus,Atorvastatin Calcium,Tablet,20mg,Pfizer
2454,13577-150-54,Hydrochlorothiazide Plus,Hydrochlorothiazide,Tablet,25mg,Lupin
2455,42743-142-55,Lysinopril Plus,Lisinopril,Tablet,10mg,Sandoz
2456,95317-683-56,Omeprazole Plus,Omeprazole,Capsule,20mg,AstraZeneca
2457,99125-863-57,Hydrochlorothiazide Plus,Hydrochlorothiazide,Tablet,25mg,Lupin
2458,62065-837-58,Gabapentin Plus,Gabapentin,Capsule,300mg,Sun Pharma
2459,45882-197-59,Metformin Plus,Metformin HCl,Tablet,850mg,Mylan
2460,75047-176-60,Albuterol Plus,Albuterol Sulfate,Inhaler,90mcg,GSK
2461,21886-628-61,Lysinopril Plus,Lisinopril,Tablet,10mg,Sandoz
2462,68275-589-62,Amoxicillin Plus,Amoxicillin,Capsule,500mg,Teva
2463,90139-866-63,Metoprolol Plus,Metoprolol Succinate,Tablet,50mg,AstraZeneca
2464,26955-922-64,Levothyroxine Plus,Levothyroxine Sodium,Tablet,50mcg,AbbVie
2465,12631-634-65,Metformin Plus,Metformin HCl,Tablet,850mg,Mylan
2466,17650-520-66,Azithromycin Plus,Azithromycin,Tablet,250mg,Pfizer
2467,93280-679-67,Lysinopril Plus,Lisinopril,Tablet,10mg,Sandoz
2468,41042-491-68,Gabapentin Plus,Gabapentin,Capsule,300mg,Sun Pharma
2469,34510-652-69,Hydrochlorothiazide Plus,Hydrochlorothiazide,Tablet,25mg,Lupin
2470,81603-442-70,Ibuprofen Plus,Ibuprofen,Tablet,800mg,McNeil
2471,34436-519-71,Metoprolol Plus,Metoprolol Succinate,Tablet,50mg,AstraZeneca
2472,95047-636-72,Metoprolol Plus,Metoprolol Succinate,Tablet,50mg,AstraZeneca
2473,16482-771-73,Losartan Plus,Losartan Potassium,Tablet,50mg,Merck
2474,36316-714-74,Omeprazole Plus,Omeprazole,Capsule,20mg,AstraZeneca
2475,81095-788-75,Metformin Plus,Metformin HCl,Tablet,850mg,Mylan
2476,74589-191-76,Amoxicillin Plus,Amoxicillin,Capsule,500mg,Teva
2477,44976-631-77,Albuterol Plus,Albuterol Sulfate,Inhaler,90mcg,GSK
2478,95092-944-78,Albuterol Plus,Albuterol Sulfate,Inhaler,90mcg,GSK
2479,92139-561-79,Omeprazole Plus,Omeprazole,Capsule,20mg,AstraZeneca
2480,84718-192-80,Gabapentin Plus,Gabapentin,Capsule,300mg,Sun Pharma
2481,95778-296-81,Gabapentin Plus,Gabapentin,Capsule,300mg,Sun Pharma
2482,50025-415-82,Lysinopril Plus,Lisinopril,Tablet,10mg,Sandoz
2483,24775-817-83,Atorvastatin Plus,Atorvastatin Calcium,Tablet,20mg,Pfizer
2484,68481-751-84,Losartan Plus,Losartan Potassium,Tablet,50mg,Merck
2485,90725-803-85,Lysinopril Plus,Lisinopril,Tablet,10mg,Sandoz
2486,34745-477-86,Losartan Plus,Losartan Potassium,Tablet,50mg,Merck
2487,16177-534-87,Albuterol Plus,Albuterol Sulfate,Inhaler,90mcg,GSK
2488,34667-185-88,Levothyroxine Plus,Levothyroxine Sodium,Tablet,50mcg,AbbVie
2489,65607-620-89,Atorvastatin Plus,Atorvastatin Calcium,Tablet,20mg,Pfizer
2490,73426-381-90,Hydrochlorothiazide Plus,Hydrochlorothiazide,Tablet,25mg,Lupin
2491,89402-600-91,Hydrochlorothiazide Plus,Hydrochlorothiazide,Tablet,25mg,Lupin
2492,65679-767-92,Azithromycin Plus,Azithromycin,Tablet,250mg,Pfizer
2493,51786-984-93,Levothyroxine Plus,Levothyroxine Sodium,Tablet,50mcg,AbbVie
2494,43062-448-94,Ibuprofen Plus,Ibuprofen,Tablet,800mg,McNeil
2495,12564-629-95,Lysinopril Plus,Lisinopril,Tablet,10mg,Sandoz
2496,32991-812-96,Metoprolol Plus,Metoprolol Succinate,Tablet,50mg,AstraZeneca
2497,75813-375-97,Atorvastatin Plus,Atorvastatin Calcium,Tablet,20mg,Pfizer
2498,81952-874-98,Lysinopril Plus,Lisinopril,Tablet,10mg,Sandoz
2499,33905-634-99,Gabapentin Plus,Gabapentin,Capsule,300mg,Sun Pharma
2500,26965-839-00,Gabapentin Plus,Gabapentin,Capsule,300mg,Sun Pharma
2501,57483-829-01,Atorvastatin Plus,Atorvastatin Calcium,Tablet,20mg,Pfizer
2502,44082-624-02,Albuterol Plus,Albuterol Sulfate,Inhaler,90mcg,GSK
2503,36903-435-03,Atorvastatin Plus,Atorvastatin Calcium,Tablet,20mg,Pfizer
2504,66125-718-04,Omeprazole Plus,Omeprazole,Capsule,20mg,AstraZeneca
2505,75066-946-05,Atorvastatin Plus,Atorvastatin Calcium,Tablet,20mg,Pfizer
2506,14444-721-06,Atorvastatin Plus,Atorvastatin Calcium,Tablet,20mg,Pfizer
2507,61142-597-07,Atorvastatin Plus,Atorvastatin Calcium,Tablet,20mg,Pfizer
2508,26946-511-08,Omeprazole Plus,Omeprazole,Capsule,20mg,AstraZeneca
2509,76968-881-09,Levothyroxine Plus,Levothyroxine Sodium,Tablet,50mcg,AbbVie
2510,83924-484-10,Metformin Plus,Metformin HCl,Tablet,850mg,Mylan
2511,46172-168-11,Sertraline Plus,Sertraline HCl,Tablet,50mg,Pfizer
2512,92522-352-12,Albuterol Plus,Albuterol Sulfate,Inhaler,90mcg,GSK
2513,13379-994-13,Amoxicillin Plus,Amoxicillin,Capsule,500mg,Teva
2514,66455-714-14,Lysinopril Plus,Lisinopril,Tablet,10mg,Sandoz
2515,35642-116-15,Azithromycin Plus,Azithromycin,Tablet,250mg,Pfizer
2516,24328-103-16,Ibuprofen Plus,Ibuprofen,Tablet,800mg,McNeil
2517,33367-108-17,Albuterol Plus,Albuterol Sulfate,Inhaler,90mcg,GSK
2518,30419-102-18,Albuterol Plus,Albuterol Sulfate,Inhaler,90mcg,GSK
2519,56632-218-19,Lysinopril Plus,Lisinopril,Tablet,10mg,Sandoz
2520,58649-291-20,Albuterol Plus,Albuterol Sulfate,Inhaler,90mcg,GSK
2521,80341-782-21,Azithromycin Plus,Azithromycin,Tablet,250mg,Pfizer
2522,43325-584-22,Ibuprofen Plus,Ibuprofen,Tablet,800mg,McNeil
2523,75903-505-23,Omeprazole Plus,Omeprazole,Capsule,20mg,AstraZeneca
2524,24789-445-24,Azithromycin Plus,Azithromycin,Tablet,250mg,Pfizer
2525,37567-421-25,Azithromycin Plus,Azithromycin,Tablet,250mg,Pfizer
2526,82766-308-26,Amoxicillin Plus,Amoxicillin,Capsule,500mg,Teva
2527,56692-877-27,Lysinopril Plus,Lisinopril,Tablet,10mg,Sandoz
2528,66997-918-28,Amlodipine Plus,Amlodipine Besylate,Tablet,5mg,Novartis
2529,84055-426-29,Levothyroxine Plus,Levothyroxine Sodium,Tablet,50mcg,AbbVie
2530,70069-389-30,Atorvastatin Plus,Atorvastatin Calcium,Tablet,20mg,Pfizer
2531,87759-749-31,Metformin Plus,Metformin HCl,Tablet,850mg,Mylan
2532,46037-456-32,Amlodipine Plus,Amlodipine Besylate,Tablet,5mg,Novartis
2533,66146-851-33,Sertraline Plus,Sertraline HCl,Tablet,50mg,Pfizer
2534,14655-536-34,Hydrochlorothiazide Plus,Hydrochlorothiazide,Tablet,25mg,Lupin
2535,82350-544-35,Metformin Plus,Metformin HCl,Tablet,850mg,Mylan
2536,19409-967-36,Amlodipine Plus,Amlodipine Besylate,Tablet,5mg,Novartis
2537,14051-581-37,Ibuprofen Plus,Ibuprofen,Tablet,800mg,McNeil
2538,57557-193-38,Atorvastatin Plus,Atorvastatin Calcium,Tablet,20mg,Pfizer
2539,23023-648-39,Azithromycin Plus,Azithromycin,Tablet,250mg,Pfizer
2540,12571-812-40,Gabapentin Plus,Gabapentin,Capsule,300mg,Sun Pharma
2541,10524-768-41,Atorvastatin Plus,Atorvastatin Calcium,Tablet,20mg,Pfizer
2542,83163-804-42,Metoprolol Plus,Metoprolol Succinate,Tablet,50mg,AstraZeneca
2543,71952-444-43,Gabapentin Plus,Gabapentin,Capsule,300mg,Sun Pharma
2544,81330-309-44,Atorvastatin Plus,Atorvastatin Calcium,Tablet,20mg,Pfizer
2545,96604-761-45,Atorvastatin Plus,Atorvastatin Calcium,Tablet,20mg,Pfizer
2546,38274-771-46,Gabapentin Plus,Gabapentin,Capsule,300mg,Sun Pharma
2547,29851-314-47,Metoprolol Plus,Metoprolol Succinate,Tablet,50mg,AstraZeneca
2548,34790-974-48,Hydrochlorothiazide Plus,Hydrochlorothiazide,Tablet,25mg,Lupin
2549,30747-946-49,Hydrochlorothiazide Plus,Hydrochlorothiazide,Tablet,25mg,Lupin
2550,24431-703-50,Metformin Plus,Metformin HCl,Tablet,850mg,Mylan
2551,67204-414-51,Atorvastatin Plus,Atorvastatin Calcium,Tablet,20mg,Pfizer
2552,19170-793-52,Azithromycin Plus,Azithromycin,Tablet,250mg,Pfizer
2553,79609-220-53,Losartan Plus,Losartan Potassium,Tablet,50mg,Merck
2554,42743-672-54,Azithromycin Plus,Azithromycin,Tablet,250mg,Pfizer
2555,49817-327-55,Metformin Plus,Metformin HCl,Tablet,850mg,Mylan
2556,83109-362-56,Lysinopril Plus,Lisinopril,Tablet,10mg,Sandoz
2557,88056-997-57,Gabapentin Plus,Gabapentin,Capsule,300mg,Sun Pharma
2558,91353-493-58,Levothyroxine Plus,Levothyroxine Sodium,Tablet,50mcg,AbbVie
2559,35536-492-59,Metformin Plus,Metformin HCl,Tablet,850mg,Mylan
2560,13372-243-60,Lysinopril Plus,Lisinopril,Tablet,10mg,Sandoz
2561,35350-122-61,Amoxicillin Plus,Amoxicillin,Capsule,500mg,Teva
2562,88254-822-62,Ibuprofen Plus,Ibuprofen,Tablet,800mg,McNeil
2563,84880-585-63,Ibuprofen Plus,Ibuprofen,Tablet,800mg,McNeil
2564,36529-475-64,Hydrochlorothiazide Plus,Hydrochlorothiazide,Tablet,25mg,Lupin
2565,69495-893-65,Ibuprofen Plus,Ibuprofen,Tablet,800mg,McNeil
2566,94987-588-66,Ibuprofen Plus,Ibuprofen,Tablet,800mg,McNeil
2567,47727-888-67,Sertraline Plus,Sertraline HCl,Tablet,50mg,Pfizer
2568,74913-412-68,Ibuprofen Plus,Ibuprofen,Tablet,800mg,McNeil
2569,95234-513-69,Azithromycin Plus,Azithromycin,Tablet,250mg,Pfizer
2570,91969-278-70,Lysinopril Plus,Lisinopril,Tablet,10mg,Sandoz
2571,21109-837-71,Atorvastatin Plus,Atorvastatin Calcium,Tablet,20mg,Pfizer
2572,84973-983-72,Omeprazole Plus,Omeprazole,Capsule,20mg,AstraZeneca
2573,18040-684-73,Atorvastatin Plus,Atorvastatin Calcium,Tablet,20mg,Pfizer
2574,16134-347-74,Azithromycin Plus,Azithromycin,Tablet,250mg,Pfizer
2575,80577-519-75,Atorvastatin Plus,Atorvastatin Calcium,Tablet,20mg,Pfizer
2576,98306-379-76,Lysinopril Plus,Lisinopril,Tablet,10mg,Sandoz
2577,22797-816-77,Hydrochlorothiazide Plus,Hydrochlorothiazide,Tablet,25mg,Lupin
2578,61295-867-78,Metformin Plus,Metformin HCl,Tablet,850mg,Mylan
2579,98571-358-79,Levothyroxine Plus,Levothyroxine Sodium,Tablet,50mcg,AbbVie
2580,82527-662-80,Losartan Plus,Losartan Potassium,Tablet,50mg,Merck
2581,14553-109-81,Amoxicillin Plus,Amoxicillin,Capsule,500mg,Teva
2582,62643-287-82,Amlodipine Plus,Amlodipine Besylate,Tablet,5mg,Novartis
2583,51738-610-83,Amoxicillin Plus,Amoxicillin,Capsule,500mg,Teva
2584,57903-519-84,Levothyroxine Plus,Levothyroxine Sodium,Tablet,50mcg,AbbVie
2585,94062-459-85,Omeprazole Plus,Omeprazole,Capsule,20mg,AstraZeneca
2586,85546-651-86,Amlodipine Plus,Amlodipine Besylate,Tablet,5mg,Novartis
2587,54178-585-87,Azithromycin Plus,Azithromycin,Tablet,250mg,Pfizer
2588,25972-684-88,Losartan Plus,Losartan Potassium,Tablet,50mg,Merck
2589,19142-947-89,Omeprazole Plus,Omeprazole,Capsule,20mg,AstraZeneca
2590,53253-780-90,Losartan Plus,Losartan Potassium,Tablet,50mg,Merck
2591,55717-557-91,Metoprolol Plus,Metoprolol Succinate,Tablet,50mg,AstraZeneca
2592,96279-451-92,Atorvastatin Plus,Atorvastatin Calcium,Tablet,20mg,Pfizer
2593,99081-321-93,Losartan Plus,Losartan Potassium,Tablet,50mg,Merck
2594,54203-642-94,Albuterol Plus,Albuterol Sulfate,Inhaler,90mcg,GSK
2595,12754-331-95,Sertraline Plus,Sertraline HCl,Tablet,50mg,Pfizer
2596,17031-873-96,Atorvastatin Plus,Atorvastatin Calcium,Tablet,20mg,Pfizer
2597,32343-712-97,Hydrochlorothiazide Plus,Hydrochlorothiazide,Tablet,25mg,Lupin
2598,66419-898-98,Amlodipine Plus,Amlodipine Besylate,Tablet,5mg,Novartis
2599,75715-429-99,Losartan Plus,Losartan Potassium,Tablet,50mg,Merck
2600,74400-967-00,Metoprolol Plus,Metoprolol Succinate,Tablet,50mg,AstraZeneca
2601,33434-807-01,Atorvastatin Plus,Atorvastatin Calcium,Tablet,20mg,Pfizer
2602,69332-623-02,Ibuprofen Plus,Ibuprofen,Tablet,800mg,McNeil
2603,99831-695-03,Metformin Plus,Metformin HCl,Tablet,850mg,Mylan
2604,84053-616-04,Sertraline Plus,Sertraline HCl,Tablet,50mg,Pfizer
2605,50382-122-05,Metformin Plus,Metformin HCl,Tablet,850mg,Mylan
2606,49439-431-06,Azithromycin Plus,Azithromycin,Tablet,250mg,Pfizer
2607,57781-946-07,Albuterol Plus,Albuterol Sulfate,Inhaler,90mcg,GSK
2608,27838-509-08,Amoxicillin Plus,Amoxicillin,Capsule,500mg,Teva
2609,53713-775-09,Albuterol Plus,Albuterol Sulfate,Inhaler,90mcg,GSK
2610,43615-299-10,Sertraline Plus,Sertraline HCl,Tablet,50mg,Pfizer
2611,23226-933-11,Metoprolol Plus,Metoprolol Succinate,Tablet,50mg,AstraZeneca
2612,29081-168-12,Albuterol Plus,Albuterol Sulfate,Inhaler,90mcg,GSK
2613,21880-512-13,Atorvastatin Plus,Atorvastatin Calcium,Tablet,20mg,Pfizer
2614,68447-519-14,Omeprazole Plus,Omeprazole,Capsule,20mg,AstraZeneca
2615,13438-303-15,Losartan Plus,Losartan Potassium,Tablet,50mg,Merck
2616,43062-580-16,Amoxicillin Plus,Amoxicillin,Capsule,500mg,Teva
2617,58838-693-17,Lysinopril Plus,Lisinopril,Tablet,10mg,Sandoz
2618,34273-910-18,Hydrochlorothiazide Plus,Hydrochlorothiazide,Tablet,25mg,Lupin
2619,85808-378-19,Hydrochlorothiazide Plus,Hydrochlorothiazide,Tablet,25mg,Lupin
2620,67332-622-20,Metoprolol Plus,Metoprolol Succinate,Tablet,50mg,AstraZeneca
2621,81104-914-21,Albuterol Plus,Albuterol Sulfate,Inhaler,90mcg,GSK
2622,52092-486-22,Gabapentin Plus,Gabapentin,Capsule,300mg,Sun Pharma
2623,30311-436-23,Sertraline Plus,Sertraline HCl,Tablet,50mg,Pfizer
2624,85743-598-24,Gabapentin Plus,Gabapentin,Capsule,300mg,Sun Pharma
2625,59737-822-25,Ibuprofen Plus,Ibuprofen,Tablet,800mg,McNeil
2626,37540-503-26,Omeprazole Plus,Omeprazole,Capsule,20mg,AstraZeneca
2627,61827-536-27,Omeprazole Plus,Omeprazole,Capsule,20mg,AstraZeneca
2628,55320-869-28,Levothyroxine Plus,Levothyroxine Sodium,Tablet,50mcg,AbbVie
2629,98374-414-29,Azithromycin Plus,Azithromycin,Tablet,250mg,Pfizer
2630,96235-564-30,Omeprazole Plus,Omeprazole,Capsule,20mg,AstraZeneca
2631,89394-873-31,Metoprolol Plus,Metoprolol Succinate,Tablet,50mg,AstraZeneca
2632,30780-988-32,Gabapentin Plus,Gabapentin,Capsule,300mg,Sun Pharma
2633,14479-488-33,Amoxicillin Plus,Amoxicillin,Capsule,500mg,Teva
2634,94465-279-34,Levothyroxine Plus,Levothyroxine Sodium,Tablet,50mcg,AbbVie
2635,41247-883-35,Amoxicillin Plus,Amoxicillin,Capsule,500mg,Teva
2636,59403-786-36,Ibuprofen Plus,Ibuprofen,Tablet,800mg,McNeil
2637,25214-138-37,Sertraline Plus,Sertraline HCl,Tablet,50mg,Pfizer
2638,38770-123-38,Omeprazole Plus,Omeprazole,Capsule,20mg,AstraZeneca
2639,86309-219-39,Metoprolol Plus,Metoprolol Succinate,Tablet,50mg,AstraZeneca
2640,52965-958-40,Losartan Plus,Losartan Potassium,Tablet,50mg,Merck
2641,58539-682-41,Omeprazole Plus,Omeprazole,Capsule,20mg,AstraZeneca
2642,51541-739-42,Losartan Plus,Losartan Potassium,Tablet,50mg,Merck
2643,99845-679-43,Metoprolol Plus,Metoprolol Succinate,Tablet,50mg,AstraZeneca
2644,66216-303-44,Metformin Plus,Metformin HCl,Tablet,850mg,Mylan
2645,67247-543-45,Hydrochlorothiazide Plus,Hydrochlorothiazide,Tablet,25mg,Lupin
2646,62267-109-46,Sertraline Plus,Sertraline HCl,Tablet,50mg,Pfizer
2647,86485-186-47,Omeprazole Plus,Omeprazole,Capsule,20mg,AstraZeneca
2648,47733-423-48,Metoprolol Plus,Metoprolol Succinate,Tablet,50mg,AstraZeneca
2649,16470-510-49,Albuterol Plus,Albuterol Sulfate,Inhaler,90mcg,GSK
2650,23658-440-50,Metformin Plus,Metformin HCl,Tablet,850mg,Mylan
2651,13773-217-51,Azithromycin Plus,Azithromycin,Tablet,250mg,Pfizer
2652,87368-716-52,Azithromycin Plus,Azithromycin,Tablet,250mg,Pfizer
2653,93646-444-53,Sertraline Plus,Sertraline HCl,Tablet,50mg,Pfizer
2654,46182-624-54,Omeprazole Plus,Omeprazole,Capsule,20mg,AstraZeneca
2655,69707-490-55,Gabapentin Plus,Gabapentin,Capsule,300mg,Sun Pharma
2656,55197-751-56,Amoxicillin Plus,Amoxicillin,Capsule,500mg,Teva
2657,93991-280-57,Lysinopril Plus,Lisinopril,Tablet,10mg,Sandoz
2658,38115-542-58,Amlodipine Plus,Amlodipine Besylate,Tablet,5mg,Novartis
2659,85454-193-59,Albuterol Plus,Albuterol Sulfate,Inhaler,90mcg,GSK
2660,63785-367-60,Azithromycin Plus,Azithromycin,Tablet,250mg,Pfizer
2661,79297-692-61,Amoxicillin Plus,Amoxicillin,Capsule,500mg,Teva
2662,67964-553-62,Sertraline Plus,Sertraline HCl,Tablet,50mg,Pfizer
2663,71836-203-63,Atorvastatin Plus,Atorvastatin Calcium,Tablet,20mg,Pfizer
2664,44333-593-64,Amlodipine Plus,Amlodipine Besylate,Tablet,5mg,Novartis
2665,42084-295-65,Amlodipine Plus,Amlodipine Besylate,Tablet,5mg,Novartis
2666,15357-788-66,Metoprolol Plus,Metoprolol Succinate,Tablet,50mg,AstraZeneca
2667,85368-916-67,Metoprolol Plus,Metoprolol Succinate,Tablet,50mg,AstraZeneca
2668,86311-424-68,Gabapentin Plus,Gabapentin,Capsule,300mg,Sun Pharma
2669,95551-633-69,Omeprazole Plus,Omeprazole,Capsule,20mg,AstraZeneca
2670,80077-721-70,Levothyroxine Plus,Levothyroxine Sodium,Tablet,50mcg,AbbVie
2671,27388-648-71,Levothyroxine Plus,Levothyroxine Sodium,Tablet,50mcg,AbbVie
2672,29052-760-72,Sertraline Plus,Sertraline HCl,Tablet,50mg,Pfizer
2673,62662-965-73,Levothyroxine Plus,Levothyroxine Sodium,Tablet,50mcg,AbbVie
2674,50684-846-74,Lysinopril Plus,Lisinopril,Tablet,10mg,Sandoz
2675,40667-888-75,Lysinopril Plus,Lisinopril,Tablet,10mg,Sandoz
2676,73577-164-76,Sertraline Plus,Sertraline HCl,Tablet,50mg,Pfizer
2677,16758-815-77,Azithromycin Plus,Azithromycin,Tablet,250mg,Pfizer
2678,66417-667-78,Ibuprofen Plus,Ibuprofen,Tablet,800mg,McNeil
2679,89369-143-79,Azithromycin Plus,Azithromycin,Tablet,250mg,Pfizer
2680,25341-270-80,Metoprolol Plus,Metoprolol Succinate,Tablet,50mg,AstraZeneca
2681,76417-124-81,Losartan Plus,Losartan Potassium,Tablet,50mg,Merck
2682,51987-640-82,Hydrochlorothiazide Plus,Hydrochlorothiazide,Tablet,25mg,Lupin
2683,60385-279-83,Albuterol Plus,Albuterol Sulfate,Inhaler,90mcg,GSK
2684,75330-135-84,Hydrochlorothiazide Plus,Hydrochlorothiazide,Tablet,25mg,Lupin
2685,27214-406-85,Omeprazole Plus,Omeprazole,Capsule,20mg,AstraZeneca
2686,15637-452-86,Amoxicillin Plus,Amoxicillin,Capsule,500mg,Teva
2687,93418-746-87,Atorvastatin Plus,Atorvastatin Calcium,Tablet,20mg,Pfizer
2688,50612-351-88,Amoxicillin Plus,Amoxicillin,Capsule,500mg,Teva
2689,17763-306-89,Sertraline Plus,Sertraline HCl,Tablet,50mg,Pfizer
2690,81309-443-90,Azithromycin Plus,Azithromycin,Tablet,250mg,Pfizer
2691,98734-324-91,Omeprazole Plus,Omeprazole,Capsule,20mg,AstraZeneca
2692,41981-280-92,Amlodipine Plus,Amlodipine Besylate,Tablet,5mg,Novartis
2693,24869-950-93,Atorvastatin Plus,Atorvastatin Calcium,Tablet,20mg,Pfizer
2694,65244-214-94,Levothyroxine Plus,Levothyroxine Sodium,Tablet,50mcg,AbbVie
2695,85944-624-95,Lysinopril Plus,Lisinopril,Tablet,10mg,Sandoz
2696,39885-728-96,Metoprolol Plus,Metoprolol Succinate,Tablet,50mg,AstraZeneca
2697,37204-982-97,Lysinopril Plus,Lisinopril,Tablet,10mg,Sandoz
2698,73213-835-98,Omeprazole Plus,Omeprazole,Capsule,20mg,AstraZeneca
2699,60801-112-99,Albuterol Plus,Albuterol Sulfate,Inhaler,90mcg,GSK
2700,50962-714-00,Amlodipine Plus,Amlodipine Besylate,Tablet,5mg,Novartis
2701,97811-376-01,Sertraline Plus,Sertraline HCl,Tablet,50mg,Pfizer
2702,48280-299-02,Gabapentin Plus,Gabapentin,Capsule,300mg,Sun Pharma
2703,86929-355-03,Metformin Plus,Metformin HCl,Tablet,850mg,Mylan
2704,64967-921-04,Losartan Plus,Losartan Potassium,Tablet,50mg,Merck
2705,17284-390-05,Omeprazole Plus,Omeprazole,Capsule,20mg,AstraZeneca
2706,69766-767-06,Ibuprofen Plus,Ibuprofen,Tablet,800mg,McNeil
2707,85455-827-07,Azithromycin Plus,Azithromycin,Tablet,250mg,Pfizer
2708,38074-671-08,Metoprolol Plus,Metoprolol Succinate,Tablet,50mg,AstraZeneca
2709,67712-376-09,Gabapentin Plus,Gabapentin,Capsule,300mg,Sun Pharma
2710,50568-443-10,Amoxicillin Plus,Amoxicillin,Capsule,500mg,Teva
2711,43431-312-11,Amoxicillin Plus,Amoxicillin,Capsule,500mg,Teva
2712,56934-562-12,Atorvastatin Plus,Atorvastatin Calcium,Tablet,20mg,Pfizer
2713,55069-493-13,Atorvastatin Plus,Atorvastatin Calcium,Tablet,20mg,Pfizer
2714,85555-674-14,Atorvastatin Plus,Atorvastatin Calcium,Tablet,20mg,Pfizer
2715,77572-638-15,Albuterol Plus,Albuterol Sulfate,Inhaler,90mcg,GSK
2716,96786-856-16,Levothyroxine Plus,Levothyroxine Sodium,Tablet,50mcg,AbbVie
2717,42230-176-17,Albuterol Plus,Albuterol Sulfate,Inhaler,90mcg,GSK
2718,88939-375-18,Ibuprofen Plus,Ibuprofen,Tablet,800mg,McNeil
2719,14690-910-19,Azithromycin Plus,Azithromycin,Tablet,250mg,Pfizer
2720,16135-469-20,Sertraline Plus,Sertraline HCl,Tablet,50mg,Pfizer
2721,38329-430-21,Azithromycin Plus,Azithromycin,Tablet,250mg,Pfizer
2722,56838-947-22,Metoprolol Plus,Metoprolol Succinate,Tablet,50mg,AstraZeneca
2723,92320-465-23,Albuterol Plus,Albuterol Sulfate,Inhaler,90mcg,GSK
2724,43782-349-24,Lysinopril Plus,Lisinopril,Tablet,10mg,Sandoz
2725,50949-784-25,Lysinopril Plus,Lisinopril,Tablet,10mg,Sandoz
2726,92650-252-26,Ibuprofen Plus,Ibuprofen,Tablet,800mg,McNeil
2727,70069-961-27,Amoxicillin Plus,Amoxicillin,Capsule,500mg,Teva
2728,82604-426-28,Gabapentin Plus,Gabapentin,Capsule,300mg,Sun Pharma
2729,29038-773-29,Albuterol Plus,Albuterol Sulfate,Inhaler,90mcg,GSK
2730,99440-253-30,Lysinopril Plus,Lisinopril,Tablet,10mg,Sandoz
2731,38033-834-31,Amlodipine Plus,Amlodipine Besylate,Tablet,5mg,Novartis
2732,57749-221-32,Lysinopril Plus,Lisinopril,Tablet,10mg,Sandoz
2733,18579-293-33,Metoprolol Plus,Metoprolol Succinate,Tablet,50mg,AstraZeneca
2734,35980-956-34,Levothyroxine Plus,Levothyroxine Sodium,Tablet,50mcg,AbbVie
2735,34210-324-35,Metoprolol Plus,Metoprolol Succinate,Tablet,50mg,AstraZeneca
2736,14083-827-36,Hydrochlorothiazide Plus,Hydrochlorothiazide,Tablet,25mg,Lupin
2737,93057-806-37,Hydrochlorothiazide Plus,Hydrochlorothiazide,Tablet,25mg,Lupin
2738,63189-401-38,Losartan Plus,Losartan Potassium,Tablet,50mg,Merck
2739,79977-394-39,Metformin Plus,Metformin HCl,Tablet,850mg,Mylan
2740,67858-218-40,Amlodipine Plus,Amlodipine Besylate,Tablet,5mg,Novartis
2741,30855-554-41,Levothyroxine Plus,Levothyroxine Sodium,Tablet,50mcg,AbbVie
2742,25465-276-42,Sertraline Plus,Sertraline HCl,Tablet,50mg,Pfizer
2743,31706-762-43,Metformin Plus,Metformin HCl,Tablet,850mg,Mylan
2744,15635-949-44,Gabapentin Plus,Gabapentin,Capsule,300mg,Sun Pharma
2745,53674-328-45,Atorvastatin Plus,Atorvastatin Calcium,Tablet,20mg,Pfizer
2746,13227-280-46,Azithromycin Plus,Azithromycin,Tablet,250mg,Pfizer
2747,15968-848-47,Hydrochlorothiazide Plus,Hydrochlorothiazide,Tablet,25mg,Lupin
2748,91220-559-48,Sertraline Plus,Sertraline HCl,Tablet,50mg,Pfizer
2749,17794-441-49,Albuterol Plus,Albuterol Sulfate,Inhaler,90mcg,GSK
2750,41278-949-50,Amoxicillin Plus,Amoxicillin,Capsule,500mg,Teva
2751,75678-657-51,Gabapentin Plus,Gabapentin,Capsule,300mg,Sun Pharma
2752,70565-430-52,Hydrochlorothiazide Plus,Hydrochlorothiazide,Tablet,25mg,Lupin
2753,95205-480-53,Hydrochlorothiazide Plus,Hydrochlorothiazide,Tablet,25mg,Lupin
2754,74203-955-54,Ibuprofen Plus,Ibuprofen,Tablet,800mg,McNeil
2755,36998-700-55,Hydrochlorothiazide Plus,Hydrochlorothiazide,Tablet,25mg,Lupin
2756,35434-176-56,Amoxicillin Plus,Amoxicillin,Capsule,500mg,Teva
2757,16462-241-57,Losartan Plus,Losartan Potassium,Tablet,50mg,Merck
2758,81880-986-58,Amoxicillin Plus,Amoxicillin,Capsule,500mg,Teva
2759,71159-711-59,Hydrochlorothiazide Plus,Hydrochlorothiazide,Tablet,25mg,Lupin
2760,94747-642-60,Lysinopril Plus,Lisinopril,Tablet,10mg,Sandoz
2761,45571-991-61,Ibuprofen Plus,Ibuprofen,Tablet,800mg,McNeil
2762,81944-907-62,Losartan Plus,Losartan Potassium,Tablet,50mg,Merck
2763,30093-124-63,Sertraline Plus,Sertraline HCl,Tablet,50mg,Pfizer
2764,28923-468-64,Gabapentin Plus,Gabapentin,Capsule,300mg,Sun Pharma
2765,82826-904-65,Amoxicillin Plus,Amoxicillin,Capsule,500mg,Teva
2766,32046-482-66,Hydrochlorothiazide Plus,Hydrochlorothiazide,Tablet,25mg,Lupin
2767,50349-854-67,Sertraline Plus,Sertraline HCl,Tablet,50mg,Pfizer
2768,41818-470-68,Ibuprofen Plus,Ibuprofen,Tablet,800mg,McNeil
2769,73393-631-69,Azithromycin Plus,Azithromycin,Tablet,250mg,Pfizer
2770,62597-105-70,Sertraline Plus,Sertraline HCl,Tablet,50mg,Pfizer
2771,88716-616-71,Metformin Plus,Metformin HCl,Tablet,850mg,Mylan
2772,76343-746-72,Losartan Plus,Losartan Potassium,Tablet,50mg,Merck
2773,66304-235-73,Gabapentin Plus,Gabapentin,Capsule,300mg,Sun Pharma
2774,22173-534-74,Amlodipine Plus,Amlodipine Besylate,Tablet,5mg,Novartis
2775,68654-467-75,Azithromycin Plus,Azithromycin,Tablet,250mg,Pfizer
2776,26999-767-76,Atorvastatin Plus,Atorvastatin Calcium,Tablet,20mg,Pfizer
2777,54399-831-77,Albuterol Plus,Albuterol Sulfate,Inhaler,90mcg,GSK
2778,42858-617-78,Losartan Plus,Losartan Potassium,Tablet,50mg,Merck
2779,77300-306-79,Omeprazole Plus,Omeprazole,Capsule,20mg,AstraZeneca
2780,54655-181-80,Amoxicillin Plus,Amoxicillin,Capsule,500mg,Teva
2781,43644-790-81,Gabapentin Plus,Gabapentin,Capsule,300mg,Sun Pharma
2782,42454-390-82,Azithromycin Plus,Azithromycin,Tablet,250mg,Pfizer
2783,75713-675-83,Levothyroxine Plus,Levothyroxine Sodium,Tablet,50mcg,AbbVie
2784,49219-280-84,Hydrochlorothiazide Plus,Hydrochlorothiazide,Tablet,25mg,Lupin
2785,34163-707-85,Metformin Plus,Metformin HCl,Tablet,850mg,Mylan
2786,57033-950-86,Losartan Plus,Losartan Potassium,Tablet,50mg,Merck
2787,60088-710-87,Metoprolol Plus,Metoprolol Succinate,Tablet,50mg,AstraZeneca
2788,59905-585-88,Losartan Plus,Losartan Potassium,Tablet,50mg,Merck
2789,24847-377-89,Metoprolol Plus,Metoprolol Succinate,Tablet,50mg,AstraZeneca
2790,52503-733-90,Metformin Plus,Metformin HCl,Tablet,850mg,Mylan
2791,55044-902-91,Sertraline Plus,Sertraline HCl,Tablet,50mg,Pfizer
2792,13790-915-92,Metoprolol Plus,Metoprolol Succinate,Tablet,50mg,AstraZeneca
2793,91139-997-93,Gabapentin Plus,Gabapentin,Capsule,300mg,Sun Pharma
2794,88290-959-94,Albuterol Plus,Albuterol Sulfate,Inhaler,90mcg,GSK
2795,93257-230-95,Albuterol Plus,Albuterol Sulfate,Inhaler,90mcg,GSK
2796,60794-806-96,Hydrochlorothiazide Plus,Hydrochlorothiazide,Tablet,25mg,Lupin
2797,37818-769-97,Gabapentin Plus,Gabapentin,Capsule,300mg,Sun Pharma
2798,69113-816-98,Lysinopril Plus,Lisinopril,Tablet,10mg,Sandoz
2799,27381-302-99,Metformin Plus,Metformin HCl,Tablet,850mg,Mylan
2800,79537-161-00,Metoprolol Plus,Metoprolol Succinate,Tablet,50mg,AstraZeneca
2801,80804-353-01,Metformin Plus,Metformin HCl,Tablet,850mg,Mylan
2802,39173-168-02,Metformin Plus,Metformin HCl,Tablet,850mg,Mylan
2803,96087-808-03,Gabapentin Plus,Gabapentin,Capsule,300mg,Sun Pharma
2804,63791-997-04,Metoprolol Plus,Metoprolol Succinate,Tablet,50mg,AstraZeneca
2805,97734-698-05,Azithromycin Plus,Azithromycin,Tablet,250mg,Pfizer
2806,64101-125-06,Hydrochlorothiazide Plus,Hydrochlorothiazide,Tablet,25mg,Lupin
2807,86517-883-07,Metformin Plus,Metformin HCl,Tablet,850mg,Mylan
2808,31321-667-08,Gabapentin Plus,Gabapentin,Capsule,300mg,Sun Pharma
2809,15302-187-09,Gabapentin Plus,Gabapentin,Capsule,300mg,Sun Pharma
2810,46261-822-10,Amoxicillin Plus,Amoxicillin,Capsule,500mg,Teva
2811,19745-550-11,Ibuprofen Plus,Ibuprofen,Tablet,800mg,McNeil
2812,41871-113-12,Metoprolol Plus,Metoprolol Succinate,Tablet,50mg,AstraZeneca
2813,71928-187-13,Levothyroxine Plus,Levothyroxine Sodium,Tablet,50mcg,AbbVie
2814,74670-689-14,Metoprolol Plus,Metoprolol Succinate,Tablet,50mg,AstraZeneca
2815,81683-477-15,Omeprazole Plus,Omeprazole,Capsule,20mg,AstraZeneca
2816,50075-919-16,Levothyroxine Plus,Levothyroxine Sodium,Tablet,50mcg,AbbVie
2817,23795-115-17,Levothyroxine Plus,Levothyroxine Sodium,Tablet,50mcg,AbbVie
2818,58398-191-18,Amoxicillin Plus,Amoxicillin,Capsule,500mg,Teva
2819,44622-719-19,Hydrochlorothiazide Plus,Hydrochlorothiazide,Tablet,25mg,Lupin
2820,56985-770-20,Azithromycin Plus,Azithromycin,Tablet,250mg,Pfizer
2821,81469-521-21,Atorvastatin Plus,Atorvastatin Calcium,Tablet,20mg,Pfizer
2822,92710-559-22,Levothyroxine Plus,Levothyroxine Sodium,Tablet,50mcg,AbbVie
2823,22008-945-23,Amoxicillin Plus,Amoxicillin,Capsule,500mg,Teva
2824,76646-180-24,Losartan Plus,Losartan Potassium,Tablet,50mg,Merck
2825,82862-157-25,Azithromycin Plus,Azithromycin,Tablet,250mg,Pfizer
2826,21777-601-26,Azithromycin Plus,Azithromycin,Tablet,250mg,Pfizer
2827,60253-129-27,Metoprolol Plus,Metoprolol Succinate,Tablet,50mg,AstraZeneca
2828,12126-362-28,Omeprazole Plus,Omeprazole,Capsule,20mg,AstraZeneca
2829,71661-913-29,Albuterol Plus,Albuterol Sulfate,Inhaler,90mcg,GSK
2830,92065-642-30,Amlodipine Plus,Amlodipine Besylate,Tablet,5mg,Novartis
2831,31085-468-31,Sertraline Plus,Sertraline HCl,Tablet,50mg,Pfizer
2832,44323-855-32,Levothyroxine Plus,Levothyroxine Sodium,Tablet,50mcg,AbbVie
2833,49391-219-33,Gabapentin Plus,Gabapentin,Capsule,300mg,Sun Pharma
2834,18268-796-34,Hydrochlorothiazide Plus,Hydrochlorothiazide,Tablet,25mg,Lupin
2835,40495-326-35,Metoprolol Plus,Metoprolol Succinate,Tablet,50mg,AstraZeneca
2836,84160-142-36,Sertraline Plus,Sertraline HCl,Tablet,50mg,Pfizer
2837,82826-249-37,Omeprazole Plus,Omeprazole,Capsule,20mg,AstraZeneca
2838,67517-793-38,Amlodipine Plus,Amlodipine Besylate,Tablet,5mg,Novartis
2839,94438-282-39,Levothyroxine Plus,Levothyroxine Sodium,Tablet,50mcg,AbbVie
2840,92386-421-40,Metoprolol Plus,Metoprolol Succinate,Tablet,50mg,AstraZeneca
2841,53502-889-41,Lysinopril Plus,Lisinopril,Tablet,10mg,Sandoz
2842,43747-864-42,Sertraline Plus,Sertraline HCl,Tablet,50mg,Pfizer
2843,19683-237-43,Metformin Plus,Metformin HCl,Tablet,850mg,Mylan
2844,40753-868-44,Losartan Plus,Losartan Potassium,Tablet,50mg,Merck
2845,82633-584-45,Amoxicillin Plus,Amoxicillin,Capsule,500mg,Teva
2846,38651-865-46,Lysinopril Plus,Lisinopril,Tablet,10mg,Sandoz
2847,38555-902-47,Azithromycin Plus,Azithromycin,Tablet,250mg,Pfizer
2848,31699-881-48,Amoxicillin Plus,Amoxicillin,Capsule,500mg,Teva
2849,29501-581-49,Azithromycin Plus,Azithromycin,Tablet,250mg,Pfizer
2850,35066-702-50,Gabapentin Plus,Gabapentin,Capsule,300mg,Sun Pharma
2851,20780-235-51,Atorvastatin Plus,Atorvastatin Calcium,Tablet,20mg,Pfizer
2852,60759-130-52,Levothyroxine Plus,Levothyroxine Sodium,Tablet,50mcg,AbbVie
2853,20912-635-53,Atorvastatin Plus,Atorvastatin Calcium,Tablet,20mg,Pfizer
2854,65485-882-54,Amlodipine Plus,Amlodipine Besylate,Tablet,5mg,Novartis
2855,60207-913-55,Levothyroxine Plus,Levothyroxine Sodium,Tablet,50mcg,AbbVie
2856,17420-850-56,Amlodipine Plus,Amlodipine Besylate,Tablet,5mg,Novartis
2857,67857-962-57,Losartan Plus,Losartan Potassium,Tablet,50mg,Merck
2858,87333-978-58,Gabapentin Plus,Gabapentin,Capsule,300mg,Sun Pharma
2859,51568-508-59,Azithromycin Plus,Azithromycin,Tablet,250mg,Pfizer
2860,99957-266-60,Albuterol Plus,Albuterol Sulfate,Inhaler,90mcg,GSK
2861,42996-814-61,Amoxicillin Plus,Amoxicillin,Capsule,500mg,Teva
2862,35142-489-62,Ibuprofen Plus,Ibuprofen,Tablet,800mg,McNeil
2863,57290-240-63,Azithromycin Plus,Azithromycin,Tablet,250mg,Pfizer
2864,77827-849-64,Hydrochlorothiazide Plus,Hydrochlorothiazide,Tablet,25mg,Lupin
2865,96671-467-65,Metformin Plus,Metformin HCl,Tablet,850mg,Mylan
2866,43770-514-66,Losartan Plus,Losartan Potassium,Tablet,50mg,Merck
2867,92963-755-67,Hydrochlorothiazide Plus,Hydrochlorothiazide,Tablet,25mg,Lupin
2868,60825-951-68,Levothyroxine Plus,Levothyroxine Sodium,Tablet,50mcg,AbbVie
2869,46197-795-69,Hydrochlorothiazide Plus,Hydrochlorothiazide,Tablet,25mg,Lupin
2870,58493-788-70,Metoprolol Plus,Metoprolol Succinate,Tablet,50mg,AstraZeneca
2871,32800-215-71,Albuterol Plus,Albuterol Sulfate,Inhaler,90mcg,GSK
2872,28896-655-72,Azithromycin Plus,Azithromycin,Tablet,250mg,Pfizer
2873,32848-108-73,Lysinopril Plus,Lisinopril,Tablet,10mg,Sandoz
2874,29358-706-74,Gabapentin Plus,Gabapentin,Capsule,300mg,Sun Pharma
2875,14576-476-75,Losartan Plus,Losartan Potassium,Tablet,50mg,Merck
2876,91069-316-76,Hydrochlorothiazide Plus,Hydrochlorothiazide,Tablet,25mg,Lupin
2877,42697-551-77,Hydrochlorothiazide Plus,Hydrochlorothiazide,Tablet,25mg,Lupin
2878,27490-201-78,Atorvastatin Plus,Atorvastatin Calcium,Tablet,20mg,Pfizer
2879,98633-691-79,Azithromycin Plus,Azithromycin,Tablet,250mg,Pfizer
2880,83144-258-80,Amoxicillin Plus,Amoxicillin,Capsule,500mg,Teva
2881,83791-672-81,Losartan Plus,Losartan Potassium,Tablet,50mg,Merck
2882,81335-146-82,Amoxicillin Plus,Amoxicillin,Capsule,500mg,Teva
2883,98119-189-83,Levothyroxine Plus,Levothyroxine Sodium,Tablet,50mcg,AbbVie
2884,60396-740-84,Amlodipine Plus,Amlodipine Besylate,Tablet,5mg,Novartis
2885,28600-226-85,Hydrochlorothiazide Plus,Hydrochlorothiazide,Tablet,25mg,Lupin
2886,62141-807-86,Azithromycin Plus,Azithromycin,Tablet,250mg,Pfizer
2887,90986-428-87,Amoxicillin Plus,Amoxicillin,Capsule,500mg,Teva
2888,25280-885-88,Lysinopril Plus,Lisinopril,Tablet,10mg,Sandoz
2889,33260-830-89,Amlodipine Plus,Amlodipine Besylate,Tablet,5mg,Novartis
2890,47656-462-90,Sertraline Plus,Sertraline HCl,Tablet,50mg,Pfizer
2891,34086-463-91,Levothyroxine Plus,Levothyroxine Sodium,Tablet,50mcg,AbbVie
2892,28981-826-92,Amlodipine Plus,Amlodipine Besylate,Tablet,5mg,Novartis
2893,28283-301-93,Azithromycin Plus,Azithromycin,Tablet,250mg,Pfizer
2894,86081-965-94,Amlodipine Plus,Amlodipine Besylate,Tablet,5mg,Novartis
2895,38826-926-95,Gabapentin Plus,Gabapentin,Capsule,300mg,Sun Pharma
2896,62183-270-96,Gabapentin Plus,Gabapentin,Capsule,300mg,Sun Pharma
2897,26621-546-97,Amlodipine Plus,Amlodipine Besylate,Tablet,5mg,Novartis
2898,34132-209-98,Metformin Plus,Metformin HCl,Tablet,850mg,Mylan
2899,32067-635-99,Gabapentin Plus,Gabapentin,Capsule,300mg,Sun Pharma
2900,24495-443-00,Ibuprofen Plus,Ibuprofen,Tablet,800mg,McNeil
2901,80708-728-01,Azithromycin Plus,Azithromycin,Tablet,250mg,Pfizer
2902,42264-429-02,Atorvastatin Plus,Atorvastatin Calcium,Tablet,20mg,Pfizer
2903,86306-206-03,Losartan Plus,Losartan Potassium,Tablet,50mg,Merck
2904,71365-762-04,Levothyroxine Plus,Levothyroxine Sodium,Tablet,50mcg,AbbVie
2905,58099-933-05,Omeprazole Plus,Omeprazole,Capsule,20mg,AstraZeneca
2906,90226-603-06,Atorvastatin Plus,Atorvastatin Calcium,Tablet,20mg,Pfizer
2907,23426-405-07,Ibuprofen Plus,Ibuprofen,Tablet,800mg,McNeil
2908,71979-597-08,Amlodipine Plus,Amlodipine Besylate,Tablet,5mg,Novartis
2909,68860-223-09,Atorvastatin Plus,Atorvastatin Calcium,Tablet,20mg,Pfizer
2910,92896-868-10,Atorvastatin Plus,Atorvastatin Calcium,Tablet,20mg,Pfizer
2911,39885-334-11,Levothyroxine Plus,Levothyroxine Sodium,Tablet,50mcg,AbbVie
2912,36162-788-12,Albuterol Plus,Albuterol Sulfate,Inhaler,90mcg,GSK
2913,94515-127-13,Amoxicillin Plus,Amoxicillin,Capsule,500mg,Teva
2914,36507-752-14,Ibuprofen Plus,Ibuprofen,Tablet,800mg,McNeil
2915,39251-944-15,Ibuprofen Plus,Ibuprofen,Tablet,800mg,McNeil
2916,99541-540-16,Azithromycin Plus,Azithromycin,Tablet,250mg,Pfizer
2917,27368-898-17,Azithromycin Plus,Azithromycin,Tablet,250mg,Pfizer
2918,55827-830-18,Ibuprofen Plus,Ibuprofen,Tablet,800mg,McNeil
2919,69090-928-19,Levothyroxine Plus,Levothyroxine Sodium,Tablet,50mcg,AbbVie
2920,43728-761-20,Sertraline Plus,Sertraline HCl,Tablet,50mg,Pfizer
2921,40261-753-21,Gabapentin Plus,Gabapentin,Capsule,300mg,Sun Pharma
2922,25631-475-22,Hydrochlorothiazide Plus,Hydrochlorothiazide,Tablet,25mg,Lupin
2923,67593-666-23,Ibuprofen Plus,Ibuprofen,Tablet,800mg,McNeil
2924,42523-493-24,Losartan Plus,Losartan Potassium,Tablet,50mg,Merck
2925,41049-715-25,Gabapentin Plus,Gabapentin,Capsule,300mg,Sun Pharma
2926,32408-902-26,Ibuprofen Plus,Ibuprofen,Tablet,800mg,McNeil
2927,23610-365-27,Amlodipine Plus,Amlodipine Besylate,Tablet,5mg,Novartis
2928,86447-444-28,Metformin Plus,Metformin HCl,Tablet,850mg,Mylan
2929,49258-758-29,Levothyroxine Plus,Levothyroxine Sodium,Tablet,50mcg,AbbVie
2930,69074-311-30,Losartan Plus,Losartan Potassium,Tablet,50mg,Merck
2931,23325-695-31,Omeprazole Plus,Omeprazole,Capsule,20mg,AstraZeneca
2932,28484-976-32,Lysinopril Plus,Lisinopril,Tablet,10mg,Sandoz
2933,81920-479-33,Azithromycin Plus,Azithromycin,Tablet,250mg,Pfizer
2934,58065-169-34,Hydrochlorothiazide Plus,Hydrochlorothiazide,Tablet,25mg,Lupin
2935,73189-918-35,Ibuprofen Plus,Ibuprofen,Tablet,800mg,McNeil
2936,25750-999-36,Ibuprofen Plus,Ibuprofen,Tablet,800mg,McNeil
2937,49510-267-37,Hydrochlorothiazide Plus,Hydrochlorothiazide,Tablet,25mg,Lupin
2938,58571-248-38,Sertraline Plus,Sertraline HCl,Tablet,50mg,Pfizer
2939,75491-899-39,Metoprolol Plus,Metoprolol Succinate,Tablet,50mg,AstraZeneca
2940,26203-881-40,Albuterol Plus,Albuterol Sulfate,Inhaler,90mcg,GSK
2941,83774-776-41,Sertraline Plus,Sertraline HCl,Tablet,50mg,Pfizer
2942,95325-471-42,Metoprolol Plus,Metoprolol Succinate,Tablet,50mg,AstraZeneca
2943,26495-815-43,Metformin Plus,Metformin HCl,Tablet,850mg,Mylan
2944,70589-558-44,Albuterol Plus,Albuterol Sulfate,Inhaler,90mcg,GSK
2945,95250-501-45,Metoprolol Plus,Metoprolol Succinate,Tablet,50mg,AstraZeneca
2946,28691-137-46,Amlodipine Plus,Amlodipine Besylate,Tablet,5mg,Novartis
2947,77183-438-47,Azithromycin Plus,Azithromycin,Tablet,250mg,Pfizer
2948,36546-454-48,Omeprazole Plus,Omeprazole,Capsule,20mg,AstraZeneca
2949,81970-961-49,Hydrochlorothiazide Plus,Hydrochlorothiazide,Tablet,25mg,Lupin
2950,80508-270-50,Sertraline Plus,Sertraline HCl,Tablet,50mg,Pfizer
2951,14031-344-51,Omeprazole Plus,Omeprazole,Capsule,20mg,AstraZeneca
2952,76722-616-52,Metoprolol Plus,Metoprolol Succinate,Tablet,50mg,AstraZeneca
2953,66859-726-53,Ibuprofen Plus,Ibuprofen,Tablet,800mg,McNeil
2954,84181-301-54,Ibuprofen Plus,Ibuprofen,Tablet,800mg,McNeil
2955,24556-691-55,Losartan Plus,Losartan Potassium,Tablet,50mg,Merck
2956,78210-354-56,Amoxicillin Plus,Amoxicillin,Capsule,500mg,Teva
2957,31484-285-57,Gabapentin Plus,Gabapentin,Capsule,300mg,Sun Pharma
2958,48924-233-58,Hydrochlorothiazide Plus,Hydrochlorothiazide,Tablet,25mg,Lupin
2959,10007-495-59,Amlodipine Plus,Amlodipine Besylate,Tablet,5mg,Novartis
2960,96073-245-60,Azithromycin Plus,Azithromycin,Tablet,250mg,Pfizer
2961,48255-695-61,Sertraline Plus,Sertraline HCl,Tablet,50mg,Pfizer
2962,51713-941-62,Azithromycin Plus,Azithromycin,Tablet,250mg,Pfizer
2963,58412-327-63,Ibuprofen Plus,Ibuprofen,Tablet,800mg,McNeil
2964,46347-700-64,Ibuprofen Plus,Ibuprofen,Tablet,800mg,McNeil
2965,34838-840-65,Metoprolol Plus,Metoprolol Succinate,Tablet,50mg,AstraZeneca
2966,34491-799-66,Atorvastatin Plus,Atorvastatin Calcium,Tablet,20mg,Pfizer
2967,76804-303-67,Sertraline Plus,Sertraline HCl,Tablet,50mg,Pfizer
2968,17447-136-68,Sertraline Plus,Sertraline HCl,Tablet,50mg,Pfizer
2969,35921-472-69,Amlodipine Plus,Amlodipine Besylate,Tablet,5mg,Novartis
2970,80810-190-70,Omeprazole Plus,Omeprazole,Capsule,20mg,AstraZeneca
2971,28162-881-71,Azithromycin Plus,Azithromycin,Tablet,250mg,Pfizer
2972,95402-836-72,Amoxicillin Plus,Amoxicillin,Capsule,500mg,Teva
2973,59663-626-73,Metoprolol Plus,Metoprolol Succinate,Tablet,50mg,AstraZeneca
2974,53027-769-74,Losartan Plus,Losartan Potassium,Tablet,50mg,Merck
2975,37135-635-75,Sertraline Plus,Sertraline HCl,Tablet,50mg,Pfizer
2976,94551-363-76,Amlodipine Plus,Amlodipine Besylate,Tablet,5mg,Novartis
2977,49946-995-77,Lysinopril Plus,Lisinopril,Tablet,10mg,Sandoz
2978,55672-334-78,Sertraline Plus,Sertraline HCl,Tablet,50mg,Pfizer
2979,29387-505-79,Omeprazole Plus,Omeprazole,Capsule,20mg,AstraZeneca
2980,48589-687-80,Amlodipine Plus,Amlodipine Besylate,Tablet,5mg,Novartis
2981,39538-357-81,Metformin Plus,Metformin HCl,Tablet,850mg,Mylan
2982,16849-384-82,Azithromycin Plus,Azithromycin,Tablet,250mg,Pfizer
2983,98846-431-83,Metoprolol Plus,Metoprolol Succinate,Tablet,50mg,AstraZeneca
2984,39428-766-84,Albuterol Plus,Albuterol Sulfate,Inhaler,90mcg,GSK
2985,82022-311-85,Lysinopril Plus,Lisinopril,Tablet,10mg,Sandoz
2986,41960-917-86,Metoprolol Plus,Metoprolol Succinate,Tablet,50mg,AstraZeneca
2987,41045-745-87,Hydrochlorothiazide Plus,Hydrochlorothiazide,Tablet,25mg,Lupin
2988,56315-834-88,Sertraline Plus,Sertraline HCl,Tablet,50mg,Pfizer
2989,12058-451-89,Lysinopril Plus,Lisinopril,Tablet,10mg,Sandoz
2990,91055-474-90,Azithromycin Plus,Azithromycin,Tablet,250mg,Pfizer
2991,95170-827-91,Amlodipine Plus,Amlodipine Besylate,Tablet,5mg,Novartis
2992,66871-593-92,Hydrochlorothiazide Plus,Hydrochlorothiazide,Tablet,25mg,Lupin
2993,50469-958-93,Sertraline Plus,Sertraline HCl,Tablet,50mg,Pfizer
2994,73126-199-94,Amoxicillin Plus,Amoxicillin,Capsule,500mg,Teva
2995,87102-237-95,Azithromycin Plus,Azithromycin,Tablet,250mg,Pfizer
2996,76215-394-96,Sertraline Plus,Sertraline HCl,Tablet,50mg,Pfizer
2997,81177-411-97,Levothyroxine Plus,Levothyroxine Sodium,Tablet,50mcg,AbbVie
2998,90053-872-98,Gabapentin Plus,Gabapentin,Capsule,300mg,Sun Pharma
2999,59017-332-99,Atorvastatin Plus,Atorvastatin Calcium,Tablet,20mg,Pfizer
3000,95954-922-00,Gabapentin Plus,Gabapentin,Capsule,300mg,Sun Pharma
