provider_id,first_name,last_name,npi_number,specialty,license_state,phone
1,Robert,Lopez,1000000001,Urology,TX,923-555-2875
2,Mary,Lee,1000000002,General Practice,CO,573-555-9105
3,Donald,Wilson,1000000003,Endocrinology,CA,731-555-1362
4,Richard,Williams,1000000004,Endocrinology,AZ,810-555-5476
5,Christopher,Taylor,1000000005,Internal Medicine,CA,491-555-2840
6,Nancy,Garcia,1000000006,Endocrinology,PA,959-555-9327
7,Jennifer,Wilson,1000000007,Gastroenterology,CA,563-555-7892
8,Mark,Smith,1000000008,Orthopedics,CA,995-555-5538
9,Karen,Perez,1000000009,Urology,NY,275-555-9940
10,Daniel,Jackson,1000000010,Cardiology,IL,908-555-8827
11,Karen,Martin,1000000011,Pulmonology,CA,857-555-4562
12,Michael,Johnson,1000000012,Pediatrics,IL,889-555-2266
13,Patricia,Lopez,1000000013,Oncology,AZ,639-555-9308
14,Thomas,Rodriguez,1000000014,Emergency Medicine,CO,989-555-7507
15,Donald,Brown,1000000015,Neurology,CO,737-555-4542
16,Susan,Jackson,1000000016,Dermatology,CO,233-555-5633
17,Jennifer,Hernandez,1000000017,Pediatrics,NY,247-555-2163
18,Elizabeth,Rodriguez,1000000018,Endocrinology,TX,674-555-6441
19,David,Anderson,1000000019,General Practice,MA,514-555-4501
20,Charles,Taylor,1000000020,Cardiology,TX,223-555-1736
21,John,Moore,1000000021,Pulmonology,TX,252-555-5440
22,Joseph,Gonzalez,1000000022,Urology,CA,479-555-2086
23,Karen,Wilson,1000000023,Cardiology,TX,357-555-7481
24,Sandra,Miller,1000000024,Endocrinology,CA,203-555-9735
25,Joseph,Martinez,1000000025,Psychiatry,TX,877-555-9074
26,Linda,Lopez,1000000026,Urology,WA,249-555-5895
27,Sandra,Wilson,1000000027,Pediatrics,TX,337-555-5679
28,Michael,Taylor,1000000028,Neurology,NY,451-555-2279
29,Richard,Davis,1000000029,General Practice,CO,567-555-1287
30,Donald,Smith,1000000030,Pediatrics,CA,336-555-6138
31,Robert,Jones,1000000031,Endocrinology,CO,820-555-3757
32,Sarah,Lopez,1000000032,Gastroenterology,TX,986-555-2002
33,Charles,Taylor,1000000033,Pulmonology,FL,665-555-4606
34,Ashley,Davis,1000000034,Psychiatry,WA,653-555-8963
35,Nancy,Lee,1000000035,Oncology,PA,864-555-2416
36,Richard,Johnson,1000000036,General Practice,TX,700-555-7907
37,James,Garcia,1000000037,Cardiology,WA,571-555-3654
38,Nancy,Anderson,1000000038,Cardiology,MA,402-555-8119
39,Michael,Lopez,1000000039,Pediatrics,CA,596-555-3037
40,John,Lopez,1000000040,Gastroenterology,TX,288-555-4779
41,Matthew,Martin,1000000041,Endocrinology,TX,981-555-8812
42,James,Davis,1000000042,Cardiology,CA,905-555-2916
43,Charles,Jones,1000000043,Oncology,MA,265-555-2712
44,Mark,Brown,1000000044,Oncology,TX,848-555-4685
45,Linda,Gonzalez,1000000045,Emergency Medicine,TX,929-555-1587
46,Sarah,Brown,1000000046,Psychiatry,AZ,878-555-9560
47,Karen,Hernandez,1000000047,Dermatology,FL,710-555-1780
48,Barbara,Williams,1000000048,Endocrinology,AZ,701-555-6137
49,Christopher,Martinez,1000000049,Orthopedics,FL,706-555-4725
50,Barbara,Garcia,1000000050,Urology,CA,216-555-8169
51,Jennifer,Brown,1000000051,Pulmonology,IL,268-555-6054
52,Daniel,Thomas,1000000052,Pediatrics,CO,396-555-9155
53,Robert,Moore,1000000053,Orthopedics,TX,318-555-8887
54,Michael,Rodriguez,1000000054,General Practice,NY,661-555-6680
55,Lisa,Perez,1000000055,Endocrinology,TX,384-555-6029
56,John,Moore,1000000056,Orthopedics,CA,372-555-2269
57,Daniel,Gonzalez,1000000057,Endocrinology,MA,600-555-4363
58,Charles,Davis,1000000058,Dermatology,PA,782-555-7464
59,Richard,Hernandez,1000000059,Internal Medicine,PA,855-555-1315
60,Nancy,Miller,1000000060,Endocrinology,CA,562-555-9717
61,James,Taylor,1000000061,General Practice,CA,386-555-1387
62,Elizabeth,Anderson,1000000062,Dermatology,TX,263-555-2263
63,Barbara,Hernandez,1000000063,Pulmonology,TX,351-555-1383
64,William,Perez,1000000064,Psychiatry,TX,364-555-2199
65,Patricia,Davis,1000000065,Gastroenterology,PA,950-555-2612
66,Susan,Johnson,1000000066,Internal Medicine,TX,481-555-3925
67,Elizabeth,Gonzalez,1000000067,Dermatology,CO,918-555-5247
68,Linda,Martin,1000000068,Gastroenterology,PA,473-555-3574
69,Elizabeth,Perez,1000000069,Urology,CO,441-555-6413
70,Sarah,Martinez,1000000070,Gastroenterology,IL,412-555-1021
71,Mark,Williams,1000000071,Urology,TX,272-555-9547
72,Mark,Taylor,1000000072,Cardiology,TX,743-555-8731
73,John,Thomas,1000000073,Psychiatry,IL,994-555-9708
74,Robert,Perez,1000000074,Internal Medicine,IL,549-555-2548
75,Charles,Miller,1000000075,Oncology,FL,857-555-2402
76,James,Jones,1000000076,Orthopedics,IL,709-555-3936
77,Sandra,Brown,1000000077,Neurology,IL,342-555-3143
78,Christopher,Lopez,1000000078,Pulmonology,PA,469-555-3298
79,Patricia,Smith,1000000079,Cardiology,CA,459-555-9986
80,Matthew,Williams,1000000080,Internal Medicine,CA,414-555-8520
81,Charles,Martinez,1000000081,Psychiatry,TX,445-555-7785
82,Donald,Lopez,1000000082,Urology,CA,765-555-4714
83,Jennifer,Taylor,1000000083,Emergency Medicine,TX,365-555-7527
84,Joseph,Miller,1000000084,Emergency Medicine,TX,665-555-1864
85,Sarah,Thomas,1000000085,Gastroenterology,TX,297-555-7254
86,Patricia,Miller,1000000086,Gastroenterology,TX,643-555-4788
87,Jessica,Anderson,1000000087,Neurology,TX,618-555-4242
88,Richard,Davis,1000000088,Pediatrics,MA,943-555-8299
89,Patricia,Lee,1000000089,Emergency Medicine,IL,257-555-8786
90,Nancy,Davis,1000000090,Pulmonology,AZ,544-555-2513
91,Mark,Perez,1000000091,General Practice,CA,237-555-1169
92,Joseph,Miller,1000000092,Pediatrics,WA,982-555-5085
93,Christopher,Smith,1000000093,Cardiology,PA,700-555-2026
94,Sandra,Johnson,1000000094,Oncology,PA,965-555-9782
95,John,Martinez,1000000095,Oncology,CA,803-555-5292
96,Lisa,Perez,1000000096,Pediatrics,TX,507-555-6653
97,Elizabeth,Hernandez,1000000097,Neurology,MA,764-555-4467
98,Linda,Martin,1000000098,Dermatology,PA,927-555-9974
99,Thomas,Miller,1000000099,Endocrinology,IL,616-555-2860
100,Daniel,Wilson,1000000100,Cardiology,CA,845-555-2341
101,Betty,Martin,1000000101,Psychiatry,WA,726-555-9773
102,Sarah,Johnson,1000000102,Dermatology,CA,923-555-3720
103,Susan,Smith,1000000103,Urology,TX,727-555-9462
104,William,Hernandez,1000000104,Pulmonology,TX,474-555-3568
105,Matthew,Lopez,1000000105,Neurology,AZ,204-555-4109
106,Susan,Lee,1000000106,Neurology,CA,515-555-1628
107,Jennifer,Moore,1000000107,Neurology,TX,342-555-8465
108,Joseph,Perez,1000000108,Urology,TX,902-555-9508
109,Patricia,Jones,1000000109,Cardiology,MA,604-555-6101
110,Nancy,Davis,1000000110,Urology,CA,976-555-1299
111,Mark,Garcia,1000000111,Neurology,IL,314-555-9780
112,Christopher,Wilson,1000000112,Oncology,TX,541-555-6136
113,Jessica,Smith,1000000113,Pediatrics,WA,247-555-8310
114,Charles,Anderson,1000000114,Pulmonology,TX,932-555-7583
115,Anthony,Garcia,1000000115,Orthopedics,FL,998-555-8087
116,Thomas,Rodriguez,1000000116,Endocrinology,TX,654-555-9893
117,Karen,Perez,1000000117,Oncology,TX,967-555-1644
118,Ashley,Thompson,1000000118,Urology,TX,955-555-4245
119,Nancy,Perez,1000000119,Psychiatry,IL,826-555-7819
120,Joseph,Thomas,1000000120,Cardiology,MA,911-555-6890
121,Mark,Garcia,1000000121,Pediatrics,TX,287-555-9995
122,William,Martin,1000000122,Endocrinology,CO,292-555-4535
123,Susan,Hernandez,1000000123,Dermatology,PA,402-555-3767
124,Linda,Wilson,1000000124,Orthopedics,NY,505-555-3316
125,Lisa,Lopez,1000000125,Neurology,MA,782-555-2662
126,David,Thomas,1000000126,Orthopedics,AZ,849-555-4208
127,Christopher,Gonzalez,1000000127,General Practice,AZ,353-555-7769
128,Susan,Smith,1000000128,Cardiology,PA,765-555-9263
129,Sandra,Johnson,1000000129,Emergency Medicine,IL,969-555-2640
130,Matthew,Martin,1000000130,Dermatology,IL,460-555-6251
131,Charles,Hernandez,1000000131,Orthopedics,TX,664-555-5422
132,Lisa,Garcia,1000000132,Cardiology,MA,693-555-8381
133,Lisa,Anderson,1000000133,Pediatrics,WA,326-555-1460
134,Robert,Taylor,1000000134,Psychiatry,FL,431-555-5068
135,Ashley,Johnson,1000000135,Gastroenterology,TX,882-555-5158
136,Patricia,Brown,1000000136,Cardiology,TX,973-555-5040
137,Joseph,Thomas,1000000137,Cardiology,TX,666-555-4009
138,Daniel,Thomas,1000000138,Oncology,CA,673-555-7448
139,Joseph,Taylor,1000000139,Pediatrics,CA,436-555-7646
140,Robert,Lopez,1000000140,Cardiology,AZ,957-555-9552
141,Patricia,Thompson,1000000141,Urology,PA,503-555-2925
142,Matthew,Wilson,1000000142,Neurology,FL,880-555-5417
143,Christopher,Williams,1000000143,Pulmonology,TX,529-555-7650
144,Jennifer,Martinez,1000000144,Internal Medicine,TX,586-555-6031
145,Mary,Wilson,1000000145,General Practice,TX,486-555-4306
146,Elizabeth,Gonzalez,1000000146,Internal Medicine,MA,970-555-7276
147,Daniel,Lopez,1000000147,Internal Medicine,FL,756-555-5898
148,Robert,Hernandez,1000000148,Neurology,TX,483-555-1003
149,Lisa,Gonzalez,1000000149,Urology,TX,645-555-2385
150,Donald,Taylor,1000000150,Pulmonology,MA,534-555-2790
151,Ashley,Thompson,1000000151,Endocrinology,TX,981-555-5015
152,Anthony,Davis,1000000152,Psychiatry,TX,711-555-6174
153,Jessica,Garcia,1000000153,Psychiatry,CA,624-555-8430
154,James,Garcia,1000000154,Dermatology,NY,285-555-4243
155,Robert,Jackson,1000000155,Pulmonology,TX,832-555-7729
156,Michael,Rodriguez,1000000156,Neurology,WA,308-555-7207
157,Karen,Perez,1000000157,Psychiatry,CA,365-555-9117
158,James,Jones,1000000158,Urology,CO,412-555-6227
159,Margaret,Jackson,1000000159,Emergency Medicine,CO,237-555-8543
160,Michael,Brown,1000000160,Endocrinology,CO,246-555-2879
161,Daniel,Taylor,1000000161,Oncology,NY,492-555-1529
162,Lisa,Jones,1000000162,Oncology,TX,952-555-7068
163,Richard,Anderson,1000000163,Pulmonology,TX,234-555-3177
164,Matthew,Martinez,1000000164,Pulmonology,CA,499-555-6484
165,Lisa,Martinez,1000000165,Cardiology,CA,556-555-3103
166,Jessica,Martin,1000000166,Endocrinology,CA,222-555-8552
167,Sarah,Johnson,1000000167,Gastroenterology,TX,854-555-7247
168,Robert,Thompson,1000000168,Oncology,FL,209-555-4386
169,David,Hernandez,1000000169,Cardiology,WA,937-555-4856
170,Ashley,Johnson,1000000170,Dermatology,FL,399-555-2906
171,Mark,Jones,1000000171,Oncology,IL,503-555-6689
172,Mary,Jackson,1000000172,Dermatology,TX,229-555-6938
173,Lisa,Garcia,1000000173,Dermatology,MA,215-555-6281
174,David,Thomas,1000000174,Endocrinology,CA,752-555-8706
175,Michael,Brown,1000000175,Pulmonology,TX,555-555-9876
176,Patricia,Smith,1000000176,Internal Medicine,IL,469-555-9367
177,William,Hernandez,1000000177,Cardiology,IL,293-555-3101
178,Joseph,Anderson,1000000178,Cardiology,TX,650-555-6962
179,Sarah,Jones,1000000179,Oncology,PA,230-555-4636
180,Mary,Perez,1000000180,General Practice,TX,216-555-9142
181,Charles,Lee,1000000181,Cardiology,NY,388-555-5391
182,John,Garcia,1000000182,Endocrinology,TX,927-555-9377
183,Elizabeth,Taylor,1000000183,Psychiatry,CO,740-555-7807
184,Joseph,Garcia,1000000184,Orthopedics,TX,645-555-3927
185,Daniel,Davis,1000000185,Dermatology,CA,870-555-5137
186,Ashley,Jones,1000000186,Orthopedics,TX,914-555-6390
187,Mark,Perez,1000000187,Psychiatry,FL,941-555-3432
188,Jessica,Williams,1000000188,Orthopedics,AZ,786-555-2223
189,Betty,Perez,1000000189,General Practice,TX,934-555-3170
190,Sandra,Rodriguez,1000000190,Psychiatry,TX,246-555-7235
191,Robert,Davis,1000000191,Urology,TX,878-555-9228
192,Joseph,Gonzalez,1000000192,Endocrinology,TX,458-555-5701
193,Jennifer,Wilson,1000000193,Dermatology,CA,363-555-9279
194,Mark,Thompson,1000000194,Gastroenterology,PA,532-555-1524
195,Margaret,Jones,1000000195,Endocrinology,WA,639-555-9563
196,Jennifer,Martinez,1000000196,Dermatology,CA,559-555-9776
197,Jennifer,Martin,1000000197,Neurology,TX,915-555-8067
198,Karen,Garcia,1000000198,Endocrinology,TX,444-555-2553
199,John,Miller,1000000199,Dermatology,PA,213-555-4077
200,Barbara,Thomas,1000000200,Internal Medicine,CA,530-555-3008
201,Thomas,Davis,1000000201,Emergency Medicine,PA,993-555-5900
202,Donald,Rodriguez,1000000202,Dermatology,TX,392-555-7745
203,Linda,Brown,1000000203,Orthopedics,WA,568-555-2920
204,Mark,Martinez,1000000204,General Practice,TX,678-555-1079
205,Margaret,Smith,1000000205,Oncology,CA,514-555-6704
206,Michael,Davis,1000000206,Gastroenterology,TX,578-555-2656
207,James,Miller,1000000207,Endocrinology,CA,440-555-5579
208,Betty,Thomas,1000000208,Internal Medicine,NY,812-555-5099
209,John,Perez,1000000209,Pulmonology,CA,756-555-5087
210,Joseph,Martinez,1000000210,Urology,NY,611-555-8214
211,Sarah,Johnson,1000000211,Neurology,AZ,662-555-8433
212,Sarah,Hernandez,1000000212,Internal Medicine,TX,500-555-5362
213,Christopher,Perez,1000000213,Pediatrics,TX,726-555-2647
214,Elizabeth,Williams,1000000214,Emergency Medicine,CA,502-555-5204
215,Sarah,Thomas,1000000215,Cardiology,NY,432-555-8669
216,Sarah,Smith,1000000216,Endocrinology,FL,731-555-4922
217,Mary,Garcia,1000000217,Oncology,CA,727-555-4064
218,Daniel,Rodriguez,1000000218,Gastroenterology,CA,685-555-5821
219,Barbara,Miller,1000000219,Neurology,NY,750-555-1718
220,Ashley,Garcia,1000000220,Orthopedics,TX,550-555-1971
221,John,Brown,1000000221,Emergency Medicine,FL,866-555-7363
222,Susan,Davis,1000000222,Emergency Medicine,CA,959-555-1462
223,Lisa,Perez,1000000223,Emergency Medicine,WA,234-555-3844
224,James,Martin,1000000224,Psychiatry,WA,480-555-6895
225,Robert,Davis,1000000225,Dermatology,CA,441-555-8216
226,Mark,Rodriguez,1000000226,Oncology,WA,381-555-4709
227,Anthony,Williams,1000000227,Orthopedics,TX,791-555-4254
228,Mary,Moore,1000000228,Oncology,TX,798-555-7185
229,James,Rodriguez,1000000229,Gastroenterology,TX,621-555-8962
230,Elizabeth,Moore,1000000230,Psychiatry,MA,477-555-3702
231,William,Jackson,1000000231,Pulmonology,TX,496-555-3602
232,Ashley,Moore,1000000232,Internal Medicine,WA,823-555-4051
233,Donald,Rodriguez,1000000233,Neurology,FL,753-555-6744
234,Betty,Garcia,1000000234,General Practice,PA,865-555-5214
235,Ashley,Thomas,1000000235,Emergency Medicine,TX,801-555-5256
236,Nancy,Martinez,1000000236,Endocrinology,AZ,314-555-4961
237,Barbara,Brown,1000000237,Psychiatry,MA,828-555-8950
238,Patricia,Martin,1000000238,Cardiology,TX,706-555-6000
239,Mark,Thompson,1000000239,Urology,WA,855-555-4354
240,Anthony,Jackson,1000000240,Gastroenterology,AZ,588-555-4458
241,Barbara,Williams,1000000241,Internal Medicine,TX,895-555-2705
242,Ashley,Taylor,1000000242,Urology,CA,205-555-6518
243,Robert,Anderson,1000000243,General Practice,FL,319-555-7930
244,Matthew,Thomas,1000000244,Psychiatry,TX,803-555-3021
245,Jessica,Jones,1000000245,Cardiology,CA,366-555-3852
246,Donald,Smith,1000000246,Gastroenterology,CA,640-555-7110
247,William,Hernandez,1000000247,Psychiatry,CO,881-555-5170
248,Christopher,Anderson,1000000248,Pediatrics,MA,864-555-9628
249,Barbara,Hernandez,1000000249,Psychiatry,CA,765-555-2537
250,Sandra,Anderson,1000000250,Oncology,TX,784-555-4703
251,Daniel,Perez,1000000251,General Practice,CA,267-555-1328
252,Sandra,Taylor,1000000252,Pediatrics,FL,599-555-3570
253,Mark,Lopez,1000000253,Endocrinology,MA,977-555-3664
254,James,Garcia,1000000254,Endocrinology,CA,255-555-1952
255,David,Jackson,1000000255,Neurology,IL,972-555-5865
256,Christopher,Rodriguez,1000000256,Dermatology,MA,619-555-7452
257,Michael,Thomas,1000000257,Pulmonology,CA,598-555-8293
258,Mark,Thompson,1000000258,Dermatology,CA,337-555-7385
259,Christopher,Taylor,1000000259,Dermatology,WA,779-555-9223
260,David,Smith,1000000260,Psychiatry,TX,997-555-6614
261,Robert,Gonzalez,1000000261,Neurology,IL,522-555-8826
262,Matthew,Rodriguez,1000000262,Emergency Medicine,CO,979-555-2171
263,James,Taylor,1000000263,Orthopedics,NY,735-555-3612
264,Jennifer,Perez,1000000264,Internal Medicine,TX,948-555-6243
265,Sarah,Smith,1000000265,Cardiology,TX,544-555-2129
266,Thomas,Garcia,1000000266,Gastroenterology,PA,315-555-5144
267,John,Smith,1000000267,Urology,TX,333-555-8626
268,Jennifer,Gonzalez,1000000268,Orthopedics,FL,926-555-2499
269,Mary,Martin,1000000269,Dermatology,FL,959-555-5372
270,Sarah,Taylor,1000000270,Orthopedics,CA,839-555-8618
271,Donald,Williams,1000000271,Psychiatry,FL,817-555-6399
272,Daniel,Lopez,1000000272,Oncology,TX,933-555-1790
273,Jessica,Miller,1000000273,General Practice,TX,253-555-7956
274,Christopher,Lopez,1000000274,Internal Medicine,TX,817-555-6888
275,Joseph,Thompson,1000000275,General Practice,PA,610-555-3416
276,Mark,Lee,1000000276,Orthopedics,TX,874-555-1278
277,Joseph,Thompson,1000000277,Internal Medicine,TX,929-555-1276
278,William,Martinez,1000000278,General Practice,CA,634-555-5654
279,Sandra,Hernandez,1000000279,Internal Medicine,FL,833-555-6386
280,Ashley,Rodriguez,1000000280,Psychiatry,WA,967-555-4915
281,Joseph,Williams,1000000281,Orthopedics,TX,323-555-3568
282,Jennifer,Martinez,1000000282,Gastroenterology,CO,956-555-7797
283,Donald,Miller,1000000283,Emergency Medicine,CA,496-555-5237
284,Patricia,Thompson,1000000284,Urology,TX,350-555-8654
285,Barbara,Thompson,1000000285,Gastroenterology,NY,229-555-5027
286,Christopher,Davis,1000000286,Gastroenterology,AZ,291-555-4431
287,Ashley,Lee,1000000287,Cardiology,CA,495-555-7084
288,Anthony,Anderson,1000000288,Oncology,PA,971-555-4277
289,Barbara,Brown,1000000289,Orthopedics,CA,935-555-3260
290,Margaret,Garcia,1000000290,General Practice,NY,259-555-3917
291,Patricia,Anderson,1000000291,Internal Medicine,AZ,550-555-8679
292,James,Wilson,1000000292,Psychiatry,CA,547-555-1285
293,Mary,Smith,1000000293,Orthopedics,CO,556-555-4609
294,Elizabeth,Hernandez,1000000294,Gastroenterology,TX,722-555-2450
295,Charles,Smith,1000000295,Psychiatry,IL,395-555-1266
296,Elizabeth,Thomas,1000000296,Cardiology,CA,579-555-8279
297,John,Anderson,1000000297,Pediatrics,TX,712-555-4251
298,Karen,Williams,1000000298,Neurology,CA,987-555-6288
299,Nancy,Wilson,1000000299,General Practice,TX,510-555-3558
300,Margaret,Moore,1000000300,Emergency Medicine,FL,545-555-2862
301,Ashley,Perez,1000000301,Internal Medicine,TX,974-555-5296
302,Richard,Anderson,1000000302,Emergency Medicine,AZ,269-555-2436
303,Daniel,Martinez,1000000303,Pulmonology,IL,259-555-2695
304,Christopher,Thompson,1000000304,Cardiology,TX,204-555-9648
305,Jessica,Davis,1000000305,Gastroenterology,CA,754-555-9699
306,David,Moore,1000000306,Emergency Medicine,CO,511-555-7480
307,Karen,Martinez,1000000307,Endocrinology,MA,918-555-8334
308,Joseph,Lee,1000000308,Urology,TX,352-555-7903
309,Michael,Smith,1000000309,Psychiatry,CO,502-555-6407
310,Margaret,Jones,1000000310,Dermatology,CA,640-555-6596
311,Thomas,Thomas,1000000311,General Practice,FL,339-555-5293
312,Robert,Perez,1000000312,Urology,PA,307-555-6164
313,Betty,Davis,1000000313,Pediatrics,CA,256-555-3866
314,Jennifer,Thomas,1000000314,General Practice,CO,410-555-6057
315,Linda,Jones,1000000315,General Practice,CA,902-555-8467
316,Jennifer,Wilson,1000000316,Pulmonology,WA,364-555-2048
317,Barbara,Johnson,1000000317,Pulmonology,TX,982-555-3523
318,Lisa,Jones,1000000318,Endocrinology,CO,633-555-5327
319,James,Jones,1000000319,Cardiology,WA,246-555-3949
320,John,Smith,1000000320,Neurology,AZ,219-555-7328
321,Susan,Perez,1000000321,Internal Medicine,CO,509-555-8353
322,Susan,Brown,1000000322,Oncology,CA,974-555-7659
323,Linda,Williams,1000000323,Internal Medicine,IL,512-555-3308
324,Jennifer,Miller,1000000324,Psychiatry,MA,977-555-9232
325,Nancy,Jackson,1000000325,Pediatrics,TX,859-555-7186
326,Charles,Thompson,1000000326,Pulmonology,IL,902-555-4890
327,Anthony,Hernandez,1000000327,Oncology,TX,260-555-3724
328,Margaret,Rodriguez,1000000328,Emergency Medicine,IL,712-555-7451
329,Charles,Perez,1000000329,Gastroenterology,PA,942-555-1810
330,David,Gonzalez,1000000330,Endocrinology,TX,989-555-9405
331,Jessica,Perez,1000000331,General Practice,CA,554-555-9868
332,Nancy,Hernandez,1000000332,Pulmonology,TX,753-555-4029
333,James,Wilson,1000000333,Endocrinology,NY,979-555-6585
334,Sarah,Davis,1000000334,Emergency Medicine,AZ,420-555-1188
335,Michael,Lee,1000000335,Internal Medicine,TX,625-555-2109
336,John,Garcia,1000000336,Urology,CO,489-555-9608
337,John,Lee,1000000337,General Practice,CO,416-555-9594
338,Charles,Thompson,1000000338,Psychiatry,WA,526-555-5151
339,Michael,Hernandez,1000000339,Cardiology,TX,217-555-8599
340,Betty,Perez,1000000340,Oncology,CA,957-555-6404
341,James,Taylor,1000000341,Oncology,CO,312-555-8665
342,Margaret,Lopez,1000000342,Gastroenterology,PA,664-555-2452
343,Christopher,Rodriguez,1000000343,Oncology,MA,696-555-6148
344,Robert,Taylor,1000000344,Dermatology,AZ,280-555-7682
345,Robert,Williams,1000000345,Dermatology,CA,443-555-3787
346,Mary,Smith,1000000346,Dermatology,TX,728-555-9344
347,Donald,Garcia,1000000347,Internal Medicine,CA,875-555-2296
348,Karen,Martinez,1000000348,Cardiology,TX,343-555-4403
349,Michael,Jones,1000000349,Dermatology,CA,887-555-4853
350,Christopher,Miller,1000000350,Urology,TX,765-555-1241
351,Michael,Williams,1000000351,Neurology,PA,644-555-3829
352,John,Jones,1000000352,Orthopedics,CA,253-555-9603
353,Betty,Martin,1000000353,Endocrinology,FL,453-555-4771
354,Mary,Hernandez,1000000354,Pulmonology,TX,200-555-4553
355,Thomas,Wilson,1000000355,Endocrinology,TX,670-555-5570
356,Mark,Williams,1000000356,Psychiatry,TX,913-555-6419
357,William,Thompson,1000000357,Oncology,CO,771-555-3164
358,Jessica,Gonzalez,1000000358,Internal Medicine,WA,266-555-8120
359,Nancy,Thomas,1000000359,Gastroenterology,AZ,922-555-1800
360,Mark,Martin,1000000360,General Practice,TX,623-555-7268
361,Richard,Garcia,1000000361,Cardiology,CO,912-555-6543
362,Margaret,Miller,1000000362,Neurology,TX,507-555-8340
363,James,Jackson,1000000363,Oncology,TX,208-555-8217
364,Donald,Martinez,1000000364,Pediatrics,CO,890-555-5398
365,Christopher,Wilson,1000000365,Gastroenterology,CA,824-555-2509
366,John,Johnson,1000000366,Psychiatry,NY,819-555-5684
367,Barbara,Smith,1000000367,Emergency Medicine,TX,861-555-3922
368,Charles,Anderson,1000000368,Endocrinology,CA,969-555-7507
369,Richard,Jones,1000000369,General Practice,TX,272-555-3251
370,Elizabeth,Lee,1000000370,Urology,TX,726-555-6021
371,Nancy,Johnson,1000000371,Orthopedics,TX,739-555-5051
372,Thomas,Hernandez,1000000372,Gastroenterology,TX,800-555-9835
373,Linda,Martin,1000000373,Cardiology,IL,898-555-8080
374,Barbara,Thompson,1000000374,Gastroenterology,TX,505-555-3843
375,Karen,Brown,1000000375,Gastroenterology,TX,560-555-9061
376,Mary,Lopez,1000000376,Pulmonology,CA,589-555-4543
377,James,Taylor,1000000377,Orthopedics,IL,403-555-1150
378,Charles,Hernandez,1000000378,Dermatology,NY,994-555-6672
379,Robert,Perez,1000000379,Pulmonology,MA,988-555-5112
380,Ashley,Martinez,1000000380,Urology,CA,443-555-8474
381,Thomas,Davis,1000000381,Internal Medicine,TX,279-555-6880
382,Anthony,Lee,1000000382,Pediatrics,TX,254-555-6008
383,John,Jones,1000000383,Pediatrics,TX,816-555-9110
384,Daniel,Hernandez,1000000384,Psychiatry,NY,836-555-9695
385,Linda,Brown,1000000385,Oncology,AZ,757-555-5260
386,Joseph,Brown,1000000386,Cardiology,WA,289-555-1380
387,Anthony,Brown,1000000387,Internal Medicine,FL,233-555-9951
388,Matthew,Johnson,1000000388,Emergency Medicine,TX,651-555-7718
389,Susan,Thomas,1000000389,Psychiatry,CA,409-555-8959
390,Nancy,Perez,1000000390,Emergency Medicine,AZ,592-555-5900
391,Joseph,Martinez,1000000391,Orthopedics,CA,925-555-6583
392,Karen,Taylor,1000000392,General Practice,IL,971-555-2621
393,Mark,Garcia,1000000393,Pediatrics,CO,591-555-7448
394,Nancy,Moore,1000000394,Psychiatry,MA,903-555-1496
395,Jennifer,Gonzalez,1000000395,Neurology,CO,395-555-9964
396,Daniel,Thompson,1000000396,Cardiology,AZ,518-555-2414
397,Robert,Wilson,1000000397,Gastroenterology,WA,592-555-8771
398,John,Lee,1000000398,Cardiology,WA,644-555-1605
399,Michael,Jones,1000000399,Oncology,AZ,594-555-6930
400,John,Lee,1000000400,Urology,CA,764-555-3545
401,Anthony,Anderson,1000000401,Internal Medicine,CA,573-555-4073
402,Joseph,Moore,1000000402,Pediatrics,CA,385-555-2230
403,Jessica,Miller,1000000403,General Practice,CO,913-555-1636
404,Anthony,Thompson,1000000404,Pediatrics,PA,890-555-3156
405,Anthony,Miller,1000000405,General Practice,TX,507-555-2755
406,John,Brown,1000000406,Dermatology,TX,213-555-5556
407,Ashley,Martin,1000000407,General Practice,TX,347-555-7567
408,Nancy,Lee,1000000408,Pediatrics,TX,822-555-6038
409,Michael,Thompson,1000000409,General Practice,IL,648-555-6044
410,Mary,Rodriguez,1000000410,Emergency Medicine,TX,548-555-8571
411,Margaret,Smith,1000000411,Internal Medicine,TX,995-555-5059
412,David,Taylor,1000000412,Pulmonology,WA,935-555-2611
413,Joseph,Johnson,1000000413,Pulmonology,CA,345-555-4182
414,Sarah,Jackson,1000000414,Gastroenterology,TX,790-555-8068
415,Ashley,Lee,1000000415,Urology,TX,419-555-2929
416,Charles,Jones,1000000416,Psychiatry,TX,667-555-7766
417,Robert,Davis,1000000417,Emergency Medicine,FL,650-555-3857
418,Jennifer,Lee,1000000418,General Practice,TX,912-555-8047
419,Daniel,Brown,1000000419,Oncology,CA,891-555-3668
420,Jennifer,Moore,1000000420,Cardiology,CO,213-555-2211
421,John,Gonzalez,1000000421,General Practice,FL,944-555-4972
422,Thomas,Moore,1000000422,Pediatrics,CA,317-555-3548
423,Mark,Martin,1000000423,Urology,CA,716-555-2119
424,James,Hernandez,1000000424,Endocrinology,FL,552-555-3763
425,Robert,Jones,1000000425,Emergency Medicine,WA,261-555-4076
426,Sarah,Gonzalez,1000000426,Gastroenterology,WA,622-555-2690
427,Anthony,Anderson,1000000427,General Practice,CA,957-555-7813
428,Christopher,Anderson,1000000428,Oncology,TX,951-555-4285
429,Linda,Martinez,1000000429,Emergency Medicine,TX,811-555-2070
430,Barbara,Davis,1000000430,Urology,TX,623-555-1332
431,Margaret,Jackson,1000000431,General Practice,WA,268-555-2496
432,Donald,Smith,1000000432,Pulmonology,FL,510-555-1856
433,John,Lopez,1000000433,Orthopedics,IL,362-555-3304
434,Richard,Thomas,1000000434,General Practice,TX,524-555-1078
435,Sandra,Lopez,1000000435,Internal Medicine,CA,486-555-3597
436,Susan,Williams,1000000436,Orthopedics,AZ,293-555-9805
437,Jennifer,Rodriguez,1000000437,Endocrinology,TX,933-555-3341
438,Betty,Gonzalez,1000000438,Psychiatry,CA,344-555-2968
439,Mark,Davis,1000000439,Oncology,AZ,779-555-1152
440,Barbara,Martinez,1000000440,Dermatology,AZ,741-555-3698
441,Ashley,Jones,1000000441,Internal Medicine,CO,571-555-1547
442,Patricia,Lopez,1000000442,Orthopedics,FL,769-555-2616
443,Robert,Anderson,1000000443,General Practice,FL,675-555-5428
444,Thomas,Johnson,1000000444,Neurology,CA,747-555-2671
445,Mary,Martin,1000000445,Pulmonology,AZ,640-555-4293
446,Charles,Lee,1000000446,Oncology,AZ,409-555-7112
447,Mark,Smith,1000000447,Psychiatry,PA,762-555-1361
448,Daniel,Thomas,1000000448,Neurology,TX,968-555-1962
449,Elizabeth,Brown,1000000449,Neurology,CA,677-555-7515
450,Betty,Davis,1000000450,Orthopedics,CA,288-555-7972
451,Betty,Martinez,1000000451,Dermatology,AZ,267-555-7700
452,Thomas,Jackson,1000000452,Urology,TX,414-555-5273
453,Michael,Brown,1000000453,Pediatrics,TX,484-555-6048
454,Donald,Thomas,1000000454,General Practice,PA,769-555-2944
455,Sarah,Lopez,1000000455,Pulmonology,PA,896-555-3739
456,Richard,Gonzalez,1000000456,Internal Medicine,TX,421-555-1896
457,Susan,Garcia,1000000457,Internal Medicine,MA,681-555-7738
458,Anthony,Perez,1000000458,Pulmonology,NY,684-555-1362
459,Barbara,Williams,1000000459,Dermatology,WA,983-555-6917
460,Daniel,Jones,1000000460,Oncology,CO,398-555-1862
461,Nancy,Miller,1000000461,Emergency Medicine,PA,235-555-4576
462,Richard,Martin,1000000462,Dermatology,CA,962-555-8592
463,Ashley,Moore,1000000463,Pediatrics,MA,439-555-9447
464,Karen,Johnson,1000000464,Endocrinology,NY,657-555-8647
465,Karen,Miller,1000000465,Gastroenterology,CA,590-555-6602
466,Anthony,Taylor,1000000466,General Practice,MA,596-555-6733
467,Barbara,Johnson,1000000467,Neurology,TX,765-555-1299
468,Thomas,Brown,1000000468,General Practice,MA,607-555-9460
469,Christopher,Anderson,1000000469,Urology,FL,319-555-3053
470,James,Jones,1000000470,Endocrinology,TX,949-555-8695
471,Nancy,Lee,1000000471,Pulmonology,PA,710-555-4782
472,Barbara,Wilson,1000000472,Endocrinology,IL,704-555-7439
473,Mary,Smith,1000000473,Gastroenterology,CA,982-555-2209
474,Ashley,Brown,1000000474,General Practice,NY,699-555-9585
475,Jennifer,Hernandez,1000000475,Endocrinology,TX,363-555-3404
476,Elizabeth,Gonzalez,1000000476,Pediatrics,TX,582-555-8792
477,Elizabeth,Hernandez,1000000477,Cardiology,WA,594-555-1840
478,Lisa,Gonzalez,1000000478,General Practice,FL,762-555-7111
479,Richard,Lopez,1000000479,Cardiology,MA,755-555-8751
480,Betty,Rodriguez,1000000480,General Practice,MA,731-555-2497
481,Robert,Jones,1000000481,Orthopedics,IL,357-555-7647
482,Betty,Davis,1000000482,Cardiology,AZ,862-555-7816
483,David,Hernandez,1000000483,Gastroenterology,CA,230-555-2734
484,Susan,Lopez,1000000484,Urology,CA,912-555-8374
485,Mark,Miller,1000000485,Urology,CA,542-555-6755
486,Richard,Jackson,1000000486,Urology,WA,252-555-3160
487,David,Martin,1000000487,Gastroenterology,CA,391-555-7273
488,Margaret,Perez,1000000488,Oncology,FL,500-555-8550
489,Donald,Taylor,1000000489,Pediatrics,AZ,637-555-4325
490,Barbara,Davis,1000000490,Pediatrics,WA,753-555-2822
491,Christopher,Thompson,1000000491,Psychiatry,CA,714-555-6797
492,Ashley,Lopez,1000000492,Cardiology,MA,566-555-2296
493,Sandra,Moore,1000000493,Pediatrics,TX,382-555-3948
494,Jennifer,Moore,1000000494,Pulmonology,NY,975-555-7240
495,Betty,Thomas,1000000495,Orthopedics,CO,546-555-1345
496,Joseph,Jones,1000000496,Cardiology,IL,460-555-4270
497,Matthew,Hernandez,1000000497,Endocrinology,IL,573-555-7802
498,Linda,Martin,1000000498,Orthopedics,IL,984-555-9936
499,Richard,Moore,1000000499,Urology,TX,895-555-7261
500,Daniel,Jones,1000000500,Orthopedics,PA,447-555-4526
501,Daniel,Rodriguez,1000000501,Neurology,MA,691-555-1848
502,Karen,Lopez,1000000502,Dermatology,WA,538-555-3000
503,Sandra,Jones,1000000503,Emergency Medicine,FL,824-555-8991
504,Robert,Brown,1000000504,General Practice,CA,715-555-3770
505,Karen,Johnson,1000000505,Dermatology,NY,790-555-2508
506,Donald,Jones,1000000506,Urology,CA,995-555-6000
507,Barbara,Johnson,1000000507,Pulmonology,CA,593-555-9647
508,Robert,Thomas,1000000508,Urology,NY,593-555-4492
509,Mary,Williams,1000000509,Oncology,TX,235-555-8728
510,Anthony,Taylor,1000000510,Pediatrics,MA,394-555-8064
511,Jessica,Miller,1000000511,General Practice,TX,292-555-5606
512,William,Lee,1000000512,Pulmonology,IL,688-555-2683
513,Patricia,Davis,1000000513,Urology,AZ,758-555-7680
514,Daniel,Johnson,1000000514,Orthopedics,MA,553-555-1308
515,Ashley,Taylor,1000000515,Pediatrics,TX,254-555-1589
516,Anthony,Williams,1000000516,Urology,TX,523-555-4924
517,Richard,Smith,1000000517,Pulmonology,CA,489-555-9124
518,Sarah,Jackson,1000000518,Neurology,CO,443-555-1210
519,William,Jones,1000000519,Psychiatry,WA,396-555-7574
520,Daniel,Wilson,1000000520,Emergency Medicine,MA,935-555-4050
521,John,Martin,1000000521,Oncology,FL,691-555-4112
522,Betty,Lopez,1000000522,Cardiology,TX,233-555-3874
523,John,Lee,1000000523,Cardiology,AZ,417-555-6330
524,Betty,Rodriguez,1000000524,Gastroenterology,NY,511-555-1287
525,Lisa,Wilson,1000000525,Endocrinology,WA,247-555-1998
526,Patricia,Thompson,1000000526,Cardiology,TX,846-555-2726
527,Mary,Anderson,1000000527,Gastroenterology,FL,470-555-6388
528,Matthew,Jones,1000000528,Endocrinology,TX,262-555-6115
529,Ashley,Brown,1000000529,Endocrinology,MA,694-555-5001
530,Christopher,Johnson,1000000530,Pediatrics,CA,833-555-5907
531,Matthew,Lopez,1000000531,Pediatrics,TX,359-555-7494
532,John,Brown,1000000532,Internal Medicine,CA,455-555-8188
533,Jessica,Thomas,1000000533,Neurology,WA,422-555-7205
534,Richard,Thompson,1000000534,Gastroenterology,TX,521-555-7989
535,David,Gonzalez,1000000535,Emergency Medicine,TX,455-555-8829
536,Mary,Martinez,1000000536,General Practice,MA,653-555-5295
537,Elizabeth,Moore,1000000537,Oncology,AZ,847-555-8484
538,Robert,Thompson,1000000538,Gastroenterology,TX,219-555-1620
539,Lisa,Wilson,1000000539,Cardiology,PA,659-555-5729
540,Anthony,Thompson,1000000540,Endocrinology,FL,388-555-6529
541,Donald,Rodriguez,1000000541,Orthopedics,WA,931-555-2188
542,Jessica,Lee,1000000542,Dermatology,IL,977-555-8856
543,Christopher,Taylor,1000000543,Endocrinology,CA,462-555-2638
544,Nancy,Perez,1000000544,Urology,WA,236-555-9309
545,Jennifer,Williams,1000000545,Cardiology,IL,754-555-4954
546,Joseph,Smith,1000000546,General Practice,MA,644-555-3342
547,Mark,Gonzalez,1000000547,Pediatrics,CO,970-555-2796
548,Elizabeth,Brown,1000000548,Pediatrics,TX,202-555-5459
549,Linda,Lee,1000000549,Dermatology,TX,752-555-1568
550,Mary,Davis,1000000550,General Practice,AZ,354-555-9962
551,William,Lopez,1000000551,Oncology,AZ,425-555-2785
552,Anthony,Moore,1000000552,Pulmonology,TX,995-555-3346
553,Sandra,Hernandez,1000000553,Dermatology,PA,836-555-8997
554,Daniel,Jones,1000000554,Orthopedics,TX,568-555-5072
555,Nancy,Jones,1000000555,Orthopedics,MA,761-555-6355
556,Robert,Lee,1000000556,Endocrinology,FL,647-555-5749
557,Nancy,Miller,1000000557,Orthopedics,CA,927-555-2657
558,Anthony,Smith,1000000558,Cardiology,TX,794-555-7102
559,Donald,Smith,1000000559,Psychiatry,MA,594-555-2974
560,Betty,Wilson,1000000560,Endocrinology,MA,260-555-2845
561,Lisa,Davis,1000000561,General Practice,WA,792-555-5900
562,Joseph,Davis,1000000562,Gastroenterology,CA,712-555-2353
563,Joseph,Thomas,1000000563,Pulmonology,TX,238-555-2286
564,Michael,Garcia,1000000564,Emergency Medicine,NY,698-555-7518
565,Lisa,Lopez,1000000565,Oncology,NY,950-555-8006
566,Mark,Taylor,1000000566,Pediatrics,CA,565-555-8706
567,Nancy,Hernandez,1000000567,Gastroenterology,TX,919-555-5760
568,John,Brown,1000000568,Psychiatry,TX,586-555-4077
569,Margaret,Martinez,1000000569,Psychiatry,CA,360-555-8979
570,Karen,Thompson,1000000570,Neurology,CA,861-555-3741
571,William,Brown,1000000571,Psychiatry,TX,744-555-6317
572,Charles,Lopez,1000000572,Internal Medicine,TX,972-555-4743
573,Charles,Johnson,1000000573,Gastroenterology,WA,672-555-6963
574,Michael,Williams,1000000574,Internal Medicine,MA,502-555-8775
575,William,Garcia,1000000575,Emergency Medicine,MA,841-555-3721
576,Daniel,Anderson,1000000576,Gastroenterology,AZ,708-555-8461
577,Susan,Miller,1000000577,Emergency Medicine,CA,395-555-9490
578,Daniel,Martinez,1000000578,Emergency Medicine,MA,913-555-4128
579,Patricia,Rodriguez,1000000579,Emergency Medicine,CA,349-555-8499
580,Karen,Anderson,1000000580,Orthopedics,CA,918-555-7063
581,Jennifer,Perez,1000000581,Urology,NY,211-555-8415
582,Mark,Miller,1000000582,Endocrinology,TX,572-555-4773
583,Charles,Lopez,1000000583,Neurology,IL,284-555-3608
584,Karen,Garcia,1000000584,Pediatrics,TX,255-555-1329
585,Donald,Garcia,1000000585,General Practice,AZ,299-555-2997
586,James,Jackson,1000000586,Urology,CO,295-555-7169
587,Charles,Martin,1000000587,Dermatology,CA,218-555-9663
588,John,Lee,1000000588,Oncology,MA,894-555-9233
589,Charles,Jackson,1000000589,Internal Medicine,CA,777-555-3989
590,Robert,Martin,1000000590,Dermatology,WA,878-555-7402
591,Mary,Moore,1000000591,Pediatrics,CA,337-555-4077
592,Joseph,Taylor,1000000592,General Practice,TX,544-555-4484
593,David,Gonzalez,1000000593,Gastroenterology,NY,887-555-1278
594,Mary,Williams,1000000594,Emergency Medicine,CA,460-555-8893
595,Lisa,Lopez,1000000595,Gastroenterology,CA,625-555-5409
596,Sandra,Moore,1000000596,General Practice,NY,325-555-3302
597,Lisa,Moore,1000000597,Oncology,CA,484-555-8759
598,Charles,Hernandez,1000000598,Endocrinology,TX,869-555-1422
599,Thomas,Martinez,1000000599,Pediatrics,IL,322-555-3953
600,Barbara,Smith,1000000600,Neurology,TX,858-555-2319
601,Mary,Martin,1000000601,Urology,PA,690-555-4674
602,Sarah,Williams,1000000602,Neurology,TX,511-555-1073
603,Jennifer,Jackson,1000000603,Oncology,IL,446-555-9094
604,Anthony,Perez,1000000604,Pulmonology,NY,689-555-4911
605,Joseph,Taylor,1000000605,Internal Medicine,TX,878-555-7920
606,Patricia,Gonzalez,1000000606,Gastroenterology,PA,248-555-3553
607,Anthony,Martin,1000000607,Gastroenterology,NY,881-555-2021
608,Daniel,Jones,1000000608,General Practice,CA,411-555-5515
609,Susan,Gonzalez,1000000609,Emergency Medicine,AZ,349-555-2104
610,Joseph,Thomas,1000000610,Internal Medicine,FL,888-555-2946
611,Jennifer,Anderson,1000000611,Neurology,TX,287-555-8638
612,Donald,Jones,1000000612,Endocrinology,AZ,289-555-4473
613,Matthew,Lopez,1000000613,Oncology,CO,851-555-4750
614,Matthew,Anderson,1000000614,Neurology,MA,278-555-1793
615,David,Martin,1000000615,Oncology,CA,407-555-4281
616,Daniel,Taylor,1000000616,Cardiology,AZ,704-555-4431
617,Ashley,Gonzalez,1000000617,Internal Medicine,CO,236-555-4120
618,Nancy,Anderson,1000000618,Oncology,PA,638-555-8714
619,Mary,Garcia,1000000619,Cardiology,FL,401-555-3605
620,Nancy,Anderson,1000000620,Orthopedics,CA,338-555-5777
621,Charles,Garcia,1000000621,Pulmonology,MA,802-555-2288
622,Thomas,Jackson,1000000622,Pediatrics,TX,581-555-4336
623,Robert,Garcia,1000000623,Pediatrics,IL,589-555-3690
624,Susan,Rodriguez,1000000624,Cardiology,CA,581-555-3485
625,Elizabeth,Thompson,1000000625,General Practice,IL,873-555-1942
626,Matthew,Lopez,1000000626,Pediatrics,CA,642-555-3892
627,Mark,Lee,1000000627,General Practice,WA,264-555-5641
628,Patricia,Rodriguez,1000000628,Emergency Medicine,TX,237-555-7013
629,Sarah,Taylor,1000000629,Oncology,AZ,315-555-4336
630,Richard,Brown,1000000630,Pulmonology,TX,357-555-7614
631,Michael,Jackson,1000000631,Dermatology,CO,719-555-5439
632,Jennifer,Martinez,1000000632,Gastroenterology,TX,968-555-7290
633,Karen,Rodriguez,1000000633,Pulmonology,MA,622-555-7816
634,Mark,Taylor,1000000634,Gastroenterology,TX,678-555-2009
635,Michael,Jones,1000000635,Emergency Medicine,IL,696-555-9813
636,Donald,Lee,1000000636,Urology,PA,746-555-4859
637,Matthew,Martinez,1000000637,Oncology,CA,273-555-9833
638,Jennifer,Smith,1000000638,Neurology,FL,799-555-5019
639,Donald,Anderson,1000000639,Neurology,TX,461-555-6587
640,Mark,Smith,1000000640,Neurology,TX,896-555-4224
641,David,Taylor,1000000641,Orthopedics,CA,549-555-8099
642,Anthony,Taylor,1000000642,Dermatology,IL,336-555-4057
643,David,Johnson,1000000643,Psychiatry,MA,566-555-4350
644,Betty,Wilson,1000000644,Emergency Medicine,CA,289-555-3797
645,David,Wilson,1000000645,Neurology,WA,429-555-8123
646,Thomas,Jones,1000000646,Neurology,CA,325-555-7576
647,Sandra,Johnson,1000000647,Psychiatry,MA,586-555-7753
648,Elizabeth,Martin,1000000648,General Practice,WA,306-555-6888
649,Karen,Martinez,1000000649,Oncology,PA,521-555-2550
650,Margaret,Martinez,1000000650,Emergency Medicine,TX,980-555-9857
651,Linda,Jackson,1000000651,Orthopedics,TX,642-555-7631
652,Karen,Jackson,1000000652,Urology,FL,549-555-9572
653,Linda,Smith,1000000653,Endocrinology,TX,405-555-1548
654,Karen,Smith,1000000654,Oncology,NY,224-555-1548
655,Linda,Lopez,1000000655,Pulmonology,MA,366-555-3214
656,Linda,Jones,1000000656,Neurology,TX,884-555-8334
657,Margaret,Thompson,1000000657,Emergency Medicine,WA,989-555-4178
658,Sarah,Rodriguez,1000000658,General Practice,NY,529-555-9070
659,Thomas,Jackson,1000000659,Psychiatry,AZ,530-555-5395
660,Linda,Hernandez,1000000660,Orthopedics,AZ,320-555-4812
661,David,Williams,1000000661,General Practice,CO,437-555-6992
662,Susan,Thomas,1000000662,Endocrinology,TX,891-555-5444
663,Linda,Martin,1000000663,Urology,PA,396-555-5936
664,Richard,Moore,1000000664,Pediatrics,WA,940-555-6067
665,Thomas,Smith,1000000665,Oncology,MA,415-555-1284
666,James,Perez,1000000666,Endocrinology,CO,579-555-7717
667,Lisa,Lee,1000000667,General Practice,CA,626-555-5616
668,Patricia,Lopez,1000000668,Psychiatry,CA,920-555-8011
669,Jessica,Moore,1000000669,Oncology,TX,552-555-3573
670,William,Brown,1000000670,Orthopedics,TX,991-555-5111
671,Karen,Jones,1000000671,Pulmonology,TX,385-555-9105
672,Betty,Anderson,1000000672,Neurology,TX,621-555-3212
673,Karen,Jackson,1000000673,Oncology,MA,702-555-2895
674,Jennifer,Anderson,1000000674,Pulmonology,PA,771-555-3219
675,Sarah,Perez,1000000675,Neurology,IL,844-555-9770
676,Charles,Anderson,1000000676,Orthopedics,TX,736-555-6935
677,Mark,Thomas,1000000677,General Practice,FL,907-555-3338
678,Lisa,Wilson,1000000678,Neurology,NY,256-555-4010
679,Patricia,Davis,1000000679,Orthopedics,TX,797-555-5522
680,Mary,Taylor,1000000680,Endocrinology,PA,654-555-8043
681,Betty,Garcia,1000000681,Oncology,WA,615-555-3754
682,James,Wilson,1000000682,General Practice,NY,414-555-2924
683,Anthony,Lee,1000000683,Emergency Medicine,FL,259-555-9152
684,Mary,Williams,1000000684,Psychiatry,NY,551-555-1960
685,Sarah,Martinez,1000000685,Psychiatry,TX,251-555-7262
686,Jennifer,Brown,1000000686,Pediatrics,AZ,851-555-9369
687,Sandra,Taylor,1000000687,Psychiatry,WA,931-555-4599
688,Sarah,Davis,1000000688,Endocrinology,PA,499-555-3403
689,Karen,Lopez,1000000689,Cardiology,TX,904-555-3068
690,Ashley,Rodriguez,1000000690,Urology,FL,278-555-9064
691,Michael,Thompson,1000000691,Internal Medicine,IL,963-555-1479
692,Jessica,Jones,1000000692,Emergency Medicine,NY,951-555-4192
693,Jennifer,Jones,1000000693,Pediatrics,WA,862-555-2391
694,Jennifer,Garcia,1000000694,Pulmonology,AZ,381-555-8745
695,Christopher,Wilson,1000000695,Endocrinology,CA,373-555-7515
696,Ashley,Wilson,1000000696,Internal Medicine,TX,761-555-2282
697,Mark,Martinez,1000000697,Psychiatry,TX,730-555-6577
698,Joseph,Moore,1000000698,Endocrinology,WA,595-555-4718
699,Mary,Brown,1000000699,Psychiatry,TX,694-555-2713
700,Barbara,Rodriguez,1000000700,Orthopedics,PA,465-555-3880
701,Daniel,Martinez,1000000701,Emergency Medicine,FL,239-555-2447
702,Betty,Rodriguez,1000000702,Psychiatry,NY,754-555-4380
703,Mark,Rodriguez,1000000703,Endocrinology,TX,241-555-4268
704,Jennifer,Gonzalez,1000000704,Psychiatry,TX,687-555-1526
705,William,Martinez,1000000705,Psychiatry,MA,835-555-5438
706,John,Martin,1000000706,Gastroenterology,TX,697-555-9613
707,Donald,Martin,1000000707,Urology,TX,512-555-6564
708,Richard,Williams,1000000708,General Practice,TX,290-555-2742
709,Thomas,Johnson,1000000709,Orthopedics,FL,472-555-2054
710,Sandra,Thompson,1000000710,General Practice,FL,740-555-9557
711,Anthony,Smith,1000000711,Emergency Medicine,PA,614-555-7508
712,Lisa,Thomas,1000000712,Pulmonology,TX,980-555-6710
713,Lisa,Moore,1000000713,Internal Medicine,IL,314-555-2847
714,Barbara,Williams,1000000714,Oncology,TX,327-555-1894
715,Barbara,Thomas,1000000715,Gastroenterology,WA,418-555-5476
716,John,Gonzalez,1000000716,Urology,NY,611-555-4849
717,Lisa,Jackson,1000000717,Emergency Medicine,CA,291-555-3198
718,James,Martin,1000000718,Emergency Medicine,WA,299-555-4700
719,Susan,Thompson,1000000719,Dermatology,AZ,884-555-1542
720,David,Gonzalez,1000000720,Dermatology,IL,352-555-8640
721,Sarah,Davis,1000000721,Endocrinology,TX,334-555-8085
722,Joseph,Miller,1000000722,Oncology,TX,891-555-8817
723,Jessica,Lee,1000000723,Urology,CO,257-555-1599
724,Jessica,Martinez,1000000724,Orthopedics,TX,579-555-2737
725,Daniel,Smith,1000000725,Internal Medicine,CA,588-555-5736
726,Nancy,Lee,1000000726,Orthopedics,PA,943-555-9243
727,Anthony,Taylor,1000000727,Internal Medicine,FL,405-555-8414
728,Nancy,Brown,1000000728,Internal Medicine,CA,914-555-6945
729,Sandra,Gonzalez,1000000729,Cardiology,CA,848-555-1834
730,Matthew,Miller,1000000730,Cardiology,CA,422-555-5557
731,Lisa,Thompson,1000000731,Pediatrics,CA,555-555-8629
732,Margaret,Brown,1000000732,Orthopedics,CA,731-555-1472
733,Sandra,Thompson,1000000733,Dermatology,CO,611-555-7766
734,Anthony,Lopez,1000000734,Pulmonology,CO,612-555-4466
735,Jennifer,Johnson,1000000735,Neurology,IL,235-555-6409
736,Donald,Hernandez,1000000736,Psychiatry,TX,938-555-7958
737,Sandra,Thomas,1000000737,Cardiology,CA,465-555-5502
738,Lisa,Davis,1000000738,Urology,CA,756-555-9455
739,Jennifer,Lopez,1000000739,Dermatology,TX,550-555-7625
740,Sarah,Brown,1000000740,Psychiatry,FL,640-555-8532
741,William,Wilson,1000000741,Cardiology,FL,725-555-3253
742,Anthony,Jones,1000000742,Cardiology,IL,584-555-6635
743,Margaret,Perez,1000000743,Urology,NY,797-555-8829
744,Mark,Gonzalez,1000000744,Emergency Medicine,AZ,296-555-5818
745,Elizabeth,Davis,1000000745,Orthopedics,MA,958-555-9453
746,Michael,Jones,1000000746,Emergency Medicine,AZ,412-555-6905
747,Sarah,Williams,1000000747,Cardiology,PA,342-555-9495
748,Robert,Wilson,1000000748,General Practice,AZ,325-555-6921
749,Linda,Davis,1000000749,Urology,NY,492-555-3306
750,David,Taylor,1000000750,Pulmonology,WA,985-555-3720
751,Nancy,Smith,1000000751,Urology,WA,713-555-7364
752,Mary,Rodriguez,1000000752,General Practice,FL,278-555-6350
753,Karen,Perez,1000000753,Pulmonology,CA,586-555-1719
754,Jennifer,Lopez,1000000754,Dermatology,TX,278-555-6570
755,John,Martinez,1000000755,Internal Medicine,WA,675-555-8681
756,Nancy,Johnson,1000000756,Cardiology,PA,214-555-9688
757,Sandra,Thompson,1000000757,Psychiatry,AZ,416-555-8677
758,James,Miller,1000000758,Internal Medicine,WA,243-555-5829
759,Barbara,Lopez,1000000759,Urology,CA,401-555-8965
760,Robert,Wilson,1000000760,Endocrinology,PA,259-555-6197
761,Donald,Jackson,1000000761,Pulmonology,IL,640-555-9710
762,Elizabeth,Moore,1000000762,Psychiatry,MA,434-555-4108
763,Christopher,Brown,1000000763,Gastroenterology,CO,748-555-2905
764,Nancy,Gonzalez,1000000764,Pediatrics,CA,713-555-3033
765,James,Garcia,1000000765,Urology,PA,333-555-1566
766,Margaret,Thompson,1000000766,Oncology,TX,938-555-6673
767,Nancy,Thomas,1000000767,Endocrinology,CO,381-555-8521
768,Patricia,Gonzalez,1000000768,Gastroenterology,AZ,643-555-2666
769,Mary,Davis,1000000769,Emergency Medicine,TX,993-555-7214
770,Christopher,Jackson,1000000770,Cardiology,TX,770-555-7507
771,Margaret,Thomas,1000000771,Oncology,TX,221-555-4410
772,Donald,Brown,1000000772,Gastroenterology,TX,666-555-6117
773,Daniel,Brown,1000000773,Pulmonology,WA,271-555-8866
774,William,Martinez,1000000774,General Practice,TX,727-555-2923
775,Karen,Wilson,1000000775,Urology,TX,781-555-2781
776,Thomas,Lee,1000000776,Internal Medicine,CA,870-555-6989
777,Michael,Smith,1000000777,Orthopedics,NY,700-555-4633
778,Anthony,Brown,1000000778,Psychiatry,MA,289-555-6333
779,John,Wilson,1000000779,Psychiatry,TX,256-555-8644
780,Linda,Taylor,1000000780,Dermatology,WA,493-555-2097
781,Michael,Garcia,1000000781,Orthopedics,TX,423-555-5409
782,Jennifer,Wilson,1000000782,Neurology,FL,251-555-9973
783,Anthony,Anderson,1000000783,General Practice,TX,301-555-9151
784,Jessica,Martinez,1000000784,Pulmonology,MA,371-555-9644
785,John,Thompson,1000000785,Gastroenterology,NY,419-555-7366
786,David,Perez,1000000786,Gastroenterology,MA,574-555-3245
787,Anthony,Lee,1000000787,Internal Medicine,NY,599-555-6356
788,Matthew,Martin,1000000788,Orthopedics,AZ,787-555-7402
789,Nancy,Hernandez,1000000789,Dermatology,IL,801-555-9757
790,David,Lopez,1000000790,Gastroenterology,IL,309-555-9498
791,Patricia,Miller,1000000791,Neurology,TX,532-555-7581
792,Barbara,Williams,1000000792,Emergency Medicine,NY,471-555-7811
793,Anthony,Martinez,1000000793,Endocrinology,TX,776-555-7208
794,Jessica,Lee,1000000794,Psychiatry,TX,447-555-2950
795,Charles,Thompson,1000000795,Gastroenterology,MA,209-555-8150
796,Nancy,Hernandez,1000000796,Dermatology,WA,951-555-1622
797,Sandra,Lee,1000000797,Cardiology,CA,810-555-5852
798,Patricia,Brown,1000000798,Dermatology,TX,228-555-9459
799,Elizabeth,Lopez,1000000799,General Practice,CA,323-555-7946
800,Lisa,Davis,1000000800,Gastroenterology,CA,558-555-7058
801,Nancy,Thompson,1000000801,Cardiology,TX,840-555-9023
802,Jennifer,Gonzalez,1000000802,Urology,IL,478-555-5246
803,Donald,Rodriguez,1000000803,Pediatrics,IL,941-555-9877
804,Barbara,Martin,1000000804,Emergency Medicine,NY,703-555-4460
805,James,Hernandez,1000000805,Gastroenterology,CO,202-555-1661
806,James,Johnson,1000000806,Neurology,CA,615-555-8270
807,Daniel,Rodriguez,1000000807,Dermatology,TX,224-555-4151
808,Sarah,Davis,1000000808,Orthopedics,TX,960-555-6424
809,Barbara,Rodriguez,1000000809,Internal Medicine,FL,368-555-3193
810,Daniel,Perez,1000000810,General Practice,MA,869-555-6814
811,Margaret,Jones,1000000811,General Practice,IL,543-555-5644
812,William,Hernandez,1000000812,General Practice,TX,665-555-1717
813,Jessica,Martin,1000000813,Emergency Medicine,TX,555-555-8767
814,Ashley,Hernandez,1000000814,Pulmonology,PA,401-555-2074
815,Ashley,Lee,1000000815,Dermatology,TX,429-555-9049
816,Barbara,Thomas,1000000816,Gastroenterology,CO,205-555-3275
817,Nancy,Martin,1000000817,Pulmonology,CA,276-555-5838
818,Linda,Hernandez,1000000818,Gastroenterology,WA,716-555-2853
819,Lisa,Moore,1000000819,Cardiology,IL,930-555-6280
820,Sarah,Taylor,1000000820,General Practice,CA,439-555-2100
821,Anthony,Davis,1000000821,Internal Medicine,CA,386-555-8413
822,Matthew,Thompson,1000000822,Emergency Medicine,TX,610-555-6729
823,Charles,Jackson,1000000823,Internal Medicine,TX,397-555-9263
824,Barbara,Garcia,1000000824,Psychiatry,CA,479-555-7605
825,William,Garcia,1000000825,Orthopedics,TX,550-555-4529
826,Richard,Thompson,1000000826,Gastroenterology,NY,283-555-7860
827,Charles,Martinez,1000000827,Oncology,IL,766-555-9125
828,William,Moore,1000000828,Internal Medicine,MA,923-555-1697
829,Elizabeth,Thompson,1000000829,Cardiology,PA,760-555-4016
830,Nancy,Jackson,1000000830,Dermatology,TX,612-555-9618
831,Jennifer,Hernandez,1000000831,Gastroenterology,TX,512-555-3513
832,Karen,Brown,1000000832,Dermatology,CA,790-555-5364
833,Patricia,Moore,1000000833,Dermatology,NY,256-555-8481
834,Christopher,Jackson,1000000834,Gastroenterology,TX,786-555-4457
835,Patricia,Jones,1000000835,Psychiatry,TX,971-555-2414
836,James,Johnson,1000000836,Pediatrics,CA,691-555-2531
837,Christopher,Johnson,1000000837,Internal Medicine,WA,905-555-2786
838,John,Brown,1000000838,Internal Medicine,FL,922-555-3172
839,Lisa,Moore,1000000839,Pulmonology,TX,988-555-6444
840,Karen,Garcia,1000000840,Emergency Medicine,MA,475-555-5190
841,Joseph,Jackson,1000000841,Endocrinology,AZ,502-555-1352
842,David,Thompson,1000000842,Dermatology,AZ,415-555-5972
843,Thomas,Lee,1000000843,Pediatrics,TX,289-555-5707
844,Betty,Smith,1000000844,Pulmonology,CA,276-555-1180
845,Michael,Jones,1000000845,Pulmonology,TX,281-555-1379
846,Karen,Martinez,1000000846,Pediatrics,TX,442-555-8102
847,Matthew,Smith,1000000847,Dermatology,TX,430-555-3305
848,Robert,Anderson,1000000848,Dermatology,NY,202-555-4906
849,Jessica,Thompson,1000000849,Neurology,MA,281-555-3608
850,David,Gonzalez,1000000850,Endocrinology,CA,579-555-2297
851,Matthew,Jones,1000000851,Psychiatry,NY,650-555-6616
852,Susan,Lopez,1000000852,Orthopedics,CA,441-555-6881
853,Donald,Hernandez,1000000853,Gastroenterology,WA,381-555-6989
854,Susan,Perez,1000000854,Pulmonology,TX,705-555-8805
855,Jessica,Thomas,1000000855,Neurology,NY,590-555-6378
856,Ashley,Moore,1000000856,Pulmonology,AZ,326-555-2975
857,Michael,Moore,1000000857,Orthopedics,CA,421-555-4076
858,Linda,Gonzalez,1000000858,Pediatrics,NY,765-555-1560
859,Ashley,Perez,1000000859,Urology,CA,300-555-2893
860,Joseph,Martinez,1000000860,Psychiatry,CA,342-555-1266
861,Christopher,Thompson,1000000861,Urology,CA,647-555-7458
862,Elizabeth,Johnson,1000000862,Endocrinology,MA,361-555-6126
863,Patricia,Martin,1000000863,Endocrinology,AZ,927-555-1923
864,John,Brown,1000000864,Orthopedics,CA,875-555-5751
865,Elizabeth,Jones,1000000865,Endocrinology,FL,803-555-4568
866,Anthony,Davis,1000000866,Cardiology,AZ,378-555-2412
867,Sarah,Brown,1000000867,Neurology,WA,835-555-1164
868,Barbara,Thompson,1000000868,Pediatrics,CO,441-555-8150
869,Thomas,Smith,1000000869,Pediatrics,PA,339-555-5075
870,David,Taylor,1000000870,Orthopedics,TX,691-555-1031
871,Jessica,Garcia,1000000871,Gastroenterology,TX,366-555-3492
872,Daniel,Moore,1000000872,Cardiology,CA,433-555-7613
873,Richard,Williams,1000000873,Pulmonology,TX,783-555-5021
874,Sandra,Thompson,1000000874,Urology,WA,987-555-7308
875,Daniel,Taylor,1000000875,Orthopedics,TX,817-555-2071
876,Jennifer,Hernandez,1000000876,Pediatrics,CA,512-555-9015
877,Nancy,Thomas,1000000877,Pediatrics,CA,770-555-6309
878,Mark,Taylor,1000000878,Oncology,NY,302-555-4749
879,Sarah,Lopez,1000000879,General Practice,MA,966-555-3156
880,Donald,Johnson,1000000880,Psychiatry,PA,312-555-6059
881,John,Jones,1000000881,General Practice,MA,904-555-4761
882,Sandra,Williams,1000000882,Psychiatry,AZ,371-555-8761
883,Sandra,Brown,1000000883,Oncology,CA,436-555-5823
884,Mark,Gonzalez,1000000884,Cardiology,CA,918-555-7719
885,Elizabeth,Smith,1000000885,Emergency Medicine,TX,282-555-1722
886,Betty,Perez,1000000886,Oncology,TX,204-555-5821
887,Joseph,Jones,1000000887,Emergency Medicine,MA,200-555-6774
888,Sandra,Thompson,1000000888,Urology,CA,687-555-4083
889,Mary,Johnson,1000000889,Pediatrics,TX,959-555-9219
890,David,Davis,1000000890,Oncology,AZ,836-555-5455
891,Donald,Wilson,1000000891,Internal Medicine,FL,872-555-7314
892,John,Thompson,1000000892,Urology,CA,346-555-1916
893,Jessica,Martinez,1000000893,General Practice,TX,302-555-7647
894,James,Rodriguez,1000000894,Emergency Medicine,WA,250-555-7187
895,Jennifer,Gonzalez,1000000895,Oncology,TX,906-555-8817
896,Ashley,Hernandez,1000000896,Psychiatry,TX,959-555-9466
897,Mark,Moore,1000000897,Psychiatry,TX,782-555-9304
898,Mark,Lee,1000000898,Psychiatry,WA,998-555-4825
899,Patricia,Gonzalez,1000000899,Pulmonology,CA,390-555-5367
900,Jennifer,Anderson,1000000900,Dermatology,IL,398-555-8917
901,David,Martinez,1000000901,Emergency Medicine,NY,837-555-2963
902,Karen,Miller,1000000902,Internal Medicine,CA,405-555-8651
903,Christopher,Johnson,1000000903,General Practice,TX,978-555-9108
904,Nancy,Jones,1000000904,General Practice,WA,487-555-3312
905,Elizabeth,Anderson,1000000905,Urology,TX,426-555-5173
906,William,Hernandez,1000000906,Gastroenterology,AZ,509-555-6388
907,Charles,Wilson,1000000907,Oncology,NY,604-555-7403
908,Sarah,Brown,1000000908,Orthopedics,NY,433-555-2318
909,James,Davis,1000000909,Internal Medicine,CA,438-555-6573
910,Matthew,Perez,1000000910,Gastroenterology,TX,757-555-8565
911,Margaret,Lopez,1000000911,Pulmonology,TX,453-555-1297
912,Jessica,Miller,1000000912,Dermatology,CA,764-555-2097
913,Sandra,Taylor,1000000913,Psychiatry,TX,468-555-5671
914,Jennifer,Johnson,1000000914,Gastroenterology,AZ,936-555-2682
915,Barbara,Moore,1000000915,Oncology,CA,313-555-7234
916,Ashley,Johnson,1000000916,Psychiatry,CO,850-555-7317
917,Susan,Jackson,1000000917,Emergency Medicine,NY,924-555-3201
918,Mary,Wilson,1000000918,Internal Medicine,CO,940-555-5688
919,Patricia,Lee,1000000919,Pulmonology,PA,385-555-3095
920,Richard,Martinez,1000000920,Dermatology,AZ,294-555-2774
921,Mark,Perez,1000000921,Urology,FL,426-555-1593
922,Jennifer,Gonzalez,1000000922,Gastroenterology,CA,797-555-2302
923,Mary,Taylor,1000000923,Cardiology,FL,606-555-2952
924,Ashley,Thomas,1000000924,Internal Medicine,TX,228-555-5280
925,Charles,Martin,1000000925,Emergency Medicine,TX,966-555-6259
926,Joseph,Williams,1000000926,Orthopedics,TX,414-555-2916
927,Jennifer,Jones,1000000927,General Practice,TX,425-555-9653
928,James,Moore,1000000928,Emergency Medicine,TX,735-555-5346
929,Mark,Miller,1000000929,Dermatology,AZ,299-555-2345
930,Patricia,Rodriguez,1000000930,Endocrinology,CO,302-555-7964
931,William,Gonzalez,1000000931,Oncology,AZ,938-555-8399
932,Elizabeth,Martinez,1000000932,Urology,AZ,329-555-1173
933,Richard,Brown,1000000933,Cardiology,PA,971-555-8126
934,Mary,Lee,1000000934,Cardiology,AZ,782-555-5623
935,William,Taylor,1000000935,Psychiatry,CO,279-555-1977
936,Sandra,Lee,1000000936,Internal Medicine,CA,603-555-8984
937,Robert,Jackson,1000000937,Gastroenterology,TX,440-555-8699
938,Charles,Moore,1000000938,Pediatrics,TX,313-555-9350
939,Karen,Anderson,1000000939,Cardiology,TX,205-555-1671
940,Christopher,Rodriguez,1000000940,Dermatology,PA,251-555-5963
941,Richard,Jones,1000000941,Dermatology,TX,821-555-1548
942,Jessica,Taylor,1000000942,Pediatrics,CA,662-555-4352
943,Charles,Hernandez,1000000943,Oncology,CO,838-555-7938
944,Patricia,Lopez,1000000944,Dermatology,CA,235-555-4134
945,Matthew,Smith,1000000945,Dermatology,AZ,369-555-9032
946,Ashley,Wilson,1000000946,Pediatrics,FL,772-555-2406
947,Karen,Martinez,1000000947,Oncology,TX,230-555-5089
948,Mark,Martin,1000000948,Cardiology,MA,921-555-1425
949,Christopher,Perez,1000000949,Neurology,NY,397-555-3736
950,Mary,Lee,1000000950,General Practice,TX,240-555-2408
951,Linda,Jackson,1000000951,Oncology,CA,897-555-7305
952,Anthony,Miller,1000000952,Cardiology,TX,976-555-7554
953,Jennifer,Moore,1000000953,Urology,MA,521-555-3937
954,David,Anderson,1000000954,Cardiology,TX,577-555-3331
955,Donald,Smith,1000000955,Oncology,AZ,474-555-7979
956,Linda,Moore,1000000956,Oncology,NY,436-555-5447
957,Robert,Johnson,1000000957,Psychiatry,CA,403-555-2857
958,Jessica,Jones,1000000958,Internal Medicine,IL,544-555-6999
959,Mark,Wilson,1000000959,Neurology,TX,798-555-5345
960,Susan,Lee,1000000960,Neurology,CA,869-555-2695
961,Daniel,Martinez,1000000961,Emergency Medicine,CA,212-555-9471
962,Patricia,Lee,1000000962,Dermatology,CA,880-555-2830
963,Mary,Gonzalez,1000000963,Internal Medicine,IL,254-555-6191
964,Margaret,Miller,1000000964,Oncology,PA,786-555-6848
965,Mary,Miller,1000000965,General Practice,CA,889-555-4254
966,Charles,Moore,1000000966,Neurology,CA,270-555-7281
967,Anthony,Wilson,1000000967,Gastroenterology,CA,878-555-5071
968,Jennifer,Anderson,1000000968,Pulmonology,FL,994-555-4916
969,Mary,Perez,1000000969,Emergency Medicine,CA,643-555-2142
970,Susan,Davis,1000000970,Oncology,WA,506-555-4058
971,Donald,Thomas,1000000971,Pulmonology,TX,664-555-8208
972,Matthew,Wilson,1000000972,Orthopedics,FL,618-555-1121
973,David,Jackson,1000000973,Neurology,NY,646-555-9629
974,Karen,Taylor,1000000974,Oncology,TX,596-555-5046
975,Margaret,Lee,1000000975,Neurology,TX,225-555-6331
976,Lisa,Moore,1000000976,Dermatology,AZ,218-555-8689
977,Linda,Perez,1000000977,Orthopedics,CA,843-555-1368
978,Jessica,Jones,1000000978,Internal Medicine,CA,608-555-1589
979,Elizabeth,Jackson,1000000979,Urology,PA,772-555-8160
980,Donald,Martin,1000000980,Orthopedics,WA,937-555-3246
981,John,Johnson,1000000981,Dermatology,AZ,653-555-1059
982,Christopher,Johnson,1000000982,Emergency Medicine,TX,813-555-3764
983,Anthony,Brown,1000000983,Internal Medicine,WA,964-555-9820
984,Robert,Perez,1000000984,Endocrinology,AZ,916-555-4559
985,Lisa,Garcia,1000000985,Cardiology,TX,286-555-7447
986,Susan,Davis,1000000986,Urology,CO,360-555-8655
987,Robert,Anderson,1000000987,Dermatology,TX,916-555-2389
988,Matthew,Hernandez,1000000988,Emergency Medicine,TX,543-555-2183
989,Thomas,Jackson,1000000989,Emergency Medicine,NY,462-555-5067
990,Robert,Thomas,1000000990,Orthopedics,TX,696-555-1745
991,Karen,Gonzalez,1000000991,Oncology,CA,299-555-9707
992,Patricia,Thomas,1000000992,Pediatrics,NY,791-555-8889
993,Lisa,Wilson,1000000993,Emergency Medicine,MA,966-555-9082
994,Joseph,Johnson,1000000994,Oncology,TX,634-555-1541
995,Mary,Anderson,1000000995,Pulmonology,TX,445-555-6112
996,Sandra,Williams,1000000996,Cardiology,PA,491-555-7323
997,Jennifer,Taylor,1000000997,Endocrinology,CA,745-555-2785
998,David,Jones,1000000998,Pulmonology,CO,837-555-7064
999,Christopher,Thompson,1000000999,Urology,MA,411-555-4348
1000,Jessica,Johnson,1000001000,Urology,CO,312-555-8499
1001,Margaret,Wilson,1000001001,Orthopedics,CA,363-555-9918
1002,Mark,Gonzalez,1000001002,Gastroenterology,TX,507-555-4698
1003,Susan,Smith,1000001003,Gastroenterology,TX,459-555-6110
1004,Donald,Moore,1000001004,Endocrinology,IL,870-555-5839
1005,Margaret,Jackson,1000001005,Gastroenterology,TX,867-555-6314
1006,Sarah,Jones,1000001006,General Practice,CA,336-555-7104
1007,Thomas,Moore,1000001007,Dermatology,TX,654-555-5284
1008,Karen,Martinez,1000001008,Urology,CA,657-555-5320
1009,John,Perez,1000001009,Emergency Medicine,TX,281-555-2585
1010,Karen,Williams,1000001010,Neurology,TX,886-555-9605
1011,Michael,Lee,1000001011,Emergency Medicine,PA,735-555-1099
1012,Thomas,Smith,1000001012,Emergency Medicine,CA,443-555-4164
1013,Daniel,Lee,1000001013,Pediatrics,CO,871-555-1617
1014,Nancy,Garcia,1000001014,Emergency Medicine,TX,521-555-7567
1015,Jennifer,Jones,1000001015,Orthopedics,TX,376-555-3650
1016,Sarah,Miller,1000001016,Pulmonology,MA,992-555-4365
1017,Ashley,Thomas,1000001017,General Practice,WA,985-555-7788
1018,Matthew,Thompson,1000001018,Pulmonology,MA,275-555-4327
1019,Linda,Martin,1000001019,Pulmonology,CA,347-555-6490
1020,Susan,Taylor,1000001020,Neurology,MA,573-555-1979
1021,Karen,Jackson,1000001021,Orthopedics,CO,907-555-1624
1022,Sandra,Martin,1000001022,Urology,TX,546-555-6822
1023,Michael,Martinez,1000001023,Emergency Medicine,MA,556-555-2903
1024,Mary,Thompson,1000001024,Internal Medicine,WA,447-555-6060
1025,James,Lopez,1000001025,Pediatrics,TX,409-555-5601
1026,Mary,Jackson,1000001026,Gastroenterology,MA,327-555-2638
1027,Sandra,Brown,1000001027,Urology,FL,570-555-1174
1028,Margaret,Jones,1000001028,Psychiatry,FL,298-555-9000
1029,Nancy,Williams,1000001029,Psychiatry,CA,862-555-6548
1030,Mary,Thompson,1000001030,Dermatology,TX,332-555-9927
1031,Elizabeth,Perez,1000001031,Gastroenterology,CA,837-555-9130
1032,Karen,Rodriguez,1000001032,General Practice,FL,250-555-5686
1033,Betty,Miller,1000001033,Orthopedics,NY,978-555-4147
1034,Anthony,Thomas,1000001034,Gastroenterology,PA,677-555-3887
1035,Margaret,Gonzalez,1000001035,Neurology,AZ,889-555-1721
1036,Richard,Taylor,1000001036,Neurology,MA,225-555-6807
1037,Jessica,Lee,1000001037,Emergency Medicine,MA,785-555-2923
1038,Christopher,Johnson,1000001038,Oncology,TX,672-555-6835
1039,Sandra,Perez,1000001039,Cardiology,TX,894-555-5669
1040,Karen,Williams,1000001040,Urology,TX,262-555-3627
1041,Anthony,Martin,1000001041,Internal Medicine,CA,676-555-2246
1042,David,Martinez,1000001042,Oncology,AZ,899-555-6076
1043,Elizabeth,Thompson,1000001043,Oncology,PA,686-555-4440
1044,Sarah,Brown,1000001044,Neurology,TX,904-555-2908
1045,John,Hernandez,1000001045,Cardiology,AZ,212-555-6836
1046,Patricia,Miller,1000001046,Internal Medicine,CA,907-555-1439
1047,James,Wilson,1000001047,Dermatology,IL,720-555-3453
1048,Richard,Johnson,1000001048,Dermatology,TX,743-555-2297
1049,James,Johnson,1000001049,Gastroenterology,TX,507-555-6407
1050,David,Lee,1000001050,Endocrinology,WA,368-555-4968
1051,Patricia,Garcia,1000001051,General Practice,PA,845-555-1975
1052,James,Moore,1000001052,Pulmonology,WA,764-555-3738
1053,Michael,Smith,1000001053,Oncology,NY,846-555-8386
1054,Margaret,Davis,1000001054,Gastroenterology,CO,909-555-5294
1055,Matthew,Smith,1000001055,Neurology,TX,780-555-5968
1056,William,Miller,1000001056,General Practice,CA,267-555-8194
1057,Anthony,Davis,1000001057,Neurology,TX,870-555-6498
1058,William,Thompson,1000001058,Dermatology,WA,684-555-7780
1059,Matthew,Williams,1000001059,General Practice,IL,562-555-6357
1060,Elizabeth,Martin,1000001060,Pulmonology,CA,292-555-6519
1061,Anthony,Moore,1000001061,Pediatrics,TX,891-555-2451
1062,Matthew,Miller,1000001062,Oncology,CA,920-555-4794
1063,Charles,Gonzalez,1000001063,Dermatology,CO,435-555-9065
1064,Linda,Taylor,1000001064,Neurology,TX,531-555-5360
1065,Thomas,Lopez,1000001065,Oncology,CA,651-555-4752
1066,Donald,Smith,1000001066,Pulmonology,AZ,630-555-8160
1067,Margaret,Taylor,1000001067,Neurology,PA,568-555-2761
1068,Matthew,Jones,1000001068,Pulmonology,FL,836-555-2424
1069,Lisa,Thomas,1000001069,Psychiatry,TX,220-555-5928
1070,Mark,Taylor,1000001070,General Practice,IL,522-555-2189
1071,Barbara,Lee,1000001071,Cardiology,TX,386-555-2158
1072,Barbara,Smith,1000001072,Orthopedics,MA,524-555-9311
1073,Karen,Williams,1000001073,Endocrinology,MA,874-555-2614
1074,Barbara,Gonzalez,1000001074,Gastroenterology,CO,848-555-8356
1075,Karen,Smith,1000001075,Pediatrics,TX,229-555-8846
1076,Christopher,Martinez,1000001076,Orthopedics,CA,847-555-5107
1077,Michael,Garcia,1000001077,Pediatrics,TX,596-555-3017
1078,Robert,Jones,1000001078,Oncology,TX,418-555-2978
1079,Charles,Martin,1000001079,Dermatology,TX,696-555-5365
1080,David,Williams,1000001080,Urology,CA,248-555-4862
1081,Richard,Gonzalez,1000001081,Dermatology,TX,307-555-3608
1082,Richard,Thomas,1000001082,Internal Medicine,TX,432-555-4193
1083,Patricia,Williams,1000001083,Emergency Medicine,AZ,255-555-1934
1084,Lisa,Moore,1000001084,Gastroenterology,CA,908-555-4079
1085,Linda,Gonzalez,1000001085,Emergency Medicine,WA,266-555-8206
1086,Matthew,Lee,1000001086,Pulmonology,MA,811-555-7644
1087,Mark,Moore,1000001087,Cardiology,MA,503-555-8353
1088,John,Hernandez,1000001088,Internal Medicine,WA,527-555-9123
1089,Karen,Gonzalez,1000001089,Pulmonology,TX,889-555-1990
1090,Sarah,Perez,1000001090,Psychiatry,IL,286-555-8698
1091,Christopher,Rodriguez,1000001091,Pulmonology,CO,957-555-1145
1092,Elizabeth,Smith,1000001092,Emergency Medicine,WA,437-555-1077
1093,Daniel,Miller,1000001093,Endocrinology,TX,706-555-8454
1094,Susan,Taylor,1000001094,Neurology,MA,558-555-4536
1095,Daniel,Garcia,1000001095,Gastroenterology,TX,980-555-9731
1096,Karen,Lee,1000001096,Psychiatry,CA,755-555-7995
1097,Donald,Miller,1000001097,Dermatology,NY,794-555-8997
1098,Patricia,Perez,1000001098,Urology,CA,715-555-2759
1099,David,Johnson,1000001099,Endocrinology,WA,591-555-2048
1100,Margaret,Jones,1000001100,Pediatrics,NY,431-555-9251
1101,Patricia,Martin,1000001101,Oncology,CA,795-555-8181
1102,Margaret,Jones,1000001102,Psychiatry,CA,774-555-7264
1103,Mark,Lopez,1000001103,General Practice,MA,830-555-4452
1104,Robert,Perez,1000001104,Pediatrics,TX,348-555-7224
1105,Karen,Wilson,1000001105,Pediatrics,CA,500-555-2834
1106,Nancy,Miller,1000001106,Internal Medicine,PA,310-555-6425
1107,Michael,Lee,1000001107,Orthopedics,TX,666-555-8953
1108,Matthew,Hernandez,1000001108,Urology,TX,573-555-9046
1109,Sandra,Moore,1000001109,General Practice,TX,703-555-2100
1110,Mark,Smith,1000001110,Pulmonology,MA,302-555-5360
1111,Daniel,Gonzalez,1000001111,Emergency Medicine,NY,221-555-5638
1112,Mark,Thomas,1000001112,Internal Medicine,PA,985-555-6719
1113,Sarah,Rodriguez,1000001113,Urology,CO,863-555-8922
1114,Mark,Brown,1000001114,Neurology,PA,978-555-2118
1115,Susan,Miller,1000001115,Urology,TX,425-555-7003
1116,Joseph,Johnson,1000001116,Psychiatry,FL,750-555-3612
1117,Linda,Thomas,1000001117,Internal Medicine,FL,297-555-9598
1118,Charles,Taylor,1000001118,Pediatrics,TX,908-555-1567
1119,William,Davis,1000001119,Oncology,CO,232-555-9845
1120,Thomas,Martinez,1000001120,Urology,CA,305-555-1570
1121,Joseph,Gonzalez,1000001121,Endocrinology,MA,992-555-4078
1122,Robert,Miller,1000001122,General Practice,TX,396-555-6315
1123,Thomas,Wilson,1000001123,Cardiology,TX,641-555-6464
1124,Lisa,Gonzalez,1000001124,Orthopedics,TX,936-555-2770
1125,Charles,Jackson,1000001125,Pediatrics,AZ,989-555-7499
1126,Jessica,Smith,1000001126,Pulmonology,CA,564-555-8995
1127,Robert,Jones,1000001127,Gastroenterology,PA,463-555-3017
1128,Linda,Lopez,1000001128,Dermatology,TX,239-555-5107
1129,Donald,Garcia,1000001129,Orthopedics,AZ,751-555-6055
1130,Mark,Smith,1000001130,Orthopedics,TX,431-555-8664
1131,Jennifer,Martin,1000001131,Cardiology,TX,961-555-1329
1132,Jennifer,Hernandez,1000001132,Gastroenterology,AZ,593-555-1012
1133,John,Garcia,1000001133,Orthopedics,TX,432-555-8817
1134,Thomas,Thomas,1000001134,Pulmonology,TX,703-555-5301
1135,Ashley,Rodriguez,1000001135,Gastroenterology,IL,262-555-9662
1136,Susan,Perez,1000001136,Psychiatry,CA,446-555-8328
1137,Joseph,Lopez,1000001137,Endocrinology,CA,651-555-8811
1138,Christopher,Taylor,1000001138,Emergency Medicine,TX,703-555-9482
1139,Richard,Brown,1000001139,Gastroenterology,CA,777-555-4269
1140,William,Lopez,1000001140,Emergency Medicine,CA,541-555-8526
1141,Daniel,Gonzalez,1000001141,Neurology,CA,398-555-6899
1142,Michael,Moore,1000001142,Gastroenterology,TX,345-555-1966
1143,Sarah,Garcia,1000001143,Emergency Medicine,TX,668-555-8526
1144,Robert,Moore,1000001144,Cardiology,CA,696-555-8232
1145,William,Martin,1000001145,Cardiology,IL,754-555-7993
1146,Ashley,Anderson,1000001146,Urology,TX,345-555-8136
1147,Linda,Garcia,1000001147,Internal Medicine,CA,619-555-2495
1148,Linda,Jackson,1000001148,Psychiatry,TX,897-555-9366
1149,Lisa,Johnson,1000001149,Cardiology,MA,705-555-6784
1150,Sarah,Miller,1000001150,Endocrinology,AZ,583-555-9655
1151,Sarah,Lopez,1000001151,Pediatrics,TX,555-555-8654
1152,Margaret,Wilson,1000001152,Neurology,CO,521-555-9255
1153,Anthony,Lopez,1000001153,Orthopedics,PA,234-555-6577
1154,Linda,Williams,1000001154,Cardiology,CA,683-555-1028
1155,Mary,Thomas,1000001155,Orthopedics,TX,890-555-9670
1156,John,Anderson,1000001156,Emergency Medicine,TX,380-555-9442
1157,Jennifer,Thompson,1000001157,Pulmonology,TX,494-555-6159
1158,Patricia,Garcia,1000001158,Neurology,MA,986-555-2429
1159,Sandra,Thomas,1000001159,Endocrinology,CA,964-555-3890
1160,Jessica,Brown,1000001160,Internal Medicine,CA,585-555-3102
1161,Nancy,Martin,1000001161,Endocrinology,NY,508-555-4098
1162,Sarah,Jackson,1000001162,Orthopedics,FL,637-555-5596
1163,Thomas,Moore,1000001163,Endocrinology,AZ,372-555-1854
1164,Sandra,Thompson,1000001164,Psychiatry,MA,455-555-8439
1165,Christopher,Brown,1000001165,Emergency Medicine,NY,711-555-2552
1166,Susan,Miller,1000001166,Orthopedics,CA,498-555-6102
1167,Lisa,Martinez,1000001167,Pediatrics,MA,721-555-3341
1168,Mary,Davis,1000001168,Gastroenterology,MA,807-555-6963
1169,Jessica,Jones,1000001169,Oncology,TX,396-555-4748
1170,Elizabeth,Rodriguez,1000001170,Pediatrics,CA,320-555-1294
1171,Joseph,Miller,1000001171,Orthopedics,AZ,441-555-7373
1172,Richard,Perez,1000001172,Gastroenterology,MA,752-555-9916
1173,James,Hernandez,1000001173,Gastroenterology,CO,694-555-2378
1174,John,Jones,1000001174,Urology,TX,583-555-1722
1175,Charles,Jackson,1000001175,Oncology,FL,333-555-2902
1176,Jennifer,Brown,1000001176,Endocrinology,IL,404-555-3048
1177,Richard,Davis,1000001177,Dermatology,CA,314-555-1862
1178,Joseph,Anderson,1000001178,Gastroenterology,FL,674-555-9730
1179,Robert,Wilson,1000001179,Emergency Medicine,TX,556-555-2040
1180,Joseph,Smith,1000001180,Endocrinology,PA,728-555-4150
1181,Karen,Perez,1000001181,Orthopedics,AZ,436-555-8354
1182,Richard,Martin,1000001182,Endocrinology,WA,589-555-8811
1183,Charles,Johnson,1000001183,Psychiatry,TX,264-555-2373
1184,Jennifer,Perez,1000001184,General Practice,WA,814-555-6369
1185,Margaret,Lopez,1000001185,Neurology,CA,908-555-3337
1186,Thomas,Anderson,1000001186,Urology,MA,341-555-2241
1187,Barbara,Anderson,1000001187,Gastroenterology,CO,811-555-1712
1188,David,Lopez,1000001188,Orthopedics,CA,512-555-9101
1189,Lisa,Johnson,1000001189,Oncology,IL,935-555-2498
1190,Jessica,Taylor,1000001190,Orthopedics,CO,728-555-2006
1191,Nancy,Gonzalez,1000001191,Gastroenterology,CO,796-555-5402
1192,Lisa,Moore,1000001192,Emergency Medicine,CO,616-555-8935
1193,Elizabeth,Garcia,1000001193,Emergency Medicine,CA,730-555-5273
1194,Richard,Johnson,1000001194,General Practice,TX,759-555-5789
1195,Susan,Lee,1000001195,General Practice,TX,398-555-3052
1196,Betty,Davis,1000001196,Psychiatry,CO,559-555-8843
1197,Charles,Perez,1000001197,Psychiatry,TX,316-555-5882
1198,Donald,Hernandez,1000001198,Endocrinology,TX,976-555-1871
1199,Karen,Gonzalez,1000001199,Cardiology,FL,572-555-7612
1200,Margaret,Martinez,1000001200,Neurology,TX,707-555-3395
1201,Mark,Anderson,1000001201,Urology,MA,381-555-4529
1202,Michael,Jones,1000001202,Orthopedics,TX,521-555-2127
1203,Nancy,Williams,1000001203,Internal Medicine,IL,683-555-9409
1204,James,Hernandez,1000001204,Urology,FL,928-555-2309
1205,Lisa,Smith,1000001205,Oncology,PA,519-555-6687
1206,Linda,Martin,1000001206,Endocrinology,MA,962-555-6516
1207,Donald,Thompson,1000001207,Pediatrics,AZ,900-555-3282
1208,James,Lopez,1000001208,Gastroenterology,NY,248-555-8987
1209,Ashley,Gonzalez,1000001209,Neurology,TX,310-555-9621
1210,Sandra,Miller,1000001210,Internal Medicine,TX,365-555-7160
1211,Charles,Thomas,1000001211,Cardiology,AZ,294-555-2081
1212,Elizabeth,Lopez,1000001212,Dermatology,TX,361-555-1580
1213,Margaret,Johnson,1000001213,Emergency Medicine,NY,490-555-5704
1214,John,Brown,1000001214,Endocrinology,IL,844-555-9115
1215,Matthew,Anderson,1000001215,Pulmonology,WA,672-555-2748
1216,Sarah,Miller,1000001216,Internal Medicine,TX,250-555-6418
1217,Anthony,Anderson,1000001217,Pulmonology,AZ,591-555-8485
1218,Richard,Garcia,1000001218,Orthopedics,TX,916-555-2242
1219,Robert,Gonzalez,1000001219,Orthopedics,IL,983-555-3586
1220,Ashley,Moore,1000001220,Cardiology,CA,974-555-1231
1221,Richard,Smith,1000001221,Emergency Medicine,CO,797-555-7164
1222,Mark,Johnson,1000001222,Internal Medicine,IL,300-555-1134
1223,Mark,Thomas,1000001223,Neurology,IL,349-555-1640
1224,Susan,Garcia,1000001224,General Practice,TX,802-555-7511
1225,Margaret,Gonzalez,1000001225,Dermatology,CA,346-555-3441
1226,Ashley,Brown,1000001226,Cardiology,MA,601-555-9503
1227,Linda,Miller,1000001227,Pediatrics,IL,838-555-5530
1228,Joseph,Jackson,1000001228,Oncology,FL,514-555-7432
1229,Susan,Smith,1000001229,Pulmonology,IL,956-555-4494
1230,Daniel,Wilson,1000001230,Pulmonology,WA,338-555-5371
1231,Jessica,Taylor,1000001231,General Practice,CA,302-555-7655
1232,Joseph,Williams,1000001232,Urology,CA,511-555-7638
1233,Christopher,Thomas,1000001233,Dermatology,TX,817-555-5965
1234,John,Jones,1000001234,Dermatology,WA,210-555-3514
1235,Patricia,Davis,1000001235,Orthopedics,FL,632-555-7846
1236,Nancy,Thomas,1000001236,Neurology,NY,805-555-5489
1237,Anthony,Lee,1000001237,Cardiology,IL,265-555-8115
1238,Karen,Martinez,1000001238,Psychiatry,TX,536-555-4853
1239,Ashley,Lopez,1000001239,Neurology,IL,719-555-8081
1240,Jennifer,Thompson,1000001240,Emergency Medicine,CA,720-555-3586
1241,Joseph,Williams,1000001241,Emergency Medicine,IL,218-555-3471
1242,Thomas,Wilson,1000001242,Internal Medicine,TX,373-555-3488
1243,James,Thomas,1000001243,Pediatrics,AZ,260-555-3236
1244,Daniel,Williams,1000001244,General Practice,NY,448-555-8773
1245,Susan,Martinez,1000001245,Internal Medicine,TX,680-555-6329
1246,Susan,Lee,1000001246,Pulmonology,TX,443-555-2757
1247,John,Johnson,1000001247,Pediatrics,AZ,596-555-3469
1248,William,Jones,1000001248,Emergency Medicine,CO,387-555-4269
1249,Anthony,Lee,1000001249,Psychiatry,AZ,592-555-3040
1250,Barbara,Gonzalez,1000001250,General Practice,TX,567-555-4647
1251,David,Rodriguez,1000001251,Pulmonology,TX,922-555-7849
1252,Jennifer,Thompson,1000001252,Internal Medicine,MA,891-555-7170
1253,David,Rodriguez,1000001253,Psychiatry,TX,964-555-1012
1254,Susan,Thomas,1000001254,General Practice,PA,986-555-5790
1255,Margaret,Gonzalez,1000001255,Urology,TX,698-555-1435
1256,James,Hernandez,1000001256,Neurology,NY,213-555-2585
1257,Anthony,Davis,1000001257,Neurology,AZ,703-555-5025
1258,Mark,Williams,1000001258,Emergency Medicine,FL,471-555-7301
1259,Sandra,Lee,1000001259,Neurology,WA,486-555-8398
1260,John,Jackson,1000001260,Endocrinology,CA,707-555-1081
1261,William,Rodriguez,1000001261,Emergency Medicine,CO,464-555-2192
1262,Daniel,Jackson,1000001262,Urology,IL,600-555-7296
1263,Matthew,Thompson,1000001263,Internal Medicine,CA,262-555-8170
1264,Margaret,Thompson,1000001264,Urology,PA,926-555-9336
1265,Charles,Lopez,1000001265,Pulmonology,WA,950-555-2459
1266,Jennifer,Wilson,1000001266,Gastroenterology,CA,552-555-7295
1267,Charles,Johnson,1000001267,Gastroenterology,TX,617-555-5746
1268,Jessica,Smith,1000001268,Pediatrics,PA,406-555-4368
1269,John,Jones,1000001269,General Practice,FL,560-555-4132
1270,James,Martinez,1000001270,Neurology,PA,540-555-6490
1271,Betty,Miller,1000001271,Pediatrics,FL,327-555-9575
1272,Daniel,Lee,1000001272,General Practice,IL,896-555-2040
1273,Robert,Rodriguez,1000001273,Internal Medicine,WA,972-555-6484
1274,Daniel,Brown,1000001274,Urology,AZ,883-555-2645
1275,Charles,Wilson,1000001275,Cardiology,WA,920-555-3509
1276,Sandra,Lee,1000001276,Pediatrics,WA,673-555-2355
1277,Mark,Davis,1000001277,Neurology,TX,438-555-3096
1278,Mary,Wilson,1000001278,Neurology,CO,238-555-5140
1279,Nancy,Johnson,1000001279,Psychiatry,TX,447-555-6964
1280,Jessica,Johnson,1000001280,General Practice,TX,220-555-5972
1281,Sarah,Taylor,1000001281,Dermatology,TX,703-555-8326
1282,Joseph,Jones,1000001282,Oncology,IL,201-555-9816
1283,Patricia,Anderson,1000001283,Gastroenterology,PA,676-555-1990
1284,Ashley,Miller,1000001284,Pulmonology,CO,426-555-6931
1285,Mary,Rodriguez,1000001285,Oncology,FL,608-555-3687
1286,Linda,Anderson,1000001286,Psychiatry,IL,770-555-7042
1287,Susan,Johnson,1000001287,Pediatrics,TX,391-555-3200
1288,Sandra,Garcia,1000001288,Gastroenterology,CA,742-555-9931
1289,Nancy,Davis,1000001289,Dermatology,CA,319-555-4479
1290,Ashley,Lopez,1000001290,Pulmonology,CA,236-555-2066
1291,Joseph,Lopez,1000001291,Dermatology,TX,892-555-4450
1292,Anthony,Brown,1000001292,Internal Medicine,TX,718-555-3259
1293,Sandra,Lee,1000001293,Pediatrics,TX,917-555-9839
1294,Betty,Jones,1000001294,Orthopedics,FL,648-555-9773
1295,Elizabeth,Martin,1000001295,Endocrinology,TX,873-555-5473
1296,Daniel,Jones,1000001296,Pulmonology,CA,231-555-1698
1297,Mary,Gonzalez,1000001297,Dermatology,WA,874-555-9062
1298,Joseph,Moore,1000001298,Orthopedics,MA,725-555-3942
1299,Mark,Smith,1000001299,Endocrinology,NY,755-555-1932
1300,Donald,Miller,1000001300,Cardiology,TX,342-555-4656
1301,Michael,Martinez,1000001301,Pulmonology,TX,420-555-8177
1302,Patricia,Williams,1000001302,Oncology,MA,243-555-8404
1303,Nancy,Lee,1000001303,Endocrinology,PA,807-555-8583
1304,Susan,Davis,1000001304,Emergency Medicine,NY,623-555-3541
1305,Jennifer,Hernandez,1000001305,Gastroenterology,AZ,588-555-5937
1306,Michael,Hernandez,1000001306,Urology,CA,887-555-6740
1307,David,Thomas,1000001307,Urology,TX,694-555-9366
1308,Mary,Martinez,1000001308,Pediatrics,NY,758-555-4811
1309,Christopher,Miller,1000001309,Emergency Medicine,TX,572-555-4418
1310,William,Williams,1000001310,Emergency Medicine,WA,387-555-8185
1311,John,Rodriguez,1000001311,Pulmonology,CA,519-555-3896
1312,Ashley,Lee,1000001312,Oncology,AZ,980-555-4032
1313,Margaret,Hernandez,1000001313,Emergency Medicine,TX,833-555-1180
1314,Sandra,Hernandez,1000001314,Emergency Medicine,TX,573-555-2843
1315,James,Lee,1000001315,Dermatology,TX,246-555-6374
1316,Mark,Davis,1000001316,Neurology,TX,893-555-5263
1317,Richard,Brown,1000001317,General Practice,NY,366-555-7564
1318,Karen,Hernandez,1000001318,Emergency Medicine,MA,450-555-9704
1319,Elizabeth,Hernandez,1000001319,Neurology,TX,909-555-9354
1320,Susan,Jones,1000001320,Pediatrics,CO,404-555-4083
1321,Richard,Miller,1000001321,Pulmonology,CA,654-555-3552
1322,Sandra,Anderson,1000001322,Endocrinology,FL,419-555-3016
1323,Joseph,Miller,1000001323,Neurology,IL,513-555-2071
1324,Susan,Thomas,1000001324,Oncology,CA,560-555-9022
1325,Joseph,Miller,1000001325,Psychiatry,TX,990-555-3374
1326,Christopher,Anderson,1000001326,Pulmonology,TX,283-555-1112
1327,Elizabeth,Hernandez,1000001327,Orthopedics,TX,690-555-3419
1328,Thomas,Davis,1000001328,Cardiology,TX,535-555-6545
1329,Linda,Rodriguez,1000001329,General Practice,PA,200-555-9312
1330,Susan,Brown,1000001330,Cardiology,CA,310-555-9479
1331,Richard,Davis,1000001331,Cardiology,CA,418-555-7166
1332,Matthew,Jackson,1000001332,General Practice,CO,489-555-7883
1333,Jennifer,Jackson,1000001333,Pediatrics,CA,799-555-8434
1334,Margaret,Davis,1000001334,Pediatrics,CA,453-555-1655
1335,Robert,Thompson,1000001335,Gastroenterology,CA,409-555-7982
1336,Sarah,Jones,1000001336,Dermatology,IL,338-555-2143
1337,Mark,Taylor,1000001337,Emergency Medicine,CA,390-555-7980
1338,James,Smith,1000001338,Endocrinology,WA,357-555-3223
1339,Barbara,Hernandez,1000001339,Internal Medicine,PA,386-555-3454
1340,Lisa,Smith,1000001340,Pulmonology,TX,324-555-3994
1341,Barbara,Smith,1000001341,Emergency Medicine,TX,715-555-6944
1342,Ashley,Taylor,1000001342,General Practice,TX,999-555-5156
1343,James,Perez,1000001343,Internal Medicine,TX,904-555-7705
1344,Michael,Perez,1000001344,Oncology,CA,751-555-3417
1345,Sarah,Johnson,1000001345,Urology,MA,776-555-9508
1346,Charles,Thomas,1000001346,Gastroenterology,CA,871-555-2495
1347,Ashley,Thompson,1000001347,Pediatrics,TX,758-555-1138
1348,David,Anderson,1000001348,Cardiology,WA,647-555-1842
1349,Patricia,Rodriguez,1000001349,Internal Medicine,CA,219-555-7183
1350,Susan,Hernandez,1000001350,Emergency Medicine,CA,979-555-9891
1351,Nancy,Gonzalez,1000001351,Oncology,AZ,804-555-1398
1352,Patricia,Jackson,1000001352,Internal Medicine,CO,347-555-4139
1353,Daniel,Anderson,1000001353,Internal Medicine,TX,817-555-6731
1354,William,Rodriguez,1000001354,General Practice,TX,345-555-6618
1355,Nancy,Martin,1000001355,Cardiology,CA,405-555-2189
1356,John,Martin,1000001356,Orthopedics,CA,707-555-9232
1357,Jessica,Davis,1000001357,Oncology,PA,642-555-7193
1358,Lisa,Miller,1000001358,Oncology,CA,781-555-9578
1359,Christopher,Johnson,1000001359,Psychiatry,TX,961-555-2345
1360,Ashley,Perez,1000001360,Oncology,PA,435-555-1626
1361,Joseph,Williams,1000001361,Pulmonology,IL,979-555-6716
1362,Mary,Lee,1000001362,Urology,CA,321-555-6734
1363,Michael,Martinez,1000001363,Orthopedics,TX,442-555-7747
1364,James,Thomas,1000001364,Pulmonology,TX,874-555-3059
1365,Richard,Perez,1000001365,Neurology,PA,740-555-8733
1366,Susan,Moore,1000001366,Urology,TX,445-555-2894
1367,Joseph,Thompson,1000001367,Orthopedics,TX,318-555-3242
1368,Daniel,Lopez,1000001368,Gastroenterology,WA,939-555-3248
1369,Michael,Rodriguez,1000001369,General Practice,CA,989-555-5056
1370,Linda,Martin,1000001370,Neurology,CA,412-555-7037
1371,Matthew,Smith,1000001371,Psychiatry,TX,573-555-7758
1372,Matthew,Brown,1000001372,Pediatrics,WA,820-555-5280
1373,Karen,Smith,1000001373,Internal Medicine,AZ,386-555-1922
1374,Betty,Garcia,1000001374,Internal Medicine,TX,809-555-7814
1375,Margaret,Thompson,1000001375,Endocrinology,CA,401-555-9528
1376,Robert,Miller,1000001376,Gastroenterology,PA,602-555-5401
1377,Matthew,Brown,1000001377,Oncology,PA,295-555-3988
1378,Mary,Hernandez,1000001378,Orthopedics,MA,302-555-2832
1379,Patricia,Jones,1000001379,Psychiatry,CA,725-555-8415
1380,Donald,Jones,1000001380,Oncology,TX,441-555-1313
1381,Betty,Garcia,1000001381,Internal Medicine,TX,716-555-9996
1382,Ashley,Hernandez,1000001382,Orthopedics,CA,984-555-5334
1383,Jessica,Gonzalez,1000001383,Endocrinology,IL,322-555-2855
1384,Margaret,Jackson,1000001384,Urology,CA,556-555-9710
1385,Thomas,Brown,1000001385,Internal Medicine,IL,393-555-2975
1386,Daniel,Smith,1000001386,Internal Medicine,PA,535-555-8898
1387,Mary,Lopez,1000001387,Dermatology,CA,847-555-9307
1388,Thomas,Williams,1000001388,Neurology,MA,302-555-1840
1389,David,Williams,1000001389,Urology,CA,582-555-6251
1390,Richard,Anderson,1000001390,Urology,IL,619-555-1861
1391,John,Hernandez,1000001391,Endocrinology,PA,351-555-9148
1392,Mark,Davis,1000001392,Internal Medicine,FL,967-555-4449
1393,James,Anderson,1000001393,Cardiology,AZ,785-555-1161
1394,Christopher,Thomas,1000001394,Pulmonology,NY,636-555-9427
1395,Daniel,Rodriguez,1000001395,Emergency Medicine,CA,229-555-6753
1396,Michael,Davis,1000001396,Neurology,TX,650-555-1866
1397,David,Brown,1000001397,Psychiatry,CA,600-555-1489
1398,William,Hernandez,1000001398,General Practice,MA,373-555-9884
1399,Mark,Martin,1000001399,Oncology,CA,667-555-6207
1400,Christopher,Wilson,1000001400,Cardiology,WA,651-555-9569
1401,David,Williams,1000001401,General Practice,TX,268-555-5842
1402,Betty,Gonzalez,1000001402,Psychiatry,TX,544-555-7125
1403,Sandra,Thomas,1000001403,Endocrinology,IL,664-555-6420
1404,Matthew,Jackson,1000001404,Endocrinology,NY,718-555-4033
1405,Linda,Jackson,1000001405,Dermatology,CA,655-555-1848
1406,Lisa,Martinez,1000001406,Oncology,TX,609-555-5949
1407,Anthony,Jackson,1000001407,Pulmonology,AZ,751-555-9995
1408,Michael,Johnson,1000001408,Internal Medicine,TX,831-555-9555
1409,Jessica,Davis,1000001409,Urology,TX,389-555-5114
1410,Mary,Martinez,1000001410,Emergency Medicine,FL,434-555-3588
1411,Anthony,Brown,1000001411,Dermatology,TX,394-555-3959
1412,Christopher,Gonzalez,1000001412,Pediatrics,TX,818-555-9826
1413,Richard,Martin,1000001413,Pediatrics,CA,329-555-2355
1414,Thomas,Taylor,1000001414,Endocrinology,IL,500-555-4942
1415,Lisa,Wilson,1000001415,General Practice,CA,302-555-4989
1416,Elizabeth,Thompson,1000001416,Internal Medicine,CA,777-555-8738
1417,Barbara,Taylor,1000001417,Oncology,CA,784-555-5637
1418,Linda,Thomas,1000001418,Internal Medicine,CA,263-555-1307
1419,Ashley,Perez,1000001419,Orthopedics,CO,697-555-1562
1420,Mary,Moore,1000001420,Gastroenterology,NY,868-555-1435
1421,Margaret,Brown,1000001421,Pediatrics,IL,390-555-4479
1422,David,Brown,1000001422,Pediatrics,MA,739-555-1046
1423,Charles,Wilson,1000001423,Gastroenterology,CA,505-555-3659
1424,Mark,Martin,1000001424,Gastroenterology,CA,986-555-3747
1425,David,Brown,1000001425,Gastroenterology,TX,732-555-6473
1426,Linda,Anderson,1000001426,Urology,PA,300-555-9118
1427,Daniel,Anderson,1000001427,Neurology,CA,656-555-3390
1428,Charles,Moore,1000001428,Urology,TX,469-555-6432
1429,Margaret,Johnson,1000001429,General Practice,TX,624-555-5859
1430,Christopher,Hernandez,1000001430,Dermatology,CA,981-555-6411
1431,Ashley,Martinez,1000001431,Neurology,TX,349-555-2087
1432,Mark,Wilson,1000001432,Pediatrics,TX,778-555-1501
1433,David,Davis,1000001433,Gastroenterology,CA,693-555-3161
1434,Patricia,Thompson,1000001434,Urology,TX,888-555-4315
1435,Elizabeth,Smith,1000001435,Cardiology,AZ,974-555-4247
1436,Patricia,Gonzalez,1000001436,Neurology,TX,691-555-6226
1437,Patricia,Thomas,1000001437,General Practice,CO,696-555-4629
1438,Patricia,Brown,1000001438,Internal Medicine,PA,624-555-2846
1439,John,Lee,1000001439,Orthopedics,TX,258-555-9063
1440,David,Hernandez,1000001440,Pulmonology,IL,314-555-5382
1441,John,Thomas,1000001441,Orthopedics,NY,948-555-7038
1442,John,Moore,1000001442,Oncology,IL,588-555-5982
1443,Margaret,Rodriguez,1000001443,Oncology,CA,783-555-5755
1444,Michael,Thompson,1000001444,Emergency Medicine,PA,354-555-7193
1445,Mary,Davis,1000001445,Urology,PA,709-555-2539
1446,Michael,Davis,1000001446,Psychiatry,CO,901-555-7248
1447,Christopher,Wilson,1000001447,Dermatology,CA,808-555-5038
1448,Mary,Perez,1000001448,Pulmonology,IL,758-555-9910
1449,Linda,Thomas,1000001449,Pediatrics,IL,898-555-7027
1450,James,Gonzalez,1000001450,Neurology,IL,981-555-4963
1451,Thomas,Martin,1000001451,Urology,FL,720-555-5120
1452,John,Smith,1000001452,Orthopedics,CO,983-555-4477
1453,Nancy,Taylor,1000001453,Neurology,WA,296-555-8866
1454,John,Lopez,1000001454,General Practice,IL,238-555-6120
1455,James,Lopez,1000001455,Psychiatry,TX,935-555-1469
1456,Anthony,Martin,1000001456,Urology,TX,818-555-7875
1457,Thomas,Perez,1000001457,Dermatology,WA,265-555-2975
1458,Sarah,Moore,1000001458,Pediatrics,AZ,428-555-8424
1459,Daniel,Thomas,1000001459,Neurology,TX,689-555-5681
1460,Matthew,Martinez,1000001460,Cardiology,IL,751-555-4224
1461,Margaret,Johnson,1000001461,Urology,CO,613-555-3686
1462,Margaret,Jones,1000001462,Psychiatry,TX,989-555-1974
1463,Elizabeth,Perez,1000001463,Orthopedics,CA,654-555-8328
1464,Karen,Perez,1000001464,Oncology,NY,993-555-6117
1465,James,Williams,1000001465,General Practice,TX,511-555-7859
1466,Elizabeth,Thomas,1000001466,Orthopedics,TX,267-555-3924
1467,Charles,Rodriguez,1000001467,Dermatology,NY,345-555-2747
1468,Mary,Lopez,1000001468,Neurology,TX,640-555-9083
1469,David,Jones,1000001469,Emergency Medicine,MA,565-555-2806
1470,Robert,Gonzalez,1000001470,Internal Medicine,TX,211-555-9760
1471,Sandra,Martin,1000001471,Pediatrics,TX,962-555-3533
1472,Jennifer,Perez,1000001472,Psychiatry,CA,496-555-9944
1473,Susan,Wilson,1000001473,Cardiology,TX,836-555-2941
1474,Michael,Rodriguez,1000001474,Internal Medicine,CO,332-555-6456
1475,William,Thompson,1000001475,Cardiology,FL,501-555-8281
1476,Patricia,Anderson,1000001476,Oncology,MA,955-555-3290
1477,Thomas,Davis,1000001477,Psychiatry,TX,316-555-3586
1478,Michael,Rodriguez,1000001478,General Practice,CO,382-555-9620
1479,Nancy,Moore,1000001479,Orthopedics,MA,905-555-8463
1480,John,Thomas,1000001480,Endocrinology,TX,627-555-5909
1481,Karen,Anderson,1000001481,Neurology,WA,407-555-5122
1482,Nancy,Williams,1000001482,Neurology,CO,508-555-7023
1483,Margaret,Anderson,1000001483,Pediatrics,AZ,223-555-1735
1484,Donald,Martin,1000001484,Cardiology,CA,645-555-6577
1485,Charles,Jones,1000001485,Psychiatry,WA,462-555-5735
1486,Matthew,Thomas,1000001486,Pulmonology,WA,256-555-2718
1487,Christopher,Wilson,1000001487,Oncology,CA,465-555-1488
1488,Patricia,Anderson,1000001488,Gastroenterology,PA,338-555-6643
1489,Margaret,Taylor,1000001489,Psychiatry,WA,807-555-8674
1490,David,Anderson,1000001490,General Practice,WA,519-555-8366
1491,Betty,Thomas,1000001491,General Practice,TX,203-555-6768
1492,Jessica,Johnson,1000001492,Neurology,MA,459-555-8544
1493,Mary,Martin,1000001493,Cardiology,TX,956-555-4696
1494,Daniel,Perez,1000001494,Pediatrics,IL,909-555-1000
1495,Jennifer,Hernandez,1000001495,Emergency Medicine,NY,949-555-2451
1496,James,Lee,1000001496,Emergency Medicine,CA,849-555-5492
1497,Sandra,Thompson,1000001497,Pulmonology,CA,587-555-4894
1498,Mark,Lopez,1000001498,Cardiology,AZ,991-555-8820
1499,Elizabeth,Martinez,1000001499,Gastroenterology,AZ,261-555-1946
1500,James,Anderson,1000001500,Pediatrics,MA,597-555-7973
1501,Donald,Smith,1000001501,Pediatrics,NY,346-555-5071
1502,John,Martinez,1000001502,Endocrinology,IL,499-555-2643
1503,Thomas,Jackson,1000001503,Gastroenterology,TX,999-555-5787
1504,Jennifer,Thompson,1000001504,General Practice,TX,964-555-9851
1505,Charles,Moore,1000001505,Pediatrics,IL,475-555-1941
1506,Richard,Moore,1000001506,Endocrinology,TX,359-555-8511
1507,Mark,Davis,1000001507,General Practice,TX,686-555-9399
1508,Betty,Martin,1000001508,Urology,AZ,747-555-1651
1509,Patricia,Moore,1000001509,Cardiology,NY,756-555-3206
1510,Michael,Martin,1000001510,General Practice,CO,822-555-2437
1511,William,Smith,1000001511,Endocrinology,TX,278-555-8021
1512,Sarah,Taylor,1000001512,Endocrinology,CO,905-555-5575
1513,Robert,Miller,1000001513,Endocrinology,TX,536-555-1196
1514,Linda,Martinez,1000001514,General Practice,WA,288-555-8305
1515,Donald,Hernandez,1000001515,Endocrinology,MA,680-555-3289
1516,Karen,Martinez,1000001516,Neurology,WA,222-555-9520
1517,Jessica,Miller,1000001517,Psychiatry,CA,467-555-1247
1518,Barbara,Moore,1000001518,Gastroenterology,FL,227-555-2066
1519,Nancy,Gonzalez,1000001519,Urology,TX,371-555-5285
1520,Linda,Anderson,1000001520,Urology,AZ,731-555-7344
1521,Sarah,Martin,1000001521,Dermatology,AZ,500-555-4139
1522,Mary,Jones,1000001522,Urology,MA,202-555-6676
1523,Thomas,Martinez,1000001523,Pulmonology,CA,521-555-7582
1524,Jennifer,Jackson,1000001524,Pediatrics,WA,587-555-7622
1525,Susan,Lopez,1000001525,Internal Medicine,CA,684-555-3082
1526,Betty,Jackson,1000001526,Gastroenterology,CA,507-555-5958
1527,Richard,Rodriguez,1000001527,Dermatology,TX,920-555-1927
1528,Donald,Hernandez,1000001528,Oncology,PA,421-555-7785
1529,David,Gonzalez,1000001529,Pediatrics,MA,294-555-5719
1530,Anthony,Martin,1000001530,Psychiatry,TX,939-555-5278
1531,James,Rodriguez,1000001531,Internal Medicine,IL,836-555-6463
1532,Karen,Miller,1000001532,Psychiatry,WA,673-555-1662
1533,Thomas,Smith,1000001533,General Practice,CA,856-555-5612
1534,Betty,Moore,1000001534,Pulmonology,TX,627-555-1056
1535,Barbara,Moore,1000001535,Orthopedics,FL,965-555-6690
1536,Daniel,Perez,1000001536,Internal Medicine,IL,281-555-3359
1537,William,Lee,1000001537,Urology,WA,543-555-8305
1538,Matthew,Miller,1000001538,Pulmonology,CO,214-555-8987
1539,Robert,Johnson,1000001539,Endocrinology,NY,684-555-8140
1540,William,Rodriguez,1000001540,Neurology,NY,766-555-6565
1541,Joseph,Smith,1000001541,Pulmonology,PA,420-555-6107
1542,Karen,Thomas,1000001542,Urology,WA,337-555-4948
1543,Elizabeth,Garcia,1000001543,Pulmonology,MA,810-555-2651
1544,Daniel,Perez,1000001544,Pulmonology,CA,879-555-9906
1545,Sarah,Jones,1000001545,Pediatrics,NY,807-555-4889
1546,James,Smith,1000001546,Pulmonology,FL,500-555-4142
1547,Mark,Davis,1000001547,General Practice,IL,278-555-8750
1548,John,Taylor,1000001548,Urology,FL,698-555-4634
1549,Daniel,Thomas,1000001549,Emergency Medicine,TX,383-555-2749
1550,Christopher,Hernandez,1000001550,Urology,CA,425-555-5562
1551,Thomas,Brown,1000001551,Psychiatry,TX,803-555-6381
1552,Sandra,Martinez,1000001552,Gastroenterology,WA,989-555-7530
1553,Sandra,Taylor,1000001553,Pediatrics,PA,425-555-2466
1554,Barbara,Garcia,1000001554,Urology,CA,753-555-9311
1555,Ashley,Gonzalez,1000001555,Endocrinology,TX,968-555-1383
1556,Donald,Brown,1000001556,Orthopedics,CA,243-555-9099
1557,Daniel,Rodriguez,1000001557,Orthopedics,FL,205-555-5512
1558,Patricia,Williams,1000001558,Pulmonology,TX,248-555-5615
1559,Christopher,Moore,1000001559,Orthopedics,MA,283-555-7484
1560,Thomas,Johnson,1000001560,Urology,CA,847-555-6661
1561,Susan,Rodriguez,1000001561,Gastroenterology,TX,432-555-7102
1562,Betty,Lopez,1000001562,Cardiology,TX,701-555-1862
1563,Daniel,Moore,1000001563,Endocrinology,TX,834-555-1005
1564,Charles,Miller,1000001564,Gastroenterology,FL,745-555-7666
1565,Susan,Brown,1000001565,Gastroenterology,CA,668-555-6670
1566,Susan,Brown,1000001566,Gastroenterology,AZ,410-555-8316
1567,Mary,Wilson,1000001567,Dermatology,NY,503-555-2315
1568,Karen,Garcia,1000001568,Emergency Medicine,PA,453-555-7613
1569,Sandra,Lopez,1000001569,Gastroenterology,FL,424-555-9345
1570,Barbara,Thompson,1000001570,Dermatology,CO,525-555-9192
1571,Ashley,Martinez,1000001571,Urology,CA,781-555-8921
1572,Jennifer,Taylor,1000001572,Endocrinology,PA,298-555-4102
1573,Karen,Johnson,1000001573,Psychiatry,TX,698-555-8248
1574,Daniel,Lee,1000001574,Emergency Medicine,WA,877-555-7282
1575,Jessica,Jones,1000001575,Internal Medicine,CA,932-555-5133
1576,Karen,Rodriguez,1000001576,Oncology,TX,397-555-4507
1577,Christopher,Thomas,1000001577,Neurology,IL,957-555-2933
1578,Mark,Lee,1000001578,General Practice,AZ,483-555-4228
1579,Mark,Lopez,1000001579,Urology,CA,980-555-1440
1580,Mary,Anderson,1000001580,Urology,CA,856-555-8677
1581,Jessica,Thompson,1000001581,Oncology,WA,901-555-9449
1582,Susan,Thomas,1000001582,Cardiology,CA,985-555-1550
1583,Jessica,Jackson,1000001583,Psychiatry,CA,771-555-5391
1584,Margaret,Wilson,1000001584,Cardiology,MA,773-555-7896
1585,Donald,Brown,1000001585,Psychiatry,IL,584-555-5695
1586,Jessica,Taylor,1000001586,Emergency Medicine,FL,768-555-4182
1587,Margaret,Wilson,1000001587,Pediatrics,CA,522-555-2759
1588,John,Thompson,1000001588,Urology,TX,687-555-1806
1589,Richard,Jackson,1000001589,Internal Medicine,TX,730-555-1665
1590,Mary,Thomas,1000001590,Gastroenterology,CO,375-555-9672
1591,Sandra,Martinez,1000001591,General Practice,PA,512-555-6523
1592,Matthew,Martinez,1000001592,Oncology,MA,629-555-9251
1593,Sandra,Miller,1000001593,Oncology,WA,762-555-4440
1594,Joseph,Hernandez,1000001594,Pulmonology,MA,253-555-8242
1595,Thomas,Martinez,1000001595,Dermatology,CO,939-555-5865
1596,Susan,Taylor,1000001596,Pulmonology,CA,821-555-6272
1597,David,Jones,1000001597,Internal Medicine,PA,420-555-9171
1598,Barbara,Davis,1000001598,Emergency Medicine,TX,772-555-6993
1599,Matthew,Miller,1000001599,Dermatology,FL,260-555-2730
1600,Barbara,Gonzalez,1000001600,Pediatrics,IL,933-555-6040
1601,David,Brown,1000001601,Internal Medicine,CA,883-555-4813
1602,Charles,Jackson,1000001602,Pulmonology,MA,749-555-4850
1603,Sarah,Miller,1000001603,Oncology,AZ,813-555-1254
1604,Patricia,Davis,1000001604,Cardiology,CO,450-555-8242
1605,Barbara,Brown,1000001605,Pulmonology,FL,242-555-7239
1606,James,Thompson,1000001606,Psychiatry,NY,311-555-4448
1607,Mark,Lee,1000001607,Urology,NY,674-555-5946
1608,Robert,Martinez,1000001608,Pulmonology,CA,416-555-8399
1609,Sandra,Wilson,1000001609,Internal Medicine,TX,587-555-7643
1610,Sandra,Lopez,1000001610,Psychiatry,MA,484-555-9181
1611,Mary,Thomas,1000001611,Emergency Medicine,CA,966-555-8555
1612,Barbara,Jackson,1000001612,Emergency Medicine,TX,625-555-7477
1613,Ashley,Jones,1000001613,Gastroenterology,FL,908-555-5356
1614,Sandra,Johnson,1000001614,Internal Medicine,PA,552-555-1151
1615,Mary,Thomas,1000001615,Pulmonology,NY,450-555-5838
1616,Richard,Miller,1000001616,Oncology,AZ,999-555-4944
1617,Robert,Jones,1000001617,Dermatology,TX,644-555-2843
1618,Anthony,Martinez,1000001618,Pediatrics,TX,360-555-4177
1619,William,Lopez,1000001619,Emergency Medicine,AZ,653-555-7991
1620,Karen,Thomas,1000001620,Endocrinology,IL,490-555-6794
1621,Anthony,Lee,1000001621,Neurology,TX,897-555-7292
1622,Elizabeth,Thompson,1000001622,Emergency Medicine,IL,666-555-2349
1623,Susan,Williams,1000001623,Urology,PA,258-555-6343
1624,Betty,Jones,1000001624,Pulmonology,NY,739-555-3884
1625,Susan,Lopez,1000001625,Internal Medicine,PA,891-555-3182
1626,Anthony,Wilson,1000001626,Dermatology,PA,561-555-6244
1627,Richard,Miller,1000001627,Urology,PA,793-555-4908
1628,Matthew,Martin,1000001628,General Practice,MA,655-555-2631
1629,Matthew,Martinez,1000001629,Internal Medicine,TX,984-555-2048
1630,David,Lopez,1000001630,Emergency Medicine,MA,453-555-8990
1631,James,Smith,1000001631,Urology,IL,340-555-9114
1632,William,Smith,1000001632,Internal Medicine,MA,761-555-9240
1633,Elizabeth,Garcia,1000001633,Emergency Medicine,WA,552-555-6808
1634,Joseph,Hernandez,1000001634,Orthopedics,CA,781-555-4905
1635,Patricia,Hernandez,1000001635,Endocrinology,CA,584-555-7640
1636,David,Lopez,1000001636,Gastroenterology,AZ,472-555-1350
1637,Matthew,Jones,1000001637,Pulmonology,CA,617-555-4842
1638,Barbara,Anderson,1000001638,Orthopedics,FL,228-555-4965
1639,Karen,Johnson,1000001639,Gastroenterology,NY,965-555-7252
1640,Betty,Smith,1000001640,Neurology,CA,297-555-7389
1641,Ashley,Brown,1000001641,Emergency Medicine,NY,937-555-3420
1642,Ashley,Smith,1000001642,Endocrinology,TX,236-555-7401
1643,Elizabeth,Smith,1000001643,Urology,IL,615-555-3479
1644,Sarah,Brown,1000001644,Cardiology,WA,673-555-7957
1645,Michael,Gonzalez,1000001645,Psychiatry,MA,633-555-4311
1646,Ashley,Lopez,1000001646,Psychiatry,FL,327-555-7376
1647,Christopher,Garcia,1000001647,Internal Medicine,AZ,963-555-7823
1648,Anthony,Williams,1000001648,Cardiology,AZ,781-555-5301
1649,Sandra,Taylor,1000001649,Cardiology,NY,212-555-1381
1650,Mark,Smith,1000001650,Neurology,FL,398-555-4523
1651,Daniel,Moore,1000001651,Dermatology,WA,495-555-1350
1652,William,Moore,1000001652,Cardiology,PA,211-555-8358
1653,Lisa,Williams,1000001653,Dermatology,CA,888-555-9360
1654,Barbara,Perez,1000001654,Pulmonology,TX,821-555-8323
1655,Matthew,Lee,1000001655,Neurology,TX,225-555-4101
1656,Mark,Lopez,1000001656,General Practice,PA,954-555-4167
1657,William,Moore,1000001657,Orthopedics,NY,355-555-7364
1658,Lisa,Martinez,1000001658,Neurology,CA,619-555-3888
1659,Lisa,Perez,1000001659,Pediatrics,TX,347-555-7016
1660,Charles,Johnson,1000001660,Endocrinology,TX,280-555-5017
1661,James,Martinez,1000001661,Neurology,TX,892-555-4313
1662,Mark,Davis,1000001662,Urology,CO,355-555-6111
1663,Jessica,Thompson,1000001663,Pediatrics,TX,667-555-8811
1664,Thomas,Martinez,1000001664,Neurology,PA,617-555-2543
1665,Daniel,Rodriguez,1000001665,Emergency Medicine,FL,496-555-4251
1666,Betty,Thomas,1000001666,Cardiology,CA,269-555-9729
1667,Anthony,Jackson,1000001667,Gastroenterology,CA,389-555-3554
1668,Joseph,Smith,1000001668,Pediatrics,WA,760-555-7823
1669,David,Wilson,1000001669,Neurology,IL,620-555-6918
1670,Nancy,Williams,1000001670,Endocrinology,WA,266-555-3127
1671,Elizabeth,Rodriguez,1000001671,Orthopedics,TX,602-555-9946
1672,Sandra,Thompson,1000001672,Endocrinology,TX,582-555-2721
1673,Jennifer,Martinez,1000001673,Neurology,TX,501-555-4944
1674,Sandra,Wilson,1000001674,Endocrinology,IL,897-555-6190
1675,Mary,Taylor,1000001675,Orthopedics,IL,606-555-5769
1676,Elizabeth,Anderson,1000001676,Oncology,IL,982-555-9681
1677,Joseph,Moore,1000001677,Cardiology,CO,516-555-9262
1678,Linda,Garcia,1000001678,General Practice,TX,317-555-8393
1679,Matthew,Anderson,1000001679,Cardiology,PA,630-555-6599
1680,James,Garcia,1000001680,Gastroenterology,NY,746-555-7753
1681,Jennifer,Gonzalez,1000001681,Neurology,NY,591-555-6012
1682,Betty,Lee,1000001682,Internal Medicine,AZ,686-555-5958
1683,Robert,Martin,1000001683,Neurology,CA,391-555-7902
1684,William,Johnson,1000001684,Endocrinology,CA,662-555-6711
1685,Richard,Garcia,1000001685,Emergency Medicine,WA,935-555-2622
1686,Patricia,Jackson,1000001686,Cardiology,CA,354-555-1368
1687,Sandra,Garcia,1000001687,Pulmonology,NY,684-555-4517
1688,Margaret,Moore,1000001688,Pulmonology,TX,238-555-6618
1689,Karen,Rodriguez,1000001689,Endocrinology,CA,769-555-2339
1690,Nancy,Lee,1000001690,Urology,AZ,871-555-4777
1691,Betty,Lee,1000001691,Emergency Medicine,MA,602-555-6694
1692,Robert,Wilson,1000001692,General Practice,CA,780-555-6352
1693,Donald,Lopez,1000001693,General Practice,AZ,370-555-5570
1694,Betty,Martinez,1000001694,Orthopedics,TX,898-555-2013
1695,Joseph,Lopez,1000001695,Psychiatry,CA,344-555-6388
1696,Jessica,Miller,1000001696,Dermatology,CA,676-555-1752
1697,Mary,Lopez,1000001697,General Practice,IL,792-555-7194
1698,Elizabeth,Davis,1000001698,Urology,CA,553-555-9810
1699,Sandra,Thomas,1000001699,Neurology,CO,295-555-9878
1700,Ashley,Garcia,1000001700,Gastroenterology,MA,516-555-3880
1701,Thomas,Anderson,1000001701,Psychiatry,AZ,321-555-4370
1702,Nancy,Williams,1000001702,Neurology,FL,716-555-6793
1703,Richard,Smith,1000001703,Pediatrics,WA,490-555-7128
1704,Susan,Williams,1000001704,Endocrinology,TX,914-555-3317
1705,Robert,Smith,1000001705,Gastroenterology,TX,458-555-8023
1706,Susan,Perez,1000001706,Internal Medicine,TX,484-555-7527
1707,Charles,Brown,1000001707,Pulmonology,CA,209-555-1280
1708,Karen,Smith,1000001708,Orthopedics,CA,905-555-4236
1709,Elizabeth,Wilson,1000001709,Urology,MA,815-555-3259
1710,Anthony,Lopez,1000001710,Gastroenterology,WA,871-555-6472
1711,Margaret,Johnson,1000001711,Oncology,CO,922-555-5280
1712,Barbara,Rodriguez,1000001712,Neurology,TX,253-555-1448
1713,Patricia,Anderson,1000001713,Urology,TX,283-555-8387
1714,Karen,Wilson,1000001714,Orthopedics,NY,422-555-8071
1715,Lisa,Smith,1000001715,Neurology,CA,770-555-1875
1716,Patricia,Garcia,1000001716,Emergency Medicine,TX,699-555-5491
1717,William,Anderson,1000001717,Cardiology,TX,351-555-7119
1718,Michael,Lee,1000001718,Neurology,TX,519-555-8223
1719,Nancy,Thomas,1000001719,Dermatology,CA,692-555-8922
1720,Richard,Moore,1000001720,Internal Medicine,TX,987-555-1444
1721,Daniel,Wilson,1000001721,Internal Medicine,CA,498-555-6546
1722,Lisa,Garcia,1000001722,Pediatrics,TX,832-555-8501
1723,Mark,Miller,1000001723,Psychiatry,TX,919-555-3462
1724,Sarah,Hernandez,1000001724,Cardiology,TX,238-555-6028
1725,John,Lopez,1000001725,Pediatrics,TX,616-555-1972
1726,Christopher,Wilson,1000001726,General Practice,TX,906-555-7110
1727,Anthony,Jackson,1000001727,Dermatology,FL,868-555-3501
1728,Donald,Thomas,1000001728,Cardiology,TX,765-555-7694
1729,Mark,Johnson,1000001729,Cardiology,TX,388-555-9009
1730,Michael,Williams,1000001730,Internal Medicine,PA,763-555-9296
1731,Daniel,Lee,1000001731,Oncology,WA,210-555-2775
1732,Margaret,Moore,1000001732,Endocrinology,CA,849-555-5465
1733,Charles,Johnson,1000001733,General Practice,TX,876-555-4447
1734,Daniel,Brown,1000001734,Dermatology,TX,274-555-3357
1735,Betty,Garcia,1000001735,Psychiatry,PA,312-555-4583
1736,Thomas,Davis,1000001736,Pediatrics,FL,529-555-8529
1737,David,Wilson,1000001737,Dermatology,WA,544-555-4922
1738,Mark,Rodriguez,1000001738,Dermatology,MA,332-555-5998
1739,Charles,Lee,1000001739,Psychiatry,CA,258-555-9525
1740,Michael,Gonzalez,1000001740,Pediatrics,FL,984-555-7251
1741,William,Jackson,1000001741,Urology,CO,728-555-8309
1742,William,Jackson,1000001742,Orthopedics,TX,378-555-9864
1743,Nancy,Wilson,1000001743,Dermatology,AZ,801-555-8661
1744,Michael,Thompson,1000001744,Neurology,CA,590-555-3690
1745,Thomas,Wilson,1000001745,Urology,TX,534-555-2399
1746,Anthony,Williams,1000001746,Oncology,MA,664-555-3233
1747,Mary,Brown,1000001747,Cardiology,CA,478-555-6098
1748,Ashley,Brown,1000001748,Pediatrics,NY,872-555-6219
1749,Karen,Jones,1000001749,Cardiology,WA,358-555-6363
1750,James,Hernandez,1000001750,Psychiatry,CA,458-555-7443
1751,Thomas,Gonzalez,1000001751,Cardiology,WA,843-555-6806
1752,Anthony,Jackson,1000001752,Dermatology,MA,747-555-6824
1753,William,Thomas,1000001753,Pulmonology,NY,428-555-4750
1754,Margaret,Perez,1000001754,Pulmonology,NY,780-555-7977
1755,Thomas,Brown,1000001755,Endocrinology,CO,509-555-7591
1756,Lisa,Rodriguez,1000001756,Psychiatry,TX,646-555-9676
1757,Linda,Jones,1000001757,Emergency Medicine,PA,512-555-7360
1758,Michael,Hernandez,1000001758,Endocrinology,TX,965-555-2611
1759,Christopher,Perez,1000001759,Gastroenterology,NY,915-555-8000
1760,Christopher,Lopez,1000001760,Cardiology,TX,882-555-1671
1761,John,Jones,1000001761,Neurology,NY,415-555-7789
1762,Anthony,Moore,1000001762,Dermatology,NY,967-555-1127
1763,Margaret,Miller,1000001763,Dermatology,AZ,600-555-4624
1764,Ashley,Miller,1000001764,Urology,AZ,462-555-2214
1765,Ashley,Gonzalez,1000001765,Cardiology,CO,841-555-3840
1766,Jessica,Davis,1000001766,Cardiology,MA,937-555-7896
1767,Joseph,Thompson,1000001767,Cardiology,CA,515-555-9608
1768,John,Martinez,1000001768,Pediatrics,CA,257-555-8675
1769,Christopher,Smith,1000001769,Neurology,CA,975-555-2184
1770,Michael,Wilson,1000001770,Urology,AZ,414-555-3952
1771,Matthew,Hernandez,1000001771,Oncology,CA,823-555-6400
1772,Susan,Martinez,1000001772,Oncology,PA,241-555-2153
1773,Jessica,Gonzalez,1000001773,Cardiology,NY,741-555-1202
1774,Jennifer,Smith,1000001774,Cardiology,IL,836-555-1175
1775,Richard,Moore,1000001775,Urology,MA,512-555-9734
1776,Daniel,Jones,1000001776,Urology,CO,713-555-4902
1777,Betty,Jones,1000001777,Psychiatry,CA,372-555-6358
1778,Jennifer,Brown,1000001778,Pediatrics,CA,350-555-8327
1779,Elizabeth,Martinez,1000001779,Endocrinology,TX,949-555-6732
1780,Karen,Brown,1000001780,Pediatrics,TX,786-555-5126
1781,Sandra,Wilson,1000001781,Emergency Medicine,IL,934-555-5254
1782,Matthew,Jones,1000001782,Gastroenterology,CA,361-555-1382
1783,Karen,Perez,1000001783,Emergency Medicine,WA,286-555-2738
1784,Lisa,Thomas,1000001784,Pediatrics,CO,909-555-8884
1785,David,Miller,1000001785,Pediatrics,TX,924-555-8158
1786,Barbara,Martinez,1000001786,Neurology,CA,651-555-4131
1787,Sarah,Williams,1000001787,Pediatrics,CO,401-555-9722
1788,Michael,Jones,1000001788,Orthopedics,TX,203-555-1384
1789,John,Smith,1000001789,Endocrinology,TX,456-555-4815
1790,Jennifer,Jones,1000001790,Emergency Medicine,FL,805-555-5588
1791,Thomas,Gonzalez,1000001791,Endocrinology,WA,913-555-5040
1792,Susan,Davis,1000001792,Dermatology,TX,691-555-1400
1793,Anthony,Wilson,1000001793,Internal Medicine,CA,754-555-8094
1794,James,Perez,1000001794,Emergency Medicine,TX,239-555-8260
1795,Mark,Jones,1000001795,Cardiology,FL,298-555-1252
1796,Betty,Jackson,1000001796,Oncology,TX,685-555-7067
1797,Patricia,Lee,1000001797,Dermatology,CA,558-555-2765
1798,Anthony,Martinez,1000001798,Pulmonology,AZ,675-555-3565
1799,Thomas,Wilson,1000001799,Endocrinology,WA,591-555-6443
1800,Jennifer,Davis,1000001800,Psychiatry,FL,472-555-5805
1801,David,Brown,1000001801,Cardiology,NY,786-555-7032
1802,Jessica,Martinez,1000001802,Endocrinology,PA,583-555-5182
1803,Margaret,Taylor,1000001803,Urology,TX,209-555-7584
1804,Anthony,Perez,1000001804,Dermatology,MA,264-555-3047
1805,Nancy,Moore,1000001805,Emergency Medicine,WA,871-555-1976
1806,Mark,Johnson,1000001806,General Practice,NY,677-555-2658
1807,Ashley,Brown,1000001807,Orthopedics,CA,210-555-8661
1808,Thomas,Jones,1000001808,Pulmonology,IL,591-555-4799
1809,Richard,Thomas,1000001809,Dermatology,TX,798-555-8750
1810,Matthew,Garcia,1000001810,Cardiology,NY,691-555-1868
1811,Sarah,Taylor,1000001811,Oncology,TX,922-555-7472
1812,Jennifer,Thompson,1000001812,Orthopedics,FL,574-555-9559
1813,Lisa,Anderson,1000001813,Gastroenterology,FL,800-555-6100
1814,Matthew,Smith,1000001814,Neurology,AZ,882-555-4700
1815,Barbara,Wilson,1000001815,Neurology,NY,372-555-5222
1816,Daniel,Jones,1000001816,Endocrinology,WA,566-555-4081
1817,Jessica,Thomas,1000001817,Dermatology,IL,712-555-5558
1818,Sandra,Garcia,1000001818,Pulmonology,TX,802-555-8198
1819,Ashley,Anderson,1000001819,Neurology,CA,427-555-4459
1820,Susan,Davis,1000001820,Dermatology,CO,631-555-7990
1821,Barbara,Thomas,1000001821,Emergency Medicine,FL,461-555-2416
1822,Margaret,Wilson,1000001822,Urology,MA,638-555-2788
1823,Daniel,Lopez,1000001823,Urology,TX,749-555-9475
1824,Lisa,Davis,1000001824,General Practice,NY,656-555-6954
1825,Linda,Brown,1000001825,Urology,NY,543-555-3598
1826,James,Jones,1000001826,Endocrinology,FL,417-555-9346
1827,Charles,Moore,1000001827,General Practice,TX,918-555-2564
1828,Betty,Johnson,1000001828,Neurology,PA,313-555-8705
1829,John,Smith,1000001829,Cardiology,TX,821-555-7364
1830,Ashley,Rodriguez,1000001830,Gastroenterology,CO,822-555-7262
1831,Sarah,Johnson,1000001831,Endocrinology,IL,857-555-4187
1832,Patricia,Hernandez,1000001832,Internal Medicine,CO,924-555-6898
1833,Sarah,Hernandez,1000001833,Emergency Medicine,AZ,441-555-2656
1834,Elizabeth,Miller,1000001834,Endocrinology,CO,697-555-1567
1835,Robert,Williams,1000001835,General Practice,TX,590-555-6493
1836,Daniel,Johnson,1000001836,Oncology,IL,357-555-1538
1837,Patricia,Garcia,1000001837,Gastroenterology,FL,505-555-6727
1838,Donald,Hernandez,1000001838,Oncology,NY,640-555-8577
1839,Donald,Brown,1000001839,Dermatology,TX,919-555-5749
1840,Susan,Martin,1000001840,Pediatrics,CA,809-555-8647
1841,Susan,Jackson,1000001841,General Practice,TX,752-555-9104
1842,Nancy,Jones,1000001842,Pulmonology,TX,406-555-6806
1843,Thomas,Jackson,1000001843,Urology,IL,453-555-5498
1844,Jessica,Smith,1000001844,Orthopedics,CA,590-555-8085
1845,Anthony,Martinez,1000001845,Psychiatry,TX,661-555-9604
1846,Barbara,Lopez,1000001846,Pulmonology,IL,399-555-3564
1847,Linda,Thompson,1000001847,Emergency Medicine,PA,854-555-8853
1848,Patricia,Davis,1000001848,General Practice,CA,943-555-9932
1849,Mark,Williams,1000001849,Neurology,CA,658-555-2861
1850,Charles,Johnson,1000001850,Pulmonology,CA,566-555-5544
1851,James,Martin,1000001851,Endocrinology,CA,422-555-4106
1852,Lisa,Thomas,1000001852,Neurology,AZ,926-555-4933
1853,Anthony,Thompson,1000001853,Endocrinology,TX,827-555-1013
1854,Elizabeth,Jones,1000001854,Psychiatry,TX,532-555-6063
1855,Karen,Smith,1000001855,Orthopedics,IL,691-555-6397
1856,Mark,Wilson,1000001856,Cardiology,AZ,354-555-5772
1857,Sandra,Gonzalez,1000001857,Endocrinology,CA,431-555-3178
1858,Ashley,Rodriguez,1000001858,Urology,WA,484-555-2643
1859,Susan,Rodriguez,1000001859,Cardiology,TX,643-555-4762
1860,Michael,Thompson,1000001860,Pediatrics,TX,382-555-2903
1861,Patricia,Miller,1000001861,Internal Medicine,FL,970-555-6552
1862,Barbara,Anderson,1000001862,Gastroenterology,CA,905-555-5459
1863,Barbara,Perez,1000001863,General Practice,PA,543-555-3447
1864,James,Lopez,1000001864,Dermatology,CA,293-555-1793
1865,Thomas,Martin,1000001865,Pulmonology,AZ,940-555-7890
1866,Karen,Martinez,1000001866,Dermatology,WA,968-555-3481
1867,David,Brown,1000001867,Pediatrics,CO,884-555-7270
1868,Nancy,Taylor,1000001868,Orthopedics,TX,922-555-2530
1869,Barbara,Smith,1000001869,General Practice,TX,255-555-7697
1870,David,Moore,1000001870,Psychiatry,CO,926-555-3018
1871,John,Martin,1000001871,Internal Medicine,TX,406-555-6826
1872,Michael,Jackson,1000001872,Internal Medicine,AZ,380-555-1992
1873,Patricia,Rodriguez,1000001873,Oncology,NY,312-555-3321
1874,Thomas,Martinez,1000001874,Pulmonology,PA,606-555-6770
1875,John,Brown,1000001875,Dermatology,NY,512-555-5082
1876,Christopher,Anderson,1000001876,Oncology,CA,298-555-6554
1877,Richard,Rodriguez,1000001877,Emergency Medicine,CA,724-555-3531
1878,Joseph,Williams,1000001878,General Practice,CA,282-555-3229
1879,Michael,Moore,1000001879,Orthopedics,TX,707-555-1702
1880,Patricia,Martinez,1000001880,Endocrinology,TX,620-555-6720
1881,Christopher,Rodriguez,1000001881,Urology,NY,229-555-8219
1882,Betty,Davis,1000001882,Orthopedics,CO,779-555-4702
1883,Elizabeth,Garcia,1000001883,Emergency Medicine,CA,308-555-2707
1884,Susan,Miller,1000001884,Internal Medicine,TX,568-555-1440
1885,Susan,Brown,1000001885,Psychiatry,TX,270-555-5379
1886,Joseph,Martinez,1000001886,Neurology,AZ,965-555-9838
1887,Elizabeth,Brown,1000001887,Pediatrics,TX,419-555-4093
1888,Margaret,Anderson,1000001888,Pulmonology,IL,813-555-6244
1889,Patricia,Jones,1000001889,Emergency Medicine,FL,470-555-7557
1890,Sarah,Smith,1000001890,Gastroenterology,FL,409-555-7300
1891,Barbara,Miller,1000001891,Pediatrics,TX,567-555-4712
1892,Sandra,Rodriguez,1000001892,Endocrinology,CA,262-555-7797
1893,Jennifer,Gonzalez,1000001893,Emergency Medicine,NY,912-555-8419
1894,Nancy,Gonzalez,1000001894,Gastroenterology,AZ,271-555-4032
1895,Barbara,Wilson,1000001895,Dermatology,CA,865-555-8494
1896,Susan,Jackson,1000001896,Dermatology,TX,448-555-4336
1897,Linda,Anderson,1000001897,Cardiology,WA,639-555-7603
1898,Nancy,Miller,1000001898,Internal Medicine,TX,796-555-9439
1899,Susan,Miller,1000001899,Neurology,NY,859-555-4534
1900,Mark,Miller,1000001900,Urology,AZ,531-555-1066
1901,Mary,Miller,1000001901,Psychiatry,TX,651-555-7232
1902,Jennifer,Taylor,1000001902,Neurology,TX,246-555-4569
1903,Barbara,Anderson,1000001903,Cardiology,IL,300-555-1331
1904,Michael,Anderson,1000001904,Psychiatry,CA,775-555-1799
1905,Mary,Rodriguez,1000001905,Dermatology,TX,555-555-3465
1906,Sandra,Anderson,1000001906,Orthopedics,CA,547-555-7057
1907,Anthony,Gonzalez,1000001907,Endocrinology,CA,681-555-1520
1908,Barbara,Jackson,1000001908,Emergency Medicine,CA,751-555-9644
1909,Linda,Williams,1000001909,Pediatrics,CA,752-555-5206
1910,Patricia,Williams,1000001910,Neurology,NY,772-555-4145
1911,Joseph,Jackson,1000001911,Oncology,TX,435-555-2261
1912,Susan,Jackson,1000001912,Urology,FL,465-555-4053
1913,Lisa,Jones,1000001913,Emergency Medicine,WA,597-555-5249
1914,Thomas,Jones,1000001914,Urology,WA,722-555-7325
1915,John,Taylor,1000001915,Neurology,TX,546-555-2350
1916,Nancy,Anderson,1000001916,Psychiatry,CA,590-555-1002
1917,James,Thompson,1000001917,Emergency Medicine,PA,856-555-2147
1918,Barbara,Miller,1000001918,Oncology,TX,968-555-8913
1919,Robert,Taylor,1000001919,Gastroenterology,CO,577-555-3836
1920,Elizabeth,Lopez,1000001920,Pulmonology,PA,304-555-8195
1921,David,Jackson,1000001921,Psychiatry,TX,664-555-3567
1922,Mary,Hernandez,1000001922,Psychiatry,TX,616-555-2852
1923,John,Gonzalez,1000001923,Endocrinology,CO,391-555-6975
1924,Donald,Smith,1000001924,Internal Medicine,TX,223-555-3389
1925,Matthew,Perez,1000001925,General Practice,CA,488-555-8951
1926,Barbara,Moore,1000001926,Internal Medicine,WA,575-555-7712
1927,Betty,Martinez,1000001927,Emergency Medicine,CA,298-555-3109
1928,James,Thomas,1000001928,Oncology,CA,282-555-7075
1929,Patricia,Lopez,1000001929,Oncology,TX,906-555-4564
1930,Mark,Davis,1000001930,Orthopedics,TX,780-555-1393
1931,Thomas,Moore,1000001931,Oncology,AZ,344-555-6728
1932,John,Gonzalez,1000001932,Neurology,CA,314-555-4753
1933,Anthony,Johnson,1000001933,Oncology,AZ,578-555-2709
1934,Christopher,Davis,1000001934,Urology,PA,989-555-1368
1935,Charles,Rodriguez,1000001935,Gastroenterology,TX,268-555-5200
1936,Daniel,Garcia,1000001936,Oncology,NY,515-555-8853
1937,Jennifer,Taylor,1000001937,Dermatology,CO,673-555-6766
1938,Donald,Davis,1000001938,Oncology,TX,903-555-3715
1939,Jessica,Lee,1000001939,Psychiatry,PA,221-555-7705
1940,Christopher,Martinez,1000001940,Oncology,AZ,515-555-5760
1941,Barbara,Garcia,1000001941,Gastroenterology,IL,892-555-5031
1942,David,Brown,1000001942,General Practice,CA,589-555-6044
1943,James,Lopez,1000001943,Endocrinology,AZ,590-555-2314
1944,Jennifer,Thompson,1000001944,Neurology,TX,259-555-5884
1945,Christopher,Gonzalez,1000001945,Orthopedics,WA,692-555-4978
1946,Linda,Thomas,1000001946,Urology,CO,608-555-5371
1947,Lisa,Taylor,1000001947,Endocrinology,TX,684-555-5989
1948,Patricia,Anderson,1000001948,Endocrinology,TX,870-555-2828
1949,James,Gonzalez,1000001949,Emergency Medicine,PA,243-555-4355
1950,Jennifer,Johnson,1000001950,Pulmonology,TX,892-555-3724
1951,Thomas,Thomas,1000001951,Internal Medicine,TX,371-555-1509
1952,Mary,Wilson,1000001952,Pediatrics,CA,960-555-7435
1953,William,Lopez,1000001953,Pulmonology,IL,988-555-7524
1954,Jennifer,Lopez,1000001954,Emergency Medicine,PA,730-555-4955
1955,Betty,Garcia,1000001955,Cardiology,FL,714-555-3800
1956,Robert,Thompson,1000001956,Pulmonology,TX,569-555-6112
1957,Sarah,Perez,1000001957,Orthopedics,CA,894-555-9532
1958,Margaret,Martin,1000001958,Pulmonology,TX,542-555-5655
1959,Anthony,Miller,1000001959,Pulmonology,CA,886-555-8207
1960,Barbara,Wilson,1000001960,General Practice,TX,317-555-3127
1961,Susan,Johnson,1000001961,Gastroenterology,AZ,452-555-9112
1962,Matthew,Smith,1000001962,General Practice,TX,505-555-7314
1963,Mary,Thomas,1000001963,Gastroenterology,CO,476-555-4449
1964,Patricia,Brown,1000001964,General Practice,TX,222-555-8226
1965,Betty,Davis,1000001965,Gastroenterology,TX,358-555-9804
1966,Sarah,Lee,1000001966,Endocrinology,IL,356-555-5067
1967,Patricia,Moore,1000001967,Dermatology,CO,762-555-8469
1968,Michael,Miller,1000001968,Cardiology,MA,922-555-9128
1969,David,Gonzalez,1000001969,Internal Medicine,MA,748-555-9901
1970,Betty,Lopez,1000001970,Oncology,IL,949-555-1917
1971,Charles,Johnson,1000001971,Pulmonology,TX,907-555-7511
1972,Betty,Anderson,1000001972,Pulmonology,CA,667-555-7355
1973,Jennifer,Anderson,1000001973,Psychiatry,CA,604-555-7254
1974,Matthew,Smith,1000001974,Internal Medicine,MA,865-555-9547
1975,Robert,Lopez,1000001975,Internal Medicine,TX,710-555-3365
1976,Jessica,Martinez,1000001976,Cardiology,CA,951-555-2458
1977,Charles,Gonzalez,1000001977,Orthopedics,MA,928-555-8561
1978,Donald,Jackson,1000001978,Emergency Medicine,TX,660-555-9771
1979,Elizabeth,Smith,1000001979,Orthopedics,NY,838-555-7983
1980,Linda,Johnson,1000001980,Orthopedics,TX,209-555-9245
1981,Jessica,Hernandez,1000001981,Emergency Medicine,TX,874-555-6080
1982,Elizabeth,Jones,1000001982,Dermatology,CA,858-555-9399
1983,Anthony,Jones,1000001983,Pediatrics,CA,236-555-9877
1984,Sandra,Smith,1000001984,Urology,MA,868-555-9958
1985,Patricia,Williams,1000001985,Endocrinology,FL,588-555-5188
1986,Joseph,Perez,1000001986,Endocrinology,CA,302-555-8844
1987,Jessica,Williams,1000001987,Internal Medicine,TX,464-555-3406
1988,Jessica,Brown,1000001988,Endocrinology,FL,701-555-5813
1989,James,Brown,1000001989,Orthopedics,TX,791-555-8674
1990,Patricia,Wilson,1000001990,Orthopedics,CO,885-555-8006
1991,Daniel,Thomas,1000001991,Pulmonology,IL,728-555-4043
1992,Joseph,Perez,1000001992,Emergency Medicine,TX,698-555-8094
1993,Jennifer,Martin,1000001993,Endocrinology,TX,659-555-9113
1994,Barbara,Lopez,1000001994,General Practice,PA,871-555-7563
1995,Jessica,Brown,1000001995,Dermatology,TX,428-555-3763
1996,Sarah,Jones,1000001996,Urology,FL,974-555-3365
1997,Daniel,Miller,1000001997,Urology,IL,930-555-2264
1998,James,Brown,1000001998,Pulmonology,CA,642-555-4701
1999,Linda,Jackson,1000001999,Psychiatry,WA,339-555-8207
2000,Nancy,Thomas,1000002000,Oncology,CA,303-555-2996
2001,Susan,Lee,1000002001,Endocrinology,WA,608-555-1906
2002,Matthew,Lopez,1000002002,Emergency Medicine,AZ,571-555-3582
2003,John,Brown,1000002003,Urology,NY,915-555-9892
2004,Robert,Johnson,1000002004,General Practice,CA,581-555-4537
2005,Nancy,Moore,1000002005,Oncology,TX,290-555-5527
2006,Jennifer,Jackson,1000002006,Cardiology,TX,454-555-8444
2007,John,Brown,1000002007,Emergency Medicine,CA,544-555-7381
2008,Betty,Jones,1000002008,Cardiology,CA,878-555-8007
2009,James,Johnson,1000002009,Dermatology,CO,292-555-7326
2010,Barbara,Miller,1000002010,Gastroenterology,AZ,245-555-6901
2011,John,Garcia,1000002011,Oncology,PA,966-555-9346
2012,Elizabeth,Wilson,1000002012,Gastroenterology,CO,870-555-4763
2013,Karen,Jackson,1000002013,Oncology,CA,977-555-8434
2014,Barbara,Williams,1000002014,Pediatrics,WA,474-555-4494
2015,William,Miller,1000002015,Endocrinology,CA,397-555-4044
2016,Thomas,Jones,1000002016,Oncology,MA,231-555-6193
2017,Lisa,Moore,1000002017,Pulmonology,CA,368-555-6536
2018,Ashley,Thompson,1000002018,Oncology,AZ,901-555-3418
2019,Sarah,Johnson,1000002019,Neurology,TX,938-555-9598
2020,Lisa,Perez,1000002020,Oncology,CA,888-555-7214
2021,Joseph,Brown,1000002021,Dermatology,TX,302-555-8302
2022,Betty,Lee,1000002022,General Practice,AZ,328-555-2448
2023,Joseph,Lee,1000002023,Dermatology,CA,325-555-7907
2024,Sarah,Johnson,1000002024,Dermatology,WA,756-555-6277
2025,Barbara,Smith,1000002025,Dermatology,NY,839-555-1936
2026,Margaret,Gonzalez,1000002026,Pediatrics,PA,335-555-5341
2027,Linda,Jackson,1000002027,Psychiatry,CA,604-555-7528
2028,Charles,Brown,1000002028,Psychiatry,TX,589-555-4748
2029,Karen,Martinez,1000002029,Gastroenterology,NY,379-555-6209
2030,Betty,Miller,1000002030,Urology,CA,438-555-3062
2031,Richard,Miller,1000002031,Psychiatry,TX,598-555-7373
2032,Susan,Lopez,1000002032,General Practice,CA,271-555-7305
2033,Sandra,Anderson,1000002033,Emergency Medicine,TX,780-555-7095
2034,John,Lee,1000002034,Endocrinology,NY,719-555-7621
2035,Michael,Smith,1000002035,Gastroenterology,CA,702-555-3991
2036,Anthony,Martin,1000002036,Pediatrics,AZ,269-555-8022
2037,Barbara,Rodriguez,1000002037,Gastroenterology,CO,628-555-5693
2038,Jennifer,Williams,1000002038,Emergency Medicine,TX,783-555-3877
2039,Mary,Williams,1000002039,Orthopedics,WA,512-555-9070
2040,Anthony,Davis,1000002040,Oncology,CA,819-555-6977
2041,Matthew,Miller,1000002041,Orthopedics,FL,391-555-3678
2042,Thomas,Garcia,1000002042,Endocrinology,AZ,698-555-5871
2043,Christopher,Williams,1000002043,Pulmonology,IL,648-555-4709
2044,James,Lee,1000002044,Cardiology,IL,437-555-1921
2045,Jennifer,Wilson,1000002045,Emergency Medicine,CA,785-555-8078
2046,Matthew,Brown,1000002046,Urology,CA,497-555-5931
2047,Jennifer,Hernandez,1000002047,Pulmonology,CA,454-555-4080
2048,Christopher,Moore,1000002048,Psychiatry,CA,698-555-9792
2049,Nancy,Perez,1000002049,Neurology,NY,813-555-6784
2050,Charles,Thomas,1000002050,General Practice,FL,819-555-7287
2051,Jennifer,Wilson,1000002051,Emergency Medicine,TX,874-555-7600
2052,William,Brown,1000002052,Endocrinology,TX,848-555-8169
2053,Linda,Hernandez,1000002053,Pulmonology,FL,707-555-4641
2054,Nancy,Davis,1000002054,Gastroenterology,AZ,795-555-1913
2055,Daniel,Taylor,1000002055,Cardiology,IL,936-555-9625
2056,Ashley,Thomas,1000002056,General Practice,TX,786-555-5225
2057,Sarah,Brown,1000002057,General Practice,CO,909-555-3635
2058,Barbara,Wilson,1000002058,Urology,CA,841-555-5728
2059,Ashley,Miller,1000002059,Orthopedics,IL,973-555-6956
2060,James,Jackson,1000002060,Endocrinology,CA,896-555-7569
2061,Margaret,Taylor,1000002061,Cardiology,CA,857-555-7950
2062,Thomas,Garcia,1000002062,Internal Medicine,TX,343-555-6001
2063,Joseph,Smith,1000002063,Pulmonology,CA,446-555-9341
2064,John,Martinez,1000002064,Pediatrics,WA,604-555-8633
2065,Patricia,Rodriguez,1000002065,Pulmonology,FL,549-555-8757
2066,Daniel,Thompson,1000002066,Psychiatry,TX,641-555-7994
2067,Lisa,Brown,1000002067,Pediatrics,CA,677-555-8448
2068,Jessica,Davis,1000002068,Endocrinology,NY,868-555-6341
2069,James,Jackson,1000002069,Emergency Medicine,MA,218-555-2979
2070,Jennifer,Perez,1000002070,Neurology,NY,264-555-3467
2071,Joseph,Moore,1000002071,Pulmonology,TX,465-555-8720
2072,Richard,Lee,1000002072,Dermatology,CO,243-555-5067
2073,Nancy,Thompson,1000002073,Emergency Medicine,CA,321-555-1258
2074,Linda,Anderson,1000002074,Gastroenterology,WA,831-555-8217
2075,Christopher,Moore,1000002075,Dermatology,MA,509-555-4804
2076,Thomas,Brown,1000002076,Dermatology,TX,964-555-3656
2077,David,Moore,1000002077,Cardiology,WA,727-555-1522
2078,Jessica,Williams,1000002078,Endocrinology,CA,502-555-3455
2079,Richard,Smith,1000002079,Oncology,TX,579-555-4798
2080,Betty,Williams,1000002080,Gastroenterology,CO,843-555-1287
2081,James,Thompson,1000002081,General Practice,PA,395-555-5425
2082,Joseph,Williams,1000002082,Neurology,AZ,866-555-6080
2083,Jennifer,Jones,1000002083,Pulmonology,TX,667-555-5133
2084,Ashley,Anderson,1000002084,Neurology,CA,708-555-2442
2085,Jennifer,Brown,1000002085,Gastroenterology,TX,817-555-1311
2086,Michael,Martin,1000002086,Urology,CA,870-555-5824
2087,Susan,Wilson,1000002087,Emergency Medicine,TX,311-555-4622
2088,Mark,Perez,1000002088,Internal Medicine,CA,608-555-1295
2089,James,Garcia,1000002089,Internal Medicine,NY,910-555-8318
2090,James,Brown,1000002090,Internal Medicine,TX,757-555-9055
2091,Karen,Johnson,1000002091,Emergency Medicine,WA,557-555-7955
2092,Patricia,Hernandez,1000002092,Cardiology,AZ,352-555-1401
2093,Linda,Williams,1000002093,Oncology,AZ,909-555-9661
2094,Mary,Jones,1000002094,Urology,FL,760-555-1768
2095,James,Hernandez,1000002095,Gastroenterology,PA,982-555-8124
2096,Ashley,Anderson,1000002096,Pulmonology,NY,645-555-4732
2097,Christopher,Jackson,1000002097,Internal Medicine,CO,991-555-2003
2098,David,Hernandez,1000002098,Psychiatry,WA,337-555-3364
2099,Charles,Miller,1000002099,Urology,CA,455-555-3488
2100,William,Taylor,1000002100,Gastroenterology,PA,608-555-2242
2101,James,Miller,1000002101,Emergency Medicine,CA,482-555-1488
2102,Donald,Johnson,1000002102,Neurology,CA,851-555-1616
2103,Daniel,Thompson,1000002103,General Practice,WA,301-555-2067
2104,Matthew,Gonzalez,1000002104,Gastroenterology,TX,850-555-9716
2105,Matthew,Jackson,1000002105,Urology,TX,842-555-3680
2106,Patricia,Lopez,1000002106,Endocrinology,TX,363-555-5093
2107,Nancy,Jones,1000002107,Endocrinology,FL,992-555-3309
2108,Ashley,Thomas,1000002108,Oncology,NY,247-555-4220
2109,William,Jones,1000002109,General Practice,TX,492-555-4203
2110,Anthony,Miller,1000002110,Orthopedics,IL,743-555-4123
2111,Robert,Moore,1000002111,General Practice,NY,487-555-4439
2112,Donald,Johnson,1000002112,Pediatrics,WA,413-555-5043
2113,Richard,Gonzalez,1000002113,Urology,TX,535-555-7904
2114,Linda,Miller,1000002114,Pediatrics,IL,739-555-2765
2115,Lisa,Williams,1000002115,Oncology,WA,870-555-5297
2116,Ashley,Miller,1000002116,Endocrinology,PA,280-555-4605
2117,Sandra,Martinez,1000002117,Cardiology,WA,411-555-5095
2118,Patricia,Jones,1000002118,Dermatology,AZ,692-555-8092
2119,Nancy,Miller,1000002119,Oncology,CA,532-555-4156
2120,Robert,Taylor,1000002120,Neurology,TX,335-555-8671
2121,Sandra,Garcia,1000002121,Gastroenterology,AZ,633-555-8459
2122,Sarah,Miller,1000002122,Gastroenterology,MA,398-555-3422
2123,Donald,Perez,1000002123,Cardiology,FL,717-555-3165
2124,Mary,Martinez,1000002124,Endocrinology,IL,910-555-2866
2125,David,Perez,1000002125,Pediatrics,IL,288-555-5738
2126,Richard,Thomas,1000002126,Pulmonology,TX,977-555-2436
2127,Betty,Miller,1000002127,Oncology,TX,281-555-7856
2128,Anthony,Miller,1000002128,Gastroenterology,CO,345-555-9944
2129,Betty,Moore,1000002129,Oncology,FL,876-555-8260
2130,Daniel,Smith,1000002130,Endocrinology,FL,446-555-6078
2131,Richard,Rodriguez,1000002131,Pulmonology,TX,695-555-2230
2132,William,Anderson,1000002132,Gastroenterology,TX,565-555-7662
2133,Donald,Miller,1000002133,Oncology,TX,452-555-5201
2134,Patricia,Hernandez,1000002134,Cardiology,FL,700-555-6506
2135,Matthew,Thomas,1000002135,Dermatology,NY,795-555-7296
2136,Richard,Miller,1000002136,Endocrinology,AZ,219-555-3503
2137,Mary,Martin,1000002137,Endocrinology,TX,901-555-8269
2138,Sandra,Martinez,1000002138,Dermatology,TX,408-555-5501
2139,Anthony,Lopez,1000002139,Dermatology,IL,483-555-5927
2140,Barbara,Gonzalez,1000002140,Pulmonology,CA,311-555-8916
2141,Elizabeth,Smith,1000002141,Gastroenterology,CO,644-555-5367
2142,Christopher,Johnson,1000002142,Gastroenterology,CA,419-555-8689
2143,Betty,Taylor,1000002143,Dermatology,CA,822-555-9681
2144,Michael,Lee,1000002144,Pulmonology,CA,882-555-2926
2145,Ashley,Jackson,1000002145,Endocrinology,AZ,821-555-1233
2146,John,Rodriguez,1000002146,Internal Medicine,CA,465-555-8829
2147,Karen,Brown,1000002147,Orthopedics,IL,292-555-5953
2148,Matthew,Thomas,1000002148,Orthopedics,CO,594-555-4992
2149,Linda,Jackson,1000002149,Neurology,CA,664-555-4088
2150,John,Martin,1000002150,Pulmonology,AZ,734-555-7186
2151,Barbara,Hernandez,1000002151,Pulmonology,AZ,440-555-7085
2152,William,Jones,1000002152,Internal Medicine,TX,376-555-6678
2153,Patricia,Martinez,1000002153,Internal Medicine,AZ,455-555-6902
2154,Susan,Martinez,1000002154,Endocrinology,TX,344-555-4968
2155,Joseph,Thomas,1000002155,Gastroenterology,WA,257-555-1644
2156,Matthew,Thompson,1000002156,Internal Medicine,TX,540-555-1291
2157,Linda,Jones,1000002157,Oncology,MA,498-555-8033
2158,Karen,Martin,1000002158,Endocrinology,TX,633-555-6240
2159,Anthony,Thomas,1000002159,Cardiology,FL,446-555-8725
2160,Sarah,Anderson,1000002160,Cardiology,TX,215-555-6883
2161,Elizabeth,Perez,1000002161,Pediatrics,IL,608-555-8512
2162,Sarah,Thompson,1000002162,Urology,IL,807-555-6695
2163,Lisa,Johnson,1000002163,Urology,FL,553-555-4297
2164,Thomas,Garcia,1000002164,Neurology,CA,919-555-6449
2165,Joseph,Davis,1000002165,Orthopedics,CO,749-555-6490
2166,Daniel,Garcia,1000002166,Cardiology,TX,274-555-1314
2167,William,Thomas,1000002167,Emergency Medicine,NY,387-555-5001
2168,Thomas,Anderson,1000002168,Gastroenterology,NY,556-555-6604
2169,Christopher,Moore,1000002169,Pulmonology,CA,995-555-7358
2170,Mark,Lee,1000002170,Neurology,CA,585-555-3704
2171,James,Perez,1000002171,Cardiology,WA,559-555-6911
2172,Barbara,Thompson,1000002172,General Practice,CO,422-555-8133
2173,Karen,Brown,1000002173,Orthopedics,CA,525-555-2869
2174,John,Jackson,1000002174,Dermatology,PA,669-555-6673
2175,Betty,Anderson,1000002175,Gastroenterology,TX,242-555-3163
2176,Jessica,Anderson,1000002176,Internal Medicine,WA,708-555-1544
2177,Christopher,Smith,1000002177,Dermatology,FL,209-555-6369
2178,Anthony,Martinez,1000002178,Gastroenterology,FL,582-555-3892
2179,Jennifer,Rodriguez,1000002179,Gastroenterology,FL,606-555-1904
2180,William,Taylor,1000002180,Cardiology,IL,370-555-3681
2181,Donald,Perez,1000002181,Pediatrics,CA,304-555-7415
2182,Jessica,Brown,1000002182,Gastroenterology,CA,914-555-9453
2183,James,Davis,1000002183,General Practice,MA,831-555-4727
2184,Karen,Miller,1000002184,Internal Medicine,PA,205-555-3072
2185,Anthony,Davis,1000002185,Oncology,CA,836-555-4762
2186,Donald,Perez,1000002186,Gastroenterology,TX,692-555-3906
2187,David,Rodriguez,1000002187,Neurology,TX,772-555-6151
2188,Anthony,Smith,1000002188,Oncology,TX,854-555-7755
2189,Ashley,Moore,1000002189,Orthopedics,TX,706-555-7874
2190,Charles,Thompson,1000002190,Psychiatry,WA,613-555-4854
2191,Daniel,Hernandez,1000002191,Cardiology,CA,494-555-5338
2192,David,Martinez,1000002192,Emergency Medicine,CA,239-555-6863
2193,Nancy,Anderson,1000002193,Urology,TX,363-555-8366
2194,Richard,Brown,1000002194,Dermatology,CO,712-555-7104
2195,Daniel,Jones,1000002195,Gastroenterology,NY,506-555-5239
2196,Karen,Wilson,1000002196,Cardiology,TX,392-555-3338
2197,Charles,Thompson,1000002197,Pediatrics,CA,592-555-7320
2198,Nancy,Lopez,1000002198,Pediatrics,FL,371-555-3819
2199,Christopher,Thomas,1000002199,Endocrinology,TX,856-555-2043
2200,Donald,Lee,1000002200,Urology,IL,249-555-1536
2201,Mark,Miller,1000002201,Cardiology,CA,842-555-9734
2202,Matthew,Wilson,1000002202,Internal Medicine,TX,227-555-7287
2203,William,Perez,1000002203,Pediatrics,CA,240-555-4648
2204,Charles,Johnson,1000002204,Oncology,AZ,610-555-1143
2205,Charles,Jackson,1000002205,Endocrinology,IL,235-555-5873
2206,Matthew,Martin,1000002206,Cardiology,AZ,319-555-6201
2207,Jessica,Johnson,1000002207,Neurology,IL,587-555-1581
2208,Elizabeth,Anderson,1000002208,Dermatology,TX,716-555-3931
2209,Charles,Thomas,1000002209,Gastroenterology,PA,469-555-6439
2210,Jennifer,Thompson,1000002210,Pulmonology,PA,340-555-3282
2211,Charles,Taylor,1000002211,Pulmonology,NY,600-555-1110
2212,Jessica,Johnson,1000002212,Orthopedics,IL,800-555-5383
2213,Anthony,Rodriguez,1000002213,General Practice,PA,452-555-3503
2214,Thomas,Hernandez,1000002214,Orthopedics,CO,642-555-8490
2215,Thomas,Miller,1000002215,Oncology,CA,723-555-5319
2216,Michael,Wilson,1000002216,Pediatrics,TX,454-555-3702
2217,Donald,Rodriguez,1000002217,Orthopedics,AZ,855-555-1822
2218,Ashley,Jones,1000002218,Urology,WA,932-555-6180
2219,Margaret,Martinez,1000002219,General Practice,TX,429-555-5044
2220,Jennifer,Hernandez,1000002220,Neurology,CA,605-555-4727
2221,Anthony,Perez,1000002221,Dermatology,CA,855-555-9133
2222,Nancy,Martinez,1000002222,Gastroenterology,PA,718-555-2711
2223,Mark,Thomas,1000002223,Gastroenterology,CA,465-555-5692
2224,Donald,Martin,1000002224,General Practice,CA,639-555-8531
2225,Patricia,Williams,1000002225,Dermatology,FL,590-555-9189
2226,Betty,Anderson,1000002226,Dermatology,CA,469-555-4385
2227,Patricia,Gonzalez,1000002227,Pulmonology,NY,245-555-1502
2228,Matthew,Jackson,1000002228,Pulmonology,CA,809-555-9390
2229,Susan,Smith,1000002229,Gastroenterology,IL,382-555-6463
2230,John,Garcia,1000002230,Oncology,CA,377-555-8072
2231,Linda,Jackson,1000002231,Pediatrics,IL,348-555-1011
2232,Sandra,Perez,1000002232,Dermatology,NY,710-555-4536
2233,James,Wilson,1000002233,General Practice,TX,708-555-8041
2234,Linda,Thompson,1000002234,Pulmonology,CO,875-555-7956
2235,Susan,Lopez,1000002235,Urology,TX,591-555-3363
2236,Mary,Moore,1000002236,Endocrinology,PA,750-555-8905
2237,Margaret,Thompson,1000002237,Internal Medicine,CA,717-555-7822
2238,Christopher,Davis,1000002238,Neurology,CA,798-555-3945
2239,Charles,Anderson,1000002239,General Practice,CA,922-555-9511
2240,Mary,Johnson,1000002240,Neurology,TX,944-555-8086
2241,Linda,Taylor,1000002241,Oncology,FL,842-555-4551
2242,Nancy,Smith,1000002242,Pulmonology,CA,932-555-4228
2243,Christopher,Martin,1000002243,Emergency Medicine,FL,393-555-5351
2244,Richard,Johnson,1000002244,Dermatology,CA,465-555-9597
2245,John,Thompson,1000002245,Pulmonology,CA,271-555-7460
2246,David,Perez,1000002246,Pediatrics,WA,679-555-2000
2247,Joseph,Taylor,1000002247,Dermatology,TX,922-555-3051
2248,Linda,Wilson,1000002248,Emergency Medicine,CA,914-555-6055
2249,Anthony,Jackson,1000002249,Psychiatry,AZ,584-555-6796
2250,William,Brown,1000002250,Cardiology,MA,828-555-3057
2251,William,Davis,1000002251,Internal Medicine,CA,203-555-1720
2252,Susan,Taylor,1000002252,Oncology,CA,412-555-6428
2253,Christopher,Perez,1000002253,Pediatrics,TX,799-555-9980
2254,John,Thomas,1000002254,Psychiatry,MA,767-555-8794
2255,Lisa,Davis,1000002255,Endocrinology,AZ,633-555-4960
2256,John,Brown,1000002256,Dermatology,AZ,681-555-9359
2257,Richard,Perez,1000002257,Emergency Medicine,MA,496-555-8867
2258,Matthew,Lopez,1000002258,Internal Medicine,IL,313-555-3130
2259,Karen,Martin,1000002259,Oncology,TX,275-555-4457
2260,Mary,Martin,1000002260,Cardiology,IL,630-555-2113
2261,Patricia,Smith,1000002261,Pediatrics,IL,449-555-2269
2262,Anthony,Martinez,1000002262,Dermatology,WA,629-555-6009
2263,Jennifer,Martin,1000002263,Orthopedics,TX,774-555-9270
2264,Matthew,Anderson,1000002264,Emergency Medicine,WA,524-555-4433
2265,Mark,Miller,1000002265,Internal Medicine,MA,278-555-9642
2266,James,Williams,1000002266,Neurology,AZ,661-555-2460
2267,Patricia,Moore,1000002267,Gastroenterology,TX,516-555-4192
2268,Matthew,Gonzalez,1000002268,Oncology,TX,794-555-9002
2269,Mary,Thomas,1000002269,Pediatrics,CA,346-555-5898
2270,James,Johnson,1000002270,Oncology,WA,409-555-3223
2271,Patricia,Taylor,1000002271,Internal Medicine,CA,271-555-6479
2272,Elizabeth,Wilson,1000002272,Oncology,TX,672-555-7282
2273,Joseph,Lopez,1000002273,Pediatrics,IL,441-555-3063
2274,Donald,Lee,1000002274,Gastroenterology,IL,432-555-5571
2275,James,Thomas,1000002275,Oncology,PA,456-555-6456
2276,Elizabeth,Gonzalez,1000002276,Dermatology,FL,850-555-2868
2277,Anthony,Thomas,1000002277,Oncology,IL,559-555-9287
2278,Betty,Lopez,1000002278,Dermatology,TX,984-555-8995
2279,Thomas,Jackson,1000002279,Psychiatry,TX,943-555-1326
2280,Mark,Smith,1000002280,Pediatrics,CA,412-555-6902
2281,Nancy,Garcia,1000002281,Neurology,MA,657-555-9526
2282,Joseph,Thompson,1000002282,Oncology,CA,413-555-6887
2283,Karen,Smith,1000002283,Cardiology,PA,212-555-7351
2284,Charles,Wilson,1000002284,Gastroenterology,NY,895-555-2212
2285,James,Davis,1000002285,Neurology,CA,207-555-1021
2286,Sandra,Hernandez,1000002286,Pediatrics,AZ,554-555-6923
2287,Robert,Smith,1000002287,Neurology,PA,614-555-7143
2288,Jennifer,Miller,1000002288,Endocrinology,CA,540-555-4164
2289,Lisa,Thompson,1000002289,Endocrinology,TX,435-555-3750
2290,Mark,Jones,1000002290,Oncology,NY,726-555-1060
2291,Nancy,Wilson,1000002291,Endocrinology,TX,563-555-4814
2292,David,Thomas,1000002292,Oncology,NY,584-555-3093
2293,Margaret,Martin,1000002293,Orthopedics,NY,637-555-5263
2294,Karen,Martin,1000002294,Psychiatry,AZ,923-555-7200
2295,Elizabeth,Smith,1000002295,Emergency Medicine,PA,453-555-4286
2296,Christopher,Garcia,1000002296,General Practice,TX,785-555-7669
2297,Lisa,Rodriguez,1000002297,Urology,TX,741-555-1098
2298,Barbara,Williams,1000002298,Gastroenterology,CA,549-555-4365
2299,Sarah,Garcia,1000002299,General Practice,PA,400-555-3781
2300,Nancy,Anderson,1000002300,Oncology,TX,865-555-8698
2301,Robert,Garcia,1000002301,Psychiatry,CA,803-555-8424
2302,Margaret,Wilson,1000002302,Cardiology,TX,389-555-6633
2303,Michael,Gonzalez,1000002303,Dermatology,PA,665-555-1581
2304,Daniel,Davis,1000002304,Oncology,FL,447-555-4038
2305,Matthew,Rodriguez,1000002305,Oncology,CA,202-555-8388
2306,Jessica,Wilson,1000002306,Cardiology,TX,640-555-5399
2307,Charles,Martin,1000002307,Emergency Medicine,CO,450-555-4794
2308,Mark,Smith,1000002308,Cardiology,WA,899-555-5916
2309,Lisa,Rodriguez,1000002309,Dermatology,TX,926-555-7948
2310,Thomas,Anderson,1000002310,Pulmonology,CA,839-555-2199
2311,Susan,Gonzalez,1000002311,Internal Medicine,FL,713-555-1189
2312,Susan,Perez,1000002312,Urology,WA,836-555-7814
2313,John,Thomas,1000002313,Dermatology,MA,586-555-4322
2314,Daniel,Gonzalez,1000002314,Oncology,TX,777-555-3137
2315,Donald,Wilson,1000002315,Pediatrics,FL,478-555-4845
2316,Robert,Perez,1000002316,Neurology,NY,559-555-8627
2317,Michael,Martin,1000002317,Endocrinology,TX,460-555-6365
2318,Patricia,Wilson,1000002318,General Practice,WA,521-555-8549
2319,James,Anderson,1000002319,Internal Medicine,TX,293-555-5312
2320,John,Davis,1000002320,Pediatrics,TX,889-555-4880
2321,Robert,Rodriguez,1000002321,General Practice,NY,435-555-8382
2322,Christopher,Williams,1000002322,Oncology,PA,236-555-6221
2323,Jessica,Garcia,1000002323,Internal Medicine,CA,243-555-5108
2324,Jennifer,Thomas,1000002324,Pulmonology,CA,980-555-3390
2325,John,Garcia,1000002325,Urology,MA,494-555-6462
2326,Mary,Anderson,1000002326,Gastroenterology,TX,225-555-3798
2327,Sandra,Martinez,1000002327,Internal Medicine,MA,532-555-6316
2328,Charles,Davis,1000002328,Pediatrics,NY,497-555-8679
2329,David,Perez,1000002329,Gastroenterology,TX,759-555-1409
2330,William,Martinez,1000002330,Emergency Medicine,CA,987-555-3168
2331,Richard,Williams,1000002331,Emergency Medicine,CO,522-555-6968
2332,Mark,Anderson,1000002332,Dermatology,MA,861-555-3113
2333,Daniel,Lopez,1000002333,Oncology,TX,265-555-2979
2334,Susan,Martin,1000002334,Oncology,MA,691-555-2705
2335,David,Anderson,1000002335,Gastroenterology,PA,605-555-4455
2336,Patricia,Johnson,1000002336,General Practice,TX,233-555-3325
2337,Patricia,Thompson,1000002337,Pediatrics,CO,353-555-3470
2338,Mark,Lopez,1000002338,Dermatology,NY,303-555-6938
2339,Betty,Anderson,1000002339,Cardiology,MA,435-555-4814
2340,Mark,Martin,1000002340,Urology,FL,494-555-2462
2341,Margaret,Rodriguez,1000002341,Internal Medicine,TX,572-555-2664
2342,Jennifer,Anderson,1000002342,Psychiatry,PA,573-555-9693
2343,Donald,Thompson,1000002343,Pediatrics,CA,922-555-2098
2344,Margaret,Hernandez,1000002344,Emergency Medicine,CA,537-555-6334
2345,Karen,Jones,1000002345,Dermatology,MA,442-555-1116
2346,Margaret,Martinez,1000002346,Psychiatry,CO,220-555-5556
2347,Jessica,Martinez,1000002347,Internal Medicine,CA,793-555-9399
2348,Susan,Brown,1000002348,Orthopedics,IL,240-555-4986
2349,Michael,Miller,1000002349,Pulmonology,CO,791-555-8306
2350,Joseph,Martin,1000002350,Orthopedics,IL,452-555-4551
2351,Thomas,Johnson,1000002351,Gastroenterology,AZ,494-555-6225
2352,Karen,Martin,1000002352,Neurology,AZ,509-555-4592
2353,William,Moore,1000002353,Psychiatry,IL,335-555-9969
2354,Donald,Davis,1000002354,Oncology,TX,307-555-5435
2355,James,Anderson,1000002355,Emergency Medicine,MA,254-555-9970
2356,Jennifer,Williams,1000002356,Emergency Medicine,FL,213-555-2027
2357,James,Jones,1000002357,General Practice,CA,487-555-6314
2358,Daniel,Johnson,1000002358,Orthopedics,MA,420-555-7844
2359,Anthony,Williams,1000002359,Neurology,PA,984-555-3207
2360,Daniel,Gonzalez,1000002360,Oncology,CO,717-555-1762
2361,Betty,Jackson,1000002361,Cardiology,AZ,884-555-7824
2362,Daniel,Jackson,1000002362,Internal Medicine,NY,686-555-2572
2363,Patricia,Hernandez,1000002363,Psychiatry,AZ,332-555-9354
2364,Mark,Moore,1000002364,Emergency Medicine,WA,736-555-7205
2365,Ashley,Martin,1000002365,Urology,TX,551-555-7131
2366,Jessica,Garcia,1000002366,Cardiology,FL,631-555-6415
2367,Christopher,Jackson,1000002367,Pediatrics,PA,263-555-2659
2368,Anthony,Thompson,1000002368,Orthopedics,TX,764-555-6465
2369,David,Wilson,1000002369,Pulmonology,CO,228-555-1759
2370,William,Moore,1000002370,Emergency Medicine,CA,665-555-9113
2371,Thomas,Thomas,1000002371,General Practice,NY,983-555-5081
2372,Joseph,Williams,1000002372,Orthopedics,CA,521-555-7151
2373,Mary,Jones,1000002373,General Practice,CO,316-555-4236
2374,Charles,Brown,1000002374,Orthopedics,TX,935-555-9007
2375,Robert,Jackson,1000002375,Psychiatry,IL,332-555-3566
2376,Jessica,Rodriguez,1000002376,Dermatology,FL,384-555-2450
2377,Mark,Moore,1000002377,Cardiology,IL,790-555-7933
2378,Susan,Johnson,1000002378,Dermatology,PA,624-555-3282
2379,Ashley,Hernandez,1000002379,Emergency Medicine,NY,689-555-8704
2380,Joseph,Martinez,1000002380,Pediatrics,WA,650-555-2915
2381,Elizabeth,Lopez,1000002381,Orthopedics,NY,773-555-7045
2382,James,Jackson,1000002382,Emergency Medicine,CA,779-555-6195
2383,Mark,Rodriguez,1000002383,Internal Medicine,MA,206-555-4009
2384,Patricia,Taylor,1000002384,Oncology,AZ,684-555-2391
2385,Susan,Davis,1000002385,Pediatrics,WA,623-555-4569
2386,Robert,Brown,1000002386,General Practice,PA,885-555-2462
2387,Mary,Moore,1000002387,Pulmonology,NY,240-555-9048
2388,Barbara,Jackson,1000002388,Psychiatry,NY,609-555-4672
2389,Mark,Taylor,1000002389,Pediatrics,IL,988-555-9339
2390,Karen,Gonzalez,1000002390,General Practice,TX,805-555-8286
2391,Barbara,Miller,1000002391,General Practice,MA,905-555-6430
2392,Ashley,Anderson,1000002392,Oncology,IL,485-555-9327
2393,Elizabeth,Lee,1000002393,Neurology,CA,781-555-4311
2394,Jennifer,Lee,1000002394,Pulmonology,CO,983-555-4648
2395,Joseph,Jones,1000002395,Pulmonology,CA,760-555-7663
2396,William,Martin,1000002396,Endocrinology,CO,404-555-2601
2397,Margaret,Thomas,1000002397,Pulmonology,MA,431-555-6311
2398,William,Jackson,1000002398,Pediatrics,TX,634-555-6836
2399,Joseph,Miller,1000002399,Internal Medicine,TX,731-555-7071
2400,Joseph,Wilson,1000002400,Neurology,CA,841-555-3709
2401,Nancy,Smith,1000002401,Endocrinology,FL,525-555-5763
2402,Anthony,Wilson,1000002402,General Practice,CO,393-555-4134
2403,James,Jackson,1000002403,Gastroenterology,TX,503-555-5126
2404,Robert,Davis,1000002404,Neurology,AZ,532-555-7201
2405,Susan,Smith,1000002405,Cardiology,MA,588-555-6496
2406,Michael,Moore,1000002406,Internal Medicine,TX,572-555-2502
2407,Thomas,Perez,1000002407,Orthopedics,CO,999-555-6930
2408,Richard,Martin,1000002408,Emergency Medicine,PA,784-555-1118
2409,Thomas,Davis,1000002409,Pulmonology,WA,702-555-1143
2410,Sandra,Martinez,1000002410,Orthopedics,CO,769-555-9813
2411,Susan,Perez,1000002411,Pediatrics,TX,465-555-6794
2412,Elizabeth,Thomas,1000002412,Psychiatry,TX,205-555-1913
2413,William,Garcia,1000002413,Psychiatry,TX,616-555-2166
2414,Donald,Gonzalez,1000002414,Pediatrics,TX,538-555-4876
2415,Robert,Davis,1000002415,Cardiology,CO,439-555-1997
2416,Christopher,Williams,1000002416,Orthopedics,TX,694-555-6413
2417,Margaret,Thompson,1000002417,Urology,PA,354-555-7019
2418,Daniel,Miller,1000002418,Neurology,CA,266-555-8802
2419,Linda,Gonzalez,1000002419,Oncology,TX,889-555-3692
2420,Robert,Brown,1000002420,General Practice,TX,478-555-2109
2421,Mark,Williams,1000002421,Urology,TX,203-555-1343
2422,James,Davis,1000002422,Urology,TX,777-555-4931
2423,Nancy,Thompson,1000002423,General Practice,AZ,944-555-3919
2424,Richard,Anderson,1000002424,General Practice,CA,644-555-2535
2425,Michael,Garcia,1000002425,Gastroenterology,AZ,215-555-8063
2426,Mary,Jones,1000002426,Endocrinology,MA,296-555-6899
2427,Sarah,Anderson,1000002427,Internal Medicine,CA,703-555-4299
2428,John,Perez,1000002428,Internal Medicine,WA,275-555-1895
2429,Sandra,Miller,1000002429,Cardiology,AZ,227-555-8577
2430,Daniel,Gonzalez,1000002430,Dermatology,TX,515-555-9920
2431,Linda,Moore,1000002431,Gastroenterology,TX,865-555-2204
2432,Donald,Jones,1000002432,Urology,TX,307-555-7633
2433,John,Jackson,1000002433,Psychiatry,AZ,887-555-2165
2434,Thomas,Martin,1000002434,Pediatrics,IL,790-555-4863
2435,Susan,Brown,1000002435,Cardiology,TX,364-555-6290
2436,Daniel,Garcia,1000002436,Neurology,IL,724-555-1093
2437,Nancy,Brown,1000002437,Endocrinology,MA,471-555-3788
2438,Margaret,Thomas,1000002438,Neurology,CA,367-555-6267
2439,John,Hernandez,1000002439,Psychiatry,FL,921-555-6724
2440,Barbara,Lee,1000002440,Orthopedics,TX,829-555-7438
2441,Patricia,Martinez,1000002441,Orthopedics,IL,959-555-9360
2442,Anthony,Lopez,1000002442,Neurology,IL,667-555-3711
2443,Daniel,Thomas,1000002443,General Practice,PA,327-555-3240
2444,David,Perez,1000002444,Pulmonology,CO,595-555-1743
2445,Patricia,Lee,1000002445,Gastroenterology,TX,465-555-8581
2446,Elizabeth,Garcia,1000002446,General Practice,CO,374-555-8900
2447,Charles,Miller,1000002447,Psychiatry,TX,258-555-7910
2448,Thomas,Gonzalez,1000002448,Pediatrics,TX,351-555-3130
2449,Mark,Thomas,1000002449,Orthopedics,CO,776-555-5668
2450,Lisa,Thomas,1000002450,Gastroenterology,IL,382-555-6037
2451,Christopher,Moore,1000002451,Dermatology,PA,918-555-2146
2452,Sandra,Wilson,1000002452,Internal Medicine,TX,457-555-6065
2453,Donald,Hernandez,1000002453,Psychiatry,IL,432-555-4493
2454,Margaret,Miller,1000002454,Dermatology,NY,964-555-2820
2455,Christopher,Martinez,1000002455,Emergency Medicine,TX,908-555-4517
2456,Betty,Smith,1000002456,Psychiatry,MA,843-555-7172
2457,Karen,Martinez,1000002457,Psychiatry,CO,638-555-7190
2458,Susan,Thomas,1000002458,Oncology,PA,644-555-6655
2459,Jennifer,Smith,1000002459,Endocrinology,TX,281-555-7624
2460,Jessica,Taylor,1000002460,Psychiatry,IL,715-555-6352
2461,Elizabeth,Smith,1000002461,Pulmonology,TX,378-555-2095
2462,Christopher,Miller,1000002462,Psychiatry,IL,778-555-1448
2463,Christopher,Johnson,1000002463,Dermatology,TX,979-555-5202
2464,Margaret,Anderson,1000002464,Pulmonology,PA,555-555-9767
2465,Margaret,Davis,1000002465,Internal Medicine,TX,235-555-3050
2466,Margaret,Gonzalez,1000002466,Internal Medicine,CO,869-555-6602
2467,Christopher,Martin,1000002467,Internal Medicine,TX,604-555-7702
2468,Margaret,Martin,1000002468,Emergency Medicine,CO,420-555-5401
2469,David,Moore,1000002469,Cardiology,TX,918-555-1972
2470,Mary,Miller,1000002470,Oncology,TX,720-555-1236
2471,Robert,Taylor,1000002471,Cardiology,WA,404-555-4703
2472,Charles,Miller,1000002472,Oncology,CO,866-555-7601
2473,Robert,Martinez,1000002473,Gastroenterology,WA,639-555-4338
2474,David,Gonzalez,1000002474,Emergency Medicine,CO,298-555-2094
2475,Elizabeth,Wilson,1000002475,Cardiology,TX,280-555-1587
2476,John,Gonzalez,1000002476,Gastroenterology,AZ,984-555-9747
2477,Elizabeth,Hernandez,1000002477,Internal Medicine,FL,873-555-9603
2478,Michael,Thomas,1000002478,Dermatology,CA,832-555-6133
2479,Thomas,Williams,1000002479,General Practice,CO,251-555-3313
2480,Margaret,Martin,1000002480,Orthopedics,TX,476-555-8189
2481,Ashley,Miller,1000002481,Gastroenterology,IL,400-555-1879
2482,Christopher,Wilson,1000002482,Pulmonology,TX,580-555-4611
2483,Anthony,Thompson,1000002483,Endocrinology,NY,673-555-5724
2484,Charles,Thomas,1000002484,Cardiology,AZ,957-555-2961
2485,Mary,Rodriguez,1000002485,Gastroenterology,NY,443-555-2215
2486,Richard,Taylor,1000002486,Neurology,CA,387-555-5431
2487,Michael,Moore,1000002487,Internal Medicine,PA,608-555-1413
2488,Mary,Martinez,1000002488,Pulmonology,PA,807-555-5201
2489,Barbara,Anderson,1000002489,Dermatology,CA,273-555-9814
2490,Sarah,Lopez,1000002490,Oncology,IL,854-555-1608
2491,Anthony,Miller,1000002491,Pediatrics,CO,871-555-5500
2492,William,Garcia,1000002492,Urology,MA,535-555-7594
2493,Karen,Davis,1000002493,Internal Medicine,CA,670-555-2315
2494,Margaret,Lee,1000002494,Neurology,CA,509-555-8116
2495,Mark,Jones,1000002495,Pediatrics,CA,958-555-9791
2496,Mary,Taylor,1000002496,Cardiology,AZ,472-555-6629
2497,Susan,Jones,1000002497,Orthopedics,AZ,549-555-4499
2498,Richard,Smith,1000002498,Internal Medicine,TX,969-555-6770
2499,Richard,Thomas,1000002499,Urology,WA,785-555-6676
2500,Susan,Gonzalez,1000002500,Psychiatry,TX,262-555-9892
2501,Michael,Brown,1000002501,Neurology,TX,376-555-6270
2502,Betty,Thomas,1000002502,Psychiatry,TX,381-555-7023
2503,Margaret,Martin,1000002503,Gastroenterology,CO,578-555-3321
2504,Karen,Miller,1000002504,Gastroenterology,TX,675-555-4896
2505,Linda,Taylor,1000002505,Cardiology,PA,917-555-6460
2506,Joseph,Jones,1000002506,Psychiatry,MA,551-555-7334
2507,Thomas,Thompson,1000002507,Urology,CA,677-555-8668
2508,Christopher,Smith,1000002508,Neurology,TX,892-555-9595
2509,Barbara,Garcia,1000002509,General Practice,IL,664-555-7227
2510,Jessica,Jackson,1000002510,Cardiology,TX,948-555-1667
2511,William,Miller,1000002511,Urology,TX,660-555-7041
2512,William,Gonzalez,1000002512,Emergency Medicine,TX,948-555-9063
2513,Charles,Rodriguez,1000002513,General Practice,CA,731-555-2024
2514,Linda,Hernandez,1000002514,Neurology,CO,752-555-1923
2515,Matthew,Rodriguez,1000002515,Gastroenterology,WA,639-555-7059
2516,Donald,Thompson,1000002516,Psychiatry,NY,241-555-5158
2517,Elizabeth,Jackson,1000002517,Internal Medicine,WA,863-555-9444
2518,Mark,Garcia,1000002518,Urology,CA,869-555-2091
2519,Matthew,Hernandez,1000002519,Endocrinology,TX,997-555-9136
2520,Charles,Miller,1000002520,Internal Medicine,CA,877-555-2184
2521,Linda,Davis,1000002521,Internal Medicine,CA,440-555-4481
2522,Lisa,Brown,1000002522,Psychiatry,MA,740-555-9831
2523,Richard,Smith,1000002523,General Practice,CA,284-555-7494
2524,Mark,Gonzalez,1000002524,General Practice,NY,279-555-2631
2525,Sarah,Jones,1000002525,Pediatrics,AZ,657-555-8639
2526,Donald,Wilson,1000002526,Emergency Medicine,CA,830-555-2602
2527,Michael,Perez,1000002527,Endocrinology,CA,245-555-9000
2528,Sarah,Gonzalez,1000002528,Psychiatry,CO,278-555-9724
2529,Linda,Lopez,1000002529,Gastroenterology,TX,248-555-4205
2530,Richard,Garcia,1000002530,Cardiology,TX,469-555-5135
2531,Christopher,Wilson,1000002531,Endocrinology,CA,765-555-6242
2532,Lisa,Garcia,1000002532,Orthopedics,MA,315-555-1975
2533,Mark,Martinez,1000002533,Urology,AZ,343-555-6248
2534,Donald,Jackson,1000002534,Neurology,WA,532-555-7377
2535,Thomas,Rodriguez,1000002535,Cardiology,IL,657-555-7655
2536,Betty,Anderson,1000002536,Emergency Medicine,CA,831-555-5278
2537,Thomas,Williams,1000002537,Gastroenterology,WA,463-555-5585
2538,David,Martin,1000002538,Urology,MA,451-555-9568
2539,Elizabeth,Jones,1000002539,Neurology,IL,486-555-7851
2540,Ashley,Williams,1000002540,Emergency Medicine,TX,814-555-9399
2541,Nancy,Brown,1000002541,Internal Medicine,TX,306-555-1743
2542,Robert,Davis,1000002542,Urology,CA,325-555-8850
2543,Ashley,Williams,1000002543,Gastroenterology,TX,910-555-5504
2544,Lisa,Jackson,1000002544,Emergency Medicine,TX,715-555-4539
2545,Linda,Johnson,1000002545,Gastroenterology,TX,840-555-3820
2546,Karen,Wilson,1000002546,Psychiatry,TX,658-555-5696
2547,Richard,Martinez,1000002547,Internal Medicine,NY,446-555-9019
2548,Anthony,Lee,1000002548,Emergency Medicine,FL,248-555-5893
2549,Donald,Brown,1000002549,Orthopedics,CA,773-555-2407
2550,Susan,Perez,1000002550,Pediatrics,MA,931-555-9675
2551,Jessica,Garcia,1000002551,Oncology,TX,283-555-4093
2552,Mark,Thompson,1000002552,General Practice,TX,704-555-4606
2553,Donald,Thomas,1000002553,Urology,FL,442-555-2531
2554,John,Perez,1000002554,Emergency Medicine,CA,997-555-3663
2555,Mary,Moore,1000002555,Emergency Medicine,PA,505-555-9581
2556,Mary,Rodriguez,1000002556,Oncology,AZ,953-555-8976
2557,Mary,Perez,1000002557,Neurology,TX,383-555-1934
2558,Sandra,Martin,1000002558,Gastroenterology,TX,415-555-2916
2559,Richard,Lopez,1000002559,Internal Medicine,WA,749-555-4415
2560,John,Taylor,1000002560,Pediatrics,CO,799-555-6375
2561,John,Williams,1000002561,Emergency Medicine,TX,336-555-7070
2562,Margaret,Smith,1000002562,Neurology,TX,525-555-9449
2563,Sandra,Johnson,1000002563,Urology,PA,514-555-5524
2564,Thomas,Brown,1000002564,Orthopedics,TX,812-555-3715
2565,Anthony,Wilson,1000002565,Gastroenterology,CA,545-555-3908
2566,Anthony,Brown,1000002566,Emergency Medicine,TX,561-555-5264
2567,Jessica,Martinez,1000002567,Urology,CA,457-555-2973
2568,Karen,Smith,1000002568,Emergency Medicine,CO,579-555-5014
2569,Nancy,Smith,1000002569,Neurology,CA,986-555-8515
2570,Matthew,Perez,1000002570,Orthopedics,CA,591-555-7283
2571,Richard,Jackson,1000002571,General Practice,CA,860-555-2152
2572,Barbara,Thompson,1000002572,Pediatrics,TX,645-555-8059
2573,Susan,Hernandez,1000002573,Oncology,TX,528-555-4943
2574,James,Anderson,1000002574,Urology,WA,306-555-5488
2575,Linda,Taylor,1000002575,Cardiology,TX,969-555-8100
2576,David,Jackson,1000002576,Neurology,NY,735-555-8552
2577,James,Garcia,1000002577,Endocrinology,MA,458-555-2581
2578,Ashley,Brown,1000002578,Endocrinology,MA,613-555-1047
2579,John,Martin,1000002579,Endocrinology,IL,319-555-4281
2580,Thomas,Garcia,1000002580,Dermatology,PA,938-555-2021
2581,Sarah,Taylor,1000002581,Urology,CA,409-555-2815
2582,William,Miller,1000002582,Cardiology,TX,935-555-3122
2583,Joseph,Thompson,1000002583,Pulmonology,NY,270-555-5726
2584,Lisa,Miller,1000002584,General Practice,CA,344-555-7200
2585,Karen,Jones,1000002585,General Practice,CA,786-555-7421
2586,Thomas,Anderson,1000002586,Cardiology,IL,512-555-1019
2587,William,Johnson,1000002587,Endocrinology,TX,934-555-5295
2588,Patricia,Lopez,1000002588,Dermatology,PA,222-555-2474
2589,Robert,Garcia,1000002589,Orthopedics,NY,245-555-1268
2590,Elizabeth,Thompson,1000002590,Pediatrics,TX,634-555-7925
2591,Joseph,Jones,1000002591,Neurology,TX,956-555-6274
2592,Christopher,Lopez,1000002592,Urology,AZ,264-555-4868
2593,Sandra,Perez,1000002593,Pediatrics,PA,283-555-5707
2594,Jennifer,Jackson,1000002594,General Practice,CO,773-555-8000
2595,Mark,Thompson,1000002595,Dermatology,PA,977-555-5132
2596,Sarah,Wilson,1000002596,Emergency Medicine,TX,622-555-2014
2597,Sandra,Martinez,1000002597,Oncology,TX,628-555-2008
2598,Daniel,Taylor,1000002598,General Practice,CA,991-555-6893
2599,Mark,Miller,1000002599,Endocrinology,CO,500-555-9862
2600,Donald,Lee,1000002600,Psychiatry,MA,918-555-3068
2601,David,Rodriguez,1000002601,Oncology,TX,998-555-6215
2602,Mark,Garcia,1000002602,Cardiology,MA,532-555-1407
2603,Patricia,Williams,1000002603,Cardiology,TX,294-555-7403
2604,Michael,Moore,1000002604,Emergency Medicine,WA,862-555-2242
2605,David,Wilson,1000002605,Pediatrics,MA,249-555-8506
2606,Susan,Davis,1000002606,Oncology,TX,544-555-9766
2607,James,Brown,1000002607,Oncology,IL,258-555-9891
2608,Donald,Williams,1000002608,Pediatrics,WA,912-555-8208
2609,Matthew,Gonzalez,1000002609,Endocrinology,MA,736-555-7479
2610,Ashley,Lee,1000002610,Emergency Medicine,TX,211-555-2527
2611,Betty,Miller,1000002611,Endocrinology,TX,388-555-2922
2612,Michael,Taylor,1000002612,Endocrinology,TX,662-555-2035
2613,Thomas,Thomas,1000002613,General Practice,NY,209-555-4261
2614,Charles,Lopez,1000002614,General Practice,IL,772-555-5980
2615,Patricia,Gonzalez,1000002615,Orthopedics,PA,966-555-8730
2616,Charles,Miller,1000002616,Pediatrics,WA,760-555-4934
2617,Richard,Jackson,1000002617,Urology,MA,841-555-4461
2618,Matthew,Taylor,1000002618,Emergency Medicine,AZ,551-555-3096
2619,Patricia,Martinez,1000002619,Psychiatry,TX,463-555-4511
2620,Susan,Moore,1000002620,Neurology,TX,789-555-8157
2621,Jennifer,Jones,1000002621,Cardiology,PA,449-555-9665
2622,Thomas,Martinez,1000002622,Pulmonology,TX,338-555-8127
2623,Christopher,Garcia,1000002623,Neurology,TX,398-555-7682
2624,Karen,Smith,1000002624,Neurology,IL,612-555-6107
2625,Daniel,Miller,1000002625,Internal Medicine,NY,837-555-7038
2626,Jennifer,Taylor,1000002626,Oncology,TX,559-555-2906
2627,Donald,Thomas,1000002627,Urology,MA,819-555-6822
2628,Thomas,Moore,1000002628,Emergency Medicine,CA,881-555-4059
2629,Mary,Gonzalez,1000002629,Psychiatry,CA,801-555-3743
2630,Sarah,Garcia,1000002630,General Practice,CA,829-555-2837
2631,Margaret,Taylor,1000002631,Emergency Medicine,TX,941-555-2853
2632,Ashley,Moore,1000002632,Dermatology,TX,279-555-1835
2633,Donald,Davis,1000002633,Oncology,TX,452-555-3261
2634,Sandra,Thompson,1000002634,Pulmonology,TX,306-555-3854
2635,Christopher,Rodriguez,1000002635,Neurology,NY,950-555-7117
2636,Charles,Davis,1000002636,Cardiology,TX,896-555-4751
2637,Michael,Anderson,1000002637,Gastroenterology,CA,281-555-8614
2638,Ashley,Wilson,1000002638,Cardiology,TX,951-555-6731
2639,Jessica,Johnson,1000002639,Pediatrics,CO,776-555-8671
2640,David,Hernandez,1000002640,General Practice,TX,802-555-8474
2641,Karen,Martin,1000002641,Pediatrics,AZ,531-555-9939
2642,William,Gonzalez,1000002642,General Practice,TX,754-555-5051
2643,Barbara,Perez,1000002643,Pulmonology,MA,995-555-1383
2644,Lisa,Anderson,1000002644,Pediatrics,FL,303-555-3465
2645,Lisa,Williams,1000002645,Oncology,CA,745-555-4713
2646,David,Lee,1000002646,Emergency Medicine,CA,918-555-1300
2647,Barbara,Jones,1000002647,Oncology,AZ,592-555-9645
2648,Linda,Johnson,1000002648,Endocrinology,CA,883-555-1549
2649,Karen,Thomas,1000002649,Dermatology,AZ,564-555-5514
2650,Ashley,Thomas,1000002650,Endocrinology,CA,988-555-6234
2651,James,Lopez,1000002651,Gastroenterology,IL,476-555-1507
2652,Michael,Anderson,1000002652,Oncology,CA,968-555-7318
2653,Donald,Thomas,1000002653,Psychiatry,NY,898-555-2946
2654,Christopher,Lee,1000002654,Internal Medicine,TX,975-555-5928
2655,Sarah,Moore,1000002655,Gastroenterology,TX,906-555-1170
2656,Christopher,Perez,1000002656,Neurology,AZ,802-555-9736
2657,Sandra,Garcia,1000002657,Gastroenterology,CA,635-555-8755
2658,John,Anderson,1000002658,Gastroenterology,IL,519-555-1277
2659,John,Lopez,1000002659,Endocrinology,AZ,397-555-4371
2660,Patricia,Thomas,1000002660,Oncology,TX,777-555-7353
2661,Charles,Lopez,1000002661,General Practice,FL,375-555-7193
2662,Barbara,Brown,1000002662,Orthopedics,PA,609-555-7428
2663,Daniel,Brown,1000002663,Dermatology,CA,357-555-9134
2664,David,Johnson,1000002664,General Practice,WA,847-555-1733
2665,Patricia,Rodriguez,1000002665,Orthopedics,NY,347-555-1410
2666,Matthew,Williams,1000002666,Emergency Medicine,CA,896-555-3129
2667,Matthew,Lee,1000002667,General Practice,CA,959-555-3924
2668,David,Hernandez,1000002668,Orthopedics,CA,433-555-6307
2669,Sarah,Williams,1000002669,Pediatrics,CO,630-555-4150
2670,Mary,Brown,1000002670,General Practice,WA,253-555-6312
2671,Margaret,Thomas,1000002671,Urology,TX,257-555-1424
2672,Joseph,Johnson,1000002672,Pulmonology,CA,770-555-1231
2673,Daniel,Smith,1000002673,Neurology,CA,797-555-5095
2674,Matthew,Thompson,1000002674,Internal Medicine,TX,826-555-2652
2675,Linda,Williams,1000002675,Cardiology,TX,667-555-4874
2676,Sandra,Williams,1000002676,Pediatrics,MA,627-555-2436
2677,Ashley,Smith,1000002677,Internal Medicine,WA,915-555-9336
2678,Mary,Thomas,1000002678,Pediatrics,NY,245-555-8931
2679,Mary,Perez,1000002679,Cardiology,TX,661-555-7639
2680,Jessica,Taylor,1000002680,Pulmonology,WA,484-555-1230
2681,Mark,Wilson,1000002681,Urology,NY,951-555-9555
2682,Matthew,Lopez,1000002682,Pediatrics,WA,724-555-3563
2683,Barbara,Davis,1000002683,Neurology,CA,269-555-7530
2684,Nancy,Lopez,1000002684,Gastroenterology,TX,440-555-5089
2685,Sandra,Perez,1000002685,Gastroenterology,TX,820-555-8564
2686,Jessica,Thomas,1000002686,Pediatrics,FL,486-555-3788
2687,Robert,Perez,1000002687,Pediatrics,AZ,329-555-3800
2688,Nancy,Martin,1000002688,Urology,FL,349-555-7661
2689,Joseph,Lopez,1000002689,Gastroenterology,CA,919-555-9133
2690,Mary,Gonzalez,1000002690,Gastroenterology,MA,464-555-2414
2691,Sandra,Wilson,1000002691,Pediatrics,CA,374-555-7258
2692,Daniel,Thomas,1000002692,Psychiatry,AZ,792-555-6636
2693,Donald,Miller,1000002693,Oncology,CA,858-555-9360
2694,Anthony,Miller,1000002694,Dermatology,TX,996-555-5248
2695,Christopher,Garcia,1000002695,Dermatology,TX,660-555-6671
2696,Daniel,Brown,1000002696,Endocrinology,NY,294-555-6577
2697,Elizabeth,Wilson,1000002697,Neurology,CO,224-555-1040
2698,Donald,Thomas,1000002698,Oncology,TX,381-555-9897
2699,Christopher,Lee,1000002699,Internal Medicine,WA,265-555-8572
2700,Joseph,Smith,1000002700,Urology,NY,892-555-7608
2701,Susan,Moore,1000002701,Emergency Medicine,NY,911-555-1439
2702,Daniel,Miller,1000002702,Dermatology,TX,447-555-7644
2703,Mark,Anderson,1000002703,Orthopedics,CA,610-555-1700
2704,Sarah,Anderson,1000002704,Emergency Medicine,WA,416-555-4899
2705,Sandra,Perez,1000002705,Neurology,MA,484-555-7729
2706,Donald,Perez,1000002706,Oncology,CA,908-555-3875
2707,James,Moore,1000002707,Endocrinology,TX,991-555-7360
2708,William,Jackson,1000002708,Cardiology,AZ,345-555-9265
2709,Betty,Gonzalez,1000002709,Emergency Medicine,NY,274-555-8656
2710,Elizabeth,Smith,1000002710,Orthopedics,CA,442-555-3012
2711,Nancy,Thomas,1000002711,Psychiatry,WA,559-555-6733
2712,Elizabeth,Hernandez,1000002712,General Practice,NY,225-555-8716
2713,Mark,Hernandez,1000002713,Endocrinology,AZ,328-555-3142
2714,Anthony,Hernandez,1000002714,Oncology,TX,488-555-7252
2715,Donald,Martin,1000002715,Pulmonology,CO,436-555-6652
2716,Mary,Lee,1000002716,Dermatology,CA,591-555-4952
2717,Susan,Davis,1000002717,Urology,CO,689-555-8497
2718,Robert,Garcia,1000002718,General Practice,CA,937-555-1437
2719,David,Martin,1000002719,Pulmonology,TX,773-555-6719
2720,Elizabeth,Smith,1000002720,Cardiology,WA,557-555-2313
2721,Donald,Lopez,1000002721,Internal Medicine,PA,430-555-7397
2722,Barbara,Garcia,1000002722,Gastroenterology,IL,514-555-1697
2723,Sarah,Moore,1000002723,Pulmonology,CA,918-555-4760
2724,Linda,Jackson,1000002724,Pulmonology,IL,595-555-6099
2725,John,Davis,1000002725,Gastroenterology,FL,262-555-3483
2726,Richard,Wilson,1000002726,Dermatology,PA,255-555-8601
2727,Joseph,Garcia,1000002727,Pediatrics,AZ,539-555-3780
2728,Linda,Gonzalez,1000002728,Psychiatry,CO,868-555-8608
2729,Margaret,Thompson,1000002729,Dermatology,TX,601-555-1976
2730,Daniel,Thomas,1000002730,Endocrinology,TX,268-555-8867
2731,Karen,Jones,1000002731,Pulmonology,TX,237-555-8737
2732,Betty,Rodriguez,1000002732,Oncology,PA,263-555-3396
2733,Patricia,Smith,1000002733,Neurology,CA,615-555-4900
2734,Anthony,Jones,1000002734,Pediatrics,CO,871-555-2906
2735,Elizabeth,Jackson,1000002735,Emergency Medicine,MA,808-555-5286
2736,Patricia,Garcia,1000002736,Cardiology,CA,241-555-5693
2737,Anthony,Brown,1000002737,Gastroenterology,AZ,292-555-4843
2738,Jessica,Anderson,1000002738,Orthopedics,MA,865-555-4341
2739,Sandra,Lee,1000002739,Endocrinology,CA,461-555-7426
2740,Thomas,Johnson,1000002740,General Practice,CA,412-555-1789
2741,Susan,Jones,1000002741,Dermatology,TX,977-555-8224
2742,Margaret,Martin,1000002742,Pediatrics,FL,973-555-3071
2743,Patricia,Lee,1000002743,Neurology,CA,883-555-4581
2744,Thomas,Anderson,1000002744,Orthopedics,TX,998-555-6233
2745,Sarah,Martin,1000002745,Internal Medicine,WA,852-555-6773
2746,Karen,Martinez,1000002746,Pediatrics,TX,829-555-6257
2747,Linda,Jones,1000002747,Pulmonology,AZ,986-555-7737
2748,Sandra,Rodriguez,1000002748,Cardiology,CA,399-555-2519
2749,Matthew,Taylor,1000002749,Psychiatry,WA,979-555-7345
2750,Jennifer,Anderson,1000002750,Orthopedics,CA,428-555-8664
2751,Ashley,Jackson,1000002751,General Practice,CA,303-555-1276
2752,Jessica,Davis,1000002752,Psychiatry,NY,421-555-1535
2753,Jessica,Lopez,1000002753,Pulmonology,TX,663-555-4315
2754,Mark,Johnson,1000002754,Pediatrics,MA,530-555-5584
2755,Daniel,Williams,1000002755,Psychiatry,TX,309-555-6421
2756,Barbara,Gonzalez,1000002756,Pediatrics,CO,972-555-3993
2757,Michael,Miller,1000002757,Oncology,PA,955-555-5728
2758,James,Taylor,1000002758,Urology,CA,507-555-9647
2759,Mary,Hernandez,1000002759,Emergency Medicine,TX,908-555-2005
2760,Ashley,Perez,1000002760,Psychiatry,TX,339-555-3659
2761,Mark,Davis,1000002761,Pulmonology,CA,345-555-3417
2762,James,Hernandez,1000002762,Endocrinology,IL,747-555-3310
2763,Susan,Miller,1000002763,Urology,FL,364-555-9912
2764,Elizabeth,Davis,1000002764,Emergency Medicine,NY,679-555-2685
2765,Elizabeth,Thompson,1000002765,Internal Medicine,TX,317-555-2330
2766,Thomas,Williams,1000002766,Gastroenterology,TX,422-555-1254
2767,Donald,Miller,1000002767,Dermatology,NY,938-555-6189
2768,Linda,Smith,1000002768,Pulmonology,CO,270-555-5501
2769,Ashley,Perez,1000002769,General Practice,CO,605-555-1233
2770,Donald,Gonzalez,1000002770,Dermatology,TX,863-555-6232
2771,Susan,Taylor,1000002771,Gastroenterology,AZ,208-555-9575
2772,Betty,Jackson,1000002772,Endocrinology,CA,431-555-7681
2773,Michael,Thompson,1000002773,Psychiatry,CA,930-555-5831
2774,Nancy,Taylor,1000002774,Psychiatry,TX,506-555-8459
2775,Sarah,Gonzalez,1000002775,Psychiatry,TX,876-555-7482
2776,John,Martin,1000002776,Neurology,CA,838-555-2036
2777,Michael,Wilson,1000002777,Pediatrics,IL,973-555-5420
2778,Donald,Smith,1000002778,Cardiology,TX,629-555-2628
2779,Donald,Taylor,1000002779,Emergency Medicine,CA,238-555-1796
2780,Margaret,Moore,1000002780,Psychiatry,TX,817-555-3245
2781,Daniel,Garcia,1000002781,Internal Medicine,TX,987-555-6985
2782,Jennifer,Jackson,1000002782,Urology,WA,751-555-5140
2783,Linda,Thomas,1000002783,Dermatology,AZ,766-555-5053
2784,Karen,Thompson,1000002784,Internal Medicine,FL,696-555-8216
2785,Susan,Perez,1000002785,Urology,WA,849-555-1779
2786,Mark,Anderson,1000002786,Emergency Medicine,MA,539-555-1594
2787,Nancy,Thomas,1000002787,Internal Medicine,CA,913-555-1051
2788,Nancy,Miller,1000002788,Gastroenterology,PA,258-555-7661
2789,Anthony,Davis,1000002789,Emergency Medicine,IL,989-555-9213
2790,Margaret,Perez,1000002790,Endocrinology,TX,824-555-5644
2791,Sandra,Anderson,1000002791,Emergency Medicine,FL,342-555-2247
2792,Charles,Hernandez,1000002792,Emergency Medicine,WA,696-555-2839
2793,Matthew,Gonzalez,1000002793,Pulmonology,FL,271-555-2616
2794,Jessica,Lee,1000002794,Emergency Medicine,PA,297-555-6619
2795,William,Williams,1000002795,Neurology,MA,959-555-5212
2796,Joseph,Smith,1000002796,Pulmonology,NY,202-555-1683
2797,Joseph,Lee,1000002797,Urology,CA,453-555-2893
2798,James,Taylor,1000002798,Dermatology,TX,674-555-5342
2799,Karen,Lopez,1000002799,Pediatrics,MA,474-555-5012
2800,Susan,Lopez,1000002800,General Practice,TX,281-555-2756
2801,Patricia,Perez,1000002801,Gastroenterology,MA,211-555-4282
2802,Christopher,Perez,1000002802,General Practice,TX,364-555-3690
2803,Nancy,Garcia,1000002803,Gastroenterology,CO,789-555-1050
2804,Thomas,Lee,1000002804,Orthopedics,WA,812-555-8565
2805,Jessica,Lee,1000002805,Oncology,CO,519-555-1670
2806,Thomas,Gonzalez,1000002806,Psychiatry,CA,758-555-8478
2807,Thomas,Garcia,1000002807,Urology,MA,926-555-2204
2808,Nancy,Garcia,1000002808,Oncology,MA,400-555-9657
2809,Elizabeth,Brown,1000002809,General Practice,FL,533-555-6428
2810,Susan,Anderson,1000002810,Psychiatry,TX,253-555-5488
2811,Daniel,Lee,1000002811,Dermatology,MA,357-555-7672
2812,Mary,Garcia,1000002812,Emergency Medicine,NY,745-555-7563
2813,John,Johnson,1000002813,Internal Medicine,IL,864-555-9407
2814,Barbara,Thompson,1000002814,Neurology,CO,232-555-2010
2815,Lisa,Thompson,1000002815,Orthopedics,AZ,643-555-2770
2816,Richard,Lopez,1000002816,Gastroenterology,TX,980-555-4155
2817,Christopher,Jones,1000002817,Psychiatry,NY,402-555-9224
2818,Mark,Davis,1000002818,Internal Medicine,TX,540-555-8142
2819,Daniel,Martinez,1000002819,Pulmonology,CA,858-555-5958
2820,Patricia,Wilson,1000002820,Psychiatry,AZ,272-555-6998
2821,Richard,Brown,1000002821,Internal Medicine,WA,388-555-8249
2822,Elizabeth,Lee,1000002822,Emergency Medicine,IL,236-555-5873
2823,Joseph,Thompson,1000002823,Psychiatry,FL,214-555-9292
2824,Margaret,Jones,1000002824,Cardiology,FL,210-555-2566
2825,Barbara,Lee,1000002825,Gastroenterology,TX,518-555-5082
2826,Joseph,Garcia,1000002826,Emergency Medicine,IL,208-555-1088
2827,Susan,Williams,1000002827,Pediatrics,FL,235-555-4552
2828,Linda,Moore,1000002828,Psychiatry,PA,812-555-8853
2829,John,Miller,1000002829,General Practice,CA,908-555-2308
2830,Susan,Wilson,1000002830,Oncology,CA,528-555-8692
2831,Christopher,Martin,1000002831,Cardiology,CA,329-555-9186
2832,Sarah,Thomas,1000002832,Internal Medicine,TX,637-555-7964
2833,Nancy,Thomas,1000002833,Emergency Medicine,MA,574-555-2028
2834,Jennifer,Anderson,1000002834,Cardiology,WA,312-555-3579
2835,Jessica,Anderson,1000002835,Emergency Medicine,CA,822-555-6662
2836,Daniel,Lopez,1000002836,Endocrinology,TX,972-555-9038
2837,Lisa,Martinez,1000002837,Urology,PA,525-555-8239
2838,Margaret,Jones,1000002838,Gastroenterology,CA,418-555-9769
2839,Sarah,Thomas,1000002839,Orthopedics,IL,918-555-1773
2840,Linda,Johnson,1000002840,Dermatology,CO,691-555-1527
2841,Lisa,Taylor,1000002841,Dermatology,PA,469-555-5756
2842,Sandra,Perez,1000002842,Endocrinology,PA,881-555-8887
2843,James,Brown,1000002843,General Practice,NY,871-555-2605
2844,Donald,Garcia,1000002844,Psychiatry,PA,597-555-5331
2845,Richard,Martinez,1000002845,Neurology,IL,446-555-2606
2846,Charles,Williams,1000002846,Pediatrics,TX,202-555-1328
2847,William,Anderson,1000002847,Emergency Medicine,IL,509-555-2393
2848,Anthony,Rodriguez,1000002848,Oncology,IL,367-555-1834
2849,Christopher,Martin,1000002849,Pulmonology,MA,459-555-2736
2850,Jessica,Moore,1000002850,General Practice,AZ,532-555-2835
2851,Lisa,Thompson,1000002851,Internal Medicine,CA,219-555-6611
2852,Margaret,Davis,1000002852,Cardiology,TX,291-555-7465
2853,Jennifer,Perez,1000002853,Emergency Medicine,TX,278-555-3483
2854,John,Garcia,1000002854,Dermatology,AZ,526-555-7547
2855,Linda,Wilson,1000002855,Emergency Medicine,WA,493-555-4358
2856,Nancy,Davis,1000002856,Psychiatry,MA,587-555-7375
2857,Donald,Lopez,1000002857,General Practice,CA,261-555-3763
2858,Margaret,Taylor,1000002858,Endocrinology,FL,328-555-7143
2859,Thomas,Gonzalez,1000002859,Psychiatry,FL,352-555-1884
2860,William,Martin,1000002860,Oncology,MA,633-555-6240
2861,Barbara,Lee,1000002861,Pulmonology,AZ,563-555-6759
2862,Elizabeth,Thomas,1000002862,Orthopedics,NY,785-555-5766
2863,Margaret,Brown,1000002863,Psychiatry,MA,657-555-3243
2864,Jessica,Perez,1000002864,Internal Medicine,AZ,846-555-5203
2865,Jennifer,Martin,1000002865,Urology,CA,938-555-2579
2866,Robert,Brown,1000002866,Neurology,IL,244-555-5527
2867,Mary,Anderson,1000002867,Pediatrics,TX,290-555-2860
2868,Richard,Garcia,1000002868,Pediatrics,TX,652-555-3601
2869,Charles,Hernandez,1000002869,Pediatrics,CA,410-555-9861
2870,William,Taylor,1000002870,Oncology,TX,920-555-7426
2871,Betty,Jones,1000002871,Neurology,TX,309-555-3113
2872,Nancy,Perez,1000002872,Orthopedics,TX,695-555-1622
2873,Mark,Williams,1000002873,Urology,NY,322-555-1468
2874,Lisa,Martin,1000002874,Neurology,CA,642-555-9855
2875,Linda,Johnson,1000002875,Neurology,CA,261-555-9624
2876,Lisa,Thompson,1000002876,Cardiology,TX,745-555-2177
2877,Daniel,Williams,1000002877,Endocrinology,AZ,969-555-8573
2878,Patricia,Thomas,1000002878,Cardiology,NY,727-555-5866
2879,Linda,Rodriguez,1000002879,Emergency Medicine,CA,495-555-3540
2880,Barbara,Gonzalez,1000002880,Endocrinology,MA,354-555-2516
2881,David,Johnson,1000002881,Oncology,TX,542-555-7191
2882,Michael,Martinez,1000002882,Internal Medicine,NY,374-555-6088
2883,Michael,Miller,1000002883,Neurology,WA,821-555-3998
2884,Jessica,Davis,1000002884,Oncology,WA,752-555-6448
2885,Patricia,Williams,1000002885,Urology,TX,231-555-3093
2886,Lisa,Gonzalez,1000002886,Internal Medicine,TX,839-555-4812
2887,Michael,Taylor,1000002887,Dermatology,AZ,886-555-5486
2888,Charles,Jackson,1000002888,General Practice,CA,811-555-5077
2889,Jessica,Thompson,1000002889,General Practice,IL,833-555-2041
2890,Mary,Brown,1000002890,Dermatology,TX,413-555-3531
2891,Sandra,Anderson,1000002891,Psychiatry,MA,610-555-3262
2892,Michael,Lee,1000002892,Gastroenterology,WA,928-555-6999
2893,Donald,Moore,1000002893,Internal Medicine,WA,288-555-9760
2894,Mary,Anderson,1000002894,Psychiatry,TX,718-555-3630
2895,Christopher,Jones,1000002895,Pediatrics,IL,651-555-5464
2896,Nancy,Smith,1000002896,Urology,MA,458-555-8707
2897,Mary,Perez,1000002897,Cardiology,TX,272-555-6964
2898,Betty,Martinez,1000002898,Dermatology,CA,618-555-9255
2899,Nancy,Hernandez,1000002899,Pediatrics,CO,499-555-4291
2900,Patricia,Martinez,1000002900,Endocrinology,CA,242-555-5325
2901,Robert,Martin,1000002901,Dermatology,WA,802-555-6175
2902,Jessica,Jones,1000002902,Oncology,FL,780-555-2566
2903,Jessica,Lopez,1000002903,Pediatrics,TX,523-555-6474
2904,Lisa,Rodriguez,1000002904,General Practice,CA,667-555-2868
2905,Robert,Martinez,1000002905,Dermatology,PA,357-555-3201
2906,Elizabeth,Hernandez,1000002906,Internal Medicine,PA,308-555-6426
2907,Karen,Thomas,1000002907,Cardiology,MA,987-555-2960
2908,Nancy,Jones,1000002908,Pulmonology,CA,665-555-1815
2909,Richard,Lee,1000002909,Endocrinology,CO,983-555-1207
2910,Mary,Miller,1000002910,Emergency Medicine,AZ,633-555-1133
2911,Jennifer,Lee,1000002911,Dermatology,MA,806-555-7788
2912,Margaret,Lee,1000002912,General Practice,TX,837-555-9966
2913,Matthew,Thomas,1000002913,Oncology,CA,533-555-1604
2914,Linda,Lopez,1000002914,Dermatology,AZ,359-555-8560
2915,William,Moore,1000002915,Internal Medicine,TX,963-555-9054
2916,Patricia,Thomas,1000002916,Emergency Medicine,CA,361-555-2197
2917,Margaret,Garcia,1000002917,Neurology,IL,758-555-8948
2918,David,Lee,1000002918,Internal Medicine,FL,779-555-8892
2919,Richard,Williams,1000002919,Urology,CO,947-555-7364
2920,Thomas,Williams,1000002920,Psychiatry,TX,591-555-4209
2921,Jennifer,Williams,1000002921,Dermatology,WA,276-555-9066
2922,Margaret,Gonzalez,1000002922,Pulmonology,NY,960-555-5655
2923,Lisa,Perez,1000002923,Internal Medicine,AZ,491-555-9972
2924,Jennifer,Anderson,1000002924,Internal Medicine,TX,931-555-6407
2925,Richard,Perez,1000002925,General Practice,TX,354-555-8312
2926,Elizabeth,Perez,1000002926,Cardiology,TX,277-555-9274
2927,Richard,Brown,1000002927,Cardiology,CA,988-555-6596
2928,Sandra,Miller,1000002928,Pulmonology,TX,560-555-2166
2929,Michael,Taylor,1000002929,General Practice,TX,441-555-5071
2930,Jennifer,Taylor,1000002930,Urology,TX,576-555-7603
2931,Sandra,Wilson,1000002931,General Practice,NY,968-555-7615
2932,John,Johnson,1000002932,Pediatrics,WA,249-555-3105
2933,Anthony,Thompson,1000002933,Pediatrics,CA,983-555-4230
2934,Michael,Thomas,1000002934,Endocrinology,CA,565-555-7072
2935,Charles,Lopez,1000002935,General Practice,TX,696-555-8041
2936,Robert,Perez,1000002936,General Practice,TX,751-555-4199
2937,Jessica,Anderson,1000002937,Emergency Medicine,CA,746-555-9408
2938,James,Moore,1000002938,Dermatology,AZ,886-555-1604
2939,Susan,Perez,1000002939,Urology,FL,624-555-9000
2940,Karen,Williams,1000002940,Internal Medicine,CA,807-555-4816
2941,Donald,Moore,1000002941,General Practice,TX,866-555-8577
2942,Linda,Lopez,1000002942,Neurology,CO,220-555-3111
2943,Michael,Johnson,1000002943,Internal Medicine,FL,907-555-8108
2944,Robert,Hernandez,1000002944,General Practice,TX,526-555-5418
2945,Charles,Thomas,1000002945,Dermatology,CA,225-555-8437
2946,Richard,Martin,1000002946,Cardiology,CA,747-555-9956
2947,Donald,Rodriguez,1000002947,Neurology,NY,416-555-9272
2948,Donald,Lee,1000002948,Pediatrics,CA,339-555-5342
2949,Susan,Rodriguez,1000002949,Cardiology,AZ,456-555-4426
2950,Sarah,Martinez,1000002950,Neurology,PA,424-555-1541
2951,William,Hernandez,1000002951,Orthopedics,CA,710-555-9907
2952,John,Thomas,1000002952,Dermatology,FL,715-555-5945
2953,Sarah,Taylor,1000002953,Urology,CA,684-555-6359
2954,Mary,Smith,1000002954,Neurology,TX,293-555-7203
2955,Matthew,Moore,1000002955,Neurology,CA,696-555-1241
2956,James,Smith,1000002956,Pulmonology,FL,937-555-5034
2957,John,Wilson,1000002957,Orthopedics,CA,964-555-2187
2958,Michael,Moore,1000002958,General Practice,TX,777-555-2708
2959,Mary,Thompson,1000002959,Cardiology,TX,827-555-4198
2960,Lisa,Jones,1000002960,Neurology,PA,514-555-1845
2961,Christopher,Gonzalez,1000002961,General Practice,WA,742-555-5573
2962,Mary,Martinez,1000002962,Oncology,CA,417-555-8027
2963,Betty,Thomas,1000002963,Pediatrics,NY,851-555-4701
2964,Joseph,Lee,1000002964,Orthopedics,PA,769-555-5547
2965,Nancy,Smith,1000002965,Endocrinology,TX,248-555-4049
2966,Ashley,Gonzalez,1000002966,General Practice,PA,900-555-6799
2967,Robert,Martinez,1000002967,Pulmonology,CA,664-555-8987
2968,Richard,Brown,1000002968,Endocrinology,FL,394-555-1299
2969,Sandra,Garcia,1000002969,Pediatrics,TX,352-555-6653
2970,Karen,Thomas,1000002970,Emergency Medicine,TX,370-555-8505
2971,Robert,Davis,1000002971,Internal Medicine,TX,727-555-1292
2972,Jennifer,Anderson,1000002972,Gastroenterology,TX,501-555-2451
2973,Richard,Jones,1000002973,Pulmonology,MA,394-555-1188
2974,Daniel,Jones,1000002974,Dermatology,TX,608-555-7905
2975,Lisa,Smith,1000002975,Oncology,TX,962-555-8745
2976,Robert,Martinez,1000002976,Oncology,IL,575-555-3433
2977,Sarah,Jackson,1000002977,Pulmonology,MA,661-555-7646
2978,Linda,Davis,1000002978,Oncology,CO,757-555-5048
2979,Jennifer,Miller,1000002979,Pulmonology,AZ,393-555-1369
2980,John,Taylor,1000002980,Urology,IL,617-555-7293
2981,Joseph,Moore,1000002981,General Practice,TX,404-555-1389
2982,David,Anderson,1000002982,Pulmonology,MA,690-555-3724
2983,Christopher,Hernandez,1000002983,Endocrinology,AZ,657-555-6327
2984,John,Anderson,1000002984,Gastroenterology,FL,591-555-9331
2985,Betty,Thomas,1000002985,Oncology,MA,847-555-9562
2986,Nancy,Jones,1000002986,Urology,CO,478-555-6786
2987,Barbara,Thomas,1000002987,Internal Medicine,PA,568-555-4370
2988,Thomas,Hernandez,1000002988,Dermatology,AZ,246-555-7878
2989,Sarah,Garcia,1000002989,Oncology,PA,871-555-6413
2990,Donald,Hernandez,1000002990,Gastroenterology,IL,254-555-9137
2991,Betty,Anderson,1000002991,Oncology,MA,236-555-4226
2992,David,Jones,1000002992,Urology,TX,574-555-4049
2993,Patricia,Williams,1000002993,General Practice,TX,426-555-3398
2994,Thomas,Garcia,1000002994,Neurology,WA,247-555-3037
2995,Linda,Johnson,1000002995,Neurology,CA,973-555-9734
2996,Richard,Moore,1000002996,Cardiology,WA,379-555-7576
2997,Patricia,Garcia,1000002997,General Practice,TX,424-555-3213
2998,Mary,Thomas,1000002998,Emergency Medicine,TX,576-555-9186
2999,Michael,Johnson,1000002999,Oncology,PA,442-555-6043
3000,Thomas,Johnson,1000003000,Dermatology,CA,838-555-1131
3001,Jessica,Gonzalez,1000003001,Emergency Medicine,PA,394-555-8981
3002,Elizabeth,Garcia,1000003002,Neurology,NY,850-555-1083
3003,Ashley,Wilson,1000003003,Internal Medicine,TX,735-555-7889
3004,Sarah,Martinez,1000003004,Dermatology,TX,545-555-6932
3005,Charles,Johnson,1000003005,Pediatrics,NY,726-555-5584
3006,Barbara,Garcia,1000003006,Dermatology,CA,852-555-1297
3007,Patricia,Johnson,1000003007,Psychiatry,WA,465-555-1471
3008,Mark,Garcia,1000003008,Internal Medicine,CA,830-555-6806
3009,Anthony,Lopez,1000003009,Psychiatry,PA,587-555-5372
3010,James,Gonzalez,1000003010,Internal Medicine,TX,701-555-6575
3011,Lisa,Smith,1000003011,Dermatology,CA,219-555-8152
3012,David,Williams,1000003012,Neurology,TX,874-555-1639
3013,John,Wilson,1000003013,Psychiatry,CO,831-555-3429
3014,Patricia,Thompson,1000003014,Neurology,FL,625-555-4299
3015,John,Perez,1000003015,Oncology,FL,396-555-5380
3016,Christopher,Jones,1000003016,Gastroenterology,TX,223-555-3297
3017,Michael,Gonzalez,1000003017,Pulmonology,CA,456-555-5816
3018,Elizabeth,Thompson,1000003018,Gastroenterology,TX,398-555-7245
3019,Michael,Jones,1000003019,Gastroenterology,PA,572-555-4791
3020,Mary,Hernandez,1000003020,Pulmonology,FL,691-555-5975
3021,Sarah,Johnson,1000003021,Cardiology,WA,777-555-3007
3022,Charles,Garcia,1000003022,Dermatology,AZ,626-555-7551
3023,Elizabeth,Martin,1000003023,Gastroenterology,MA,756-555-7075
3024,James,Moore,1000003024,Psychiatry,NY,272-555-1259
3025,Susan,Thomas,1000003025,Dermatology,MA,917-555-2342
3026,Robert,Martin,1000003026,Urology,IL,888-555-1979
3027,Sarah,Lopez,1000003027,General Practice,CA,275-555-2830
3028,Sarah,Davis,1000003028,Gastroenterology,IL,816-555-5305
3029,Lisa,Johnson,1000003029,Dermatology,FL,682-555-8481
3030,Margaret,Miller,1000003030,Pulmonology,FL,684-555-1321
3031,Charles,Thompson,1000003031,Pulmonology,TX,776-555-8210
3032,Sarah,Davis,1000003032,Gastroenterology,TX,843-555-6352
3033,Richard,Miller,1000003033,Oncology,IL,571-555-1738
3034,Lisa,Anderson,1000003034,Oncology,AZ,366-555-2690
3035,John,Perez,1000003035,General Practice,CA,958-555-6600
3036,Barbara,Taylor,1000003036,General Practice,TX,564-555-8622
3037,Lisa,Brown,1000003037,Cardiology,CA,367-555-6832
3038,Thomas,Anderson,1000003038,Emergency Medicine,TX,894-555-9137
3039,Barbara,Jones,1000003039,Oncology,CO,929-555-4604
3040,Christopher,Smith,1000003040,Oncology,IL,737-555-9268
3041,Nancy,Jones,1000003041,Internal Medicine,CA,484-555-8806
3042,Sarah,Johnson,1000003042,Dermatology,NY,754-555-9432
3043,James,Taylor,1000003043,General Practice,MA,405-555-3696
3044,Elizabeth,Jackson,1000003044,General Practice,WA,959-555-5436
3045,Daniel,Brown,1000003045,Psychiatry,TX,584-555-2874
3046,Donald,Lopez,1000003046,General Practice,CA,377-555-6618
3047,Charles,Jones,1000003047,Dermatology,FL,416-555-3385
3048,Susan,Anderson,1000003048,Neurology,CA,894-555-8967
3049,Barbara,Johnson,1000003049,Oncology,NY,472-555-1501
3050,William,Thompson,1000003050,Gastroenterology,AZ,746-555-5465
3051,Michael,Smith,1000003051,Endocrinology,CO,397-555-2424
3052,Nancy,Jones,1000003052,Endocrinology,AZ,770-555-9389
3053,Daniel,Rodriguez,1000003053,Emergency Medicine,CA,939-555-6053
3054,Lisa,Wilson,1000003054,Urology,TX,682-555-8124
3055,Margaret,Garcia,1000003055,Internal Medicine,CA,934-555-7255
3056,Mark,Martin,1000003056,Urology,IL,862-555-4295
3057,Barbara,Anderson,1000003057,Gastroenterology,NY,716-555-4702
3058,Matthew,Gonzalez,1000003058,Emergency Medicine,MA,302-555-4080
3059,Sandra,Smith,1000003059,Endocrinology,CA,609-555-6196
3060,Patricia,Williams,1000003060,Oncology,TX,669-555-4159
3061,Mark,Martin,1000003061,General Practice,NY,927-555-7730
3062,Nancy,Williams,1000003062,Internal Medicine,PA,520-555-7979
3063,Linda,Johnson,1000003063,Gastroenterology,CA,740-555-9838
3064,John,Garcia,1000003064,Endocrinology,MA,221-555-4682
3065,Margaret,Garcia,1000003065,Neurology,TX,222-555-9712
3066,Mary,Perez,1000003066,Psychiatry,AZ,621-555-6481
3067,William,Hernandez,1000003067,Neurology,PA,471-555-4024
3068,John,Miller,1000003068,Orthopedics,NY,985-555-5027
3069,Elizabeth,Johnson,1000003069,Endocrinology,MA,557-555-4180
3070,Jessica,Lopez,1000003070,Emergency Medicine,CA,682-555-6190
3071,Margaret,Miller,1000003071,Internal Medicine,TX,217-555-3609
3072,Matthew,Miller,1000003072,Psychiatry,CO,794-555-6424
3073,Susan,Wilson,1000003073,Neurology,CO,497-555-2575
3074,Karen,Jones,1000003074,Endocrinology,CA,524-555-4525
3075,Robert,Lee,1000003075,Psychiatry,TX,488-555-5794
3076,Anthony,Smith,1000003076,Pediatrics,NY,843-555-6723
3077,David,Miller,1000003077,Gastroenterology,NY,388-555-9565
3078,Christopher,Martinez,1000003078,Urology,IL,222-555-6716
3079,Nancy,Thomas,1000003079,Gastroenterology,TX,986-555-1697
3080,Susan,Johnson,1000003080,Internal Medicine,CA,529-555-8232
3081,Anthony,Anderson,1000003081,Emergency Medicine,TX,787-555-2813
3082,Elizabeth,Thomas,1000003082,Dermatology,CO,506-555-2153
3083,Michael,Garcia,1000003083,Gastroenterology,WA,973-555-7913
3084,Daniel,Jackson,1000003084,Pediatrics,MA,615-555-3776
3085,Donald,Thompson,1000003085,Endocrinology,MA,993-555-1152
3086,Anthony,Lee,1000003086,Pediatrics,TX,538-555-4004
3087,Joseph,Miller,1000003087,Endocrinology,MA,639-555-3196
3088,Margaret,Martinez,1000003088,Neurology,CA,619-555-2034
3089,Matthew,Brown,1000003089,Endocrinology,IL,900-555-4955
3090,James,Lopez,1000003090,Urology,TX,419-555-3628
3091,Linda,Perez,1000003091,Gastroenterology,CA,881-555-1746
3092,Jessica,Moore,1000003092,Cardiology,AZ,999-555-4766
3093,Lisa,Anderson,1000003093,Gastroenterology,TX,857-555-1518
3094,Margaret,Jackson,1000003094,Orthopedics,TX,984-555-6237
3095,Margaret,Jackson,1000003095,Urology,AZ,896-555-9900
3096,Mary,Garcia,1000003096,Urology,CO,276-555-3898
3097,Thomas,Rodriguez,1000003097,Cardiology,AZ,300-555-2733
3098,Susan,Gonzalez,1000003098,Pulmonology,NY,304-555-8054
3099,Mary,Williams,1000003099,Pediatrics,PA,383-555-8197
3100,Thomas,Martin,1000003100,Gastroenterology,IL,713-555-9269
3101,Susan,Jackson,1000003101,Oncology,TX,820-555-9610
3102,Margaret,Anderson,1000003102,General Practice,PA,662-555-2502
3103,Susan,Brown,1000003103,Internal Medicine,CA,833-555-2650
3104,Nancy,Rodriguez,1000003104,Psychiatry,WA,954-555-6581
3105,David,Garcia,1000003105,Internal Medicine,CO,222-555-5287
3106,Linda,Davis,1000003106,Dermatology,PA,315-555-3841
3107,Matthew,Garcia,1000003107,Emergency Medicine,TX,680-555-2881
3108,James,Martin,1000003108,Emergency Medicine,TX,563-555-3357
3109,James,Johnson,1000003109,Cardiology,WA,869-555-4422
3110,Richard,Brown,1000003110,Orthopedics,FL,262-555-4834
3111,Michael,Brown,1000003111,Orthopedics,CA,427-555-9995
3112,William,Jackson,1000003112,Emergency Medicine,CO,238-555-4457
3113,Mary,Lopez,1000003113,Dermatology,AZ,284-555-6175
3114,Mary,Martinez,1000003114,Gastroenterology,AZ,663-555-1741
3115,Robert,Jones,1000003115,Pediatrics,CA,471-555-3373
3116,William,Lee,1000003116,Psychiatry,WA,864-555-2305
3117,Matthew,Smith,1000003117,Internal Medicine,PA,353-555-6174
3118,Susan,Jones,1000003118,Neurology,TX,887-555-1178
3119,Susan,Perez,1000003119,Emergency Medicine,CA,361-555-7042
3120,Richard,Martinez,1000003120,Urology,TX,555-555-9185
3121,Susan,Rodriguez,1000003121,Pulmonology,TX,913-555-9029
3122,David,Johnson,1000003122,Psychiatry,CO,992-555-7988
3123,Jessica,Lopez,1000003123,Dermatology,TX,945-555-2454
3124,William,Johnson,1000003124,Internal Medicine,TX,567-555-9818
3125,Joseph,Hernandez,1000003125,Pediatrics,MA,791-555-1599
3126,James,Wilson,1000003126,Gastroenterology,FL,476-555-2958
3127,Karen,Taylor,1000003127,Pediatrics,MA,591-555-3556
3128,Matthew,Brown,1000003128,Cardiology,CA,579-555-5589
3129,Charles,Johnson,1000003129,Emergency Medicine,AZ,526-555-4817
3130,Sarah,Brown,1000003130,Psychiatry,AZ,979-555-9433
3131,Christopher,Taylor,1000003131,Urology,TX,722-555-8334
3132,Karen,Martin,1000003132,Endocrinology,WA,588-555-2164
3133,Susan,Thompson,1000003133,Urology,AZ,312-555-1983
3134,Linda,Anderson,1000003134,Psychiatry,FL,307-555-1435
3135,Betty,Lee,1000003135,Orthopedics,PA,347-555-2456
3136,Mark,Brown,1000003136,Urology,PA,614-555-7336
3137,Ashley,Moore,1000003137,Neurology,TX,747-555-6433
3138,Thomas,Brown,1000003138,Pediatrics,MA,342-555-3735
3139,Jessica,Martinez,1000003139,Pediatrics,CO,732-555-2723
3140,John,Miller,1000003140,Urology,NY,844-555-2938
3141,David,Williams,1000003141,Neurology,MA,637-555-1903
3142,Elizabeth,Jackson,1000003142,Dermatology,CO,355-555-5318
3143,Michael,Jones,1000003143,Emergency Medicine,CA,480-555-2212
3144,Jessica,Hernandez,1000003144,Psychiatry,AZ,854-555-7469
3145,Anthony,Brown,1000003145,General Practice,TX,541-555-2544
3146,Joseph,Smith,1000003146,Orthopedics,WA,965-555-4753
3147,Robert,Garcia,1000003147,Emergency Medicine,CA,988-555-9832
3148,James,Lopez,1000003148,Cardiology,CA,959-555-8834
3149,Mary,Thomas,1000003149,Pediatrics,IL,848-555-9477
3150,Charles,Lopez,1000003150,Urology,TX,963-555-8637
3151,James,Perez,1000003151,Internal Medicine,MA,246-555-4360
3152,Sandra,Gonzalez,1000003152,Pulmonology,NY,360-555-4237
3153,Christopher,Gonzalez,1000003153,Urology,CA,381-555-6055
3154,David,Anderson,1000003154,Oncology,IL,405-555-4906
3155,Mary,Taylor,1000003155,General Practice,CA,744-555-1846
3156,David,Jackson,1000003156,Endocrinology,FL,495-555-2726
3157,Michael,Hernandez,1000003157,Neurology,CA,500-555-6389
3158,Anthony,Lopez,1000003158,Pediatrics,CA,298-555-7780
3159,Karen,Williams,1000003159,Urology,FL,605-555-9155
3160,Ashley,Lee,1000003160,Dermatology,TX,758-555-4804
3161,Richard,Smith,1000003161,Psychiatry,MA,397-555-7124
3162,John,Thompson,1000003162,Emergency Medicine,CA,322-555-2629
3163,Barbara,Rodriguez,1000003163,Internal Medicine,PA,257-555-1146
3164,Daniel,Anderson,1000003164,Gastroenterology,CA,795-555-7925
3165,Betty,Hernandez,1000003165,Orthopedics,TX,439-555-6377
3166,Jessica,Taylor,1000003166,Psychiatry,TX,577-555-8026
3167,Anthony,Thompson,1000003167,Emergency Medicine,CA,703-555-8425
3168,Barbara,Thompson,1000003168,Endocrinology,FL,500-555-1089
3169,Lisa,Thompson,1000003169,Oncology,MA,448-555-9697
3170,Thomas,Thomas,1000003170,Emergency Medicine,TX,567-555-7497
3171,Betty,Lopez,1000003171,General Practice,IL,983-555-3454
3172,Richard,Smith,1000003172,Urology,CA,741-555-3950
3173,Daniel,Thompson,1000003173,Oncology,NY,376-555-4287
3174,Betty,Lee,1000003174,Endocrinology,CA,238-555-9494
3175,Mark,Thompson,1000003175,Neurology,CA,489-555-9670
3176,Karen,Moore,1000003176,Cardiology,WA,740-555-1592
3177,James,Garcia,1000003177,Urology,NY,485-555-4868
3178,Lisa,Williams,1000003178,Psychiatry,CA,564-555-6009
3179,John,Johnson,1000003179,Pediatrics,PA,706-555-2413
3180,Mary,Thomas,1000003180,General Practice,CO,801-555-1035
3181,Ashley,Miller,1000003181,Cardiology,TX,858-555-6411
3182,Joseph,Wilson,1000003182,Urology,WA,735-555-3950
3183,Joseph,Jackson,1000003183,General Practice,TX,624-555-8742
3184,Barbara,Lee,1000003184,General Practice,CA,844-555-1367
3185,Ashley,Smith,1000003185,Dermatology,WA,224-555-9117
3186,Sarah,Martin,1000003186,Endocrinology,NY,504-555-1384
3187,Charles,Lopez,1000003187,Emergency Medicine,AZ,735-555-8741
3188,Matthew,Hernandez,1000003188,Endocrinology,NY,211-555-1468
3189,Christopher,Taylor,1000003189,General Practice,TX,469-555-3777
3190,Margaret,Johnson,1000003190,Pediatrics,MA,217-555-5926
3191,Susan,Thompson,1000003191,Pediatrics,CA,882-555-9609
3192,Patricia,Rodriguez,1000003192,Pediatrics,NY,804-555-1706
3193,Barbara,Lopez,1000003193,Oncology,NY,240-555-3335
3194,Charles,Perez,1000003194,Dermatology,CA,834-555-3156
3195,Ashley,Anderson,1000003195,Oncology,FL,656-555-2311
3196,Christopher,Moore,1000003196,Gastroenterology,IL,859-555-9821
3197,Elizabeth,Jackson,1000003197,Psychiatry,CA,820-555-3451
3198,David,Wilson,1000003198,Emergency Medicine,WA,596-555-3483
3199,Joseph,Smith,1000003199,Endocrinology,AZ,508-555-9146
3200,James,Wilson,1000003200,Oncology,TX,528-555-1770
3201,Thomas,Moore,1000003201,Neurology,IL,916-555-1495
3202,Daniel,Anderson,1000003202,Orthopedics,CO,752-555-1922
3203,Margaret,Smith,1000003203,Pediatrics,AZ,970-555-8096
3204,Ashley,Thomas,1000003204,Gastroenterology,CA,918-555-4594
3205,Sandra,Anderson,1000003205,Gastroenterology,CA,525-555-5773
3206,Christopher,Thomas,1000003206,Psychiatry,TX,772-555-6368
3207,Daniel,Garcia,1000003207,Neurology,MA,474-555-4491
3208,Michael,Martin,1000003208,General Practice,WA,517-555-8540
3209,Robert,Anderson,1000003209,Urology,CO,744-555-1885
3210,Margaret,Miller,1000003210,Cardiology,IL,883-555-4209
3211,Sarah,Rodriguez,1000003211,Psychiatry,FL,557-555-7049
3212,Donald,Johnson,1000003212,Internal Medicine,TX,272-555-8279
3213,Karen,Rodriguez,1000003213,Dermatology,NY,278-555-9477
3214,David,Anderson,1000003214,Emergency Medicine,TX,432-555-3579
3215,Mary,Moore,1000003215,Neurology,CA,526-555-4898
3216,James,Taylor,1000003216,Emergency Medicine,TX,693-555-1241
3217,Robert,Martin,1000003217,Pulmonology,TX,351-555-4905
3218,Margaret,Jackson,1000003218,Neurology,CA,645-555-7783
3219,David,Anderson,1000003219,Internal Medicine,AZ,763-555-6003
3220,Lisa,Gonzalez,1000003220,Gastroenterology,FL,769-555-9409
3221,Anthony,Davis,1000003221,Pediatrics,IL,341-555-4476
3222,Elizabeth,Brown,1000003222,Neurology,WA,305-555-5939
3223,Barbara,Williams,1000003223,Dermatology,CA,979-555-7061
3224,Christopher,Gonzalez,1000003224,Cardiology,CA,627-555-4193
3225,Thomas,Smith,1000003225,Neurology,CA,628-555-6280
3226,Linda,Wilson,1000003226,Neurology,CA,574-555-1231
3227,Linda,Lee,1000003227,Neurology,CO,937-555-1241
3228,Matthew,Anderson,1000003228,Orthopedics,MA,457-555-1066
3229,James,Perez,1000003229,Oncology,AZ,626-555-3976
3230,Patricia,Davis,1000003230,Internal Medicine,FL,346-555-1375
3231,Susan,Williams,1000003231,Cardiology,CA,964-555-2379
3232,William,Davis,1000003232,Endocrinology,CA,514-555-2214
3233,Patricia,Lopez,1000003233,Emergency Medicine,TX,451-555-3081
3234,Charles,Hernandez,1000003234,Orthopedics,CA,374-555-5488
3235,Barbara,Rodriguez,1000003235,Endocrinology,CA,277-555-2107
3236,Donald,Perez,1000003236,Oncology,TX,967-555-4285
3237,Michael,Moore,1000003237,Gastroenterology,TX,698-555-3768
3238,Richard,Johnson,1000003238,Orthopedics,TX,221-555-8436
3239,Sarah,Gonzalez,1000003239,General Practice,PA,639-555-3298
3240,Anthony,Lopez,1000003240,Dermatology,CA,621-555-5674
3241,Thomas,Hernandez,1000003241,Psychiatry,WA,498-555-1172
3242,Mark,Garcia,1000003242,Oncology,IL,903-555-6904
3243,Joseph,Martinez,1000003243,Oncology,TX,847-555-5072
3244,Betty,Taylor,1000003244,General Practice,NY,677-555-6771
3245,Lisa,Anderson,1000003245,Oncology,IL,863-555-9561
3246,Margaret,Lopez,1000003246,Endocrinology,CA,507-555-2530
3247,Jennifer,Moore,1000003247,Pulmonology,TX,938-555-6888
3248,David,Wilson,1000003248,Oncology,TX,280-555-3401
3249,David,Wilson,1000003249,Dermatology,TX,968-555-7824
3250,Charles,Miller,1000003250,Endocrinology,CO,246-555-1299
3251,Margaret,Martinez,1000003251,Gastroenterology,FL,825-555-4844
3252,Nancy,Anderson,1000003252,Pediatrics,TX,766-555-6039
3253,Sandra,Jackson,1000003253,Neurology,WA,947-555-3416
3254,Margaret,Wilson,1000003254,Endocrinology,TX,396-555-9486
3255,Jennifer,Miller,1000003255,Pediatrics,AZ,892-555-7595
3256,Barbara,Hernandez,1000003256,Emergency Medicine,FL,709-555-5367
3257,Patricia,Martin,1000003257,Neurology,PA,252-555-8148
3258,Donald,Lopez,1000003258,Endocrinology,CA,763-555-7968
3259,Michael,Anderson,1000003259,Pediatrics,CO,598-555-4721
3260,Donald,Miller,1000003260,Gastroenterology,WA,936-555-9441
3261,Mark,Anderson,1000003261,Dermatology,FL,298-555-3180
3262,Mark,Rodriguez,1000003262,Urology,IL,355-555-6409
3263,Donald,Lee,1000003263,Emergency Medicine,AZ,502-555-2789
3264,Richard,Davis,1000003264,Pediatrics,TX,726-555-8571
3265,Thomas,Moore,1000003265,Orthopedics,CA,753-555-5125
3266,Charles,Williams,1000003266,Dermatology,CO,377-555-4490
3267,John,Thompson,1000003267,Psychiatry,WA,826-555-4433
3268,Michael,Jackson,1000003268,Endocrinology,NY,381-555-8429
3269,Margaret,Brown,1000003269,Pediatrics,MA,440-555-4940
3270,Jennifer,Williams,1000003270,Internal Medicine,CA,316-555-7851
3271,Susan,Perez,1000003271,Gastroenterology,CA,380-555-5345
3272,Elizabeth,Johnson,1000003272,Gastroenterology,FL,227-555-3748
3273,Joseph,Jones,1000003273,Emergency Medicine,AZ,340-555-3436
3274,Daniel,Jackson,1000003274,Pulmonology,MA,572-555-5627
3275,Richard,Thompson,1000003275,Neurology,NY,491-555-8934
3276,Christopher,Moore,1000003276,Neurology,CA,959-555-5796
3277,Charles,Taylor,1000003277,Orthopedics,TX,657-555-2572
3278,Patricia,Jackson,1000003278,Pediatrics,CO,788-555-1141
3279,David,Rodriguez,1000003279,Urology,AZ,235-555-4138
3280,James,Jackson,1000003280,Endocrinology,CO,538-555-5032
3281,Margaret,Jackson,1000003281,Cardiology,PA,770-555-7520
3282,Matthew,Moore,1000003282,Orthopedics,PA,349-555-8576
3283,Betty,Martin,1000003283,Dermatology,CA,667-555-4342
3284,Michael,Smith,1000003284,Pulmonology,MA,560-555-6351
3285,Mary,Martin,1000003285,Neurology,TX,593-555-2507
3286,Jessica,Martinez,1000003286,Gastroenterology,WA,662-555-4325
3287,David,Martin,1000003287,Orthopedics,TX,362-555-1174
3288,Elizabeth,Rodriguez,1000003288,Neurology,CO,991-555-8356
3289,Donald,Lopez,1000003289,Gastroenterology,CA,868-555-5335
3290,Mary,Martin,1000003290,Dermatology,TX,749-555-9763
3291,Christopher,Thomas,1000003291,Oncology,TX,243-555-4310
3292,Susan,Taylor,1000003292,Dermatology,PA,727-555-5685
3293,Linda,Rodriguez,1000003293,Cardiology,AZ,979-555-4127
3294,Mark,Martin,1000003294,Endocrinology,MA,291-555-5784
3295,Nancy,Anderson,1000003295,Oncology,CO,808-555-4880
3296,Karen,Lopez,1000003296,Oncology,FL,405-555-7408
3297,Sarah,Hernandez,1000003297,Internal Medicine,WA,826-555-8737
3298,Michael,Wilson,1000003298,Cardiology,MA,632-555-6271
3299,Matthew,Garcia,1000003299,Endocrinology,NY,222-555-8358
3300,Matthew,Martin,1000003300,Neurology,WA,617-555-8088
3301,William,Thompson,1000003301,Pulmonology,TX,525-555-7803
3302,Ashley,Smith,1000003302,Neurology,PA,989-555-4558
3303,Joseph,Williams,1000003303,Cardiology,NY,323-555-3555
3304,Mary,Thomas,1000003304,Gastroenterology,TX,998-555-1222
3305,Patricia,Garcia,1000003305,Neurology,CA,204-555-9091
3306,Karen,Johnson,1000003306,Emergency Medicine,CA,802-555-2440
3307,Jessica,Taylor,1000003307,Psychiatry,FL,492-555-3769
3308,Nancy,Brown,1000003308,General Practice,TX,651-555-4374
3309,Michael,Gonzalez,1000003309,Urology,CO,337-555-8706
3310,Linda,Thomas,1000003310,Pediatrics,TX,244-555-7478
3311,Michael,Perez,1000003311,Pulmonology,MA,309-555-7728
3312,Margaret,Martinez,1000003312,Urology,NY,829-555-3204
3313,Sandra,Rodriguez,1000003313,Emergency Medicine,CA,888-555-7281
3314,Daniel,Johnson,1000003314,Cardiology,CO,469-555-3060
3315,Mark,Wilson,1000003315,Gastroenterology,TX,694-555-4534
3316,Daniel,Garcia,1000003316,Gastroenterology,MA,378-555-1021
3317,Christopher,Jackson,1000003317,Neurology,CA,568-555-6915
3318,Michael,Taylor,1000003318,Endocrinology,PA,228-555-6833
3319,Charles,Jones,1000003319,Urology,IL,387-555-5947
3320,Robert,Jackson,1000003320,Gastroenterology,CA,948-555-4345
3321,Sandra,Taylor,1000003321,Psychiatry,AZ,962-555-2731
3322,Sarah,Hernandez,1000003322,Cardiology,FL,855-555-3435
3323,Robert,Garcia,1000003323,Internal Medicine,CA,989-555-5936
3324,William,Lee,1000003324,Dermatology,IL,441-555-2643
3325,Mary,Moore,1000003325,Urology,FL,694-555-1363
3326,Richard,Jones,1000003326,Psychiatry,IL,412-555-9602
3327,William,Jackson,1000003327,Internal Medicine,AZ,781-555-7395
3328,Betty,Garcia,1000003328,General Practice,TX,554-555-1888
3329,Anthony,Rodriguez,1000003329,Gastroenterology,FL,741-555-5536
3330,Sarah,Smith,1000003330,Urology,TX,724-555-2678
3331,Donald,Moore,1000003331,Internal Medicine,MA,459-555-9320
3332,Lisa,Martin,1000003332,Gastroenterology,MA,541-555-1510
3333,Joseph,Jones,1000003333,Dermatology,CA,238-555-3028
3334,Robert,Taylor,1000003334,Orthopedics,TX,467-555-8592
3335,Betty,Johnson,1000003335,Pulmonology,MA,483-555-8554
3336,Joseph,Miller,1000003336,Orthopedics,CA,829-555-1616
3337,Sarah,Hernandez,1000003337,Pediatrics,FL,488-555-5940
3338,David,Miller,1000003338,Pediatrics,CA,462-555-9644
3339,Donald,Brown,1000003339,Cardiology,CA,203-555-3543
3340,Mary,Johnson,1000003340,Internal Medicine,PA,468-555-4568
3341,Elizabeth,Thomas,1000003341,Pediatrics,FL,886-555-4841
3342,Robert,Miller,1000003342,Gastroenterology,AZ,558-555-9249
3343,Robert,Hernandez,1000003343,Psychiatry,CA,593-555-6404
3344,Matthew,Anderson,1000003344,General Practice,TX,706-555-3754
3345,Lisa,Anderson,1000003345,Oncology,CO,919-555-7946
3346,Barbara,Miller,1000003346,Orthopedics,AZ,601-555-5232
3347,Jessica,Williams,1000003347,Cardiology,FL,964-555-2215
3348,Donald,Anderson,1000003348,Gastroenterology,PA,589-555-8287
3349,John,Perez,1000003349,Neurology,TX,935-555-4707
3350,Jessica,Anderson,1000003350,Psychiatry,TX,216-555-6788
3351,Mary,Hernandez,1000003351,Dermatology,CO,537-555-5979
3352,Charles,Williams,1000003352,Psychiatry,WA,996-555-2349
3353,Richard,Miller,1000003353,Pediatrics,CA,766-555-7206
3354,Margaret,Wilson,1000003354,Endocrinology,CO,860-555-5342
3355,Michael,Rodriguez,1000003355,Cardiology,PA,709-555-5774
3356,Anthony,Anderson,1000003356,Psychiatry,TX,562-555-6416
3357,Mary,Thompson,1000003357,Dermatology,FL,243-555-6905
3358,Anthony,Martin,1000003358,Cardiology,TX,539-555-4798
3359,Anthony,Martin,1000003359,Psychiatry,WA,749-555-9396
3360,Mary,Miller,1000003360,Gastroenterology,CA,394-555-4915
3361,Nancy,Taylor,1000003361,Oncology,CA,511-555-6469
3362,Sarah,Williams,1000003362,General Practice,TX,738-555-4306
3363,Sarah,Gonzalez,1000003363,Emergency Medicine,CO,791-555-5817
3364,William,Williams,1000003364,Internal Medicine,FL,945-555-2643
3365,Daniel,Gonzalez,1000003365,Pediatrics,TX,637-555-4712
3366,Daniel,Thomas,1000003366,Dermatology,CO,646-555-2237
3367,John,Perez,1000003367,Neurology,IL,599-555-2269
3368,Karen,Williams,1000003368,General Practice,PA,919-555-2412
3369,Lisa,Moore,1000003369,Urology,FL,873-555-4191
3370,Nancy,Martin,1000003370,Oncology,TX,301-555-5059
3371,David,Martin,1000003371,Gastroenterology,CA,988-555-4752
3372,Richard,Smith,1000003372,Gastroenterology,TX,596-555-1728
3373,Daniel,Moore,1000003373,Cardiology,AZ,841-555-3445
3374,Karen,Martinez,1000003374,Internal Medicine,TX,520-555-1690
3375,Elizabeth,Wilson,1000003375,Pulmonology,TX,751-555-2813
3376,James,Thompson,1000003376,Urology,CO,370-555-5590
3377,Susan,Thompson,1000003377,Pulmonology,NY,645-555-6885
3378,Jennifer,Hernandez,1000003378,Oncology,IL,646-555-1610
3379,Margaret,Rodriguez,1000003379,Endocrinology,TX,890-555-8662
3380,Thomas,Davis,1000003380,Dermatology,TX,830-555-6937
3381,Joseph,Miller,1000003381,Gastroenterology,WA,311-555-2691
3382,Patricia,Moore,1000003382,Pulmonology,TX,853-555-1007
3383,Margaret,Moore,1000003383,Urology,TX,504-555-4596
3384,Barbara,Smith,1000003384,Emergency Medicine,CA,497-555-9549
3385,Betty,Rodriguez,1000003385,Oncology,TX,412-555-7521
3386,Daniel,Martin,1000003386,General Practice,PA,267-555-4693
3387,Robert,Anderson,1000003387,Urology,FL,395-555-1161
3388,Lisa,Wilson,1000003388,Cardiology,TX,653-555-4063
3389,Margaret,Thomas,1000003389,Urology,MA,400-555-8041
3390,Daniel,Martinez,1000003390,Orthopedics,TX,718-555-7028
3391,Sarah,Wilson,1000003391,Psychiatry,TX,751-555-3276
3392,Thomas,Brown,1000003392,Pulmonology,MA,930-555-7876
3393,Barbara,Thomas,1000003393,Pulmonology,TX,623-555-3140
3394,Karen,Lopez,1000003394,Orthopedics,AZ,634-555-9076
3395,James,Moore,1000003395,Emergency Medicine,FL,975-555-9382
3396,David,Lopez,1000003396,Gastroenterology,IL,461-555-6402
3397,Linda,Davis,1000003397,Neurology,WA,373-555-8623
3398,Patricia,Taylor,1000003398,Emergency Medicine,PA,613-555-1839
3399,Patricia,Taylor,1000003399,Pediatrics,CO,306-555-4629
3400,Michael,Williams,1000003400,Gastroenterology,TX,446-555-3918
3401,Jessica,Lopez,1000003401,Urology,TX,979-555-5104
3402,William,Davis,1000003402,Cardiology,CA,840-555-7654
3403,Jennifer,Garcia,1000003403,Oncology,WA,439-555-1688
3404,Lisa,Jackson,1000003404,Cardiology,WA,493-555-5055
3405,Jessica,Taylor,1000003405,Psychiatry,TX,698-555-2714
3406,Elizabeth,Thomas,1000003406,Urology,TX,838-555-2834
3407,David,Gonzalez,1000003407,Gastroenterology,AZ,788-555-3203
3408,Ashley,Anderson,1000003408,Orthopedics,FL,452-555-5187
3409,Michael,Lee,1000003409,Cardiology,AZ,536-555-6339
3410,Ashley,Johnson,1000003410,Emergency Medicine,CA,418-555-5686
3411,James,Hernandez,1000003411,Endocrinology,WA,996-555-1201
3412,William,Williams,1000003412,Neurology,TX,237-555-4497
3413,Thomas,Thomas,1000003413,Gastroenterology,TX,583-555-2604
3414,Michael,Taylor,1000003414,Pediatrics,PA,234-555-6806
3415,Daniel,Brown,1000003415,Internal Medicine,CO,910-555-7815
3416,Karen,Williams,1000003416,General Practice,TX,612-555-5159
3417,Daniel,Smith,1000003417,Orthopedics,PA,633-555-6115
3418,William,Moore,1000003418,Pulmonology,FL,496-555-1581
3419,Mary,Smith,1000003419,Endocrinology,FL,756-555-4822
3420,Robert,Martinez,1000003420,Orthopedics,PA,566-555-4966
3421,Betty,Johnson,1000003421,Gastroenterology,IL,897-555-8334
3422,David,Martinez,1000003422,Oncology,FL,399-555-3351
3423,Patricia,Moore,1000003423,Emergency Medicine,CA,318-555-1654
3424,Susan,Brown,1000003424,Dermatology,AZ,990-555-7085
3425,Jennifer,Davis,1000003425,General Practice,CA,854-555-7120
3426,Linda,Martin,1000003426,Dermatology,CA,423-555-4796
3427,Anthony,Williams,1000003427,Oncology,IL,912-555-4265
3428,Thomas,Gonzalez,1000003428,Pulmonology,CA,439-555-8032
3429,Donald,Jackson,1000003429,Cardiology,IL,992-555-6719
3430,Sandra,Jones,1000003430,Cardiology,MA,981-555-6480
3431,Jennifer,Williams,1000003431,General Practice,WA,369-555-8442
3432,Matthew,Taylor,1000003432,Cardiology,FL,578-555-4452
3433,Anthony,Perez,1000003433,Dermatology,TX,489-555-7359
3434,James,Hernandez,1000003434,Gastroenterology,TX,840-555-5789
3435,Mark,Jackson,1000003435,Neurology,CA,721-555-8592
3436,William,Martinez,1000003436,Urology,AZ,869-555-4241
3437,Sarah,Garcia,1000003437,Gastroenterology,PA,372-555-7928
3438,Thomas,Perez,1000003438,General Practice,PA,479-555-8585
3439,Mary,Thomas,1000003439,Gastroenterology,AZ,822-555-1997
3440,Charles,Smith,1000003440,General Practice,NY,900-555-5754
3441,Lisa,Perez,1000003441,Oncology,TX,248-555-7767
3442,Sandra,Taylor,1000003442,Gastroenterology,CA,672-555-6813
3443,Elizabeth,Johnson,1000003443,Emergency Medicine,TX,916-555-7944
3444,Anthony,Thompson,1000003444,Gastroenterology,CA,422-555-7788
3445,John,Wilson,1000003445,Psychiatry,WA,760-555-9713
3446,Richard,Jones,1000003446,Dermatology,TX,606-555-7551
3447,Mary,Williams,1000003447,Dermatology,TX,473-555-1323
3448,Patricia,Hernandez,1000003448,Internal Medicine,TX,461-555-1228
3449,Sandra,Hernandez,1000003449,General Practice,TX,878-555-4753
3450,John,Martin,1000003450,Oncology,PA,575-555-3243
3451,William,Garcia,1000003451,Neurology,FL,859-555-6746
3452,James,Lopez,1000003452,Cardiology,TX,952-555-5399
3453,Linda,Rodriguez,1000003453,Pediatrics,TX,309-555-5691
3454,Lisa,Johnson,1000003454,Internal Medicine,WA,576-555-7900
3455,Linda,Anderson,1000003455,Oncology,CA,564-555-4321
3456,Margaret,Perez,1000003456,Gastroenterology,CO,236-555-7745
3457,Robert,Thomas,1000003457,Orthopedics,PA,952-555-2383
3458,Susan,Thomas,1000003458,Neurology,CA,403-555-3561
3459,Karen,Hernandez,1000003459,Psychiatry,TX,988-555-4642
3460,Christopher,Smith,1000003460,Gastroenterology,NY,843-555-9994
3461,Elizabeth,Smith,1000003461,Pulmonology,NY,993-555-9585
3462,Michael,Lopez,1000003462,Pediatrics,IL,707-555-9182
3463,Anthony,Jones,1000003463,Neurology,TX,473-555-6384
3464,Betty,Perez,1000003464,Urology,CA,707-555-1908
3465,Sarah,Brown,1000003465,Orthopedics,AZ,300-555-2663
3466,John,Lopez,1000003466,Pulmonology,IL,626-555-1113
3467,Christopher,Hernandez,1000003467,Pediatrics,PA,525-555-6252
3468,Sarah,Davis,1000003468,Internal Medicine,AZ,402-555-2898
3469,Margaret,Perez,1000003469,Orthopedics,FL,876-555-2032
3470,John,Perez,1000003470,Psychiatry,NY,891-555-2856
3471,Mark,Hernandez,1000003471,Urology,WA,339-555-4314
3472,Susan,Wilson,1000003472,Urology,MA,957-555-9158
3473,Barbara,Wilson,1000003473,Psychiatry,CA,991-555-6140
3474,Thomas,Miller,1000003474,Gastroenterology,TX,966-555-6730
3475,Richard,Gonzalez,1000003475,Dermatology,TX,444-555-3304
3476,Karen,Perez,1000003476,Dermatology,TX,875-555-3418
3477,Lisa,Thomas,1000003477,Endocrinology,FL,337-555-3250
3478,Robert,Thompson,1000003478,Gastroenterology,TX,581-555-6877
3479,Patricia,Williams,1000003479,Endocrinology,TX,607-555-9455
3480,Mark,Moore,1000003480,Internal Medicine,IL,285-555-8775
3481,Daniel,Martinez,1000003481,Cardiology,AZ,634-555-5855
3482,John,Wilson,1000003482,Urology,CO,768-555-5294
3483,Betty,Davis,1000003483,Pulmonology,AZ,704-555-6887
3484,Anthony,Hernandez,1000003484,Pediatrics,TX,858-555-3461
3485,Matthew,Moore,1000003485,Endocrinology,TX,966-555-3940
3486,Sarah,Smith,1000003486,Urology,TX,851-555-9203
3487,Joseph,Thomas,1000003487,General Practice,CA,200-555-8529
3488,Ashley,Williams,1000003488,Oncology,WA,257-555-6802
3489,Ashley,Martinez,1000003489,Neurology,TX,495-555-8292
3490,John,Lopez,1000003490,Pulmonology,WA,482-555-6300
3491,Patricia,Smith,1000003491,General Practice,TX,602-555-6787
3492,Lisa,Davis,1000003492,Neurology,WA,630-555-5516
3493,Linda,Hernandez,1000003493,Emergency Medicine,TX,942-555-8769
3494,Sandra,Taylor,1000003494,Orthopedics,TX,876-555-3456
3495,Robert,Taylor,1000003495,Neurology,IL,608-555-5272
3496,Robert,Jones,1000003496,Internal Medicine,CA,508-555-1194
3497,Margaret,Thomas,1000003497,Pediatrics,AZ,569-555-7223
3498,Anthony,Brown,1000003498,Gastroenterology,AZ,858-555-8906
3499,Charles,Wilson,1000003499,Internal Medicine,CO,208-555-5758
3500,Sarah,Johnson,1000003500,Internal Medicine,WA,647-555-4754
3501,Daniel,Hernandez,1000003501,Gastroenterology,TX,793-555-5348
3502,William,Hernandez,1000003502,Neurology,TX,910-555-4862
3503,Barbara,Lopez,1000003503,Internal Medicine,TX,240-555-7240
3504,Sarah,Lopez,1000003504,Emergency Medicine,TX,815-555-2186
3505,Charles,Garcia,1000003505,Pulmonology,PA,498-555-1379
3506,Lisa,Wilson,1000003506,Psychiatry,CA,394-555-3445
3507,Mark,Lopez,1000003507,Emergency Medicine,PA,370-555-7359
3508,John,Perez,1000003508,Endocrinology,IL,926-555-7773
3509,Lisa,Jackson,1000003509,Dermatology,TX,816-555-8107
3510,William,Lopez,1000003510,Pulmonology,CA,775-555-8965
3511,Barbara,Lopez,1000003511,Urology,TX,516-555-2417
3512,William,Garcia,1000003512,General Practice,FL,864-555-9773
3513,Ashley,Taylor,1000003513,General Practice,TX,936-555-6163
3514,Susan,Williams,1000003514,Pulmonology,PA,790-555-2785
3515,Daniel,Davis,1000003515,Pediatrics,FL,759-555-8626
3516,Margaret,Moore,1000003516,Dermatology,CA,696-555-2050
3517,Karen,Jackson,1000003517,Oncology,CA,768-555-9505
3518,Linda,Lopez,1000003518,Orthopedics,PA,699-555-4963
3519,James,Brown,1000003519,Gastroenterology,CO,843-555-5825
3520,Margaret,Johnson,1000003520,Urology,AZ,393-555-3772
3521,Betty,Williams,1000003521,General Practice,NY,342-555-9150
3522,Matthew,Taylor,1000003522,Cardiology,WA,337-555-7290
3523,Nancy,Martinez,1000003523,Neurology,CA,736-555-9362
3524,Jessica,Hernandez,1000003524,Neurology,PA,397-555-6056
3525,Barbara,Martin,1000003525,Urology,TX,419-555-5027
3526,Michael,Gonzalez,1000003526,Gastroenterology,CA,578-555-1317
3527,Christopher,Thompson,1000003527,Urology,CO,669-555-8733
3528,David,Lee,1000003528,Endocrinology,MA,473-555-2201
3529,Joseph,Smith,1000003529,Neurology,TX,912-555-5310
3530,Joseph,Johnson,1000003530,Internal Medicine,NY,398-555-4650
3531,Nancy,Jones,1000003531,Pulmonology,TX,768-555-8174
3532,William,Wilson,1000003532,Gastroenterology,TX,680-555-1549
3533,Barbara,Anderson,1000003533,Dermatology,PA,927-555-5884
3534,Donald,Lopez,1000003534,Oncology,TX,881-555-5461
3535,Elizabeth,Smith,1000003535,Endocrinology,TX,624-555-2676
3536,Margaret,Smith,1000003536,Emergency Medicine,NY,259-555-5585
3537,Mary,Johnson,1000003537,Neurology,CA,819-555-6651
3538,Lisa,Johnson,1000003538,Urology,CO,320-555-5160
3539,Charles,Anderson,1000003539,General Practice,MA,358-555-2212
3540,Ashley,Brown,1000003540,Gastroenterology,CA,379-555-7665
3541,Sandra,Davis,1000003541,General Practice,CA,326-555-5387
3542,Sandra,Jones,1000003542,Pulmonology,TX,742-555-4445
3543,Anthony,Moore,1000003543,Cardiology,TX,555-555-9436
3544,Nancy,Rodriguez,1000003544,Gastroenterology,NY,736-555-9382
3545,Richard,Rodriguez,1000003545,General Practice,MA,772-555-3573
3546,Donald,Garcia,1000003546,Pulmonology,CA,612-555-1388
3547,John,Garcia,1000003547,General Practice,PA,344-555-3843
3548,Susan,Johnson,1000003548,Pediatrics,IL,961-555-6449
3549,Susan,Lee,1000003549,Pediatrics,TX,805-555-4782
3550,Betty,Thompson,1000003550,Urology,CO,677-555-4259
3551,Elizabeth,Thomas,1000003551,Endocrinology,PA,349-555-8876
3552,David,Rodriguez,1000003552,Psychiatry,TX,565-555-7381
3553,Jessica,Gonzalez,1000003553,Urology,TX,587-555-4825
3554,John,Brown,1000003554,Dermatology,CO,204-555-3645
3555,Barbara,Smith,1000003555,Pulmonology,WA,428-555-6547
3556,David,Jackson,1000003556,Pediatrics,TX,652-555-1538
3557,Michael,Jackson,1000003557,Oncology,NY,885-555-7922
3558,Charles,Thompson,1000003558,Gastroenterology,TX,210-555-8443
3559,Matthew,Gonzalez,1000003559,Pediatrics,PA,566-555-3256
3560,Karen,Anderson,1000003560,Oncology,FL,284-555-8089
3561,Nancy,Miller,1000003561,Pulmonology,CA,520-555-1726
3562,Daniel,Moore,1000003562,Neurology,FL,851-555-4592
3563,Mark,Perez,1000003563,Pediatrics,FL,222-555-8662
3564,Michael,Lee,1000003564,Pediatrics,MA,535-555-7635
3565,Susan,Miller,1000003565,Emergency Medicine,IL,722-555-8690
3566,William,Jones,1000003566,Neurology,CO,375-555-9517
3567,David,Miller,1000003567,Cardiology,AZ,857-555-5833
3568,Mark,Thompson,1000003568,Neurology,TX,443-555-5697
3569,Joseph,Jackson,1000003569,Neurology,CA,983-555-8668
3570,Linda,Garcia,1000003570,Emergency Medicine,IL,464-555-8078
3571,John,Brown,1000003571,Gastroenterology,PA,926-555-1074
3572,Margaret,Wilson,1000003572,Oncology,CA,649-555-4450
3573,Ashley,Gonzalez,1000003573,Pulmonology,TX,404-555-1656
3574,David,Johnson,1000003574,Emergency Medicine,NY,674-555-4192
3575,Robert,Brown,1000003575,Pulmonology,MA,230-555-7365
3576,Elizabeth,Hernandez,1000003576,Endocrinology,CA,464-555-4986
3577,Charles,Williams,1000003577,General Practice,TX,733-555-1730
3578,Michael,Hernandez,1000003578,Neurology,NY,960-555-9432
3579,William,Johnson,1000003579,Urology,CA,280-555-3311
3580,Christopher,Johnson,1000003580,Urology,AZ,376-555-5592
3581,Karen,Jones,1000003581,Urology,CA,898-555-8251
3582,Mary,Garcia,1000003582,General Practice,CA,609-555-8454
3583,Betty,Garcia,1000003583,Endocrinology,TX,701-555-3285
3584,Barbara,Lee,1000003584,Emergency Medicine,TX,284-555-5358
3585,Nancy,Garcia,1000003585,Cardiology,TX,830-555-8447
3586,Daniel,Lee,1000003586,Neurology,TX,231-555-3776
3587,Mark,Hernandez,1000003587,Psychiatry,CA,373-555-7993
3588,John,Anderson,1000003588,Psychiatry,CA,270-555-3800
3589,Elizabeth,Jones,1000003589,General Practice,PA,687-555-2641
3590,Sandra,Gonzalez,1000003590,Pulmonology,TX,721-555-3928
3591,Patricia,Davis,1000003591,Psychiatry,TX,426-555-1872
3592,David,Miller,1000003592,Emergency Medicine,CA,806-555-5691
3593,David,Garcia,1000003593,Pediatrics,TX,619-555-4842
3594,David,Perez,1000003594,Cardiology,MA,902-555-9840
3595,Donald,Moore,1000003595,Dermatology,WA,816-555-3766
3596,Christopher,Taylor,1000003596,Urology,CA,678-555-5397
3597,Anthony,Wilson,1000003597,Oncology,MA,827-555-4083
3598,Mary,Gonzalez,1000003598,Dermatology,TX,681-555-3668
3599,Susan,Hernandez,1000003599,Cardiology,AZ,619-555-1751
3600,Betty,Gonzalez,1000003600,Neurology,AZ,453-555-3384
3601,Thomas,Miller,1000003601,Pulmonology,MA,707-555-3907
3602,Sandra,Martin,1000003602,Dermatology,IL,399-555-4916
3603,Joseph,Martinez,1000003603,Gastroenterology,TX,687-555-8363
3604,Thomas,Williams,1000003604,Pediatrics,AZ,544-555-5378
3605,Christopher,Martin,1000003605,Pulmonology,TX,389-555-2284
3606,Ashley,Taylor,1000003606,Dermatology,AZ,527-555-7613
3607,Margaret,Lopez,1000003607,Cardiology,MA,710-555-3757
3608,James,Miller,1000003608,Orthopedics,CA,502-555-3667
3609,Christopher,Hernandez,1000003609,Gastroenterology,TX,717-555-1805
3610,Barbara,Smith,1000003610,Neurology,CA,283-555-8758
3611,Robert,Gonzalez,1000003611,Gastroenterology,TX,433-555-6951
3612,Linda,Rodriguez,1000003612,General Practice,MA,323-555-5532
3613,Joseph,Jones,1000003613,Oncology,CO,317-555-3234
3614,Joseph,Williams,1000003614,Psychiatry,TX,472-555-7386
3615,Nancy,Hernandez,1000003615,Urology,CO,914-555-3494
3616,Christopher,Miller,1000003616,Urology,TX,701-555-1069
3617,John,Williams,1000003617,Psychiatry,PA,543-555-7883
3618,Elizabeth,Anderson,1000003618,Pulmonology,CA,951-555-1394
3619,Karen,Lopez,1000003619,Dermatology,NY,479-555-2146
3620,Mark,Martinez,1000003620,Pulmonology,IL,644-555-6082
3621,John,Moore,1000003621,Neurology,CA,302-555-2150
3622,John,Garcia,1000003622,Oncology,TX,286-555-4610
3623,William,Jones,1000003623,Dermatology,PA,843-555-4558
3624,Susan,Rodriguez,1000003624,Gastroenterology,NY,604-555-6808
3625,William,Thomas,1000003625,Cardiology,AZ,285-555-7038
3626,Daniel,Taylor,1000003626,Gastroenterology,CA,530-555-6692
3627,William,Lopez,1000003627,Emergency Medicine,CA,327-555-3280
3628,Charles,Miller,1000003628,Urology,TX,774-555-3935
3629,Christopher,Thomas,1000003629,Dermatology,CO,399-555-6807
3630,Charles,Jones,1000003630,Gastroenterology,TX,398-555-6220
3631,John,Rodriguez,1000003631,Endocrinology,CA,949-555-4830
3632,Donald,Smith,1000003632,General Practice,NY,428-555-1913
3633,Lisa,Davis,1000003633,General Practice,CA,400-555-8827
3634,Michael,Lopez,1000003634,Pulmonology,TX,260-555-9929
3635,Thomas,Jackson,1000003635,General Practice,CA,636-555-6170
3636,Richard,Garcia,1000003636,Endocrinology,TX,881-555-4013
3637,Elizabeth,Martin,1000003637,Emergency Medicine,CA,994-555-6452
3638,Sarah,Davis,1000003638,Pulmonology,CA,807-555-9138
3639,James,Davis,1000003639,Psychiatry,CA,411-555-3116
3640,Charles,Moore,1000003640,Endocrinology,TX,866-555-7514
3641,David,Brown,1000003641,Gastroenterology,TX,731-555-9436
3642,Barbara,Rodriguez,1000003642,Emergency Medicine,TX,345-555-2458
3643,Daniel,Jackson,1000003643,Emergency Medicine,CA,530-555-2766
3644,Jennifer,Wilson,1000003644,Neurology,CA,944-555-4355
3645,James,Thomas,1000003645,Gastroenterology,CA,828-555-9970
3646,Linda,Gonzalez,1000003646,Orthopedics,TX,310-555-4147
3647,Joseph,Davis,1000003647,Neurology,AZ,885-555-9455
3648,James,Jackson,1000003648,Internal Medicine,CA,571-555-5656
3649,Michael,Martin,1000003649,General Practice,MA,406-555-5944
3650,Donald,Jackson,1000003650,Cardiology,FL,217-555-1521
3651,Sandra,Moore,1000003651,Gastroenterology,TX,766-555-3254
3652,Michael,Davis,1000003652,Endocrinology,IL,350-555-7289
3653,Anthony,Jackson,1000003653,Neurology,MA,861-555-1521
3654,Robert,Davis,1000003654,Emergency Medicine,FL,343-555-1027
3655,William,Lopez,1000003655,Orthopedics,TX,749-555-4044
3656,Christopher,Rodriguez,1000003656,Pediatrics,CO,697-555-4455
3657,William,Taylor,1000003657,Urology,CA,651-555-7844
3658,Donald,Lopez,1000003658,Endocrinology,TX,294-555-9121
3659,Joseph,Lee,1000003659,Orthopedics,CA,404-555-2078
3660,William,Lopez,1000003660,Internal Medicine,TX,552-555-6846
3661,Barbara,Davis,1000003661,Dermatology,FL,382-555-3457
3662,Michael,Miller,1000003662,Emergency Medicine,CA,271-555-1365
3663,Joseph,Wilson,1000003663,Emergency Medicine,CA,491-555-5144
3664,Jennifer,Johnson,1000003664,Neurology,AZ,548-555-8918
3665,Patricia,Thomas,1000003665,Internal Medicine,TX,891-555-3431
3666,Margaret,Moore,1000003666,Orthopedics,AZ,385-555-3737
3667,Barbara,Lopez,1000003667,Pediatrics,AZ,366-555-6953
3668,Barbara,Wilson,1000003668,Internal Medicine,CA,270-555-7417
3669,Thomas,Jones,1000003669,Urology,TX,692-555-2425
3670,Donald,Perez,1000003670,Oncology,FL,361-555-9692
3671,Nancy,Smith,1000003671,Neurology,FL,859-555-4391
3672,Nancy,Hernandez,1000003672,Neurology,CA,520-555-2063
3673,Daniel,Brown,1000003673,Internal Medicine,PA,402-555-3742
3674,Mark,Lopez,1000003674,Internal Medicine,PA,444-555-5329
3675,Lisa,Wilson,1000003675,Gastroenterology,TX,251-555-9280
3676,Barbara,Smith,1000003676,Pediatrics,IL,793-555-6729
3677,Daniel,Davis,1000003677,Pediatrics,WA,255-555-7169
3678,Michael,Miller,1000003678,Neurology,MA,365-555-6531
3679,Karen,Williams,1000003679,General Practice,CA,279-555-7079
3680,Nancy,Martin,1000003680,Orthopedics,FL,992-555-5095
3681,Thomas,Thomas,1000003681,Dermatology,TX,825-555-8227
3682,Lisa,Gonzalez,1000003682,Neurology,IL,274-555-6887
3683,Mark,Davis,1000003683,Psychiatry,FL,209-555-2389
3684,Robert,Garcia,1000003684,Pediatrics,TX,615-555-2523
3685,John,Johnson,1000003685,Pediatrics,FL,463-555-4385
3686,William,Johnson,1000003686,Urology,CO,416-555-2520
3687,Linda,Martinez,1000003687,Neurology,CO,940-555-8216
3688,David,Wilson,1000003688,Neurology,FL,493-555-3256
3689,Thomas,Martinez,1000003689,Neurology,IL,709-555-6989
3690,Sarah,Anderson,1000003690,Pediatrics,MA,473-555-4413
3691,Lisa,Martin,1000003691,Endocrinology,IL,298-555-2241
3692,Sandra,Thomas,1000003692,Pediatrics,MA,538-555-6410
3693,Jessica,Thomas,1000003693,Urology,CA,487-555-5538
3694,Daniel,Moore,1000003694,Cardiology,WA,757-555-4210
3695,Richard,Hernandez,1000003695,Endocrinology,CA,676-555-7953
3696,Betty,Jackson,1000003696,General Practice,FL,527-555-9234
3697,Barbara,Hernandez,1000003697,Orthopedics,CO,505-555-6977
3698,Daniel,Davis,1000003698,Gastroenterology,TX,237-555-9528
3699,Jessica,Moore,1000003699,Orthopedics,CA,517-555-3731
3700,Jennifer,Miller,1000003700,Psychiatry,TX,565-555-3971
3701,Ashley,Brown,1000003701,Psychiatry,TX,755-555-5527
3702,Joseph,Gonzalez,1000003702,Orthopedics,CA,332-555-5727
3703,Patricia,Martinez,1000003703,Dermatology,CA,783-555-8597
3704,David,Davis,1000003704,Psychiatry,TX,432-555-6060
3705,Thomas,Anderson,1000003705,Neurology,WA,897-555-1162
3706,Susan,Hernandez,1000003706,Endocrinology,IL,556-555-8624
3707,Patricia,Lee,1000003707,Psychiatry,TX,507-555-3450
3708,Sandra,Davis,1000003708,Dermatology,TX,582-555-3111
3709,Richard,Taylor,1000003709,Psychiatry,CA,591-555-9312
3710,Daniel,Taylor,1000003710,Internal Medicine,TX,883-555-8083
3711,Elizabeth,Hernandez,1000003711,Cardiology,MA,479-555-5732
3712,Karen,Lee,1000003712,Dermatology,TX,279-555-4071
3713,Sarah,Williams,1000003713,Dermatology,IL,222-555-2610
3714,Joseph,Brown,1000003714,Internal Medicine,PA,601-555-4702
3715,Jessica,Perez,1000003715,Dermatology,AZ,379-555-5863
3716,Thomas,Jones,1000003716,Endocrinology,NY,286-555-9958
3717,Mary,Wilson,1000003717,Psychiatry,TX,229-555-2355
3718,Nancy,Smith,1000003718,Dermatology,WA,740-555-9725
3719,David,Wilson,1000003719,Oncology,TX,256-555-1023
3720,William,Moore,1000003720,Endocrinology,IL,856-555-5032
3721,Donald,Martinez,1000003721,Cardiology,WA,815-555-7669
3722,Jessica,Jackson,1000003722,Internal Medicine,TX,948-555-4086
3723,Joseph,Jackson,1000003723,Internal Medicine,CA,215-555-3333
3724,Betty,Jones,1000003724,Psychiatry,TX,947-555-9245
3725,Charles,Smith,1000003725,Neurology,AZ,800-555-7066
3726,Betty,Davis,1000003726,Pediatrics,MA,703-555-9698
3727,Patricia,Perez,1000003727,Oncology,CA,285-555-5787
3728,Robert,Perez,1000003728,Orthopedics,TX,355-555-8388
3729,Anthony,Rodriguez,1000003729,Emergency Medicine,AZ,575-555-4530
3730,Christopher,Miller,1000003730,Pulmonology,TX,745-555-7818
3731,Joseph,Martinez,1000003731,Psychiatry,TX,866-555-1278
3732,Barbara,Williams,1000003732,Psychiatry,NY,604-555-4665
3733,David,Jones,1000003733,Neurology,NY,774-555-6373
3734,Matthew,Thomas,1000003734,Dermatology,CA,417-555-4464
3735,Anthony,Jackson,1000003735,Pediatrics,FL,236-555-5949
3736,Mark,Moore,1000003736,Orthopedics,TX,229-555-5117
3737,Thomas,Brown,1000003737,Dermatology,TX,568-555-4128
3738,Charles,Jones,1000003738,Emergency Medicine,CO,373-555-8371
3739,Anthony,Martinez,1000003739,Endocrinology,TX,800-555-8056
3740,Nancy,Williams,1000003740,Cardiology,CA,513-555-5202
3741,James,Moore,1000003741,General Practice,MA,366-555-4120
3742,Michael,Hernandez,1000003742,Dermatology,CA,704-555-7761
3743,John,Thompson,1000003743,Cardiology,TX,434-555-3666
3744,Susan,Anderson,1000003744,Pediatrics,TX,281-555-6802
3745,Daniel,Williams,1000003745,Cardiology,TX,427-555-2069
3746,Richard,Hernandez,1000003746,Psychiatry,FL,814-555-3190
3747,David,Taylor,1000003747,General Practice,CA,585-555-5899
3748,Elizabeth,Moore,1000003748,Urology,CO,509-555-6367
3749,Donald,Anderson,1000003749,Psychiatry,NY,579-555-2061
3750,Robert,Miller,1000003750,Endocrinology,CA,286-555-5913
3751,David,Thomas,1000003751,Emergency Medicine,TX,954-555-8721
3752,Patricia,Thomas,1000003752,Urology,CO,697-555-9096
3753,William,Perez,1000003753,Dermatology,PA,495-555-8715
3754,Betty,Davis,1000003754,Psychiatry,CA,445-555-3872
3755,Betty,Jones,1000003755,Cardiology,TX,454-555-1510
3756,Susan,Garcia,1000003756,Urology,CA,447-555-1230
3757,James,Smith,1000003757,Internal Medicine,CA,267-555-2065
3758,Ashley,Martinez,1000003758,Cardiology,IL,864-555-2211
3759,Joseph,Johnson,1000003759,Endocrinology,FL,696-555-5248
3760,Mark,Thompson,1000003760,Internal Medicine,CO,678-555-6093
3761,Karen,Garcia,1000003761,Gastroenterology,IL,215-555-6883
3762,Margaret,Garcia,1000003762,Cardiology,TX,672-555-5075
3763,Barbara,Jackson,1000003763,Dermatology,TX,975-555-2300
3764,Elizabeth,Martin,1000003764,Dermatology,MA,748-555-3519
3765,Michael,Thompson,1000003765,Urology,TX,479-555-3601
3766,Karen,Johnson,1000003766,Pediatrics,AZ,449-555-3353
3767,Matthew,Anderson,1000003767,General Practice,WA,368-555-4543
3768,Patricia,Jackson,1000003768,Orthopedics,CA,852-555-6588
3769,Ashley,Hernandez,1000003769,Pulmonology,CA,454-555-1001
3770,Joseph,Smith,1000003770,Neurology,CA,355-555-7456
3771,William,Jones,1000003771,General Practice,CA,896-555-9726
3772,William,Taylor,1000003772,Gastroenterology,CA,816-555-8413
3773,Richard,Thompson,1000003773,Cardiology,FL,979-555-9996
3774,Karen,Lopez,1000003774,Emergency Medicine,FL,626-555-7918
3775,Mary,Williams,1000003775,Orthopedics,CO,470-555-1963
3776,Elizabeth,Lopez,1000003776,Gastroenterology,NY,519-555-4018
3777,Thomas,Lopez,1000003777,Internal Medicine,WA,698-555-2158
3778,Elizabeth,Gonzalez,1000003778,Internal Medicine,IL,585-555-3394
3779,Patricia,Moore,1000003779,Dermatology,TX,701-555-5924
3780,William,Brown,1000003780,Pediatrics,WA,943-555-7622
3781,Margaret,Davis,1000003781,Emergency Medicine,NY,552-555-1425
3782,Matthew,Anderson,1000003782,Cardiology,PA,802-555-5567
3783,Barbara,Smith,1000003783,Orthopedics,TX,520-555-6652
3784,Patricia,Taylor,1000003784,Urology,NY,663-555-5533
3785,Karen,Jones,1000003785,Dermatology,TX,963-555-8337
3786,Michael,Rodriguez,1000003786,Emergency Medicine,CO,561-555-8551
3787,Donald,Lopez,1000003787,Internal Medicine,TX,895-555-6604
3788,David,Anderson,1000003788,Neurology,AZ,250-555-2458
3789,Lisa,Johnson,1000003789,Orthopedics,CA,417-555-4013
3790,Joseph,Gonzalez,1000003790,Urology,TX,686-555-1923
3791,James,Thompson,1000003791,Endocrinology,TX,382-555-9901
3792,Donald,Thomas,1000003792,Pulmonology,WA,898-555-1915
3793,Christopher,Taylor,1000003793,Gastroenterology,AZ,944-555-6929
3794,Sandra,Martinez,1000003794,Neurology,MA,227-555-5151
3795,Matthew,Johnson,1000003795,Orthopedics,CA,729-555-6441
3796,Donald,Martinez,1000003796,Orthopedics,MA,321-555-4613
3797,Michael,Lee,1000003797,Neurology,TX,559-555-3407
3798,Elizabeth,Perez,1000003798,Psychiatry,PA,766-555-2967
3799,Karen,Martinez,1000003799,Pulmonology,TX,620-555-4539
3800,David,Davis,1000003800,Neurology,MA,731-555-3651
3801,Charles,Miller,1000003801,Orthopedics,AZ,457-555-3061
3802,Thomas,Martinez,1000003802,Endocrinology,NY,716-555-2270
3803,Karen,Smith,1000003803,Gastroenterology,TX,273-555-9649
3804,James,Lopez,1000003804,Dermatology,IL,936-555-7566
3805,Daniel,Brown,1000003805,Oncology,FL,276-555-1928
3806,Daniel,Lopez,1000003806,Emergency Medicine,WA,896-555-6861
3807,David,Lee,1000003807,Pulmonology,TX,247-555-3303
3808,Linda,Hernandez,1000003808,Cardiology,NY,761-555-3256
3809,Patricia,Jackson,1000003809,General Practice,IL,672-555-7875
3810,Jennifer,Perez,1000003810,Psychiatry,CA,202-555-9279
3811,Linda,Wilson,1000003811,Pediatrics,MA,909-555-5531
3812,Patricia,Hernandez,1000003812,Urology,CA,533-555-4933
3813,Margaret,Taylor,1000003813,General Practice,TX,593-555-3733
3814,Lisa,Davis,1000003814,Gastroenterology,TX,903-555-6169
3815,Sarah,Thompson,1000003815,Internal Medicine,TX,671-555-2021
3816,Karen,Gonzalez,1000003816,Orthopedics,MA,574-555-5892
3817,Elizabeth,Jackson,1000003817,Psychiatry,CA,445-555-2162
3818,Ashley,Taylor,1000003818,Emergency Medicine,CA,862-555-9069
3819,John,Garcia,1000003819,Neurology,CA,558-555-2168
3820,David,Jones,1000003820,Pulmonology,IL,762-555-1142
3821,James,Williams,1000003821,Emergency Medicine,AZ,279-555-1826
3822,Charles,Miller,1000003822,Gastroenterology,WA,273-555-1281
3823,Margaret,Wilson,1000003823,General Practice,CA,427-555-9381
3824,Karen,Thompson,1000003824,Orthopedics,NY,966-555-6865
3825,William,Davis,1000003825,Urology,CO,645-555-8309
3826,Barbara,Moore,1000003826,Psychiatry,FL,639-555-9966
3827,Matthew,Wilson,1000003827,Endocrinology,CA,291-555-1699
3828,Mary,Thompson,1000003828,Orthopedics,PA,918-555-2765
3829,Patricia,Wilson,1000003829,Pulmonology,TX,304-555-9596
3830,Charles,Rodriguez,1000003830,Oncology,TX,983-555-4727
3831,Karen,Garcia,1000003831,Oncology,WA,920-555-8177
3832,Elizabeth,Miller,1000003832,Neurology,TX,965-555-3175
3833,Sandra,Thompson,1000003833,Endocrinology,TX,526-555-4921
3834,Jessica,Hernandez,1000003834,Emergency Medicine,PA,279-555-6410
3835,Jennifer,Thompson,1000003835,Pediatrics,CO,878-555-3889
3836,Donald,Smith,1000003836,Gastroenterology,CO,750-555-4688
3837,Margaret,Martinez,1000003837,Cardiology,TX,862-555-9816
3838,Ashley,Anderson,1000003838,Urology,FL,637-555-3030
3839,Betty,Miller,1000003839,Pediatrics,CO,984-555-4437
3840,Mary,Garcia,1000003840,Psychiatry,CA,348-555-3349
3841,Nancy,Smith,1000003841,Pediatrics,CA,313-555-7306
3842,Mary,Perez,1000003842,Dermatology,TX,468-555-6117
3843,Linda,Hernandez,1000003843,Pediatrics,AZ,557-555-2055
3844,Robert,Wilson,1000003844,Orthopedics,WA,352-555-9082
3845,Sarah,Rodriguez,1000003845,Urology,TX,930-555-1321
3846,John,Anderson,1000003846,General Practice,AZ,493-555-3432
3847,Jessica,Wilson,1000003847,General Practice,PA,426-555-9819
3848,Nancy,Anderson,1000003848,General Practice,WA,945-555-7872
3849,John,Williams,1000003849,Oncology,TX,918-555-1088
3850,William,Thompson,1000003850,Dermatology,FL,246-555-4848
3851,Jennifer,Davis,1000003851,Endocrinology,TX,558-555-2010
3852,Daniel,Jones,1000003852,Internal Medicine,CA,502-555-3843
3853,Ashley,Taylor,1000003853,Oncology,PA,862-555-9472
3854,Linda,Lopez,1000003854,Oncology,PA,231-555-2188
3855,Barbara,Lee,1000003855,Urology,CO,915-555-1483
3856,Matthew,Taylor,1000003856,Urology,TX,863-555-9376
3857,James,Jackson,1000003857,Orthopedics,TX,439-555-2340
3858,Betty,Hernandez,1000003858,General Practice,TX,215-555-6694
3859,Sandra,Brown,1000003859,Orthopedics,MA,952-555-7094
3860,Matthew,Garcia,1000003860,Oncology,AZ,736-555-2674
3861,Betty,Gonzalez,1000003861,Urology,PA,663-555-5159
3862,Matthew,Perez,1000003862,Internal Medicine,MA,284-555-1602
3863,Richard,Gonzalez,1000003863,Internal Medicine,CO,480-555-7118
3864,David,Thompson,1000003864,Urology,TX,283-555-1434
3865,David,Thompson,1000003865,Dermatology,NY,584-555-9017
3866,Ashley,Lopez,1000003866,Emergency Medicine,FL,693-555-9600
3867,Patricia,Rodriguez,1000003867,Pulmonology,TX,212-555-8749
3868,Donald,Davis,1000003868,Neurology,MA,579-555-9686
3869,Matthew,Anderson,1000003869,Emergency Medicine,CA,228-555-7524
3870,Jennifer,Taylor,1000003870,Endocrinology,NY,690-555-7530
3871,Michael,Miller,1000003871,Cardiology,TX,283-555-7674
3872,Daniel,Wilson,1000003872,Dermatology,IL,553-555-6558
3873,Margaret,Lopez,1000003873,Orthopedics,TX,554-555-5356
3874,Lisa,Lopez,1000003874,Dermatology,FL,769-555-7881
3875,Jessica,Jones,1000003875,Endocrinology,PA,254-555-6000
3876,Ashley,Taylor,1000003876,Endocrinology,WA,935-555-3209
3877,Richard,Martinez,1000003877,Urology,CA,785-555-7384
3878,Ashley,Johnson,1000003878,Psychiatry,TX,904-555-7399
3879,Joseph,Smith,1000003879,Urology,CA,259-555-5876
3880,Betty,Smith,1000003880,Orthopedics,FL,862-555-3599
3881,Sandra,Martinez,1000003881,Urology,AZ,307-555-2581
3882,Ashley,Anderson,1000003882,Endocrinology,TX,826-555-8335
3883,Charles,Davis,1000003883,Pediatrics,NY,628-555-3031
3884,Nancy,Wilson,1000003884,Emergency Medicine,CO,224-555-3964
3885,Charles,Miller,1000003885,Emergency Medicine,AZ,344-555-1121
3886,Richard,Williams,1000003886,Internal Medicine,WA,861-555-7130
3887,Margaret,Williams,1000003887,Cardiology,CA,272-555-2275
3888,David,Rodriguez,1000003888,General Practice,CA,926-555-5834
3889,Lisa,Lopez,1000003889,Cardiology,CO,856-555-1626
3890,Daniel,Miller,1000003890,Urology,TX,592-555-6845
3891,Richard,Lee,1000003891,Cardiology,NY,836-555-2503
3892,Betty,Rodriguez,1000003892,Emergency Medicine,CO,288-555-2228
3893,Betty,Thomas,1000003893,Pulmonology,PA,949-555-5688
3894,Ashley,Jackson,1000003894,Gastroenterology,TX,286-555-8431
3895,Karen,Perez,1000003895,General Practice,PA,938-555-9578
3896,David,Anderson,1000003896,Dermatology,CA,603-555-6369
3897,Elizabeth,Thompson,1000003897,Internal Medicine,FL,213-555-1102
3898,Matthew,Jones,1000003898,Psychiatry,CA,716-555-3600
3899,Ashley,Miller,1000003899,Psychiatry,FL,923-555-5297
3900,Richard,Williams,1000003900,Pulmonology,FL,344-555-4784
3901,Joseph,Thomas,1000003901,Pulmonology,CO,683-555-4190
3902,Mark,Hernandez,1000003902,Endocrinology,CA,231-555-5825
3903,Karen,Taylor,1000003903,Emergency Medicine,PA,387-555-1911
3904,Robert,Miller,1000003904,Cardiology,CA,966-555-2711
3905,Margaret,Gonzalez,1000003905,Pediatrics,CA,751-555-7199
3906,Joseph,Martin,1000003906,Dermatology,CA,642-555-1647
3907,Patricia,Rodriguez,1000003907,Pediatrics,MA,923-555-6485
3908,Sandra,Rodriguez,1000003908,Dermatology,TX,277-555-5569
3909,John,Martinez,1000003909,Dermatology,CO,396-555-7051
3910,Jennifer,Martinez,1000003910,Pediatrics,TX,996-555-2335
3911,Christopher,Jones,1000003911,Neurology,MA,391-555-7618
3912,Barbara,Miller,1000003912,Dermatology,TX,606-555-6733
3913,Thomas,Thomas,1000003913,Orthopedics,WA,981-555-2875
3914,Ashley,Martinez,1000003914,Emergency Medicine,PA,994-555-9959
3915,Jennifer,Anderson,1000003915,Emergency Medicine,FL,432-555-5090
3916,Charles,Perez,1000003916,Urology,TX,783-555-7910
3917,Michael,Gonzalez,1000003917,Internal Medicine,TX,723-555-5855
3918,Joseph,Lee,1000003918,Gastroenterology,CO,674-555-3277
3919,David,Gonzalez,1000003919,Orthopedics,IL,538-555-8023
3920,Mark,Wilson,1000003920,Urology,NY,462-555-1608
3921,Sandra,Martin,1000003921,Psychiatry,NY,359-555-3522
3922,Karen,Rodriguez,1000003922,Orthopedics,NY,542-555-3023
3923,Michael,Smith,1000003923,Neurology,CO,870-555-2392
3924,Christopher,Smith,1000003924,Pulmonology,TX,783-555-9497
3925,Mary,Martin,1000003925,Gastroenterology,MA,902-555-7750
3926,Robert,Wilson,1000003926,General Practice,CA,255-555-6685
3927,James,Miller,1000003927,Psychiatry,CA,997-555-6209
3928,Ashley,Lopez,1000003928,Cardiology,FL,585-555-1552
3929,Jennifer,Wilson,1000003929,Neurology,CO,479-555-9463
3930,Ashley,Brown,1000003930,Pulmonology,AZ,278-555-6718
3931,Ashley,Hernandez,1000003931,Internal Medicine,MA,781-555-9819
3932,Matthew,Davis,1000003932,Oncology,PA,433-555-9198
3933,Mary,Smith,1000003933,Emergency Medicine,TX,276-555-4179
3934,Linda,Miller,1000003934,Neurology,TX,325-555-6569
3935,James,Jones,1000003935,Pulmonology,CO,323-555-5981
3936,Charles,Thomas,1000003936,General Practice,CO,421-555-3863
3937,Robert,Miller,1000003937,Oncology,MA,386-555-1116
3938,Nancy,Williams,1000003938,Orthopedics,TX,426-555-4483
3939,William,Rodriguez,1000003939,Psychiatry,CO,633-555-4368
3940,Margaret,Perez,1000003940,Dermatology,WA,288-555-3737
3941,Joseph,Hernandez,1000003941,Internal Medicine,AZ,250-555-1250
3942,Ashley,Brown,1000003942,Cardiology,NY,514-555-8979
3943,Margaret,Garcia,1000003943,Endocrinology,IL,928-555-8857
3944,Daniel,Johnson,1000003944,Psychiatry,TX,238-555-1612
3945,Linda,Thomas,1000003945,Urology,AZ,593-555-6154
3946,Jennifer,Perez,1000003946,Endocrinology,CA,841-555-2617
3947,Barbara,Miller,1000003947,Neurology,TX,842-555-6782
3948,Elizabeth,Martinez,1000003948,Emergency Medicine,FL,419-555-1364
3949,Ashley,Lopez,1000003949,Orthopedics,WA,402-555-8673
3950,Robert,Lee,1000003950,General Practice,TX,423-555-8267
3951,Karen,Taylor,1000003951,General Practice,TX,202-555-7268
3952,Sandra,Gonzalez,1000003952,Gastroenterology,PA,602-555-6857
3953,Mary,Lopez,1000003953,Internal Medicine,MA,202-555-6540
3954,James,Jones,1000003954,General Practice,CO,751-555-8648
3955,Donald,Perez,1000003955,Pediatrics,AZ,672-555-4319
3956,Elizabeth,Miller,1000003956,Dermatology,AZ,871-555-2823
3957,Lisa,Wilson,1000003957,Emergency Medicine,PA,257-555-5210
3958,Susan,Davis,1000003958,Endocrinology,NY,799-555-4524
3959,Elizabeth,Davis,1000003959,Gastroenterology,CA,663-555-8032
3960,Mark,Martin,1000003960,Urology,IL,592-555-4174
3961,Sandra,Miller,1000003961,Dermatology,NY,915-555-8989
3962,Jennifer,Thompson,1000003962,Endocrinology,AZ,995-555-8562
3963,Linda,Anderson,1000003963,Pulmonology,WA,341-555-5614
3964,Michael,Miller,1000003964,Emergency Medicine,WA,699-555-6044
3965,Jessica,Rodriguez,1000003965,Neurology,TX,364-555-8394
3966,Mary,Rodriguez,1000003966,Neurology,MA,257-555-1987
3967,Joseph,Johnson,1000003967,Pediatrics,MA,485-555-8513
3968,Robert,Williams,1000003968,Pediatrics,PA,237-555-8884
3969,Karen,Taylor,1000003969,Oncology,IL,385-555-9379
3970,James,Moore,1000003970,Psychiatry,CA,988-555-9048
3971,Thomas,Miller,1000003971,Neurology,WA,351-555-1604
3972,David,Perez,1000003972,Emergency Medicine,TX,583-555-7271
3973,Joseph,Wilson,1000003973,Emergency Medicine,CO,257-555-2407
3974,Donald,Gonzalez,1000003974,Dermatology,FL,676-555-3951
3975,Donald,Perez,1000003975,Oncology,MA,446-555-1856
3976,Patricia,Hernandez,1000003976,Dermatology,TX,573-555-8632
3977,Robert,Jackson,1000003977,Gastroenterology,PA,391-555-1512
3978,Jennifer,Perez,1000003978,Pediatrics,PA,750-555-3563
3979,Susan,Lee,1000003979,Urology,CA,761-555-8571
3980,Charles,Gonzalez,1000003980,Psychiatry,TX,705-555-7362
3981,Barbara,Hernandez,1000003981,Oncology,CA,665-555-2624
3982,John,Brown,1000003982,Oncology,CO,303-555-1535
3983,Betty,Martin,1000003983,Cardiology,WA,476-555-4814
3984,Sarah,Williams,1000003984,Urology,CA,335-555-3648
3985,Richard,Garcia,1000003985,Gastroenterology,NY,329-555-5067
3986,Elizabeth,Taylor,1000003986,Psychiatry,TX,790-555-4502
3987,William,Johnson,1000003987,Neurology,FL,690-555-5287
3988,Joseph,Garcia,1000003988,Psychiatry,TX,787-555-3156
3989,James,Hernandez,1000003989,Urology,TX,303-555-2549
3990,Richard,Jackson,1000003990,Pulmonology,CA,952-555-4289
3991,Jennifer,Garcia,1000003991,Neurology,AZ,666-555-6918
3992,David,Jackson,1000003992,Urology,IL,738-555-1156
3993,Daniel,Taylor,1000003993,Psychiatry,NY,788-555-2229
3994,Elizabeth,Brown,1000003994,Endocrinology,NY,458-555-3778
3995,Donald,Anderson,1000003995,Dermatology,FL,389-555-3050
3996,Joseph,Garcia,1000003996,Dermatology,TX,902-555-3458
3997,Ashley,Martinez,1000003997,Orthopedics,IL,206-555-5414
3998,Joseph,Williams,1000003998,Orthopedics,TX,306-555-6788
3999,James,Lee,1000003999,Emergency Medicine,CA,824-555-1514
4000,Sandra,Jackson,1000004000,Neurology,CA,848-555-2309
4001,Christopher,Jackson,1000004001,Gastroenterology,MA,248-555-6014
4002,David,Rodriguez,1000004002,Internal Medicine,PA,658-555-4795
4003,Anthony,Jackson,1000004003,Pulmonology,NY,620-555-5630
4004,Karen,Garcia,1000004004,Neurology,TX,355-555-6112
4005,Mark,Moore,1000004005,Oncology,TX,212-555-8134
4006,Charles,Martinez,1000004006,Psychiatry,PA,849-555-6709
4007,John,Lopez,1000004007,Pediatrics,MA,939-555-3161
4008,Susan,Thompson,1000004008,Emergency Medicine,CA,699-555-3012
4009,Mark,Brown,1000004009,Neurology,CO,811-555-9759
4010,Mark,Gonzalez,1000004010,Pediatrics,WA,648-555-1118
4011,Patricia,Johnson,1000004011,General Practice,TX,856-555-6212
4012,Charles,Jones,1000004012,Gastroenterology,NY,375-555-9771
4013,Lisa,Gonzalez,1000004013,Psychiatry,CA,889-555-7287
4014,John,Lopez,1000004014,Internal Medicine,TX,277-555-1199
4015,Richard,Williams,1000004015,Neurology,FL,937-555-2931
4016,Richard,Jackson,1000004016,Neurology,TX,908-555-4856
4017,Barbara,Anderson,1000004017,Internal Medicine,IL,940-555-9572
4018,Donald,Martin,1000004018,Cardiology,NY,763-555-4895
4019,Joseph,Jackson,1000004019,Oncology,TX,678-555-8724
4020,Christopher,Martin,1000004020,Neurology,IL,684-555-7963
4021,Margaret,Jackson,1000004021,Pulmonology,CO,530-555-5347
4022,David,Garcia,1000004022,Dermatology,TX,342-555-7229
4023,Charles,Lee,1000004023,Pediatrics,CA,325-555-6435
4024,Jessica,Thomas,1000004024,Gastroenterology,TX,615-555-1441
4025,Nancy,Lee,1000004025,Pediatrics,CA,368-555-4431
4026,Susan,Garcia,1000004026,Oncology,IL,751-555-8809
4027,Karen,Jackson,1000004027,Orthopedics,TX,792-555-6924
4028,Barbara,Hernandez,1000004028,Psychiatry,TX,950-555-5861
4029,Robert,Thomas,1000004029,Internal Medicine,AZ,444-555-1064
4030,Karen,Smith,1000004030,Pediatrics,WA,507-555-5758
4031,John,Anderson,1000004031,Dermatology,CA,588-555-4301
4032,Sarah,Johnson,1000004032,Dermatology,TX,668-555-7176
4033,Anthony,Hernandez,1000004033,Cardiology,TX,204-555-1476
4034,Mark,Davis,1000004034,General Practice,IL,612-555-9306
4035,Barbara,Rodriguez,1000004035,Cardiology,WA,599-555-3417
4036,Nancy,Thomas,1000004036,Endocrinology,PA,381-555-8783
4037,Sandra,Perez,1000004037,Psychiatry,CO,624-555-7505
4038,Jessica,Jackson,1000004038,Psychiatry,CA,248-555-6791
4039,John,Wilson,1000004039,Internal Medicine,CA,803-555-6538
4040,Joseph,Lopez,1000004040,Endocrinology,TX,457-555-2125
4041,Betty,Brown,1000004041,Emergency Medicine,TX,855-555-5137
4042,John,Wilson,1000004042,Orthopedics,TX,440-555-5084
4043,Charles,Jones,1000004043,Endocrinology,CO,533-555-3604
4044,Margaret,Smith,1000004044,Cardiology,TX,208-555-6583
4045,Daniel,Perez,1000004045,Orthopedics,WA,254-555-3809
4046,Mark,Rodriguez,1000004046,Cardiology,CA,769-555-4165
4047,Matthew,Garcia,1000004047,Pulmonology,TX,767-555-8902
4048,David,Martin,1000004048,Emergency Medicine,PA,267-555-8984
4049,Patricia,Garcia,1000004049,Cardiology,PA,554-555-4509
4050,Christopher,Jackson,1000004050,Internal Medicine,CA,492-555-1064
4051,Margaret,Anderson,1000004051,Neurology,TX,869-555-1299
4052,Matthew,Taylor,1000004052,Internal Medicine,IL,613-555-9852
4053,Linda,Lee,1000004053,Orthopedics,TX,815-555-3179
4054,Joseph,Brown,1000004054,Endocrinology,NY,512-555-1576
4055,Patricia,Brown,1000004055,Neurology,TX,879-555-2592
4056,Thomas,Williams,1000004056,Dermatology,CO,678-555-3357
4057,Daniel,Smith,1000004057,Oncology,CO,972-555-6147
4058,Thomas,Rodriguez,1000004058,Dermatology,TX,820-555-1784
4059,William,Garcia,1000004059,Pulmonology,TX,245-555-4061
4060,Jessica,Anderson,1000004060,Neurology,TX,996-555-9896
4061,Jennifer,Garcia,1000004061,Psychiatry,MA,958-555-9223
4062,Karen,Rodriguez,1000004062,Endocrinology,TX,544-555-1147
4063,Ashley,Gonzalez,1000004063,Gastroenterology,CA,491-555-2519
4064,Sarah,Jones,1000004064,Gastroenterology,CA,939-555-7344
4065,Lisa,Taylor,1000004065,Orthopedics,TX,412-555-7656
4066,Elizabeth,Moore,1000004066,General Practice,TX,814-555-5551
4067,Sarah,Hernandez,1000004067,Cardiology,TX,571-555-4371
4068,Michael,Martinez,1000004068,Neurology,WA,413-555-8736
4069,Susan,Anderson,1000004069,Pulmonology,MA,422-555-2059
4070,Mary,Lopez,1000004070,Cardiology,TX,681-555-7508
4071,Sandra,Garcia,1000004071,Cardiology,TX,584-555-1074
4072,Charles,Anderson,1000004072,Endocrinology,CA,591-555-6916
4073,Robert,Johnson,1000004073,Cardiology,AZ,613-555-9199
4074,Daniel,Miller,1000004074,Internal Medicine,TX,428-555-9488
4075,Elizabeth,Jones,1000004075,Dermatology,CA,506-555-3237
4076,Barbara,Jackson,1000004076,Pediatrics,TX,431-555-5603
4077,Matthew,Hernandez,1000004077,Internal Medicine,CA,580-555-8601
4078,Robert,Martinez,1000004078,Emergency Medicine,PA,684-555-3586
4079,Jessica,Miller,1000004079,Gastroenterology,PA,644-555-4671
4080,Christopher,Jones,1000004080,Neurology,TX,226-555-6570
4081,Susan,Lee,1000004081,Pediatrics,WA,539-555-7097
4082,Susan,Miller,1000004082,Gastroenterology,PA,745-555-2183
4083,Richard,Hernandez,1000004083,Urology,FL,507-555-1288
4084,Mary,Davis,1000004084,Oncology,CA,237-555-6004
4085,Linda,Williams,1000004085,Emergency Medicine,NY,413-555-1376
4086,Ashley,Gonzalez,1000004086,Cardiology,TX,746-555-5985
4087,Betty,Jones,1000004087,Gastroenterology,NY,724-555-5414
4088,Linda,Brown,1000004088,Psychiatry,CO,534-555-7998
4089,Betty,Martin,1000004089,Pediatrics,IL,201-555-8039
4090,Barbara,Martin,1000004090,Emergency Medicine,CA,499-555-6356
4091,Margaret,Rodriguez,1000004091,Internal Medicine,IL,632-555-3224
4092,John,Gonzalez,1000004092,Internal Medicine,NY,321-555-9918
4093,Jessica,Moore,1000004093,Neurology,CA,612-555-3652
4094,Christopher,Davis,1000004094,Oncology,PA,268-555-7681
4095,Matthew,Garcia,1000004095,Pediatrics,TX,274-555-4514
4096,Richard,Johnson,1000004096,Endocrinology,TX,482-555-5006
4097,Betty,Moore,1000004097,Neurology,CA,522-555-5055
4098,Mary,Jones,1000004098,Cardiology,CA,916-555-9854
4099,Christopher,Jackson,1000004099,Pulmonology,IL,425-555-8185
4100,James,Anderson,1000004100,Oncology,TX,485-555-7451
4101,Jessica,Smith,1000004101,Pulmonology,CA,945-555-7013
4102,Betty,Rodriguez,1000004102,Urology,CA,210-555-5354
4103,William,Garcia,1000004103,Emergency Medicine,CA,556-555-7907
4104,Christopher,Taylor,1000004104,Dermatology,AZ,959-555-8737
4105,Mark,Brown,1000004105,Dermatology,CA,296-555-9852
4106,Lisa,Martin,1000004106,Neurology,MA,496-555-7142
4107,Jennifer,Garcia,1000004107,Neurology,MA,880-555-7078
4108,Richard,Thompson,1000004108,Orthopedics,TX,455-555-8171
4109,Sarah,Wilson,1000004109,Dermatology,PA,347-555-7984
4110,Michael,Jones,1000004110,Oncology,CA,997-555-5536
4111,William,Thompson,1000004111,Neurology,CA,500-555-3534
4112,Ashley,Lopez,1000004112,Neurology,FL,693-555-5671
4113,Anthony,Hernandez,1000004113,Cardiology,CA,751-555-7288
4114,Betty,Garcia,1000004114,Psychiatry,AZ,868-555-2594
4115,James,Hernandez,1000004115,Gastroenterology,FL,325-555-7116
4116,Sandra,Perez,1000004116,Emergency Medicine,TX,299-555-5638
4117,Mark,Garcia,1000004117,Orthopedics,TX,659-555-4810
4118,Margaret,Davis,1000004118,Orthopedics,TX,513-555-2322
4119,Mary,Martin,1000004119,Orthopedics,CA,982-555-5043
4120,Elizabeth,Taylor,1000004120,Pediatrics,WA,975-555-5648
4121,Ashley,Brown,1000004121,Gastroenterology,TX,251-555-9236
4122,Jennifer,Gonzalez,1000004122,General Practice,TX,301-555-6299
4123,Daniel,Hernandez,1000004123,Endocrinology,TX,811-555-3943
4124,Richard,Davis,1000004124,Urology,TX,382-555-3915
4125,Betty,Johnson,1000004125,Endocrinology,AZ,891-555-6756
4126,Linda,Rodriguez,1000004126,Endocrinology,IL,482-555-3656
4127,Joseph,Jackson,1000004127,Gastroenterology,CA,526-555-2517
4128,Christopher,Rodriguez,1000004128,Neurology,NY,509-555-9783
4129,Matthew,Martinez,1000004129,Oncology,AZ,234-555-4946
4130,Joseph,Williams,1000004130,Oncology,TX,499-555-6217
4131,Ashley,Martin,1000004131,Urology,PA,481-555-5736
4132,Jessica,Jackson,1000004132,Neurology,IL,458-555-1020
4133,Jennifer,Thomas,1000004133,General Practice,AZ,406-555-9820
4134,David,Anderson,1000004134,Psychiatry,WA,323-555-4168
4135,Mary,Gonzalez,1000004135,Gastroenterology,TX,970-555-1408
4136,James,Jackson,1000004136,Dermatology,TX,355-555-5861
4137,Thomas,Gonzalez,1000004137,Cardiology,AZ,831-555-5922
4138,Margaret,Jones,1000004138,Endocrinology,NY,207-555-7678
4139,Richard,Anderson,1000004139,Dermatology,TX,890-555-8895
4140,Elizabeth,Brown,1000004140,Oncology,MA,970-555-9723
4141,Michael,Anderson,1000004141,Neurology,MA,232-555-6764
4142,Patricia,Thompson,1000004142,Internal Medicine,MA,794-555-7923
4143,Linda,Jackson,1000004143,General Practice,TX,504-555-3796
4144,Lisa,Garcia,1000004144,Emergency Medicine,CA,350-555-2063
4145,James,Taylor,1000004145,Pediatrics,MA,901-555-2427
4146,Robert,Jackson,1000004146,Orthopedics,TX,683-555-7634
4147,Thomas,Brown,1000004147,Oncology,FL,332-555-2176
4148,Charles,Rodriguez,1000004148,Internal Medicine,CA,313-555-6242
4149,Nancy,Johnson,1000004149,Endocrinology,WA,888-555-5145
4150,Nancy,Wilson,1000004150,Psychiatry,TX,426-555-3356
4151,Richard,Martinez,1000004151,Endocrinology,CA,691-555-7043
4152,Charles,Davis,1000004152,Internal Medicine,MA,369-555-5664
4153,Betty,Lopez,1000004153,Cardiology,NY,984-555-6309
4154,Nancy,Brown,1000004154,Internal Medicine,TX,707-555-5880
4155,Susan,Miller,1000004155,Emergency Medicine,CA,809-555-5624
4156,Christopher,Garcia,1000004156,Urology,NY,320-555-7723
4157,Elizabeth,Jackson,1000004157,Oncology,IL,458-555-7087
4158,James,Moore,1000004158,Cardiology,MA,518-555-3460
4159,Patricia,Hernandez,1000004159,Urology,NY,652-555-8471
4160,Jennifer,Miller,1000004160,Psychiatry,MA,820-555-9453
4161,Susan,Anderson,1000004161,Emergency Medicine,TX,811-555-4139
4162,Jessica,Hernandez,1000004162,Pediatrics,TX,258-555-8064
4163,Mark,Thompson,1000004163,Pulmonology,CA,739-555-1807
4164,Sandra,Lopez,1000004164,Pulmonology,CA,253-555-5108
4165,Anthony,Miller,1000004165,General Practice,PA,481-555-7712
4166,Barbara,Brown,1000004166,Psychiatry,PA,312-555-6156
4167,Christopher,Garcia,1000004167,Cardiology,TX,921-555-6943
4168,James,Rodriguez,1000004168,Endocrinology,FL,628-555-7088
4169,Barbara,Martinez,1000004169,Cardiology,TX,881-555-1728
4170,Robert,Moore,1000004170,Oncology,WA,744-555-1469
4171,Margaret,Martinez,1000004171,Cardiology,TX,804-555-5083
4172,Patricia,Taylor,1000004172,Gastroenterology,WA,272-555-3615
4173,James,Lee,1000004173,General Practice,CA,271-555-9389
4174,Ashley,Taylor,1000004174,Psychiatry,CA,748-555-5461
4175,David,Wilson,1000004175,Pediatrics,IL,205-555-4110
4176,Christopher,Anderson,1000004176,Urology,IL,645-555-9691
4177,Christopher,Taylor,1000004177,Urology,TX,747-555-8889
4178,Patricia,Thompson,1000004178,Psychiatry,TX,548-555-2384
4179,David,Taylor,1000004179,Urology,TX,778-555-4204
4180,Elizabeth,Thomas,1000004180,Oncology,WA,458-555-6326
4181,Anthony,Martinez,1000004181,Dermatology,CA,636-555-6102
4182,Elizabeth,Wilson,1000004182,Cardiology,CA,541-555-5642
4183,Michael,Taylor,1000004183,Urology,FL,902-555-4971
4184,Sandra,Taylor,1000004184,Neurology,PA,731-555-8057
4185,Nancy,Wilson,1000004185,Oncology,CA,537-555-3170
4186,David,Jackson,1000004186,Urology,CA,776-555-2601
4187,Donald,Martin,1000004187,Emergency Medicine,WA,757-555-2348
4188,Jessica,Wilson,1000004188,Cardiology,IL,764-555-7106
4189,Thomas,Garcia,1000004189,Cardiology,WA,745-555-9616
4190,Charles,Jones,1000004190,Pediatrics,TX,408-555-8479
4191,Karen,Johnson,1000004191,Orthopedics,TX,499-555-1525
4192,Sarah,Johnson,1000004192,Oncology,TX,849-555-5744
4193,Charles,Brown,1000004193,Urology,TX,424-555-5702
4194,Susan,Thomas,1000004194,Neurology,MA,358-555-9684
4195,Patricia,Martinez,1000004195,Psychiatry,NY,431-555-8850
4196,James,Brown,1000004196,Cardiology,MA,328-555-1680
4197,David,Taylor,1000004197,Gastroenterology,CA,985-555-8529
4198,Christopher,Thomas,1000004198,Urology,CA,842-555-6584
4199,Thomas,Thompson,1000004199,Cardiology,TX,486-555-4595
4200,Sarah,Williams,1000004200,Orthopedics,CA,446-555-5278
4201,Donald,Gonzalez,1000004201,General Practice,CA,555-555-4782
4202,Robert,Johnson,1000004202,Orthopedics,AZ,977-555-9546
4203,Matthew,Lee,1000004203,Internal Medicine,CO,570-555-2929
4204,Matthew,Johnson,1000004204,Gastroenterology,CO,618-555-1545
4205,Barbara,Martin,1000004205,Orthopedics,IL,997-555-3450
4206,Daniel,Brown,1000004206,Psychiatry,TX,359-555-3850
4207,Margaret,Thomas,1000004207,Oncology,CA,395-555-1060
4208,Ashley,Davis,1000004208,Internal Medicine,AZ,337-555-8192
4209,David,Martin,1000004209,Orthopedics,FL,600-555-5352
4210,Richard,Wilson,1000004210,Neurology,MA,406-555-3725
4211,Linda,Davis,1000004211,Oncology,CA,769-555-9899
4212,Linda,Jones,1000004212,Orthopedics,WA,462-555-7568
4213,Mark,Lee,1000004213,Neurology,WA,819-555-4947
4214,Charles,Johnson,1000004214,Psychiatry,TX,498-555-7260
4215,Mary,Johnson,1000004215,Cardiology,TX,975-555-9178
4216,James,Miller,1000004216,Cardiology,NY,668-555-1021
4217,Nancy,Taylor,1000004217,Gastroenterology,AZ,250-555-1216
4218,Richard,Miller,1000004218,Urology,CA,466-555-4080
4219,Matthew,Thompson,1000004219,Gastroenterology,CO,825-555-4437
4220,Donald,Thomas,1000004220,Internal Medicine,NY,335-555-1831
4221,William,Williams,1000004221,Orthopedics,FL,754-555-6363
4222,Susan,Thompson,1000004222,General Practice,CA,520-555-4168
4223,Linda,Martinez,1000004223,Endocrinology,CA,429-555-8890
4224,Richard,Thompson,1000004224,Gastroenterology,TX,292-555-9891
4225,Donald,Thomas,1000004225,Emergency Medicine,FL,638-555-4308
4226,Ashley,Rodriguez,1000004226,Cardiology,TX,775-555-1865
4227,Mark,Smith,1000004227,Oncology,IL,960-555-2431
4228,Matthew,Anderson,1000004228,Pulmonology,TX,989-555-4236
4229,Thomas,Rodriguez,1000004229,Psychiatry,CA,775-555-8031
4230,Susan,Miller,1000004230,Psychiatry,CA,799-555-6463
4231,Mary,Jones,1000004231,Cardiology,NY,581-555-6823
4232,Matthew,Martin,1000004232,Psychiatry,TX,424-555-5914
4233,Susan,Jackson,1000004233,Endocrinology,TX,910-555-1012
4234,Sarah,Martin,1000004234,Neurology,PA,753-555-6893
4235,Lisa,Taylor,1000004235,Pulmonology,TX,690-555-7992
4236,Sarah,Garcia,1000004236,Urology,CA,341-555-2073
4237,David,Thompson,1000004237,Orthopedics,CA,459-555-1747
4238,Anthony,Lopez,1000004238,General Practice,PA,607-555-3727
4239,Anthony,Anderson,1000004239,Orthopedics,NY,979-555-8837
4240,John,Moore,1000004240,Pediatrics,TX,484-555-4756
4241,Sandra,Thomas,1000004241,Orthopedics,CA,473-555-5844
4242,Mark,Johnson,1000004242,Psychiatry,TX,557-555-8174
4243,Margaret,Hernandez,1000004243,Emergency Medicine,CA,503-555-9104
4244,Mark,Gonzalez,1000004244,Endocrinology,CA,488-555-5464
4245,Lisa,Smith,1000004245,Gastroenterology,AZ,345-555-5154
4246,Sandra,Jackson,1000004246,Pulmonology,TX,482-555-6247
4247,Margaret,Thomas,1000004247,Gastroenterology,MA,249-555-1944
4248,Susan,Anderson,1000004248,Psychiatry,CA,725-555-6651
4249,Joseph,Anderson,1000004249,Dermatology,WA,407-555-6829
4250,Mark,Lopez,1000004250,Pediatrics,CA,275-555-8750
4251,Karen,Brown,1000004251,Oncology,TX,891-555-4878
4252,Thomas,Taylor,1000004252,Internal Medicine,IL,676-555-9401
4253,Daniel,Lee,1000004253,Emergency Medicine,NY,514-555-1351
4254,Mark,Lopez,1000004254,Urology,TX,852-555-1295
4255,Daniel,Davis,1000004255,Internal Medicine,IL,419-555-8553
4256,Mark,Miller,1000004256,Neurology,WA,703-555-8669
4257,Lisa,Gonzalez,1000004257,Dermatology,IL,715-555-4094
4258,Robert,Taylor,1000004258,Pediatrics,NY,254-555-5173
4259,Lisa,Miller,1000004259,Urology,CA,850-555-8895
4260,Sandra,Anderson,1000004260,Orthopedics,CO,931-555-4998
4261,Karen,Lopez,1000004261,Gastroenterology,MA,239-555-5093
4262,Robert,Williams,1000004262,Neurology,TX,691-555-9333
4263,Robert,Moore,1000004263,Internal Medicine,MA,419-555-6428
4264,James,Smith,1000004264,Neurology,CA,388-555-9585
4265,Ashley,Wilson,1000004265,General Practice,TX,726-555-2611
4266,Robert,Thompson,1000004266,Endocrinology,TX,492-555-4628
4267,Margaret,Brown,1000004267,Pediatrics,CA,243-555-3801
4268,Ashley,Garcia,1000004268,Pediatrics,AZ,638-555-2209
4269,William,Smith,1000004269,Emergency Medicine,TX,634-555-8477
4270,Lisa,Jones,1000004270,Dermatology,CO,271-555-4505
4271,Sarah,Gonzalez,1000004271,Orthopedics,NY,560-555-3688
4272,Elizabeth,Thompson,1000004272,Internal Medicine,CA,898-555-8750
4273,Karen,Gonzalez,1000004273,Psychiatry,IL,674-555-5063
4274,Mary,Taylor,1000004274,Pediatrics,CA,608-555-6790
4275,Charles,Gonzalez,1000004275,Endocrinology,MA,667-555-5977
4276,John,Smith,1000004276,Psychiatry,NY,597-555-5914
4277,Anthony,Jones,1000004277,Cardiology,NY,236-555-7017
4278,Ashley,Wilson,1000004278,General Practice,CO,743-555-3399
4279,Lisa,Miller,1000004279,Cardiology,CO,761-555-6737
4280,James,Jones,1000004280,Gastroenterology,IL,707-555-2506
4281,Anthony,Wilson,1000004281,Neurology,FL,953-555-5911
4282,Richard,Jones,1000004282,Psychiatry,IL,450-555-4947
4283,Barbara,Taylor,1000004283,Neurology,FL,803-555-6716
4284,Betty,Johnson,1000004284,Orthopedics,CA,494-555-6440
4285,Patricia,Garcia,1000004285,Neurology,NY,506-555-1685
4286,Sandra,Martinez,1000004286,Orthopedics,CA,388-555-8026
4287,Sandra,Rodriguez,1000004287,Emergency Medicine,CA,244-555-3497
4288,Karen,Wilson,1000004288,Emergency Medicine,MA,495-555-2135
4289,Linda,Perez,1000004289,Neurology,CA,947-555-6951
4290,Anthony,Thomas,1000004290,Dermatology,NY,996-555-6378
4291,Donald,Martinez,1000004291,Pulmonology,CO,407-555-4471
4292,Michael,Thompson,1000004292,Urology,PA,443-555-2971
4293,Patricia,Jackson,1000004293,Internal Medicine,TX,564-555-3639
4294,Lisa,Thomas,1000004294,Urology,WA,914-555-4385
4295,James,Thompson,1000004295,Internal Medicine,CO,376-555-5191
4296,Jennifer,Taylor,1000004296,Psychiatry,IL,453-555-5153
4297,Mark,Jones,1000004297,Oncology,CA,928-555-5249
4298,John,Smith,1000004298,Oncology,CA,436-555-5670
4299,Barbara,Johnson,1000004299,Dermatology,CA,785-555-7401
4300,Nancy,Lopez,1000004300,Emergency Medicine,TX,857-555-2946
4301,Patricia,Miller,1000004301,Pulmonology,CA,447-555-4136
4302,Nancy,Miller,1000004302,Pulmonology,PA,478-555-1946
4303,Nancy,Miller,1000004303,Neurology,CA,280-555-5193
4304,Elizabeth,Smith,1000004304,Internal Medicine,MA,681-555-2820
4305,Sarah,Thompson,1000004305,Neurology,TX,295-555-6593
4306,Betty,Rodriguez,1000004306,Neurology,WA,954-555-2128
4307,Susan,Thompson,1000004307,Internal Medicine,IL,860-555-3855
4308,Mark,Thomas,1000004308,Cardiology,TX,956-555-1259
4309,David,Thomas,1000004309,Emergency Medicine,PA,962-555-9840
4310,Robert,Rodriguez,1000004310,Internal Medicine,TX,377-555-2910
4311,Linda,Jackson,1000004311,Oncology,TX,211-555-4355
4312,Nancy,Jones,1000004312,General Practice,TX,698-555-3454
4313,Ashley,Wilson,1000004313,Orthopedics,AZ,947-555-8175
4314,Nancy,Thompson,1000004314,Cardiology,WA,318-555-8132
4315,Mary,Perez,1000004315,Gastroenterology,CA,994-555-5330
4316,Anthony,Martin,1000004316,Dermatology,PA,627-555-4351
4317,Christopher,Martinez,1000004317,Dermatology,AZ,604-555-4103
4318,Thomas,Martin,1000004318,Pulmonology,PA,399-555-9003
4319,David,Garcia,1000004319,Pediatrics,AZ,912-555-9490
4320,Patricia,Rodriguez,1000004320,Orthopedics,TX,223-555-7991
4321,Nancy,Lee,1000004321,Cardiology,CO,958-555-6744
4322,Lisa,Thompson,1000004322,Endocrinology,TX,711-555-3073
4323,Richard,Thomas,1000004323,Pulmonology,NY,302-555-8374
4324,Margaret,Lee,1000004324,Neurology,AZ,599-555-2699
4325,Sandra,Martinez,1000004325,Gastroenterology,CA,759-555-3004
4326,Michael,Taylor,1000004326,Pulmonology,FL,583-555-7691
4327,Sarah,Hernandez,1000004327,Endocrinology,PA,952-555-8971
4328,Matthew,Moore,1000004328,Pulmonology,FL,910-555-4479
4329,Robert,Anderson,1000004329,Cardiology,CA,550-555-2844
4330,Christopher,Davis,1000004330,Pulmonology,FL,786-555-6966
4331,Richard,Martin,1000004331,Oncology,FL,582-555-4306
4332,Charles,Taylor,1000004332,Pediatrics,AZ,264-555-2901
4333,Donald,Rodriguez,1000004333,Pulmonology,PA,745-555-3189
4334,Matthew,Smith,1000004334,Urology,TX,900-555-8067
4335,Karen,Johnson,1000004335,Oncology,FL,883-555-6630
4336,James,Lee,1000004336,Urology,TX,356-555-2718
4337,John,Taylor,1000004337,Pediatrics,CA,890-555-2093
4338,Elizabeth,Lee,1000004338,Dermatology,IL,826-555-1265
4339,Mary,Davis,1000004339,Pediatrics,TX,786-555-4467
4340,Ashley,Williams,1000004340,Gastroenterology,AZ,723-555-8551
4341,Nancy,Hernandez,1000004341,Dermatology,CA,422-555-1207
4342,Lisa,Brown,1000004342,Orthopedics,AZ,786-555-3367
4343,Jennifer,Johnson,1000004343,Oncology,CA,694-555-7010
4344,Daniel,Jackson,1000004344,Gastroenterology,TX,909-555-5817
4345,Michael,Thomas,1000004345,Orthopedics,CA,531-555-1326
4346,Nancy,Taylor,1000004346,Endocrinology,AZ,342-555-2135
4347,Sandra,Gonzalez,1000004347,Oncology,CO,693-555-6527
4348,Mark,Martin,1000004348,Psychiatry,CO,480-555-9527
4349,Betty,Wilson,1000004349,Pediatrics,IL,758-555-4522
4350,John,Miller,1000004350,Pulmonology,TX,447-555-9906
4351,James,Thompson,1000004351,Endocrinology,FL,474-555-6765
4352,Thomas,Johnson,1000004352,Urology,TX,529-555-1338
4353,Jessica,Lopez,1000004353,Orthopedics,TX,510-555-5731
4354,Karen,Lopez,1000004354,Neurology,AZ,876-555-2237
4355,Richard,Lopez,1000004355,General Practice,NY,428-555-8589
4356,Patricia,Wilson,1000004356,General Practice,TX,329-555-2951
4357,Betty,Jones,1000004357,Cardiology,TX,309-555-5212
4358,Karen,Thomas,1000004358,Endocrinology,CA,296-555-8088
4359,Sarah,Perez,1000004359,Neurology,NY,895-555-6745
4360,Jennifer,Davis,1000004360,Dermatology,CA,488-555-5665
4361,Margaret,Miller,1000004361,Urology,NY,785-555-7103
4362,Linda,Johnson,1000004362,Internal Medicine,PA,664-555-2618
4363,Elizabeth,Lee,1000004363,Internal Medicine,AZ,842-555-1725
4364,Charles,Anderson,1000004364,Pediatrics,MA,934-555-9988
4365,Karen,Thompson,1000004365,Pediatrics,TX,483-555-1136
4366,Ashley,Smith,1000004366,Emergency Medicine,WA,324-555-7419
4367,William,Johnson,1000004367,Gastroenterology,TX,226-555-8903
4368,Sarah,Jones,1000004368,Dermatology,MA,376-555-5516
4369,Karen,Rodriguez,1000004369,Cardiology,CA,773-555-1594
4370,Barbara,Jackson,1000004370,Urology,IL,477-555-8815
4371,Charles,Lopez,1000004371,Emergency Medicine,NY,207-555-7647
4372,Thomas,Garcia,1000004372,Endocrinology,TX,459-555-5675
4373,Sandra,Miller,1000004373,Urology,MA,859-555-7233
4374,Christopher,Davis,1000004374,Emergency Medicine,IL,596-555-3244
4375,Joseph,Johnson,1000004375,Gastroenterology,AZ,614-555-1763
4376,Elizabeth,Miller,1000004376,Pulmonology,TX,913-555-8596
4377,Mark,Martin,1000004377,Oncology,AZ,888-555-1707
4378,Thomas,Wilson,1000004378,Oncology,CA,495-555-5317
4379,Margaret,Martin,1000004379,Pediatrics,CA,239-555-5720
4380,Elizabeth,Wilson,1000004380,Endocrinology,WA,313-555-8201
4381,Matthew,Moore,1000004381,Neurology,MA,410-555-5536
4382,James,Lee,1000004382,Cardiology,PA,850-555-9316
4383,Charles,Davis,1000004383,Psychiatry,WA,511-555-8688
4384,Lisa,Lopez,1000004384,Oncology,CA,512-555-5628
4385,Patricia,Moore,1000004385,Pediatrics,TX,314-555-7870
4386,Betty,Thompson,1000004386,Emergency Medicine,PA,612-555-7571
4387,Christopher,Martinez,1000004387,Oncology,TX,830-555-4805
4388,John,Jackson,1000004388,Emergency Medicine,IL,570-555-8895
4389,Jessica,Anderson,1000004389,Pulmonology,FL,715-555-1344
4390,Robert,Smith,1000004390,Pediatrics,FL,931-555-3250
4391,Jennifer,Davis,1000004391,Gastroenterology,AZ,919-555-1826
4392,Michael,Wilson,1000004392,Dermatology,WA,809-555-2610
4393,Ashley,Anderson,1000004393,Oncology,NY,414-555-3848
4394,Richard,Smith,1000004394,Gastroenterology,FL,568-555-8464
4395,Joseph,Lopez,1000004395,Emergency Medicine,CA,209-555-3930
4396,Nancy,Johnson,1000004396,General Practice,NY,971-555-2771
4397,Karen,Thompson,1000004397,Cardiology,TX,732-555-8836
4398,Nancy,Taylor,1000004398,General Practice,TX,796-555-8820
4399,Karen,Williams,1000004399,Psychiatry,PA,791-555-4813
4400,Michael,Jones,1000004400,Pulmonology,CO,439-555-2919
4401,Linda,Thompson,1000004401,Internal Medicine,NY,564-555-7952
4402,Richard,Brown,1000004402,Gastroenterology,NY,741-555-2339
4403,Michael,Martinez,1000004403,Gastroenterology,TX,764-555-3046
4404,Karen,Jones,1000004404,Internal Medicine,WA,950-555-3019
4405,Margaret,Lee,1000004405,Gastroenterology,NY,863-555-5744
4406,Lisa,Martin,1000004406,Oncology,CA,408-555-9322
4407,Sandra,Lee,1000004407,Orthopedics,WA,498-555-1927
4408,Karen,Perez,1000004408,Pediatrics,MA,844-555-8647
4409,Anthony,Lee,1000004409,Neurology,MA,203-555-1911
4410,Daniel,Jones,1000004410,Psychiatry,TX,215-555-4623
4411,Linda,Taylor,1000004411,Gastroenterology,TX,637-555-4629
4412,William,Johnson,1000004412,Neurology,FL,223-555-6064
4413,Karen,Miller,1000004413,Pediatrics,PA,542-555-7506
4414,Karen,Anderson,1000004414,Pulmonology,IL,549-555-9824
4415,Linda,Jones,1000004415,Pediatrics,TX,982-555-9988
4416,Elizabeth,Taylor,1000004416,Dermatology,TX,740-555-8613
4417,John,Jones,1000004417,Emergency Medicine,CA,933-555-3205
4418,Daniel,Miller,1000004418,Oncology,AZ,837-555-1953
4419,Lisa,Lee,1000004419,General Practice,AZ,904-555-2137
4420,Mark,Hernandez,1000004420,Psychiatry,CO,288-555-4659
4421,Lisa,Lopez,1000004421,Neurology,CA,639-555-7709
4422,Susan,Martin,1000004422,Orthopedics,TX,305-555-6131
4423,Sandra,Perez,1000004423,Endocrinology,TX,785-555-6518
4424,Richard,Gonzalez,1000004424,Oncology,TX,606-555-5806
4425,James,Jones,1000004425,Oncology,TX,489-555-5511
4426,Robert,Anderson,1000004426,Emergency Medicine,MA,644-555-7275
4427,William,Miller,1000004427,Internal Medicine,NY,213-555-3045
4428,Christopher,Martinez,1000004428,Oncology,AZ,754-555-1476
4429,Lisa,Thomas,1000004429,Pulmonology,CA,969-555-6335
4430,Richard,Hernandez,1000004430,Pulmonology,TX,817-555-6434
4431,Charles,Smith,1000004431,Dermatology,PA,705-555-6536
4432,Joseph,Gonzalez,1000004432,General Practice,NY,863-555-6608
4433,Karen,Jackson,1000004433,Oncology,WA,489-555-7893
4434,Susan,Perez,1000004434,Gastroenterology,TX,265-555-2915
4435,Sandra,Miller,1000004435,Psychiatry,TX,295-555-7575
4436,Susan,Wilson,1000004436,Gastroenterology,AZ,410-555-3347
4437,Susan,Lee,1000004437,Gastroenterology,PA,907-555-5597
4438,Barbara,Lee,1000004438,General Practice,IL,568-555-8280
4439,Matthew,Martin,1000004439,Pulmonology,CA,275-555-4830
4440,Lisa,Moore,1000004440,Dermatology,WA,837-555-9646
4441,David,Lopez,1000004441,Internal Medicine,FL,290-555-5017
4442,Robert,Moore,1000004442,General Practice,WA,262-555-8415
4443,Christopher,Moore,1000004443,Neurology,NY,397-555-2184
4444,Barbara,Smith,1000004444,Gastroenterology,PA,683-555-3974
4445,Richard,Moore,1000004445,Oncology,CA,407-555-6986
4446,Betty,Rodriguez,1000004446,Dermatology,CA,910-555-2101
4447,Linda,Anderson,1000004447,Cardiology,AZ,816-555-7449
4448,Ashley,Williams,1000004448,Dermatology,MA,464-555-4661
4449,Anthony,Johnson,1000004449,Neurology,TX,236-555-4506
4450,David,Gonzalez,1000004450,General Practice,TX,734-555-8774
4451,Betty,Anderson,1000004451,Internal Medicine,TX,314-555-3870
4452,Ashley,Perez,1000004452,Dermatology,NY,226-555-9414
4453,Joseph,Anderson,1000004453,Cardiology,TX,906-555-5318
4454,Margaret,Perez,1000004454,Gastroenterology,TX,250-555-1179
4455,Sarah,Smith,1000004455,Emergency Medicine,TX,614-555-6153
4456,Anthony,Davis,1000004456,Emergency Medicine,MA,419-555-2696
4457,Linda,Jones,1000004457,Cardiology,TX,215-555-1095
4458,Jennifer,Miller,1000004458,Dermatology,WA,605-555-9380
4459,Mary,Davis,1000004459,Internal Medicine,AZ,683-555-2555
4460,Barbara,Johnson,1000004460,Dermatology,PA,730-555-2628
4461,Sarah,Hernandez,1000004461,Endocrinology,FL,323-555-7505
4462,Barbara,Smith,1000004462,Internal Medicine,PA,222-555-6103
4463,Nancy,Martin,1000004463,Emergency Medicine,AZ,850-555-6943
4464,Richard,Martinez,1000004464,Emergency Medicine,CA,454-555-6023
4465,Mary,Taylor,1000004465,Emergency Medicine,CA,510-555-6093
4466,Lisa,Thompson,1000004466,Oncology,WA,439-555-6298
4467,Charles,Johnson,1000004467,General Practice,CA,881-555-4404
4468,Charles,Lee,1000004468,Pulmonology,PA,982-555-6240
4469,Karen,Hernandez,1000004469,General Practice,AZ,301-555-3895
4470,James,Martinez,1000004470,Urology,CA,518-555-8004
4471,Nancy,Smith,1000004471,Pulmonology,FL,333-555-1080
4472,Linda,Anderson,1000004472,Psychiatry,TX,244-555-1968
4473,Jennifer,Martinez,1000004473,Cardiology,WA,400-555-9390
4474,Ashley,Thompson,1000004474,Cardiology,CA,512-555-8913
4475,Thomas,Taylor,1000004475,Urology,CO,653-555-9698
4476,Jessica,Rodriguez,1000004476,Urology,TX,551-555-4993
4477,Thomas,Lee,1000004477,Orthopedics,CA,202-555-5771
4478,Margaret,Gonzalez,1000004478,Urology,FL,269-555-6346
4479,Mary,Davis,1000004479,Psychiatry,CO,256-555-7216
4480,John,Jackson,1000004480,Oncology,CA,290-555-2114
4481,Matthew,Hernandez,1000004481,Urology,TX,299-555-8604
4482,Ashley,Miller,1000004482,Gastroenterology,IL,920-555-8792
4483,Sandra,Williams,1000004483,Endocrinology,TX,951-555-1512
4484,Richard,Williams,1000004484,Internal Medicine,FL,696-555-4399
4485,Sarah,Williams,1000004485,Endocrinology,TX,364-555-5360
4486,Michael,Gonzalez,1000004486,Cardiology,CA,641-555-9426
4487,Joseph,Smith,1000004487,General Practice,TX,411-555-4598
4488,Mark,Smith,1000004488,Endocrinology,CA,226-555-2937
4489,Mark,Garcia,1000004489,Oncology,CA,643-555-2955
4490,James,Miller,1000004490,General Practice,AZ,292-555-3431
4491,James,Davis,1000004491,Pulmonology,PA,709-555-6662
4492,Michael,Davis,1000004492,Psychiatry,NY,355-555-3455
4493,Sarah,Anderson,1000004493,Orthopedics,CA,538-555-8394
4494,Jessica,Smith,1000004494,Oncology,CA,754-555-1869
4495,David,Perez,1000004495,Pulmonology,TX,942-555-7655
4496,Sandra,Smith,1000004496,Gastroenterology,CA,975-555-3514
4497,Nancy,Smith,1000004497,Urology,TX,446-555-5043
4498,Nancy,Miller,1000004498,Cardiology,TX,283-555-4001
4499,Jessica,Johnson,1000004499,Internal Medicine,MA,461-555-5175
4500,Thomas,Moore,1000004500,Orthopedics,FL,473-555-1085
4501,Donald,Johnson,1000004501,Emergency Medicine,IL,518-555-5702
4502,Jessica,Martinez,1000004502,Gastroenterology,CA,833-555-1471
4503,Thomas,Jones,1000004503,Gastroenterology,TX,670-555-7177
4504,Elizabeth,Lopez,1000004504,Urology,NY,331-555-1546
4505,Margaret,Thompson,1000004505,Psychiatry,TX,703-555-6696
4506,Donald,Brown,1000004506,Pulmonology,MA,422-555-6114
4507,Daniel,Wilson,1000004507,Endocrinology,NY,983-555-3435
4508,John,Taylor,1000004508,Emergency Medicine,WA,389-555-8334
4509,Anthony,Martin,1000004509,Emergency Medicine,MA,393-555-9841
4510,Michael,Taylor,1000004510,Urology,TX,208-555-9417
4511,Jessica,Martin,1000004511,Endocrinology,PA,817-555-7427
4512,Betty,Smith,1000004512,Internal Medicine,IL,403-555-6711
4513,Barbara,Gonzalez,1000004513,Pulmonology,NY,344-555-3215
4514,Anthony,Martinez,1000004514,Endocrinology,NY,332-555-7188
4515,William,Rodriguez,1000004515,Neurology,PA,669-555-6579
4516,William,Jackson,1000004516,Pulmonology,CA,746-555-1118
4517,Nancy,Lopez,1000004517,Endocrinology,TX,753-555-3244
4518,Joseph,Jones,1000004518,Cardiology,TX,988-555-2673
4519,Karen,Brown,1000004519,Endocrinology,FL,371-555-2160
4520,Donald,Thompson,1000004520,Dermatology,CO,584-555-9835
4521,James,Davis,1000004521,Urology,TX,550-555-8730
4522,Barbara,Wilson,1000004522,Dermatology,CA,230-555-6652
4523,Elizabeth,Lopez,1000004523,Pediatrics,WA,855-555-6281
4524,Michael,Lee,1000004524,Psychiatry,TX,216-555-1327
4525,Anthony,Gonzalez,1000004525,Urology,TX,252-555-8797
4526,Betty,Jackson,1000004526,Internal Medicine,PA,216-555-6494
4527,James,Martin,1000004527,Emergency Medicine,MA,462-555-9723
4528,Richard,Johnson,1000004528,Emergency Medicine,MA,406-555-8392
4529,James,Martinez,1000004529,Gastroenterology,CA,488-555-5310
4530,Christopher,Smith,1000004530,Oncology,TX,402-555-4064
4531,Richard,Brown,1000004531,Urology,WA,212-555-2817
4532,Sarah,Johnson,1000004532,Pulmonology,FL,712-555-6090
4533,William,Lee,1000004533,Neurology,IL,748-555-4086
4534,Linda,Wilson,1000004534,Neurology,IL,563-555-2041
4535,Sarah,Lee,1000004535,Pediatrics,TX,431-555-3733
4536,David,Jones,1000004536,Emergency Medicine,PA,524-555-3638
4537,John,Brown,1000004537,General Practice,TX,391-555-6343
4538,Sarah,Thompson,1000004538,Gastroenterology,TX,547-555-4923
4539,Christopher,Martin,1000004539,Pulmonology,AZ,353-555-9525
4540,Michael,Jones,1000004540,Cardiology,TX,342-555-6558
4541,Elizabeth,Rodriguez,1000004541,Endocrinology,CO,611-555-4610
4542,Christopher,Jones,1000004542,Orthopedics,FL,598-555-9681
4543,Jennifer,Moore,1000004543,Internal Medicine,WA,360-555-2960
4544,Christopher,Gonzalez,1000004544,Internal Medicine,TX,321-555-2644
4545,Jessica,Thomas,1000004545,Dermatology,PA,402-555-9611
4546,William,Thomas,1000004546,Urology,TX,973-555-6832
4547,Nancy,Miller,1000004547,Orthopedics,IL,498-555-6996
4548,Lisa,Brown,1000004548,Neurology,PA,931-555-6228
4549,Daniel,Brown,1000004549,Urology,PA,838-555-9981
4550,James,Jones,1000004550,Cardiology,CO,579-555-2995
4551,Linda,Jackson,1000004551,Dermatology,IL,614-555-7074
4552,Daniel,Moore,1000004552,Gastroenterology,FL,919-555-6511
4553,Mark,Rodriguez,1000004553,Emergency Medicine,CA,543-555-3167
4554,Anthony,Jones,1000004554,Internal Medicine,TX,882-555-3732
4555,Betty,Hernandez,1000004555,Psychiatry,TX,554-555-4866
4556,Karen,Martin,1000004556,General Practice,NY,689-555-2361
4557,David,Gonzalez,1000004557,Cardiology,AZ,273-555-2646
4558,Charles,Smith,1000004558,Cardiology,PA,309-555-1266
4559,Mark,Martinez,1000004559,Neurology,CA,308-555-6378
4560,Betty,Wilson,1000004560,Cardiology,CA,202-555-1839
4561,Sandra,Thompson,1000004561,Dermatology,WA,910-555-7077
4562,David,Perez,1000004562,Emergency Medicine,CA,657-555-3700
4563,Mark,Moore,1000004563,Orthopedics,TX,448-555-4501
4564,Robert,Perez,1000004564,Pediatrics,WA,802-555-7386
4565,Nancy,Garcia,1000004565,Oncology,CA,828-555-2294
4566,Linda,Martin,1000004566,Urology,TX,557-555-4369
4567,Susan,Lee,1000004567,Internal Medicine,NY,806-555-7917
4568,John,Thomas,1000004568,Neurology,CA,805-555-6853
4569,Richard,Moore,1000004569,Neurology,WA,541-555-3322
4570,Charles,Thompson,1000004570,Dermatology,TX,205-555-5971
4571,Daniel,Thompson,1000004571,Cardiology,TX,514-555-6040
4572,Sandra,Taylor,1000004572,Urology,CA,375-555-1381
4573,Nancy,Martin,1000004573,Internal Medicine,AZ,780-555-2363
4574,Thomas,Wilson,1000004574,Orthopedics,IL,722-555-7804
4575,Barbara,Wilson,1000004575,Pediatrics,MA,631-555-9164
4576,John,Lopez,1000004576,Oncology,TX,781-555-8541
4577,Sarah,Jones,1000004577,Pulmonology,MA,957-555-5277
4578,Anthony,Moore,1000004578,Neurology,CA,795-555-9574
4579,Matthew,Lee,1000004579,Urology,TX,678-555-6615
4580,Sarah,Rodriguez,1000004580,Pulmonology,TX,557-555-1661
4581,Sarah,Jackson,1000004581,Endocrinology,NY,984-555-4918
4582,James,Brown,1000004582,Cardiology,IL,668-555-6530
4583,Michael,Johnson,1000004583,Internal Medicine,TX,264-555-1400
4584,Karen,Johnson,1000004584,Pediatrics,TX,941-555-2838
4585,Matthew,Gonzalez,1000004585,Dermatology,CO,767-555-5831
4586,Susan,Garcia,1000004586,Endocrinology,PA,663-555-7616
4587,Michael,Jones,1000004587,Cardiology,NY,385-555-2355
4588,Karen,Johnson,1000004588,Urology,WA,356-555-5118
4589,Christopher,Miller,1000004589,Oncology,TX,862-555-9578
4590,David,Thomas,1000004590,Dermatology,TX,519-555-9257
4591,Anthony,Miller,1000004591,General Practice,TX,903-555-7386
4592,David,Thompson,1000004592,Endocrinology,AZ,313-555-8441
4593,Christopher,Anderson,1000004593,Pulmonology,CA,613-555-8126
4594,Thomas,Lopez,1000004594,Orthopedics,TX,750-555-4203
4595,Lisa,Perez,1000004595,Internal Medicine,TX,745-555-5545
4596,Daniel,Perez,1000004596,Pulmonology,MA,453-555-2273
4597,James,Rodriguez,1000004597,Urology,CA,574-555-6526
4598,Mary,Johnson,1000004598,Dermatology,WA,431-555-4752
4599,Anthony,Moore,1000004599,Endocrinology,NY,409-555-2926
4600,Lisa,Rodriguez,1000004600,Pediatrics,FL,478-555-1270
4601,Donald,Lee,1000004601,Pediatrics,FL,600-555-4658
4602,Patricia,Perez,1000004602,Dermatology,TX,217-555-7110
4603,Karen,Smith,1000004603,General Practice,IL,794-555-4077
4604,Susan,Thomas,1000004604,Pulmonology,TX,660-555-9223
4605,Michael,Miller,1000004605,Urology,PA,655-555-8982
4606,William,Jones,1000004606,General Practice,CA,500-555-3200
4607,James,Gonzalez,1000004607,General Practice,TX,755-555-9093
4608,Barbara,Martin,1000004608,Neurology,TX,730-555-6539
4609,James,Johnson,1000004609,Dermatology,CA,642-555-1374
4610,Karen,Anderson,1000004610,Psychiatry,CO,815-555-7705
4611,Robert,Taylor,1000004611,Gastroenterology,TX,347-555-5437
4612,Matthew,Thomas,1000004612,Oncology,PA,357-555-6574
4613,Robert,Wilson,1000004613,Psychiatry,CO,801-555-3934
4614,John,Williams,1000004614,Psychiatry,CA,870-555-9490
4615,Joseph,Rodriguez,1000004615,Pediatrics,CO,664-555-8735
4616,John,Rodriguez,1000004616,Endocrinology,CA,820-555-9316
4617,Michael,Martin,1000004617,Orthopedics,IL,434-555-2845
4618,Michael,Garcia,1000004618,Urology,CA,981-555-2700
4619,James,Lopez,1000004619,Dermatology,NY,861-555-2797
4620,Ashley,Thompson,1000004620,Oncology,MA,363-555-6080
4621,William,Thomas,1000004621,Oncology,CA,473-555-5773
4622,Jessica,Moore,1000004622,General Practice,NY,273-555-6333
4623,William,Rodriguez,1000004623,Endocrinology,IL,393-555-9698
4624,Susan,Johnson,1000004624,Psychiatry,TX,780-555-3444
4625,Linda,Martinez,1000004625,Orthopedics,CA,304-555-7861
4626,Donald,Perez,1000004626,Urology,PA,623-555-1545
4627,Susan,Williams,1000004627,Emergency Medicine,TX,743-555-5599
4628,Margaret,Wilson,1000004628,Pulmonology,TX,876-555-2757
4629,Richard,Davis,1000004629,Oncology,CA,983-555-1847
4630,Anthony,Anderson,1000004630,Pulmonology,IL,366-555-9859
4631,Matthew,Martinez,1000004631,Internal Medicine,TX,956-555-3333
4632,Robert,Thomas,1000004632,Orthopedics,MA,364-555-6516
4633,Michael,Brown,1000004633,Oncology,TX,430-555-6098
4634,Betty,Smith,1000004634,General Practice,CA,280-555-2471
4635,Mark,Gonzalez,1000004635,General Practice,AZ,982-555-5451
4636,Robert,Gonzalez,1000004636,Endocrinology,IL,665-555-5759
4637,Matthew,Martinez,1000004637,Psychiatry,TX,930-555-5268
4638,Barbara,Lopez,1000004638,Internal Medicine,FL,691-555-1039
4639,Matthew,Wilson,1000004639,Cardiology,TX,851-555-4927
4640,William,Miller,1000004640,Neurology,CA,273-555-3698
4641,Jessica,Lopez,1000004641,Urology,TX,415-555-9846
4642,Joseph,Moore,1000004642,Emergency Medicine,MA,255-555-1575
4643,Jennifer,Miller,1000004643,Orthopedics,TX,309-555-6405
4644,Lisa,Smith,1000004644,Pulmonology,IL,840-555-2016
4645,Nancy,Jackson,1000004645,Dermatology,CA,340-555-4952
4646,David,Perez,1000004646,Dermatology,TX,817-555-6433
4647,Nancy,Anderson,1000004647,Oncology,CA,670-555-4696
4648,Lisa,Smith,1000004648,Oncology,TX,550-555-3350
4649,Barbara,Gonzalez,1000004649,Internal Medicine,IL,996-555-4924
4650,Charles,Brown,1000004650,Urology,CO,630-555-7821
4651,Susan,Brown,1000004651,Emergency Medicine,TX,497-555-3139
4652,Thomas,Wilson,1000004652,Psychiatry,AZ,732-555-6841
4653,Robert,Williams,1000004653,Psychiatry,TX,399-555-5291
4654,Jennifer,Garcia,1000004654,Neurology,NY,208-555-2083
4655,Thomas,Thompson,1000004655,Internal Medicine,WA,634-555-3962
4656,David,Lopez,1000004656,Pulmonology,PA,336-555-5137
4657,Jessica,Taylor,1000004657,Psychiatry,IL,645-555-5678
4658,Christopher,Smith,1000004658,Emergency Medicine,CA,225-555-5591
4659,David,Rodriguez,1000004659,Urology,CO,786-555-1533
4660,Barbara,Jackson,1000004660,Emergency Medicine,FL,754-555-7425
4661,Susan,Smith,1000004661,Internal Medicine,TX,248-555-8664
4662,Betty,Wilson,1000004662,Emergency Medicine,CO,448-555-8169
4663,Matthew,Johnson,1000004663,Pulmonology,TX,798-555-4788
4664,Elizabeth,Lopez,1000004664,Internal Medicine,TX,400-555-1531
4665,Matthew,Brown,1000004665,Dermatology,IL,841-555-3787
4666,Mark,Garcia,1000004666,Orthopedics,TX,785-555-1754
4667,Donald,Martin,1000004667,Emergency Medicine,MA,531-555-3306
4668,Jessica,Brown,1000004668,Oncology,IL,492-555-4840
4669,Donald,Thomas,1000004669,Pulmonology,TX,735-555-6689
4670,Jessica,Lopez,1000004670,Internal Medicine,IL,550-555-6563
4671,Thomas,Jackson,1000004671,Cardiology,CA,731-555-4560
4672,Susan,Davis,1000004672,Neurology,IL,224-555-8608
4673,Patricia,Hernandez,1000004673,Cardiology,IL,458-555-5396
4674,Karen,Lopez,1000004674,Oncology,TX,892-555-4822
4675,Betty,Martinez,1000004675,Internal Medicine,TX,298-555-8024
4676,Donald,Anderson,1000004676,Gastroenterology,PA,667-555-6393
4677,Thomas,Martin,1000004677,Urology,NY,974-555-1751
4678,Barbara,Thompson,1000004678,Gastroenterology,CO,894-555-2229
4679,Ashley,Martin,1000004679,Pulmonology,CO,337-555-1250
4680,Susan,Jackson,1000004680,Dermatology,TX,456-555-5790
4681,Betty,Perez,1000004681,Neurology,MA,340-555-7349
4682,Michael,Wilson,1000004682,Orthopedics,PA,620-555-6286
4683,John,Williams,1000004683,Pediatrics,CA,925-555-6566
4684,Thomas,Thomas,1000004684,Orthopedics,CO,775-555-4202
4685,Charles,Rodriguez,1000004685,Pediatrics,IL,215-555-5982
4686,Richard,Garcia,1000004686,Psychiatry,CA,423-555-7337
4687,Charles,Martinez,1000004687,General Practice,CA,674-555-5548
4688,Thomas,Jones,1000004688,Neurology,IL,522-555-9051
4689,Charles,Moore,1000004689,Endocrinology,CO,845-555-9220
4690,Anthony,Martin,1000004690,Gastroenterology,TX,494-555-6071
4691,Barbara,Rodriguez,1000004691,Emergency Medicine,TX,604-555-5085
4692,Barbara,Lopez,1000004692,Dermatology,MA,949-555-1070
4693,Anthony,Garcia,1000004693,General Practice,MA,485-555-7722
4694,Christopher,Johnson,1000004694,Emergency Medicine,WA,326-555-2846
4695,Lisa,Lee,1000004695,Pediatrics,TX,297-555-5424
4696,Susan,Jackson,1000004696,Emergency Medicine,PA,842-555-2481
4697,Margaret,Jackson,1000004697,Orthopedics,TX,949-555-3495
4698,Betty,Perez,1000004698,Pulmonology,NY,259-555-6827
4699,Jessica,Gonzalez,1000004699,Cardiology,MA,276-555-4700
4700,John,Smith,1000004700,Neurology,PA,760-555-8591
4701,Thomas,Garcia,1000004701,Pediatrics,TX,744-555-1967
4702,Susan,Williams,1000004702,Gastroenterology,WA,223-555-7601
4703,Thomas,Martinez,1000004703,Emergency Medicine,TX,304-555-9766
4704,Mary,Moore,1000004704,General Practice,TX,209-555-2471
4705,Richard,Thompson,1000004705,Gastroenterology,AZ,537-555-4393
4706,Mary,Thompson,1000004706,Internal Medicine,AZ,655-555-2076
4707,Karen,Taylor,1000004707,General Practice,TX,410-555-2124
4708,Patricia,Hernandez,1000004708,Endocrinology,CO,472-555-3079
4709,Betty,Garcia,1000004709,General Practice,PA,434-555-7174
4710,Betty,Wilson,1000004710,Cardiology,MA,966-555-8196
4711,Michael,Lopez,1000004711,Emergency Medicine,CO,568-555-7582
4712,Nancy,Rodriguez,1000004712,Orthopedics,AZ,341-555-6772
4713,Karen,Garcia,1000004713,Neurology,TX,917-555-8350
4714,Sarah,Perez,1000004714,Dermatology,WA,489-555-1470
4715,Michael,Thompson,1000004715,Dermatology,TX,491-555-8159
4716,Donald,Martinez,1000004716,Orthopedics,AZ,662-555-1569
4717,Robert,Moore,1000004717,Endocrinology,CA,982-555-5704
4718,Daniel,Miller,1000004718,Orthopedics,MA,589-555-8655
4719,Joseph,Williams,1000004719,Endocrinology,TX,722-555-4076
4720,Jessica,Garcia,1000004720,Endocrinology,CA,971-555-5270
4721,Susan,Gonzalez,1000004721,Urology,TX,518-555-6562
4722,Mark,Taylor,1000004722,Neurology,TX,396-555-5026
4723,Joseph,Rodriguez,1000004723,Internal Medicine,TX,363-555-9092
4724,Daniel,Garcia,1000004724,Dermatology,CA,625-555-2182
4725,Nancy,Miller,1000004725,Gastroenterology,WA,702-555-4491
4726,Mary,Perez,1000004726,Urology,WA,495-555-3611
4727,Daniel,Martin,1000004727,Pediatrics,TX,513-555-3845
4728,Elizabeth,Lopez,1000004728,Oncology,PA,995-555-1279
4729,Matthew,Moore,1000004729,Internal Medicine,CA,799-555-4766
4730,Sarah,Thompson,1000004730,Oncology,CO,421-555-9697
4731,Thomas,Thomas,1000004731,Cardiology,MA,603-555-5190
4732,James,Perez,1000004732,Orthopedics,FL,211-555-4623
4733,Betty,Rodriguez,1000004733,Gastroenterology,TX,731-555-2205
4734,Patricia,Lopez,1000004734,Endocrinology,PA,631-555-2964
4735,Jennifer,Miller,1000004735,Internal Medicine,TX,933-555-2723
4736,James,Wilson,1000004736,Dermatology,FL,513-555-1823
4737,Richard,Rodriguez,1000004737,Cardiology,IL,258-555-1887
4738,John,Williams,1000004738,Neurology,FL,753-555-7639
4739,Daniel,Gonzalez,1000004739,General Practice,TX,671-555-2314
4740,Mary,Anderson,1000004740,Internal Medicine,IL,277-555-5543
4741,Susan,Wilson,1000004741,Cardiology,FL,508-555-5028
4742,Susan,Davis,1000004742,Neurology,NY,836-555-1471
4743,Susan,Moore,1000004743,Dermatology,TX,775-555-9061
4744,Thomas,Jones,1000004744,Oncology,WA,711-555-1028
4745,Mark,Perez,1000004745,Internal Medicine,CA,953-555-7577
4746,David,Thompson,1000004746,Emergency Medicine,IL,869-555-3670
4747,Patricia,Lee,1000004747,Pediatrics,TX,586-555-9910
4748,Susan,Jones,1000004748,Dermatology,TX,324-555-8853
4749,Elizabeth,Smith,1000004749,Orthopedics,WA,327-555-7005
4750,Patricia,Johnson,1000004750,Emergency Medicine,FL,590-555-1708
4751,William,Martinez,1000004751,Orthopedics,TX,379-555-5215
4752,Sarah,Perez,1000004752,Cardiology,PA,227-555-2979
4753,Michael,Garcia,1000004753,Internal Medicine,CA,588-555-6151
4754,David,Perez,1000004754,Internal Medicine,PA,481-555-8073
4755,Lisa,Wilson,1000004755,Pediatrics,CO,435-555-1323
4756,Anthony,Smith,1000004756,Neurology,PA,861-555-4629
4757,Jessica,Johnson,1000004757,Urology,NY,256-555-5741
4758,Mary,Martin,1000004758,Emergency Medicine,TX,835-555-9896
4759,Sandra,Martin,1000004759,Pediatrics,AZ,472-555-3937
4760,Sandra,Smith,1000004760,Emergency Medicine,TX,725-555-7763
4761,Elizabeth,Anderson,1000004761,General Practice,TX,292-555-1574
4762,Robert,Martin,1000004762,Gastroenterology,TX,676-555-8940
4763,Barbara,Brown,1000004763,Pediatrics,CO,298-555-8925
4764,Barbara,Miller,1000004764,Neurology,MA,559-555-2293
4765,Ashley,Gonzalez,1000004765,Psychiatry,FL,391-555-2553
4766,David,Thomas,1000004766,General Practice,MA,702-555-4460
4767,Patricia,Perez,1000004767,Urology,TX,767-555-4296
4768,Anthony,Thompson,1000004768,Oncology,IL,955-555-7513
4769,Sandra,Smith,1000004769,Internal Medicine,TX,340-555-3359
4770,Donald,Taylor,1000004770,Internal Medicine,CO,685-555-5985
4771,Mark,Garcia,1000004771,Emergency Medicine,CO,564-555-5610
4772,Lisa,Miller,1000004772,Gastroenterology,WA,742-555-9342
4773,John,Davis,1000004773,Emergency Medicine,CO,239-555-2375
4774,Susan,Perez,1000004774,Pulmonology,MA,755-555-5942
4775,David,Thompson,1000004775,Pediatrics,TX,532-555-3552
4776,Richard,Martinez,1000004776,Cardiology,PA,315-555-5602
4777,Susan,Wilson,1000004777,Internal Medicine,TX,794-555-3556
4778,Linda,Martin,1000004778,Endocrinology,CO,219-555-6931
4779,Sandra,Thomas,1000004779,Endocrinology,IL,437-555-4194
4780,Christopher,Wilson,1000004780,Gastroenterology,CA,635-555-6302
4781,Margaret,Lopez,1000004781,Pulmonology,TX,379-555-7444
4782,Charles,Taylor,1000004782,Internal Medicine,TX,295-555-4514
4783,William,Lopez,1000004783,Psychiatry,CO,459-555-1969
4784,Matthew,Jackson,1000004784,Pediatrics,CA,380-555-9383
4785,John,Martin,1000004785,Cardiology,WA,699-555-9987
4786,John,Williams,1000004786,Emergency Medicine,CA,444-555-7676
4787,Jessica,Taylor,1000004787,Cardiology,NY,354-555-2803
4788,Sarah,Miller,1000004788,Dermatology,NY,461-555-1293
4789,Christopher,Miller,1000004789,Pediatrics,TX,301-555-9848
4790,Richard,Brown,1000004790,Internal Medicine,IL,817-555-2604
4791,Elizabeth,Martinez,1000004791,Cardiology,AZ,995-555-6799
4792,Charles,Anderson,1000004792,Oncology,FL,908-555-8184
4793,Robert,Brown,1000004793,Endocrinology,TX,808-555-3019
4794,Richard,Moore,1000004794,Orthopedics,CA,743-555-4674
4795,Patricia,Jones,1000004795,Orthopedics,CA,585-555-5528
4796,Michael,Taylor,1000004796,Dermatology,NY,876-555-3650
4797,William,Martinez,1000004797,Endocrinology,NY,559-555-8041
4798,Patricia,Moore,1000004798,Cardiology,CA,907-555-9995
4799,Patricia,Moore,1000004799,Pediatrics,TX,515-555-3340
4800,Barbara,Thomas,1000004800,Pulmonology,TX,986-555-9569
4801,Matthew,Lopez,1000004801,Dermatology,WA,222-555-1069
4802,Donald,Davis,1000004802,Psychiatry,AZ,774-555-1843
4803,John,Williams,1000004803,Neurology,TX,529-555-7739
4804,Sandra,Davis,1000004804,Psychiatry,TX,252-555-7628
4805,Linda,Anderson,1000004805,Dermatology,CA,431-555-5275
4806,Daniel,Brown,1000004806,Gastroenterology,WA,466-555-8203
4807,Lisa,Gonzalez,1000004807,Urology,CA,400-555-2602
4808,Christopher,Gonzalez,1000004808,General Practice,IL,413-555-6203
4809,Ashley,Martinez,1000004809,Dermatology,TX,584-555-8187
4810,Mary,Martin,1000004810,Urology,NY,949-555-3428
4811,Linda,Miller,1000004811,Orthopedics,CA,448-555-1725
4812,Karen,Moore,1000004812,Dermatology,CA,359-555-8755
4813,Linda,Jackson,1000004813,Psychiatry,WA,625-555-4702
4814,Ashley,Martin,1000004814,Dermatology,TX,527-555-3310
4815,Betty,Johnson,1000004815,Pulmonology,CA,737-555-9101
4816,Richard,Taylor,1000004816,Psychiatry,CA,808-555-8114
4817,Ashley,Davis,1000004817,Oncology,TX,967-555-4992
4818,Mark,Gonzalez,1000004818,Pulmonology,CO,519-555-5881
4819,Elizabeth,Williams,1000004819,Orthopedics,TX,814-555-9930
4820,Thomas,Jackson,1000004820,Endocrinology,CA,818-555-5758
4821,John,Martinez,1000004821,General Practice,TX,945-555-2868
4822,Michael,Thomas,1000004822,Pediatrics,TX,317-555-6470
4823,Betty,Jackson,1000004823,Pulmonology,CO,314-555-9091
4824,Nancy,Taylor,1000004824,Endocrinology,PA,798-555-5559
4825,Donald,Garcia,1000004825,Urology,PA,395-555-3279
4826,Elizabeth,Johnson,1000004826,Internal Medicine,CO,246-555-2458
4827,Christopher,Jackson,1000004827,Psychiatry,CA,803-555-4209
4828,Charles,Rodriguez,1000004828,Dermatology,CA,810-555-5882
4829,James,Perez,1000004829,Gastroenterology,CA,795-555-5436
4830,Elizabeth,Thompson,1000004830,Cardiology,AZ,998-555-5906
4831,Linda,Thomas,1000004831,Dermatology,TX,561-555-6932
4832,Karen,Gonzalez,1000004832,Emergency Medicine,TX,611-555-5477
4833,Michael,Williams,1000004833,Urology,MA,303-555-8765
4834,Sandra,Jackson,1000004834,Pediatrics,CA,734-555-8163
4835,Sarah,Jones,1000004835,Pediatrics,CA,292-555-5982
4836,Jessica,Hernandez,1000004836,Psychiatry,FL,238-555-9856
4837,Matthew,Taylor,1000004837,Orthopedics,PA,370-555-5923
4838,Linda,Moore,1000004838,Psychiatry,CA,761-555-4135
4839,Jessica,Thomas,1000004839,Neurology,TX,268-555-6226
4840,Joseph,Martinez,1000004840,Dermatology,TX,374-555-2640
4841,Daniel,Martin,1000004841,Internal Medicine,TX,644-555-5023
4842,Betty,Smith,1000004842,Internal Medicine,TX,600-555-6393
4843,Thomas,Thomas,1000004843,Dermatology,PA,649-555-4979
4844,James,Davis,1000004844,Pediatrics,FL,320-555-6499
4845,Elizabeth,Lee,1000004845,Oncology,MA,252-555-1154
4846,Michael,Jones,1000004846,Urology,TX,431-555-9841
4847,Ashley,Martinez,1000004847,Endocrinology,FL,974-555-6706
4848,Lisa,Martinez,1000004848,Pediatrics,TX,981-555-3815
4849,Michael,Davis,1000004849,Urology,MA,279-555-3743
4850,Jessica,Wilson,1000004850,Cardiology,TX,640-555-9964
4851,John,Johnson,1000004851,Neurology,TX,366-555-2651
4852,Susan,Miller,1000004852,Endocrinology,TX,817-555-4085
4853,David,Davis,1000004853,Pediatrics,CA,613-555-3403
4854,William,Williams,1000004854,Gastroenterology,TX,401-555-5845
4855,Jessica,Davis,1000004855,Pediatrics,IL,518-555-1894
4856,Barbara,Hernandez,1000004856,Psychiatry,CA,618-555-2968
4857,Patricia,Lee,1000004857,Dermatology,MA,474-555-6035
4858,Christopher,Hernandez,1000004858,Gastroenterology,CA,871-555-9537
4859,Richard,Anderson,1000004859,Neurology,FL,677-555-1891
4860,Charles,Rodriguez,1000004860,Orthopedics,PA,245-555-4795
4861,Mary,Johnson,1000004861,Pulmonology,AZ,274-555-3325
4862,Margaret,Martin,1000004862,Oncology,MA,226-555-1445
4863,Barbara,Davis,1000004863,Urology,CA,624-555-1120
4864,Donald,Johnson,1000004864,Internal Medicine,CO,221-555-8575
4865,Jessica,Williams,1000004865,Oncology,AZ,834-555-1576
4866,Betty,Garcia,1000004866,Internal Medicine,FL,456-555-3161
4867,Anthony,Garcia,1000004867,Endocrinology,CO,800-555-4364
4868,Michael,Jackson,1000004868,Orthopedics,TX,593-555-1069
4869,William,Smith,1000004869,Internal Medicine,TX,909-555-5064
4870,Donald,Johnson,1000004870,Orthopedics,CA,280-555-1133
4871,Barbara,Williams,1000004871,General Practice,CA,943-555-4076
4872,Mary,Miller,1000004872,Internal Medicine,FL,615-555-5348
4873,Karen,Hernandez,1000004873,Oncology,AZ,774-555-8383
4874,Michael,Williams,1000004874,Cardiology,IL,950-555-8041
4875,Mary,Brown,1000004875,Emergency Medicine,FL,294-555-4057
4876,Robert,Hernandez,1000004876,Internal Medicine,TX,392-555-9548
4877,Jessica,Taylor,1000004877,Oncology,TX,692-555-1136
4878,Donald,Rodriguez,1000004878,Neurology,CA,346-555-7752
4879,Robert,Lee,1000004879,Urology,TX,410-555-2783
4880,Linda,Brown,1000004880,Psychiatry,CO,925-555-2396
4881,Robert,Smith,1000004881,Urology,TX,783-555-9569
4882,Ashley,Thomas,1000004882,Psychiatry,MA,736-555-6862
4883,Charles,Davis,1000004883,Psychiatry,TX,745-555-4265
4884,Robert,Thomas,1000004884,Psychiatry,TX,317-555-4682
4885,Richard,Taylor,1000004885,Gastroenterology,CA,331-555-8203
4886,Thomas,Johnson,1000004886,Dermatology,FL,788-555-2770
4887,Ashley,Brown,1000004887,Orthopedics,IL,892-555-6932
4888,Linda,Garcia,1000004888,Oncology,WA,982-555-9552
4889,Jennifer,Garcia,1000004889,Endocrinology,TX,358-555-3609
4890,Mary,Thompson,1000004890,Gastroenterology,CA,460-555-2874
4891,Nancy,Gonzalez,1000004891,General Practice,CA,563-555-5721
4892,Patricia,Johnson,1000004892,Cardiology,MA,712-555-8235
4893,Donald,Garcia,1000004893,Urology,IL,831-555-4429
4894,Margaret,Gonzalez,1000004894,Emergency Medicine,CO,382-555-2676
4895,Sandra,Smith,1000004895,Pulmonology,CA,348-555-1621
4896,Linda,Perez,1000004896,Psychiatry,CA,869-555-5231
4897,Betty,Jackson,1000004897,General Practice,WA,869-555-8623
4898,Nancy,Lopez,1000004898,Endocrinology,CA,714-555-6282
4899,Sarah,Taylor,1000004899,Emergency Medicine,FL,258-555-1733
4900,Robert,Gonzalez,1000004900,Oncology,MA,210-555-3982
4901,Joseph,Rodriguez,1000004901,Gastroenterology,IL,373-555-6214
4902,Michael,Jackson,1000004902,General Practice,AZ,939-555-7515
4903,Sandra,Brown,1000004903,General Practice,NY,874-555-7191
4904,Thomas,Martin,1000004904,Emergency Medicine,CA,355-555-9205
4905,Mark,Jackson,1000004905,Internal Medicine,FL,511-555-5057
4906,Joseph,Smith,1000004906,Orthopedics,WA,987-555-3381
4907,Matthew,Moore,1000004907,Gastroenterology,TX,799-555-7276
4908,Robert,Moore,1000004908,Emergency Medicine,TX,302-555-1632
4909,Margaret,Williams,1000004909,Urology,TX,536-555-5035
4910,Betty,Garcia,1000004910,Oncology,CA,557-555-8953
4911,James,Thomas,1000004911,Oncology,TX,384-555-1835
4912,Sarah,Hernandez,1000004912,Cardiology,CA,785-555-9998
4913,Sandra,Lee,1000004913,Gastroenterology,TX,910-555-3178
4914,Jennifer,Gonzalez,1000004914,General Practice,TX,649-555-8443
4915,Sarah,Rodriguez,1000004915,Orthopedics,TX,988-555-9921
4916,Daniel,Johnson,1000004916,Oncology,PA,729-555-6660
4917,Joseph,Moore,1000004917,Oncology,CO,641-555-6863
4918,Anthony,Lee,1000004918,Gastroenterology,FL,299-555-7131
4919,Jessica,Jones,1000004919,General Practice,CA,925-555-7321
4920,Margaret,Williams,1000004920,Emergency Medicine,NY,534-555-4131
4921,Elizabeth,Lopez,1000004921,Endocrinology,CA,205-555-8944
4922,Margaret,Thompson,1000004922,Cardiology,CA,846-555-9614
4923,Donald,Martinez,1000004923,Dermatology,IL,638-555-7928
4924,Nancy,Jones,1000004924,Internal Medicine,MA,766-555-6604
4925,Nancy,Smith,1000004925,Cardiology,CO,894-555-1891
4926,Michael,Martin,1000004926,Orthopedics,IL,963-555-3130
4927,Matthew,Martinez,1000004927,Oncology,IL,623-555-5178
4928,Daniel,Martin,1000004928,Dermatology,TX,901-555-6591
4929,Karen,Thompson,1000004929,Neurology,CA,542-555-1742
4930,Linda,Perez,1000004930,Dermatology,FL,285-555-6816
4931,Barbara,Anderson,1000004931,Urology,NY,524-555-8302
4932,Robert,Brown,1000004932,Emergency Medicine,IL,674-555-5638
4933,Robert,Martinez,1000004933,Oncology,MA,702-555-2557
4934,Betty,Jones,1000004934,Psychiatry,CO,925-555-6545
4935,Sarah,Rodriguez,1000004935,Endocrinology,FL,277-555-2780
4936,Ashley,Hernandez,1000004936,Orthopedics,MA,521-555-4751
4937,Robert,Brown,1000004937,Dermatology,CA,212-555-7784
4938,Richard,Martin,1000004938,Dermatology,PA,235-555-1641
4939,Charles,Smith,1000004939,General Practice,CO,632-555-4628
4940,Richard,Jackson,1000004940,Dermatology,TX,767-555-4535
4941,James,Perez,1000004941,Orthopedics,FL,983-555-8499
4942,Michael,Taylor,1000004942,Emergency Medicine,TX,349-555-9051
4943,Linda,Anderson,1000004943,Gastroenterology,TX,663-555-7576
4944,Betty,Moore,1000004944,Gastroenterology,AZ,915-555-5215
4945,Daniel,Lee,1000004945,Oncology,TX,265-555-7339
4946,Thomas,Lopez,1000004946,Orthopedics,CA,307-555-2898
4947,Richard,Perez,1000004947,General Practice,NY,296-555-8797
4948,Joseph,Smith,1000004948,Gastroenterology,TX,975-555-1360
4949,Robert,Miller,1000004949,Internal Medicine,TX,555-555-6247
4950,Charles,Moore,1000004950,Pediatrics,TX,385-555-1276
4951,Michael,Wilson,1000004951,Gastroenterology,CO,229-555-3686
4952,Sarah,Smith,1000004952,Urology,PA,383-555-1152
4953,John,Smith,1000004953,Pulmonology,NY,297-555-8850
4954,Richard,Thomas,1000004954,Urology,FL,404-555-5283
4955,Michael,Smith,1000004955,Emergency Medicine,TX,224-555-5409
4956,Elizabeth,Lopez,1000004956,Neurology,IL,884-555-9812
4957,Joseph,Jackson,1000004957,Psychiatry,TX,207-555-3571
4958,Michael,Jones,1000004958,Dermatology,TX,573-555-5771
4959,Mark,Lopez,1000004959,Cardiology,CO,902-555-4662
4960,Charles,Hernandez,1000004960,Pulmonology,TX,857-555-2973
4961,Robert,Brown,1000004961,Psychiatry,IL,624-555-6125
4962,Mary,Brown,1000004962,Orthopedics,TX,389-555-6999
4963,Mark,Hernandez,1000004963,Neurology,CA,841-555-3220
4964,Karen,Rodriguez,1000004964,Internal Medicine,TX,819-555-8381
4965,Susan,Hernandez,1000004965,Cardiology,PA,316-555-4121
4966,Richard,Williams,1000004966,Neurology,FL,956-555-1632
4967,Sarah,Garcia,1000004967,Pulmonology,MA,710-555-4192
4968,Joseph,Johnson,1000004968,Internal Medicine,IL,940-555-1237
4969,Michael,Williams,1000004969,Dermatology,MA,491-555-6295
4970,Donald,Williams,1000004970,Internal Medicine,CA,810-555-9817
4971,Ashley,Anderson,1000004971,Cardiology,CA,827-555-8560
4972,Sarah,Williams,1000004972,General Practice,CA,611-555-5544
4973,Karen,Hernandez,1000004973,Oncology,WA,832-555-7252
4974,Daniel,Thomas,1000004974,Emergency Medicine,PA,557-555-5556
4975,Nancy,Moore,1000004975,Gastroenterology,TX,470-555-6948
4976,Sandra,Garcia,1000004976,Gastroenterology,CA,303-555-5107
4977,James,Lee,1000004977,Gastroenterology,IL,731-555-6749
4978,Anthony,Williams,1000004978,General Practice,PA,746-555-9200
4979,Susan,Anderson,1000004979,Pediatrics,TX,494-555-4430
4980,Nancy,Taylor,1000004980,Pediatrics,PA,645-555-4769
4981,Elizabeth,Rodriguez,1000004981,General Practice,MA,466-555-9118
4982,Christopher,Hernandez,1000004982,Gastroenterology,AZ,798-555-5227
4983,Elizabeth,Rodriguez,1000004983,Gastroenterology,PA,805-555-3867
4984,Nancy,Williams,1000004984,Orthopedics,AZ,234-555-9669
4985,Daniel,Williams,1000004985,Dermatology,TX,790-555-4077
4986,Elizabeth,Moore,1000004986,Pulmonology,CO,794-555-3997
4987,Susan,Rodriguez,1000004987,Pediatrics,CA,332-555-5895
4988,Anthony,Taylor,1000004988,Pediatrics,CA,204-555-7295
4989,Betty,Lopez,1000004989,General Practice,FL,467-555-6866
4990,David,Thompson,1000004990,General Practice,TX,802-555-1591
4991,Mark,Jackson,1000004991,Pediatrics,MA,613-555-7305
4992,Jessica,Gonzalez,1000004992,Emergency Medicine,CA,607-555-5711
4993,Donald,Smith,1000004993,Endocrinology,IL,666-555-6018
4994,Jennifer,Martin,1000004994,Oncology,TX,397-555-3602
4995,Richard,Smith,1000004995,Neurology,CA,248-555-8765
4996,Sandra,Lee,1000004996,General Practice,TX,842-555-8223
4997,Mary,Smith,1000004997,Dermatology,TX,397-555-7515
4998,Michael,Martinez,1000004998,Internal Medicine,NY,390-555-6909
4999,Matthew,Williams,1000004999,Cardiology,PA,738-555-3420
5000,Thomas,Jackson,1000005000,Internal Medicine,IL,927-555-7776
