product_id,sku,product_name,category,subcategory,brand,unit_cost,unit_price,is_active
1,SKU-GRO-000001,Sol Snacks Model-002,Grocery & Pantry,Snacks,Sol,351.67,698.4,1
2,SKU-GRO-000002,Zenith Breakfast Model-003,Grocery & Pantry,Breakfast,Zenith,307.33,401.09,1
3,SKU-GRO-000003,Zenith Organic Foods Model-004,Grocery & Pantry,Organic Foods,Zenith,10.82,20.55,1
4,SKU-BEA-000004,Summit Haircare Model-005,Beauty & Care,Haircare,Summit,407.41,569.39,1
5,SKU-ELE-000005,Summit Smartphones Model-006,Electronics,Smartphones,Summit,364.56,655.01,1
6,SKU-SPO-000006,Titan Camping & Hiking Model-007,Sports & Outdoors,Camping & Hiking,Titan,444.41,788.75,1
7,SKU-APP-000007,Titan Men's Clothing Model-008,Apparel,Men's Clothing,Titan,371.72,607.07,1
8,SKU-HOM-000008,Apex Storage Model-009,Home & Kitchen,Storage,Apex,202.56,465.98,1
9,SKU-APP-000009,Prism Outerwear Model-010,Apparel,Outerwear,Prism,115.41,251,1
10,SKU-AUT-000010,Pulse Car Care Model-011,Automotive,Car Care,Pulse,140.17,200.88,1
11,SKU-TOY-000011,Vortex Board Games Model-012,Toys & Games,Board Games,Vortex,280.73,387.39,1
12,SKU-SPO-000012,Apex Camping & Hiking Model-013,Sports & Outdoors,Camping & Hiking,Apex,244,350.54,1
13,SKU-BEA-000013,Matrix Personal Care Model-014,Beauty & Care,Personal Care,Matrix,259.27,479.81,1
14,SKU-TOY-000014,Pulse Board Games Model-015,Toys & Games,Board Games,Pulse,429.09,914.68,1
15,SKU-SPO-000015,Echo Cycling Model-016,Sports & Outdoors,Cycling,Echo,43.71,84.14,1
16,SKU-GRO-000016,Sol Beverages Model-017,Grocery & Pantry,Beverages,Sol,311.08,737.23,1
17,SKU-APP-000017,Velocity Sportswear Model-018,Apparel,Sportswear,Velocity,216.25,438.62,1
18,SKU-HOM-000018,Zenith Bedding Model-019,Home & Kitchen,Bedding,Zenith,121.27,272.5,1
19,SKU-TOY-000019,Echo Action Figures Model-020,Toys & Games,Action Figures,Echo,96.12,134.05,1
20,SKU-AUT-000020,Apex Car Care Model-021,Automotive,Car Care,Apex,85.83,113.09,1
21,SKU-HOM-000021,Summit Furniture Model-022,Home & Kitchen,Furniture,Summit,264.78,427.06,1
22,SKU-SPO-000022,Matrix Camping & Hiking Model-023,Sports & Outdoors,Camping & Hiking,Matrix,342.71,594.3,1
23,SKU-ELE-000023,Aura Audio & Headphones Model-024,Electronics,Audio & Headphones,Aura,53.12,117.42,1
24,SKU-APP-000024,Velocity Sportswear Model-025,Apparel,Sportswear,Velocity,40.06,73.58,1
25,SKU-BEA-000025,Velocity Cosmetics Model-026,Beauty & Care,Cosmetics,Velocity,131.34,216.49,1
26,SKU-ELE-000026,Horizon Smart Home Model-027,Electronics,Smart Home,Horizon,146.26,347.05,1
27,SKU-HOM-000027,Horizon Decor Model-028,Home & Kitchen,Decor,Horizon,371.7,662.49,1
28,SKU-SPO-000028,Zenith Cycling Model-029,Sports & Outdoors,Cycling,Zenith,118.99,295.62,1
29,SKU-HOM-000029,Velocity Decor Model-030,Home & Kitchen,Decor,Velocity,98.32,161.92,1
30,SKU-TOY-000030,Aura Action Figures Model-031,Toys & Games,Action Figures,Aura,31,56.12,1
31,SKU-ELE-000031,Summit Smartphones Model-032,Electronics,Smartphones,Summit,322.2,745.14,1
32,SKU-AUT-000032,Summit Oils & Fluids Model-033,Automotive,Oils & Fluids,Summit,51.28,81.42,1
33,SKU-APP-000033,Titan Footwear Model-034,Apparel,Footwear,Titan,422.67,739.39,1
34,SKU-APP-000034,Summit Outerwear Model-035,Apparel,Outerwear,Summit,332.91,592.74,1
35,SKU-HOM-000035,Vortex Decor Model-036,Home & Kitchen,Decor,Vortex,417.2,1026.54,1
36,SKU-AUT-000036,Sol Car Care Model-037,Automotive,Car Care,Sol,335.45,689.7,1
37,SKU-TOY-000037,Nova Puzzles Model-038,Toys & Games,Puzzles,Nova,209.45,426.01,0
38,SKU-GRO-000038,Prism Condiments Model-039,Grocery & Pantry,Condiments,Prism,427.32,916.7,1
39,SKU-GRO-000039,Prism Snacks Model-040,Grocery & Pantry,Snacks,Prism,146.33,236.29,0
40,SKU-AUT-000040,Prism Interior Accessories Model-041,Automotive,Interior Accessories,Prism,224.22,413.48,1
41,SKU-ELE-000041,Lumina Accessories Model-042,Electronics,Accessories,Lumina,101.3,190.66,1
42,SKU-APP-000042,Sol Sportswear Model-043,Apparel,Sportswear,Sol,115.82,226.2,1
43,SKU-BEA-000043,Summit Fragrances Model-044,Beauty & Care,Fragrances,Summit,27.51,61.22,1
44,SKU-APP-000044,Sol Men's Clothing Model-045,Apparel,Men's Clothing,Sol,9.89,22.56,0
45,SKU-TOY-000045,Titan Board Games Model-046,Toys & Games,Board Games,Titan,184.65,390.32,1
46,SKU-BEA-000046,Prism Skincare Model-047,Beauty & Care,Skincare,Prism,123.4,188.2,1
47,SKU-SPO-000047,Vortex Fitness Gear Model-048,Sports & Outdoors,Fitness Gear,Vortex,385.07,864.68,1
48,SKU-AUT-000048,Horizon Tools & Equipment Model-049,Automotive,Tools & Equipment,Horizon,384.76,869.82,1
49,SKU-HOM-000049,Vortex Bedding Model-050,Home & Kitchen,Bedding,Vortex,83.54,178.41,1
50,SKU-GRO-000050,Prism Condiments Model-051,Grocery & Pantry,Condiments,Prism,82.52,194.45,1
51,SKU-APP-000051,Velocity Sportswear Model-052,Apparel,Sportswear,Velocity,195.52,418.61,1
52,SKU-HOM-000052,Aura Bedding Model-053,Home & Kitchen,Bedding,Aura,123.9,309.28,1
53,SKU-AUT-000053,Vortex Interior Accessories Model-054,Automotive,Interior Accessories,Vortex,315.14,403.81,1
54,SKU-BEA-000054,Apex Skincare Model-055,Beauty & Care,Skincare,Apex,296.81,452.76,1
55,SKU-HOM-000055,Aura Bedding Model-056,Home & Kitchen,Bedding,Aura,23.99,39.03,1
56,SKU-ELE-000056,Prism Wearables Model-057,Electronics,Wearables,Prism,223.31,498.68,1
57,SKU-GRO-000057,Apex Breakfast Model-058,Grocery & Pantry,Breakfast,Apex,24.72,38.95,1
58,SKU-BEA-000058,Lumina Haircare Model-059,Beauty & Care,Haircare,Lumina,424.88,767,1
59,SKU-GRO-000059,Sol Condiments Model-060,Grocery & Pantry,Condiments,Sol,221.09,489.15,1
60,SKU-TOY-000060,Apex Board Games Model-061,Toys & Games,Board Games,Apex,180.7,302.33,1
61,SKU-APP-000061,Zenith Accessories Model-062,Apparel,Accessories,Zenith,386.85,966.59,1
62,SKU-ELE-000062,Sol Smart Home Model-063,Electronics,Smart Home,Sol,304.9,626.24,1
63,SKU-HOM-000063,Summit Decor Model-064,Home & Kitchen,Decor,Summit,19.42,30.35,1
64,SKU-SPO-000064,Pulse Water Sports Model-065,Sports & Outdoors,Water Sports,Pulse,43.21,73.14,1
65,SKU-ELE-000065,Vortex Smartphones Model-066,Electronics,Smartphones,Vortex,302.09,718.03,1
66,SKU-APP-000066,Matrix Accessories Model-067,Apparel,Accessories,Matrix,81.9,127.93,1
67,SKU-SPO-000067,Summit Camping & Hiking Model-068,Sports & Outdoors,Camping & Hiking,Summit,408.25,638.58,1
68,SKU-TOY-000068,Echo Action Figures Model-069,Toys & Games,Action Figures,Echo,361.65,566.9,1
69,SKU-TOY-000069,Aura Puzzles Model-070,Toys & Games,Puzzles,Aura,201.52,268.38,1
70,SKU-BEA-000070,Echo Cosmetics Model-071,Beauty & Care,Cosmetics,Echo,297.59,609.43,1
71,SKU-HOM-000071,Aura Cookware Model-072,Home & Kitchen,Cookware,Aura,418.35,941.54,1
72,SKU-APP-000072,Pulse Sportswear Model-073,Apparel,Sportswear,Pulse,347.52,577.19,1
73,SKU-ELE-000073,Sol Wearables Model-074,Electronics,Wearables,Sol,35.46,78.44,1
74,SKU-TOY-000074,Apex Outdoor Toys Model-075,Toys & Games,Outdoor Toys,Apex,204.11,462.12,1
75,SKU-GRO-000075,Prism Condiments Model-076,Grocery & Pantry,Condiments,Prism,228.16,507.35,1
76,SKU-AUT-000076,Matrix Tools & Equipment Model-077,Automotive,Tools & Equipment,Matrix,280.36,606.32,1
77,SKU-APP-000077,Pulse Sportswear Model-078,Apparel,Sportswear,Pulse,305.35,552.61,1
78,SKU-ELE-000078,Zenith Wearables Model-079,Electronics,Wearables,Zenith,389.21,961.99,1
79,SKU-AUT-000079,Pulse Car Care Model-080,Automotive,Car Care,Pulse,236.65,473.36,1
80,SKU-TOY-000080,Nova Educational Toys Model-081,Toys & Games,Educational Toys,Nova,295.66,468.41,1
81,SKU-ELE-000081,Echo Laptops Model-082,Electronics,Laptops,Echo,127.34,260.85,1
82,SKU-HOM-000082,Titan Small Appliances Model-083,Home & Kitchen,Small Appliances,Titan,118.43,166.47,1
83,SKU-APP-000083,Summit Outerwear Model-084,Apparel,Outerwear,Summit,80.83,150.17,1
84,SKU-GRO-000084,Matrix Snacks Model-085,Grocery & Pantry,Snacks,Matrix,188.48,397.04,1
85,SKU-ELE-000085,Nova Laptops Model-086,Electronics,Laptops,Nova,233.2,564.86,1
86,SKU-BEA-000086,Velocity Personal Care Model-087,Beauty & Care,Personal Care,Velocity,337.79,713.49,1
87,SKU-ELE-000087,Echo Accessories Model-088,Electronics,Accessories,Echo,241.59,473.43,1
88,SKU-ELE-000088,Titan Laptops Model-089,Electronics,Laptops,Titan,154.93,272.62,1
89,SKU-HOM-000089,Horizon Small Appliances Model-090,Home & Kitchen,Small Appliances,Horizon,107.32,201.47,1
90,SKU-TOY-000090,Summit Educational Toys Model-091,Toys & Games,Educational Toys,Summit,306.74,437.53,1
91,SKU-GRO-000091,Titan Condiments Model-092,Grocery & Pantry,Condiments,Titan,100.81,207.6,0
92,SKU-APP-000092,Apex Sportswear Model-093,Apparel,Sportswear,Apex,84.8,178.91,1
93,SKU-TOY-000093,Apex Board Games Model-094,Toys & Games,Board Games,Apex,312.95,577.29,1
94,SKU-SPO-000094,Aura Team Sports Model-095,Sports & Outdoors,Team Sports,Aura,390.36,717.23,1
95,SKU-APP-000095,Titan Women's Clothing Model-096,Apparel,Women's Clothing,Titan,41.08,97.39,1
96,SKU-BEA-000096,Zenith Haircare Model-097,Beauty & Care,Haircare,Zenith,242.33,460.18,1
97,SKU-ELE-000097,Pulse Laptops Model-098,Electronics,Laptops,Pulse,98.66,210.69,1
98,SKU-SPO-000098,Prism Fitness Gear Model-099,Sports & Outdoors,Fitness Gear,Prism,284.42,531.9,1
99,SKU-AUT-000099,Echo Interior Accessories Model-100,Automotive,Interior Accessories,Echo,401,660.45,1
100,SKU-GRO-000100,Aura Beverages Model-101,Grocery & Pantry,Beverages,Aura,300.74,423.12,1
101,SKU-APP-000101,Nova Sportswear Model-102,Apparel,Sportswear,Nova,430.96,737.17,1
102,SKU-SPO-000102,Aura Water Sports Model-103,Sports & Outdoors,Water Sports,Aura,422.84,812.55,1
103,SKU-ELE-000103,Sol Laptops Model-104,Electronics,Laptops,Sol,266.37,336.25,1
104,SKU-AUT-000104,Echo Oils & Fluids Model-105,Automotive,Oils & Fluids,Echo,390.42,931.1,1
105,SKU-SPO-000105,Horizon Camping & Hiking Model-106,Sports & Outdoors,Camping & Hiking,Horizon,234.07,376.33,1
106,SKU-SPO-000106,Titan Water Sports Model-107,Sports & Outdoors,Water Sports,Titan,274.56,483.54,1
107,SKU-APP-000107,Vortex Accessories Model-108,Apparel,Accessories,Vortex,311.39,638.07,1
108,SKU-HOM-000108,Lumina Storage Model-109,Home & Kitchen,Storage,Lumina,22.46,32.67,1
109,SKU-APP-000109,Vortex Women's Clothing Model-110,Apparel,Women's Clothing,Vortex,300.83,415.14,1
110,SKU-APP-000110,Nova Footwear Model-111,Apparel,Footwear,Nova,390.4,774.91,0
111,SKU-HOM-000111,Titan Decor Model-112,Home & Kitchen,Decor,Titan,91.98,164.98,1
112,SKU-ELE-000112,Nova Laptops Model-113,Electronics,Laptops,Nova,127.32,163.83,1
113,SKU-AUT-000113,Aura Tools & Equipment Model-114,Automotive,Tools & Equipment,Aura,445.7,633.66,1
114,SKU-AUT-000114,Matrix Tools & Equipment Model-115,Automotive,Tools & Equipment,Matrix,203.92,491.44,1
115,SKU-TOY-000115,Nova Action Figures Model-116,Toys & Games,Action Figures,Nova,134.82,234.52,1
116,SKU-SPO-000116,Horizon Cycling Model-117,Sports & Outdoors,Cycling,Horizon,303.53,444.88,1
117,SKU-ELE-000117,Lumina Smart Home Model-118,Electronics,Smart Home,Lumina,294.63,694.5,1
118,SKU-HOM-000118,Nova Decor Model-119,Home & Kitchen,Decor,Nova,234.2,301.17,1
119,SKU-SPO-000119,Lumina Cycling Model-120,Sports & Outdoors,Cycling,Lumina,56.87,102.9,1
120,SKU-AUT-000120,Matrix Interior Accessories Model-121,Automotive,Interior Accessories,Matrix,278.24,549.42,1
121,SKU-ELE-000121,Pulse Smartphones Model-122,Electronics,Smartphones,Pulse,270.92,672.57,0
122,SKU-AUT-000122,Horizon Interior Accessories Model-123,Automotive,Interior Accessories,Horizon,86.05,175.13,0
123,SKU-GRO-000123,Vortex Snacks Model-124,Grocery & Pantry,Snacks,Vortex,343.04,501.33,1
124,SKU-BEA-000124,Sol Cosmetics Model-125,Beauty & Care,Cosmetics,Sol,304.8,717.97,1
125,SKU-APP-000125,Matrix Outerwear Model-126,Apparel,Outerwear,Matrix,352.83,472.34,1
126,SKU-TOY-000126,Titan Outdoor Toys Model-127,Toys & Games,Outdoor Toys,Titan,442.74,853.03,1
127,SKU-TOY-000127,Aura Board Games Model-128,Toys & Games,Board Games,Aura,282.91,562.19,1
128,SKU-AUT-000128,Titan Interior Accessories Model-129,Automotive,Interior Accessories,Titan,303.07,421.5,1
129,SKU-BEA-000129,Apex Fragrances Model-130,Beauty & Care,Fragrances,Apex,379.79,862.38,1
130,SKU-SPO-000130,Echo Camping & Hiking Model-131,Sports & Outdoors,Camping & Hiking,Echo,93.97,231.78,1
131,SKU-ELE-000131,Horizon Accessories Model-132,Electronics,Accessories,Horizon,427.69,943.25,1
132,SKU-APP-000132,Aura Sportswear Model-133,Apparel,Sportswear,Aura,364.67,469.08,1
133,SKU-HOM-000133,Lumina Cookware Model-134,Home & Kitchen,Cookware,Lumina,355.36,649.31,1
134,SKU-AUT-000134,Apex Car Care Model-135,Automotive,Car Care,Apex,58.58,125.58,1
135,SKU-APP-000135,Sol Men's Clothing Model-136,Apparel,Men's Clothing,Sol,187.47,443.66,1
136,SKU-HOM-000136,Summit Cookware Model-137,Home & Kitchen,Cookware,Summit,52.79,86.59,1
137,SKU-ELE-000137,Matrix Smart Home Model-138,Electronics,Smart Home,Matrix,275.79,620.68,1
138,SKU-ELE-000138,Prism Smart Home Model-139,Electronics,Smart Home,Prism,263.41,461.6,1
139,SKU-AUT-000139,Nova Car Care Model-140,Automotive,Car Care,Nova,150.96,300.28,1
140,SKU-BEA-000140,Sol Personal Care Model-141,Beauty & Care,Personal Care,Sol,443.5,766.21,1
141,SKU-BEA-000141,Summit Skincare Model-142,Beauty & Care,Skincare,Summit,24.96,53.02,0
142,SKU-BEA-000142,Summit Fragrances Model-143,Beauty & Care,Fragrances,Summit,134.64,326.01,1
143,SKU-GRO-000143,Sol Breakfast Model-144,Grocery & Pantry,Breakfast,Sol,360.54,753.37,1
144,SKU-HOM-000144,Aura Small Appliances Model-145,Home & Kitchen,Small Appliances,Aura,390.86,846.22,1
145,SKU-ELE-000145,Velocity Audio & Headphones Model-146,Electronics,Audio & Headphones,Velocity,30.24,58.94,1
146,SKU-SPO-000146,Nova Camping & Hiking Model-147,Sports & Outdoors,Camping & Hiking,Nova,390.53,595.58,1
147,SKU-ELE-000147,Echo Wearables Model-148,Electronics,Wearables,Echo,365.87,865.68,1
148,SKU-BEA-000148,Lumina Haircare Model-149,Beauty & Care,Haircare,Lumina,407.05,1010.55,1
149,SKU-SPO-000149,Vortex Camping & Hiking Model-150,Sports & Outdoors,Camping & Hiking,Vortex,279.93,506.52,1
150,SKU-SPO-000150,Velocity Fitness Gear Model-151,Sports & Outdoors,Fitness Gear,Velocity,261.85,486.16,1
151,SKU-BEA-000151,Titan Fragrances Model-152,Beauty & Care,Fragrances,Titan,427.19,625.64,1
152,SKU-BEA-000152,Apex Haircare Model-153,Beauty & Care,Haircare,Apex,387.33,923.66,1
153,SKU-TOY-000153,Nova Puzzles Model-154,Toys & Games,Puzzles,Nova,433.2,1062.26,1
154,SKU-AUT-000154,Velocity Tools & Equipment Model-155,Automotive,Tools & Equipment,Velocity,284.18,555.82,1
155,SKU-TOY-000155,Aura Educational Toys Model-156,Toys & Games,Educational Toys,Aura,101.47,154.54,1
156,SKU-SPO-000156,Pulse Water Sports Model-157,Sports & Outdoors,Water Sports,Pulse,141.9,198.82,1
157,SKU-AUT-000157,Titan Interior Accessories Model-158,Automotive,Interior Accessories,Titan,356.91,647.1,1
158,SKU-BEA-000158,Titan Cosmetics Model-159,Beauty & Care,Cosmetics,Titan,52.11,84.64,1
159,SKU-APP-000159,Aura Women's Clothing Model-160,Apparel,Women's Clothing,Aura,7.75,14.12,1
160,SKU-SPO-000160,Lumina Water Sports Model-161,Sports & Outdoors,Water Sports,Lumina,237.27,447.32,1
161,SKU-GRO-000161,Echo Beverages Model-162,Grocery & Pantry,Beverages,Echo,146.76,329.43,1
162,SKU-BEA-000162,Nova Skincare Model-163,Beauty & Care,Skincare,Nova,246.71,368.94,1
163,SKU-TOY-000163,Apex Educational Toys Model-164,Toys & Games,Educational Toys,Apex,186.54,239.82,1
164,SKU-AUT-000164,Nova Interior Accessories Model-165,Automotive,Interior Accessories,Nova,16.84,34.52,1
165,SKU-SPO-000165,Echo Camping & Hiking Model-166,Sports & Outdoors,Camping & Hiking,Echo,161.85,218.4,1
166,SKU-SPO-000166,Pulse Team Sports Model-167,Sports & Outdoors,Team Sports,Pulse,149.92,279.37,1
167,SKU-BEA-000167,Lumina Fragrances Model-168,Beauty & Care,Fragrances,Lumina,425.98,944.57,1
168,SKU-HOM-000168,Matrix Cookware Model-169,Home & Kitchen,Cookware,Matrix,126.16,248.31,1
169,SKU-BEA-000169,Sol Fragrances Model-170,Beauty & Care,Fragrances,Sol,218.48,495.05,1
170,SKU-TOY-000170,Summit Action Figures Model-171,Toys & Games,Action Figures,Summit,350.63,595.67,1
171,SKU-TOY-000171,Prism Board Games Model-172,Toys & Games,Board Games,Prism,300.61,378.54,1
172,SKU-BEA-000172,Apex Fragrances Model-173,Beauty & Care,Fragrances,Apex,214.07,388.28,1
173,SKU-APP-000173,Lumina Women's Clothing Model-174,Apparel,Women's Clothing,Lumina,13.86,26.85,1
174,SKU-HOM-000174,Pulse Furniture Model-175,Home & Kitchen,Furniture,Pulse,260.34,471.84,1
175,SKU-ELE-000175,Pulse Audio & Headphones Model-176,Electronics,Audio & Headphones,Pulse,442.65,1039.72,1
176,SKU-HOM-000176,Nova Bedding Model-177,Home & Kitchen,Bedding,Nova,193.25,285.73,1
177,SKU-SPO-000177,Summit Camping & Hiking Model-178,Sports & Outdoors,Camping & Hiking,Summit,219.77,346.66,1
178,SKU-ELE-000178,Titan Smart Home Model-179,Electronics,Smart Home,Titan,84.13,122.99,1
179,SKU-APP-000179,Pulse Accessories Model-180,Apparel,Accessories,Pulse,354.87,456.2,1
180,SKU-SPO-000180,Lumina Cycling Model-181,Sports & Outdoors,Cycling,Lumina,178.76,228.9,1
181,SKU-BEA-000181,Zenith Skincare Model-182,Beauty & Care,Skincare,Zenith,130.39,271.69,0
182,SKU-BEA-000182,Echo Fragrances Model-183,Beauty & Care,Fragrances,Echo,447.66,637.42,1
183,SKU-BEA-000183,Zenith Cosmetics Model-184,Beauty & Care,Cosmetics,Zenith,299.05,467.19,1
184,SKU-ELE-000184,Velocity Smart Home Model-185,Electronics,Smart Home,Velocity,297.12,742.15,1
185,SKU-ELE-000185,Echo Wearables Model-186,Electronics,Wearables,Echo,56.17,131.03,1
186,SKU-TOY-000186,Apex Outdoor Toys Model-187,Toys & Games,Outdoor Toys,Apex,196.93,259.55,1
187,SKU-BEA-000187,Sol Haircare Model-188,Beauty & Care,Haircare,Sol,58.93,137.71,1
188,SKU-SPO-000188,Aura Team Sports Model-189,Sports & Outdoors,Team Sports,Aura,327.07,807.53,1
189,SKU-SPO-000189,Nova Fitness Gear Model-190,Sports & Outdoors,Fitness Gear,Nova,152.62,370.34,1
190,SKU-AUT-000190,Apex Car Care Model-191,Automotive,Car Care,Apex,193.41,397.14,1
191,SKU-GRO-000191,Horizon Breakfast Model-192,Grocery & Pantry,Breakfast,Horizon,279.41,481.6,1
192,SKU-GRO-000192,Nova Beverages Model-193,Grocery & Pantry,Beverages,Nova,129.5,235.2,1
193,SKU-TOY-000193,Sol Puzzles Model-194,Toys & Games,Puzzles,Sol,380.11,699.09,1
194,SKU-SPO-000194,Zenith Team Sports Model-195,Sports & Outdoors,Team Sports,Zenith,327.8,750.42,1
195,SKU-HOM-000195,Titan Storage Model-196,Home & Kitchen,Storage,Titan,101.32,238.43,1
196,SKU-APP-000196,Vortex Women's Clothing Model-197,Apparel,Women's Clothing,Vortex,332.94,606.19,1
197,SKU-GRO-000197,Matrix Organic Foods Model-198,Grocery & Pantry,Organic Foods,Matrix,88.32,219.2,1
198,SKU-ELE-000198,Horizon Wearables Model-199,Electronics,Wearables,Horizon,133.77,198.97,1
199,SKU-ELE-000199,Vortex Audio & Headphones Model-200,Electronics,Audio & Headphones,Vortex,360.45,727.36,1
200,SKU-ELE-000200,Apex Smart Home Model-201,Electronics,Smart Home,Apex,282.28,556.33,1
201,SKU-ELE-000201,Velocity Laptops Model-202,Electronics,Laptops,Velocity,390.59,716.97,1
202,SKU-TOY-000202,Horizon Puzzles Model-203,Toys & Games,Puzzles,Horizon,132.67,221.68,0
203,SKU-TOY-000203,Prism Educational Toys Model-204,Toys & Games,Educational Toys,Prism,364.55,675.49,1
204,SKU-ELE-000204,Prism Wearables Model-205,Electronics,Wearables,Prism,426.12,884.86,1
205,SKU-AUT-000205,Titan Interior Accessories Model-206,Automotive,Interior Accessories,Titan,167.81,417.35,1
206,SKU-TOY-000206,Summit Puzzles Model-207,Toys & Games,Puzzles,Summit,280.52,685.69,1
207,SKU-TOY-000207,Sol Action Figures Model-208,Toys & Games,Action Figures,Sol,132.5,286.14,1
208,SKU-SPO-000208,Zenith Cycling Model-209,Sports & Outdoors,Cycling,Zenith,303.66,569.51,1
209,SKU-SPO-000209,Titan Fitness Gear Model-210,Sports & Outdoors,Fitness Gear,Titan,35.94,45.79,1
210,SKU-SPO-000210,Velocity Water Sports Model-211,Sports & Outdoors,Water Sports,Velocity,11.8,25.29,1
211,SKU-BEA-000211,Velocity Haircare Model-212,Beauty & Care,Haircare,Velocity,312.91,534.17,1
212,SKU-SPO-000212,Vortex Cycling Model-213,Sports & Outdoors,Cycling,Vortex,334.05,764.95,1
213,SKU-BEA-000213,Sol Cosmetics Model-214,Beauty & Care,Cosmetics,Sol,131.35,175.85,1
214,SKU-HOM-000214,Pulse Storage Model-215,Home & Kitchen,Storage,Pulse,377.97,500.64,1
215,SKU-SPO-000215,Nova Cycling Model-216,Sports & Outdoors,Cycling,Nova,304.5,450.44,1
216,SKU-TOY-000216,Horizon Educational Toys Model-217,Toys & Games,Educational Toys,Horizon,12.13,26.24,1
217,SKU-AUT-000217,Apex Interior Accessories Model-218,Automotive,Interior Accessories,Apex,449.02,926.5,1
218,SKU-SPO-000218,Titan Cycling Model-219,Sports & Outdoors,Cycling,Titan,32.62,72.38,1
219,SKU-TOY-000219,Vortex Educational Toys Model-220,Toys & Games,Educational Toys,Vortex,27,55.11,1
220,SKU-ELE-000220,Prism Smartphones Model-221,Electronics,Smartphones,Prism,109.36,151.99,1
221,SKU-ELE-000221,Prism Laptops Model-222,Electronics,Laptops,Prism,39.55,57.14,1
222,SKU-ELE-000222,Apex Smart Home Model-223,Electronics,Smart Home,Apex,286.18,670.51,1
223,SKU-BEA-000223,Horizon Haircare Model-224,Beauty & Care,Haircare,Horizon,229.25,506.48,1
224,SKU-HOM-000224,Vortex Decor Model-225,Home & Kitchen,Decor,Vortex,206.56,403.5,1
225,SKU-APP-000225,Summit Women's Clothing Model-226,Apparel,Women's Clothing,Summit,409.9,909.34,1
226,SKU-ELE-000226,Horizon Wearables Model-227,Electronics,Wearables,Horizon,149.58,325.33,1
227,SKU-APP-000227,Zenith Sportswear Model-228,Apparel,Sportswear,Zenith,210.95,302.64,1
228,SKU-BEA-000228,Summit Fragrances Model-229,Beauty & Care,Fragrances,Summit,179.19,340.45,1
229,SKU-TOY-000229,Vortex Outdoor Toys Model-230,Toys & Games,Outdoor Toys,Vortex,32.25,59.51,0
230,SKU-TOY-000230,Echo Outdoor Toys Model-231,Toys & Games,Outdoor Toys,Echo,318.59,686.01,1
231,SKU-SPO-000231,Velocity Water Sports Model-232,Sports & Outdoors,Water Sports,Velocity,128.1,232.95,1
232,SKU-TOY-000232,Zenith Educational Toys Model-233,Toys & Games,Educational Toys,Zenith,273.29,427.09,1
233,SKU-APP-000233,Prism Outerwear Model-234,Apparel,Outerwear,Prism,7.35,16.89,0
234,SKU-SPO-000234,Prism Fitness Gear Model-235,Sports & Outdoors,Fitness Gear,Prism,377.82,937.15,1
235,SKU-AUT-000235,Matrix Car Care Model-236,Automotive,Car Care,Matrix,73.53,175.44,1
236,SKU-ELE-000236,Summit Smartphones Model-237,Electronics,Smartphones,Summit,130.55,225.57,1
237,SKU-BEA-000237,Velocity Skincare Model-238,Beauty & Care,Skincare,Velocity,239.48,563.13,1
238,SKU-TOY-000238,Lumina Action Figures Model-239,Toys & Games,Action Figures,Lumina,222.54,330.86,1
239,SKU-HOM-000239,Echo Furniture Model-240,Home & Kitchen,Furniture,Echo,105.43,210.75,1
240,SKU-BEA-000240,Titan Haircare Model-241,Beauty & Care,Haircare,Titan,221.51,385.71,1
241,SKU-GRO-000241,Vortex Canned Goods Model-242,Grocery & Pantry,Canned Goods,Vortex,69.39,123.88,1
242,SKU-ELE-000242,Echo Wearables Model-243,Electronics,Wearables,Echo,134.97,229.57,1
243,SKU-TOY-000243,Aura Educational Toys Model-244,Toys & Games,Educational Toys,Aura,222.6,491.74,1
244,SKU-GRO-000244,Horizon Snacks Model-245,Grocery & Pantry,Snacks,Horizon,338.28,523.67,1
245,SKU-APP-000245,Zenith Outerwear Model-246,Apparel,Outerwear,Zenith,280.04,472.72,1
246,SKU-HOM-000246,Velocity Bedding Model-247,Home & Kitchen,Bedding,Velocity,197.16,403.35,1
247,SKU-AUT-000247,Lumina Car Care Model-248,Automotive,Car Care,Lumina,402.51,842.81,0
248,SKU-SPO-000248,Velocity Team Sports Model-249,Sports & Outdoors,Team Sports,Velocity,263.37,538.12,1
249,SKU-ELE-000249,Lumina Smartphones Model-250,Electronics,Smartphones,Lumina,346.8,783.1,1
250,SKU-GRO-000250,Zenith Condiments Model-251,Grocery & Pantry,Condiments,Zenith,85.33,158.15,1
251,SKU-APP-000251,Summit Accessories Model-252,Apparel,Accessories,Summit,221.8,407.58,1
252,SKU-SPO-000252,Echo Fitness Gear Model-253,Sports & Outdoors,Fitness Gear,Echo,404.67,847.05,1
253,SKU-TOY-000253,Vortex Board Games Model-254,Toys & Games,Board Games,Vortex,292,679.98,1
254,SKU-AUT-000254,Sol Tools & Equipment Model-255,Automotive,Tools & Equipment,Sol,406.84,718.76,1
255,SKU-SPO-000255,Pulse Water Sports Model-256,Sports & Outdoors,Water Sports,Pulse,122.08,301.92,1
256,SKU-TOY-000256,Matrix Action Figures Model-257,Toys & Games,Action Figures,Matrix,368.39,489.36,1
257,SKU-AUT-000257,Nova Tools & Equipment Model-258,Automotive,Tools & Equipment,Nova,373.8,875.53,1
258,SKU-TOY-000258,Prism Educational Toys Model-259,Toys & Games,Educational Toys,Prism,71.13,175.03,1
259,SKU-TOY-000259,Horizon Educational Toys Model-260,Toys & Games,Educational Toys,Horizon,414.38,788.51,1
260,SKU-TOY-000260,Echo Outdoor Toys Model-261,Toys & Games,Outdoor Toys,Echo,446.65,676.3,1
261,SKU-APP-000261,Matrix Accessories Model-262,Apparel,Accessories,Matrix,220.17,307.05,1
262,SKU-ELE-000262,Pulse Accessories Model-263,Electronics,Accessories,Pulse,187.47,452.65,1
263,SKU-ELE-000263,Prism Accessories Model-264,Electronics,Accessories,Prism,220.46,362.31,1
264,SKU-APP-000264,Lumina Men's Clothing Model-265,Apparel,Men's Clothing,Lumina,246.46,313.94,1
265,SKU-BEA-000265,Prism Fragrances Model-266,Beauty & Care,Fragrances,Prism,375.61,525.19,1
266,SKU-ELE-000266,Titan Wearables Model-267,Electronics,Wearables,Titan,104.84,214.52,1
267,SKU-APP-000267,Velocity Sportswear Model-268,Apparel,Sportswear,Velocity,389.29,826.63,1
268,SKU-SPO-000268,Titan Fitness Gear Model-269,Sports & Outdoors,Fitness Gear,Titan,343.81,691.5,1
269,SKU-HOM-000269,Prism Decor Model-270,Home & Kitchen,Decor,Prism,42.67,80.63,1
270,SKU-ELE-000270,Apex Wearables Model-271,Electronics,Wearables,Apex,294.68,428.13,1
271,SKU-AUT-000271,Pulse Interior Accessories Model-272,Automotive,Interior Accessories,Pulse,269.97,549.07,1
272,SKU-GRO-000272,Echo Snacks Model-273,Grocery & Pantry,Snacks,Echo,270.4,440.57,1
273,SKU-HOM-000273,Zenith Cookware Model-274,Home & Kitchen,Cookware,Zenith,30.3,55.71,1
274,SKU-SPO-000274,Matrix Cycling Model-275,Sports & Outdoors,Cycling,Matrix,132.9,273.2,1
275,SKU-TOY-000275,Summit Outdoor Toys Model-276,Toys & Games,Outdoor Toys,Summit,390.73,550.24,1
276,SKU-SPO-000276,Pulse Camping & Hiking Model-277,Sports & Outdoors,Camping & Hiking,Pulse,156.33,256.56,1
277,SKU-SPO-000277,Echo Cycling Model-278,Sports & Outdoors,Cycling,Echo,89.97,198.39,1
278,SKU-ELE-000278,Matrix Smart Home Model-279,Electronics,Smart Home,Matrix,139.81,227.65,1
279,SKU-TOY-000279,Prism Action Figures Model-280,Toys & Games,Action Figures,Prism,302.13,564.78,1
280,SKU-APP-000280,Matrix Footwear Model-281,Apparel,Footwear,Matrix,259.25,498.35,1
281,SKU-GRO-000281,Velocity Condiments Model-282,Grocery & Pantry,Condiments,Velocity,423.84,832.99,1
282,SKU-AUT-000282,Zenith Oils & Fluids Model-283,Automotive,Oils & Fluids,Zenith,439.41,558.74,1
283,SKU-TOY-000283,Titan Board Games Model-284,Toys & Games,Board Games,Titan,265.74,542.02,1
284,SKU-AUT-000284,Summit Interior Accessories Model-285,Automotive,Interior Accessories,Summit,395.71,786.08,1
285,SKU-HOM-000285,Echo Decor Model-286,Home & Kitchen,Decor,Echo,426.36,1001.07,0
286,SKU-GRO-000286,Nova Organic Foods Model-287,Grocery & Pantry,Organic Foods,Nova,57.79,113.83,1
287,SKU-SPO-000287,Velocity Team Sports Model-288,Sports & Outdoors,Team Sports,Velocity,136.58,207.93,1
288,SKU-SPO-000288,Pulse Fitness Gear Model-289,Sports & Outdoors,Fitness Gear,Pulse,14.1,20.64,1
289,SKU-APP-000289,Zenith Women's Clothing Model-290,Apparel,Women's Clothing,Zenith,175.89,417.07,1
290,SKU-SPO-000290,Aura Team Sports Model-291,Sports & Outdoors,Team Sports,Aura,265.03,497.35,1
291,SKU-GRO-000291,Lumina Condiments Model-292,Grocery & Pantry,Condiments,Lumina,228.18,566.16,1
292,SKU-AUT-000292,Sol Car Care Model-293,Automotive,Car Care,Sol,415.13,892.47,1
293,SKU-GRO-000293,Titan Organic Foods Model-294,Grocery & Pantry,Organic Foods,Titan,229.87,331.45,1
294,SKU-GRO-000294,Sol Organic Foods Model-295,Grocery & Pantry,Organic Foods,Sol,387.26,787.71,1
295,SKU-APP-000295,Pulse Footwear Model-296,Apparel,Footwear,Pulse,161.49,212.52,1
296,SKU-ELE-000296,Velocity Audio & Headphones Model-297,Electronics,Audio & Headphones,Velocity,69.73,112.31,1
297,SKU-ELE-000297,Aura Audio & Headphones Model-298,Electronics,Audio & Headphones,Aura,106.45,218.91,1
298,SKU-HOM-000298,Aura Bedding Model-299,Home & Kitchen,Bedding,Aura,16.76,40.24,1
299,SKU-AUT-000299,Nova Car Care Model-300,Automotive,Car Care,Nova,308.16,451.85,1
300,SKU-HOM-000300,Matrix Cookware Model-301,Home & Kitchen,Cookware,Matrix,49.83,119.4,1
301,SKU-HOM-000301,Vortex Furniture Model-302,Home & Kitchen,Furniture,Vortex,444.22,942.95,1
302,SKU-APP-000302,Nova Women's Clothing Model-303,Apparel,Women's Clothing,Nova,30.19,59.32,1
303,SKU-BEA-000303,Sol Skincare Model-304,Beauty & Care,Skincare,Sol,160.24,209.65,1
304,SKU-GRO-000304,Vortex Canned Goods Model-305,Grocery & Pantry,Canned Goods,Vortex,387.72,714.55,1
305,SKU-HOM-000305,Echo Furniture Model-306,Home & Kitchen,Furniture,Echo,147.59,283.45,1
306,SKU-ELE-000306,Matrix Wearables Model-307,Electronics,Wearables,Matrix,297.64,738.55,1
307,SKU-SPO-000307,Summit Team Sports Model-308,Sports & Outdoors,Team Sports,Summit,27.24,55.51,1
308,SKU-BEA-000308,Prism Cosmetics Model-309,Beauty & Care,Cosmetics,Prism,367.89,508.27,1
309,SKU-HOM-000309,Lumina Decor Model-310,Home & Kitchen,Decor,Lumina,166.71,375.44,1
310,SKU-TOY-000310,Echo Educational Toys Model-311,Toys & Games,Educational Toys,Echo,331.99,423.83,1
311,SKU-ELE-000311,Apex Laptops Model-312,Electronics,Laptops,Apex,355.99,662.44,1
312,SKU-BEA-000312,Vortex Haircare Model-313,Beauty & Care,Haircare,Vortex,309.17,393.59,1
313,SKU-GRO-000313,Velocity Beverages Model-314,Grocery & Pantry,Beverages,Velocity,305.03,748.98,1
314,SKU-ELE-000314,Vortex Audio & Headphones Model-315,Electronics,Audio & Headphones,Vortex,50.89,100.79,1
315,SKU-BEA-000315,Zenith Skincare Model-316,Beauty & Care,Skincare,Zenith,394.48,587.55,1
316,SKU-APP-000316,Horizon Sportswear Model-317,Apparel,Sportswear,Horizon,422.86,676.62,1
317,SKU-HOM-000317,Pulse Bedding Model-318,Home & Kitchen,Bedding,Pulse,176.58,233.26,1
318,SKU-APP-000318,Echo Women's Clothing Model-319,Apparel,Women's Clothing,Echo,41.43,57.89,1
319,SKU-ELE-000319,Summit Accessories Model-320,Electronics,Accessories,Summit,40.43,65.14,1
320,SKU-APP-000320,Summit Accessories Model-321,Apparel,Accessories,Summit,95.14,180.22,1
321,SKU-HOM-000321,Nova Small Appliances Model-322,Home & Kitchen,Small Appliances,Nova,160.78,272.41,1
322,SKU-AUT-000322,Prism Car Care Model-323,Automotive,Car Care,Prism,124.41,273.75,1
323,SKU-GRO-000323,Vortex Organic Foods Model-324,Grocery & Pantry,Organic Foods,Vortex,137.35,217.07,1
324,SKU-AUT-000324,Summit Oils & Fluids Model-325,Automotive,Oils & Fluids,Summit,385.14,933.5,1
325,SKU-HOM-000325,Horizon Small Appliances Model-326,Home & Kitchen,Small Appliances,Horizon,242.8,526.95,1
326,SKU-HOM-000326,Matrix Decor Model-327,Home & Kitchen,Decor,Matrix,125.83,158.16,1
327,SKU-HOM-000327,Sol Decor Model-328,Home & Kitchen,Decor,Sol,367.42,909.19,1
328,SKU-APP-000328,Apex Women's Clothing Model-329,Apparel,Women's Clothing,Apex,316.58,572.42,1
329,SKU-APP-000329,Summit Men's Clothing Model-330,Apparel,Men's Clothing,Summit,120.03,274.66,1
330,SKU-AUT-000330,Pulse Tools & Equipment Model-331,Automotive,Tools & Equipment,Pulse,332.09,521.53,1
331,SKU-AUT-000331,Matrix Interior Accessories Model-332,Automotive,Interior Accessories,Matrix,124.02,192.71,1
332,SKU-APP-000332,Vortex Footwear Model-333,Apparel,Footwear,Vortex,382.95,773.34,1
333,SKU-GRO-000333,Vortex Organic Foods Model-334,Grocery & Pantry,Organic Foods,Vortex,183.98,411.72,1
334,SKU-BEA-000334,Zenith Personal Care Model-335,Beauty & Care,Personal Care,Zenith,206.34,460.69,1
335,SKU-ELE-000335,Nova Accessories Model-336,Electronics,Accessories,Nova,232.87,567.55,1
336,SKU-APP-000336,Apex Women's Clothing Model-337,Apparel,Women's Clothing,Apex,66.72,84.18,1
337,SKU-GRO-000337,Lumina Condiments Model-338,Grocery & Pantry,Condiments,Lumina,173.38,240.75,1
338,SKU-APP-000338,Summit Men's Clothing Model-339,Apparel,Men's Clothing,Summit,357.68,740.27,1
339,SKU-AUT-000339,Matrix Car Care Model-340,Automotive,Car Care,Matrix,336.88,835.65,1
340,SKU-TOY-000340,Sol Puzzles Model-341,Toys & Games,Puzzles,Sol,73.48,101.87,1
341,SKU-ELE-000341,Lumina Wearables Model-342,Electronics,Wearables,Lumina,282.76,653.74,1
342,SKU-BEA-000342,Echo Haircare Model-343,Beauty & Care,Haircare,Echo,325.64,770.73,1
343,SKU-BEA-000343,Nova Haircare Model-344,Beauty & Care,Haircare,Nova,207.53,476.09,1
344,SKU-ELE-000344,Prism Smart Home Model-345,Electronics,Smart Home,Prism,420.81,1030.06,1
345,SKU-APP-000345,Vortex Footwear Model-346,Apparel,Footwear,Vortex,286.2,526,1
346,SKU-TOY-000346,Apex Outdoor Toys Model-347,Toys & Games,Outdoor Toys,Apex,51.87,88.68,1
347,SKU-HOM-000347,Vortex Bedding Model-348,Home & Kitchen,Bedding,Vortex,428.84,583.24,1
348,SKU-BEA-000348,Aura Personal Care Model-349,Beauty & Care,Personal Care,Aura,62.37,129.93,1
349,SKU-TOY-000349,Matrix Puzzles Model-350,Toys & Games,Puzzles,Matrix,80.03,102.38,1
350,SKU-AUT-000350,Apex Car Care Model-351,Automotive,Car Care,Apex,444.99,835.3,0
351,SKU-BEA-000351,Pulse Fragrances Model-352,Beauty & Care,Fragrances,Pulse,411.28,968.79,1
352,SKU-GRO-000352,Echo Condiments Model-353,Grocery & Pantry,Condiments,Echo,324.02,685.06,1
353,SKU-AUT-000353,Titan Tools & Equipment Model-354,Automotive,Tools & Equipment,Titan,124.95,244.57,1
354,SKU-GRO-000354,Matrix Beverages Model-355,Grocery & Pantry,Beverages,Matrix,54.79,132.63,1
355,SKU-ELE-000355,Echo Smart Home Model-356,Electronics,Smart Home,Echo,372.24,831.82,1
356,SKU-GRO-000356,Horizon Canned Goods Model-357,Grocery & Pantry,Canned Goods,Horizon,100.2,141.54,1
357,SKU-HOM-000357,Vortex Furniture Model-358,Home & Kitchen,Furniture,Vortex,425.42,780.91,1
358,SKU-BEA-000358,Pulse Personal Care Model-359,Beauty & Care,Personal Care,Pulse,89.92,215.81,1
359,SKU-ELE-000359,Pulse Accessories Model-360,Electronics,Accessories,Pulse,95.82,237.95,1
360,SKU-APP-000360,Apex Outerwear Model-361,Apparel,Outerwear,Apex,363.68,816.88,1
361,SKU-HOM-000361,Prism Bedding Model-362,Home & Kitchen,Bedding,Prism,244.5,336.8,1
362,SKU-TOY-000362,Aura Outdoor Toys Model-363,Toys & Games,Outdoor Toys,Aura,445.01,916.15,1
363,SKU-GRO-000363,Sol Beverages Model-364,Grocery & Pantry,Beverages,Sol,428.02,1011.59,1
364,SKU-TOY-000364,Matrix Educational Toys Model-365,Toys & Games,Educational Toys,Matrix,70.15,89.88,1
365,SKU-AUT-000365,Horizon Interior Accessories Model-366,Automotive,Interior Accessories,Horizon,291.05,479.94,1
366,SKU-HOM-000366,Prism Bedding Model-367,Home & Kitchen,Bedding,Prism,219.98,474.93,1
367,SKU-APP-000367,Matrix Sportswear Model-368,Apparel,Sportswear,Matrix,296.11,701.97,1
368,SKU-ELE-000368,Velocity Wearables Model-369,Electronics,Wearables,Velocity,294.57,662.18,1
369,SKU-AUT-000369,Aura Tools & Equipment Model-370,Automotive,Tools & Equipment,Aura,259.33,627.13,1
370,SKU-TOY-000370,Velocity Educational Toys Model-371,Toys & Games,Educational Toys,Velocity,198.8,442.91,1
371,SKU-HOM-000371,Zenith Furniture Model-372,Home & Kitchen,Furniture,Zenith,314.85,748.14,1
372,SKU-GRO-000372,Apex Canned Goods Model-373,Grocery & Pantry,Canned Goods,Apex,439.56,587.46,1
373,SKU-GRO-000373,Lumina Condiments Model-374,Grocery & Pantry,Condiments,Lumina,368.49,618.17,1
374,SKU-ELE-000374,Pulse Laptops Model-375,Electronics,Laptops,Pulse,61.01,91.91,1
375,SKU-APP-000375,Pulse Men's Clothing Model-376,Apparel,Men's Clothing,Pulse,303.53,485.53,1
376,SKU-AUT-000376,Vortex Car Care Model-377,Automotive,Car Care,Vortex,369.07,521.65,1
377,SKU-HOM-000377,Apex Furniture Model-378,Home & Kitchen,Furniture,Apex,112.59,143.78,1
378,SKU-APP-000378,Vortex Outerwear Model-379,Apparel,Outerwear,Vortex,181.14,436.7,0
379,SKU-BEA-000379,Lumina Personal Care Model-380,Beauty & Care,Personal Care,Lumina,97.57,165.69,1
380,SKU-TOY-000380,Nova Outdoor Toys Model-381,Toys & Games,Outdoor Toys,Nova,14.02,28.98,1
381,SKU-AUT-000381,Lumina Car Care Model-382,Automotive,Car Care,Lumina,365.13,652.83,1
382,SKU-HOM-000382,Sol Cookware Model-383,Home & Kitchen,Cookware,Sol,261.64,507.84,1
383,SKU-ELE-000383,Velocity Smart Home Model-384,Electronics,Smart Home,Velocity,187.21,425.29,1
384,SKU-GRO-000384,Summit Breakfast Model-385,Grocery & Pantry,Breakfast,Summit,329.14,683.46,1
385,SKU-BEA-000385,Apex Haircare Model-386,Beauty & Care,Haircare,Apex,269.28,418.47,1
386,SKU-AUT-000386,Lumina Oils & Fluids Model-387,Automotive,Oils & Fluids,Lumina,180.87,275.96,1
387,SKU-AUT-000387,Sol Oils & Fluids Model-388,Automotive,Oils & Fluids,Sol,59.24,93.9,1
388,SKU-TOY-000388,Pulse Educational Toys Model-389,Toys & Games,Educational Toys,Pulse,205.3,447.77,1
389,SKU-BEA-000389,Zenith Skincare Model-390,Beauty & Care,Skincare,Zenith,276.42,521.82,1
390,SKU-TOY-000390,Velocity Educational Toys Model-391,Toys & Games,Educational Toys,Velocity,259.06,368.9,1
391,SKU-GRO-000391,Matrix Organic Foods Model-392,Grocery & Pantry,Organic Foods,Matrix,158.73,380.56,1
392,SKU-TOY-000392,Velocity Action Figures Model-393,Toys & Games,Action Figures,Velocity,371.26,685.68,1
393,SKU-AUT-000393,Apex Car Care Model-394,Automotive,Car Care,Apex,243.73,373.2,1
394,SKU-ELE-000394,Apex Audio & Headphones Model-395,Electronics,Audio & Headphones,Apex,150.43,212.67,1
395,SKU-TOY-000395,Summit Board Games Model-396,Toys & Games,Board Games,Summit,93.86,139.09,1
396,SKU-TOY-000396,Lumina Educational Toys Model-397,Toys & Games,Educational Toys,Lumina,339.84,656.57,1
397,SKU-ELE-000397,Prism Laptops Model-398,Electronics,Laptops,Prism,139.81,313.76,1
398,SKU-APP-000398,Sol Footwear Model-399,Apparel,Footwear,Sol,208.23,265.56,1
399,SKU-AUT-000399,Horizon Oils & Fluids Model-400,Automotive,Oils & Fluids,Horizon,183.34,287.6,1
400,SKU-BEA-000400,Titan Skincare Model-401,Beauty & Care,Skincare,Titan,228.65,325.76,1
401,SKU-TOY-000401,Nova Action Figures Model-402,Toys & Games,Action Figures,Nova,186.39,447.35,0
402,SKU-AUT-000402,Pulse Car Care Model-403,Automotive,Car Care,Pulse,138.41,299.73,0
403,SKU-HOM-000403,Aura Storage Model-404,Home & Kitchen,Storage,Aura,322.93,436.22,1
404,SKU-HOM-000404,Lumina Storage Model-405,Home & Kitchen,Storage,Lumina,80.09,101.89,1
405,SKU-AUT-000405,Sol Tools & Equipment Model-406,Automotive,Tools & Equipment,Sol,444.33,744.36,1
406,SKU-SPO-000406,Aura Camping & Hiking Model-407,Sports & Outdoors,Camping & Hiking,Aura,312.49,471.47,1
407,SKU-HOM-000407,Echo Furniture Model-408,Home & Kitchen,Furniture,Echo,286.69,666.94,1
408,SKU-TOY-000408,Vortex Puzzles Model-409,Toys & Games,Puzzles,Vortex,24.71,50.02,1
409,SKU-SPO-000409,Velocity Water Sports Model-410,Sports & Outdoors,Water Sports,Velocity,408.27,812.53,1
410,SKU-HOM-000410,Nova Storage Model-411,Home & Kitchen,Storage,Nova,374.04,744.18,1
411,SKU-GRO-000411,Prism Canned Goods Model-412,Grocery & Pantry,Canned Goods,Prism,74.56,185.41,1
412,SKU-AUT-000412,Nova Oils & Fluids Model-413,Automotive,Oils & Fluids,Nova,306.62,416.15,1
413,SKU-AUT-000413,Nova Oils & Fluids Model-414,Automotive,Oils & Fluids,Nova,199.38,323.07,1
414,SKU-HOM-000414,Sol Decor Model-415,Home & Kitchen,Decor,Sol,267.27,545.72,1
415,SKU-HOM-000415,Titan Decor Model-416,Home & Kitchen,Decor,Titan,278.04,395.58,1
416,SKU-TOY-000416,Nova Action Figures Model-417,Toys & Games,Action Figures,Nova,296.22,578.76,0
417,SKU-BEA-000417,Sol Personal Care Model-418,Beauty & Care,Personal Care,Sol,334.79,754.62,1
418,SKU-APP-000418,Summit Footwear Model-419,Apparel,Footwear,Summit,264.27,537.55,1
419,SKU-AUT-000419,Vortex Tools & Equipment Model-420,Automotive,Tools & Equipment,Vortex,154.23,223.86,1
420,SKU-BEA-000420,Apex Cosmetics Model-421,Beauty & Care,Cosmetics,Apex,444.72,925.81,1
421,SKU-SPO-000421,Lumina Camping & Hiking Model-422,Sports & Outdoors,Camping & Hiking,Lumina,350.78,753.18,1
422,SKU-BEA-000422,Horizon Personal Care Model-423,Beauty & Care,Personal Care,Horizon,157.95,237.38,1
423,SKU-ELE-000423,Pulse Wearables Model-424,Electronics,Wearables,Pulse,64.93,131.96,1
424,SKU-ELE-000424,Apex Accessories Model-425,Electronics,Accessories,Apex,188.51,428.79,1
425,SKU-GRO-000425,Echo Canned Goods Model-426,Grocery & Pantry,Canned Goods,Echo,162.48,289.56,1
426,SKU-ELE-000426,Velocity Smartphones Model-427,Electronics,Smartphones,Velocity,71.52,142.18,1
427,SKU-SPO-000427,Nova Team Sports Model-428,Sports & Outdoors,Team Sports,Nova,164.28,228.97,1
428,SKU-GRO-000428,Zenith Breakfast Model-429,Grocery & Pantry,Breakfast,Zenith,86.99,123.37,1
429,SKU-HOM-000429,Prism Decor Model-430,Home & Kitchen,Decor,Prism,435.94,849.93,1
430,SKU-SPO-000430,Echo Cycling Model-431,Sports & Outdoors,Cycling,Echo,28.53,65.17,1
431,SKU-APP-000431,Zenith Sportswear Model-432,Apparel,Sportswear,Zenith,199.87,481.77,1
432,SKU-TOY-000432,Titan Action Figures Model-433,Toys & Games,Action Figures,Titan,244.26,433.32,1
433,SKU-GRO-000433,Zenith Beverages Model-434,Grocery & Pantry,Beverages,Zenith,246.54,332.76,1
434,SKU-SPO-000434,Velocity Cycling Model-435,Sports & Outdoors,Cycling,Velocity,381.96,526.78,1
435,SKU-HOM-000435,Sol Storage Model-436,Home & Kitchen,Storage,Sol,365.99,476.41,1
436,SKU-TOY-000436,Summit Board Games Model-437,Toys & Games,Board Games,Summit,345.2,800.54,1
437,SKU-HOM-000437,Zenith Cookware Model-438,Home & Kitchen,Cookware,Zenith,361.88,608.99,1
438,SKU-GRO-000438,Aura Snacks Model-439,Grocery & Pantry,Snacks,Aura,236.05,459.13,1
439,SKU-HOM-000439,Lumina Decor Model-440,Home & Kitchen,Decor,Lumina,436.53,1079.17,1
440,SKU-SPO-000440,Echo Camping & Hiking Model-441,Sports & Outdoors,Camping & Hiking,Echo,442.27,829.27,1
441,SKU-AUT-000441,Prism Oils & Fluids Model-442,Automotive,Oils & Fluids,Prism,174.39,390.84,1
442,SKU-ELE-000442,Zenith Laptops Model-443,Electronics,Laptops,Zenith,101.19,241.19,1
443,SKU-GRO-000443,Aura Canned Goods Model-444,Grocery & Pantry,Canned Goods,Aura,379.45,591.88,1
444,SKU-BEA-000444,Velocity Fragrances Model-445,Beauty & Care,Fragrances,Velocity,331.03,558.72,0
445,SKU-ELE-000445,Apex Smartphones Model-446,Electronics,Smartphones,Apex,29.36,58.81,1
446,SKU-SPO-000446,Zenith Fitness Gear Model-447,Sports & Outdoors,Fitness Gear,Zenith,425.74,831.86,1
447,SKU-GRO-000447,Sol Breakfast Model-448,Grocery & Pantry,Breakfast,Sol,214.15,362.07,1
448,SKU-BEA-000448,Pulse Fragrances Model-449,Beauty & Care,Fragrances,Pulse,136.71,198.66,1
449,SKU-HOM-000449,Horizon Bedding Model-450,Home & Kitchen,Bedding,Horizon,59.27,84.59,1
450,SKU-TOY-000450,Aura Board Games Model-451,Toys & Games,Board Games,Aura,47.44,82.11,1
451,SKU-TOY-000451,Lumina Action Figures Model-452,Toys & Games,Action Figures,Lumina,178.97,323.67,1
452,SKU-AUT-000452,Zenith Interior Accessories Model-453,Automotive,Interior Accessories,Zenith,174.33,406.87,1
453,SKU-APP-000453,Apex Sportswear Model-454,Apparel,Sportswear,Apex,106.06,193.28,1
454,SKU-ELE-000454,Matrix Wearables Model-455,Electronics,Wearables,Matrix,255.87,397.04,0
455,SKU-BEA-000455,Echo Personal Care Model-456,Beauty & Care,Personal Care,Echo,430.62,927.8,1
456,SKU-APP-000456,Horizon Accessories Model-457,Apparel,Accessories,Horizon,317.5,572.01,1
457,SKU-TOY-000457,Velocity Outdoor Toys Model-458,Toys & Games,Outdoor Toys,Velocity,353.63,864.21,1
458,SKU-TOY-000458,Sol Puzzles Model-459,Toys & Games,Puzzles,Sol,394.85,583.63,1
459,SKU-AUT-000459,Summit Interior Accessories Model-460,Automotive,Interior Accessories,Summit,246.92,441.32,1
460,SKU-BEA-000460,Zenith Fragrances Model-461,Beauty & Care,Fragrances,Zenith,215.47,307.15,1
461,SKU-ELE-000461,Nova Accessories Model-462,Electronics,Accessories,Nova,114.75,259.81,1
462,SKU-APP-000462,Apex Men's Clothing Model-463,Apparel,Men's Clothing,Apex,196.24,283.04,1
463,SKU-SPO-000463,Velocity Water Sports Model-464,Sports & Outdoors,Water Sports,Velocity,49.38,80.44,1
464,SKU-BEA-000464,Nova Fragrances Model-465,Beauty & Care,Fragrances,Nova,41.94,70.13,1
465,SKU-GRO-000465,Vortex Canned Goods Model-466,Grocery & Pantry,Canned Goods,Vortex,119.26,295.45,1
466,SKU-SPO-000466,Velocity Water Sports Model-467,Sports & Outdoors,Water Sports,Velocity,243.15,410.19,1
467,SKU-AUT-000467,Zenith Interior Accessories Model-468,Automotive,Interior Accessories,Zenith,219.34,296.84,1
468,SKU-AUT-000468,Echo Tools & Equipment Model-469,Automotive,Tools & Equipment,Echo,299.84,714.77,1
469,SKU-APP-000469,Titan Accessories Model-470,Apparel,Accessories,Titan,413.09,1012.62,1
470,SKU-TOY-000470,Lumina Board Games Model-471,Toys & Games,Board Games,Lumina,316.49,406.72,1
471,SKU-GRO-000471,Pulse Breakfast Model-472,Grocery & Pantry,Breakfast,Pulse,322.9,423,1
472,SKU-GRO-000472,Sol Condiments Model-473,Grocery & Pantry,Condiments,Sol,330.6,803.66,1
473,SKU-SPO-000473,Pulse Camping & Hiking Model-474,Sports & Outdoors,Camping & Hiking,Pulse,350.45,486.41,1
474,SKU-BEA-000474,Nova Personal Care Model-475,Beauty & Care,Personal Care,Nova,154.77,203.16,1
475,SKU-SPO-000475,Velocity Team Sports Model-476,Sports & Outdoors,Team Sports,Velocity,200.8,310.7,1
476,SKU-AUT-000476,Matrix Tools & Equipment Model-477,Automotive,Tools & Equipment,Matrix,108.71,224.4,1
477,SKU-ELE-000477,Summit Audio & Headphones Model-478,Electronics,Audio & Headphones,Summit,276.32,570.23,1
478,SKU-AUT-000478,Matrix Tools & Equipment Model-479,Automotive,Tools & Equipment,Matrix,73.85,142.86,1
479,SKU-HOM-000479,Titan Bedding Model-480,Home & Kitchen,Bedding,Titan,204.78,333.29,1
480,SKU-TOY-000480,Velocity Educational Toys Model-481,Toys & Games,Educational Toys,Velocity,329.76,677.06,0
481,SKU-GRO-000481,Summit Organic Foods Model-482,Grocery & Pantry,Organic Foods,Summit,142.25,221.67,1
482,SKU-BEA-000482,Aura Haircare Model-483,Beauty & Care,Haircare,Aura,360.03,531.94,1
483,SKU-GRO-000483,Echo Organic Foods Model-484,Grocery & Pantry,Organic Foods,Echo,364.51,860.65,1
484,SKU-APP-000484,Titan Sportswear Model-485,Apparel,Sportswear,Titan,226.8,421.82,1
485,SKU-APP-000485,Zenith Accessories Model-486,Apparel,Accessories,Zenith,128.08,296.16,1
486,SKU-GRO-000486,Prism Condiments Model-487,Grocery & Pantry,Condiments,Prism,84.53,156.06,1
487,SKU-AUT-000487,Velocity Tools & Equipment Model-488,Automotive,Tools & Equipment,Velocity,253.36,357.61,1
488,SKU-AUT-000488,Sol Tools & Equipment Model-489,Automotive,Tools & Equipment,Sol,121.03,298.38,1
489,SKU-HOM-000489,Horizon Furniture Model-490,Home & Kitchen,Furniture,Horizon,234.08,320.15,1
490,SKU-TOY-000490,Zenith Board Games Model-491,Toys & Games,Board Games,Zenith,250.44,462.77,1
491,SKU-SPO-000491,Matrix Water Sports Model-492,Sports & Outdoors,Water Sports,Matrix,118.73,280.27,1
492,SKU-HOM-000492,Velocity Small Appliances Model-493,Home & Kitchen,Small Appliances,Velocity,353.93,724.76,1
493,SKU-ELE-000493,Vortex Laptops Model-494,Electronics,Laptops,Vortex,77.64,164.16,1
494,SKU-BEA-000494,Velocity Skincare Model-495,Beauty & Care,Skincare,Velocity,202.15,353.45,1
495,SKU-SPO-000495,Vortex Water Sports Model-496,Sports & Outdoors,Water Sports,Vortex,373.87,823.72,1
496,SKU-GRO-000496,Titan Canned Goods Model-497,Grocery & Pantry,Canned Goods,Titan,166.9,311.68,0
497,SKU-SPO-000497,Vortex Cycling Model-498,Sports & Outdoors,Cycling,Vortex,364.6,521.27,1
498,SKU-ELE-000498,Prism Accessories Model-499,Electronics,Accessories,Prism,288.34,515.45,1
499,SKU-SPO-000499,Sol Water Sports Model-500,Sports & Outdoors,Water Sports,Sol,294.5,519.12,1
500,SKU-AUT-000500,Lumina Interior Accessories Model-501,Automotive,Interior Accessories,Lumina,328.09,542.61,1
501,SKU-BEA-000501,Nova Fragrances Model-502,Beauty & Care,Fragrances,Nova,393.01,572.8,1
502,SKU-AUT-000502,Matrix Car Care Model-503,Automotive,Car Care,Matrix,449.37,1032.09,1
503,SKU-AUT-000503,Lumina Car Care Model-504,Automotive,Car Care,Lumina,291.44,507.94,1
504,SKU-AUT-000504,Apex Tools & Equipment Model-505,Automotive,Tools & Equipment,Apex,133.7,280.64,1
505,SKU-BEA-000505,Zenith Cosmetics Model-506,Beauty & Care,Cosmetics,Zenith,265.27,401.54,1
506,SKU-GRO-000506,Velocity Snacks Model-507,Grocery & Pantry,Snacks,Velocity,381.48,746.85,1
507,SKU-ELE-000507,Velocity Laptops Model-508,Electronics,Laptops,Velocity,376.22,594.8,1
508,SKU-ELE-000508,Matrix Smart Home Model-509,Electronics,Smart Home,Matrix,279.49,502.78,1
509,SKU-GRO-000509,Velocity Breakfast Model-510,Grocery & Pantry,Breakfast,Velocity,194.96,452.32,1
510,SKU-AUT-000510,Titan Tools & Equipment Model-511,Automotive,Tools & Equipment,Titan,168.13,376.66,1
511,SKU-SPO-000511,Aura Team Sports Model-512,Sports & Outdoors,Team Sports,Aura,179.98,447.18,1
512,SKU-HOM-000512,Horizon Storage Model-513,Home & Kitchen,Storage,Horizon,352.21,868.96,1
513,SKU-TOY-000513,Aura Puzzles Model-514,Toys & Games,Puzzles,Aura,164.68,365.58,1
514,SKU-ELE-000514,Titan Audio & Headphones Model-515,Electronics,Audio & Headphones,Titan,247.6,504.63,1
515,SKU-HOM-000515,Horizon Furniture Model-516,Home & Kitchen,Furniture,Horizon,110.76,152.69,1
516,SKU-BEA-000516,Horizon Skincare Model-517,Beauty & Care,Skincare,Horizon,69.18,125.4,1
517,SKU-AUT-000517,Vortex Oils & Fluids Model-518,Automotive,Oils & Fluids,Vortex,88.34,159.56,1
518,SKU-TOY-000518,Lumina Board Games Model-519,Toys & Games,Board Games,Lumina,215.65,405.36,1
519,SKU-TOY-000519,Zenith Action Figures Model-520,Toys & Games,Action Figures,Zenith,433.19,979.65,1
520,SKU-GRO-000520,Echo Beverages Model-521,Grocery & Pantry,Beverages,Echo,250.27,544.78,1
521,SKU-GRO-000521,Summit Breakfast Model-522,Grocery & Pantry,Breakfast,Summit,138.06,205.12,1
522,SKU-ELE-000522,Pulse Smartphones Model-523,Electronics,Smartphones,Pulse,154.58,226.81,1
523,SKU-SPO-000523,Aura Team Sports Model-524,Sports & Outdoors,Team Sports,Aura,194.54,418.99,1
524,SKU-APP-000524,Nova Women's Clothing Model-525,Apparel,Women's Clothing,Nova,445.7,594.05,1
525,SKU-AUT-000525,Summit Car Care Model-526,Automotive,Car Care,Summit,370.76,788.23,1
526,SKU-GRO-000526,Velocity Organic Foods Model-527,Grocery & Pantry,Organic Foods,Velocity,127.91,208.1,1
527,SKU-SPO-000527,Echo Team Sports Model-528,Sports & Outdoors,Team Sports,Echo,122.41,237.68,1
528,SKU-HOM-000528,Titan Storage Model-529,Home & Kitchen,Storage,Titan,61.71,80.51,0
529,SKU-GRO-000529,Apex Breakfast Model-530,Grocery & Pantry,Breakfast,Apex,110.57,270.08,1
530,SKU-APP-000530,Nova Accessories Model-531,Apparel,Accessories,Nova,387.78,893.45,1
531,SKU-BEA-000531,Echo Skincare Model-532,Beauty & Care,Skincare,Echo,92.51,151.49,1
532,SKU-SPO-000532,Zenith Fitness Gear Model-533,Sports & Outdoors,Fitness Gear,Zenith,24.32,36.22,0
533,SKU-TOY-000533,Horizon Educational Toys Model-534,Toys & Games,Educational Toys,Horizon,205.11,289.04,1
534,SKU-APP-000534,Horizon Footwear Model-535,Apparel,Footwear,Horizon,198.85,278.32,1
535,SKU-TOY-000535,Lumina Action Figures Model-536,Toys & Games,Action Figures,Lumina,402.3,890.7,1
536,SKU-GRO-000536,Zenith Canned Goods Model-537,Grocery & Pantry,Canned Goods,Zenith,375.93,588.99,1
537,SKU-APP-000537,Velocity Women's Clothing Model-538,Apparel,Women's Clothing,Velocity,184.5,274.12,0
538,SKU-HOM-000538,Nova Cookware Model-539,Home & Kitchen,Cookware,Nova,362.4,767.2,1
539,SKU-ELE-000539,Echo Wearables Model-540,Electronics,Wearables,Echo,344.05,570.87,1
540,SKU-ELE-000540,Pulse Laptops Model-541,Electronics,Laptops,Pulse,154.54,199.92,1
541,SKU-APP-000541,Sol Footwear Model-542,Apparel,Footwear,Sol,212.1,310.81,0
542,SKU-TOY-000542,Aura Puzzles Model-543,Toys & Games,Puzzles,Aura,37.93,87.06,1
543,SKU-HOM-000543,Matrix Cookware Model-544,Home & Kitchen,Cookware,Matrix,126.27,312.13,1
544,SKU-APP-000544,Summit Women's Clothing Model-545,Apparel,Women's Clothing,Summit,287.23,703.19,1
545,SKU-TOY-000545,Matrix Action Figures Model-546,Toys & Games,Action Figures,Matrix,282.9,695.85,1
546,SKU-ELE-000546,Pulse Smart Home Model-547,Electronics,Smart Home,Pulse,142.49,340.47,1
547,SKU-APP-000547,Apex Women's Clothing Model-548,Apparel,Women's Clothing,Apex,21.4,29.31,1
548,SKU-HOM-000548,Matrix Furniture Model-549,Home & Kitchen,Furniture,Matrix,99.5,128.4,1
549,SKU-SPO-000549,Sol Cycling Model-550,Sports & Outdoors,Cycling,Sol,270.34,432.64,1
550,SKU-GRO-000550,Zenith Breakfast Model-551,Grocery & Pantry,Breakfast,Zenith,190.26,377.12,1
551,SKU-ELE-000551,Velocity Audio & Headphones Model-552,Electronics,Audio & Headphones,Velocity,355.13,828.15,1
552,SKU-AUT-000552,Nova Oils & Fluids Model-553,Automotive,Oils & Fluids,Nova,396.46,548.8,1
553,SKU-TOY-000553,Horizon Outdoor Toys Model-554,Toys & Games,Outdoor Toys,Horizon,358.29,448.98,1
554,SKU-AUT-000554,Nova Oils & Fluids Model-555,Automotive,Oils & Fluids,Nova,341.98,472.25,1
555,SKU-BEA-000555,Summit Haircare Model-556,Beauty & Care,Haircare,Summit,245.33,576.06,1
556,SKU-HOM-000556,Prism Decor Model-557,Home & Kitchen,Decor,Prism,419.49,756.24,1
557,SKU-SPO-000557,Horizon Team Sports Model-558,Sports & Outdoors,Team Sports,Horizon,380.66,595.23,0
558,SKU-APP-000558,Nova Footwear Model-559,Apparel,Footwear,Nova,148.54,252.58,1
559,SKU-BEA-000559,Horizon Haircare Model-560,Beauty & Care,Haircare,Horizon,151.37,292.21,0
560,SKU-ELE-000560,Summit Smart Home Model-561,Electronics,Smart Home,Summit,248.51,569.7,1
561,SKU-HOM-000561,Lumina Small Appliances Model-562,Home & Kitchen,Small Appliances,Lumina,48.52,83.07,1
562,SKU-TOY-000562,Lumina Educational Toys Model-563,Toys & Games,Educational Toys,Lumina,329.45,553.91,1
563,SKU-SPO-000563,Pulse Water Sports Model-564,Sports & Outdoors,Water Sports,Pulse,85.73,169.85,1
564,SKU-GRO-000564,Titan Snacks Model-565,Grocery & Pantry,Snacks,Titan,201.84,413.99,1
565,SKU-ELE-000565,Matrix Smartphones Model-566,Electronics,Smartphones,Matrix,167.85,317.75,1
566,SKU-TOY-000566,Summit Outdoor Toys Model-567,Toys & Games,Outdoor Toys,Summit,432.17,581.47,1
567,SKU-BEA-000567,Horizon Cosmetics Model-568,Beauty & Care,Cosmetics,Horizon,109.61,217.56,1
568,SKU-TOY-000568,Prism Board Games Model-569,Toys & Games,Board Games,Prism,157.59,356.55,1
569,SKU-ELE-000569,Titan Smartphones Model-570,Electronics,Smartphones,Titan,190.46,471.47,1
570,SKU-BEA-000570,Summit Haircare Model-571,Beauty & Care,Haircare,Summit,392.36,785.71,1
571,SKU-TOY-000571,Nova Outdoor Toys Model-572,Toys & Games,Outdoor Toys,Nova,285.3,613.39,1
572,SKU-TOY-000572,Sol Educational Toys Model-573,Toys & Games,Educational Toys,Sol,311.88,491.61,1
573,SKU-APP-000573,Velocity Men's Clothing Model-574,Apparel,Men's Clothing,Velocity,420.47,961.64,1
574,SKU-GRO-000574,Prism Condiments Model-575,Grocery & Pantry,Condiments,Prism,374.42,696.18,1
575,SKU-APP-000575,Vortex Men's Clothing Model-576,Apparel,Men's Clothing,Vortex,5.37,8.21,1
576,SKU-TOY-000576,Aura Action Figures Model-577,Toys & Games,Action Figures,Aura,272.27,415.19,1
577,SKU-TOY-000577,Vortex Action Figures Model-578,Toys & Games,Action Figures,Vortex,254.81,516.69,1
578,SKU-AUT-000578,Echo Oils & Fluids Model-579,Automotive,Oils & Fluids,Echo,256.39,363.69,1
579,SKU-ELE-000579,Aura Accessories Model-580,Electronics,Accessories,Aura,245.81,465.11,1
580,SKU-APP-000580,Horizon Outerwear Model-581,Apparel,Outerwear,Horizon,235.19,574.14,1
581,SKU-AUT-000581,Echo Car Care Model-582,Automotive,Car Care,Echo,284.86,633.24,1
582,SKU-ELE-000582,Nova Audio & Headphones Model-583,Electronics,Audio & Headphones,Nova,280.47,700.5,1
583,SKU-TOY-000583,Matrix Action Figures Model-584,Toys & Games,Action Figures,Matrix,16.32,35.88,1
584,SKU-AUT-000584,Aura Tools & Equipment Model-585,Automotive,Tools & Equipment,Aura,360.14,874.31,1
585,SKU-GRO-000585,Vortex Beverages Model-586,Grocery & Pantry,Beverages,Vortex,382.09,899.7,1
586,SKU-SPO-000586,Sol Camping & Hiking Model-587,Sports & Outdoors,Camping & Hiking,Sol,376.88,853.78,1
587,SKU-BEA-000587,Nova Skincare Model-588,Beauty & Care,Skincare,Nova,112.09,192.05,1
588,SKU-AUT-000588,Velocity Tools & Equipment Model-589,Automotive,Tools & Equipment,Velocity,323.35,534.11,1
589,SKU-HOM-000589,Matrix Bedding Model-590,Home & Kitchen,Bedding,Matrix,407.29,697.05,1
590,SKU-ELE-000590,Echo Wearables Model-591,Electronics,Wearables,Echo,315.83,746.1,1
591,SKU-GRO-000591,Zenith Snacks Model-592,Grocery & Pantry,Snacks,Zenith,285.93,460.39,1
592,SKU-GRO-000592,Nova Breakfast Model-593,Grocery & Pantry,Breakfast,Nova,348.42,715.1,1
593,SKU-ELE-000593,Velocity Accessories Model-594,Electronics,Accessories,Velocity,397.66,598.81,1
594,SKU-AUT-000594,Echo Interior Accessories Model-595,Automotive,Interior Accessories,Echo,277.62,611.08,1
595,SKU-ELE-000595,Horizon Smart Home Model-596,Electronics,Smart Home,Horizon,349.79,643.01,1
596,SKU-ELE-000596,Summit Smart Home Model-597,Electronics,Smart Home,Summit,384.04,761.16,1
597,SKU-GRO-000597,Aura Beverages Model-598,Grocery & Pantry,Beverages,Aura,73.62,118.92,1
598,SKU-APP-000598,Vortex Outerwear Model-599,Apparel,Outerwear,Vortex,36.18,74.53,1
599,SKU-ELE-000599,Prism Laptops Model-600,Electronics,Laptops,Prism,256.28,536.75,1
600,SKU-GRO-000600,Lumina Beverages Model-601,Grocery & Pantry,Beverages,Lumina,294.59,720.3,1
601,SKU-GRO-000601,Matrix Condiments Model-602,Grocery & Pantry,Condiments,Matrix,123.42,169.56,1
602,SKU-SPO-000602,Horizon Fitness Gear Model-603,Sports & Outdoors,Fitness Gear,Horizon,228.58,435.36,1
603,SKU-AUT-000603,Titan Interior Accessories Model-604,Automotive,Interior Accessories,Titan,359.04,872.28,1
604,SKU-SPO-000604,Vortex Team Sports Model-605,Sports & Outdoors,Team Sports,Vortex,151.67,231.94,0
605,SKU-ELE-000605,Titan Smartphones Model-606,Electronics,Smartphones,Titan,210.51,415.85,1
606,SKU-ELE-000606,Horizon Wearables Model-607,Electronics,Wearables,Horizon,223.25,525.56,1
607,SKU-APP-000607,Velocity Women's Clothing Model-608,Apparel,Women's Clothing,Velocity,418.91,742.62,1
608,SKU-AUT-000608,Pulse Tools & Equipment Model-609,Automotive,Tools & Equipment,Pulse,337.31,656.17,1
609,SKU-ELE-000609,Aura Audio & Headphones Model-610,Electronics,Audio & Headphones,Aura,362.33,806.19,1
610,SKU-SPO-000610,Zenith Fitness Gear Model-611,Sports & Outdoors,Fitness Gear,Zenith,179.71,323.3,1
611,SKU-GRO-000611,Pulse Canned Goods Model-612,Grocery & Pantry,Canned Goods,Pulse,405.28,898.36,0
612,SKU-GRO-000612,Vortex Condiments Model-613,Grocery & Pantry,Condiments,Vortex,69.61,149.71,1
613,SKU-HOM-000613,Echo Cookware Model-614,Home & Kitchen,Cookware,Echo,352.23,872,1
614,SKU-SPO-000614,Horizon Fitness Gear Model-615,Sports & Outdoors,Fitness Gear,Horizon,154.16,197.34,1
615,SKU-TOY-000615,Aura Puzzles Model-616,Toys & Games,Puzzles,Aura,428.34,966.88,1
616,SKU-SPO-000616,Matrix Water Sports Model-617,Sports & Outdoors,Water Sports,Matrix,67.38,97.33,1
617,SKU-GRO-000617,Pulse Organic Foods Model-618,Grocery & Pantry,Organic Foods,Pulse,387.64,659.19,1
618,SKU-ELE-000618,Matrix Smartphones Model-619,Electronics,Smartphones,Matrix,45.99,75.58,1
619,SKU-BEA-000619,Vortex Cosmetics Model-620,Beauty & Care,Cosmetics,Vortex,304.19,527.17,1
620,SKU-GRO-000620,Titan Canned Goods Model-621,Grocery & Pantry,Canned Goods,Titan,314.04,392.8,1
621,SKU-GRO-000621,Sol Organic Foods Model-622,Grocery & Pantry,Organic Foods,Sol,434.44,652.46,1
622,SKU-GRO-000622,Aura Breakfast Model-623,Grocery & Pantry,Breakfast,Aura,84.38,124.74,1
623,SKU-TOY-000623,Matrix Puzzles Model-624,Toys & Games,Puzzles,Matrix,256.72,373.03,1
624,SKU-BEA-000624,Titan Fragrances Model-625,Beauty & Care,Fragrances,Titan,144.78,251.02,1
625,SKU-AUT-000625,Velocity Tools & Equipment Model-626,Automotive,Tools & Equipment,Velocity,179.74,426.26,1
626,SKU-SPO-000626,Zenith Camping & Hiking Model-627,Sports & Outdoors,Camping & Hiking,Zenith,327.46,622.08,1
627,SKU-SPO-000627,Velocity Team Sports Model-628,Sports & Outdoors,Team Sports,Velocity,335.9,755.94,1
628,SKU-AUT-000628,Lumina Car Care Model-629,Automotive,Car Care,Lumina,303.63,732.6,1
629,SKU-HOM-000629,Nova Storage Model-630,Home & Kitchen,Storage,Nova,416.07,737.02,1
630,SKU-SPO-000630,Titan Camping & Hiking Model-631,Sports & Outdoors,Camping & Hiking,Titan,119.61,206.4,1
631,SKU-BEA-000631,Sol Skincare Model-632,Beauty & Care,Skincare,Sol,239.15,395.24,1
632,SKU-AUT-000632,Horizon Tools & Equipment Model-633,Automotive,Tools & Equipment,Horizon,85.54,125.03,1
633,SKU-ELE-000633,Nova Audio & Headphones Model-634,Electronics,Audio & Headphones,Nova,212.98,507.46,1
634,SKU-APP-000634,Vortex Women's Clothing Model-635,Apparel,Women's Clothing,Vortex,331.42,774.97,1
635,SKU-TOY-000635,Prism Educational Toys Model-636,Toys & Games,Educational Toys,Prism,443.7,880.5,0
636,SKU-APP-000636,Echo Accessories Model-637,Apparel,Accessories,Echo,248.43,377.07,1
637,SKU-TOY-000637,Matrix Educational Toys Model-638,Toys & Games,Educational Toys,Matrix,27.24,65.94,1
638,SKU-AUT-000638,Aura Oils & Fluids Model-639,Automotive,Oils & Fluids,Aura,74.8,178.76,1
639,SKU-TOY-000639,Nova Board Games Model-640,Toys & Games,Board Games,Nova,99.63,177.85,1
640,SKU-TOY-000640,Velocity Educational Toys Model-641,Toys & Games,Educational Toys,Velocity,419.98,832.49,1
641,SKU-HOM-000641,Velocity Furniture Model-642,Home & Kitchen,Furniture,Velocity,10.42,24.87,1
642,SKU-TOY-000642,Aura Educational Toys Model-643,Toys & Games,Educational Toys,Aura,293.61,402.41,1
643,SKU-AUT-000643,Horizon Tools & Equipment Model-644,Automotive,Tools & Equipment,Horizon,300.75,384.1,0
644,SKU-SPO-000644,Nova Camping & Hiking Model-645,Sports & Outdoors,Camping & Hiking,Nova,215.58,471.58,1
645,SKU-ELE-000645,Echo Audio & Headphones Model-646,Electronics,Audio & Headphones,Echo,97.57,158.97,1
646,SKU-APP-000646,Matrix Women's Clothing Model-647,Apparel,Women's Clothing,Matrix,81.37,120.74,1
647,SKU-ELE-000647,Aura Smart Home Model-648,Electronics,Smart Home,Aura,244.78,409.31,1
648,SKU-GRO-000648,Prism Beverages Model-649,Grocery & Pantry,Beverages,Prism,186.48,402.54,1
649,SKU-SPO-000649,Velocity Camping & Hiking Model-650,Sports & Outdoors,Camping & Hiking,Velocity,105.65,209.53,1
650,SKU-TOY-000650,Zenith Puzzles Model-651,Toys & Games,Puzzles,Zenith,290.57,575.53,1
651,SKU-SPO-000651,Pulse Team Sports Model-652,Sports & Outdoors,Team Sports,Pulse,62.49,135.44,1
652,SKU-GRO-000652,Titan Organic Foods Model-653,Grocery & Pantry,Organic Foods,Titan,389.58,573.3,1
653,SKU-BEA-000653,Sol Fragrances Model-654,Beauty & Care,Fragrances,Sol,144.39,194.49,1
654,SKU-SPO-000654,Apex Team Sports Model-655,Sports & Outdoors,Team Sports,Apex,26.09,38.88,1
655,SKU-AUT-000655,Velocity Oils & Fluids Model-656,Automotive,Oils & Fluids,Velocity,343.24,540.8,1
656,SKU-ELE-000656,Nova Audio & Headphones Model-657,Electronics,Audio & Headphones,Nova,55.45,124.52,1
657,SKU-HOM-000657,Vortex Storage Model-658,Home & Kitchen,Storage,Vortex,312.52,722.69,1
658,SKU-APP-000658,Zenith Men's Clothing Model-659,Apparel,Men's Clothing,Zenith,335.2,652.38,1
659,SKU-GRO-000659,Horizon Condiments Model-660,Grocery & Pantry,Condiments,Horizon,93.94,190.14,1
660,SKU-HOM-000660,Summit Cookware Model-661,Home & Kitchen,Cookware,Summit,356.83,706.86,1
661,SKU-GRO-000661,Prism Beverages Model-662,Grocery & Pantry,Beverages,Prism,331.68,718.56,1
662,SKU-GRO-000662,Prism Beverages Model-663,Grocery & Pantry,Beverages,Prism,185.83,302.41,1
663,SKU-SPO-000663,Zenith Cycling Model-664,Sports & Outdoors,Cycling,Zenith,431.98,920.54,1
664,SKU-ELE-000664,Zenith Accessories Model-665,Electronics,Accessories,Zenith,81.55,117.62,1
665,SKU-SPO-000665,Pulse Fitness Gear Model-666,Sports & Outdoors,Fitness Gear,Pulse,324.05,483.46,1
666,SKU-GRO-000666,Vortex Canned Goods Model-667,Grocery & Pantry,Canned Goods,Vortex,402.05,926.15,1
667,SKU-ELE-000667,Apex Accessories Model-668,Electronics,Accessories,Apex,20.04,42.94,1
668,SKU-SPO-000668,Vortex Camping & Hiking Model-669,Sports & Outdoors,Camping & Hiking,Vortex,181.11,372.55,1
669,SKU-APP-000669,Zenith Accessories Model-670,Apparel,Accessories,Zenith,440.21,595.24,0
670,SKU-APP-000670,Vortex Men's Clothing Model-671,Apparel,Men's Clothing,Vortex,261.1,541.81,1
671,SKU-AUT-000671,Titan Car Care Model-672,Automotive,Car Care,Titan,73.27,93.31,1
672,SKU-ELE-000672,Apex Accessories Model-673,Electronics,Accessories,Apex,443.09,1073.79,1
673,SKU-AUT-000673,Titan Oils & Fluids Model-674,Automotive,Oils & Fluids,Titan,203.46,469.49,1
674,SKU-ELE-000674,Velocity Smart Home Model-675,Electronics,Smart Home,Velocity,185.93,328.11,1
675,SKU-BEA-000675,Summit Skincare Model-676,Beauty & Care,Skincare,Summit,178.46,328.36,1
676,SKU-APP-000676,Velocity Accessories Model-677,Apparel,Accessories,Velocity,244.9,336.8,1
677,SKU-GRO-000677,Summit Beverages Model-678,Grocery & Pantry,Beverages,Summit,155.59,244.08,1
678,SKU-BEA-000678,Nova Personal Care Model-679,Beauty & Care,Personal Care,Nova,14.09,21.23,1
679,SKU-APP-000679,Nova Men's Clothing Model-680,Apparel,Men's Clothing,Nova,118.95,243.18,1
680,SKU-APP-000680,Nova Men's Clothing Model-681,Apparel,Men's Clothing,Nova,44.15,77.72,1
681,SKU-ELE-000681,Aura Accessories Model-682,Electronics,Accessories,Aura,99.57,248.02,1
682,SKU-ELE-000682,Aura Wearables Model-683,Electronics,Wearables,Aura,238.97,465.66,1
683,SKU-TOY-000683,Echo Educational Toys Model-684,Toys & Games,Educational Toys,Echo,351.74,637.1,1
684,SKU-APP-000684,Aura Women's Clothing Model-685,Apparel,Women's Clothing,Aura,120.02,236.16,1
685,SKU-APP-000685,Zenith Footwear Model-686,Apparel,Footwear,Zenith,155.44,234.68,1
686,SKU-AUT-000686,Aura Car Care Model-687,Automotive,Car Care,Aura,259.11,534.49,1
687,SKU-AUT-000687,Matrix Interior Accessories Model-688,Automotive,Interior Accessories,Matrix,419.68,855.17,1
688,SKU-TOY-000688,Horizon Educational Toys Model-689,Toys & Games,Educational Toys,Horizon,240.87,459.74,1
689,SKU-HOM-000689,Sol Decor Model-690,Home & Kitchen,Decor,Sol,397.52,646.04,1
690,SKU-AUT-000690,Aura Oils & Fluids Model-691,Automotive,Oils & Fluids,Aura,351.5,670.12,1
691,SKU-APP-000691,Zenith Men's Clothing Model-692,Apparel,Men's Clothing,Zenith,337.78,695.37,1
692,SKU-BEA-000692,Summit Fragrances Model-693,Beauty & Care,Fragrances,Summit,288.57,646.86,1
693,SKU-SPO-000693,Summit Camping & Hiking Model-694,Sports & Outdoors,Camping & Hiking,Summit,133.52,215.51,1
694,SKU-APP-000694,Velocity Accessories Model-695,Apparel,Accessories,Velocity,131.65,321.93,1
695,SKU-APP-000695,Titan Accessories Model-696,Apparel,Accessories,Titan,15.31,36.07,1
696,SKU-APP-000696,Horizon Outerwear Model-697,Apparel,Outerwear,Horizon,233.44,457.28,1
697,SKU-TOY-000697,Echo Board Games Model-698,Toys & Games,Board Games,Echo,92.56,119.71,1
698,SKU-APP-000698,Matrix Footwear Model-699,Apparel,Footwear,Matrix,354.97,635.59,1
699,SKU-TOY-000699,Lumina Puzzles Model-700,Toys & Games,Puzzles,Lumina,220.14,331.62,1
700,SKU-BEA-000700,Nova Cosmetics Model-701,Beauty & Care,Cosmetics,Nova,76.93,110.31,1
701,SKU-BEA-000701,Vortex Personal Care Model-702,Beauty & Care,Personal Care,Vortex,124.2,246.94,1
702,SKU-AUT-000702,Nova Oils & Fluids Model-703,Automotive,Oils & Fluids,Nova,347.47,855.68,1
703,SKU-GRO-000703,Apex Condiments Model-704,Grocery & Pantry,Condiments,Apex,113.92,269.46,1
704,SKU-APP-000704,Aura Women's Clothing Model-705,Apparel,Women's Clothing,Aura,69.41,142.54,1
705,SKU-SPO-000705,Lumina Fitness Gear Model-706,Sports & Outdoors,Fitness Gear,Lumina,326.59,708.68,1
706,SKU-GRO-000706,Prism Canned Goods Model-707,Grocery & Pantry,Canned Goods,Prism,101.52,186.78,1
707,SKU-AUT-000707,Lumina Interior Accessories Model-708,Automotive,Interior Accessories,Lumina,131.78,182.34,1
708,SKU-TOY-000708,Echo Educational Toys Model-709,Toys & Games,Educational Toys,Echo,303.58,692.39,1
709,SKU-SPO-000709,Echo Camping & Hiking Model-710,Sports & Outdoors,Camping & Hiking,Echo,436.09,1050.96,1
710,SKU-GRO-000710,Sol Organic Foods Model-711,Grocery & Pantry,Organic Foods,Sol,15.36,25.9,1
711,SKU-HOM-000711,Prism Storage Model-712,Home & Kitchen,Storage,Prism,399.4,763.67,1
712,SKU-BEA-000712,Titan Skincare Model-713,Beauty & Care,Skincare,Titan,173.97,239,1
713,SKU-SPO-000713,Echo Water Sports Model-714,Sports & Outdoors,Water Sports,Echo,129.97,219.82,1
714,SKU-SPO-000714,Sol Camping & Hiking Model-715,Sports & Outdoors,Camping & Hiking,Sol,27.14,55.81,1
715,SKU-BEA-000715,Zenith Skincare Model-716,Beauty & Care,Skincare,Zenith,163.27,365.74,1
716,SKU-ELE-000716,Pulse Smartphones Model-717,Electronics,Smartphones,Pulse,288.2,679.36,1
717,SKU-APP-000717,Horizon Outerwear Model-718,Apparel,Outerwear,Horizon,83.08,192.84,1
718,SKU-AUT-000718,Echo Car Care Model-719,Automotive,Car Care,Echo,32.94,46.3,1
719,SKU-GRO-000719,Lumina Snacks Model-720,Grocery & Pantry,Snacks,Lumina,110.77,217.18,1
720,SKU-HOM-000720,Sol Cookware Model-721,Home & Kitchen,Cookware,Sol,243.65,586.89,1
721,SKU-TOY-000721,Sol Board Games Model-722,Toys & Games,Board Games,Sol,177.74,237.5,1
722,SKU-BEA-000722,Vortex Fragrances Model-723,Beauty & Care,Fragrances,Vortex,306.95,725.83,1
723,SKU-GRO-000723,Summit Snacks Model-724,Grocery & Pantry,Snacks,Summit,102.26,177.38,1
724,SKU-BEA-000724,Vortex Cosmetics Model-725,Beauty & Care,Cosmetics,Vortex,120.48,152.04,1
725,SKU-SPO-000725,Aura Team Sports Model-726,Sports & Outdoors,Team Sports,Aura,205.82,266.33,1
726,SKU-APP-000726,Summit Women's Clothing Model-727,Apparel,Women's Clothing,Summit,97.44,203.96,1
727,SKU-TOY-000727,Titan Board Games Model-728,Toys & Games,Board Games,Titan,194.52,298.87,1
728,SKU-GRO-000728,Pulse Breakfast Model-729,Grocery & Pantry,Breakfast,Pulse,258.47,631.91,1
729,SKU-APP-000729,Velocity Outerwear Model-730,Apparel,Outerwear,Velocity,97.25,229.45,1
730,SKU-SPO-000730,Apex Team Sports Model-731,Sports & Outdoors,Team Sports,Apex,63.85,80.65,1
731,SKU-SPO-000731,Velocity Cycling Model-732,Sports & Outdoors,Cycling,Velocity,302.85,509.34,1
732,SKU-APP-000732,Prism Accessories Model-733,Apparel,Accessories,Prism,217.15,287.54,1
733,SKU-APP-000733,Apex Outerwear Model-734,Apparel,Outerwear,Apex,237.5,460.92,0
734,SKU-AUT-000734,Lumina Oils & Fluids Model-735,Automotive,Oils & Fluids,Lumina,176.36,324.2,1
735,SKU-BEA-000735,Velocity Cosmetics Model-736,Beauty & Care,Cosmetics,Velocity,238.58,449.11,1
736,SKU-SPO-000736,Nova Fitness Gear Model-737,Sports & Outdoors,Fitness Gear,Nova,374.17,676.28,1
737,SKU-BEA-000737,Titan Haircare Model-738,Beauty & Care,Haircare,Titan,299.06,647.43,1
738,SKU-AUT-000738,Apex Oils & Fluids Model-739,Automotive,Oils & Fluids,Apex,56.47,107.68,1
739,SKU-HOM-000739,Nova Furniture Model-740,Home & Kitchen,Furniture,Nova,312.28,624.37,1
740,SKU-APP-000740,Sol Accessories Model-741,Apparel,Accessories,Sol,329.94,755.17,1
741,SKU-TOY-000741,Sol Board Games Model-742,Toys & Games,Board Games,Sol,136.47,229.55,1
742,SKU-SPO-000742,Summit Fitness Gear Model-743,Sports & Outdoors,Fitness Gear,Summit,294.31,680.53,1
743,SKU-SPO-000743,Zenith Team Sports Model-744,Sports & Outdoors,Team Sports,Zenith,284.61,375.84,0
744,SKU-HOM-000744,Echo Storage Model-745,Home & Kitchen,Storage,Echo,106.64,190.12,1
745,SKU-BEA-000745,Sol Skincare Model-746,Beauty & Care,Skincare,Sol,136.92,198.98,1
746,SKU-APP-000746,Lumina Footwear Model-747,Apparel,Footwear,Lumina,298,598.85,1
747,SKU-GRO-000747,Matrix Beverages Model-748,Grocery & Pantry,Beverages,Matrix,351.39,552.27,1
748,SKU-TOY-000748,Prism Outdoor Toys Model-749,Toys & Games,Outdoor Toys,Prism,426.73,844.24,0
749,SKU-AUT-000749,Nova Tools & Equipment Model-750,Automotive,Tools & Equipment,Nova,435.39,651.57,1
750,SKU-AUT-000750,Zenith Interior Accessories Model-751,Automotive,Interior Accessories,Zenith,41.88,82.62,1
751,SKU-ELE-000751,Titan Audio & Headphones Model-752,Electronics,Audio & Headphones,Titan,393.11,724.11,1
752,SKU-APP-000752,Nova Sportswear Model-753,Apparel,Sportswear,Nova,202.98,342.85,1
753,SKU-BEA-000753,Prism Fragrances Model-754,Beauty & Care,Fragrances,Prism,246.45,544.31,1
754,SKU-HOM-000754,Lumina Cookware Model-755,Home & Kitchen,Cookware,Lumina,368.35,713.45,1
755,SKU-GRO-000755,Apex Beverages Model-756,Grocery & Pantry,Beverages,Apex,103.07,167.01,1
756,SKU-SPO-000756,Velocity Water Sports Model-757,Sports & Outdoors,Water Sports,Velocity,5.39,10.62,1
757,SKU-AUT-000757,Horizon Car Care Model-758,Automotive,Car Care,Horizon,107.37,249.02,1
758,SKU-AUT-000758,Zenith Oils & Fluids Model-759,Automotive,Oils & Fluids,Zenith,147.04,197.72,1
759,SKU-AUT-000759,Nova Oils & Fluids Model-760,Automotive,Oils & Fluids,Nova,312.71,684.7,1
760,SKU-GRO-000760,Pulse Beverages Model-761,Grocery & Pantry,Beverages,Pulse,9.89,19.88,1
761,SKU-ELE-000761,Echo Laptops Model-762,Electronics,Laptops,Echo,181.5,400.15,1
762,SKU-SPO-000762,Zenith Team Sports Model-763,Sports & Outdoors,Team Sports,Zenith,423.46,945.09,1
763,SKU-TOY-000763,Velocity Action Figures Model-764,Toys & Games,Action Figures,Velocity,362.08,833.92,1
764,SKU-BEA-000764,Prism Fragrances Model-765,Beauty & Care,Fragrances,Prism,227.24,337.09,1
765,SKU-BEA-000765,Prism Personal Care Model-766,Beauty & Care,Personal Care,Prism,438.53,560.17,1
766,SKU-HOM-000766,Pulse Cookware Model-767,Home & Kitchen,Cookware,Pulse,51.98,65.55,1
767,SKU-ELE-000767,Matrix Smart Home Model-768,Electronics,Smart Home,Matrix,51.59,84.47,1
768,SKU-SPO-000768,Titan Cycling Model-769,Sports & Outdoors,Cycling,Titan,266.7,606.1,1
769,SKU-APP-000769,Aura Men's Clothing Model-770,Apparel,Men's Clothing,Aura,261.82,527.4,0
770,SKU-ELE-000770,Prism Audio & Headphones Model-771,Electronics,Audio & Headphones,Prism,366.97,503.23,1
771,SKU-HOM-000771,Horizon Small Appliances Model-772,Home & Kitchen,Small Appliances,Horizon,218.96,523.13,1
772,SKU-AUT-000772,Sol Oils & Fluids Model-773,Automotive,Oils & Fluids,Sol,218.19,323.72,1
773,SKU-AUT-000773,Aura Car Care Model-774,Automotive,Car Care,Aura,264.68,590.16,1
774,SKU-ELE-000774,Echo Audio & Headphones Model-775,Electronics,Audio & Headphones,Echo,6.32,12.97,1
775,SKU-GRO-000775,Vortex Organic Foods Model-776,Grocery & Pantry,Organic Foods,Vortex,143.61,253.39,1
776,SKU-APP-000776,Zenith Accessories Model-777,Apparel,Accessories,Zenith,358.79,825.81,1
777,SKU-HOM-000777,Prism Furniture Model-778,Home & Kitchen,Furniture,Prism,97.13,204.52,1
778,SKU-BEA-000778,Lumina Cosmetics Model-779,Beauty & Care,Cosmetics,Lumina,83.74,144.64,1
779,SKU-ELE-000779,Pulse Laptops Model-780,Electronics,Laptops,Pulse,23.23,30.71,0
780,SKU-APP-000780,Matrix Footwear Model-781,Apparel,Footwear,Matrix,419.19,825.27,1
781,SKU-AUT-000781,Aura Interior Accessories Model-782,Automotive,Interior Accessories,Aura,177.12,228.86,1
782,SKU-GRO-000782,Echo Canned Goods Model-783,Grocery & Pantry,Canned Goods,Echo,277.19,567.9,1
783,SKU-BEA-000783,Prism Cosmetics Model-784,Beauty & Care,Cosmetics,Prism,41.72,85.27,0
784,SKU-SPO-000784,Velocity Cycling Model-785,Sports & Outdoors,Cycling,Velocity,318.69,464.2,1
785,SKU-BEA-000785,Prism Skincare Model-786,Beauty & Care,Skincare,Prism,268.52,349.35,1
786,SKU-AUT-000786,Echo Car Care Model-787,Automotive,Car Care,Echo,296.64,459.12,1
787,SKU-APP-000787,Lumina Women's Clothing Model-788,Apparel,Women's Clothing,Lumina,396.85,933.46,1
788,SKU-ELE-000788,Aura Smart Home Model-789,Electronics,Smart Home,Aura,156.54,286.72,1
789,SKU-TOY-000789,Pulse Educational Toys Model-790,Toys & Games,Educational Toys,Pulse,211.19,303.8,1
790,SKU-TOY-000790,Apex Board Games Model-791,Toys & Games,Board Games,Apex,250.88,481.77,1
791,SKU-TOY-000791,Prism Outdoor Toys Model-792,Toys & Games,Outdoor Toys,Prism,333.23,814.1,1
792,SKU-AUT-000792,Titan Oils & Fluids Model-793,Automotive,Oils & Fluids,Titan,294.88,381.6,1
793,SKU-AUT-000793,Zenith Oils & Fluids Model-794,Automotive,Oils & Fluids,Zenith,399.97,637.15,1
794,SKU-ELE-000794,Pulse Accessories Model-795,Electronics,Accessories,Pulse,80.86,140.82,1
795,SKU-HOM-000795,Matrix Cookware Model-796,Home & Kitchen,Cookware,Matrix,224.98,509.24,1
796,SKU-AUT-000796,Prism Oils & Fluids Model-797,Automotive,Oils & Fluids,Prism,121.78,288.85,1
797,SKU-HOM-000797,Matrix Bedding Model-798,Home & Kitchen,Bedding,Matrix,173,328.51,1
798,SKU-BEA-000798,Summit Fragrances Model-799,Beauty & Care,Fragrances,Summit,360.93,877.52,1
799,SKU-SPO-000799,Prism Camping & Hiking Model-800,Sports & Outdoors,Camping & Hiking,Prism,214.3,472.8,1
800,SKU-BEA-000800,Horizon Haircare Model-801,Beauty & Care,Haircare,Horizon,303.44,572.98,1
801,SKU-SPO-000801,Apex Water Sports Model-802,Sports & Outdoors,Water Sports,Apex,119.91,279.92,1
802,SKU-HOM-000802,Vortex Decor Model-803,Home & Kitchen,Decor,Vortex,215.63,513.96,1
803,SKU-APP-000803,Vortex Accessories Model-804,Apparel,Accessories,Vortex,158.16,229.39,1
804,SKU-SPO-000804,Matrix Team Sports Model-805,Sports & Outdoors,Team Sports,Matrix,294.12,468.79,1
805,SKU-SPO-000805,Vortex Team Sports Model-806,Sports & Outdoors,Team Sports,Vortex,158.85,215.77,1
806,SKU-HOM-000806,Echo Furniture Model-807,Home & Kitchen,Furniture,Echo,384.81,682.27,1
807,SKU-TOY-000807,Pulse Puzzles Model-808,Toys & Games,Puzzles,Pulse,372.42,908,1
808,SKU-SPO-000808,Echo Team Sports Model-809,Sports & Outdoors,Team Sports,Echo,437.88,1087.21,1
809,SKU-BEA-000809,Titan Skincare Model-810,Beauty & Care,Skincare,Titan,132.11,197.74,1
810,SKU-APP-000810,Lumina Sportswear Model-811,Apparel,Sportswear,Lumina,198.22,345.91,1
811,SKU-APP-000811,Aura Accessories Model-812,Apparel,Accessories,Aura,216.84,476,1
812,SKU-APP-000812,Apex Footwear Model-813,Apparel,Footwear,Apex,109.08,158.64,1
813,SKU-TOY-000813,Echo Outdoor Toys Model-814,Toys & Games,Outdoor Toys,Echo,170.86,291.07,1
814,SKU-SPO-000814,Pulse Cycling Model-815,Sports & Outdoors,Cycling,Pulse,122.03,290.92,1
815,SKU-APP-000815,Zenith Outerwear Model-816,Apparel,Outerwear,Zenith,221.89,317.24,1
816,SKU-BEA-000816,Echo Fragrances Model-817,Beauty & Care,Fragrances,Echo,233.88,557.88,1
817,SKU-AUT-000817,Horizon Oils & Fluids Model-818,Automotive,Oils & Fluids,Horizon,270.46,631.6,1
818,SKU-BEA-000818,Zenith Haircare Model-819,Beauty & Care,Haircare,Zenith,434.43,723.58,1
819,SKU-HOM-000819,Nova Storage Model-820,Home & Kitchen,Storage,Nova,399.65,737.45,1
820,SKU-AUT-000820,Lumina Oils & Fluids Model-821,Automotive,Oils & Fluids,Lumina,7.64,10.89,1
821,SKU-GRO-000821,Lumina Organic Foods Model-822,Grocery & Pantry,Organic Foods,Lumina,327.64,545.74,1
822,SKU-SPO-000822,Prism Cycling Model-823,Sports & Outdoors,Cycling,Prism,375.9,715.45,1
823,SKU-HOM-000823,Zenith Decor Model-824,Home & Kitchen,Decor,Zenith,145.86,203.86,1
824,SKU-BEA-000824,Prism Cosmetics Model-825,Beauty & Care,Cosmetics,Prism,363.59,698.77,1
825,SKU-BEA-000825,Apex Skincare Model-826,Beauty & Care,Skincare,Apex,34.02,61.7,1
826,SKU-APP-000826,Matrix Sportswear Model-827,Apparel,Sportswear,Matrix,418.72,654.26,1
827,SKU-BEA-000827,Summit Skincare Model-828,Beauty & Care,Skincare,Summit,134.91,238.45,1
828,SKU-BEA-000828,Prism Cosmetics Model-829,Beauty & Care,Cosmetics,Prism,116.11,249.73,1
829,SKU-AUT-000829,Horizon Interior Accessories Model-830,Automotive,Interior Accessories,Horizon,317.96,540.41,1
830,SKU-AUT-000830,Nova Oils & Fluids Model-831,Automotive,Oils & Fluids,Nova,185.23,324.73,1
831,SKU-BEA-000831,Velocity Fragrances Model-832,Beauty & Care,Fragrances,Velocity,423.91,616.12,1
832,SKU-BEA-000832,Lumina Cosmetics Model-833,Beauty & Care,Cosmetics,Lumina,255.1,464.32,1
833,SKU-TOY-000833,Pulse Puzzles Model-834,Toys & Games,Puzzles,Pulse,412.32,777.92,1
834,SKU-AUT-000834,Zenith Car Care Model-835,Automotive,Car Care,Zenith,14.59,28.04,1
835,SKU-GRO-000835,Aura Canned Goods Model-836,Grocery & Pantry,Canned Goods,Aura,216.84,465.9,1
836,SKU-HOM-000836,Sol Furniture Model-837,Home & Kitchen,Furniture,Sol,77,177.15,1
837,SKU-SPO-000837,Aura Cycling Model-838,Sports & Outdoors,Cycling,Aura,133.45,325.08,1
838,SKU-BEA-000838,Vortex Haircare Model-839,Beauty & Care,Haircare,Vortex,27.82,54.94,1
839,SKU-HOM-000839,Matrix Furniture Model-840,Home & Kitchen,Furniture,Matrix,348.33,495.22,1
840,SKU-GRO-000840,Echo Organic Foods Model-841,Grocery & Pantry,Organic Foods,Echo,414.43,850.37,1
841,SKU-AUT-000841,Lumina Car Care Model-842,Automotive,Car Care,Lumina,218.4,397.45,1
842,SKU-TOY-000842,Vortex Outdoor Toys Model-843,Toys & Games,Outdoor Toys,Vortex,121,283.54,1
843,SKU-AUT-000843,Sol Oils & Fluids Model-844,Automotive,Oils & Fluids,Sol,81.58,168.64,1
844,SKU-BEA-000844,Nova Haircare Model-845,Beauty & Care,Haircare,Nova,267.3,530.17,1
845,SKU-AUT-000845,Lumina Car Care Model-846,Automotive,Car Care,Lumina,197.08,425.13,1
846,SKU-BEA-000846,Apex Fragrances Model-847,Beauty & Care,Fragrances,Apex,7.57,18.57,1
847,SKU-BEA-000847,Lumina Cosmetics Model-848,Beauty & Care,Cosmetics,Lumina,259.29,419.98,1
848,SKU-BEA-000848,Aura Personal Care Model-849,Beauty & Care,Personal Care,Aura,334.71,667.4,1
849,SKU-AUT-000849,Pulse Oils & Fluids Model-850,Automotive,Oils & Fluids,Pulse,169.56,344.14,0
850,SKU-BEA-000850,Matrix Skincare Model-851,Beauty & Care,Skincare,Matrix,95.87,220.92,1
851,SKU-GRO-000851,Vortex Breakfast Model-852,Grocery & Pantry,Breakfast,Vortex,314.77,587.37,1
852,SKU-HOM-000852,Summit Storage Model-853,Home & Kitchen,Storage,Summit,57.7,135.25,1
853,SKU-ELE-000853,Zenith Smart Home Model-854,Electronics,Smart Home,Zenith,225.28,284.73,1
854,SKU-TOY-000854,Lumina Puzzles Model-855,Toys & Games,Puzzles,Lumina,150.82,321.35,1
855,SKU-ELE-000855,Vortex Smartphones Model-856,Electronics,Smartphones,Vortex,184.72,447.1,1
856,SKU-HOM-000856,Pulse Decor Model-857,Home & Kitchen,Decor,Pulse,207.03,329.6,1
857,SKU-GRO-000857,Sol Beverages Model-858,Grocery & Pantry,Beverages,Sol,353.27,579.94,1
858,SKU-AUT-000858,Prism Interior Accessories Model-859,Automotive,Interior Accessories,Prism,237.05,502.19,1
859,SKU-GRO-000859,Velocity Breakfast Model-860,Grocery & Pantry,Breakfast,Velocity,215.29,502.49,1
860,SKU-APP-000860,Lumina Accessories Model-861,Apparel,Accessories,Lumina,197.44,251.72,1
861,SKU-AUT-000861,Velocity Tools & Equipment Model-862,Automotive,Tools & Equipment,Velocity,37.83,63.55,1
862,SKU-GRO-000862,Vortex Condiments Model-863,Grocery & Pantry,Condiments,Vortex,43.25,86.24,1
863,SKU-AUT-000863,Zenith Tools & Equipment Model-864,Automotive,Tools & Equipment,Zenith,273.39,554.41,1
864,SKU-GRO-000864,Titan Canned Goods Model-865,Grocery & Pantry,Canned Goods,Titan,409.39,962.66,1
865,SKU-HOM-000865,Pulse Bedding Model-866,Home & Kitchen,Bedding,Pulse,385.2,753.06,1
866,SKU-AUT-000866,Sol Tools & Equipment Model-867,Automotive,Tools & Equipment,Sol,383.41,741.41,1
867,SKU-HOM-000867,Echo Furniture Model-868,Home & Kitchen,Furniture,Echo,55.35,100.44,1
868,SKU-APP-000868,Horizon Accessories Model-869,Apparel,Accessories,Horizon,62.27,152.68,1
869,SKU-AUT-000869,Nova Tools & Equipment Model-870,Automotive,Tools & Equipment,Nova,436.57,961.89,1
870,SKU-ELE-000870,Lumina Smartphones Model-871,Electronics,Smartphones,Lumina,294.64,437.14,1
871,SKU-TOY-000871,Zenith Puzzles Model-872,Toys & Games,Puzzles,Zenith,406.45,870.39,1
872,SKU-ELE-000872,Horizon Accessories Model-873,Electronics,Accessories,Horizon,340.12,588.14,1
873,SKU-APP-000873,Sol Sportswear Model-874,Apparel,Sportswear,Sol,195.23,333.01,1
874,SKU-APP-000874,Summit Women's Clothing Model-875,Apparel,Women's Clothing,Summit,317.62,634.03,1
875,SKU-ELE-000875,Sol Audio & Headphones Model-876,Electronics,Audio & Headphones,Sol,107.16,157.98,1
876,SKU-HOM-000876,Nova Decor Model-877,Home & Kitchen,Decor,Nova,141.1,229.82,1
877,SKU-ELE-000877,Echo Audio & Headphones Model-878,Electronics,Audio & Headphones,Echo,346.75,442.46,1
878,SKU-APP-000878,Velocity Accessories Model-879,Apparel,Accessories,Velocity,376.82,480.62,1
879,SKU-AUT-000879,Echo Car Care Model-880,Automotive,Car Care,Echo,282.33,389.6,1
880,SKU-TOY-000880,Prism Action Figures Model-881,Toys & Games,Action Figures,Prism,358,806.39,1
881,SKU-AUT-000881,Pulse Interior Accessories Model-882,Automotive,Interior Accessories,Pulse,345.63,551.64,1
882,SKU-AUT-000882,Nova Interior Accessories Model-883,Automotive,Interior Accessories,Nova,80.9,124.18,1
883,SKU-APP-000883,Zenith Footwear Model-884,Apparel,Footwear,Zenith,363.43,829.62,1
884,SKU-AUT-000884,Sol Interior Accessories Model-885,Automotive,Interior Accessories,Sol,226.95,543.31,1
885,SKU-AUT-000885,Matrix Tools & Equipment Model-886,Automotive,Tools & Equipment,Matrix,53.61,95.95,1
886,SKU-ELE-000886,Echo Laptops Model-887,Electronics,Laptops,Echo,68.69,144.82,1
887,SKU-APP-000887,Nova Men's Clothing Model-888,Apparel,Men's Clothing,Nova,101.02,152.28,0
888,SKU-ELE-000888,Matrix Smartphones Model-889,Electronics,Smartphones,Matrix,326.83,540.28,1
889,SKU-AUT-000889,Lumina Car Care Model-890,Automotive,Car Care,Lumina,436.6,757.64,1
890,SKU-SPO-000890,Zenith Water Sports Model-891,Sports & Outdoors,Water Sports,Zenith,238.03,332.84,0
891,SKU-AUT-000891,Lumina Oils & Fluids Model-892,Automotive,Oils & Fluids,Lumina,81.24,153.41,1
892,SKU-GRO-000892,Lumina Condiments Model-893,Grocery & Pantry,Condiments,Lumina,147.48,324.95,1
893,SKU-GRO-000893,Titan Snacks Model-894,Grocery & Pantry,Snacks,Titan,376.67,609.17,1
894,SKU-TOY-000894,Sol Board Games Model-895,Toys & Games,Board Games,Sol,227.57,541.13,0
895,SKU-SPO-000895,Horizon Cycling Model-896,Sports & Outdoors,Cycling,Horizon,357.69,571.73,1
896,SKU-GRO-000896,Titan Canned Goods Model-897,Grocery & Pantry,Canned Goods,Titan,172.56,350.97,1
897,SKU-APP-000897,Summit Footwear Model-898,Apparel,Footwear,Summit,416.04,736.93,0
898,SKU-BEA-000898,Horizon Haircare Model-899,Beauty & Care,Haircare,Horizon,397.71,845.85,1
899,SKU-TOY-000899,Nova Action Figures Model-900,Toys & Games,Action Figures,Nova,127.22,167.47,1
900,SKU-SPO-000900,Matrix Camping & Hiking Model-901,Sports & Outdoors,Camping & Hiking,Matrix,149.13,291.96,1
901,SKU-HOM-000901,Apex Furniture Model-902,Home & Kitchen,Furniture,Apex,288.48,710.08,1
902,SKU-HOM-000902,Sol Bedding Model-903,Home & Kitchen,Bedding,Sol,220.91,301.24,1
903,SKU-AUT-000903,Horizon Car Care Model-904,Automotive,Car Care,Horizon,100.67,240.15,1
904,SKU-BEA-000904,Aura Fragrances Model-905,Beauty & Care,Fragrances,Aura,325.48,493.36,1
905,SKU-APP-000905,Zenith Accessories Model-906,Apparel,Accessories,Zenith,388.07,662.82,1
906,SKU-SPO-000906,Sol Camping & Hiking Model-907,Sports & Outdoors,Camping & Hiking,Sol,288.05,409.66,1
907,SKU-GRO-000907,Velocity Beverages Model-908,Grocery & Pantry,Beverages,Velocity,52.92,117.04,1
908,SKU-GRO-000908,Velocity Breakfast Model-909,Grocery & Pantry,Breakfast,Velocity,383.96,606,1
909,SKU-ELE-000909,Summit Accessories Model-910,Electronics,Accessories,Summit,38.06,49.19,1
910,SKU-TOY-000910,Titan Educational Toys Model-911,Toys & Games,Educational Toys,Titan,45.18,77.61,1
911,SKU-TOY-000911,Nova Puzzles Model-912,Toys & Games,Puzzles,Nova,95.26,169.51,1
912,SKU-SPO-000912,Zenith Cycling Model-913,Sports & Outdoors,Cycling,Zenith,198.87,347.02,1
913,SKU-SPO-000913,Zenith Camping & Hiking Model-914,Sports & Outdoors,Camping & Hiking,Zenith,160.07,233.58,1
914,SKU-ELE-000914,Pulse Wearables Model-915,Electronics,Wearables,Pulse,79.06,171.39,1
915,SKU-ELE-000915,Velocity Smartphones Model-916,Electronics,Smartphones,Velocity,44.98,66.17,1
916,SKU-AUT-000916,Sol Oils & Fluids Model-917,Automotive,Oils & Fluids,Sol,104.9,165.13,1
917,SKU-SPO-000917,Summit Team Sports Model-918,Sports & Outdoors,Team Sports,Summit,431.01,831.76,1
918,SKU-GRO-000918,Summit Organic Foods Model-919,Grocery & Pantry,Organic Foods,Summit,11.72,15.54,1
919,SKU-GRO-000919,Horizon Organic Foods Model-920,Grocery & Pantry,Organic Foods,Horizon,110.38,163.12,1
920,SKU-ELE-000920,Velocity Accessories Model-921,Electronics,Accessories,Velocity,410.26,525.11,1
921,SKU-ELE-000921,Horizon Accessories Model-922,Electronics,Accessories,Horizon,136.09,314.19,1
922,SKU-SPO-000922,Sol Cycling Model-923,Sports & Outdoors,Cycling,Sol,399.77,766.43,1
923,SKU-GRO-000923,Summit Beverages Model-924,Grocery & Pantry,Beverages,Summit,394.28,779.29,1
924,SKU-ELE-000924,Horizon Smartphones Model-925,Electronics,Smartphones,Horizon,86.14,140.95,1
925,SKU-AUT-000925,Echo Tools & Equipment Model-926,Automotive,Tools & Equipment,Echo,378.21,578.86,1
926,SKU-TOY-000926,Horizon Board Games Model-927,Toys & Games,Board Games,Horizon,218.32,325.44,1
927,SKU-AUT-000927,Echo Car Care Model-928,Automotive,Car Care,Echo,143.58,337.29,1
928,SKU-BEA-000928,Pulse Haircare Model-929,Beauty & Care,Haircare,Pulse,356.34,697.95,1
929,SKU-AUT-000929,Zenith Oils & Fluids Model-930,Automotive,Oils & Fluids,Zenith,158.83,335.12,1
930,SKU-APP-000930,Titan Outerwear Model-931,Apparel,Outerwear,Titan,326.23,732.87,1
931,SKU-AUT-000931,Aura Tools & Equipment Model-932,Automotive,Tools & Equipment,Aura,414.68,765.34,1
932,SKU-HOM-000932,Zenith Small Appliances Model-933,Home & Kitchen,Small Appliances,Zenith,417.21,629.52,1
933,SKU-TOY-000933,Summit Puzzles Model-934,Toys & Games,Puzzles,Summit,278.98,494.53,1
934,SKU-GRO-000934,Sol Breakfast Model-935,Grocery & Pantry,Breakfast,Sol,326.58,790.57,1
935,SKU-ELE-000935,Aura Smartphones Model-936,Electronics,Smartphones,Aura,331.44,728.55,1
936,SKU-SPO-000936,Sol Water Sports Model-937,Sports & Outdoors,Water Sports,Sol,409.78,982.02,1
937,SKU-BEA-000937,Apex Cosmetics Model-938,Beauty & Care,Cosmetics,Apex,34.72,54.69,1
938,SKU-AUT-000938,Aura Tools & Equipment Model-939,Automotive,Tools & Equipment,Aura,264.28,472.43,1
939,SKU-GRO-000939,Velocity Beverages Model-940,Grocery & Pantry,Beverages,Velocity,36.58,79.66,1
940,SKU-GRO-000940,Apex Breakfast Model-941,Grocery & Pantry,Breakfast,Apex,83.99,199.73,1
941,SKU-AUT-000941,Apex Tools & Equipment Model-942,Automotive,Tools & Equipment,Apex,310.35,399.15,1
942,SKU-SPO-000942,Lumina Team Sports Model-943,Sports & Outdoors,Team Sports,Lumina,181.11,263.75,1
943,SKU-BEA-000943,Titan Skincare Model-944,Beauty & Care,Skincare,Titan,174.84,220.95,1
944,SKU-TOY-000944,Apex Board Games Model-945,Toys & Games,Board Games,Apex,51.15,113.73,1
945,SKU-AUT-000945,Matrix Car Care Model-946,Automotive,Car Care,Matrix,169.89,299.18,1
946,SKU-SPO-000946,Vortex Fitness Gear Model-947,Sports & Outdoors,Fitness Gear,Vortex,396.11,579.1,1
947,SKU-TOY-000947,Horizon Action Figures Model-948,Toys & Games,Action Figures,Horizon,432.02,1015.11,1
948,SKU-APP-000948,Prism Accessories Model-949,Apparel,Accessories,Prism,436.18,998.53,0
949,SKU-ELE-000949,Summit Smart Home Model-950,Electronics,Smart Home,Summit,267.92,472.15,1
950,SKU-APP-000950,Matrix Women's Clothing Model-951,Apparel,Women's Clothing,Matrix,229.58,369.77,1
951,SKU-ELE-000951,Summit Accessories Model-952,Electronics,Accessories,Summit,421.01,987.31,1
952,SKU-AUT-000952,Apex Oils & Fluids Model-953,Automotive,Oils & Fluids,Apex,361.21,484.54,1
953,SKU-APP-000953,Sol Women's Clothing Model-954,Apparel,Women's Clothing,Sol,405.44,713.86,1
954,SKU-GRO-000954,Echo Snacks Model-955,Grocery & Pantry,Snacks,Echo,86.08,133.35,1
955,SKU-SPO-000955,Velocity Cycling Model-956,Sports & Outdoors,Cycling,Velocity,61.28,88.21,0
956,SKU-AUT-000956,Matrix Car Care Model-957,Automotive,Car Care,Matrix,78.27,173.92,0
957,SKU-GRO-000957,Prism Condiments Model-958,Grocery & Pantry,Condiments,Prism,300.49,479.49,1
958,SKU-HOM-000958,Matrix Storage Model-959,Home & Kitchen,Storage,Matrix,37.15,89.3,1
959,SKU-APP-000959,Titan Footwear Model-960,Apparel,Footwear,Titan,230.92,473.35,1
960,SKU-GRO-000960,Matrix Condiments Model-961,Grocery & Pantry,Condiments,Matrix,319.5,696.17,1
961,SKU-AUT-000961,Nova Car Care Model-962,Automotive,Car Care,Nova,243.72,512.69,0
962,SKU-AUT-000962,Zenith Interior Accessories Model-963,Automotive,Interior Accessories,Zenith,129.67,280.64,1
963,SKU-APP-000963,Nova Footwear Model-964,Apparel,Footwear,Nova,160.69,357.28,1
964,SKU-AUT-000964,Prism Tools & Equipment Model-965,Automotive,Tools & Equipment,Prism,355.32,772.84,1
965,SKU-TOY-000965,Matrix Puzzles Model-966,Toys & Games,Puzzles,Matrix,90.92,205.53,1
966,SKU-SPO-000966,Vortex Fitness Gear Model-967,Sports & Outdoors,Fitness Gear,Vortex,52.73,102.52,1
967,SKU-APP-000967,Velocity Men's Clothing Model-968,Apparel,Men's Clothing,Velocity,316.66,447.31,1
968,SKU-APP-000968,Echo Footwear Model-969,Apparel,Footwear,Echo,397.27,531.31,1
969,SKU-HOM-000969,Summit Cookware Model-970,Home & Kitchen,Cookware,Summit,109.54,165.39,1
970,SKU-ELE-000970,Zenith Smartphones Model-971,Electronics,Smartphones,Zenith,161.22,209.16,1
971,SKU-SPO-000971,Titan Camping & Hiking Model-972,Sports & Outdoors,Camping & Hiking,Titan,303.26,484.07,1
972,SKU-HOM-000972,Titan Decor Model-973,Home & Kitchen,Decor,Titan,185.59,280.33,1
973,SKU-HOM-000973,Titan Bedding Model-974,Home & Kitchen,Bedding,Titan,250.95,435.94,1
974,SKU-BEA-000974,Vortex Cosmetics Model-975,Beauty & Care,Cosmetics,Vortex,274.71,582.18,1
975,SKU-GRO-000975,Apex Beverages Model-976,Grocery & Pantry,Beverages,Apex,65.55,144.86,1
976,SKU-APP-000976,Apex Sportswear Model-977,Apparel,Sportswear,Apex,52.48,97.8,1
977,SKU-GRO-000977,Velocity Organic Foods Model-978,Grocery & Pantry,Organic Foods,Velocity,249.96,381.51,1
978,SKU-APP-000978,Zenith Sportswear Model-979,Apparel,Sportswear,Zenith,250.37,370.88,1
979,SKU-APP-000979,Summit Men's Clothing Model-980,Apparel,Men's Clothing,Summit,217.9,371.63,1
980,SKU-GRO-000980,Pulse Condiments Model-981,Grocery & Pantry,Condiments,Pulse,307.37,683.22,1
981,SKU-BEA-000981,Vortex Haircare Model-982,Beauty & Care,Haircare,Vortex,404.73,576.23,1
982,SKU-APP-000982,Prism Men's Clothing Model-983,Apparel,Men's Clothing,Prism,76.65,156.67,1
983,SKU-AUT-000983,Velocity Car Care Model-984,Automotive,Car Care,Velocity,255.32,329.87,1
984,SKU-AUT-000984,Matrix Oils & Fluids Model-985,Automotive,Oils & Fluids,Matrix,216.07,479.81,1
985,SKU-HOM-000985,Pulse Bedding Model-986,Home & Kitchen,Bedding,Pulse,88.27,120.33,1
986,SKU-AUT-000986,Vortex Tools & Equipment Model-987,Automotive,Tools & Equipment,Vortex,305.87,568.72,1
987,SKU-ELE-000987,Velocity Smart Home Model-988,Electronics,Smart Home,Velocity,331.94,488.51,1
988,SKU-TOY-000988,Pulse Outdoor Toys Model-989,Toys & Games,Outdoor Toys,Pulse,351.63,790.47,1
989,SKU-ELE-000989,Pulse Laptops Model-990,Electronics,Laptops,Pulse,105.22,140.56,1
990,SKU-ELE-000990,Aura Accessories Model-991,Electronics,Accessories,Aura,399.16,606.58,1
991,SKU-SPO-000991,Echo Camping & Hiking Model-992,Sports & Outdoors,Camping & Hiking,Echo,170.93,391.74,1
992,SKU-SPO-000992,Sol Cycling Model-993,Sports & Outdoors,Cycling,Sol,76.33,123.32,1
993,SKU-HOM-000993,Prism Bedding Model-994,Home & Kitchen,Bedding,Prism,241.55,433.43,1
994,SKU-TOY-000994,Velocity Outdoor Toys Model-995,Toys & Games,Outdoor Toys,Velocity,446.76,743.78,1
995,SKU-ELE-000995,Horizon Smartphones Model-996,Electronics,Smartphones,Horizon,304.65,469.29,1
996,SKU-HOM-000996,Aura Bedding Model-997,Home & Kitchen,Bedding,Aura,428.18,1060.86,1
997,SKU-APP-000997,Apex Men's Clothing Model-998,Apparel,Men's Clothing,Apex,214.87,278.04,1
998,SKU-APP-000998,Titan Outerwear Model-999,Apparel,Outerwear,Titan,383.33,825.02,1
999,SKU-BEA-000999,Vortex Skincare Model-1000,Beauty & Care,Skincare,Vortex,194.77,261.61,1
1000,SKU-HOM-001000,Lumina Bedding Model-001,Home & Kitchen,Bedding,Lumina,62.91,131.03,1
1001,SKU-GRO-001001,Titan Condiments Model-002,Grocery & Pantry,Condiments,Titan,334.6,786.15,1
1002,SKU-TOY-001002,Horizon Educational Toys Model-003,Toys & Games,Educational Toys,Horizon,162.41,228.5,1
1003,SKU-AUT-001003,Lumina Oils & Fluids Model-004,Automotive,Oils & Fluids,Lumina,417.43,574.9,1
1004,SKU-APP-001004,Echo Outerwear Model-005,Apparel,Outerwear,Echo,270.58,400.3,1
1005,SKU-SPO-001005,Titan Camping & Hiking Model-006,Sports & Outdoors,Camping & Hiking,Titan,365.19,687.4,1
1006,SKU-TOY-001006,Horizon Outdoor Toys Model-007,Toys & Games,Outdoor Toys,Horizon,374.24,711.54,1
1007,SKU-APP-001007,Vortex Men's Clothing Model-008,Apparel,Men's Clothing,Vortex,79.72,156,1
1008,SKU-HOM-001008,Summit Cookware Model-009,Home & Kitchen,Cookware,Summit,57.1,111.3,1
1009,SKU-AUT-001009,Vortex Tools & Equipment Model-010,Automotive,Tools & Equipment,Vortex,328.74,733.5,1
1010,SKU-AUT-001010,Matrix Tools & Equipment Model-011,Automotive,Tools & Equipment,Matrix,397.37,521.89,1
1011,SKU-AUT-001011,Zenith Interior Accessories Model-012,Automotive,Interior Accessories,Zenith,315.55,613.21,1
1012,SKU-ELE-001012,Apex Wearables Model-013,Electronics,Wearables,Apex,338.19,751.46,1
1013,SKU-AUT-001013,Velocity Tools & Equipment Model-014,Automotive,Tools & Equipment,Velocity,153.25,356.72,1
1014,SKU-BEA-001014,Zenith Cosmetics Model-015,Beauty & Care,Cosmetics,Zenith,412.92,987.27,1
1015,SKU-TOY-001015,Zenith Action Figures Model-016,Toys & Games,Action Figures,Zenith,116.96,184.51,1
1016,SKU-GRO-001016,Nova Organic Foods Model-017,Grocery & Pantry,Organic Foods,Nova,162.89,356.33,1
1017,SKU-AUT-001017,Sol Tools & Equipment Model-018,Automotive,Tools & Equipment,Sol,111.92,259,1
1018,SKU-TOY-001018,Vortex Outdoor Toys Model-019,Toys & Games,Outdoor Toys,Vortex,366.26,834.89,1
1019,SKU-ELE-001019,Vortex Laptops Model-020,Electronics,Laptops,Vortex,147.6,326.77,1
1020,SKU-HOM-001020,Horizon Bedding Model-021,Home & Kitchen,Bedding,Horizon,179.23,270.71,1
1021,SKU-APP-001021,Prism Men's Clothing Model-022,Apparel,Men's Clothing,Prism,70.79,102.55,0
1022,SKU-TOY-001022,Titan Action Figures Model-023,Toys & Games,Action Figures,Titan,152.4,312.26,1
1023,SKU-SPO-001023,Lumina Camping & Hiking Model-024,Sports & Outdoors,Camping & Hiking,Lumina,218.25,384.29,1
1024,SKU-APP-001024,Zenith Men's Clothing Model-025,Apparel,Men's Clothing,Zenith,134.54,326.24,1
1025,SKU-ELE-001025,Zenith Wearables Model-026,Electronics,Wearables,Zenith,100.56,172.39,1
1026,SKU-ELE-001026,Sol Smartphones Model-027,Electronics,Smartphones,Sol,43.04,94.14,1
1027,SKU-HOM-001027,Velocity Small Appliances Model-028,Home & Kitchen,Small Appliances,Velocity,399.95,759.71,1
1028,SKU-BEA-001028,Horizon Haircare Model-029,Beauty & Care,Haircare,Horizon,358.55,797.84,1
1029,SKU-GRO-001029,Sol Canned Goods Model-030,Grocery & Pantry,Canned Goods,Sol,435.19,617.19,1
1030,SKU-ELE-001030,Matrix Accessories Model-031,Electronics,Accessories,Matrix,25.82,33.47,1
1031,SKU-AUT-001031,Matrix Oils & Fluids Model-032,Automotive,Oils & Fluids,Matrix,91.15,215.16,1
1032,SKU-BEA-001032,Lumina Personal Care Model-033,Beauty & Care,Personal Care,Lumina,188.62,389.62,1
1033,SKU-AUT-001033,Vortex Oils & Fluids Model-034,Automotive,Oils & Fluids,Vortex,396.49,574.64,1
1034,SKU-AUT-001034,Sol Car Care Model-035,Automotive,Car Care,Sol,162.58,313.06,1
1035,SKU-ELE-001035,Nova Accessories Model-036,Electronics,Accessories,Nova,377.09,601.23,1
1036,SKU-AUT-001036,Prism Interior Accessories Model-037,Automotive,Interior Accessories,Prism,431.51,935.44,1
1037,SKU-TOY-001037,Horizon Puzzles Model-038,Toys & Games,Puzzles,Horizon,54.14,77.11,1
1038,SKU-GRO-001038,Vortex Beverages Model-039,Grocery & Pantry,Beverages,Vortex,206.89,447.08,1
1039,SKU-GRO-001039,Zenith Breakfast Model-040,Grocery & Pantry,Breakfast,Zenith,71.43,171.8,1
1040,SKU-TOY-001040,Titan Action Figures Model-041,Toys & Games,Action Figures,Titan,100.71,209.48,1
1041,SKU-BEA-001041,Summit Haircare Model-042,Beauty & Care,Haircare,Summit,106.29,205.9,1
1042,SKU-AUT-001042,Horizon Tools & Equipment Model-043,Automotive,Tools & Equipment,Horizon,121.49,210.36,1
1043,SKU-BEA-001043,Apex Cosmetics Model-044,Beauty & Care,Cosmetics,Apex,124.13,299.68,1
1044,SKU-BEA-001044,Lumina Skincare Model-045,Beauty & Care,Skincare,Lumina,233.88,518.75,1
1045,SKU-ELE-001045,Horizon Audio & Headphones Model-046,Electronics,Audio & Headphones,Horizon,90.59,121.99,1
1046,SKU-AUT-001046,Nova Car Care Model-047,Automotive,Car Care,Nova,440.94,897.58,1
1047,SKU-HOM-001047,Lumina Decor Model-048,Home & Kitchen,Decor,Lumina,303.18,498.46,1
1048,SKU-BEA-001048,Pulse Fragrances Model-049,Beauty & Care,Fragrances,Pulse,420.86,637.83,1
1049,SKU-TOY-001049,Zenith Outdoor Toys Model-050,Toys & Games,Outdoor Toys,Zenith,320.64,524.8,1
1050,SKU-AUT-001050,Matrix Car Care Model-051,Automotive,Car Care,Matrix,13.27,18.04,1
1051,SKU-SPO-001051,Titan Cycling Model-052,Sports & Outdoors,Cycling,Titan,153.95,292.6,1
1052,SKU-TOY-001052,Sol Puzzles Model-053,Toys & Games,Puzzles,Sol,244.57,401.65,1
1053,SKU-HOM-001053,Matrix Small Appliances Model-054,Home & Kitchen,Small Appliances,Matrix,262.25,608.16,1
1054,SKU-TOY-001054,Sol Puzzles Model-055,Toys & Games,Puzzles,Sol,11.97,28.85,1
1055,SKU-TOY-001055,Pulse Action Figures Model-056,Toys & Games,Action Figures,Pulse,253.85,527.17,1
1056,SKU-ELE-001056,Vortex Smart Home Model-057,Electronics,Smart Home,Vortex,252.16,357.11,1
1057,SKU-SPO-001057,Matrix Team Sports Model-058,Sports & Outdoors,Team Sports,Matrix,402.62,743.25,1
1058,SKU-TOY-001058,Horizon Action Figures Model-059,Toys & Games,Action Figures,Horizon,319.91,667.33,1
1059,SKU-AUT-001059,Velocity Interior Accessories Model-060,Automotive,Interior Accessories,Velocity,14.6,18.4,1
1060,SKU-AUT-001060,Matrix Tools & Equipment Model-061,Automotive,Tools & Equipment,Matrix,298.16,527.31,1
1061,SKU-BEA-001061,Aura Skincare Model-062,Beauty & Care,Skincare,Aura,213.28,507.21,1
1062,SKU-APP-001062,Apex Men's Clothing Model-063,Apparel,Men's Clothing,Apex,296.24,455.49,0
1063,SKU-AUT-001063,Horizon Oils & Fluids Model-064,Automotive,Oils & Fluids,Horizon,15.76,37.4,1
1064,SKU-ELE-001064,Horizon Accessories Model-065,Electronics,Accessories,Horizon,17.68,43.49,1
1065,SKU-BEA-001065,Pulse Cosmetics Model-066,Beauty & Care,Cosmetics,Pulse,15.66,38.56,1
1066,SKU-GRO-001066,Sol Snacks Model-067,Grocery & Pantry,Snacks,Sol,314.06,741.54,1
1067,SKU-AUT-001067,Vortex Tools & Equipment Model-068,Automotive,Tools & Equipment,Vortex,109.42,241.9,1
1068,SKU-AUT-001068,Apex Car Care Model-069,Automotive,Car Care,Apex,431.03,893.36,1
1069,SKU-SPO-001069,Apex Camping & Hiking Model-070,Sports & Outdoors,Camping & Hiking,Apex,415.09,534.16,1
1070,SKU-AUT-001070,Echo Oils & Fluids Model-071,Automotive,Oils & Fluids,Echo,323.75,462.69,1
1071,SKU-AUT-001071,Pulse Interior Accessories Model-072,Automotive,Interior Accessories,Pulse,41.58,90.99,1
1072,SKU-APP-001072,Vortex Sportswear Model-073,Apparel,Sportswear,Vortex,161.45,267.84,1
1073,SKU-HOM-001073,Titan Cookware Model-074,Home & Kitchen,Cookware,Titan,267.83,598.96,1
1074,SKU-APP-001074,Velocity Men's Clothing Model-075,Apparel,Men's Clothing,Velocity,341.22,626.39,1
1075,SKU-HOM-001075,Prism Furniture Model-076,Home & Kitchen,Furniture,Prism,215.3,393.23,1
1076,SKU-APP-001076,Aura Women's Clothing Model-077,Apparel,Women's Clothing,Aura,433.44,830.36,1
1077,SKU-SPO-001077,Titan Camping & Hiking Model-078,Sports & Outdoors,Camping & Hiking,Titan,396.97,859.86,1
1078,SKU-HOM-001078,Matrix Decor Model-079,Home & Kitchen,Decor,Matrix,436.42,930.73,1
1079,SKU-APP-001079,Summit Women's Clothing Model-080,Apparel,Women's Clothing,Summit,272.64,346.44,1
1080,SKU-GRO-001080,Pulse Breakfast Model-081,Grocery & Pantry,Breakfast,Pulse,17.29,29.22,1
1081,SKU-ELE-001081,Sol Smartphones Model-082,Electronics,Smartphones,Sol,13.9,30.28,1
1082,SKU-ELE-001082,Prism Accessories Model-083,Electronics,Accessories,Prism,325.38,504.11,1
1083,SKU-BEA-001083,Vortex Fragrances Model-084,Beauty & Care,Fragrances,Vortex,132.51,282.87,1
1084,SKU-TOY-001084,Pulse Educational Toys Model-085,Toys & Games,Educational Toys,Pulse,347.82,444.35,1
1085,SKU-ELE-001085,Sol Smartphones Model-086,Electronics,Smartphones,Sol,368.16,914.58,1
1086,SKU-HOM-001086,Prism Storage Model-087,Home & Kitchen,Storage,Prism,353.08,547.67,1
1087,SKU-HOM-001087,Velocity Bedding Model-088,Home & Kitchen,Bedding,Velocity,277.18,351.99,1
1088,SKU-TOY-001088,Titan Outdoor Toys Model-089,Toys & Games,Outdoor Toys,Titan,31.43,51.37,1
1089,SKU-APP-001089,Apex Accessories Model-090,Apparel,Accessories,Apex,139.01,204.34,1
1090,SKU-AUT-001090,Apex Tools & Equipment Model-091,Automotive,Tools & Equipment,Apex,90.04,184.98,1
1091,SKU-ELE-001091,Vortex Accessories Model-092,Electronics,Accessories,Vortex,403.7,518.56,0
1092,SKU-BEA-001092,Velocity Personal Care Model-093,Beauty & Care,Personal Care,Velocity,371.08,486.1,1
1093,SKU-SPO-001093,Prism Cycling Model-094,Sports & Outdoors,Cycling,Prism,29.16,41.75,1
1094,SKU-GRO-001094,Matrix Beverages Model-095,Grocery & Pantry,Beverages,Matrix,95.96,156.68,1
1095,SKU-HOM-001095,Nova Bedding Model-096,Home & Kitchen,Bedding,Nova,330.15,500.19,1
1096,SKU-AUT-001096,Titan Interior Accessories Model-097,Automotive,Interior Accessories,Titan,257.79,406.89,1
1097,SKU-HOM-001097,Echo Bedding Model-098,Home & Kitchen,Bedding,Echo,368.51,909.71,1
1098,SKU-HOM-001098,Nova Furniture Model-099,Home & Kitchen,Furniture,Nova,211.97,383.57,1
1099,SKU-BEA-001099,Velocity Haircare Model-100,Beauty & Care,Haircare,Velocity,263.54,552.12,1
1100,SKU-HOM-001100,Matrix Storage Model-101,Home & Kitchen,Storage,Matrix,226.04,444.8,1
1101,SKU-SPO-001101,Horizon Water Sports Model-102,Sports & Outdoors,Water Sports,Horizon,384.44,900.8,1
1102,SKU-BEA-001102,Prism Cosmetics Model-103,Beauty & Care,Cosmetics,Prism,179.94,447.11,1
1103,SKU-SPO-001103,Pulse Water Sports Model-104,Sports & Outdoors,Water Sports,Pulse,395.14,573.99,1
1104,SKU-APP-001104,Velocity Sportswear Model-105,Apparel,Sportswear,Velocity,447.47,902.93,1
1105,SKU-HOM-001105,Horizon Furniture Model-106,Home & Kitchen,Furniture,Horizon,83.31,187.04,1
1106,SKU-APP-001106,Sol Sportswear Model-107,Apparel,Sportswear,Sol,73.91,166.64,1
1107,SKU-ELE-001107,Aura Smart Home Model-108,Electronics,Smart Home,Aura,226.49,342.94,1
1108,SKU-GRO-001108,Summit Organic Foods Model-109,Grocery & Pantry,Organic Foods,Summit,132.28,175.35,1
1109,SKU-HOM-001109,Velocity Cookware Model-110,Home & Kitchen,Cookware,Velocity,117.64,197.16,1
1110,SKU-ELE-001110,Vortex Laptops Model-111,Electronics,Laptops,Vortex,275.31,373.9,1
1111,SKU-HOM-001111,Sol Bedding Model-112,Home & Kitchen,Bedding,Sol,53.36,78.44,1
1112,SKU-TOY-001112,Matrix Board Games Model-113,Toys & Games,Board Games,Matrix,129.77,182.51,1
1113,SKU-AUT-001113,Sol Car Care Model-114,Automotive,Car Care,Sol,335.64,595.1,1
1114,SKU-TOY-001114,Apex Outdoor Toys Model-115,Toys & Games,Outdoor Toys,Apex,445.48,928.48,1
1115,SKU-GRO-001115,Prism Snacks Model-116,Grocery & Pantry,Snacks,Prism,172.22,351.96,1
1116,SKU-HOM-001116,Titan Small Appliances Model-117,Home & Kitchen,Small Appliances,Titan,407.56,871.19,1
1117,SKU-SPO-001117,Apex Cycling Model-118,Sports & Outdoors,Cycling,Apex,178.67,327.8,1
1118,SKU-APP-001118,Summit Women's Clothing Model-119,Apparel,Women's Clothing,Summit,146.23,247.35,1
1119,SKU-SPO-001119,Sol Camping & Hiking Model-120,Sports & Outdoors,Camping & Hiking,Sol,247.99,577.61,1
1120,SKU-APP-001120,Aura Women's Clothing Model-121,Apparel,Women's Clothing,Aura,226.44,417.81,0
1121,SKU-AUT-001121,Aura Interior Accessories Model-122,Automotive,Interior Accessories,Aura,268.82,445.65,1
1122,SKU-BEA-001122,Titan Personal Care Model-123,Beauty & Care,Personal Care,Titan,87.64,175.5,1
1123,SKU-HOM-001123,Echo Bedding Model-124,Home & Kitchen,Bedding,Echo,343.16,728.93,1
1124,SKU-SPO-001124,Pulse Fitness Gear Model-125,Sports & Outdoors,Fitness Gear,Pulse,61.5,104.19,1
1125,SKU-TOY-001125,Apex Outdoor Toys Model-126,Toys & Games,Outdoor Toys,Apex,294.44,507.46,1
1126,SKU-BEA-001126,Velocity Skincare Model-127,Beauty & Care,Skincare,Velocity,135.22,326.6,1
1127,SKU-GRO-001127,Prism Beverages Model-128,Grocery & Pantry,Beverages,Prism,176.16,252.99,1
1128,SKU-AUT-001128,Pulse Interior Accessories Model-129,Automotive,Interior Accessories,Pulse,54,113.94,1
1129,SKU-SPO-001129,Summit Fitness Gear Model-130,Sports & Outdoors,Fitness Gear,Summit,101.05,204.17,1
1130,SKU-HOM-001130,Velocity Bedding Model-131,Home & Kitchen,Bedding,Velocity,333.65,616.73,1
1131,SKU-TOY-001131,Zenith Board Games Model-132,Toys & Games,Board Games,Zenith,183.43,352.02,1
1132,SKU-BEA-001132,Matrix Cosmetics Model-133,Beauty & Care,Cosmetics,Matrix,40.64,95.93,1
1133,SKU-HOM-001133,Matrix Furniture Model-134,Home & Kitchen,Furniture,Matrix,384.91,719.8,1
1134,SKU-GRO-001134,Velocity Beverages Model-135,Grocery & Pantry,Beverages,Velocity,238.69,364.95,1
1135,SKU-HOM-001135,Apex Small Appliances Model-136,Home & Kitchen,Small Appliances,Apex,76.63,185.57,1
1136,SKU-GRO-001136,Matrix Condiments Model-137,Grocery & Pantry,Condiments,Matrix,250.52,387.9,1
1137,SKU-GRO-001137,Horizon Condiments Model-138,Grocery & Pantry,Condiments,Horizon,144.81,258.71,1
1138,SKU-APP-001138,Zenith Men's Clothing Model-139,Apparel,Men's Clothing,Zenith,293.71,515.02,1
1139,SKU-HOM-001139,Titan Bedding Model-140,Home & Kitchen,Bedding,Titan,121.79,303.86,1
1140,SKU-TOY-001140,Nova Board Games Model-141,Toys & Games,Board Games,Nova,264.67,492.93,1
1141,SKU-AUT-001141,Aura Car Care Model-142,Automotive,Car Care,Aura,406.7,799.08,1
1142,SKU-SPO-001142,Lumina Camping & Hiking Model-143,Sports & Outdoors,Camping & Hiking,Lumina,283.07,702.15,1
1143,SKU-SPO-001143,Zenith Camping & Hiking Model-144,Sports & Outdoors,Camping & Hiking,Zenith,426.7,962.06,1
1144,SKU-AUT-001144,Sol Interior Accessories Model-145,Automotive,Interior Accessories,Sol,332.81,580.25,1
1145,SKU-AUT-001145,Summit Tools & Equipment Model-146,Automotive,Tools & Equipment,Summit,47.45,82.71,1
1146,SKU-SPO-001146,Velocity Cycling Model-147,Sports & Outdoors,Cycling,Velocity,243.46,332.71,1
1147,SKU-ELE-001147,Sol Laptops Model-148,Electronics,Laptops,Sol,308.39,505.39,1
1148,SKU-HOM-001148,Nova Bedding Model-149,Home & Kitchen,Bedding,Nova,366.02,633.24,1
1149,SKU-ELE-001149,Zenith Audio & Headphones Model-150,Electronics,Audio & Headphones,Zenith,235.64,398.93,1
1150,SKU-ELE-001150,Vortex Wearables Model-151,Electronics,Wearables,Vortex,294.8,639.74,1
1151,SKU-GRO-001151,Nova Breakfast Model-152,Grocery & Pantry,Breakfast,Nova,215.13,472.05,1
1152,SKU-HOM-001152,Velocity Storage Model-153,Home & Kitchen,Storage,Velocity,91.64,156.49,1
1153,SKU-GRO-001153,Sol Organic Foods Model-154,Grocery & Pantry,Organic Foods,Sol,32.49,60.22,1
1154,SKU-APP-001154,Velocity Sportswear Model-155,Apparel,Sportswear,Velocity,10.56,19.91,1
1155,SKU-GRO-001155,Prism Canned Goods Model-156,Grocery & Pantry,Canned Goods,Prism,178.9,312.17,0
1156,SKU-APP-001156,Zenith Men's Clothing Model-157,Apparel,Men's Clothing,Zenith,224.01,395.43,1
1157,SKU-HOM-001157,Nova Furniture Model-158,Home & Kitchen,Furniture,Nova,82.38,197.93,1
1158,SKU-GRO-001158,Velocity Breakfast Model-159,Grocery & Pantry,Breakfast,Velocity,389.71,790.06,1
1159,SKU-AUT-001159,Pulse Interior Accessories Model-160,Automotive,Interior Accessories,Pulse,123.58,246.86,1
1160,SKU-GRO-001160,Velocity Breakfast Model-161,Grocery & Pantry,Breakfast,Velocity,219.37,428.6,1
1161,SKU-BEA-001161,Titan Skincare Model-162,Beauty & Care,Skincare,Titan,6.61,15.58,1
1162,SKU-SPO-001162,Titan Water Sports Model-163,Sports & Outdoors,Water Sports,Titan,232.12,385.18,1
1163,SKU-BEA-001163,Apex Haircare Model-164,Beauty & Care,Haircare,Apex,60.58,139.67,1
1164,SKU-BEA-001164,Matrix Cosmetics Model-165,Beauty & Care,Cosmetics,Matrix,165.38,242.23,1
1165,SKU-BEA-001165,Zenith Fragrances Model-166,Beauty & Care,Fragrances,Zenith,387.72,865.45,1
1166,SKU-GRO-001166,Echo Breakfast Model-167,Grocery & Pantry,Breakfast,Echo,54.33,112.23,1
1167,SKU-SPO-001167,Summit Team Sports Model-168,Sports & Outdoors,Team Sports,Summit,429.26,698.85,1
1168,SKU-BEA-001168,Matrix Fragrances Model-169,Beauty & Care,Fragrances,Matrix,132.73,166.49,1
1169,SKU-SPO-001169,Prism Team Sports Model-170,Sports & Outdoors,Team Sports,Prism,322.53,799.52,1
1170,SKU-APP-001170,Sol Women's Clothing Model-171,Apparel,Women's Clothing,Sol,212.41,496.89,1
1171,SKU-AUT-001171,Echo Interior Accessories Model-172,Automotive,Interior Accessories,Echo,249.42,426.86,1
1172,SKU-SPO-001172,Summit Camping & Hiking Model-173,Sports & Outdoors,Camping & Hiking,Summit,307.99,631.28,1
1173,SKU-HOM-001173,Zenith Bedding Model-174,Home & Kitchen,Bedding,Zenith,212.06,441.81,1
1174,SKU-BEA-001174,Lumina Cosmetics Model-175,Beauty & Care,Cosmetics,Lumina,362.58,517.46,1
1175,SKU-SPO-001175,Lumina Team Sports Model-176,Sports & Outdoors,Team Sports,Lumina,299.94,431.15,1
1176,SKU-APP-001176,Nova Accessories Model-177,Apparel,Accessories,Nova,72.24,105.07,1
1177,SKU-SPO-001177,Lumina Water Sports Model-178,Sports & Outdoors,Water Sports,Lumina,339.12,781.24,1
1178,SKU-SPO-001178,Velocity Water Sports Model-179,Sports & Outdoors,Water Sports,Velocity,35.11,52.66,1
1179,SKU-TOY-001179,Lumina Puzzles Model-180,Toys & Games,Puzzles,Lumina,415.26,716.8,1
1180,SKU-SPO-001180,Summit Cycling Model-181,Sports & Outdoors,Cycling,Summit,427.53,586.28,1
1181,SKU-APP-001181,Sol Men's Clothing Model-182,Apparel,Men's Clothing,Sol,368.53,900.14,1
1182,SKU-ELE-001182,Apex Smart Home Model-183,Electronics,Smart Home,Apex,190.15,380.34,1
1183,SKU-HOM-001183,Echo Cookware Model-184,Home & Kitchen,Cookware,Echo,150.9,252.39,1
1184,SKU-APP-001184,Sol Footwear Model-185,Apparel,Footwear,Sol,190.18,327.62,1
1185,SKU-SPO-001185,Titan Cycling Model-186,Sports & Outdoors,Cycling,Titan,284.9,650.78,1
1186,SKU-SPO-001186,Sol Fitness Gear Model-187,Sports & Outdoors,Fitness Gear,Sol,46.96,64.43,1
1187,SKU-GRO-001187,Nova Organic Foods Model-188,Grocery & Pantry,Organic Foods,Nova,140.08,221.23,1
1188,SKU-APP-001188,Prism Footwear Model-189,Apparel,Footwear,Prism,208.54,321.88,1
1189,SKU-BEA-001189,Velocity Skincare Model-190,Beauty & Care,Skincare,Velocity,78.47,146.9,1
1190,SKU-GRO-001190,Titan Snacks Model-191,Grocery & Pantry,Snacks,Titan,417.68,1017.13,1
1191,SKU-BEA-001191,Nova Haircare Model-192,Beauty & Care,Haircare,Nova,345.9,842.98,0
1192,SKU-SPO-001192,Echo Water Sports Model-193,Sports & Outdoors,Water Sports,Echo,378.61,820.38,1
1193,SKU-SPO-001193,Echo Water Sports Model-194,Sports & Outdoors,Water Sports,Echo,424.45,713.44,1
1194,SKU-BEA-001194,Nova Haircare Model-195,Beauty & Care,Haircare,Nova,211,263.93,1
1195,SKU-AUT-001195,Sol Tools & Equipment Model-196,Automotive,Tools & Equipment,Sol,14.25,27.57,1
1196,SKU-SPO-001196,Matrix Water Sports Model-197,Sports & Outdoors,Water Sports,Matrix,306.06,471.39,1
1197,SKU-APP-001197,Vortex Footwear Model-198,Apparel,Footwear,Vortex,182.68,348.38,1
1198,SKU-SPO-001198,Horizon Camping & Hiking Model-199,Sports & Outdoors,Camping & Hiking,Horizon,299.16,522.4,1
1199,SKU-TOY-001199,Zenith Action Figures Model-200,Toys & Games,Action Figures,Zenith,7.98,16.35,1
1200,SKU-APP-001200,Sol Sportswear Model-201,Apparel,Sportswear,Sol,134.84,168.82,1
1201,SKU-GRO-001201,Matrix Breakfast Model-202,Grocery & Pantry,Breakfast,Matrix,98.49,203.75,1
1202,SKU-SPO-001202,Horizon Fitness Gear Model-203,Sports & Outdoors,Fitness Gear,Horizon,432.55,564.27,1
1203,SKU-APP-001203,Matrix Footwear Model-204,Apparel,Footwear,Matrix,273.25,356.84,1
1204,SKU-ELE-001204,Zenith Laptops Model-205,Electronics,Laptops,Zenith,49.51,101.85,1
1205,SKU-GRO-001205,Echo Organic Foods Model-206,Grocery & Pantry,Organic Foods,Echo,201.36,468.83,1
1206,SKU-BEA-001206,Lumina Skincare Model-207,Beauty & Care,Skincare,Lumina,408.13,611.24,1
1207,SKU-AUT-001207,Sol Oils & Fluids Model-208,Automotive,Oils & Fluids,Sol,270.37,573.04,1
1208,SKU-SPO-001208,Prism Team Sports Model-209,Sports & Outdoors,Team Sports,Prism,105.47,180.83,1
1209,SKU-HOM-001209,Aura Storage Model-210,Home & Kitchen,Storage,Aura,362.48,789.96,1
1210,SKU-BEA-001210,Pulse Skincare Model-211,Beauty & Care,Skincare,Pulse,240.42,496.92,1
1211,SKU-TOY-001211,Prism Board Games Model-212,Toys & Games,Board Games,Prism,363.6,461.88,1
1212,SKU-BEA-001212,Apex Fragrances Model-213,Beauty & Care,Fragrances,Apex,359.5,724.41,1
1213,SKU-GRO-001213,Apex Snacks Model-214,Grocery & Pantry,Snacks,Apex,300.5,398.43,1
1214,SKU-GRO-001214,Aura Snacks Model-215,Grocery & Pantry,Snacks,Aura,12.2,22.03,1
1215,SKU-APP-001215,Zenith Sportswear Model-216,Apparel,Sportswear,Zenith,345.27,441.76,1
1216,SKU-HOM-001216,Aura Furniture Model-217,Home & Kitchen,Furniture,Aura,223.67,296.52,1
1217,SKU-APP-001217,Prism Women's Clothing Model-218,Apparel,Women's Clothing,Prism,435.01,904.51,1
1218,SKU-GRO-001218,Apex Breakfast Model-219,Grocery & Pantry,Breakfast,Apex,189.03,437.31,1
1219,SKU-TOY-001219,Matrix Board Games Model-220,Toys & Games,Board Games,Matrix,343.92,458.77,1
1220,SKU-HOM-001220,Echo Small Appliances Model-221,Home & Kitchen,Small Appliances,Echo,227.28,307.75,1
1221,SKU-SPO-001221,Lumina Fitness Gear Model-222,Sports & Outdoors,Fitness Gear,Lumina,342.16,627.54,1
1222,SKU-TOY-001222,Velocity Outdoor Toys Model-223,Toys & Games,Outdoor Toys,Velocity,59.76,81.25,1
1223,SKU-ELE-001223,Titan Audio & Headphones Model-224,Electronics,Audio & Headphones,Titan,34.51,68.9,1
1224,SKU-APP-001224,Prism Women's Clothing Model-225,Apparel,Women's Clothing,Prism,328.08,603.7,1
1225,SKU-TOY-001225,Pulse Board Games Model-226,Toys & Games,Board Games,Pulse,277.34,631.91,1
1226,SKU-GRO-001226,Apex Condiments Model-227,Grocery & Pantry,Condiments,Apex,320.03,673.23,1
1227,SKU-APP-001227,Horizon Women's Clothing Model-228,Apparel,Women's Clothing,Horizon,5.21,9.01,1
1228,SKU-AUT-001228,Echo Oils & Fluids Model-229,Automotive,Oils & Fluids,Echo,90.87,169.05,1
1229,SKU-BEA-001229,Zenith Cosmetics Model-230,Beauty & Care,Cosmetics,Zenith,165.48,404.38,1
1230,SKU-TOY-001230,Matrix Educational Toys Model-231,Toys & Games,Educational Toys,Matrix,326.49,519.59,1
1231,SKU-APP-001231,Summit Women's Clothing Model-232,Apparel,Women's Clothing,Summit,425.95,621.43,1
1232,SKU-SPO-001232,Matrix Water Sports Model-233,Sports & Outdoors,Water Sports,Matrix,230.85,336.48,1
1233,SKU-TOY-001233,Nova Puzzles Model-234,Toys & Games,Puzzles,Nova,391.21,738.44,1
1234,SKU-GRO-001234,Matrix Organic Foods Model-235,Grocery & Pantry,Organic Foods,Matrix,346.37,542.29,1
1235,SKU-AUT-001235,Horizon Car Care Model-236,Automotive,Car Care,Horizon,412.39,981.65,0
1236,SKU-AUT-001236,Summit Interior Accessories Model-237,Automotive,Interior Accessories,Summit,415.3,836.28,1
1237,SKU-APP-001237,Pulse Footwear Model-238,Apparel,Footwear,Pulse,91.1,138.44,1
1238,SKU-TOY-001238,Titan Educational Toys Model-239,Toys & Games,Educational Toys,Titan,33.71,69.53,1
1239,SKU-HOM-001239,Titan Bedding Model-240,Home & Kitchen,Bedding,Titan,386.28,873.26,1
1240,SKU-APP-001240,Pulse Footwear Model-241,Apparel,Footwear,Pulse,23.89,37.43,1
1241,SKU-BEA-001241,Apex Cosmetics Model-242,Beauty & Care,Cosmetics,Apex,214.1,387.8,1
1242,SKU-GRO-001242,Zenith Breakfast Model-243,Grocery & Pantry,Breakfast,Zenith,169.34,373.12,1
1243,SKU-HOM-001243,Nova Bedding Model-244,Home & Kitchen,Bedding,Nova,399.03,786.29,1
1244,SKU-AUT-001244,Zenith Car Care Model-245,Automotive,Car Care,Zenith,343.28,642.27,1
1245,SKU-BEA-001245,Summit Cosmetics Model-246,Beauty & Care,Cosmetics,Summit,183.43,334.81,1
1246,SKU-HOM-001246,Matrix Small Appliances Model-247,Home & Kitchen,Small Appliances,Matrix,187.5,432,1
1247,SKU-HOM-001247,Pulse Small Appliances Model-248,Home & Kitchen,Small Appliances,Pulse,199.17,376.01,1
1248,SKU-TOY-001248,Nova Educational Toys Model-249,Toys & Games,Educational Toys,Nova,214.44,463.62,1
1249,SKU-APP-001249,Prism Outerwear Model-250,Apparel,Outerwear,Prism,66.66,163.97,1
1250,SKU-SPO-001250,Vortex Water Sports Model-251,Sports & Outdoors,Water Sports,Vortex,128.19,221.19,1
1251,SKU-AUT-001251,Pulse Interior Accessories Model-252,Automotive,Interior Accessories,Pulse,43.43,65.83,1
1252,SKU-GRO-001252,Prism Breakfast Model-253,Grocery & Pantry,Breakfast,Prism,433.76,710.22,1
1253,SKU-ELE-001253,Aura Audio & Headphones Model-254,Electronics,Audio & Headphones,Aura,255.31,465.19,1
1254,SKU-HOM-001254,Matrix Decor Model-255,Home & Kitchen,Decor,Matrix,82.08,182.32,1
1255,SKU-SPO-001255,Matrix Fitness Gear Model-256,Sports & Outdoors,Fitness Gear,Matrix,118.58,189.41,1
1256,SKU-APP-001256,Matrix Women's Clothing Model-257,Apparel,Women's Clothing,Matrix,355.58,561.15,1
1257,SKU-HOM-001257,Zenith Storage Model-258,Home & Kitchen,Storage,Zenith,33.23,51.35,1
1258,SKU-HOM-001258,Vortex Furniture Model-259,Home & Kitchen,Furniture,Vortex,73.53,110.07,0
1259,SKU-SPO-001259,Echo Fitness Gear Model-260,Sports & Outdoors,Fitness Gear,Echo,53.86,98.79,1
1260,SKU-TOY-001260,Matrix Board Games Model-261,Toys & Games,Board Games,Matrix,74.53,152.6,1
1261,SKU-BEA-001261,Matrix Fragrances Model-262,Beauty & Care,Fragrances,Matrix,262.21,375.54,1
1262,SKU-BEA-001262,Vortex Cosmetics Model-263,Beauty & Care,Cosmetics,Vortex,106.61,255.08,1
1263,SKU-APP-001263,Aura Women's Clothing Model-264,Apparel,Women's Clothing,Aura,78.64,184.68,1
1264,SKU-BEA-001264,Summit Personal Care Model-265,Beauty & Care,Personal Care,Summit,132.87,294.03,0
1265,SKU-BEA-001265,Apex Fragrances Model-266,Beauty & Care,Fragrances,Apex,422.98,626.56,1
1266,SKU-AUT-001266,Apex Car Care Model-267,Automotive,Car Care,Apex,128.85,197.6,1
1267,SKU-HOM-001267,Velocity Bedding Model-268,Home & Kitchen,Bedding,Velocity,232.79,513.22,1
1268,SKU-SPO-001268,Sol Camping & Hiking Model-269,Sports & Outdoors,Camping & Hiking,Sol,188.45,392.03,1
1269,SKU-HOM-001269,Matrix Furniture Model-270,Home & Kitchen,Furniture,Matrix,274.62,555.82,1
1270,SKU-BEA-001270,Matrix Haircare Model-271,Beauty & Care,Haircare,Matrix,374.04,838.94,1
1271,SKU-APP-001271,Nova Men's Clothing Model-272,Apparel,Men's Clothing,Nova,153.79,357.99,1
1272,SKU-BEA-001272,Zenith Haircare Model-273,Beauty & Care,Haircare,Zenith,305.65,553.41,0
1273,SKU-SPO-001273,Echo Cycling Model-274,Sports & Outdoors,Cycling,Echo,300.73,499.67,1
1274,SKU-ELE-001274,Nova Audio & Headphones Model-275,Electronics,Audio & Headphones,Nova,394.54,735.69,1
1275,SKU-HOM-001275,Pulse Decor Model-276,Home & Kitchen,Decor,Pulse,357.8,799.84,1
1276,SKU-GRO-001276,Summit Organic Foods Model-277,Grocery & Pantry,Organic Foods,Summit,109.04,153.09,1
1277,SKU-BEA-001277,Zenith Fragrances Model-278,Beauty & Care,Fragrances,Zenith,441.48,683.27,1
1278,SKU-TOY-001278,Matrix Puzzles Model-279,Toys & Games,Puzzles,Matrix,202.22,257.41,1
1279,SKU-ELE-001279,Aura Laptops Model-280,Electronics,Laptops,Aura,446.17,1066.41,1
1280,SKU-SPO-001280,Echo Cycling Model-281,Sports & Outdoors,Cycling,Echo,412.69,817.67,1
1281,SKU-GRO-001281,Zenith Organic Foods Model-282,Grocery & Pantry,Organic Foods,Zenith,377.28,660.34,1
1282,SKU-HOM-001282,Summit Cookware Model-283,Home & Kitchen,Cookware,Summit,117.78,223.59,1
1283,SKU-GRO-001283,Nova Organic Foods Model-284,Grocery & Pantry,Organic Foods,Nova,61.01,125.94,1
1284,SKU-SPO-001284,Apex Water Sports Model-285,Sports & Outdoors,Water Sports,Apex,267.19,473.58,1
1285,SKU-SPO-001285,Apex Fitness Gear Model-286,Sports & Outdoors,Fitness Gear,Apex,321.04,452.9,0
1286,SKU-AUT-001286,Lumina Car Care Model-287,Automotive,Car Care,Lumina,344.08,846.13,1
1287,SKU-TOY-001287,Summit Board Games Model-288,Toys & Games,Board Games,Summit,411.64,1012.91,1
1288,SKU-AUT-001288,Prism Oils & Fluids Model-289,Automotive,Oils & Fluids,Prism,444.51,1030.69,1
1289,SKU-HOM-001289,Lumina Bedding Model-290,Home & Kitchen,Bedding,Lumina,422.42,550.66,1
1290,SKU-BEA-001290,Titan Personal Care Model-291,Beauty & Care,Personal Care,Titan,16.87,33.92,1
1291,SKU-AUT-001291,Pulse Tools & Equipment Model-292,Automotive,Tools & Equipment,Pulse,202.71,449.35,1
1292,SKU-AUT-001292,Lumina Oils & Fluids Model-293,Automotive,Oils & Fluids,Lumina,332.41,430.85,1
1293,SKU-ELE-001293,Echo Smart Home Model-294,Electronics,Smart Home,Echo,157.85,216.29,1
1294,SKU-HOM-001294,Lumina Furniture Model-295,Home & Kitchen,Furniture,Lumina,159.86,396.38,1
1295,SKU-BEA-001295,Prism Haircare Model-296,Beauty & Care,Haircare,Prism,197.98,388.74,1
1296,SKU-GRO-001296,Prism Organic Foods Model-297,Grocery & Pantry,Organic Foods,Prism,391.93,606.43,1
1297,SKU-BEA-001297,Nova Skincare Model-298,Beauty & Care,Skincare,Nova,395.79,651.44,1
1298,SKU-TOY-001298,Lumina Action Figures Model-299,Toys & Games,Action Figures,Lumina,112.1,189.46,1
1299,SKU-HOM-001299,Titan Cookware Model-300,Home & Kitchen,Cookware,Titan,52.45,77.63,1
1300,SKU-SPO-001300,Titan Camping & Hiking Model-301,Sports & Outdoors,Camping & Hiking,Titan,124.87,185.04,1
1301,SKU-AUT-001301,Echo Tools & Equipment Model-302,Automotive,Tools & Equipment,Echo,57.17,136.95,1
1302,SKU-BEA-001302,Nova Personal Care Model-303,Beauty & Care,Personal Care,Nova,203.52,434.21,1
1303,SKU-SPO-001303,Aura Fitness Gear Model-304,Sports & Outdoors,Fitness Gear,Aura,435.42,804.37,1
1304,SKU-SPO-001304,Velocity Fitness Gear Model-305,Sports & Outdoors,Fitness Gear,Velocity,152.75,348.73,1
1305,SKU-BEA-001305,Pulse Personal Care Model-306,Beauty & Care,Personal Care,Pulse,326.65,672.35,1
1306,SKU-SPO-001306,Vortex Cycling Model-307,Sports & Outdoors,Cycling,Vortex,227.33,566.12,0
1307,SKU-GRO-001307,Echo Condiments Model-308,Grocery & Pantry,Condiments,Echo,163.02,269.5,1
1308,SKU-ELE-001308,Zenith Smart Home Model-309,Electronics,Smart Home,Zenith,182.51,354.01,1
1309,SKU-SPO-001309,Nova Water Sports Model-310,Sports & Outdoors,Water Sports,Nova,379.31,603.62,1
1310,SKU-ELE-001310,Aura Smartphones Model-311,Electronics,Smartphones,Aura,226.17,356.04,1
1311,SKU-APP-001311,Sol Accessories Model-312,Apparel,Accessories,Sol,365.84,610.3,1
1312,SKU-SPO-001312,Prism Fitness Gear Model-313,Sports & Outdoors,Fitness Gear,Prism,279.42,661.84,1
1313,SKU-AUT-001313,Echo Car Care Model-314,Automotive,Car Care,Echo,122.69,294.64,1
1314,SKU-APP-001314,Echo Men's Clothing Model-315,Apparel,Men's Clothing,Echo,270.12,377.33,1
1315,SKU-APP-001315,Lumina Outerwear Model-316,Apparel,Outerwear,Lumina,328.4,499.88,1
1316,SKU-AUT-001316,Sol Tools & Equipment Model-317,Automotive,Tools & Equipment,Sol,344.18,731.65,1
1317,SKU-AUT-001317,Echo Oils & Fluids Model-318,Automotive,Oils & Fluids,Echo,415.47,596.88,0
1318,SKU-SPO-001318,Prism Fitness Gear Model-319,Sports & Outdoors,Fitness Gear,Prism,118.48,217.6,1
1319,SKU-SPO-001319,Velocity Water Sports Model-320,Sports & Outdoors,Water Sports,Velocity,107.26,224.71,1
1320,SKU-APP-001320,Pulse Footwear Model-321,Apparel,Footwear,Pulse,171.79,298.3,1
1321,SKU-TOY-001321,Prism Puzzles Model-322,Toys & Games,Puzzles,Prism,267.6,438.37,1
1322,SKU-BEA-001322,Titan Personal Care Model-323,Beauty & Care,Personal Care,Titan,444.37,561.15,1
1323,SKU-TOY-001323,Horizon Educational Toys Model-324,Toys & Games,Educational Toys,Horizon,175.32,319.84,1
1324,SKU-APP-001324,Lumina Women's Clothing Model-325,Apparel,Women's Clothing,Lumina,291.61,438.37,1
1325,SKU-TOY-001325,Pulse Puzzles Model-326,Toys & Games,Puzzles,Pulse,375.07,654.66,1
1326,SKU-GRO-001326,Nova Breakfast Model-327,Grocery & Pantry,Breakfast,Nova,115.12,152.82,1
1327,SKU-TOY-001327,Vortex Board Games Model-328,Toys & Games,Board Games,Vortex,440.03,746.11,1
1328,SKU-TOY-001328,Lumina Outdoor Toys Model-329,Toys & Games,Outdoor Toys,Lumina,400.85,943.36,1
1329,SKU-BEA-001329,Matrix Fragrances Model-330,Beauty & Care,Fragrances,Matrix,353.69,562.86,1
1330,SKU-BEA-001330,Velocity Haircare Model-331,Beauty & Care,Haircare,Velocity,62.15,152.53,1
1331,SKU-SPO-001331,Pulse Water Sports Model-332,Sports & Outdoors,Water Sports,Pulse,156.19,306.86,1
1332,SKU-HOM-001332,Velocity Storage Model-333,Home & Kitchen,Storage,Velocity,14.3,19.83,1
1333,SKU-AUT-001333,Zenith Interior Accessories Model-334,Automotive,Interior Accessories,Zenith,112.43,252.75,1
1334,SKU-ELE-001334,Nova Wearables Model-335,Electronics,Wearables,Nova,398.01,856.06,1
1335,SKU-AUT-001335,Sol Car Care Model-336,Automotive,Car Care,Sol,42.75,88.47,1
1336,SKU-TOY-001336,Nova Educational Toys Model-337,Toys & Games,Educational Toys,Nova,328.04,605.67,1
1337,SKU-HOM-001337,Apex Decor Model-338,Home & Kitchen,Decor,Apex,350.97,669.55,1
1338,SKU-ELE-001338,Pulse Accessories Model-339,Electronics,Accessories,Pulse,158.79,212.69,1
1339,SKU-SPO-001339,Prism Fitness Gear Model-340,Sports & Outdoors,Fitness Gear,Prism,361.75,470,1
1340,SKU-TOY-001340,Zenith Outdoor Toys Model-341,Toys & Games,Outdoor Toys,Zenith,282.29,373.33,1
1341,SKU-TOY-001341,Echo Outdoor Toys Model-342,Toys & Games,Outdoor Toys,Echo,336.97,486.65,1
1342,SKU-ELE-001342,Horizon Audio & Headphones Model-343,Electronics,Audio & Headphones,Horizon,139.95,242.1,1
1343,SKU-GRO-001343,Nova Breakfast Model-344,Grocery & Pantry,Breakfast,Nova,26.75,62.24,1
1344,SKU-ELE-001344,Pulse Audio & Headphones Model-345,Electronics,Audio & Headphones,Pulse,90.11,178.76,1
1345,SKU-ELE-001345,Pulse Accessories Model-346,Electronics,Accessories,Pulse,173.5,255.38,1
1346,SKU-AUT-001346,Nova Car Care Model-347,Automotive,Car Care,Nova,97.48,130.96,1
1347,SKU-AUT-001347,Summit Car Care Model-348,Automotive,Car Care,Summit,279.23,694.86,1
1348,SKU-TOY-001348,Matrix Outdoor Toys Model-349,Toys & Games,Outdoor Toys,Matrix,303.81,425.69,1
1349,SKU-SPO-001349,Prism Camping & Hiking Model-350,Sports & Outdoors,Camping & Hiking,Prism,329.77,498.5,1
1350,SKU-ELE-001350,Pulse Wearables Model-351,Electronics,Wearables,Pulse,199.02,495.67,1
1351,SKU-BEA-001351,Titan Haircare Model-352,Beauty & Care,Haircare,Titan,401.95,594.74,1
1352,SKU-BEA-001352,Velocity Skincare Model-353,Beauty & Care,Skincare,Velocity,355.07,648.43,1
1353,SKU-GRO-001353,Nova Beverages Model-354,Grocery & Pantry,Beverages,Nova,28.25,37.33,1
1354,SKU-TOY-001354,Horizon Action Figures Model-355,Toys & Games,Action Figures,Horizon,90.26,126.08,1
1355,SKU-TOY-001355,Zenith Puzzles Model-356,Toys & Games,Puzzles,Zenith,225.83,527.31,1
1356,SKU-AUT-001356,Zenith Interior Accessories Model-357,Automotive,Interior Accessories,Zenith,22.35,47.98,1
1357,SKU-AUT-001357,Aura Oils & Fluids Model-358,Automotive,Oils & Fluids,Aura,281.5,403.7,1
1358,SKU-ELE-001358,Titan Accessories Model-359,Electronics,Accessories,Titan,261.59,585.72,1
1359,SKU-BEA-001359,Sol Fragrances Model-360,Beauty & Care,Fragrances,Sol,218.19,413.88,1
1360,SKU-GRO-001360,Matrix Breakfast Model-361,Grocery & Pantry,Breakfast,Matrix,142.97,328.58,1
1361,SKU-AUT-001361,Velocity Interior Accessories Model-362,Automotive,Interior Accessories,Velocity,180.24,279.1,1
1362,SKU-GRO-001362,Sol Beverages Model-363,Grocery & Pantry,Beverages,Sol,174.42,276.12,0
1363,SKU-TOY-001363,Lumina Action Figures Model-364,Toys & Games,Action Figures,Lumina,114.85,260.83,1
1364,SKU-AUT-001364,Velocity Tools & Equipment Model-365,Automotive,Tools & Equipment,Velocity,154.68,235.27,1
1365,SKU-BEA-001365,Aura Fragrances Model-366,Beauty & Care,Fragrances,Aura,131.97,195.28,1
1366,SKU-ELE-001366,Titan Wearables Model-367,Electronics,Wearables,Titan,36.12,73.12,1
1367,SKU-TOY-001367,Horizon Outdoor Toys Model-368,Toys & Games,Outdoor Toys,Horizon,362.51,692.84,1
1368,SKU-BEA-001368,Matrix Skincare Model-369,Beauty & Care,Skincare,Matrix,239.67,543.17,1
1369,SKU-TOY-001369,Pulse Puzzles Model-370,Toys & Games,Puzzles,Pulse,79.06,142.71,1
1370,SKU-SPO-001370,Titan Cycling Model-371,Sports & Outdoors,Cycling,Titan,118.18,217.95,1
1371,SKU-SPO-001371,Titan Camping & Hiking Model-372,Sports & Outdoors,Camping & Hiking,Titan,289.91,439.66,1
1372,SKU-TOY-001372,Nova Action Figures Model-373,Toys & Games,Action Figures,Nova,247.72,328.65,1
1373,SKU-TOY-001373,Zenith Educational Toys Model-374,Toys & Games,Educational Toys,Zenith,366.12,491.92,1
1374,SKU-ELE-001374,Lumina Smart Home Model-375,Electronics,Smart Home,Lumina,145.7,203.11,1
1375,SKU-HOM-001375,Vortex Storage Model-376,Home & Kitchen,Storage,Vortex,270.26,437.67,1
1376,SKU-TOY-001376,Sol Outdoor Toys Model-377,Toys & Games,Outdoor Toys,Sol,9.84,24.43,1
1377,SKU-SPO-001377,Zenith Water Sports Model-378,Sports & Outdoors,Water Sports,Zenith,106.28,243.64,1
1378,SKU-APP-001378,Prism Women's Clothing Model-379,Apparel,Women's Clothing,Prism,132.36,264.11,1
1379,SKU-ELE-001379,Echo Smartphones Model-380,Electronics,Smartphones,Echo,318.7,423.02,1
1380,SKU-HOM-001380,Horizon Cookware Model-381,Home & Kitchen,Cookware,Horizon,260.74,647.69,1
1381,SKU-APP-001381,Echo Outerwear Model-382,Apparel,Outerwear,Echo,154.48,311.35,1
1382,SKU-ELE-001382,Vortex Accessories Model-383,Electronics,Accessories,Vortex,319.46,780.53,1
1383,SKU-BEA-001383,Zenith Fragrances Model-384,Beauty & Care,Fragrances,Zenith,363.67,610.42,1
1384,SKU-SPO-001384,Apex Camping & Hiking Model-385,Sports & Outdoors,Camping & Hiking,Apex,203.1,450.33,1
1385,SKU-AUT-001385,Vortex Car Care Model-386,Automotive,Car Care,Vortex,400.14,927.59,1
1386,SKU-HOM-001386,Sol Storage Model-387,Home & Kitchen,Storage,Sol,101.3,229.41,1
1387,SKU-SPO-001387,Prism Fitness Gear Model-388,Sports & Outdoors,Fitness Gear,Prism,382.09,738.38,1
1388,SKU-APP-001388,Vortex Men's Clothing Model-389,Apparel,Men's Clothing,Vortex,283.83,693.21,1
1389,SKU-BEA-001389,Echo Cosmetics Model-390,Beauty & Care,Cosmetics,Echo,148.87,348.82,1
1390,SKU-AUT-001390,Velocity Oils & Fluids Model-391,Automotive,Oils & Fluids,Velocity,54.83,69.52,1
1391,SKU-GRO-001391,Pulse Beverages Model-392,Grocery & Pantry,Beverages,Pulse,176.96,235.33,1
1392,SKU-GRO-001392,Summit Beverages Model-393,Grocery & Pantry,Beverages,Summit,193.7,390.08,1
1393,SKU-HOM-001393,Pulse Cookware Model-394,Home & Kitchen,Cookware,Pulse,440.14,868.11,1
1394,SKU-AUT-001394,Titan Oils & Fluids Model-395,Automotive,Oils & Fluids,Titan,175.4,285.58,1
1395,SKU-AUT-001395,Pulse Car Care Model-396,Automotive,Car Care,Pulse,115.34,284.01,1
1396,SKU-SPO-001396,Matrix Cycling Model-397,Sports & Outdoors,Cycling,Matrix,181.65,320.38,1
1397,SKU-TOY-001397,Aura Board Games Model-398,Toys & Games,Board Games,Aura,183.8,356.78,1
1398,SKU-APP-001398,Apex Sportswear Model-399,Apparel,Sportswear,Apex,298.84,526.33,1
1399,SKU-ELE-001399,Prism Smart Home Model-400,Electronics,Smart Home,Prism,86.65,194.22,1
1400,SKU-APP-001400,Prism Sportswear Model-401,Apparel,Sportswear,Prism,169.3,217.58,1
1401,SKU-AUT-001401,Matrix Interior Accessories Model-402,Automotive,Interior Accessories,Matrix,434.58,755.57,1
1402,SKU-AUT-001402,Echo Interior Accessories Model-403,Automotive,Interior Accessories,Echo,259.83,470.84,1
1403,SKU-ELE-001403,Sol Audio & Headphones Model-404,Electronics,Audio & Headphones,Sol,411.57,701.57,1
1404,SKU-AUT-001404,Summit Tools & Equipment Model-405,Automotive,Tools & Equipment,Summit,407.53,963.96,1
1405,SKU-GRO-001405,Sol Breakfast Model-406,Grocery & Pantry,Breakfast,Sol,316.52,522.28,1
1406,SKU-AUT-001406,Pulse Car Care Model-407,Automotive,Car Care,Pulse,287.24,477.82,1
1407,SKU-SPO-001407,Pulse Water Sports Model-408,Sports & Outdoors,Water Sports,Pulse,389.62,934.7,1
1408,SKU-SPO-001408,Nova Fitness Gear Model-409,Sports & Outdoors,Fitness Gear,Nova,234.53,476.18,1
1409,SKU-AUT-001409,Sol Tools & Equipment Model-410,Automotive,Tools & Equipment,Sol,434.02,957.15,1
1410,SKU-TOY-001410,Summit Board Games Model-411,Toys & Games,Board Games,Summit,380.44,495.58,1
1411,SKU-SPO-001411,Titan Team Sports Model-412,Sports & Outdoors,Team Sports,Titan,384.37,580.94,1
1412,SKU-SPO-001412,Summit Fitness Gear Model-413,Sports & Outdoors,Fitness Gear,Summit,106.94,229.41,1
1413,SKU-SPO-001413,Titan Cycling Model-414,Sports & Outdoors,Cycling,Titan,181.6,293.08,0
1414,SKU-TOY-001414,Aura Board Games Model-415,Toys & Games,Board Games,Aura,61.61,93.69,1
1415,SKU-SPO-001415,Apex Fitness Gear Model-416,Sports & Outdoors,Fitness Gear,Apex,41.73,61.02,1
1416,SKU-SPO-001416,Nova Cycling Model-417,Sports & Outdoors,Cycling,Nova,269.09,590.62,1
1417,SKU-BEA-001417,Echo Cosmetics Model-418,Beauty & Care,Cosmetics,Echo,445.77,726.94,1
1418,SKU-GRO-001418,Apex Breakfast Model-419,Grocery & Pantry,Breakfast,Apex,33.14,68.5,1
1419,SKU-APP-001419,Zenith Footwear Model-420,Apparel,Footwear,Zenith,176.3,349.71,1
1420,SKU-BEA-001420,Sol Skincare Model-421,Beauty & Care,Skincare,Sol,158,363.51,0
1421,SKU-BEA-001421,Titan Personal Care Model-422,Beauty & Care,Personal Care,Titan,201.8,265.59,1
1422,SKU-APP-001422,Apex Footwear Model-423,Apparel,Footwear,Apex,355.39,723.16,1
1423,SKU-SPO-001423,Lumina Team Sports Model-424,Sports & Outdoors,Team Sports,Lumina,150.99,360.01,1
1424,SKU-TOY-001424,Zenith Outdoor Toys Model-425,Toys & Games,Outdoor Toys,Zenith,115.75,278.96,1
1425,SKU-APP-001425,Matrix Accessories Model-426,Apparel,Accessories,Matrix,353.96,722.25,1
1426,SKU-HOM-001426,Prism Furniture Model-427,Home & Kitchen,Furniture,Prism,257.26,337.32,1
1427,SKU-GRO-001427,Sol Organic Foods Model-428,Grocery & Pantry,Organic Foods,Sol,255.71,471.95,1
1428,SKU-SPO-001428,Aura Camping & Hiking Model-429,Sports & Outdoors,Camping & Hiking,Aura,341.59,761.17,1
1429,SKU-GRO-001429,Summit Breakfast Model-430,Grocery & Pantry,Breakfast,Summit,280.27,412.27,1
1430,SKU-TOY-001430,Velocity Educational Toys Model-431,Toys & Games,Educational Toys,Velocity,358.35,478.54,1
1431,SKU-TOY-001431,Pulse Board Games Model-432,Toys & Games,Board Games,Pulse,30.45,41.16,1
1432,SKU-TOY-001432,Nova Board Games Model-433,Toys & Games,Board Games,Nova,328.37,462.98,1
1433,SKU-SPO-001433,Nova Fitness Gear Model-434,Sports & Outdoors,Fitness Gear,Nova,210.45,506.63,1
1434,SKU-APP-001434,Lumina Accessories Model-435,Apparel,Accessories,Lumina,140.78,334.91,1
1435,SKU-GRO-001435,Horizon Canned Goods Model-436,Grocery & Pantry,Canned Goods,Horizon,317.6,597.85,1
1436,SKU-APP-001436,Nova Sportswear Model-437,Apparel,Sportswear,Nova,72.86,122.02,1
1437,SKU-BEA-001437,Matrix Personal Care Model-438,Beauty & Care,Personal Care,Matrix,105.72,196.34,1
1438,SKU-BEA-001438,Prism Cosmetics Model-439,Beauty & Care,Cosmetics,Prism,132.85,285.44,1
1439,SKU-AUT-001439,Apex Car Care Model-440,Automotive,Car Care,Apex,293,511.91,0
1440,SKU-AUT-001440,Sol Tools & Equipment Model-441,Automotive,Tools & Equipment,Sol,286.82,362.56,1
1441,SKU-TOY-001441,Sol Puzzles Model-442,Toys & Games,Puzzles,Sol,411.26,703.25,1
1442,SKU-HOM-001442,Pulse Furniture Model-443,Home & Kitchen,Furniture,Pulse,49.02,74.64,1
1443,SKU-GRO-001443,Velocity Beverages Model-444,Grocery & Pantry,Beverages,Velocity,135.74,204.92,0
1444,SKU-AUT-001444,Matrix Interior Accessories Model-445,Automotive,Interior Accessories,Matrix,17.25,24.47,1
1445,SKU-TOY-001445,Matrix Board Games Model-446,Toys & Games,Board Games,Matrix,317.16,686.61,1
1446,SKU-HOM-001446,Nova Storage Model-447,Home & Kitchen,Storage,Nova,249.83,564.24,1
1447,SKU-AUT-001447,Aura Tools & Equipment Model-448,Automotive,Tools & Equipment,Aura,8.4,16.07,1
1448,SKU-AUT-001448,Nova Oils & Fluids Model-449,Automotive,Oils & Fluids,Nova,274.27,475.18,1
1449,SKU-BEA-001449,Matrix Skincare Model-450,Beauty & Care,Skincare,Matrix,275.22,675.36,1
1450,SKU-ELE-001450,Titan Laptops Model-451,Electronics,Laptops,Titan,7.47,9.91,0
1451,SKU-APP-001451,Aura Sportswear Model-452,Apparel,Sportswear,Aura,234.52,533.87,1
1452,SKU-SPO-001452,Horizon Team Sports Model-453,Sports & Outdoors,Team Sports,Horizon,74.86,118.87,1
1453,SKU-BEA-001453,Summit Cosmetics Model-454,Beauty & Care,Cosmetics,Summit,267.17,416.31,1
1454,SKU-APP-001454,Titan Outerwear Model-455,Apparel,Outerwear,Titan,396.14,599.94,1
1455,SKU-HOM-001455,Velocity Storage Model-456,Home & Kitchen,Storage,Velocity,48.77,111.75,1
1456,SKU-ELE-001456,Aura Wearables Model-457,Electronics,Wearables,Aura,23.75,55.9,0
1457,SKU-ELE-001457,Nova Laptops Model-458,Electronics,Laptops,Nova,67.59,137.2,1
1458,SKU-GRO-001458,Horizon Condiments Model-459,Grocery & Pantry,Condiments,Horizon,191.57,409.86,1
1459,SKU-GRO-001459,Echo Breakfast Model-460,Grocery & Pantry,Breakfast,Echo,312.79,466.85,1
1460,SKU-SPO-001460,Titan Water Sports Model-461,Sports & Outdoors,Water Sports,Titan,216.95,498.24,1
1461,SKU-APP-001461,Sol Men's Clothing Model-462,Apparel,Men's Clothing,Sol,344.6,776.01,1
1462,SKU-GRO-001462,Echo Beverages Model-463,Grocery & Pantry,Beverages,Echo,437.48,1045.22,1
1463,SKU-ELE-001463,Horizon Accessories Model-464,Electronics,Accessories,Horizon,123.55,233.93,1
1464,SKU-BEA-001464,Vortex Personal Care Model-465,Beauty & Care,Personal Care,Vortex,152.5,275.92,1
1465,SKU-ELE-001465,Sol Smart Home Model-466,Electronics,Smart Home,Sol,156.64,313.52,1
1466,SKU-GRO-001466,Summit Organic Foods Model-467,Grocery & Pantry,Organic Foods,Summit,93.56,201.1,1
1467,SKU-AUT-001467,Lumina Tools & Equipment Model-468,Automotive,Tools & Equipment,Lumina,351.69,565.83,1
1468,SKU-HOM-001468,Lumina Bedding Model-469,Home & Kitchen,Bedding,Lumina,81.29,198.53,1
1469,SKU-SPO-001469,Nova Water Sports Model-470,Sports & Outdoors,Water Sports,Nova,178.5,376.34,1
1470,SKU-HOM-001470,Nova Cookware Model-471,Home & Kitchen,Cookware,Nova,54.68,74.84,1
1471,SKU-AUT-001471,Echo Oils & Fluids Model-472,Automotive,Oils & Fluids,Echo,179.44,445.58,1
1472,SKU-GRO-001472,Lumina Canned Goods Model-473,Grocery & Pantry,Canned Goods,Lumina,324.56,559.92,1
1473,SKU-HOM-001473,Echo Cookware Model-474,Home & Kitchen,Cookware,Echo,366.53,689.1,1
1474,SKU-APP-001474,Titan Outerwear Model-475,Apparel,Outerwear,Titan,343.08,526.16,0
1475,SKU-HOM-001475,Apex Small Appliances Model-476,Home & Kitchen,Small Appliances,Apex,52.35,77.57,1
1476,SKU-BEA-001476,Pulse Personal Care Model-477,Beauty & Care,Personal Care,Pulse,294.89,521.07,1
1477,SKU-HOM-001477,Summit Cookware Model-478,Home & Kitchen,Cookware,Summit,245.66,511.97,1
1478,SKU-GRO-001478,Prism Beverages Model-479,Grocery & Pantry,Beverages,Prism,446.19,707.1,1
1479,SKU-BEA-001479,Apex Skincare Model-480,Beauty & Care,Skincare,Apex,110.86,244.15,1
1480,SKU-HOM-001480,Echo Decor Model-481,Home & Kitchen,Decor,Echo,399.32,804.69,1
1481,SKU-GRO-001481,Nova Canned Goods Model-482,Grocery & Pantry,Canned Goods,Nova,119.17,241.28,1
1482,SKU-SPO-001482,Zenith Cycling Model-483,Sports & Outdoors,Cycling,Zenith,63.94,123.95,1
1483,SKU-GRO-001483,Nova Organic Foods Model-484,Grocery & Pantry,Organic Foods,Nova,424.78,571.02,1
1484,SKU-HOM-001484,Sol Small Appliances Model-485,Home & Kitchen,Small Appliances,Sol,386.67,768.12,1
1485,SKU-HOM-001485,Zenith Storage Model-486,Home & Kitchen,Storage,Zenith,223.35,400.09,1
1486,SKU-HOM-001486,Prism Bedding Model-487,Home & Kitchen,Bedding,Prism,204.59,408.5,1
1487,SKU-TOY-001487,Matrix Outdoor Toys Model-488,Toys & Games,Outdoor Toys,Matrix,319.07,712.5,1
1488,SKU-BEA-001488,Titan Skincare Model-489,Beauty & Care,Skincare,Titan,78.75,137.34,1
1489,SKU-TOY-001489,Sol Board Games Model-490,Toys & Games,Board Games,Sol,402.82,550.92,1
1490,SKU-TOY-001490,Velocity Board Games Model-491,Toys & Games,Board Games,Velocity,391.97,766.25,1
1491,SKU-AUT-001491,Prism Interior Accessories Model-492,Automotive,Interior Accessories,Prism,259.1,335.24,1
1492,SKU-AUT-001492,Aura Oils & Fluids Model-493,Automotive,Oils & Fluids,Aura,84.65,131.61,1
1493,SKU-BEA-001493,Zenith Fragrances Model-494,Beauty & Care,Fragrances,Zenith,407.59,624.7,1
1494,SKU-ELE-001494,Nova Smartphones Model-495,Electronics,Smartphones,Nova,246.17,432.33,1
1495,SKU-ELE-001495,Vortex Smartphones Model-496,Electronics,Smartphones,Vortex,30.99,50.72,1
1496,SKU-HOM-001496,Pulse Furniture Model-497,Home & Kitchen,Furniture,Pulse,174.63,266.18,1
1497,SKU-BEA-001497,Nova Skincare Model-498,Beauty & Care,Skincare,Nova,318.12,576.81,1
1498,SKU-APP-001498,Pulse Outerwear Model-499,Apparel,Outerwear,Pulse,55.89,77.55,1
1499,SKU-GRO-001499,Pulse Canned Goods Model-500,Grocery & Pantry,Canned Goods,Pulse,264.63,499.65,1
1500,SKU-TOY-001500,Prism Puzzles Model-501,Toys & Games,Puzzles,Prism,292.22,656.52,1
1501,SKU-APP-001501,Echo Footwear Model-502,Apparel,Footwear,Echo,244.28,334.35,1
1502,SKU-AUT-001502,Summit Oils & Fluids Model-503,Automotive,Oils & Fluids,Summit,316.62,698.69,1
1503,SKU-HOM-001503,Apex Storage Model-504,Home & Kitchen,Storage,Apex,428.68,764.53,1
1504,SKU-BEA-001504,Echo Skincare Model-505,Beauty & Care,Skincare,Echo,444.66,656.87,1
1505,SKU-BEA-001505,Zenith Personal Care Model-506,Beauty & Care,Personal Care,Zenith,298.1,479.96,0
1506,SKU-AUT-001506,Lumina Interior Accessories Model-507,Automotive,Interior Accessories,Lumina,437.22,627.9,1
1507,SKU-BEA-001507,Sol Cosmetics Model-508,Beauty & Care,Cosmetics,Sol,185.86,439.37,1
1508,SKU-HOM-001508,Sol Storage Model-509,Home & Kitchen,Storage,Sol,224.68,451.23,1
1509,SKU-TOY-001509,Sol Action Figures Model-510,Toys & Games,Action Figures,Sol,131.19,233.14,1
1510,SKU-TOY-001510,Lumina Puzzles Model-511,Toys & Games,Puzzles,Lumina,116.11,179.78,1
1511,SKU-ELE-001511,Aura Audio & Headphones Model-512,Electronics,Audio & Headphones,Aura,400.11,929.73,1
1512,SKU-APP-001512,Sol Accessories Model-513,Apparel,Accessories,Sol,404.04,667.4,1
1513,SKU-TOY-001513,Pulse Action Figures Model-514,Toys & Games,Action Figures,Pulse,212.4,493.19,1
1514,SKU-GRO-001514,Pulse Organic Foods Model-515,Grocery & Pantry,Organic Foods,Pulse,310.79,735.91,1
1515,SKU-AUT-001515,Pulse Car Care Model-516,Automotive,Car Care,Pulse,239.3,470.46,1
1516,SKU-ELE-001516,Aura Smart Home Model-517,Electronics,Smart Home,Aura,347.51,641.25,1
1517,SKU-TOY-001517,Vortex Action Figures Model-518,Toys & Games,Action Figures,Vortex,157.41,265.56,1
1518,SKU-APP-001518,Prism Footwear Model-519,Apparel,Footwear,Prism,116.79,162.26,1
1519,SKU-AUT-001519,Horizon Car Care Model-520,Automotive,Car Care,Horizon,383.36,534.32,1
1520,SKU-HOM-001520,Summit Decor Model-521,Home & Kitchen,Decor,Summit,329.63,688.47,1
1521,SKU-SPO-001521,Lumina Fitness Gear Model-522,Sports & Outdoors,Fitness Gear,Lumina,64.43,87.32,1
1522,SKU-HOM-001522,Apex Small Appliances Model-523,Home & Kitchen,Small Appliances,Apex,295.7,431.75,1
1523,SKU-TOY-001523,Pulse Puzzles Model-524,Toys & Games,Puzzles,Pulse,242.35,448.45,1
1524,SKU-AUT-001524,Nova Tools & Equipment Model-525,Automotive,Tools & Equipment,Nova,285.12,455.83,1
1525,SKU-ELE-001525,Horizon Wearables Model-526,Electronics,Wearables,Horizon,53.44,91.25,1
1526,SKU-ELE-001526,Lumina Smart Home Model-527,Electronics,Smart Home,Lumina,361.76,700.91,1
1527,SKU-ELE-001527,Velocity Audio & Headphones Model-528,Electronics,Audio & Headphones,Velocity,332.55,677.8,1
1528,SKU-APP-001528,Prism Women's Clothing Model-529,Apparel,Women's Clothing,Prism,185.95,236.25,1
1529,SKU-AUT-001529,Velocity Car Care Model-530,Automotive,Car Care,Velocity,219.34,488.07,1
1530,SKU-ELE-001530,Prism Laptops Model-531,Electronics,Laptops,Prism,270.54,664.56,1
1531,SKU-TOY-001531,Echo Educational Toys Model-532,Toys & Games,Educational Toys,Echo,146.03,228.95,1
1532,SKU-BEA-001532,Prism Haircare Model-533,Beauty & Care,Haircare,Prism,423.08,648.93,1
1533,SKU-TOY-001533,Vortex Educational Toys Model-534,Toys & Games,Educational Toys,Vortex,108.36,248.13,1
1534,SKU-BEA-001534,Titan Personal Care Model-535,Beauty & Care,Personal Care,Titan,94.24,183.5,1
1535,SKU-SPO-001535,Matrix Cycling Model-536,Sports & Outdoors,Cycling,Matrix,142.66,193.47,1
1536,SKU-HOM-001536,Vortex Furniture Model-537,Home & Kitchen,Furniture,Vortex,364.14,469.15,1
1537,SKU-BEA-001537,Apex Cosmetics Model-538,Beauty & Care,Cosmetics,Apex,250.5,564.34,1
1538,SKU-ELE-001538,Prism Laptops Model-539,Electronics,Laptops,Prism,321.25,701.51,1
1539,SKU-HOM-001539,Velocity Small Appliances Model-540,Home & Kitchen,Small Appliances,Velocity,361.65,644.56,1
1540,SKU-ELE-001540,Titan Smartphones Model-541,Electronics,Smartphones,Titan,240.75,592.89,1
1541,SKU-APP-001541,Pulse Accessories Model-542,Apparel,Accessories,Pulse,300.24,532,1
1542,SKU-APP-001542,Nova Accessories Model-543,Apparel,Accessories,Nova,159.67,312.39,1
1543,SKU-GRO-001543,Velocity Breakfast Model-544,Grocery & Pantry,Breakfast,Velocity,41.25,85.5,1
1544,SKU-AUT-001544,Nova Interior Accessories Model-545,Automotive,Interior Accessories,Nova,235.66,358.4,1
1545,SKU-BEA-001545,Apex Skincare Model-546,Beauty & Care,Skincare,Apex,143.34,251.27,1
1546,SKU-APP-001546,Matrix Men's Clothing Model-547,Apparel,Men's Clothing,Matrix,119.04,242.23,1
1547,SKU-AUT-001547,Summit Tools & Equipment Model-548,Automotive,Tools & Equipment,Summit,203.76,263.63,1
1548,SKU-TOY-001548,Apex Educational Toys Model-549,Toys & Games,Educational Toys,Apex,212.25,387.23,1
1549,SKU-TOY-001549,Aura Board Games Model-550,Toys & Games,Board Games,Aura,39.35,64.79,1
1550,SKU-TOY-001550,Aura Outdoor Toys Model-551,Toys & Games,Outdoor Toys,Aura,87.51,170.75,1
1551,SKU-ELE-001551,Titan Smart Home Model-552,Electronics,Smart Home,Titan,187.34,254.18,0
1552,SKU-HOM-001552,Horizon Bedding Model-553,Home & Kitchen,Bedding,Horizon,449.77,692.95,1
1553,SKU-BEA-001553,Prism Haircare Model-554,Beauty & Care,Haircare,Prism,369.59,893.03,1
1554,SKU-BEA-001554,Aura Fragrances Model-555,Beauty & Care,Fragrances,Aura,404.76,977.86,0
1555,SKU-GRO-001555,Nova Snacks Model-556,Grocery & Pantry,Snacks,Nova,439.72,845.23,1
1556,SKU-HOM-001556,Titan Bedding Model-557,Home & Kitchen,Bedding,Titan,80.05,158.65,1
1557,SKU-HOM-001557,Lumina Cookware Model-558,Home & Kitchen,Cookware,Lumina,186.47,439.32,1
1558,SKU-AUT-001558,Pulse Tools & Equipment Model-559,Automotive,Tools & Equipment,Pulse,182.45,246.48,1
1559,SKU-SPO-001559,Velocity Camping & Hiking Model-560,Sports & Outdoors,Camping & Hiking,Velocity,130.78,189.05,1
1560,SKU-AUT-001560,Prism Car Care Model-561,Automotive,Car Care,Prism,442.33,1064.97,1
1561,SKU-SPO-001561,Horizon Team Sports Model-562,Sports & Outdoors,Team Sports,Horizon,229.83,573.34,1
1562,SKU-HOM-001562,Sol Bedding Model-563,Home & Kitchen,Bedding,Sol,25.47,53.43,1
1563,SKU-ELE-001563,Echo Laptops Model-564,Electronics,Laptops,Echo,207.88,461.39,1
1564,SKU-BEA-001564,Prism Cosmetics Model-565,Beauty & Care,Cosmetics,Prism,240.68,333.49,1
1565,SKU-GRO-001565,Prism Condiments Model-566,Grocery & Pantry,Condiments,Prism,43.99,95.12,1
1566,SKU-HOM-001566,Titan Furniture Model-567,Home & Kitchen,Furniture,Titan,243.75,501.37,1
1567,SKU-GRO-001567,Titan Canned Goods Model-568,Grocery & Pantry,Canned Goods,Titan,393.29,706.1,1
1568,SKU-HOM-001568,Titan Furniture Model-569,Home & Kitchen,Furniture,Titan,415.58,632.46,1
1569,SKU-TOY-001569,Vortex Educational Toys Model-570,Toys & Games,Educational Toys,Vortex,428.9,895.64,1
1570,SKU-APP-001570,Prism Footwear Model-571,Apparel,Footwear,Prism,415.47,539.21,1
1571,SKU-AUT-001571,Summit Tools & Equipment Model-572,Automotive,Tools & Equipment,Summit,344.74,648.73,1
1572,SKU-GRO-001572,Summit Beverages Model-573,Grocery & Pantry,Beverages,Summit,319.17,734.96,1
1573,SKU-BEA-001573,Nova Skincare Model-574,Beauty & Care,Skincare,Nova,389.19,876.84,1
1574,SKU-ELE-001574,Prism Audio & Headphones Model-575,Electronics,Audio & Headphones,Prism,284.7,590.1,1
1575,SKU-ELE-001575,Vortex Audio & Headphones Model-576,Electronics,Audio & Headphones,Vortex,435.09,549.47,1
1576,SKU-ELE-001576,Aura Laptops Model-577,Electronics,Laptops,Aura,152.34,304.44,1
1577,SKU-ELE-001577,Echo Accessories Model-578,Electronics,Accessories,Echo,41.77,77.01,1
1578,SKU-SPO-001578,Horizon Fitness Gear Model-579,Sports & Outdoors,Fitness Gear,Horizon,343.34,716.75,0
1579,SKU-AUT-001579,Lumina Tools & Equipment Model-580,Automotive,Tools & Equipment,Lumina,345.59,680.49,1
1580,SKU-ELE-001580,Velocity Wearables Model-581,Electronics,Wearables,Velocity,400.36,654.45,1
1581,SKU-SPO-001581,Matrix Cycling Model-582,Sports & Outdoors,Cycling,Matrix,431.99,781.75,1
1582,SKU-ELE-001582,Titan Accessories Model-583,Electronics,Accessories,Titan,191.17,418.49,1
1583,SKU-TOY-001583,Apex Puzzles Model-584,Toys & Games,Puzzles,Apex,426.02,811.34,1
1584,SKU-HOM-001584,Velocity Cookware Model-585,Home & Kitchen,Cookware,Velocity,300.4,686.65,1
1585,SKU-ELE-001585,Zenith Accessories Model-586,Electronics,Accessories,Zenith,296.62,582.1,1
1586,SKU-ELE-001586,Aura Smart Home Model-587,Electronics,Smart Home,Aura,279.06,360.52,1
1587,SKU-ELE-001587,Aura Wearables Model-588,Electronics,Wearables,Aura,345.85,563.48,1
1588,SKU-ELE-001588,Sol Accessories Model-589,Electronics,Accessories,Sol,236.24,512.33,1
1589,SKU-BEA-001589,Lumina Cosmetics Model-590,Beauty & Care,Cosmetics,Lumina,245.6,527.63,1
1590,SKU-TOY-001590,Horizon Outdoor Toys Model-591,Toys & Games,Outdoor Toys,Horizon,376.74,767.22,1
1591,SKU-GRO-001591,Vortex Canned Goods Model-592,Grocery & Pantry,Canned Goods,Vortex,288.74,404.66,1
1592,SKU-HOM-001592,Pulse Cookware Model-593,Home & Kitchen,Cookware,Pulse,346.54,602.01,0
1593,SKU-ELE-001593,Aura Wearables Model-594,Electronics,Wearables,Aura,186.01,398.32,1
1594,SKU-APP-001594,Apex Outerwear Model-595,Apparel,Outerwear,Apex,327.61,565.14,1
1595,SKU-HOM-001595,Pulse Storage Model-596,Home & Kitchen,Storage,Pulse,347.73,680.68,0
1596,SKU-APP-001596,Velocity Women's Clothing Model-597,Apparel,Women's Clothing,Velocity,365.82,774.23,1
1597,SKU-BEA-001597,Lumina Cosmetics Model-598,Beauty & Care,Cosmetics,Lumina,105.39,248.09,1
1598,SKU-BEA-001598,Sol Cosmetics Model-599,Beauty & Care,Cosmetics,Sol,244.2,472.68,1
1599,SKU-AUT-001599,Horizon Car Care Model-600,Automotive,Car Care,Horizon,72.29,93.48,1
1600,SKU-AUT-001600,Vortex Oils & Fluids Model-601,Automotive,Oils & Fluids,Vortex,348.12,779.55,1
1601,SKU-AUT-001601,Horizon Car Care Model-602,Automotive,Car Care,Horizon,257.92,452.03,1
1602,SKU-ELE-001602,Summit Smartphones Model-603,Electronics,Smartphones,Summit,94.7,196.72,1
1603,SKU-GRO-001603,Lumina Condiments Model-604,Grocery & Pantry,Condiments,Lumina,235.11,473.77,1
1604,SKU-APP-001604,Matrix Men's Clothing Model-605,Apparel,Men's Clothing,Matrix,226.28,550.95,1
1605,SKU-APP-001605,Summit Outerwear Model-606,Apparel,Outerwear,Summit,197.88,276.25,1
1606,SKU-BEA-001606,Vortex Haircare Model-607,Beauty & Care,Haircare,Vortex,182.28,360.13,1
1607,SKU-HOM-001607,Matrix Cookware Model-608,Home & Kitchen,Cookware,Matrix,150.08,344.1,1
1608,SKU-ELE-001608,Prism Smartphones Model-609,Electronics,Smartphones,Prism,193.53,265.85,1
1609,SKU-TOY-001609,Summit Outdoor Toys Model-610,Toys & Games,Outdoor Toys,Summit,133.42,213.27,1
1610,SKU-SPO-001610,Echo Team Sports Model-611,Sports & Outdoors,Team Sports,Echo,29.88,66.51,1
1611,SKU-ELE-001611,Horizon Accessories Model-612,Electronics,Accessories,Horizon,354.96,705.96,1
1612,SKU-HOM-001612,Prism Small Appliances Model-613,Home & Kitchen,Small Appliances,Prism,262.01,412.96,1
1613,SKU-TOY-001613,Apex Action Figures Model-614,Toys & Games,Action Figures,Apex,417.66,544.16,1
1614,SKU-AUT-001614,Apex Oils & Fluids Model-615,Automotive,Oils & Fluids,Apex,232.48,491.35,1
1615,SKU-APP-001615,Titan Outerwear Model-616,Apparel,Outerwear,Titan,321.62,638.6,0
1616,SKU-BEA-001616,Titan Skincare Model-617,Beauty & Care,Skincare,Titan,306.77,624.46,1
1617,SKU-SPO-001617,Prism Camping & Hiking Model-618,Sports & Outdoors,Camping & Hiking,Prism,262,429.26,1
1618,SKU-AUT-001618,Lumina Tools & Equipment Model-619,Automotive,Tools & Equipment,Lumina,15.87,34.2,1
1619,SKU-SPO-001619,Titan Water Sports Model-620,Sports & Outdoors,Water Sports,Titan,396.26,941.58,1
1620,SKU-TOY-001620,Pulse Outdoor Toys Model-621,Toys & Games,Outdoor Toys,Pulse,437.62,821.08,1
1621,SKU-APP-001621,Pulse Outerwear Model-622,Apparel,Outerwear,Pulse,337.2,541.11,1
1622,SKU-TOY-001622,Vortex Action Figures Model-623,Toys & Games,Action Figures,Vortex,214.99,423.92,1
1623,SKU-AUT-001623,Aura Car Care Model-624,Automotive,Car Care,Aura,337.71,706.52,1
1624,SKU-AUT-001624,Nova Car Care Model-625,Automotive,Car Care,Nova,245.86,592.63,1
1625,SKU-HOM-001625,Vortex Cookware Model-626,Home & Kitchen,Cookware,Vortex,411.75,784.06,1
1626,SKU-HOM-001626,Sol Small Appliances Model-627,Home & Kitchen,Small Appliances,Sol,265.63,529.8,1
1627,SKU-BEA-001627,Aura Cosmetics Model-628,Beauty & Care,Cosmetics,Aura,303.86,440.18,1
1628,SKU-APP-001628,Sol Women's Clothing Model-629,Apparel,Women's Clothing,Sol,257.33,384.57,1
1629,SKU-APP-001629,Velocity Accessories Model-630,Apparel,Accessories,Velocity,120.5,270.56,1
1630,SKU-AUT-001630,Lumina Tools & Equipment Model-631,Automotive,Tools & Equipment,Lumina,124.75,291.42,1
1631,SKU-AUT-001631,Sol Tools & Equipment Model-632,Automotive,Tools & Equipment,Sol,35.62,48.75,1
1632,SKU-GRO-001632,Titan Canned Goods Model-633,Grocery & Pantry,Canned Goods,Titan,300.87,627.71,1
1633,SKU-HOM-001633,Titan Small Appliances Model-634,Home & Kitchen,Small Appliances,Titan,442.63,891.09,1
1634,SKU-BEA-001634,Horizon Haircare Model-635,Beauty & Care,Haircare,Horizon,171.94,313.15,1
1635,SKU-GRO-001635,Sol Organic Foods Model-636,Grocery & Pantry,Organic Foods,Sol,122.8,184.21,1
1636,SKU-SPO-001636,Echo Fitness Gear Model-637,Sports & Outdoors,Fitness Gear,Echo,145.14,285.11,1
1637,SKU-GRO-001637,Sol Breakfast Model-638,Grocery & Pantry,Breakfast,Sol,396.08,927,1
1638,SKU-SPO-001638,Aura Cycling Model-639,Sports & Outdoors,Cycling,Aura,96.48,141.02,1
1639,SKU-TOY-001639,Velocity Outdoor Toys Model-640,Toys & Games,Outdoor Toys,Velocity,97.68,195.15,1
1640,SKU-SPO-001640,Horizon Camping & Hiking Model-641,Sports & Outdoors,Camping & Hiking,Horizon,201.37,413.93,1
1641,SKU-TOY-001641,Matrix Board Games Model-642,Toys & Games,Board Games,Matrix,78.32,190.51,0
1642,SKU-HOM-001642,Zenith Cookware Model-643,Home & Kitchen,Cookware,Zenith,329.41,652.55,1
1643,SKU-HOM-001643,Echo Furniture Model-644,Home & Kitchen,Furniture,Echo,175.38,292.42,1
1644,SKU-APP-001644,Apex Accessories Model-645,Apparel,Accessories,Apex,87.22,134.63,1
1645,SKU-SPO-001645,Aura Fitness Gear Model-646,Sports & Outdoors,Fitness Gear,Aura,147.89,290.4,1
1646,SKU-AUT-001646,Horizon Oils & Fluids Model-647,Automotive,Oils & Fluids,Horizon,15.07,27.05,1
1647,SKU-ELE-001647,Velocity Laptops Model-648,Electronics,Laptops,Velocity,433.05,745.67,1
1648,SKU-HOM-001648,Zenith Furniture Model-649,Home & Kitchen,Furniture,Zenith,300.87,695.15,1
1649,SKU-HOM-001649,Zenith Small Appliances Model-650,Home & Kitchen,Small Appliances,Zenith,272.03,400.95,1
1650,SKU-AUT-001650,Velocity Tools & Equipment Model-651,Automotive,Tools & Equipment,Velocity,414.84,704.74,1
1651,SKU-HOM-001651,Sol Bedding Model-652,Home & Kitchen,Bedding,Sol,159.44,361.26,1
1652,SKU-GRO-001652,Vortex Condiments Model-653,Grocery & Pantry,Condiments,Vortex,20.08,26.91,1
1653,SKU-AUT-001653,Titan Interior Accessories Model-654,Automotive,Interior Accessories,Titan,435.48,762.89,1
1654,SKU-SPO-001654,Nova Team Sports Model-655,Sports & Outdoors,Team Sports,Nova,262.17,328.44,1
1655,SKU-TOY-001655,Nova Educational Toys Model-656,Toys & Games,Educational Toys,Nova,234.66,440.83,1
1656,SKU-GRO-001656,Summit Snacks Model-657,Grocery & Pantry,Snacks,Summit,123.59,233.91,1
1657,SKU-HOM-001657,Pulse Storage Model-658,Home & Kitchen,Storage,Pulse,151.96,316.29,1
1658,SKU-TOY-001658,Velocity Puzzles Model-659,Toys & Games,Puzzles,Velocity,117.51,278.97,1
1659,SKU-HOM-001659,Aura Storage Model-660,Home & Kitchen,Storage,Aura,47.54,75.79,1
1660,SKU-AUT-001660,Aura Tools & Equipment Model-661,Automotive,Tools & Equipment,Aura,151.29,190.42,1
1661,SKU-AUT-001661,Matrix Tools & Equipment Model-662,Automotive,Tools & Equipment,Matrix,315.27,674.75,1
1662,SKU-GRO-001662,Apex Snacks Model-663,Grocery & Pantry,Snacks,Apex,183.29,279.5,1
1663,SKU-BEA-001663,Echo Fragrances Model-664,Beauty & Care,Fragrances,Echo,435.71,655.71,1
1664,SKU-TOY-001664,Prism Puzzles Model-665,Toys & Games,Puzzles,Prism,177.53,375.73,1
1665,SKU-SPO-001665,Horizon Team Sports Model-666,Sports & Outdoors,Team Sports,Horizon,220.46,326.65,1
1666,SKU-AUT-001666,Echo Interior Accessories Model-667,Automotive,Interior Accessories,Echo,41.4,97.4,1
1667,SKU-ELE-001667,Echo Laptops Model-668,Electronics,Laptops,Echo,76.8,99.52,1
1668,SKU-BEA-001668,Echo Fragrances Model-669,Beauty & Care,Fragrances,Echo,449.05,663.92,1
1669,SKU-APP-001669,Echo Outerwear Model-670,Apparel,Outerwear,Echo,133.32,326.74,1
1670,SKU-SPO-001670,Lumina Fitness Gear Model-671,Sports & Outdoors,Fitness Gear,Lumina,91.16,116.28,1
1671,SKU-SPO-001671,Apex Fitness Gear Model-672,Sports & Outdoors,Fitness Gear,Apex,315.11,422.73,1
1672,SKU-ELE-001672,Horizon Smartphones Model-673,Electronics,Smartphones,Horizon,391.6,570.13,1
1673,SKU-SPO-001673,Velocity Water Sports Model-674,Sports & Outdoors,Water Sports,Velocity,428.52,723.24,1
1674,SKU-GRO-001674,Titan Canned Goods Model-675,Grocery & Pantry,Canned Goods,Titan,304.39,719.82,1
1675,SKU-TOY-001675,Velocity Action Figures Model-676,Toys & Games,Action Figures,Velocity,402.68,596.41,0
1676,SKU-ELE-001676,Titan Laptops Model-677,Electronics,Laptops,Titan,388.91,836.44,1
1677,SKU-APP-001677,Horizon Outerwear Model-678,Apparel,Outerwear,Horizon,217.91,324.25,1
1678,SKU-BEA-001678,Apex Haircare Model-679,Beauty & Care,Haircare,Apex,226.36,317.22,1
1679,SKU-GRO-001679,Matrix Breakfast Model-680,Grocery & Pantry,Breakfast,Matrix,252.94,512.66,1
1680,SKU-APP-001680,Prism Sportswear Model-681,Apparel,Sportswear,Prism,205.98,468.54,1
1681,SKU-AUT-001681,Zenith Oils & Fluids Model-682,Automotive,Oils & Fluids,Zenith,112.35,265.69,1
1682,SKU-BEA-001682,Aura Fragrances Model-683,Beauty & Care,Fragrances,Aura,314.58,522.42,1
1683,SKU-AUT-001683,Sol Interior Accessories Model-684,Automotive,Interior Accessories,Sol,378.39,691.05,1
1684,SKU-GRO-001684,Zenith Breakfast Model-685,Grocery & Pantry,Breakfast,Zenith,348.63,637.94,1
1685,SKU-BEA-001685,Pulse Haircare Model-686,Beauty & Care,Haircare,Pulse,425.33,620.23,1
1686,SKU-TOY-001686,Velocity Action Figures Model-687,Toys & Games,Action Figures,Velocity,283.78,640.36,1
1687,SKU-HOM-001687,Sol Storage Model-688,Home & Kitchen,Storage,Sol,71.74,144.44,1
1688,SKU-BEA-001688,Nova Personal Care Model-689,Beauty & Care,Personal Care,Nova,243.13,481.65,1
1689,SKU-ELE-001689,Lumina Smart Home Model-690,Electronics,Smart Home,Lumina,6.38,8.98,1
1690,SKU-TOY-001690,Summit Outdoor Toys Model-691,Toys & Games,Outdoor Toys,Summit,396.56,816.9,1
1691,SKU-TOY-001691,Velocity Action Figures Model-692,Toys & Games,Action Figures,Velocity,192.67,296.17,1
1692,SKU-HOM-001692,Nova Storage Model-693,Home & Kitchen,Storage,Nova,445.08,847.93,1
1693,SKU-GRO-001693,Matrix Canned Goods Model-694,Grocery & Pantry,Canned Goods,Matrix,55.33,132.17,1
1694,SKU-BEA-001694,Vortex Skincare Model-695,Beauty & Care,Skincare,Vortex,49.77,85.75,1
1695,SKU-HOM-001695,Lumina Decor Model-696,Home & Kitchen,Decor,Lumina,355.27,721.74,1
1696,SKU-GRO-001696,Echo Organic Foods Model-697,Grocery & Pantry,Organic Foods,Echo,134.03,330.86,1
1697,SKU-AUT-001697,Horizon Oils & Fluids Model-698,Automotive,Oils & Fluids,Horizon,282.4,629.45,1
1698,SKU-GRO-001698,Echo Organic Foods Model-699,Grocery & Pantry,Organic Foods,Echo,352.35,445.42,0
1699,SKU-BEA-001699,Prism Fragrances Model-700,Beauty & Care,Fragrances,Prism,83.87,120.58,0
1700,SKU-TOY-001700,Velocity Action Figures Model-701,Toys & Games,Action Figures,Velocity,139.44,339.29,1
1701,SKU-GRO-001701,Velocity Breakfast Model-702,Grocery & Pantry,Breakfast,Velocity,411.91,588.49,1
1702,SKU-BEA-001702,Horizon Haircare Model-703,Beauty & Care,Haircare,Horizon,358.83,821.01,1
1703,SKU-GRO-001703,Matrix Organic Foods Model-704,Grocery & Pantry,Organic Foods,Matrix,232.67,423.18,1
1704,SKU-APP-001704,Prism Outerwear Model-705,Apparel,Outerwear,Prism,428.24,604.72,1
1705,SKU-APP-001705,Zenith Women's Clothing Model-706,Apparel,Women's Clothing,Zenith,433.77,880.26,1
1706,SKU-TOY-001706,Summit Outdoor Toys Model-707,Toys & Games,Outdoor Toys,Summit,91.85,116.94,1
1707,SKU-BEA-001707,Summit Cosmetics Model-708,Beauty & Care,Cosmetics,Summit,42,61.86,1
1708,SKU-HOM-001708,Velocity Cookware Model-709,Home & Kitchen,Cookware,Velocity,39.56,70.22,1
1709,SKU-GRO-001709,Matrix Canned Goods Model-710,Grocery & Pantry,Canned Goods,Matrix,262.74,395.03,1
1710,SKU-HOM-001710,Vortex Storage Model-711,Home & Kitchen,Storage,Vortex,446.25,586.17,1
1711,SKU-HOM-001711,Summit Decor Model-712,Home & Kitchen,Decor,Summit,82.94,191.09,1
1712,SKU-APP-001712,Aura Sportswear Model-713,Apparel,Sportswear,Aura,212.81,405.73,1
1713,SKU-TOY-001713,Sol Board Games Model-714,Toys & Games,Board Games,Sol,75.35,145.83,0
1714,SKU-GRO-001714,Nova Breakfast Model-715,Grocery & Pantry,Breakfast,Nova,18.75,23.95,1
1715,SKU-AUT-001715,Echo Tools & Equipment Model-716,Automotive,Tools & Equipment,Echo,424.56,831.74,1
1716,SKU-GRO-001716,Zenith Condiments Model-717,Grocery & Pantry,Condiments,Zenith,359.64,575.32,1
1717,SKU-APP-001717,Pulse Men's Clothing Model-718,Apparel,Men's Clothing,Pulse,315.57,417.11,1
1718,SKU-BEA-001718,Pulse Haircare Model-719,Beauty & Care,Haircare,Pulse,194.51,320.57,1
1719,SKU-GRO-001719,Apex Beverages Model-720,Grocery & Pantry,Beverages,Apex,99.87,135.97,1
1720,SKU-SPO-001720,Summit Water Sports Model-721,Sports & Outdoors,Water Sports,Summit,175.71,397.62,1
1721,SKU-AUT-001721,Titan Interior Accessories Model-722,Automotive,Interior Accessories,Titan,111.19,244.7,1
1722,SKU-APP-001722,Summit Outerwear Model-723,Apparel,Outerwear,Summit,358.98,675.48,1
1723,SKU-TOY-001723,Prism Educational Toys Model-724,Toys & Games,Educational Toys,Prism,317.87,436.84,1
1724,SKU-ELE-001724,Prism Smartphones Model-725,Electronics,Smartphones,Prism,138.92,183.16,1
1725,SKU-BEA-001725,Echo Personal Care Model-726,Beauty & Care,Personal Care,Echo,222.82,336.99,1
1726,SKU-BEA-001726,Matrix Skincare Model-727,Beauty & Care,Skincare,Matrix,124.57,219.48,1
1727,SKU-TOY-001727,Matrix Educational Toys Model-728,Toys & Games,Educational Toys,Matrix,417.46,919.24,1
1728,SKU-HOM-001728,Pulse Storage Model-729,Home & Kitchen,Storage,Pulse,316.27,539.75,1
1729,SKU-HOM-001729,Horizon Storage Model-730,Home & Kitchen,Storage,Horizon,256.94,630.95,1
1730,SKU-ELE-001730,Summit Smartphones Model-731,Electronics,Smartphones,Summit,16.06,31.2,1
1731,SKU-TOY-001731,Nova Action Figures Model-732,Toys & Games,Action Figures,Nova,192.22,460.5,1
1732,SKU-TOY-001732,Horizon Puzzles Model-733,Toys & Games,Puzzles,Horizon,408.83,723.36,0
1733,SKU-HOM-001733,Vortex Furniture Model-734,Home & Kitchen,Furniture,Vortex,433.8,1022.52,1
1734,SKU-BEA-001734,Titan Personal Care Model-735,Beauty & Care,Personal Care,Titan,344.52,725.49,1
1735,SKU-APP-001735,Vortex Footwear Model-736,Apparel,Footwear,Vortex,70.64,127.05,1
1736,SKU-BEA-001736,Pulse Fragrances Model-737,Beauty & Care,Fragrances,Pulse,13.42,28.66,1
1737,SKU-GRO-001737,Velocity Breakfast Model-738,Grocery & Pantry,Breakfast,Velocity,141.1,314.89,1
1738,SKU-GRO-001738,Vortex Canned Goods Model-739,Grocery & Pantry,Canned Goods,Vortex,78.69,159.94,1
1739,SKU-TOY-001739,Prism Action Figures Model-740,Toys & Games,Action Figures,Prism,38.18,91.76,0
1740,SKU-AUT-001740,Pulse Interior Accessories Model-741,Automotive,Interior Accessories,Pulse,409.21,749.64,1
1741,SKU-TOY-001741,Horizon Puzzles Model-742,Toys & Games,Puzzles,Horizon,373.75,642.68,0
1742,SKU-APP-001742,Sol Men's Clothing Model-743,Apparel,Men's Clothing,Sol,274.37,627.72,1
1743,SKU-AUT-001743,Vortex Oils & Fluids Model-744,Automotive,Oils & Fluids,Vortex,325.62,758.83,1
1744,SKU-GRO-001744,Nova Snacks Model-745,Grocery & Pantry,Snacks,Nova,105.77,194.98,1
1745,SKU-BEA-001745,Nova Skincare Model-746,Beauty & Care,Skincare,Nova,262.17,395.41,1
1746,SKU-GRO-001746,Summit Condiments Model-747,Grocery & Pantry,Condiments,Summit,444.88,948.77,1
1747,SKU-HOM-001747,Sol Small Appliances Model-748,Home & Kitchen,Small Appliances,Sol,348.62,754.25,1
1748,SKU-BEA-001748,Zenith Skincare Model-749,Beauty & Care,Skincare,Zenith,394.28,840.76,1
1749,SKU-BEA-001749,Echo Skincare Model-750,Beauty & Care,Skincare,Echo,80.2,183.3,1
1750,SKU-TOY-001750,Aura Educational Toys Model-751,Toys & Games,Educational Toys,Aura,172.32,294.14,1
1751,SKU-TOY-001751,Aura Educational Toys Model-752,Toys & Games,Educational Toys,Aura,326.15,407.96,1
1752,SKU-ELE-001752,Vortex Laptops Model-753,Electronics,Laptops,Vortex,385.18,778.21,1
1753,SKU-GRO-001753,Velocity Organic Foods Model-754,Grocery & Pantry,Organic Foods,Velocity,418.97,801.65,1
1754,SKU-GRO-001754,Prism Snacks Model-755,Grocery & Pantry,Snacks,Prism,205.92,387.94,1
1755,SKU-SPO-001755,Echo Fitness Gear Model-756,Sports & Outdoors,Fitness Gear,Echo,261.34,449.33,1
1756,SKU-SPO-001756,Aura Camping & Hiking Model-757,Sports & Outdoors,Camping & Hiking,Aura,446.55,773.2,1
1757,SKU-BEA-001757,Apex Cosmetics Model-758,Beauty & Care,Cosmetics,Apex,124.35,244.68,1
1758,SKU-HOM-001758,Zenith Small Appliances Model-759,Home & Kitchen,Small Appliances,Zenith,234.65,411.54,1
1759,SKU-APP-001759,Apex Accessories Model-760,Apparel,Accessories,Apex,157.67,264.01,1
1760,SKU-AUT-001760,Titan Tools & Equipment Model-761,Automotive,Tools & Equipment,Titan,388.08,681.02,1
1761,SKU-SPO-001761,Vortex Camping & Hiking Model-762,Sports & Outdoors,Camping & Hiking,Vortex,18.75,26.57,1
1762,SKU-GRO-001762,Vortex Condiments Model-763,Grocery & Pantry,Condiments,Vortex,98.95,163.3,1
1763,SKU-TOY-001763,Echo Educational Toys Model-764,Toys & Games,Educational Toys,Echo,258.1,588.34,1
1764,SKU-ELE-001764,Lumina Laptops Model-765,Electronics,Laptops,Lumina,179.55,254.95,1
1765,SKU-GRO-001765,Matrix Condiments Model-766,Grocery & Pantry,Condiments,Matrix,448.18,874.05,1
1766,SKU-HOM-001766,Horizon Cookware Model-767,Home & Kitchen,Cookware,Horizon,195.61,412.63,1
1767,SKU-SPO-001767,Velocity Water Sports Model-768,Sports & Outdoors,Water Sports,Velocity,44.64,101.86,1
1768,SKU-SPO-001768,Titan Cycling Model-769,Sports & Outdoors,Cycling,Titan,313.73,444.23,1
1769,SKU-HOM-001769,Zenith Bedding Model-770,Home & Kitchen,Bedding,Zenith,174.41,255.08,1
1770,SKU-TOY-001770,Nova Educational Toys Model-771,Toys & Games,Educational Toys,Nova,127.34,160.08,1
1771,SKU-ELE-001771,Lumina Wearables Model-772,Electronics,Wearables,Lumina,133.56,233.31,1
1772,SKU-HOM-001772,Summit Decor Model-773,Home & Kitchen,Decor,Summit,149.49,371.82,1
1773,SKU-TOY-001773,Echo Educational Toys Model-774,Toys & Games,Educational Toys,Echo,337.04,624.82,1
1774,SKU-SPO-001774,Aura Fitness Gear Model-775,Sports & Outdoors,Fitness Gear,Aura,430.63,752.52,1
1775,SKU-SPO-001775,Prism Team Sports Model-776,Sports & Outdoors,Team Sports,Prism,253.02,558.17,0
1776,SKU-APP-001776,Aura Men's Clothing Model-777,Apparel,Men's Clothing,Aura,96.29,130.59,1
1777,SKU-BEA-001777,Matrix Personal Care Model-778,Beauty & Care,Personal Care,Matrix,361.95,636.97,1
1778,SKU-BEA-001778,Titan Personal Care Model-779,Beauty & Care,Personal Care,Titan,290.33,449.65,1
1779,SKU-BEA-001779,Echo Fragrances Model-780,Beauty & Care,Fragrances,Echo,426.84,632.4,1
1780,SKU-AUT-001780,Horizon Oils & Fluids Model-781,Automotive,Oils & Fluids,Horizon,267.69,363.02,1
1781,SKU-SPO-001781,Apex Fitness Gear Model-782,Sports & Outdoors,Fitness Gear,Apex,424.92,821.43,1
1782,SKU-BEA-001782,Apex Fragrances Model-783,Beauty & Care,Fragrances,Apex,148.61,293.45,1
1783,SKU-BEA-001783,Vortex Personal Care Model-784,Beauty & Care,Personal Care,Vortex,194.76,409.32,1
1784,SKU-APP-001784,Zenith Outerwear Model-785,Apparel,Outerwear,Zenith,257.57,541.39,1
1785,SKU-HOM-001785,Echo Cookware Model-786,Home & Kitchen,Cookware,Echo,192.39,416.8,1
1786,SKU-AUT-001786,Zenith Car Care Model-787,Automotive,Car Care,Zenith,233.5,491.98,1
1787,SKU-SPO-001787,Aura Team Sports Model-788,Sports & Outdoors,Team Sports,Aura,403.07,947.36,1
1788,SKU-SPO-001788,Titan Team Sports Model-789,Sports & Outdoors,Team Sports,Titan,27.48,63.17,1
1789,SKU-APP-001789,Vortex Footwear Model-790,Apparel,Footwear,Vortex,265.74,502.68,1
1790,SKU-TOY-001790,Lumina Action Figures Model-791,Toys & Games,Action Figures,Lumina,250.41,502.27,1
1791,SKU-GRO-001791,Echo Condiments Model-792,Grocery & Pantry,Condiments,Echo,303.04,483.61,0
1792,SKU-TOY-001792,Prism Outdoor Toys Model-793,Toys & Games,Outdoor Toys,Prism,167.49,250.51,1
1793,SKU-AUT-001793,Titan Oils & Fluids Model-794,Automotive,Oils & Fluids,Titan,181.6,232.29,1
1794,SKU-TOY-001794,Lumina Action Figures Model-795,Toys & Games,Action Figures,Lumina,388.29,603.52,1
1795,SKU-ELE-001795,Apex Laptops Model-796,Electronics,Laptops,Apex,419.55,529.58,1
1796,SKU-GRO-001796,Summit Breakfast Model-797,Grocery & Pantry,Breakfast,Summit,242.88,310.31,1
1797,SKU-AUT-001797,Nova Interior Accessories Model-798,Automotive,Interior Accessories,Nova,315.52,721.97,1
1798,SKU-BEA-001798,Apex Skincare Model-799,Beauty & Care,Skincare,Apex,77.26,108.85,1
1799,SKU-APP-001799,Zenith Sportswear Model-800,Apparel,Sportswear,Zenith,430.9,979.53,1
1800,SKU-AUT-001800,Nova Interior Accessories Model-801,Automotive,Interior Accessories,Nova,109.39,218.08,1
1801,SKU-AUT-001801,Nova Oils & Fluids Model-802,Automotive,Oils & Fluids,Nova,6.42,8.33,1
1802,SKU-GRO-001802,Velocity Condiments Model-803,Grocery & Pantry,Condiments,Velocity,240.62,367.63,1
1803,SKU-HOM-001803,Pulse Bedding Model-804,Home & Kitchen,Bedding,Pulse,179.64,249.2,1
1804,SKU-SPO-001804,Pulse Cycling Model-805,Sports & Outdoors,Cycling,Pulse,61.78,136.87,1
1805,SKU-SPO-001805,Horizon Camping & Hiking Model-806,Sports & Outdoors,Camping & Hiking,Horizon,250.54,319.12,1
1806,SKU-TOY-001806,Sol Outdoor Toys Model-807,Toys & Games,Outdoor Toys,Sol,148.15,264.88,1
1807,SKU-HOM-001807,Zenith Storage Model-808,Home & Kitchen,Storage,Zenith,223.06,421.38,1
1808,SKU-HOM-001808,Horizon Storage Model-809,Home & Kitchen,Storage,Horizon,132.12,207.6,1
1809,SKU-SPO-001809,Horizon Water Sports Model-810,Sports & Outdoors,Water Sports,Horizon,213.22,394.71,1
1810,SKU-GRO-001810,Velocity Beverages Model-811,Grocery & Pantry,Beverages,Velocity,258.76,506.2,1
1811,SKU-HOM-001811,Pulse Bedding Model-812,Home & Kitchen,Bedding,Pulse,87.64,208.44,1
1812,SKU-AUT-001812,Velocity Interior Accessories Model-813,Automotive,Interior Accessories,Velocity,110.97,171.35,1
1813,SKU-SPO-001813,Prism Team Sports Model-814,Sports & Outdoors,Team Sports,Prism,202.82,394.86,1
1814,SKU-TOY-001814,Sol Puzzles Model-815,Toys & Games,Puzzles,Sol,268.22,414.61,1
1815,SKU-HOM-001815,Apex Decor Model-816,Home & Kitchen,Decor,Apex,58.37,107.71,1
1816,SKU-BEA-001816,Prism Fragrances Model-817,Beauty & Care,Fragrances,Prism,260.47,621.98,1
1817,SKU-APP-001817,Titan Footwear Model-818,Apparel,Footwear,Titan,15.77,27.07,1
1818,SKU-APP-001818,Zenith Men's Clothing Model-819,Apparel,Men's Clothing,Zenith,22.66,28.46,1
1819,SKU-BEA-001819,Nova Personal Care Model-820,Beauty & Care,Personal Care,Nova,127.37,180.45,1
1820,SKU-GRO-001820,Prism Condiments Model-821,Grocery & Pantry,Condiments,Prism,277.81,431.98,1
1821,SKU-ELE-001821,Sol Laptops Model-822,Electronics,Laptops,Sol,359.11,848.01,1
1822,SKU-TOY-001822,Prism Educational Toys Model-823,Toys & Games,Educational Toys,Prism,219.31,363.52,1
1823,SKU-ELE-001823,Apex Accessories Model-824,Electronics,Accessories,Apex,210.06,310.51,1
1824,SKU-TOY-001824,Apex Educational Toys Model-825,Toys & Games,Educational Toys,Apex,401.18,970.37,1
1825,SKU-TOY-001825,Velocity Educational Toys Model-826,Toys & Games,Educational Toys,Velocity,357.1,474.61,0
1826,SKU-GRO-001826,Prism Snacks Model-827,Grocery & Pantry,Snacks,Prism,364.72,562.78,1
1827,SKU-GRO-001827,Echo Organic Foods Model-828,Grocery & Pantry,Organic Foods,Echo,262.5,475.54,1
1828,SKU-BEA-001828,Aura Haircare Model-829,Beauty & Care,Haircare,Aura,391.9,578.55,1
1829,SKU-BEA-001829,Sol Cosmetics Model-830,Beauty & Care,Cosmetics,Sol,122.42,172.13,1
1830,SKU-SPO-001830,Vortex Fitness Gear Model-831,Sports & Outdoors,Fitness Gear,Vortex,360.04,806.17,1
1831,SKU-BEA-001831,Pulse Skincare Model-832,Beauty & Care,Skincare,Pulse,99.14,150.57,1
1832,SKU-APP-001832,Vortex Sportswear Model-833,Apparel,Sportswear,Vortex,246.67,572.94,0
1833,SKU-TOY-001833,Summit Board Games Model-834,Toys & Games,Board Games,Summit,24.93,47.02,1
1834,SKU-AUT-001834,Titan Oils & Fluids Model-835,Automotive,Oils & Fluids,Titan,55.46,135.54,1
1835,SKU-BEA-001835,Echo Haircare Model-836,Beauty & Care,Haircare,Echo,307.44,595.16,1
1836,SKU-TOY-001836,Titan Board Games Model-837,Toys & Games,Board Games,Titan,231.56,360.11,1
1837,SKU-GRO-001837,Matrix Canned Goods Model-838,Grocery & Pantry,Canned Goods,Matrix,159.48,394.46,1
1838,SKU-APP-001838,Zenith Outerwear Model-839,Apparel,Outerwear,Zenith,27.27,64.05,1
1839,SKU-TOY-001839,Pulse Puzzles Model-840,Toys & Games,Puzzles,Pulse,422.8,962.16,1
1840,SKU-GRO-001840,Prism Organic Foods Model-841,Grocery & Pantry,Organic Foods,Prism,161.8,321.9,1
1841,SKU-SPO-001841,Echo Fitness Gear Model-842,Sports & Outdoors,Fitness Gear,Echo,445.31,1023.32,1
1842,SKU-TOY-001842,Nova Puzzles Model-843,Toys & Games,Puzzles,Nova,318.83,517.03,1
1843,SKU-APP-001843,Sol Accessories Model-844,Apparel,Accessories,Sol,128.18,266.32,1
1844,SKU-TOY-001844,Echo Board Games Model-845,Toys & Games,Board Games,Echo,252.99,470.39,1
1845,SKU-BEA-001845,Velocity Fragrances Model-846,Beauty & Care,Fragrances,Velocity,56.71,103.47,1
1846,SKU-HOM-001846,Sol Decor Model-847,Home & Kitchen,Decor,Sol,219.28,521.55,1
1847,SKU-HOM-001847,Nova Decor Model-848,Home & Kitchen,Decor,Nova,66.03,131.44,1
1848,SKU-SPO-001848,Aura Team Sports Model-849,Sports & Outdoors,Team Sports,Aura,149.33,237.98,1
1849,SKU-BEA-001849,Lumina Personal Care Model-850,Beauty & Care,Personal Care,Lumina,308.39,718.21,1
1850,SKU-BEA-001850,Velocity Fragrances Model-851,Beauty & Care,Fragrances,Velocity,234.05,430.6,1
1851,SKU-ELE-001851,Matrix Laptops Model-852,Electronics,Laptops,Matrix,148.52,319.47,1
1852,SKU-APP-001852,Sol Sportswear Model-853,Apparel,Sportswear,Sol,212.11,287.47,1
1853,SKU-ELE-001853,Matrix Smartphones Model-854,Electronics,Smartphones,Matrix,326.37,426.25,0
1854,SKU-ELE-001854,Nova Smartphones Model-855,Electronics,Smartphones,Nova,344.71,723.74,1
1855,SKU-ELE-001855,Titan Smart Home Model-856,Electronics,Smart Home,Titan,256.88,417.44,1
1856,SKU-GRO-001856,Titan Organic Foods Model-857,Grocery & Pantry,Organic Foods,Titan,29.53,72.98,1
1857,SKU-HOM-001857,Nova Decor Model-858,Home & Kitchen,Decor,Nova,292.71,695.04,1
1858,SKU-ELE-001858,Titan Smartphones Model-859,Electronics,Smartphones,Titan,180.9,239.54,1
1859,SKU-GRO-001859,Matrix Beverages Model-860,Grocery & Pantry,Beverages,Matrix,193.58,275,1
1860,SKU-SPO-001860,Zenith Camping & Hiking Model-861,Sports & Outdoors,Camping & Hiking,Zenith,257.28,322.24,1
1861,SKU-TOY-001861,Pulse Action Figures Model-862,Toys & Games,Action Figures,Pulse,344.46,614.07,1
1862,SKU-HOM-001862,Apex Small Appliances Model-863,Home & Kitchen,Small Appliances,Apex,192.89,252.32,0
1863,SKU-AUT-001863,Lumina Oils & Fluids Model-864,Automotive,Oils & Fluids,Lumina,25.75,44.5,1
1864,SKU-SPO-001864,Summit Cycling Model-865,Sports & Outdoors,Cycling,Summit,7.17,9.36,1
1865,SKU-APP-001865,Velocity Sportswear Model-866,Apparel,Sportswear,Velocity,6.59,12.2,1
1866,SKU-ELE-001866,Titan Smartphones Model-867,Electronics,Smartphones,Titan,366.91,624.63,1
1867,SKU-GRO-001867,Sol Beverages Model-868,Grocery & Pantry,Beverages,Sol,434.84,982.19,1
1868,SKU-ELE-001868,Matrix Smart Home Model-869,Electronics,Smart Home,Matrix,316.8,656.03,1
1869,SKU-APP-001869,Echo Accessories Model-870,Apparel,Accessories,Echo,207.47,496.74,1
1870,SKU-APP-001870,Matrix Footwear Model-871,Apparel,Footwear,Matrix,269.66,540.14,1
1871,SKU-GRO-001871,Sol Canned Goods Model-872,Grocery & Pantry,Canned Goods,Sol,438.91,676.08,1
1872,SKU-AUT-001872,Zenith Tools & Equipment Model-873,Automotive,Tools & Equipment,Zenith,38.59,83.33,1
1873,SKU-TOY-001873,Vortex Board Games Model-874,Toys & Games,Board Games,Vortex,146.16,225.28,1
1874,SKU-BEA-001874,Horizon Skincare Model-875,Beauty & Care,Skincare,Horizon,387.24,499.43,1
1875,SKU-GRO-001875,Nova Condiments Model-876,Grocery & Pantry,Condiments,Nova,54.18,116.43,1
1876,SKU-ELE-001876,Titan Smartphones Model-877,Electronics,Smartphones,Titan,317.74,725.3,1
1877,SKU-APP-001877,Summit Accessories Model-878,Apparel,Accessories,Summit,398.33,955.19,1
1878,SKU-BEA-001878,Echo Skincare Model-879,Beauty & Care,Skincare,Echo,195.27,474.61,1
1879,SKU-BEA-001879,Aura Skincare Model-880,Beauty & Care,Skincare,Aura,337.24,520.26,1
1880,SKU-BEA-001880,Titan Skincare Model-881,Beauty & Care,Skincare,Titan,134.71,223.03,1
1881,SKU-SPO-001881,Velocity Camping & Hiking Model-882,Sports & Outdoors,Camping & Hiking,Velocity,411.84,789.66,1
1882,SKU-GRO-001882,Sol Canned Goods Model-883,Grocery & Pantry,Canned Goods,Sol,266.83,431.44,1
1883,SKU-HOM-001883,Nova Bedding Model-884,Home & Kitchen,Bedding,Nova,56.84,102.42,1
1884,SKU-HOM-001884,Lumina Storage Model-885,Home & Kitchen,Storage,Lumina,165.88,247.82,1
1885,SKU-TOY-001885,Lumina Outdoor Toys Model-886,Toys & Games,Outdoor Toys,Lumina,38.34,68.53,1
1886,SKU-TOY-001886,Nova Educational Toys Model-887,Toys & Games,Educational Toys,Nova,274.45,530.7,1
1887,SKU-AUT-001887,Horizon Car Care Model-888,Automotive,Car Care,Horizon,73.85,156.77,1
1888,SKU-BEA-001888,Lumina Skincare Model-889,Beauty & Care,Skincare,Lumina,394.85,746.68,1
1889,SKU-GRO-001889,Matrix Beverages Model-890,Grocery & Pantry,Beverages,Matrix,236.9,495.21,1
1890,SKU-SPO-001890,Apex Water Sports Model-891,Sports & Outdoors,Water Sports,Apex,257.75,389.86,1
1891,SKU-BEA-001891,Lumina Personal Care Model-892,Beauty & Care,Personal Care,Lumina,26.94,43.98,1
1892,SKU-SPO-001892,Lumina Camping & Hiking Model-893,Sports & Outdoors,Camping & Hiking,Lumina,285.86,578.15,1
1893,SKU-TOY-001893,Matrix Board Games Model-894,Toys & Games,Board Games,Matrix,166.69,250.52,1
1894,SKU-AUT-001894,Zenith Car Care Model-895,Automotive,Car Care,Zenith,191.17,249.85,1
1895,SKU-APP-001895,Aura Women's Clothing Model-896,Apparel,Women's Clothing,Aura,259.74,469.62,1
1896,SKU-ELE-001896,Lumina Smart Home Model-897,Electronics,Smart Home,Lumina,25.01,52.28,1
1897,SKU-AUT-001897,Nova Interior Accessories Model-898,Automotive,Interior Accessories,Nova,24.52,51.89,1
1898,SKU-APP-001898,Titan Footwear Model-899,Apparel,Footwear,Titan,423.59,572.55,1
1899,SKU-HOM-001899,Sol Decor Model-900,Home & Kitchen,Decor,Sol,76.09,130.79,1
1900,SKU-SPO-001900,Titan Cycling Model-901,Sports & Outdoors,Cycling,Titan,95.19,156.69,1
1901,SKU-APP-001901,Pulse Footwear Model-902,Apparel,Footwear,Pulse,351.75,657.86,1
1902,SKU-AUT-001902,Lumina Car Care Model-903,Automotive,Car Care,Lumina,112.53,152.65,0
1903,SKU-ELE-001903,Summit Smart Home Model-904,Electronics,Smart Home,Summit,25.41,35.8,1
1904,SKU-AUT-001904,Summit Oils & Fluids Model-905,Automotive,Oils & Fluids,Summit,431.09,949.46,1
1905,SKU-TOY-001905,Apex Puzzles Model-906,Toys & Games,Puzzles,Apex,19.83,45.27,1
1906,SKU-SPO-001906,Horizon Camping & Hiking Model-907,Sports & Outdoors,Camping & Hiking,Horizon,308.6,446.9,1
1907,SKU-ELE-001907,Aura Audio & Headphones Model-908,Electronics,Audio & Headphones,Aura,16.5,22.42,1
1908,SKU-BEA-001908,Prism Haircare Model-909,Beauty & Care,Haircare,Prism,399.19,991.95,1
1909,SKU-BEA-001909,Aura Personal Care Model-910,Beauty & Care,Personal Care,Aura,327.02,566.91,1
1910,SKU-AUT-001910,Prism Tools & Equipment Model-911,Automotive,Tools & Equipment,Prism,271.29,632.88,1
1911,SKU-HOM-001911,Zenith Cookware Model-912,Home & Kitchen,Cookware,Zenith,177.6,354.77,1
1912,SKU-BEA-001912,Vortex Personal Care Model-913,Beauty & Care,Personal Care,Vortex,75.02,139.86,1
1913,SKU-ELE-001913,Nova Smartphones Model-914,Electronics,Smartphones,Nova,242.29,350.51,1
1914,SKU-HOM-001914,Aura Small Appliances Model-915,Home & Kitchen,Small Appliances,Aura,182.13,419.98,1
1915,SKU-AUT-001915,Pulse Tools & Equipment Model-916,Automotive,Tools & Equipment,Pulse,375.12,644.71,1
1916,SKU-GRO-001916,Zenith Breakfast Model-917,Grocery & Pantry,Breakfast,Zenith,270.39,562.01,1
1917,SKU-SPO-001917,Titan Team Sports Model-918,Sports & Outdoors,Team Sports,Titan,253.76,509.25,1
1918,SKU-HOM-001918,Velocity Storage Model-919,Home & Kitchen,Storage,Velocity,223.06,423.41,1
1919,SKU-TOY-001919,Lumina Outdoor Toys Model-920,Toys & Games,Outdoor Toys,Lumina,16.63,26.05,1
1920,SKU-HOM-001920,Horizon Small Appliances Model-921,Home & Kitchen,Small Appliances,Horizon,270.18,418.11,1
1921,SKU-APP-001921,Nova Women's Clothing Model-922,Apparel,Women's Clothing,Nova,405.87,961.83,1
1922,SKU-ELE-001922,Matrix Wearables Model-923,Electronics,Wearables,Matrix,379.02,831.13,1
1923,SKU-HOM-001923,Apex Cookware Model-924,Home & Kitchen,Cookware,Apex,437.66,793.02,0
1924,SKU-ELE-001924,Horizon Laptops Model-925,Electronics,Laptops,Horizon,140.74,333.55,1
1925,SKU-TOY-001925,Sol Puzzles Model-926,Toys & Games,Puzzles,Sol,358.76,513.81,1
1926,SKU-HOM-001926,Apex Storage Model-927,Home & Kitchen,Storage,Apex,88.65,166.09,1
1927,SKU-BEA-001927,Vortex Personal Care Model-928,Beauty & Care,Personal Care,Vortex,253.42,596.69,1
1928,SKU-SPO-001928,Echo Camping & Hiking Model-929,Sports & Outdoors,Camping & Hiking,Echo,131.27,296.67,1
1929,SKU-APP-001929,Vortex Footwear Model-930,Apparel,Footwear,Vortex,233.94,338.39,1
1930,SKU-HOM-001930,Prism Storage Model-931,Home & Kitchen,Storage,Prism,351.99,608.68,1
1931,SKU-SPO-001931,Apex Water Sports Model-932,Sports & Outdoors,Water Sports,Apex,143.75,357.07,1
1932,SKU-BEA-001932,Horizon Cosmetics Model-933,Beauty & Care,Cosmetics,Horizon,192.88,426.17,1
1933,SKU-ELE-001933,Vortex Accessories Model-934,Electronics,Accessories,Vortex,85.71,192.05,1
1934,SKU-SPO-001934,Titan Camping & Hiking Model-935,Sports & Outdoors,Camping & Hiking,Titan,434.51,544.97,1
1935,SKU-GRO-001935,Apex Beverages Model-936,Grocery & Pantry,Beverages,Apex,369.8,692.9,1
1936,SKU-HOM-001936,Matrix Decor Model-937,Home & Kitchen,Decor,Matrix,57.71,89.48,1
1937,SKU-BEA-001937,Velocity Cosmetics Model-938,Beauty & Care,Cosmetics,Velocity,159.4,275.64,1
1938,SKU-BEA-001938,Matrix Personal Care Model-939,Beauty & Care,Personal Care,Matrix,313.47,678.12,1
1939,SKU-BEA-001939,Lumina Personal Care Model-940,Beauty & Care,Personal Care,Lumina,150.89,210.12,1
1940,SKU-APP-001940,Lumina Footwear Model-941,Apparel,Footwear,Lumina,45.83,65.38,1
1941,SKU-SPO-001941,Apex Water Sports Model-942,Sports & Outdoors,Water Sports,Apex,79.07,183.23,1
1942,SKU-APP-001942,Pulse Footwear Model-943,Apparel,Footwear,Pulse,125.28,193.07,1
1943,SKU-SPO-001943,Velocity Camping & Hiking Model-944,Sports & Outdoors,Camping & Hiking,Velocity,122.1,241.12,1
1944,SKU-TOY-001944,Summit Outdoor Toys Model-945,Toys & Games,Outdoor Toys,Summit,407.21,579.44,1
1945,SKU-ELE-001945,Velocity Audio & Headphones Model-946,Electronics,Audio & Headphones,Velocity,132.6,289.83,1
1946,SKU-BEA-001946,Velocity Skincare Model-947,Beauty & Care,Skincare,Velocity,93.35,163.28,1
1947,SKU-APP-001947,Nova Sportswear Model-948,Apparel,Sportswear,Nova,127.63,259.81,0
1948,SKU-BEA-001948,Sol Fragrances Model-949,Beauty & Care,Fragrances,Sol,262.46,357.45,1
1949,SKU-ELE-001949,Zenith Wearables Model-950,Electronics,Wearables,Zenith,197,343.57,1
1950,SKU-BEA-001950,Horizon Fragrances Model-951,Beauty & Care,Fragrances,Horizon,240.1,568.39,1
1951,SKU-HOM-001951,Nova Furniture Model-952,Home & Kitchen,Furniture,Nova,185.82,380.71,1
1952,SKU-GRO-001952,Nova Condiments Model-953,Grocery & Pantry,Condiments,Nova,425.34,970.98,1
1953,SKU-HOM-001953,Nova Decor Model-954,Home & Kitchen,Decor,Nova,382.93,756.29,1
1954,SKU-GRO-001954,Prism Organic Foods Model-955,Grocery & Pantry,Organic Foods,Prism,266.17,388.2,1
1955,SKU-BEA-001955,Titan Fragrances Model-956,Beauty & Care,Fragrances,Titan,24.83,56.22,1
1956,SKU-SPO-001956,Sol Camping & Hiking Model-957,Sports & Outdoors,Camping & Hiking,Sol,355.4,468.78,1
1957,SKU-GRO-001957,Zenith Organic Foods Model-958,Grocery & Pantry,Organic Foods,Zenith,150.5,367.35,1
1958,SKU-GRO-001958,Sol Breakfast Model-959,Grocery & Pantry,Breakfast,Sol,99.71,198.22,0
1959,SKU-APP-001959,Pulse Accessories Model-960,Apparel,Accessories,Pulse,11.87,26.52,1
1960,SKU-GRO-001960,Aura Condiments Model-961,Grocery & Pantry,Condiments,Aura,224.61,396.81,1
1961,SKU-AUT-001961,Prism Oils & Fluids Model-962,Automotive,Oils & Fluids,Prism,375.09,827.54,1
1962,SKU-TOY-001962,Matrix Board Games Model-963,Toys & Games,Board Games,Matrix,37.01,85.22,1
1963,SKU-APP-001963,Zenith Men's Clothing Model-964,Apparel,Men's Clothing,Zenith,199.32,486.95,1
1964,SKU-SPO-001964,Lumina Water Sports Model-965,Sports & Outdoors,Water Sports,Lumina,378.19,572.4,1
1965,SKU-BEA-001965,Aura Fragrances Model-966,Beauty & Care,Fragrances,Aura,194.63,434.56,1
1966,SKU-AUT-001966,Summit Tools & Equipment Model-967,Automotive,Tools & Equipment,Summit,279.17,621.38,1
1967,SKU-APP-001967,Titan Footwear Model-968,Apparel,Footwear,Titan,206.55,441.02,1
1968,SKU-APP-001968,Prism Accessories Model-969,Apparel,Accessories,Prism,111.53,272.94,1
1969,SKU-SPO-001969,Nova Water Sports Model-970,Sports & Outdoors,Water Sports,Nova,47.34,100.02,1
1970,SKU-ELE-001970,Apex Accessories Model-971,Electronics,Accessories,Apex,439,777.27,1
1971,SKU-BEA-001971,Velocity Haircare Model-972,Beauty & Care,Haircare,Velocity,446.22,1025.63,1
1972,SKU-HOM-001972,Sol Small Appliances Model-973,Home & Kitchen,Small Appliances,Sol,320.57,606.33,1
1973,SKU-HOM-001973,Sol Decor Model-974,Home & Kitchen,Decor,Sol,196.89,446.59,1
1974,SKU-ELE-001974,Apex Wearables Model-975,Electronics,Wearables,Apex,125.7,252.67,1
1975,SKU-BEA-001975,Echo Fragrances Model-976,Beauty & Care,Fragrances,Echo,431.79,573.95,1
1976,SKU-APP-001976,Prism Footwear Model-977,Apparel,Footwear,Prism,59.34,89.62,1
1977,SKU-GRO-001977,Horizon Snacks Model-978,Grocery & Pantry,Snacks,Horizon,409.34,677.86,1
1978,SKU-GRO-001978,Horizon Snacks Model-979,Grocery & Pantry,Snacks,Horizon,291.74,623.68,1
1979,SKU-SPO-001979,Echo Camping & Hiking Model-980,Sports & Outdoors,Camping & Hiking,Echo,247.27,472.37,1
1980,SKU-TOY-001980,Horizon Puzzles Model-981,Toys & Games,Puzzles,Horizon,258.73,506.53,1
1981,SKU-HOM-001981,Lumina Decor Model-982,Home & Kitchen,Decor,Lumina,428.53,829.79,1
1982,SKU-AUT-001982,Summit Car Care Model-983,Automotive,Car Care,Summit,427.94,783.75,1
1983,SKU-HOM-001983,Horizon Storage Model-984,Home & Kitchen,Storage,Horizon,76.11,122.15,1
1984,SKU-HOM-001984,Matrix Small Appliances Model-985,Home & Kitchen,Small Appliances,Matrix,364.14,735.18,1
1985,SKU-AUT-001985,Prism Interior Accessories Model-986,Automotive,Interior Accessories,Prism,77.04,169.53,1
1986,SKU-ELE-001986,Velocity Accessories Model-987,Electronics,Accessories,Velocity,138.5,179.99,1
1987,SKU-SPO-001987,Horizon Water Sports Model-988,Sports & Outdoors,Water Sports,Horizon,360.02,730.42,1
1988,SKU-HOM-001988,Summit Small Appliances Model-989,Home & Kitchen,Small Appliances,Summit,266.97,455.56,1
1989,SKU-GRO-001989,Sol Breakfast Model-990,Grocery & Pantry,Breakfast,Sol,51.94,99.99,1
1990,SKU-AUT-001990,Summit Interior Accessories Model-991,Automotive,Interior Accessories,Summit,134.58,201.95,1
1991,SKU-TOY-001991,Zenith Outdoor Toys Model-992,Toys & Games,Outdoor Toys,Zenith,306.78,722.5,1
1992,SKU-TOY-001992,Titan Outdoor Toys Model-993,Toys & Games,Outdoor Toys,Titan,102.87,184.54,1
1993,SKU-SPO-001993,Zenith Water Sports Model-994,Sports & Outdoors,Water Sports,Zenith,61.09,79.34,1
1994,SKU-SPO-001994,Apex Water Sports Model-995,Sports & Outdoors,Water Sports,Apex,288.26,522.84,1
1995,SKU-SPO-001995,Echo Fitness Gear Model-996,Sports & Outdoors,Fitness Gear,Echo,181.54,305.96,1
1996,SKU-ELE-001996,Titan Accessories Model-997,Electronics,Accessories,Titan,341.83,636.16,1
1997,SKU-ELE-001997,Echo Smartphones Model-998,Electronics,Smartphones,Echo,75.33,126.74,1
1998,SKU-ELE-001998,Echo Smart Home Model-999,Electronics,Smart Home,Echo,405.17,912.58,0
1999,SKU-SPO-001999,Horizon Team Sports Model-1000,Sports & Outdoors,Team Sports,Horizon,182.44,301.26,1
2000,SKU-ELE-002000,Apex Accessories Model-001,Electronics,Accessories,Apex,117.11,191.49,1
2001,SKU-HOM-002001,Summit Cookware Model-002,Home & Kitchen,Cookware,Summit,236.12,535.51,0
2002,SKU-ELE-002002,Velocity Wearables Model-003,Electronics,Wearables,Velocity,289.47,610.12,1
2003,SKU-ELE-002003,Lumina Laptops Model-004,Electronics,Laptops,Lumina,403.07,796.22,1
2004,SKU-APP-002004,Sol Outerwear Model-005,Apparel,Outerwear,Sol,38.78,56.24,1
2005,SKU-HOM-002005,Velocity Bedding Model-006,Home & Kitchen,Bedding,Velocity,407.08,859.64,1
2006,SKU-AUT-002006,Lumina Car Care Model-007,Automotive,Car Care,Lumina,239.04,335.27,1
2007,SKU-BEA-002007,Pulse Haircare Model-008,Beauty & Care,Haircare,Pulse,445.46,1017.17,1
2008,SKU-ELE-002008,Summit Smart Home Model-009,Electronics,Smart Home,Summit,188.46,426.85,1
2009,SKU-HOM-002009,Horizon Furniture Model-010,Home & Kitchen,Furniture,Horizon,406.34,757.74,1
2010,SKU-SPO-002010,Sol Cycling Model-011,Sports & Outdoors,Cycling,Sol,185.97,330.6,1
2011,SKU-GRO-002011,Pulse Breakfast Model-012,Grocery & Pantry,Breakfast,Pulse,39.58,75.4,1
2012,SKU-BEA-002012,Lumina Haircare Model-013,Beauty & Care,Haircare,Lumina,375.4,607.05,1
2013,SKU-SPO-002013,Vortex Water Sports Model-014,Sports & Outdoors,Water Sports,Vortex,125.76,219.79,1
2014,SKU-GRO-002014,Apex Canned Goods Model-015,Grocery & Pantry,Canned Goods,Apex,404.81,818.11,1
2015,SKU-ELE-002015,Lumina Wearables Model-016,Electronics,Wearables,Lumina,13.06,30.45,1
2016,SKU-GRO-002016,Horizon Breakfast Model-017,Grocery & Pantry,Breakfast,Horizon,60.29,112.43,1
2017,SKU-AUT-002017,Velocity Oils & Fluids Model-018,Automotive,Oils & Fluids,Velocity,118.9,244.25,1
2018,SKU-AUT-002018,Prism Car Care Model-019,Automotive,Car Care,Prism,433.47,848.93,1
2019,SKU-HOM-002019,Summit Bedding Model-020,Home & Kitchen,Bedding,Summit,448.8,603.14,1
2020,SKU-HOM-002020,Zenith Storage Model-021,Home & Kitchen,Storage,Zenith,103,130.63,1
2021,SKU-BEA-002021,Echo Skincare Model-022,Beauty & Care,Skincare,Echo,406.65,768.1,1
2022,SKU-APP-002022,Velocity Men's Clothing Model-023,Apparel,Men's Clothing,Velocity,191.22,307.42,1
2023,SKU-BEA-002023,Velocity Cosmetics Model-024,Beauty & Care,Cosmetics,Velocity,396.27,595.85,1
2024,SKU-TOY-002024,Echo Educational Toys Model-025,Toys & Games,Educational Toys,Echo,252.24,316.93,1
2025,SKU-AUT-002025,Apex Interior Accessories Model-026,Automotive,Interior Accessories,Apex,377.98,586.1,1
2026,SKU-APP-002026,Matrix Sportswear Model-027,Apparel,Sportswear,Matrix,120.68,280.66,1
2027,SKU-HOM-002027,Echo Decor Model-028,Home & Kitchen,Decor,Echo,220.81,445.19,1
2028,SKU-ELE-002028,Horizon Audio & Headphones Model-029,Electronics,Audio & Headphones,Horizon,148.4,232.55,1
2029,SKU-HOM-002029,Lumina Small Appliances Model-030,Home & Kitchen,Small Appliances,Lumina,338.36,631.84,1
2030,SKU-ELE-002030,Matrix Accessories Model-031,Electronics,Accessories,Matrix,206.4,504.14,1
2031,SKU-GRO-002031,Zenith Condiments Model-032,Grocery & Pantry,Condiments,Zenith,129.75,203.91,1
2032,SKU-TOY-002032,Summit Educational Toys Model-033,Toys & Games,Educational Toys,Summit,334.25,597.63,1
2033,SKU-GRO-002033,Velocity Canned Goods Model-034,Grocery & Pantry,Canned Goods,Velocity,386.13,581.55,1
2034,SKU-GRO-002034,Summit Beverages Model-035,Grocery & Pantry,Beverages,Summit,407.21,584.26,1
2035,SKU-GRO-002035,Vortex Organic Foods Model-036,Grocery & Pantry,Organic Foods,Vortex,243.76,531.82,1
2036,SKU-TOY-002036,Summit Board Games Model-037,Toys & Games,Board Games,Summit,275.2,651.2,1
2037,SKU-GRO-002037,Apex Condiments Model-038,Grocery & Pantry,Condiments,Apex,422.05,694.24,1
2038,SKU-GRO-002038,Pulse Canned Goods Model-039,Grocery & Pantry,Canned Goods,Pulse,329.53,413.85,0
2039,SKU-BEA-002039,Velocity Cosmetics Model-040,Beauty & Care,Cosmetics,Velocity,175.2,239.74,1
2040,SKU-SPO-002040,Aura Water Sports Model-041,Sports & Outdoors,Water Sports,Aura,183.14,305.48,1
2041,SKU-TOY-002041,Prism Action Figures Model-042,Toys & Games,Action Figures,Prism,335.45,613.43,1
2042,SKU-BEA-002042,Horizon Personal Care Model-043,Beauty & Care,Personal Care,Horizon,433.42,560.53,1
2043,SKU-TOY-002043,Pulse Puzzles Model-044,Toys & Games,Puzzles,Pulse,12.53,22.25,1
2044,SKU-HOM-002044,Nova Furniture Model-045,Home & Kitchen,Furniture,Nova,336.18,492.46,1
2045,SKU-HOM-002045,Titan Storage Model-046,Home & Kitchen,Storage,Titan,330.35,817.31,1
2046,SKU-APP-002046,Velocity Sportswear Model-047,Apparel,Sportswear,Velocity,319.41,656.96,1
2047,SKU-ELE-002047,Zenith Accessories Model-048,Electronics,Accessories,Zenith,310.04,642.56,1
2048,SKU-HOM-002048,Matrix Bedding Model-049,Home & Kitchen,Bedding,Matrix,367.05,807.63,1
2049,SKU-GRO-002049,Aura Organic Foods Model-050,Grocery & Pantry,Organic Foods,Aura,324.34,425.36,1
2050,SKU-SPO-002050,Apex Team Sports Model-051,Sports & Outdoors,Team Sports,Apex,251.02,369.68,1
2051,SKU-BEA-002051,Horizon Cosmetics Model-052,Beauty & Care,Cosmetics,Horizon,438.16,942.57,1
2052,SKU-AUT-002052,Vortex Tools & Equipment Model-053,Automotive,Tools & Equipment,Vortex,29.48,39.9,0
2053,SKU-AUT-002053,Summit Car Care Model-054,Automotive,Car Care,Summit,358.83,873.53,1
2054,SKU-GRO-002054,Echo Breakfast Model-055,Grocery & Pantry,Breakfast,Echo,286.24,686.91,1
2055,SKU-GRO-002055,Aura Condiments Model-056,Grocery & Pantry,Condiments,Aura,367.39,845.15,1
2056,SKU-ELE-002056,Velocity Smartphones Model-057,Electronics,Smartphones,Velocity,256.65,573.41,0
2057,SKU-SPO-002057,Summit Water Sports Model-058,Sports & Outdoors,Water Sports,Summit,240.3,346.81,1
2058,SKU-ELE-002058,Echo Audio & Headphones Model-059,Electronics,Audio & Headphones,Echo,299.99,619.11,1
2059,SKU-APP-002059,Velocity Women's Clothing Model-060,Apparel,Women's Clothing,Velocity,53.83,95.68,1
2060,SKU-ELE-002060,Sol Accessories Model-061,Electronics,Accessories,Sol,245.9,319.71,1
2061,SKU-HOM-002061,Echo Bedding Model-062,Home & Kitchen,Bedding,Echo,74.54,183.4,1
2062,SKU-GRO-002062,Horizon Condiments Model-063,Grocery & Pantry,Condiments,Horizon,286.88,411.75,1
2063,SKU-SPO-002063,Matrix Water Sports Model-064,Sports & Outdoors,Water Sports,Matrix,87.41,203.55,1
2064,SKU-HOM-002064,Velocity Cookware Model-065,Home & Kitchen,Cookware,Velocity,182.85,282.62,1
2065,SKU-HOM-002065,Echo Storage Model-066,Home & Kitchen,Storage,Echo,218.74,503.52,1
2066,SKU-ELE-002066,Vortex Wearables Model-067,Electronics,Wearables,Vortex,435.43,921.77,1
2067,SKU-GRO-002067,Apex Organic Foods Model-068,Grocery & Pantry,Organic Foods,Apex,33.81,58.07,1
2068,SKU-GRO-002068,Sol Canned Goods Model-069,Grocery & Pantry,Canned Goods,Sol,5.7,13.04,1
2069,SKU-SPO-002069,Aura Water Sports Model-070,Sports & Outdoors,Water Sports,Aura,328.73,484.75,1
2070,SKU-ELE-002070,Summit Smartphones Model-071,Electronics,Smartphones,Summit,19.19,36.35,1
2071,SKU-BEA-002071,Zenith Haircare Model-072,Beauty & Care,Haircare,Zenith,61.76,102.74,1
2072,SKU-APP-002072,Titan Footwear Model-073,Apparel,Footwear,Titan,420.32,736.48,1
2073,SKU-ELE-002073,Sol Laptops Model-074,Electronics,Laptops,Sol,273.19,501.1,1
2074,SKU-APP-002074,Apex Footwear Model-075,Apparel,Footwear,Apex,442.38,875.3,1
2075,SKU-GRO-002075,Sol Breakfast Model-076,Grocery & Pantry,Breakfast,Sol,302.52,752.89,1
2076,SKU-BEA-002076,Matrix Skincare Model-077,Beauty & Care,Skincare,Matrix,338.29,592.26,1
2077,SKU-SPO-002077,Echo Water Sports Model-078,Sports & Outdoors,Water Sports,Echo,279.32,534.36,1
2078,SKU-AUT-002078,Nova Tools & Equipment Model-079,Automotive,Tools & Equipment,Nova,279.35,522.33,1
2079,SKU-AUT-002079,Apex Car Care Model-080,Automotive,Car Care,Apex,151.08,360.07,1
2080,SKU-AUT-002080,Summit Tools & Equipment Model-081,Automotive,Tools & Equipment,Summit,265.43,538.03,1
2081,SKU-SPO-002081,Pulse Camping & Hiking Model-082,Sports & Outdoors,Camping & Hiking,Pulse,410.95,547.83,1
2082,SKU-BEA-002082,Nova Personal Care Model-083,Beauty & Care,Personal Care,Nova,399.07,756.05,1
2083,SKU-SPO-002083,Echo Cycling Model-084,Sports & Outdoors,Cycling,Echo,265.82,365.05,1
2084,SKU-BEA-002084,Aura Haircare Model-085,Beauty & Care,Haircare,Aura,349.7,624.2,1
2085,SKU-HOM-002085,Sol Decor Model-086,Home & Kitchen,Decor,Sol,179.37,302.98,1
2086,SKU-TOY-002086,Vortex Action Figures Model-087,Toys & Games,Action Figures,Vortex,419.91,619.29,1
2087,SKU-GRO-002087,Velocity Organic Foods Model-088,Grocery & Pantry,Organic Foods,Velocity,288.44,440.81,1
2088,SKU-SPO-002088,Summit Fitness Gear Model-089,Sports & Outdoors,Fitness Gear,Summit,148.06,202.9,0
2089,SKU-TOY-002089,Sol Educational Toys Model-090,Toys & Games,Educational Toys,Sol,262.89,494.35,1
2090,SKU-APP-002090,Horizon Outerwear Model-091,Apparel,Outerwear,Horizon,216.55,463.17,1
2091,SKU-SPO-002091,Echo Camping & Hiking Model-092,Sports & Outdoors,Camping & Hiking,Echo,98.63,233.13,1
2092,SKU-APP-002092,Nova Accessories Model-093,Apparel,Accessories,Nova,289.63,515.18,1
2093,SKU-AUT-002093,Titan Interior Accessories Model-094,Automotive,Interior Accessories,Titan,210.8,395.31,1
2094,SKU-TOY-002094,Lumina Outdoor Toys Model-095,Toys & Games,Outdoor Toys,Lumina,65.92,142.99,1
2095,SKU-TOY-002095,Sol Puzzles Model-096,Toys & Games,Puzzles,Sol,70.13,111.29,1
2096,SKU-HOM-002096,Summit Cookware Model-097,Home & Kitchen,Cookware,Summit,210.83,420.61,1
2097,SKU-HOM-002097,Echo Storage Model-098,Home & Kitchen,Storage,Echo,37.72,58.74,1
2098,SKU-ELE-002098,Prism Wearables Model-099,Electronics,Wearables,Prism,329.54,714.99,1
2099,SKU-SPO-002099,Prism Team Sports Model-100,Sports & Outdoors,Team Sports,Prism,371.29,514.47,1
2100,SKU-HOM-002100,Apex Small Appliances Model-101,Home & Kitchen,Small Appliances,Apex,91.72,228.45,1
2101,SKU-HOM-002101,Nova Storage Model-102,Home & Kitchen,Storage,Nova,66.76,159.87,1
2102,SKU-GRO-002102,Pulse Snacks Model-103,Grocery & Pantry,Snacks,Pulse,124.73,206.09,1
2103,SKU-ELE-002103,Summit Smartphones Model-104,Electronics,Smartphones,Summit,40.71,91.41,1
2104,SKU-TOY-002104,Aura Board Games Model-105,Toys & Games,Board Games,Aura,398.96,573.73,1
2105,SKU-AUT-002105,Lumina Tools & Equipment Model-106,Automotive,Tools & Equipment,Lumina,45.3,65.05,1
2106,SKU-SPO-002106,Velocity Cycling Model-107,Sports & Outdoors,Cycling,Velocity,268.06,519.62,1
2107,SKU-APP-002107,Sol Sportswear Model-108,Apparel,Sportswear,Sol,430.34,606.06,1
2108,SKU-BEA-002108,Sol Cosmetics Model-109,Beauty & Care,Cosmetics,Sol,174.01,253.29,1
2109,SKU-HOM-002109,Nova Furniture Model-110,Home & Kitchen,Furniture,Nova,420.49,644.73,1
2110,SKU-ELE-002110,Lumina Smartphones Model-111,Electronics,Smartphones,Lumina,274.02,518.26,1
2111,SKU-ELE-002111,Apex Laptops Model-112,Electronics,Laptops,Apex,111.58,203.33,1
2112,SKU-HOM-002112,Zenith Small Appliances Model-113,Home & Kitchen,Small Appliances,Zenith,262.87,447.3,1
2113,SKU-SPO-002113,Zenith Water Sports Model-114,Sports & Outdoors,Water Sports,Zenith,208.62,335.83,1
2114,SKU-APP-002114,Horizon Women's Clothing Model-115,Apparel,Women's Clothing,Horizon,177.48,367.78,1
2115,SKU-APP-002115,Prism Sportswear Model-116,Apparel,Sportswear,Prism,342.28,491.13,1
2116,SKU-AUT-002116,Echo Interior Accessories Model-117,Automotive,Interior Accessories,Echo,388.6,867.65,1
2117,SKU-TOY-002117,Matrix Puzzles Model-118,Toys & Games,Puzzles,Matrix,364.17,651.05,1
2118,SKU-GRO-002118,Matrix Beverages Model-119,Grocery & Pantry,Beverages,Matrix,349.65,482.42,1
2119,SKU-APP-002119,Vortex Men's Clothing Model-120,Apparel,Men's Clothing,Vortex,287.82,447.12,1
2120,SKU-HOM-002120,Lumina Storage Model-121,Home & Kitchen,Storage,Lumina,380.65,768.23,1
2121,SKU-ELE-002121,Horizon Wearables Model-122,Electronics,Wearables,Horizon,365.98,910.89,1
2122,SKU-AUT-002122,Velocity Car Care Model-123,Automotive,Car Care,Velocity,244.49,540.84,1
2123,SKU-GRO-002123,Titan Organic Foods Model-124,Grocery & Pantry,Organic Foods,Titan,417.85,963.09,1
2124,SKU-BEA-002124,Summit Fragrances Model-125,Beauty & Care,Fragrances,Summit,100.25,164.49,1
2125,SKU-AUT-002125,Vortex Oils & Fluids Model-126,Automotive,Oils & Fluids,Vortex,136.89,298.56,1
2126,SKU-GRO-002126,Lumina Beverages Model-127,Grocery & Pantry,Beverages,Lumina,33.02,47.24,1
2127,SKU-ELE-002127,Aura Smartphones Model-128,Electronics,Smartphones,Aura,417.31,551.31,1
2128,SKU-HOM-002128,Horizon Furniture Model-129,Home & Kitchen,Furniture,Horizon,371.71,784.84,1
2129,SKU-APP-002129,Nova Men's Clothing Model-130,Apparel,Men's Clothing,Nova,412.66,639.82,1
2130,SKU-TOY-002130,Prism Puzzles Model-131,Toys & Games,Puzzles,Prism,426.55,938.63,1
2131,SKU-APP-002131,Horizon Footwear Model-132,Apparel,Footwear,Horizon,340.03,770.88,1
2132,SKU-HOM-002132,Apex Small Appliances Model-133,Home & Kitchen,Small Appliances,Apex,284.18,377.32,1
2133,SKU-BEA-002133,Horizon Fragrances Model-134,Beauty & Care,Fragrances,Horizon,98.19,204.35,1
2134,SKU-GRO-002134,Titan Condiments Model-135,Grocery & Pantry,Condiments,Titan,273.05,582.71,1
2135,SKU-ELE-002135,Matrix Accessories Model-136,Electronics,Accessories,Matrix,92.03,123.77,1
2136,SKU-TOY-002136,Aura Puzzles Model-137,Toys & Games,Puzzles,Aura,175.73,274.34,1
2137,SKU-HOM-002137,Pulse Cookware Model-138,Home & Kitchen,Cookware,Pulse,279.43,543.66,1
2138,SKU-APP-002138,Echo Accessories Model-139,Apparel,Accessories,Echo,333.87,428,1
2139,SKU-TOY-002139,Matrix Action Figures Model-140,Toys & Games,Action Figures,Matrix,126.99,193.46,1
2140,SKU-BEA-002140,Pulse Skincare Model-141,Beauty & Care,Skincare,Pulse,384.7,859.51,1
2141,SKU-GRO-002141,Lumina Organic Foods Model-142,Grocery & Pantry,Organic Foods,Lumina,437.63,935.51,1
2142,SKU-BEA-002142,Matrix Skincare Model-143,Beauty & Care,Skincare,Matrix,25.94,56.32,1
2143,SKU-TOY-002143,Vortex Board Games Model-144,Toys & Games,Board Games,Vortex,326.63,735.78,1
2144,SKU-ELE-002144,Summit Laptops Model-145,Electronics,Laptops,Summit,181.88,406.54,1
2145,SKU-GRO-002145,Matrix Breakfast Model-146,Grocery & Pantry,Breakfast,Matrix,9.16,16.72,1
2146,SKU-HOM-002146,Prism Bedding Model-147,Home & Kitchen,Bedding,Prism,167.3,314.19,1
2147,SKU-HOM-002147,Apex Storage Model-148,Home & Kitchen,Storage,Apex,288.62,397.07,1
2148,SKU-TOY-002148,Zenith Puzzles Model-149,Toys & Games,Puzzles,Zenith,39.74,94.68,1
2149,SKU-SPO-002149,Matrix Fitness Gear Model-150,Sports & Outdoors,Fitness Gear,Matrix,184.29,302.9,1
2150,SKU-APP-002150,Summit Men's Clothing Model-151,Apparel,Men's Clothing,Summit,340.84,789.48,1
2151,SKU-AUT-002151,Sol Tools & Equipment Model-152,Automotive,Tools & Equipment,Sol,73.07,164.94,1
2152,SKU-AUT-002152,Vortex Car Care Model-153,Automotive,Car Care,Vortex,257.03,633.81,1
2153,SKU-AUT-002153,Titan Tools & Equipment Model-154,Automotive,Tools & Equipment,Titan,97.65,227.81,1
2154,SKU-HOM-002154,Lumina Furniture Model-155,Home & Kitchen,Furniture,Lumina,64.6,122.73,1
2155,SKU-HOM-002155,Nova Decor Model-156,Home & Kitchen,Decor,Nova,365.76,900.12,1
2156,SKU-ELE-002156,Vortex Audio & Headphones Model-157,Electronics,Audio & Headphones,Vortex,229.08,521.77,0
2157,SKU-APP-002157,Vortex Women's Clothing Model-158,Apparel,Women's Clothing,Vortex,421.32,894.72,1
2158,SKU-APP-002158,Velocity Men's Clothing Model-159,Apparel,Men's Clothing,Velocity,446.52,758.04,1
2159,SKU-GRO-002159,Titan Condiments Model-160,Grocery & Pantry,Condiments,Titan,280.51,601.25,1
2160,SKU-ELE-002160,Zenith Smart Home Model-161,Electronics,Smart Home,Zenith,404.14,727.49,1
2161,SKU-AUT-002161,Summit Interior Accessories Model-162,Automotive,Interior Accessories,Summit,395.97,966.03,0
2162,SKU-GRO-002162,Lumina Organic Foods Model-163,Grocery & Pantry,Organic Foods,Lumina,329.59,542.23,1
2163,SKU-AUT-002163,Echo Car Care Model-164,Automotive,Car Care,Echo,366.81,499.59,1
2164,SKU-GRO-002164,Aura Breakfast Model-165,Grocery & Pantry,Breakfast,Aura,81.56,149.78,1
2165,SKU-GRO-002165,Lumina Canned Goods Model-166,Grocery & Pantry,Canned Goods,Lumina,313.96,423.57,1
2166,SKU-BEA-002166,Titan Personal Care Model-167,Beauty & Care,Personal Care,Titan,279.29,599.08,1
2167,SKU-HOM-002167,Sol Storage Model-168,Home & Kitchen,Storage,Sol,280.82,361.58,1
2168,SKU-BEA-002168,Titan Skincare Model-169,Beauty & Care,Skincare,Titan,280.87,510.69,0
2169,SKU-BEA-002169,Nova Fragrances Model-170,Beauty & Care,Fragrances,Nova,27.46,67.52,1
2170,SKU-GRO-002170,Nova Condiments Model-171,Grocery & Pantry,Condiments,Nova,339.46,743.99,1
2171,SKU-BEA-002171,Velocity Fragrances Model-172,Beauty & Care,Fragrances,Velocity,125.77,244.44,1
2172,SKU-APP-002172,Titan Accessories Model-173,Apparel,Accessories,Titan,149.22,273.81,1
2173,SKU-APP-002173,Prism Men's Clothing Model-174,Apparel,Men's Clothing,Prism,443.16,579.96,1
2174,SKU-BEA-002174,Matrix Personal Care Model-175,Beauty & Care,Personal Care,Matrix,136.31,207.58,1
2175,SKU-AUT-002175,Horizon Car Care Model-176,Automotive,Car Care,Horizon,145.4,262.19,1
2176,SKU-AUT-002176,Titan Car Care Model-177,Automotive,Car Care,Titan,409.52,994.44,1
2177,SKU-GRO-002177,Pulse Beverages Model-178,Grocery & Pantry,Beverages,Pulse,127.15,183.51,1
2178,SKU-HOM-002178,Sol Bedding Model-179,Home & Kitchen,Bedding,Sol,39,51.13,1
2179,SKU-ELE-002179,Lumina Audio & Headphones Model-180,Electronics,Audio & Headphones,Lumina,421.08,884.19,1
2180,SKU-GRO-002180,Velocity Snacks Model-181,Grocery & Pantry,Snacks,Velocity,332.11,676.13,1
2181,SKU-SPO-002181,Summit Fitness Gear Model-182,Sports & Outdoors,Fitness Gear,Summit,168.77,418.35,1
2182,SKU-TOY-002182,Velocity Educational Toys Model-183,Toys & Games,Educational Toys,Velocity,208.68,490.15,1
2183,SKU-BEA-002183,Pulse Personal Care Model-184,Beauty & Care,Personal Care,Pulse,386.75,580.33,1
2184,SKU-AUT-002184,Nova Interior Accessories Model-185,Automotive,Interior Accessories,Nova,309.23,445.59,1
2185,SKU-HOM-002185,Lumina Small Appliances Model-186,Home & Kitchen,Small Appliances,Lumina,375.52,522.94,1
2186,SKU-HOM-002186,Velocity Bedding Model-187,Home & Kitchen,Bedding,Velocity,331.55,420.32,1
2187,SKU-AUT-002187,Horizon Oils & Fluids Model-188,Automotive,Oils & Fluids,Horizon,43.56,75.65,1
2188,SKU-TOY-002188,Zenith Action Figures Model-189,Toys & Games,Action Figures,Zenith,354.8,635.33,1
2189,SKU-APP-002189,Titan Footwear Model-190,Apparel,Footwear,Titan,232.81,366.93,1
2190,SKU-HOM-002190,Aura Cookware Model-191,Home & Kitchen,Cookware,Aura,147.8,190.14,1
2191,SKU-APP-002191,Sol Sportswear Model-192,Apparel,Sportswear,Sol,168.67,362.52,1
2192,SKU-GRO-002192,Vortex Breakfast Model-193,Grocery & Pantry,Breakfast,Vortex,237.69,331.89,1
2193,SKU-APP-002193,Horizon Women's Clothing Model-194,Apparel,Women's Clothing,Horizon,424.97,764.84,1
2194,SKU-APP-002194,Echo Men's Clothing Model-195,Apparel,Men's Clothing,Echo,444.66,670.71,0
2195,SKU-ELE-002195,Titan Laptops Model-196,Electronics,Laptops,Titan,59.85,111.94,1
2196,SKU-GRO-002196,Prism Breakfast Model-197,Grocery & Pantry,Breakfast,Prism,315.34,493.28,1
2197,SKU-APP-002197,Titan Men's Clothing Model-198,Apparel,Men's Clothing,Titan,243.15,506.45,1
2198,SKU-AUT-002198,Aura Interior Accessories Model-199,Automotive,Interior Accessories,Aura,212.31,410.65,1
2199,SKU-GRO-002199,Pulse Breakfast Model-200,Grocery & Pantry,Breakfast,Pulse,409.65,512.32,1
2200,SKU-APP-002200,Velocity Sportswear Model-201,Apparel,Sportswear,Velocity,396.58,508.2,0
2201,SKU-AUT-002201,Vortex Oils & Fluids Model-202,Automotive,Oils & Fluids,Vortex,381.98,790.22,1
2202,SKU-GRO-002202,Summit Organic Foods Model-203,Grocery & Pantry,Organic Foods,Summit,316.08,500.11,1
2203,SKU-HOM-002203,Nova Cookware Model-204,Home & Kitchen,Cookware,Nova,137.56,277.28,1
2204,SKU-ELE-002204,Prism Wearables Model-205,Electronics,Wearables,Prism,409.03,974.3,1
2205,SKU-HOM-002205,Nova Cookware Model-206,Home & Kitchen,Cookware,Nova,449.32,1122.04,1
2206,SKU-AUT-002206,Titan Tools & Equipment Model-207,Automotive,Tools & Equipment,Titan,322.63,467.53,1
2207,SKU-SPO-002207,Sol Cycling Model-208,Sports & Outdoors,Cycling,Sol,66.71,137.66,1
2208,SKU-HOM-002208,Matrix Small Appliances Model-209,Home & Kitchen,Small Appliances,Matrix,437.47,567.79,1
2209,SKU-HOM-002209,Vortex Cookware Model-210,Home & Kitchen,Cookware,Vortex,163.21,265.04,1
2210,SKU-AUT-002210,Lumina Tools & Equipment Model-211,Automotive,Tools & Equipment,Lumina,248.34,350.37,1
2211,SKU-ELE-002211,Titan Wearables Model-212,Electronics,Wearables,Titan,187.16,372.02,1
2212,SKU-ELE-002212,Lumina Smartphones Model-213,Electronics,Smartphones,Lumina,376.35,518.35,1
2213,SKU-ELE-002213,Prism Accessories Model-214,Electronics,Accessories,Prism,15.13,36.11,1
2214,SKU-HOM-002214,Pulse Small Appliances Model-215,Home & Kitchen,Small Appliances,Pulse,132.57,224.14,1
2215,SKU-TOY-002215,Summit Educational Toys Model-216,Toys & Games,Educational Toys,Summit,147.72,208.38,1
2216,SKU-HOM-002216,Vortex Cookware Model-217,Home & Kitchen,Cookware,Vortex,114.35,271.24,1
2217,SKU-HOM-002217,Lumina Cookware Model-218,Home & Kitchen,Cookware,Lumina,374.59,654.1,1
2218,SKU-AUT-002218,Apex Car Care Model-219,Automotive,Car Care,Apex,87.18,211.2,1
2219,SKU-SPO-002219,Zenith Fitness Gear Model-220,Sports & Outdoors,Fitness Gear,Zenith,406.31,598.17,1
2220,SKU-TOY-002220,Summit Outdoor Toys Model-221,Toys & Games,Outdoor Toys,Summit,380.52,784.73,1
2221,SKU-GRO-002221,Matrix Canned Goods Model-222,Grocery & Pantry,Canned Goods,Matrix,44.29,99.81,1
2222,SKU-AUT-002222,Echo Oils & Fluids Model-223,Automotive,Oils & Fluids,Echo,174.2,398.74,1
2223,SKU-SPO-002223,Titan Water Sports Model-224,Sports & Outdoors,Water Sports,Titan,332.27,666.06,1
2224,SKU-SPO-002224,Pulse Team Sports Model-225,Sports & Outdoors,Team Sports,Pulse,362.3,593.93,1
2225,SKU-BEA-002225,Zenith Skincare Model-226,Beauty & Care,Skincare,Zenith,292.85,587.55,1
2226,SKU-SPO-002226,Pulse Cycling Model-227,Sports & Outdoors,Cycling,Pulse,242.43,325.32,1
2227,SKU-TOY-002227,Lumina Board Games Model-228,Toys & Games,Board Games,Lumina,400.71,818.35,1
2228,SKU-APP-002228,Velocity Women's Clothing Model-229,Apparel,Women's Clothing,Velocity,392.82,556.52,1
2229,SKU-BEA-002229,Summit Haircare Model-230,Beauty & Care,Haircare,Summit,267.78,583.59,1
2230,SKU-ELE-002230,Echo Wearables Model-231,Electronics,Wearables,Echo,306.92,635.86,1
2231,SKU-BEA-002231,Apex Haircare Model-232,Beauty & Care,Haircare,Apex,280.2,596.42,1
2232,SKU-SPO-002232,Aura Cycling Model-233,Sports & Outdoors,Cycling,Aura,26.13,53.54,1
2233,SKU-ELE-002233,Velocity Smart Home Model-234,Electronics,Smart Home,Velocity,383.02,897.85,0
2234,SKU-ELE-002234,Zenith Accessories Model-235,Electronics,Accessories,Zenith,133.68,312.56,1
2235,SKU-BEA-002235,Lumina Personal Care Model-236,Beauty & Care,Personal Care,Lumina,368.28,773.26,1
2236,SKU-AUT-002236,Sol Interior Accessories Model-237,Automotive,Interior Accessories,Sol,240.22,324.59,1
2237,SKU-SPO-002237,Pulse Water Sports Model-238,Sports & Outdoors,Water Sports,Pulse,151.26,304.29,1
2238,SKU-AUT-002238,Prism Interior Accessories Model-239,Automotive,Interior Accessories,Prism,327.47,460.41,1
2239,SKU-HOM-002239,Zenith Furniture Model-240,Home & Kitchen,Furniture,Zenith,320.45,709.86,1
2240,SKU-BEA-002240,Echo Haircare Model-241,Beauty & Care,Haircare,Echo,156.03,350.67,1
2241,SKU-ELE-002241,Zenith Smart Home Model-242,Electronics,Smart Home,Zenith,171.84,268.57,1
2242,SKU-ELE-002242,Velocity Accessories Model-243,Electronics,Accessories,Velocity,23.44,29.57,1
2243,SKU-SPO-002243,Zenith Water Sports Model-244,Sports & Outdoors,Water Sports,Zenith,241.74,425.15,1
2244,SKU-GRO-002244,Pulse Snacks Model-245,Grocery & Pantry,Snacks,Pulse,151.88,324.21,1
2245,SKU-HOM-002245,Titan Decor Model-246,Home & Kitchen,Decor,Titan,351,667.41,1
2246,SKU-SPO-002246,Vortex Team Sports Model-247,Sports & Outdoors,Team Sports,Vortex,292.49,520.45,1
2247,SKU-ELE-002247,Lumina Audio & Headphones Model-248,Electronics,Audio & Headphones,Lumina,21.6,35.23,1
2248,SKU-TOY-002248,Lumina Action Figures Model-249,Toys & Games,Action Figures,Lumina,227.38,535.97,1
2249,SKU-AUT-002249,Vortex Interior Accessories Model-250,Automotive,Interior Accessories,Vortex,196.56,450.46,1
2250,SKU-TOY-002250,Velocity Outdoor Toys Model-251,Toys & Games,Outdoor Toys,Velocity,231.36,420.89,1
2251,SKU-TOY-002251,Velocity Outdoor Toys Model-252,Toys & Games,Outdoor Toys,Velocity,349.89,536.85,1
2252,SKU-GRO-002252,Prism Canned Goods Model-253,Grocery & Pantry,Canned Goods,Prism,348.48,768.68,1
2253,SKU-BEA-002253,Horizon Personal Care Model-254,Beauty & Care,Personal Care,Horizon,430.65,1041.08,1
2254,SKU-ELE-002254,Aura Accessories Model-255,Electronics,Accessories,Aura,372.87,779.57,1
2255,SKU-HOM-002255,Apex Storage Model-256,Home & Kitchen,Storage,Apex,126.35,168.06,0
2256,SKU-AUT-002256,Pulse Oils & Fluids Model-257,Automotive,Oils & Fluids,Pulse,102.53,149.62,1
2257,SKU-SPO-002257,Prism Cycling Model-258,Sports & Outdoors,Cycling,Prism,302.48,393.41,1
2258,SKU-HOM-002258,Lumina Storage Model-259,Home & Kitchen,Storage,Lumina,346.9,456.35,1
2259,SKU-SPO-002259,Pulse Water Sports Model-260,Sports & Outdoors,Water Sports,Pulse,165.38,271.41,1
2260,SKU-APP-002260,Sol Men's Clothing Model-261,Apparel,Men's Clothing,Sol,125.66,251.6,1
2261,SKU-AUT-002261,Titan Tools & Equipment Model-262,Automotive,Tools & Equipment,Titan,100.04,242.3,1
2262,SKU-BEA-002262,Lumina Personal Care Model-263,Beauty & Care,Personal Care,Lumina,301.27,727.06,1
2263,SKU-GRO-002263,Sol Beverages Model-264,Grocery & Pantry,Beverages,Sol,138.67,217.33,1
2264,SKU-APP-002264,Apex Footwear Model-265,Apparel,Footwear,Apex,387.49,924.57,1
2265,SKU-SPO-002265,Lumina Water Sports Model-266,Sports & Outdoors,Water Sports,Lumina,86.96,120.58,1
2266,SKU-HOM-002266,Echo Bedding Model-267,Home & Kitchen,Bedding,Echo,264.57,648.38,1
2267,SKU-TOY-002267,Velocity Puzzles Model-268,Toys & Games,Puzzles,Velocity,146.82,343.22,1
2268,SKU-GRO-002268,Sol Breakfast Model-269,Grocery & Pantry,Breakfast,Sol,341.09,839.87,1
2269,SKU-AUT-002269,Zenith Interior Accessories Model-270,Automotive,Interior Accessories,Zenith,241.65,513.55,1
2270,SKU-SPO-002270,Horizon Cycling Model-271,Sports & Outdoors,Cycling,Horizon,314.35,418.3,1
2271,SKU-ELE-002271,Titan Smartphones Model-272,Electronics,Smartphones,Titan,306.08,576.75,1
2272,SKU-APP-002272,Titan Men's Clothing Model-273,Apparel,Men's Clothing,Titan,23.8,56.02,1
2273,SKU-APP-002273,Matrix Sportswear Model-274,Apparel,Sportswear,Matrix,237.13,506.95,1
2274,SKU-HOM-002274,Echo Furniture Model-275,Home & Kitchen,Furniture,Echo,353.92,645.99,1
2275,SKU-ELE-002275,Pulse Wearables Model-276,Electronics,Wearables,Pulse,318.4,714.01,1
2276,SKU-GRO-002276,Horizon Organic Foods Model-277,Grocery & Pantry,Organic Foods,Horizon,442.75,1082.79,1
2277,SKU-AUT-002277,Pulse Tools & Equipment Model-278,Automotive,Tools & Equipment,Pulse,358.07,682.54,1
2278,SKU-BEA-002278,Sol Personal Care Model-279,Beauty & Care,Personal Care,Sol,197.24,432.68,1
2279,SKU-TOY-002279,Sol Educational Toys Model-280,Toys & Games,Educational Toys,Sol,34.99,84.47,1
2280,SKU-SPO-002280,Vortex Fitness Gear Model-281,Sports & Outdoors,Fitness Gear,Vortex,316.58,777.75,1
2281,SKU-ELE-002281,Zenith Smartphones Model-282,Electronics,Smartphones,Zenith,410.8,832.17,1
2282,SKU-AUT-002282,Prism Oils & Fluids Model-283,Automotive,Oils & Fluids,Prism,309.03,397.14,1
2283,SKU-SPO-002283,Matrix Fitness Gear Model-284,Sports & Outdoors,Fitness Gear,Matrix,405.31,898.84,1
2284,SKU-TOY-002284,Echo Action Figures Model-285,Toys & Games,Action Figures,Echo,61.71,80.18,1
2285,SKU-SPO-002285,Summit Team Sports Model-286,Sports & Outdoors,Team Sports,Summit,163.21,289.79,1
2286,SKU-TOY-002286,Pulse Outdoor Toys Model-287,Toys & Games,Outdoor Toys,Pulse,27.86,41.97,1
2287,SKU-TOY-002287,Horizon Educational Toys Model-288,Toys & Games,Educational Toys,Horizon,326.43,436.59,1
2288,SKU-APP-002288,Titan Men's Clothing Model-289,Apparel,Men's Clothing,Titan,61.72,127.59,1
2289,SKU-ELE-002289,Horizon Smart Home Model-290,Electronics,Smart Home,Horizon,167.16,272.07,1
2290,SKU-BEA-002290,Nova Skincare Model-291,Beauty & Care,Skincare,Nova,350.44,830.08,1
2291,SKU-BEA-002291,Matrix Personal Care Model-292,Beauty & Care,Personal Care,Matrix,59.09,129.15,1
2292,SKU-APP-002292,Matrix Sportswear Model-293,Apparel,Sportswear,Matrix,122.92,283.65,1
2293,SKU-HOM-002293,Zenith Furniture Model-294,Home & Kitchen,Furniture,Zenith,351.9,603.09,1
2294,SKU-ELE-002294,Sol Laptops Model-295,Electronics,Laptops,Sol,31.51,71.51,1
2295,SKU-ELE-002295,Zenith Audio & Headphones Model-296,Electronics,Audio & Headphones,Zenith,255.74,425.99,1
2296,SKU-HOM-002296,Summit Bedding Model-297,Home & Kitchen,Bedding,Summit,361.79,755.57,1
2297,SKU-GRO-002297,Echo Snacks Model-298,Grocery & Pantry,Snacks,Echo,395.23,546.44,1
2298,SKU-SPO-002298,Echo Fitness Gear Model-299,Sports & Outdoors,Fitness Gear,Echo,209.73,452.37,1
2299,SKU-AUT-002299,Vortex Oils & Fluids Model-300,Automotive,Oils & Fluids,Vortex,13.44,28.28,1
2300,SKU-ELE-002300,Echo Accessories Model-301,Electronics,Accessories,Echo,206.24,291.96,1
2301,SKU-HOM-002301,Velocity Decor Model-302,Home & Kitchen,Decor,Velocity,389.55,964.89,1
2302,SKU-BEA-002302,Titan Personal Care Model-303,Beauty & Care,Personal Care,Titan,22.02,39.13,1
2303,SKU-BEA-002303,Lumina Personal Care Model-304,Beauty & Care,Personal Care,Lumina,259.18,450.8,1
2304,SKU-AUT-002304,Vortex Oils & Fluids Model-305,Automotive,Oils & Fluids,Vortex,357.58,465.55,1
2305,SKU-SPO-002305,Pulse Team Sports Model-306,Sports & Outdoors,Team Sports,Pulse,250.98,424.16,1
2306,SKU-ELE-002306,Velocity Smart Home Model-307,Electronics,Smart Home,Velocity,410.85,547.88,1
2307,SKU-APP-002307,Apex Footwear Model-308,Apparel,Footwear,Apex,312.98,544.8,1
2308,SKU-ELE-002308,Sol Laptops Model-309,Electronics,Laptops,Sol,90.33,156,1
2309,SKU-AUT-002309,Apex Car Care Model-310,Automotive,Car Care,Apex,244.09,578.26,1
2310,SKU-AUT-002310,Echo Car Care Model-311,Automotive,Car Care,Echo,358.3,883.53,1
2311,SKU-APP-002311,Zenith Outerwear Model-312,Apparel,Outerwear,Zenith,221.14,377.15,1
2312,SKU-ELE-002312,Echo Wearables Model-313,Electronics,Wearables,Echo,342.18,707.74,1
2313,SKU-ELE-002313,Aura Smartphones Model-314,Electronics,Smartphones,Aura,418.65,841.82,1
2314,SKU-GRO-002314,Apex Organic Foods Model-315,Grocery & Pantry,Organic Foods,Apex,399.53,700.67,1
2315,SKU-GRO-002315,Sol Snacks Model-316,Grocery & Pantry,Snacks,Sol,306.93,612.67,0
2316,SKU-TOY-002316,Zenith Action Figures Model-317,Toys & Games,Action Figures,Zenith,292.85,521.64,0
2317,SKU-ELE-002317,Zenith Smart Home Model-318,Electronics,Smart Home,Zenith,9.38,13.77,1
2318,SKU-SPO-002318,Pulse Team Sports Model-319,Sports & Outdoors,Team Sports,Pulse,344.47,567.13,1
2319,SKU-SPO-002319,Summit Water Sports Model-320,Sports & Outdoors,Water Sports,Summit,391.09,884.21,1
2320,SKU-BEA-002320,Titan Personal Care Model-321,Beauty & Care,Personal Care,Titan,323.95,540.08,1
2321,SKU-SPO-002321,Vortex Water Sports Model-322,Sports & Outdoors,Water Sports,Vortex,12.78,21.2,1
2322,SKU-HOM-002322,Pulse Furniture Model-323,Home & Kitchen,Furniture,Pulse,278.92,521.3,1
2323,SKU-SPO-002323,Lumina Camping & Hiking Model-324,Sports & Outdoors,Camping & Hiking,Lumina,172.06,292.85,1
2324,SKU-ELE-002324,Pulse Laptops Model-325,Electronics,Laptops,Pulse,266.47,400.07,1
2325,SKU-GRO-002325,Pulse Breakfast Model-326,Grocery & Pantry,Breakfast,Pulse,287.86,625.74,1
2326,SKU-ELE-002326,Nova Audio & Headphones Model-327,Electronics,Audio & Headphones,Nova,297.32,684.98,1
2327,SKU-SPO-002327,Summit Fitness Gear Model-328,Sports & Outdoors,Fitness Gear,Summit,403.08,551.56,1
2328,SKU-BEA-002328,Lumina Skincare Model-329,Beauty & Care,Skincare,Lumina,167.49,284.73,1
2329,SKU-BEA-002329,Vortex Personal Care Model-330,Beauty & Care,Personal Care,Vortex,117.93,232.79,1
2330,SKU-TOY-002330,Titan Puzzles Model-331,Toys & Games,Puzzles,Titan,75.23,111.84,1
2331,SKU-SPO-002331,Apex Fitness Gear Model-332,Sports & Outdoors,Fitness Gear,Apex,135.01,314.13,1
2332,SKU-TOY-002332,Titan Puzzles Model-333,Toys & Games,Puzzles,Titan,138.94,270.37,1
2333,SKU-BEA-002333,Pulse Skincare Model-334,Beauty & Care,Skincare,Pulse,247.2,586.3,1
2334,SKU-APP-002334,Summit Women's Clothing Model-335,Apparel,Women's Clothing,Summit,140.95,326.38,1
2335,SKU-GRO-002335,Vortex Canned Goods Model-336,Grocery & Pantry,Canned Goods,Vortex,78.77,118.59,1
2336,SKU-APP-002336,Sol Accessories Model-337,Apparel,Accessories,Sol,83.88,206.84,1
2337,SKU-APP-002337,Pulse Outerwear Model-338,Apparel,Outerwear,Pulse,7.94,18.1,1
2338,SKU-APP-002338,Nova Men's Clothing Model-339,Apparel,Men's Clothing,Nova,342.06,508.68,1
2339,SKU-GRO-002339,Aura Canned Goods Model-340,Grocery & Pantry,Canned Goods,Aura,405.2,697.43,1
2340,SKU-HOM-002340,Vortex Bedding Model-341,Home & Kitchen,Bedding,Vortex,283.1,418.78,1
2341,SKU-SPO-002341,Velocity Team Sports Model-342,Sports & Outdoors,Team Sports,Velocity,17.15,32.04,1
2342,SKU-GRO-002342,Matrix Beverages Model-343,Grocery & Pantry,Beverages,Matrix,82.11,126.72,1
2343,SKU-GRO-002343,Pulse Breakfast Model-344,Grocery & Pantry,Breakfast,Pulse,224.7,354.58,0
2344,SKU-GRO-002344,Lumina Snacks Model-345,Grocery & Pantry,Snacks,Lumina,332.5,580.28,1
2345,SKU-ELE-002345,Apex Laptops Model-346,Electronics,Laptops,Apex,230.5,376.71,1
2346,SKU-BEA-002346,Matrix Haircare Model-347,Beauty & Care,Haircare,Matrix,115.4,246.6,1
2347,SKU-AUT-002347,Echo Oils & Fluids Model-348,Automotive,Oils & Fluids,Echo,415.65,997.04,1
2348,SKU-HOM-002348,Pulse Small Appliances Model-349,Home & Kitchen,Small Appliances,Pulse,314.53,539.12,1
2349,SKU-SPO-002349,Echo Team Sports Model-350,Sports & Outdoors,Team Sports,Echo,274.59,491.71,1
2350,SKU-AUT-002350,Zenith Interior Accessories Model-351,Automotive,Interior Accessories,Zenith,360.28,715.58,1
2351,SKU-APP-002351,Horizon Women's Clothing Model-352,Apparel,Women's Clothing,Horizon,24.17,43.05,1
2352,SKU-TOY-002352,Summit Outdoor Toys Model-353,Toys & Games,Outdoor Toys,Summit,447.37,698.76,1
2353,SKU-TOY-002353,Zenith Educational Toys Model-354,Toys & Games,Educational Toys,Zenith,199.85,453.67,1
2354,SKU-SPO-002354,Apex Fitness Gear Model-355,Sports & Outdoors,Fitness Gear,Apex,154.36,363.53,1
2355,SKU-APP-002355,Aura Outerwear Model-356,Apparel,Outerwear,Aura,399.05,597.86,1
2356,SKU-GRO-002356,Summit Snacks Model-357,Grocery & Pantry,Snacks,Summit,181.47,246.17,1
2357,SKU-SPO-002357,Pulse Water Sports Model-358,Sports & Outdoors,Water Sports,Pulse,84.31,134.06,1
2358,SKU-TOY-002358,Zenith Outdoor Toys Model-359,Toys & Games,Outdoor Toys,Zenith,260.89,599.82,1
2359,SKU-HOM-002359,Echo Cookware Model-360,Home & Kitchen,Cookware,Echo,39.91,68.79,1
2360,SKU-HOM-002360,Aura Decor Model-361,Home & Kitchen,Decor,Aura,388.28,942.1,1
2361,SKU-HOM-002361,Apex Storage Model-362,Home & Kitchen,Storage,Apex,144.55,287.36,1
2362,SKU-ELE-002362,Titan Laptops Model-363,Electronics,Laptops,Titan,107.95,245.47,1
2363,SKU-SPO-002363,Apex Water Sports Model-364,Sports & Outdoors,Water Sports,Apex,409.66,705.48,1
2364,SKU-BEA-002364,Summit Fragrances Model-365,Beauty & Care,Fragrances,Summit,153.37,207.64,1
2365,SKU-AUT-002365,Prism Oils & Fluids Model-366,Automotive,Oils & Fluids,Prism,250.86,341.72,1
2366,SKU-SPO-002366,Apex Water Sports Model-367,Sports & Outdoors,Water Sports,Apex,433,973.8,1
2367,SKU-BEA-002367,Prism Fragrances Model-368,Beauty & Care,Fragrances,Prism,51.76,104.08,1
2368,SKU-ELE-002368,Aura Wearables Model-369,Electronics,Wearables,Aura,199.96,446.85,1
2369,SKU-BEA-002369,Titan Personal Care Model-370,Beauty & Care,Personal Care,Titan,292.37,400.16,1
2370,SKU-APP-002370,Zenith Footwear Model-371,Apparel,Footwear,Zenith,223.94,524.12,1
2371,SKU-APP-002371,Echo Sportswear Model-372,Apparel,Sportswear,Echo,153.42,236.27,1
2372,SKU-HOM-002372,Zenith Furniture Model-373,Home & Kitchen,Furniture,Zenith,311.52,480.42,1
2373,SKU-ELE-002373,Titan Wearables Model-374,Electronics,Wearables,Titan,92.99,128.1,1
2374,SKU-BEA-002374,Apex Fragrances Model-375,Beauty & Care,Fragrances,Apex,124.28,264.83,1
2375,SKU-APP-002375,Aura Men's Clothing Model-376,Apparel,Men's Clothing,Aura,386.53,916.79,1
2376,SKU-GRO-002376,Zenith Organic Foods Model-377,Grocery & Pantry,Organic Foods,Zenith,297.5,671.23,1
2377,SKU-GRO-002377,Pulse Beverages Model-378,Grocery & Pantry,Beverages,Pulse,392.82,608.11,1
2378,SKU-HOM-002378,Matrix Storage Model-379,Home & Kitchen,Storage,Matrix,179.08,386.29,1
2379,SKU-AUT-002379,Sol Tools & Equipment Model-380,Automotive,Tools & Equipment,Sol,339.4,713.94,1
2380,SKU-HOM-002380,Nova Decor Model-381,Home & Kitchen,Decor,Nova,90.05,195.43,1
2381,SKU-APP-002381,Apex Accessories Model-382,Apparel,Accessories,Apex,63.83,158.39,1
2382,SKU-SPO-002382,Vortex Water Sports Model-383,Sports & Outdoors,Water Sports,Vortex,167.24,325.91,1
2383,SKU-HOM-002383,Prism Storage Model-384,Home & Kitchen,Storage,Prism,66.52,87.22,1
2384,SKU-APP-002384,Prism Women's Clothing Model-385,Apparel,Women's Clothing,Prism,210.99,482.09,1
2385,SKU-GRO-002385,Aura Canned Goods Model-386,Grocery & Pantry,Canned Goods,Aura,18.46,38.01,1
2386,SKU-TOY-002386,Lumina Board Games Model-387,Toys & Games,Board Games,Lumina,198.23,446.54,1
2387,SKU-BEA-002387,Summit Cosmetics Model-388,Beauty & Care,Cosmetics,Summit,340.08,430.09,1
2388,SKU-TOY-002388,Zenith Puzzles Model-389,Toys & Games,Puzzles,Zenith,312.3,605.26,1
2389,SKU-GRO-002389,Velocity Beverages Model-390,Grocery & Pantry,Beverages,Velocity,49.13,90.87,1
2390,SKU-AUT-002390,Matrix Car Care Model-391,Automotive,Car Care,Matrix,337.71,638.34,1
2391,SKU-HOM-002391,Nova Cookware Model-392,Home & Kitchen,Cookware,Nova,103.69,196.18,1
2392,SKU-TOY-002392,Sol Outdoor Toys Model-393,Toys & Games,Outdoor Toys,Sol,317.38,751.3,1
2393,SKU-HOM-002393,Velocity Small Appliances Model-394,Home & Kitchen,Small Appliances,Velocity,192.02,403.88,1
2394,SKU-BEA-002394,Echo Haircare Model-395,Beauty & Care,Haircare,Echo,276.35,609.78,1
2395,SKU-ELE-002395,Velocity Wearables Model-396,Electronics,Wearables,Velocity,92.15,224.28,1
2396,SKU-BEA-002396,Matrix Cosmetics Model-397,Beauty & Care,Cosmetics,Matrix,355.51,715.23,1
2397,SKU-AUT-002397,Vortex Tools & Equipment Model-398,Automotive,Tools & Equipment,Vortex,36.82,61.4,1
2398,SKU-SPO-002398,Nova Team Sports Model-399,Sports & Outdoors,Team Sports,Nova,43.41,80.46,1
2399,SKU-AUT-002399,Vortex Interior Accessories Model-400,Automotive,Interior Accessories,Vortex,383.1,632.68,1
2400,SKU-TOY-002400,Matrix Action Figures Model-401,Toys & Games,Action Figures,Matrix,436.42,853.43,1
2401,SKU-APP-002401,Prism Women's Clothing Model-402,Apparel,Women's Clothing,Prism,180.84,358.26,1
2402,SKU-GRO-002402,Nova Condiments Model-403,Grocery & Pantry,Condiments,Nova,392.74,519.01,1
2403,SKU-APP-002403,Vortex Accessories Model-404,Apparel,Accessories,Vortex,345.51,850.68,1
2404,SKU-ELE-002404,Prism Smartphones Model-405,Electronics,Smartphones,Prism,118.99,211.64,1
2405,SKU-SPO-002405,Vortex Water Sports Model-406,Sports & Outdoors,Water Sports,Vortex,370.69,654.36,1
2406,SKU-HOM-002406,Horizon Small Appliances Model-407,Home & Kitchen,Small Appliances,Horizon,433.72,632.74,1
2407,SKU-HOM-002407,Aura Decor Model-408,Home & Kitchen,Decor,Aura,271.28,612.99,1
2408,SKU-AUT-002408,Matrix Tools & Equipment Model-409,Automotive,Tools & Equipment,Matrix,189.35,425.65,1
2409,SKU-BEA-002409,Zenith Cosmetics Model-410,Beauty & Care,Cosmetics,Zenith,97.62,132.1,1
2410,SKU-SPO-002410,Prism Water Sports Model-411,Sports & Outdoors,Water Sports,Prism,19.63,47.38,1
2411,SKU-SPO-002411,Aura Team Sports Model-412,Sports & Outdoors,Team Sports,Aura,220.42,354,1
2412,SKU-HOM-002412,Aura Storage Model-413,Home & Kitchen,Storage,Aura,219.63,350.51,1
2413,SKU-TOY-002413,Vortex Puzzles Model-414,Toys & Games,Puzzles,Vortex,149.52,259.48,1
2414,SKU-TOY-002414,Horizon Action Figures Model-415,Toys & Games,Action Figures,Horizon,115.67,229.03,1
2415,SKU-BEA-002415,Velocity Fragrances Model-416,Beauty & Care,Fragrances,Velocity,117.12,192.21,1
2416,SKU-APP-002416,Aura Footwear Model-417,Apparel,Footwear,Aura,436.07,983.17,1
2417,SKU-AUT-002417,Echo Interior Accessories Model-418,Automotive,Interior Accessories,Echo,95.48,129.81,1
2418,SKU-ELE-002418,Aura Audio & Headphones Model-419,Electronics,Audio & Headphones,Aura,5.74,7.95,1
2419,SKU-SPO-002419,Lumina Team Sports Model-420,Sports & Outdoors,Team Sports,Lumina,336.62,557.11,1
2420,SKU-BEA-002420,Sol Skincare Model-421,Beauty & Care,Skincare,Sol,298.86,385.27,1
2421,SKU-HOM-002421,Zenith Decor Model-422,Home & Kitchen,Decor,Zenith,10.98,16.74,1
2422,SKU-GRO-002422,Echo Snacks Model-423,Grocery & Pantry,Snacks,Echo,365.46,656.62,1
2423,SKU-TOY-002423,Pulse Puzzles Model-424,Toys & Games,Puzzles,Pulse,298.99,494.3,1
2424,SKU-AUT-002424,Lumina Tools & Equipment Model-425,Automotive,Tools & Equipment,Lumina,127.01,179.4,1
2425,SKU-APP-002425,Summit Sportswear Model-426,Apparel,Sportswear,Summit,257.11,618.9,1
2426,SKU-BEA-002426,Velocity Skincare Model-427,Beauty & Care,Skincare,Velocity,216.55,315.28,1
2427,SKU-ELE-002427,Aura Wearables Model-428,Electronics,Wearables,Aura,272.98,676.55,1
2428,SKU-GRO-002428,Nova Canned Goods Model-429,Grocery & Pantry,Canned Goods,Nova,436.38,927.95,1
2429,SKU-APP-002429,Matrix Accessories Model-430,Apparel,Accessories,Matrix,417.7,695.1,1
2430,SKU-ELE-002430,Sol Smartphones Model-431,Electronics,Smartphones,Sol,166.1,265.91,1
2431,SKU-SPO-002431,Titan Cycling Model-432,Sports & Outdoors,Cycling,Titan,326.3,476.34,1
2432,SKU-ELE-002432,Horizon Accessories Model-433,Electronics,Accessories,Horizon,351.95,567.58,1
2433,SKU-SPO-002433,Zenith Water Sports Model-434,Sports & Outdoors,Water Sports,Zenith,44.83,73.83,1
2434,SKU-HOM-002434,Matrix Furniture Model-435,Home & Kitchen,Furniture,Matrix,108.27,214.38,1
2435,SKU-HOM-002435,Velocity Decor Model-436,Home & Kitchen,Decor,Velocity,199.07,373.82,1
2436,SKU-GRO-002436,Nova Organic Foods Model-437,Grocery & Pantry,Organic Foods,Nova,15.22,20.77,1
2437,SKU-BEA-002437,Pulse Cosmetics Model-438,Beauty & Care,Cosmetics,Pulse,167.33,276.01,1
2438,SKU-ELE-002438,Sol Smartphones Model-439,Electronics,Smartphones,Sol,205.55,276.96,1
2439,SKU-TOY-002439,Zenith Puzzles Model-440,Toys & Games,Puzzles,Zenith,135.55,315.83,1
2440,SKU-BEA-002440,Nova Cosmetics Model-441,Beauty & Care,Cosmetics,Nova,132.47,326.96,1
2441,SKU-APP-002441,Echo Women's Clothing Model-442,Apparel,Women's Clothing,Echo,156.61,237.62,1
2442,SKU-GRO-002442,Aura Organic Foods Model-443,Grocery & Pantry,Organic Foods,Aura,149.74,232.08,1
2443,SKU-HOM-002443,Velocity Storage Model-444,Home & Kitchen,Storage,Velocity,52.91,121.23,1
2444,SKU-ELE-002444,Nova Wearables Model-445,Electronics,Wearables,Nova,125.45,231.55,1
2445,SKU-BEA-002445,Vortex Personal Care Model-446,Beauty & Care,Personal Care,Vortex,420.82,539.06,1
2446,SKU-APP-002446,Aura Sportswear Model-447,Apparel,Sportswear,Aura,208.68,265.24,1
2447,SKU-AUT-002447,Lumina Car Care Model-448,Automotive,Car Care,Lumina,330.78,571.92,1
2448,SKU-GRO-002448,Summit Canned Goods Model-449,Grocery & Pantry,Canned Goods,Summit,440.88,903.22,1
2449,SKU-AUT-002449,Horizon Car Care Model-450,Automotive,Car Care,Horizon,380.24,599.37,1
2450,SKU-TOY-002450,Matrix Action Figures Model-451,Toys & Games,Action Figures,Matrix,448.81,1113.16,1
2451,SKU-TOY-002451,Prism Educational Toys Model-452,Toys & Games,Educational Toys,Prism,433.83,841.47,0
2452,SKU-AUT-002452,Summit Oils & Fluids Model-453,Automotive,Oils & Fluids,Summit,302.38,710.27,1
2453,SKU-APP-002453,Sol Sportswear Model-454,Apparel,Sportswear,Sol,273.59,358.1,1
2454,SKU-APP-002454,Prism Women's Clothing Model-455,Apparel,Women's Clothing,Prism,274.73,583.21,1
2455,SKU-BEA-002455,Vortex Personal Care Model-456,Beauty & Care,Personal Care,Vortex,121.57,275.29,1
2456,SKU-BEA-002456,Nova Personal Care Model-457,Beauty & Care,Personal Care,Nova,215.41,477.16,1
2457,SKU-GRO-002457,Aura Breakfast Model-458,Grocery & Pantry,Breakfast,Aura,139.23,304.51,1
2458,SKU-SPO-002458,Pulse Team Sports Model-459,Sports & Outdoors,Team Sports,Pulse,9.41,14.29,1
2459,SKU-AUT-002459,Aura Car Care Model-460,Automotive,Car Care,Aura,179.81,268.41,1
2460,SKU-GRO-002460,Sol Canned Goods Model-461,Grocery & Pantry,Canned Goods,Sol,383.3,801.77,1
2461,SKU-GRO-002461,Prism Organic Foods Model-462,Grocery & Pantry,Organic Foods,Prism,232.74,437.89,1
2462,SKU-AUT-002462,Titan Interior Accessories Model-463,Automotive,Interior Accessories,Titan,180.39,325.04,1
2463,SKU-TOY-002463,Nova Action Figures Model-464,Toys & Games,Action Figures,Nova,97.21,212.27,1
2464,SKU-ELE-002464,Aura Smartphones Model-465,Electronics,Smartphones,Aura,66.31,146.66,1
2465,SKU-HOM-002465,Prism Decor Model-466,Home & Kitchen,Decor,Prism,72.87,101.88,1
2466,SKU-AUT-002466,Matrix Interior Accessories Model-467,Automotive,Interior Accessories,Matrix,109.67,178.05,1
2467,SKU-GRO-002467,Summit Snacks Model-468,Grocery & Pantry,Snacks,Summit,106.49,198.21,1
2468,SKU-ELE-002468,Pulse Accessories Model-469,Electronics,Accessories,Pulse,390.97,517.55,1
2469,SKU-HOM-002469,Apex Cookware Model-470,Home & Kitchen,Cookware,Apex,233.02,512.85,0
2470,SKU-HOM-002470,Nova Decor Model-471,Home & Kitchen,Decor,Nova,390.04,675.77,1
2471,SKU-BEA-002471,Prism Fragrances Model-472,Beauty & Care,Fragrances,Prism,271.02,489.72,1
2472,SKU-GRO-002472,Summit Beverages Model-473,Grocery & Pantry,Beverages,Summit,264.01,630.92,1
2473,SKU-APP-002473,Echo Accessories Model-474,Apparel,Accessories,Echo,32.32,65.96,1
2474,SKU-HOM-002474,Aura Storage Model-475,Home & Kitchen,Storage,Aura,142.5,208.86,1
2475,SKU-AUT-002475,Sol Car Care Model-476,Automotive,Car Care,Sol,333.38,692.88,1
2476,SKU-ELE-002476,Pulse Wearables Model-477,Electronics,Wearables,Pulse,253.16,403.97,1
2477,SKU-HOM-002477,Prism Cookware Model-478,Home & Kitchen,Cookware,Prism,25.01,53.64,1
2478,SKU-APP-002478,Horizon Footwear Model-479,Apparel,Footwear,Horizon,338.05,467.04,1
2479,SKU-TOY-002479,Matrix Action Figures Model-480,Toys & Games,Action Figures,Matrix,333.22,468.53,1
2480,SKU-BEA-002480,Summit Haircare Model-481,Beauty & Care,Haircare,Summit,371.76,747.96,1
2481,SKU-BEA-002481,Lumina Personal Care Model-482,Beauty & Care,Personal Care,Lumina,317.9,593.01,0
2482,SKU-AUT-002482,Echo Car Care Model-483,Automotive,Car Care,Echo,166.07,362.86,1
2483,SKU-GRO-002483,Horizon Breakfast Model-484,Grocery & Pantry,Breakfast,Horizon,345.01,705.92,1
2484,SKU-HOM-002484,Vortex Small Appliances Model-485,Home & Kitchen,Small Appliances,Vortex,310.42,403.42,1
2485,SKU-AUT-002485,Prism Interior Accessories Model-486,Automotive,Interior Accessories,Prism,19.5,32.32,1
2486,SKU-SPO-002486,Vortex Cycling Model-487,Sports & Outdoors,Cycling,Vortex,5.86,8.24,0
2487,SKU-ELE-002487,Zenith Audio & Headphones Model-488,Electronics,Audio & Headphones,Zenith,200.51,488.79,1
2488,SKU-AUT-002488,Lumina Interior Accessories Model-489,Automotive,Interior Accessories,Lumina,108.03,204.68,1
2489,SKU-TOY-002489,Apex Puzzles Model-490,Toys & Games,Puzzles,Apex,260.92,629.87,1
2490,SKU-ELE-002490,Apex Wearables Model-491,Electronics,Wearables,Apex,408.66,871.8,1
2491,SKU-APP-002491,Aura Women's Clothing Model-492,Apparel,Women's Clothing,Aura,63.49,146.07,1
2492,SKU-HOM-002492,Matrix Cookware Model-493,Home & Kitchen,Cookware,Matrix,46.37,75.43,1
2493,SKU-BEA-002493,Sol Skincare Model-494,Beauty & Care,Skincare,Sol,73.7,180.94,1
2494,SKU-ELE-002494,Nova Accessories Model-495,Electronics,Accessories,Nova,82.21,142.45,1
2495,SKU-SPO-002495,Summit Water Sports Model-496,Sports & Outdoors,Water Sports,Summit,234.42,507.31,1
2496,SKU-HOM-002496,Pulse Bedding Model-497,Home & Kitchen,Bedding,Pulse,144.44,184.14,1
2497,SKU-AUT-002497,Lumina Car Care Model-498,Automotive,Car Care,Lumina,86.8,175.99,1
2498,SKU-SPO-002498,Sol Team Sports Model-499,Sports & Outdoors,Team Sports,Sol,387.22,622.68,1
2499,SKU-GRO-002499,Summit Organic Foods Model-500,Grocery & Pantry,Organic Foods,Summit,281.07,537.08,1
2500,SKU-ELE-002500,Echo Laptops Model-501,Electronics,Laptops,Echo,19.55,43.46,1
2501,SKU-ELE-002501,Prism Laptops Model-502,Electronics,Laptops,Prism,418.33,745.94,1
2502,SKU-AUT-002502,Summit Tools & Equipment Model-503,Automotive,Tools & Equipment,Summit,214.73,529.84,1
2503,SKU-AUT-002503,Echo Interior Accessories Model-504,Automotive,Interior Accessories,Echo,368.82,538.56,1
2504,SKU-AUT-002504,Aura Tools & Equipment Model-505,Automotive,Tools & Equipment,Aura,176.99,354.31,1
2505,SKU-TOY-002505,Sol Outdoor Toys Model-506,Toys & Games,Outdoor Toys,Sol,220.02,392.2,1
2506,SKU-APP-002506,Prism Men's Clothing Model-507,Apparel,Men's Clothing,Prism,386.79,629.83,1
2507,SKU-AUT-002507,Prism Car Care Model-508,Automotive,Car Care,Prism,59.61,119.56,1
2508,SKU-AUT-002508,Apex Oils & Fluids Model-509,Automotive,Oils & Fluids,Apex,24.98,51.1,1
2509,SKU-SPO-002509,Zenith Fitness Gear Model-510,Sports & Outdoors,Fitness Gear,Zenith,448.32,981.07,1
2510,SKU-HOM-002510,Lumina Bedding Model-511,Home & Kitchen,Bedding,Lumina,281.03,676.62,1
2511,SKU-AUT-002511,Sol Interior Accessories Model-512,Automotive,Interior Accessories,Sol,133.58,186.14,1
2512,SKU-TOY-002512,Pulse Outdoor Toys Model-513,Toys & Games,Outdoor Toys,Pulse,264.65,537.5,1
2513,SKU-ELE-002513,Apex Smart Home Model-514,Electronics,Smart Home,Apex,260.02,501.9,1
2514,SKU-GRO-002514,Lumina Breakfast Model-515,Grocery & Pantry,Breakfast,Lumina,360.69,654.56,1
2515,SKU-HOM-002515,Prism Small Appliances Model-516,Home & Kitchen,Small Appliances,Prism,28.91,44.93,1
2516,SKU-APP-002516,Prism Women's Clothing Model-517,Apparel,Women's Clothing,Prism,162.62,351.27,1
2517,SKU-SPO-002517,Summit Cycling Model-518,Sports & Outdoors,Cycling,Summit,134.65,327.01,1
2518,SKU-APP-002518,Matrix Sportswear Model-519,Apparel,Sportswear,Matrix,232.37,542.09,1
2519,SKU-ELE-002519,Echo Accessories Model-520,Electronics,Accessories,Echo,302.49,530.72,1
2520,SKU-HOM-002520,Nova Small Appliances Model-521,Home & Kitchen,Small Appliances,Nova,307.05,686.57,1
2521,SKU-AUT-002521,Zenith Interior Accessories Model-522,Automotive,Interior Accessories,Zenith,412.1,578.73,1
2522,SKU-BEA-002522,Aura Fragrances Model-523,Beauty & Care,Fragrances,Aura,372.58,711.52,1
2523,SKU-HOM-002523,Vortex Decor Model-524,Home & Kitchen,Decor,Vortex,196.17,254.13,1
2524,SKU-ELE-002524,Matrix Audio & Headphones Model-525,Electronics,Audio & Headphones,Matrix,373.56,569.69,1
2525,SKU-SPO-002525,Titan Camping & Hiking Model-526,Sports & Outdoors,Camping & Hiking,Titan,439.72,960.23,1
2526,SKU-GRO-002526,Titan Breakfast Model-527,Grocery & Pantry,Breakfast,Titan,153.43,321.82,1
2527,SKU-AUT-002527,Prism Tools & Equipment Model-528,Automotive,Tools & Equipment,Prism,418.79,811.05,1
2528,SKU-TOY-002528,Aura Educational Toys Model-529,Toys & Games,Educational Toys,Aura,303.8,584.64,1
2529,SKU-HOM-002529,Echo Bedding Model-530,Home & Kitchen,Bedding,Echo,164.97,384.19,0
2530,SKU-SPO-002530,Vortex Cycling Model-531,Sports & Outdoors,Cycling,Vortex,159.07,297.11,1
2531,SKU-HOM-002531,Horizon Furniture Model-532,Home & Kitchen,Furniture,Horizon,87.01,180.29,1
2532,SKU-APP-002532,Lumina Footwear Model-533,Apparel,Footwear,Lumina,274.26,680.89,1
2533,SKU-APP-002533,Echo Sportswear Model-534,Apparel,Sportswear,Echo,321.84,505.59,1
2534,SKU-ELE-002534,Sol Smart Home Model-535,Electronics,Smart Home,Sol,261.85,567.24,1
2535,SKU-APP-002535,Aura Women's Clothing Model-536,Apparel,Women's Clothing,Aura,379.84,622.45,1
2536,SKU-HOM-002536,Prism Cookware Model-537,Home & Kitchen,Cookware,Prism,401.82,833.27,1
2537,SKU-APP-002537,Velocity Footwear Model-538,Apparel,Footwear,Velocity,215.55,438.14,1
2538,SKU-AUT-002538,Echo Tools & Equipment Model-539,Automotive,Tools & Equipment,Echo,314.42,632.94,1
2539,SKU-AUT-002539,Sol Oils & Fluids Model-540,Automotive,Oils & Fluids,Sol,111.96,267.55,1
2540,SKU-BEA-002540,Zenith Cosmetics Model-541,Beauty & Care,Cosmetics,Zenith,246.72,434.2,1
2541,SKU-ELE-002541,Matrix Audio & Headphones Model-542,Electronics,Audio & Headphones,Matrix,337.37,624.19,1
2542,SKU-APP-002542,Zenith Men's Clothing Model-543,Apparel,Men's Clothing,Zenith,359.71,811.96,1
2543,SKU-HOM-002543,Pulse Storage Model-544,Home & Kitchen,Storage,Pulse,304.09,698,1
2544,SKU-HOM-002544,Prism Storage Model-545,Home & Kitchen,Storage,Prism,179.12,378.15,1
2545,SKU-ELE-002545,Zenith Smartphones Model-546,Electronics,Smartphones,Zenith,48.49,90.27,1
2546,SKU-HOM-002546,Lumina Small Appliances Model-547,Home & Kitchen,Small Appliances,Lumina,296.61,638.74,1
2547,SKU-SPO-002547,Apex Fitness Gear Model-548,Sports & Outdoors,Fitness Gear,Apex,325.94,591.8,1
2548,SKU-AUT-002548,Horizon Oils & Fluids Model-549,Automotive,Oils & Fluids,Horizon,134.78,189.58,1
2549,SKU-SPO-002549,Apex Cycling Model-550,Sports & Outdoors,Cycling,Apex,49.61,83.49,1
2550,SKU-BEA-002550,Horizon Haircare Model-551,Beauty & Care,Haircare,Horizon,113.66,176.65,1
2551,SKU-BEA-002551,Prism Fragrances Model-552,Beauty & Care,Fragrances,Prism,373.48,753.1,1
2552,SKU-ELE-002552,Lumina Accessories Model-553,Electronics,Accessories,Lumina,168.63,334.19,1
2553,SKU-TOY-002553,Horizon Board Games Model-554,Toys & Games,Board Games,Horizon,417,911.45,1
2554,SKU-HOM-002554,Summit Bedding Model-555,Home & Kitchen,Bedding,Summit,14.09,18.5,1
2555,SKU-SPO-002555,Titan Water Sports Model-556,Sports & Outdoors,Water Sports,Titan,410.75,635.1,1
2556,SKU-ELE-002556,Sol Smart Home Model-557,Electronics,Smart Home,Sol,402.57,880.6,1
2557,SKU-AUT-002557,Prism Oils & Fluids Model-558,Automotive,Oils & Fluids,Prism,356.86,492.73,1
2558,SKU-SPO-002558,Pulse Camping & Hiking Model-559,Sports & Outdoors,Camping & Hiking,Pulse,252.71,559.13,0
2559,SKU-BEA-002559,Summit Personal Care Model-560,Beauty & Care,Personal Care,Summit,446.14,718.52,1
2560,SKU-GRO-002560,Matrix Canned Goods Model-561,Grocery & Pantry,Canned Goods,Matrix,380.39,690.76,1
2561,SKU-GRO-002561,Aura Breakfast Model-562,Grocery & Pantry,Breakfast,Aura,347.58,739.23,1
2562,SKU-TOY-002562,Nova Puzzles Model-563,Toys & Games,Puzzles,Nova,229.89,510.94,1
2563,SKU-ELE-002563,Echo Audio & Headphones Model-564,Electronics,Audio & Headphones,Echo,433.98,631.82,1
2564,SKU-SPO-002564,Echo Team Sports Model-565,Sports & Outdoors,Team Sports,Echo,93.74,192.96,1
2565,SKU-TOY-002565,Nova Outdoor Toys Model-566,Toys & Games,Outdoor Toys,Nova,323.08,555.06,1
2566,SKU-AUT-002566,Zenith Tools & Equipment Model-567,Automotive,Tools & Equipment,Zenith,394.2,596.48,1
2567,SKU-AUT-002567,Aura Oils & Fluids Model-568,Automotive,Oils & Fluids,Aura,428.06,643.62,1
2568,SKU-SPO-002568,Lumina Fitness Gear Model-569,Sports & Outdoors,Fitness Gear,Lumina,134.41,222.17,1
2569,SKU-TOY-002569,Lumina Board Games Model-570,Toys & Games,Board Games,Lumina,66.19,129.19,1
2570,SKU-TOY-002570,Summit Board Games Model-571,Toys & Games,Board Games,Summit,62.11,82.96,1
2571,SKU-GRO-002571,Titan Breakfast Model-572,Grocery & Pantry,Breakfast,Titan,384.08,697.4,1
2572,SKU-HOM-002572,Pulse Cookware Model-573,Home & Kitchen,Cookware,Pulse,167.3,282.11,1
2573,SKU-SPO-002573,Apex Camping & Hiking Model-574,Sports & Outdoors,Camping & Hiking,Apex,285.3,711.09,1
2574,SKU-BEA-002574,Aura Cosmetics Model-575,Beauty & Care,Cosmetics,Aura,302.49,689.57,1
2575,SKU-APP-002575,Sol Sportswear Model-576,Apparel,Sportswear,Sol,293.31,380.5,1
2576,SKU-HOM-002576,Lumina Bedding Model-577,Home & Kitchen,Bedding,Lumina,179.67,383.11,1
2577,SKU-BEA-002577,Horizon Cosmetics Model-578,Beauty & Care,Cosmetics,Horizon,100.67,167.33,1
2578,SKU-TOY-002578,Prism Board Games Model-579,Toys & Games,Board Games,Prism,102.1,151.73,1
2579,SKU-HOM-002579,Titan Small Appliances Model-580,Home & Kitchen,Small Appliances,Titan,385.06,556.26,1
2580,SKU-APP-002580,Aura Footwear Model-581,Apparel,Footwear,Aura,157.39,352.78,1
2581,SKU-BEA-002581,Titan Fragrances Model-582,Beauty & Care,Fragrances,Titan,194.56,293.53,1
2582,SKU-HOM-002582,Pulse Furniture Model-583,Home & Kitchen,Furniture,Pulse,231.57,517.74,1
2583,SKU-TOY-002583,Summit Action Figures Model-584,Toys & Games,Action Figures,Summit,294.15,383.1,1
2584,SKU-APP-002584,Nova Women's Clothing Model-585,Apparel,Women's Clothing,Nova,362.16,624.59,1
2585,SKU-SPO-002585,Nova Team Sports Model-586,Sports & Outdoors,Team Sports,Nova,55.62,114.71,1
2586,SKU-APP-002586,Echo Women's Clothing Model-587,Apparel,Women's Clothing,Echo,189.28,354.36,1
2587,SKU-AUT-002587,Lumina Tools & Equipment Model-588,Automotive,Tools & Equipment,Lumina,348.51,478.78,1
2588,SKU-HOM-002588,Matrix Bedding Model-589,Home & Kitchen,Bedding,Matrix,164.78,288.28,1
2589,SKU-TOY-002589,Nova Action Figures Model-590,Toys & Games,Action Figures,Nova,13.39,29.98,1
2590,SKU-BEA-002590,Pulse Skincare Model-591,Beauty & Care,Skincare,Pulse,433.42,802.02,1
2591,SKU-HOM-002591,Prism Cookware Model-592,Home & Kitchen,Cookware,Prism,248.36,383.97,1
2592,SKU-GRO-002592,Prism Snacks Model-593,Grocery & Pantry,Snacks,Prism,143.41,306.65,1
2593,SKU-ELE-002593,Apex Wearables Model-594,Electronics,Wearables,Apex,356.29,518.25,1
2594,SKU-APP-002594,Nova Outerwear Model-595,Apparel,Outerwear,Nova,178.22,223.08,1
2595,SKU-BEA-002595,Prism Cosmetics Model-596,Beauty & Care,Cosmetics,Prism,326.61,588.76,1
2596,SKU-ELE-002596,Echo Wearables Model-597,Electronics,Wearables,Echo,230.26,321.66,1
2597,SKU-ELE-002597,Nova Accessories Model-598,Electronics,Accessories,Nova,433.37,679.95,1
2598,SKU-ELE-002598,Vortex Laptops Model-599,Electronics,Laptops,Vortex,106.77,193.63,1
2599,SKU-HOM-002599,Velocity Bedding Model-600,Home & Kitchen,Bedding,Velocity,165.53,285.36,1
2600,SKU-ELE-002600,Sol Audio & Headphones Model-601,Electronics,Audio & Headphones,Sol,433.08,892.12,1
2601,SKU-TOY-002601,Vortex Educational Toys Model-602,Toys & Games,Educational Toys,Vortex,349.69,862.54,1
2602,SKU-SPO-002602,Lumina Team Sports Model-603,Sports & Outdoors,Team Sports,Lumina,124.52,251.35,1
2603,SKU-TOY-002603,Pulse Outdoor Toys Model-604,Toys & Games,Outdoor Toys,Pulse,411.06,811.3,1
2604,SKU-HOM-002604,Lumina Bedding Model-605,Home & Kitchen,Bedding,Lumina,406.69,779.56,1
2605,SKU-TOY-002605,Titan Action Figures Model-606,Toys & Games,Action Figures,Titan,202.89,451.01,1
2606,SKU-AUT-002606,Vortex Tools & Equipment Model-607,Automotive,Tools & Equipment,Vortex,46.53,75.4,1
2607,SKU-TOY-002607,Vortex Outdoor Toys Model-608,Toys & Games,Outdoor Toys,Vortex,106.22,185.47,1
2608,SKU-AUT-002608,Matrix Tools & Equipment Model-609,Automotive,Tools & Equipment,Matrix,344.83,629.32,1
2609,SKU-APP-002609,Apex Women's Clothing Model-610,Apparel,Women's Clothing,Apex,239.99,591.21,1
2610,SKU-APP-002610,Velocity Men's Clothing Model-611,Apparel,Men's Clothing,Velocity,386.03,904.31,1
2611,SKU-BEA-002611,Summit Skincare Model-612,Beauty & Care,Skincare,Summit,448.06,686.47,1
2612,SKU-BEA-002612,Vortex Fragrances Model-613,Beauty & Care,Fragrances,Vortex,385.77,782.23,1
2613,SKU-ELE-002613,Horizon Accessories Model-614,Electronics,Accessories,Horizon,69.22,170.09,1
2614,SKU-AUT-002614,Vortex Tools & Equipment Model-615,Automotive,Tools & Equipment,Vortex,247.61,575.02,1
2615,SKU-ELE-002615,Echo Audio & Headphones Model-616,Electronics,Audio & Headphones,Echo,342.23,743.93,1
2616,SKU-AUT-002616,Summit Tools & Equipment Model-617,Automotive,Tools & Equipment,Summit,187.51,434.63,1
2617,SKU-AUT-002617,Matrix Oils & Fluids Model-618,Automotive,Oils & Fluids,Matrix,27.27,52.54,1
2618,SKU-AUT-002618,Prism Car Care Model-619,Automotive,Car Care,Prism,330.73,482.17,1
2619,SKU-ELE-002619,Vortex Audio & Headphones Model-620,Electronics,Audio & Headphones,Vortex,274.24,479.9,1
2620,SKU-AUT-002620,Matrix Oils & Fluids Model-621,Automotive,Oils & Fluids,Matrix,6.04,8.62,1
2621,SKU-HOM-002621,Nova Bedding Model-622,Home & Kitchen,Bedding,Nova,25.45,40.78,1
2622,SKU-ELE-002622,Nova Smartphones Model-623,Electronics,Smartphones,Nova,250.18,447.3,1
2623,SKU-APP-002623,Sol Outerwear Model-624,Apparel,Outerwear,Sol,237.09,574.37,1
2624,SKU-BEA-002624,Pulse Fragrances Model-625,Beauty & Care,Fragrances,Pulse,35.31,68.6,1
2625,SKU-HOM-002625,Zenith Decor Model-626,Home & Kitchen,Decor,Zenith,155.12,303.27,1
2626,SKU-GRO-002626,Apex Condiments Model-627,Grocery & Pantry,Condiments,Apex,302.69,735.05,0
2627,SKU-ELE-002627,Summit Smart Home Model-628,Electronics,Smart Home,Summit,44.78,64.02,1
2628,SKU-SPO-002628,Lumina Fitness Gear Model-629,Sports & Outdoors,Fitness Gear,Lumina,367.85,523.14,1
2629,SKU-SPO-002629,Sol Fitness Gear Model-630,Sports & Outdoors,Fitness Gear,Sol,393.05,903.11,1
2630,SKU-APP-002630,Nova Men's Clothing Model-631,Apparel,Men's Clothing,Nova,255.57,460.34,1
2631,SKU-SPO-002631,Titan Team Sports Model-632,Sports & Outdoors,Team Sports,Titan,403.93,588.66,1
2632,SKU-APP-002632,Lumina Outerwear Model-633,Apparel,Outerwear,Lumina,176.41,396.81,1
2633,SKU-SPO-002633,Sol Camping & Hiking Model-634,Sports & Outdoors,Camping & Hiking,Sol,138.46,295.43,1
2634,SKU-APP-002634,Matrix Women's Clothing Model-635,Apparel,Women's Clothing,Matrix,97.57,236.63,1
2635,SKU-HOM-002635,Aura Furniture Model-636,Home & Kitchen,Furniture,Aura,341.88,772.29,1
2636,SKU-AUT-002636,Lumina Interior Accessories Model-637,Automotive,Interior Accessories,Lumina,329.84,586.8,1
2637,SKU-ELE-002637,Matrix Wearables Model-638,Electronics,Wearables,Matrix,265.52,630.76,1
2638,SKU-ELE-002638,Vortex Smart Home Model-639,Electronics,Smart Home,Vortex,241.43,321.08,1
2639,SKU-APP-002639,Zenith Outerwear Model-640,Apparel,Outerwear,Zenith,68.71,92.42,1
2640,SKU-SPO-002640,Nova Fitness Gear Model-641,Sports & Outdoors,Fitness Gear,Nova,167.22,362.69,1
2641,SKU-AUT-002641,Aura Oils & Fluids Model-642,Automotive,Oils & Fluids,Aura,226.37,367.68,1
2642,SKU-BEA-002642,Echo Cosmetics Model-643,Beauty & Care,Cosmetics,Echo,306.08,582.19,1
2643,SKU-TOY-002643,Prism Outdoor Toys Model-644,Toys & Games,Outdoor Toys,Prism,288.1,534.76,1
2644,SKU-GRO-002644,Horizon Organic Foods Model-645,Grocery & Pantry,Organic Foods,Horizon,416.55,864.33,1
2645,SKU-AUT-002645,Vortex Car Care Model-646,Automotive,Car Care,Vortex,418.4,705.02,1
2646,SKU-HOM-002646,Echo Bedding Model-647,Home & Kitchen,Bedding,Echo,275.42,584,1
2647,SKU-AUT-002647,Titan Interior Accessories Model-648,Automotive,Interior Accessories,Titan,439.96,640.35,1
2648,SKU-BEA-002648,Zenith Cosmetics Model-649,Beauty & Care,Cosmetics,Zenith,172.55,384.04,1
2649,SKU-HOM-002649,Prism Decor Model-650,Home & Kitchen,Decor,Prism,219.4,321.32,1
2650,SKU-HOM-002650,Sol Cookware Model-651,Home & Kitchen,Cookware,Sol,292.15,442.6,1
2651,SKU-GRO-002651,Titan Canned Goods Model-652,Grocery & Pantry,Canned Goods,Titan,185.31,331.96,1
2652,SKU-AUT-002652,Echo Oils & Fluids Model-653,Automotive,Oils & Fluids,Echo,321.2,502.28,1
2653,SKU-HOM-002653,Zenith Small Appliances Model-654,Home & Kitchen,Small Appliances,Zenith,438.39,789.55,1
2654,SKU-ELE-002654,Pulse Audio & Headphones Model-655,Electronics,Audio & Headphones,Pulse,268.49,431.88,0
2655,SKU-TOY-002655,Prism Outdoor Toys Model-656,Toys & Games,Outdoor Toys,Prism,43.33,85.92,1
2656,SKU-BEA-002656,Pulse Fragrances Model-657,Beauty & Care,Fragrances,Pulse,93.29,169.31,1
2657,SKU-BEA-002657,Pulse Personal Care Model-658,Beauty & Care,Personal Care,Pulse,370.46,699.4,1
2658,SKU-ELE-002658,Zenith Accessories Model-659,Electronics,Accessories,Zenith,374.41,494.33,1
2659,SKU-HOM-002659,Vortex Bedding Model-660,Home & Kitchen,Bedding,Vortex,197.7,268.04,1
2660,SKU-ELE-002660,Horizon Wearables Model-661,Electronics,Wearables,Horizon,279.36,511.23,1
2661,SKU-APP-002661,Zenith Outerwear Model-662,Apparel,Outerwear,Zenith,437.38,659.89,1
2662,SKU-ELE-002662,Lumina Laptops Model-663,Electronics,Laptops,Lumina,220.18,304.15,1
2663,SKU-SPO-002663,Summit Fitness Gear Model-664,Sports & Outdoors,Fitness Gear,Summit,233.28,397.32,1
2664,SKU-GRO-002664,Lumina Organic Foods Model-665,Grocery & Pantry,Organic Foods,Lumina,357.49,742.15,1
2665,SKU-HOM-002665,Pulse Cookware Model-666,Home & Kitchen,Cookware,Pulse,394.72,564.79,1
2666,SKU-SPO-002666,Velocity Fitness Gear Model-667,Sports & Outdoors,Fitness Gear,Velocity,351.98,444.35,1
2667,SKU-AUT-002667,Lumina Oils & Fluids Model-668,Automotive,Oils & Fluids,Lumina,44.57,59.98,1
2668,SKU-GRO-002668,Horizon Organic Foods Model-669,Grocery & Pantry,Organic Foods,Horizon,129.93,168.82,1
2669,SKU-AUT-002669,Pulse Oils & Fluids Model-670,Automotive,Oils & Fluids,Pulse,96.04,125.21,1
2670,SKU-ELE-002670,Prism Smartphones Model-671,Electronics,Smartphones,Prism,138.53,177.22,1
2671,SKU-ELE-002671,Velocity Laptops Model-672,Electronics,Laptops,Velocity,412.29,790.92,1
2672,SKU-HOM-002672,Matrix Decor Model-673,Home & Kitchen,Decor,Matrix,356.33,492.84,1
2673,SKU-GRO-002673,Prism Breakfast Model-674,Grocery & Pantry,Breakfast,Prism,152.69,310.17,1
2674,SKU-GRO-002674,Summit Canned Goods Model-675,Grocery & Pantry,Canned Goods,Summit,100.08,201.72,1
2675,SKU-ELE-002675,Sol Smartphones Model-676,Electronics,Smartphones,Sol,267.73,644.62,1
2676,SKU-AUT-002676,Vortex Interior Accessories Model-677,Automotive,Interior Accessories,Vortex,120.5,290.83,1
2677,SKU-BEA-002677,Vortex Skincare Model-678,Beauty & Care,Skincare,Vortex,141.92,308.88,1
2678,SKU-ELE-002678,Vortex Audio & Headphones Model-679,Electronics,Audio & Headphones,Vortex,284.26,647.27,1
2679,SKU-APP-002679,Velocity Accessories Model-680,Apparel,Accessories,Velocity,204.75,380.05,0
2680,SKU-TOY-002680,Pulse Puzzles Model-681,Toys & Games,Puzzles,Pulse,442.41,604.68,1
2681,SKU-SPO-002681,Titan Team Sports Model-682,Sports & Outdoors,Team Sports,Titan,33.59,61.35,1
2682,SKU-SPO-002682,Echo Cycling Model-683,Sports & Outdoors,Cycling,Echo,23.8,42.54,1
2683,SKU-SPO-002683,Matrix Fitness Gear Model-684,Sports & Outdoors,Fitness Gear,Matrix,411.48,701.61,1
2684,SKU-SPO-002684,Sol Camping & Hiking Model-685,Sports & Outdoors,Camping & Hiking,Sol,91.83,219.94,1
2685,SKU-GRO-002685,Vortex Organic Foods Model-686,Grocery & Pantry,Organic Foods,Vortex,355.75,658.49,0
2686,SKU-APP-002686,Vortex Men's Clothing Model-687,Apparel,Men's Clothing,Vortex,217.54,500.14,1
2687,SKU-SPO-002687,Pulse Camping & Hiking Model-688,Sports & Outdoors,Camping & Hiking,Pulse,83.74,105.82,1
2688,SKU-HOM-002688,Horizon Storage Model-689,Home & Kitchen,Storage,Horizon,92.35,152.14,1
2689,SKU-AUT-002689,Summit Interior Accessories Model-690,Automotive,Interior Accessories,Summit,277.27,427.12,1
2690,SKU-APP-002690,Sol Men's Clothing Model-691,Apparel,Men's Clothing,Sol,60.62,126.13,1
2691,SKU-AUT-002691,Pulse Interior Accessories Model-692,Automotive,Interior Accessories,Pulse,269.61,630.66,1
2692,SKU-HOM-002692,Summit Small Appliances Model-693,Home & Kitchen,Small Appliances,Summit,422.34,663.51,1
2693,SKU-ELE-002693,Matrix Smart Home Model-694,Electronics,Smart Home,Matrix,357.75,644.56,1
2694,SKU-GRO-002694,Zenith Organic Foods Model-695,Grocery & Pantry,Organic Foods,Zenith,355.63,712.32,1
2695,SKU-APP-002695,Matrix Women's Clothing Model-696,Apparel,Women's Clothing,Matrix,271.81,408.65,1
2696,SKU-SPO-002696,Matrix Team Sports Model-697,Sports & Outdoors,Team Sports,Matrix,329.81,592.89,0
2697,SKU-AUT-002697,Echo Tools & Equipment Model-698,Automotive,Tools & Equipment,Echo,97.72,161.23,1
2698,SKU-GRO-002698,Velocity Condiments Model-699,Grocery & Pantry,Condiments,Velocity,266.86,356.36,1
2699,SKU-AUT-002699,Sol Oils & Fluids Model-700,Automotive,Oils & Fluids,Sol,291.45,543.28,1
2700,SKU-HOM-002700,Zenith Storage Model-701,Home & Kitchen,Storage,Zenith,429.07,696.28,1
2701,SKU-BEA-002701,Zenith Cosmetics Model-702,Beauty & Care,Cosmetics,Zenith,215.51,303.06,0
2702,SKU-AUT-002702,Nova Interior Accessories Model-703,Automotive,Interior Accessories,Nova,283.24,436.56,1
2703,SKU-AUT-002703,Zenith Car Care Model-704,Automotive,Car Care,Zenith,346.75,675.44,1
2704,SKU-GRO-002704,Pulse Snacks Model-705,Grocery & Pantry,Snacks,Pulse,89.45,170.72,1
2705,SKU-HOM-002705,Zenith Bedding Model-706,Home & Kitchen,Bedding,Zenith,160.11,237.92,1
2706,SKU-APP-002706,Titan Sportswear Model-707,Apparel,Sportswear,Titan,295.51,524.29,1
2707,SKU-ELE-002707,Zenith Wearables Model-708,Electronics,Wearables,Zenith,418.01,935.65,1
2708,SKU-AUT-002708,Summit Interior Accessories Model-709,Automotive,Interior Accessories,Summit,370.98,618.96,1
2709,SKU-SPO-002709,Velocity Team Sports Model-710,Sports & Outdoors,Team Sports,Velocity,115.5,221.8,1
2710,SKU-SPO-002710,Apex Fitness Gear Model-711,Sports & Outdoors,Fitness Gear,Apex,40.6,84.57,1
2711,SKU-AUT-002711,Nova Interior Accessories Model-712,Automotive,Interior Accessories,Nova,244.67,423.51,1
2712,SKU-SPO-002712,Velocity Camping & Hiking Model-713,Sports & Outdoors,Camping & Hiking,Velocity,70.44,170.93,1
2713,SKU-SPO-002713,Velocity Cycling Model-714,Sports & Outdoors,Cycling,Velocity,330.14,674.26,1
2714,SKU-APP-002714,Nova Women's Clothing Model-715,Apparel,Women's Clothing,Nova,157.92,337.37,1
2715,SKU-BEA-002715,Zenith Haircare Model-716,Beauty & Care,Haircare,Zenith,151.83,218.79,1
2716,SKU-BEA-002716,Echo Haircare Model-717,Beauty & Care,Haircare,Echo,143.32,300.85,1
2717,SKU-APP-002717,Nova Women's Clothing Model-718,Apparel,Women's Clothing,Nova,316.14,588.53,1
2718,SKU-BEA-002718,Summit Cosmetics Model-719,Beauty & Care,Cosmetics,Summit,26.38,65.2,1
2719,SKU-GRO-002719,Vortex Canned Goods Model-720,Grocery & Pantry,Canned Goods,Vortex,284.41,643.07,1
2720,SKU-SPO-002720,Summit Camping & Hiking Model-721,Sports & Outdoors,Camping & Hiking,Summit,118.26,287.62,1
2721,SKU-BEA-002721,Echo Skincare Model-722,Beauty & Care,Skincare,Echo,174.75,353.95,1
2722,SKU-BEA-002722,Velocity Cosmetics Model-723,Beauty & Care,Cosmetics,Velocity,126.38,166.99,1
2723,SKU-HOM-002723,Titan Furniture Model-724,Home & Kitchen,Furniture,Titan,309.44,509.98,1
2724,SKU-BEA-002724,Titan Personal Care Model-725,Beauty & Care,Personal Care,Titan,364.68,862.98,1
2725,SKU-HOM-002725,Titan Storage Model-726,Home & Kitchen,Storage,Titan,177.55,325.53,1
2726,SKU-AUT-002726,Horizon Car Care Model-727,Automotive,Car Care,Horizon,311.89,630.78,0
2727,SKU-APP-002727,Aura Accessories Model-728,Apparel,Accessories,Aura,44.43,85.16,1
2728,SKU-AUT-002728,Pulse Car Care Model-729,Automotive,Car Care,Pulse,151.21,273.45,1
2729,SKU-AUT-002729,Nova Car Care Model-730,Automotive,Car Care,Nova,47.13,115.03,1
2730,SKU-HOM-002730,Horizon Small Appliances Model-731,Home & Kitchen,Small Appliances,Horizon,69.36,149,1
2731,SKU-SPO-002731,Vortex Water Sports Model-732,Sports & Outdoors,Water Sports,Vortex,169.4,399.13,1
2732,SKU-ELE-002732,Prism Audio & Headphones Model-733,Electronics,Audio & Headphones,Prism,333.45,787.5,1
2733,SKU-BEA-002733,Zenith Skincare Model-734,Beauty & Care,Skincare,Zenith,343.27,442.13,1
2734,SKU-BEA-002734,Lumina Haircare Model-735,Beauty & Care,Haircare,Lumina,247.09,579.12,1
2735,SKU-AUT-002735,Aura Interior Accessories Model-736,Automotive,Interior Accessories,Aura,92.6,192.27,1
2736,SKU-SPO-002736,Pulse Team Sports Model-737,Sports & Outdoors,Team Sports,Pulse,382.19,510.41,1
2737,SKU-APP-002737,Matrix Accessories Model-738,Apparel,Accessories,Matrix,362.13,528.94,1
2738,SKU-GRO-002738,Sol Beverages Model-739,Grocery & Pantry,Beverages,Sol,422.53,787.32,0
2739,SKU-GRO-002739,Matrix Beverages Model-740,Grocery & Pantry,Beverages,Matrix,72.16,163,1
2740,SKU-AUT-002740,Lumina Tools & Equipment Model-741,Automotive,Tools & Equipment,Lumina,117.55,248.35,1
2741,SKU-ELE-002741,Horizon Laptops Model-742,Electronics,Laptops,Horizon,361.07,801.9,1
2742,SKU-AUT-002742,Echo Car Care Model-743,Automotive,Car Care,Echo,265.42,545.16,1
2743,SKU-AUT-002743,Horizon Car Care Model-744,Automotive,Car Care,Horizon,132.58,216.18,1
2744,SKU-BEA-002744,Pulse Personal Care Model-745,Beauty & Care,Personal Care,Pulse,226.55,311.67,1
2745,SKU-BEA-002745,Matrix Haircare Model-746,Beauty & Care,Haircare,Matrix,53.37,110.76,1
2746,SKU-GRO-002746,Sol Condiments Model-747,Grocery & Pantry,Condiments,Sol,420.54,558.12,1
2747,SKU-SPO-002747,Summit Water Sports Model-748,Sports & Outdoors,Water Sports,Summit,425.38,809.7,1
2748,SKU-GRO-002748,Prism Breakfast Model-749,Grocery & Pantry,Breakfast,Prism,378.9,595.16,1
2749,SKU-ELE-002749,Horizon Laptops Model-750,Electronics,Laptops,Horizon,151.79,246.9,1
2750,SKU-APP-002750,Apex Accessories Model-751,Apparel,Accessories,Apex,340.24,736.86,1
2751,SKU-HOM-002751,Summit Bedding Model-752,Home & Kitchen,Bedding,Summit,206.31,313.86,1
2752,SKU-TOY-002752,Echo Board Games Model-753,Toys & Games,Board Games,Echo,343.46,760.43,1
2753,SKU-TOY-002753,Apex Puzzles Model-754,Toys & Games,Puzzles,Apex,96.41,226.31,1
2754,SKU-ELE-002754,Nova Smart Home Model-755,Electronics,Smart Home,Nova,236.89,366.53,1
2755,SKU-AUT-002755,Aura Interior Accessories Model-756,Automotive,Interior Accessories,Aura,344.52,781.67,1
2756,SKU-AUT-002756,Velocity Oils & Fluids Model-757,Automotive,Oils & Fluids,Velocity,60.89,124.59,1
2757,SKU-APP-002757,Echo Men's Clothing Model-758,Apparel,Men's Clothing,Echo,168.98,344.42,1
2758,SKU-TOY-002758,Echo Educational Toys Model-759,Toys & Games,Educational Toys,Echo,370.28,620.48,1
2759,SKU-TOY-002759,Horizon Educational Toys Model-760,Toys & Games,Educational Toys,Horizon,381.54,501.51,1
2760,SKU-TOY-002760,Pulse Educational Toys Model-761,Toys & Games,Educational Toys,Pulse,260.6,402.05,1
2761,SKU-HOM-002761,Vortex Small Appliances Model-762,Home & Kitchen,Small Appliances,Vortex,142.01,341.37,1
2762,SKU-HOM-002762,Aura Furniture Model-763,Home & Kitchen,Furniture,Aura,282.83,456.92,1
2763,SKU-BEA-002763,Zenith Personal Care Model-764,Beauty & Care,Personal Care,Zenith,340.71,558.75,1
2764,SKU-AUT-002764,Echo Car Care Model-765,Automotive,Car Care,Echo,54.59,100.65,1
2765,SKU-AUT-002765,Zenith Car Care Model-766,Automotive,Car Care,Zenith,130.41,189.56,1
2766,SKU-APP-002766,Horizon Men's Clothing Model-767,Apparel,Men's Clothing,Horizon,199.79,267.79,1
2767,SKU-GRO-002767,Summit Organic Foods Model-768,Grocery & Pantry,Organic Foods,Summit,50.65,119.87,1
2768,SKU-GRO-002768,Matrix Condiments Model-769,Grocery & Pantry,Condiments,Matrix,41.43,98.17,1
2769,SKU-BEA-002769,Summit Personal Care Model-770,Beauty & Care,Personal Care,Summit,258.01,557.47,1
2770,SKU-BEA-002770,Pulse Personal Care Model-771,Beauty & Care,Personal Care,Pulse,314.68,458.96,1
2771,SKU-GRO-002771,Sol Breakfast Model-772,Grocery & Pantry,Breakfast,Sol,385.88,635.8,1
2772,SKU-ELE-002772,Summit Smartphones Model-773,Electronics,Smartphones,Summit,222.86,418.12,1
2773,SKU-HOM-002773,Lumina Small Appliances Model-774,Home & Kitchen,Small Appliances,Lumina,45.63,73.48,1
2774,SKU-BEA-002774,Apex Fragrances Model-775,Beauty & Care,Fragrances,Apex,56.89,79.16,1
2775,SKU-AUT-002775,Zenith Tools & Equipment Model-776,Automotive,Tools & Equipment,Zenith,258.67,545.89,1
2776,SKU-BEA-002776,Sol Personal Care Model-777,Beauty & Care,Personal Care,Sol,30.22,50.14,1
2777,SKU-HOM-002777,Horizon Bedding Model-778,Home & Kitchen,Bedding,Horizon,267.69,518.39,1
2778,SKU-TOY-002778,Vortex Action Figures Model-779,Toys & Games,Action Figures,Vortex,61.82,115.56,1
2779,SKU-APP-002779,Horizon Women's Clothing Model-780,Apparel,Women's Clothing,Horizon,409.36,973.52,1
2780,SKU-TOY-002780,Matrix Board Games Model-781,Toys & Games,Board Games,Matrix,228.11,332.36,1
2781,SKU-TOY-002781,Pulse Action Figures Model-782,Toys & Games,Action Figures,Pulse,23.2,39.06,1
2782,SKU-SPO-002782,Echo Team Sports Model-783,Sports & Outdoors,Team Sports,Echo,99.22,151.38,1
2783,SKU-ELE-002783,Sol Smartphones Model-784,Electronics,Smartphones,Sol,367.13,898.73,1
2784,SKU-ELE-002784,Matrix Audio & Headphones Model-785,Electronics,Audio & Headphones,Matrix,182.87,395.52,1
2785,SKU-APP-002785,Sol Sportswear Model-786,Apparel,Sportswear,Sol,342.47,491.93,1
2786,SKU-HOM-002786,Sol Small Appliances Model-787,Home & Kitchen,Small Appliances,Sol,135.42,273.34,1
2787,SKU-ELE-002787,Nova Laptops Model-788,Electronics,Laptops,Nova,344.33,814.55,1
2788,SKU-ELE-002788,Apex Accessories Model-789,Electronics,Accessories,Apex,226.36,387.42,1
2789,SKU-HOM-002789,Titan Cookware Model-790,Home & Kitchen,Cookware,Titan,239.69,502.29,1
2790,SKU-GRO-002790,Nova Breakfast Model-791,Grocery & Pantry,Breakfast,Nova,166.46,252.15,1
2791,SKU-AUT-002791,Pulse Tools & Equipment Model-792,Automotive,Tools & Equipment,Pulse,74.08,118.13,1
2792,SKU-BEA-002792,Prism Personal Care Model-793,Beauty & Care,Personal Care,Prism,303.11,632.52,1
2793,SKU-BEA-002793,Horizon Fragrances Model-794,Beauty & Care,Fragrances,Horizon,293,515.87,1
2794,SKU-BEA-002794,Apex Personal Care Model-795,Beauty & Care,Personal Care,Apex,419.67,896.82,1
2795,SKU-HOM-002795,Sol Small Appliances Model-796,Home & Kitchen,Small Appliances,Sol,294.97,496.08,1
2796,SKU-GRO-002796,Pulse Snacks Model-797,Grocery & Pantry,Snacks,Pulse,304.85,695.43,1
2797,SKU-HOM-002797,Zenith Furniture Model-798,Home & Kitchen,Furniture,Zenith,104.95,148.34,1
2798,SKU-ELE-002798,Prism Smartphones Model-799,Electronics,Smartphones,Prism,94,152.86,1
2799,SKU-AUT-002799,Apex Interior Accessories Model-800,Automotive,Interior Accessories,Apex,6.13,12.33,1
2800,SKU-GRO-002800,Nova Condiments Model-801,Grocery & Pantry,Condiments,Nova,56.07,138.07,0
2801,SKU-TOY-002801,Lumina Board Games Model-802,Toys & Games,Board Games,Lumina,270.06,385.62,1
2802,SKU-BEA-002802,Matrix Fragrances Model-803,Beauty & Care,Fragrances,Matrix,28.33,44.87,1
2803,SKU-BEA-002803,Sol Cosmetics Model-804,Beauty & Care,Cosmetics,Sol,387.6,561.65,0
2804,SKU-BEA-002804,Pulse Fragrances Model-805,Beauty & Care,Fragrances,Pulse,205.97,437.88,1
2805,SKU-BEA-002805,Pulse Personal Care Model-806,Beauty & Care,Personal Care,Pulse,80.49,105.56,1
2806,SKU-AUT-002806,Pulse Interior Accessories Model-807,Automotive,Interior Accessories,Pulse,289.89,652.56,1
2807,SKU-TOY-002807,Horizon Board Games Model-808,Toys & Games,Board Games,Horizon,90.64,150.67,1
2808,SKU-SPO-002808,Pulse Team Sports Model-809,Sports & Outdoors,Team Sports,Pulse,418.38,572.95,1
2809,SKU-BEA-002809,Velocity Skincare Model-810,Beauty & Care,Skincare,Velocity,18.67,27.25,1
2810,SKU-SPO-002810,Lumina Camping & Hiking Model-811,Sports & Outdoors,Camping & Hiking,Lumina,350.68,658.83,1
2811,SKU-ELE-002811,Zenith Smart Home Model-812,Electronics,Smart Home,Zenith,242.54,511.39,1
2812,SKU-TOY-002812,Sol Outdoor Toys Model-813,Toys & Games,Outdoor Toys,Sol,36,89.11,1
2813,SKU-ELE-002813,Vortex Laptops Model-814,Electronics,Laptops,Vortex,170.45,216.96,1
2814,SKU-ELE-002814,Horizon Smart Home Model-815,Electronics,Smart Home,Horizon,427.88,762.1,1
2815,SKU-APP-002815,Prism Footwear Model-816,Apparel,Footwear,Prism,136.8,258.74,1
2816,SKU-AUT-002816,Sol Oils & Fluids Model-817,Automotive,Oils & Fluids,Sol,250.02,614.76,1
2817,SKU-AUT-002817,Echo Interior Accessories Model-818,Automotive,Interior Accessories,Echo,263.5,593.51,1
2818,SKU-HOM-002818,Summit Small Appliances Model-819,Home & Kitchen,Small Appliances,Summit,19.75,42.05,1
2819,SKU-GRO-002819,Velocity Canned Goods Model-820,Grocery & Pantry,Canned Goods,Velocity,250.48,374.1,1
2820,SKU-BEA-002820,Velocity Cosmetics Model-821,Beauty & Care,Cosmetics,Velocity,199.89,325.42,1
2821,SKU-BEA-002821,Summit Personal Care Model-822,Beauty & Care,Personal Care,Summit,330.13,744.68,1
2822,SKU-AUT-002822,Pulse Car Care Model-823,Automotive,Car Care,Pulse,11.54,24.74,1
2823,SKU-APP-002823,Apex Accessories Model-824,Apparel,Accessories,Apex,203.74,496.75,1
2824,SKU-ELE-002824,Prism Laptops Model-825,Electronics,Laptops,Prism,278.73,468.24,1
2825,SKU-SPO-002825,Velocity Fitness Gear Model-826,Sports & Outdoors,Fitness Gear,Velocity,343.59,494.91,1
2826,SKU-SPO-002826,Zenith Camping & Hiking Model-827,Sports & Outdoors,Camping & Hiking,Zenith,209.56,358.59,1
2827,SKU-BEA-002827,Aura Skincare Model-828,Beauty & Care,Skincare,Aura,410.09,874.4,1
2828,SKU-AUT-002828,Titan Oils & Fluids Model-829,Automotive,Oils & Fluids,Titan,84.87,125.2,0
2829,SKU-ELE-002829,Apex Accessories Model-830,Electronics,Accessories,Apex,328.57,655.5,1
2830,SKU-HOM-002830,Velocity Small Appliances Model-831,Home & Kitchen,Small Appliances,Velocity,434.61,634.09,1
2831,SKU-AUT-002831,Horizon Oils & Fluids Model-832,Automotive,Oils & Fluids,Horizon,371.66,713.25,1
2832,SKU-HOM-002832,Sol Cookware Model-833,Home & Kitchen,Cookware,Sol,40.14,55.4,1
2833,SKU-SPO-002833,Matrix Team Sports Model-834,Sports & Outdoors,Team Sports,Matrix,339.78,476.1,1
2834,SKU-SPO-002834,Aura Team Sports Model-835,Sports & Outdoors,Team Sports,Aura,246.78,590.49,1
2835,SKU-HOM-002835,Horizon Small Appliances Model-836,Home & Kitchen,Small Appliances,Horizon,447.9,745.32,1
2836,SKU-ELE-002836,Nova Smart Home Model-837,Electronics,Smart Home,Nova,89.21,162.32,1
2837,SKU-BEA-002837,Vortex Fragrances Model-838,Beauty & Care,Fragrances,Vortex,211.61,465.43,1
2838,SKU-TOY-002838,Apex Outdoor Toys Model-839,Toys & Games,Outdoor Toys,Apex,427.77,1027.11,1
2839,SKU-AUT-002839,Prism Car Care Model-840,Automotive,Car Care,Prism,412.68,546.1,1
2840,SKU-AUT-002840,Apex Tools & Equipment Model-841,Automotive,Tools & Equipment,Apex,99.87,162.2,1
2841,SKU-AUT-002841,Matrix Oils & Fluids Model-842,Automotive,Oils & Fluids,Matrix,253.15,632.14,1
2842,SKU-BEA-002842,Matrix Skincare Model-843,Beauty & Care,Skincare,Matrix,358.5,847.16,1
2843,SKU-GRO-002843,Titan Breakfast Model-844,Grocery & Pantry,Breakfast,Titan,273.75,382.98,1
2844,SKU-HOM-002844,Prism Bedding Model-845,Home & Kitchen,Bedding,Prism,215.53,370.68,1
2845,SKU-APP-002845,Nova Accessories Model-846,Apparel,Accessories,Nova,381.72,553.57,1
2846,SKU-SPO-002846,Vortex Camping & Hiking Model-847,Sports & Outdoors,Camping & Hiking,Vortex,142.12,274.18,1
2847,SKU-APP-002847,Pulse Outerwear Model-848,Apparel,Outerwear,Pulse,17.54,29.39,1
2848,SKU-HOM-002848,Sol Furniture Model-849,Home & Kitchen,Furniture,Sol,414.32,799.03,1
2849,SKU-BEA-002849,Sol Personal Care Model-850,Beauty & Care,Personal Care,Sol,39.98,54.49,1
2850,SKU-HOM-002850,Prism Furniture Model-851,Home & Kitchen,Furniture,Prism,118.52,277.14,0
2851,SKU-SPO-002851,Pulse Camping & Hiking Model-852,Sports & Outdoors,Camping & Hiking,Pulse,93.96,169.26,1
2852,SKU-BEA-002852,Sol Haircare Model-853,Beauty & Care,Haircare,Sol,329.34,451.44,1
2853,SKU-GRO-002853,Apex Snacks Model-854,Grocery & Pantry,Snacks,Apex,165.07,380.73,1
2854,SKU-GRO-002854,Horizon Breakfast Model-855,Grocery & Pantry,Breakfast,Horizon,141.78,333.04,1
2855,SKU-HOM-002855,Vortex Decor Model-856,Home & Kitchen,Decor,Vortex,376.6,489.08,1
2856,SKU-GRO-002856,Pulse Beverages Model-857,Grocery & Pantry,Beverages,Pulse,223.64,466.83,1
2857,SKU-AUT-002857,Matrix Oils & Fluids Model-858,Automotive,Oils & Fluids,Matrix,96.67,227.68,1
2858,SKU-BEA-002858,Aura Fragrances Model-859,Beauty & Care,Fragrances,Aura,84.35,203.95,1
2859,SKU-BEA-002859,Titan Fragrances Model-860,Beauty & Care,Fragrances,Titan,60.17,91.28,1
2860,SKU-SPO-002860,Echo Cycling Model-861,Sports & Outdoors,Cycling,Echo,83.33,188.95,1
2861,SKU-TOY-002861,Lumina Board Games Model-862,Toys & Games,Board Games,Lumina,111.72,202.09,1
2862,SKU-ELE-002862,Sol Smart Home Model-863,Electronics,Smart Home,Sol,427.95,757.57,1
2863,SKU-SPO-002863,Nova Team Sports Model-864,Sports & Outdoors,Team Sports,Nova,117.34,190.81,1
2864,SKU-ELE-002864,Titan Smartphones Model-865,Electronics,Smartphones,Titan,120.99,174.69,1
2865,SKU-APP-002865,Aura Accessories Model-866,Apparel,Accessories,Aura,158.19,215.54,1
2866,SKU-HOM-002866,Vortex Furniture Model-867,Home & Kitchen,Furniture,Vortex,440.12,740.7,1
2867,SKU-HOM-002867,Titan Furniture Model-868,Home & Kitchen,Furniture,Titan,177.67,363.17,1
2868,SKU-AUT-002868,Nova Car Care Model-869,Automotive,Car Care,Nova,340.45,835.48,1
2869,SKU-HOM-002869,Apex Decor Model-870,Home & Kitchen,Decor,Apex,177.22,431.96,1
2870,SKU-HOM-002870,Horizon Small Appliances Model-871,Home & Kitchen,Small Appliances,Horizon,50.02,122.05,1
2871,SKU-AUT-002871,Aura Tools & Equipment Model-872,Automotive,Tools & Equipment,Aura,358.86,831.73,1
2872,SKU-ELE-002872,Sol Laptops Model-873,Electronics,Laptops,Sol,356.96,508.16,1
2873,SKU-APP-002873,Zenith Men's Clothing Model-874,Apparel,Men's Clothing,Zenith,442.96,796.19,1
2874,SKU-TOY-002874,Matrix Outdoor Toys Model-875,Toys & Games,Outdoor Toys,Matrix,423.78,901.84,1
2875,SKU-SPO-002875,Velocity Water Sports Model-876,Sports & Outdoors,Water Sports,Velocity,441.01,960.11,1
2876,SKU-BEA-002876,Apex Skincare Model-877,Beauty & Care,Skincare,Apex,427.52,1057.24,1
2877,SKU-AUT-002877,Vortex Tools & Equipment Model-878,Automotive,Tools & Equipment,Vortex,46.18,109.95,1
2878,SKU-GRO-002878,Velocity Canned Goods Model-879,Grocery & Pantry,Canned Goods,Velocity,50.35,83.16,1
2879,SKU-SPO-002879,Lumina Cycling Model-880,Sports & Outdoors,Cycling,Lumina,157.09,383.16,1
2880,SKU-GRO-002880,Summit Breakfast Model-881,Grocery & Pantry,Breakfast,Summit,285.99,478.19,1
2881,SKU-ELE-002881,Nova Audio & Headphones Model-882,Electronics,Audio & Headphones,Nova,295.83,686.09,1
2882,SKU-GRO-002882,Titan Snacks Model-883,Grocery & Pantry,Snacks,Titan,311.03,400.07,1
2883,SKU-APP-002883,Prism Sportswear Model-884,Apparel,Sportswear,Prism,272.13,373.26,1
2884,SKU-BEA-002884,Horizon Skincare Model-885,Beauty & Care,Skincare,Horizon,104.44,224.92,1
2885,SKU-TOY-002885,Horizon Board Games Model-886,Toys & Games,Board Games,Horizon,326.92,501.43,1
2886,SKU-ELE-002886,Prism Accessories Model-887,Electronics,Accessories,Prism,104.21,236.7,1
2887,SKU-APP-002887,Pulse Men's Clothing Model-888,Apparel,Men's Clothing,Pulse,131.01,177.05,1
2888,SKU-HOM-002888,Sol Cookware Model-889,Home & Kitchen,Cookware,Sol,404.96,581.99,1
2889,SKU-AUT-002889,Nova Car Care Model-890,Automotive,Car Care,Nova,273.01,394.92,1
2890,SKU-TOY-002890,Zenith Puzzles Model-891,Toys & Games,Puzzles,Zenith,296.94,515.28,1
2891,SKU-AUT-002891,Sol Interior Accessories Model-892,Automotive,Interior Accessories,Sol,243.73,488.65,1
2892,SKU-SPO-002892,Nova Cycling Model-893,Sports & Outdoors,Cycling,Nova,433.55,625.28,1
2893,SKU-BEA-002893,Sol Personal Care Model-894,Beauty & Care,Personal Care,Sol,217.58,280.3,1
2894,SKU-HOM-002894,Zenith Decor Model-895,Home & Kitchen,Decor,Zenith,199.5,395.73,1
2895,SKU-APP-002895,Summit Footwear Model-896,Apparel,Footwear,Summit,158.67,324.56,1
2896,SKU-GRO-002896,Lumina Breakfast Model-897,Grocery & Pantry,Breakfast,Lumina,445.32,1047.31,1
2897,SKU-SPO-002897,Apex Team Sports Model-898,Sports & Outdoors,Team Sports,Apex,58.02,109.97,1
2898,SKU-GRO-002898,Pulse Organic Foods Model-899,Grocery & Pantry,Organic Foods,Pulse,148.35,221.75,1
2899,SKU-AUT-002899,Pulse Interior Accessories Model-900,Automotive,Interior Accessories,Pulse,266.74,476.64,1
2900,SKU-SPO-002900,Sol Fitness Gear Model-901,Sports & Outdoors,Fitness Gear,Sol,192.7,247.82,1
2901,SKU-BEA-002901,Summit Skincare Model-902,Beauty & Care,Skincare,Summit,359.15,645.87,1
2902,SKU-ELE-002902,Nova Laptops Model-903,Electronics,Laptops,Nova,134.41,291.23,1
2903,SKU-HOM-002903,Vortex Small Appliances Model-904,Home & Kitchen,Small Appliances,Vortex,223.8,517.5,1
2904,SKU-APP-002904,Prism Accessories Model-905,Apparel,Accessories,Prism,403.98,724,1
2905,SKU-ELE-002905,Aura Smartphones Model-906,Electronics,Smartphones,Aura,312.29,590.29,1
2906,SKU-APP-002906,Summit Outerwear Model-907,Apparel,Outerwear,Summit,58.47,129.88,1
2907,SKU-SPO-002907,Nova Camping & Hiking Model-908,Sports & Outdoors,Camping & Hiking,Nova,383.99,771.67,0
2908,SKU-TOY-002908,Horizon Action Figures Model-909,Toys & Games,Action Figures,Horizon,273.83,684.4,1
2909,SKU-AUT-002909,Nova Oils & Fluids Model-910,Automotive,Oils & Fluids,Nova,241.04,441.71,0
2910,SKU-HOM-002910,Lumina Furniture Model-911,Home & Kitchen,Furniture,Lumina,378.3,672.23,1
2911,SKU-APP-002911,Matrix Men's Clothing Model-912,Apparel,Men's Clothing,Matrix,295.62,662.16,1
2912,SKU-HOM-002912,Velocity Storage Model-913,Home & Kitchen,Storage,Velocity,170.4,333.79,1
2913,SKU-HOM-002913,Velocity Storage Model-914,Home & Kitchen,Storage,Velocity,259.24,380.29,1
2914,SKU-APP-002914,Pulse Outerwear Model-915,Apparel,Outerwear,Pulse,431.28,1064.51,0
2915,SKU-TOY-002915,Horizon Board Games Model-916,Toys & Games,Board Games,Horizon,224.6,387.57,1
2916,SKU-GRO-002916,Summit Beverages Model-917,Grocery & Pantry,Beverages,Summit,229.42,305.17,1
2917,SKU-GRO-002917,Apex Condiments Model-918,Grocery & Pantry,Condiments,Apex,277.26,460.95,1
2918,SKU-ELE-002918,Velocity Audio & Headphones Model-919,Electronics,Audio & Headphones,Velocity,96.95,163.35,1
2919,SKU-SPO-002919,Aura Fitness Gear Model-920,Sports & Outdoors,Fitness Gear,Aura,235.08,533.17,1
2920,SKU-TOY-002920,Lumina Action Figures Model-921,Toys & Games,Action Figures,Lumina,274.96,528.36,1
2921,SKU-HOM-002921,Horizon Bedding Model-922,Home & Kitchen,Bedding,Horizon,135.56,258.7,1
2922,SKU-SPO-002922,Nova Water Sports Model-923,Sports & Outdoors,Water Sports,Nova,184.8,403.25,1
2923,SKU-TOY-002923,Vortex Action Figures Model-924,Toys & Games,Action Figures,Vortex,208.71,435.7,1
2924,SKU-TOY-002924,Sol Action Figures Model-925,Toys & Games,Action Figures,Sol,438.48,867.82,1
2925,SKU-SPO-002925,Vortex Water Sports Model-926,Sports & Outdoors,Water Sports,Vortex,252.34,492.95,1
2926,SKU-TOY-002926,Lumina Puzzles Model-927,Toys & Games,Puzzles,Lumina,329.7,446.07,1
2927,SKU-ELE-002927,Summit Wearables Model-928,Electronics,Wearables,Summit,25.45,37.18,1
2928,SKU-SPO-002928,Apex Cycling Model-929,Sports & Outdoors,Cycling,Apex,372.4,719.73,1
2929,SKU-HOM-002929,Lumina Decor Model-930,Home & Kitchen,Decor,Lumina,360.64,663.04,1
2930,SKU-GRO-002930,Echo Condiments Model-931,Grocery & Pantry,Condiments,Echo,297.25,536.53,1
2931,SKU-SPO-002931,Vortex Camping & Hiking Model-932,Sports & Outdoors,Camping & Hiking,Vortex,402.2,858.26,1
2932,SKU-APP-002932,Zenith Women's Clothing Model-933,Apparel,Women's Clothing,Zenith,374.92,719.24,1
2933,SKU-HOM-002933,Vortex Small Appliances Model-934,Home & Kitchen,Small Appliances,Vortex,14.42,33.98,1
2934,SKU-AUT-002934,Nova Tools & Equipment Model-935,Automotive,Tools & Equipment,Nova,68.5,118.39,1
2935,SKU-SPO-002935,Prism Camping & Hiking Model-936,Sports & Outdoors,Camping & Hiking,Prism,406.4,745.9,1
2936,SKU-BEA-002936,Lumina Cosmetics Model-937,Beauty & Care,Cosmetics,Lumina,363.02,682.43,1
2937,SKU-AUT-002937,Apex Tools & Equipment Model-938,Automotive,Tools & Equipment,Apex,375.11,909.87,1
2938,SKU-SPO-002938,Vortex Camping & Hiking Model-939,Sports & Outdoors,Camping & Hiking,Vortex,177.73,301.29,1
2939,SKU-ELE-002939,Aura Smart Home Model-940,Electronics,Smart Home,Aura,217.32,412.82,1
2940,SKU-GRO-002940,Prism Snacks Model-941,Grocery & Pantry,Snacks,Prism,374.83,545.09,1
2941,SKU-AUT-002941,Prism Tools & Equipment Model-942,Automotive,Tools & Equipment,Prism,266.97,610.81,1
2942,SKU-GRO-002942,Prism Organic Foods Model-943,Grocery & Pantry,Organic Foods,Prism,25.4,55.33,1
2943,SKU-HOM-002943,Vortex Small Appliances Model-944,Home & Kitchen,Small Appliances,Vortex,303.17,649.48,1
2944,SKU-APP-002944,Aura Accessories Model-945,Apparel,Accessories,Aura,166.04,279.07,1
2945,SKU-HOM-002945,Velocity Cookware Model-946,Home & Kitchen,Cookware,Velocity,266.48,530.27,1
2946,SKU-SPO-002946,Apex Team Sports Model-947,Sports & Outdoors,Team Sports,Apex,272.11,557.07,1
2947,SKU-TOY-002947,Echo Action Figures Model-948,Toys & Games,Action Figures,Echo,30.12,48.16,1
2948,SKU-ELE-002948,Echo Laptops Model-949,Electronics,Laptops,Echo,9.42,21.03,0
2949,SKU-TOY-002949,Vortex Puzzles Model-950,Toys & Games,Puzzles,Vortex,275.31,676.14,1
2950,SKU-ELE-002950,Apex Wearables Model-951,Electronics,Wearables,Apex,434.75,923.87,0
2951,SKU-AUT-002951,Pulse Car Care Model-952,Automotive,Car Care,Pulse,353.95,677.37,1
2952,SKU-TOY-002952,Vortex Educational Toys Model-953,Toys & Games,Educational Toys,Vortex,427.95,698.02,1
2953,SKU-BEA-002953,Echo Fragrances Model-954,Beauty & Care,Fragrances,Echo,419.27,1003.81,1
2954,SKU-TOY-002954,Nova Action Figures Model-955,Toys & Games,Action Figures,Nova,276.01,546.24,1
2955,SKU-HOM-002955,Zenith Decor Model-956,Home & Kitchen,Decor,Zenith,95.73,123.52,1
2956,SKU-GRO-002956,Matrix Beverages Model-957,Grocery & Pantry,Beverages,Matrix,33.72,79.93,1
2957,SKU-SPO-002957,Prism Cycling Model-958,Sports & Outdoors,Cycling,Prism,425.91,790.69,1
2958,SKU-ELE-002958,Echo Audio & Headphones Model-959,Electronics,Audio & Headphones,Echo,39.25,65.34,1
2959,SKU-APP-002959,Vortex Sportswear Model-960,Apparel,Sportswear,Vortex,72.54,97.7,1
2960,SKU-APP-002960,Velocity Men's Clothing Model-961,Apparel,Men's Clothing,Velocity,401.86,642.4,1
2961,SKU-ELE-002961,Nova Smartphones Model-962,Electronics,Smartphones,Nova,182.53,285.75,1
2962,SKU-HOM-002962,Aura Cookware Model-963,Home & Kitchen,Cookware,Aura,164.86,364.22,1
2963,SKU-ELE-002963,Nova Laptops Model-964,Electronics,Laptops,Nova,141.19,215.88,1
2964,SKU-ELE-002964,Nova Accessories Model-965,Electronics,Accessories,Nova,424.89,559.3,1
2965,SKU-ELE-002965,Aura Audio & Headphones Model-966,Electronics,Audio & Headphones,Aura,232.63,379.05,1
2966,SKU-ELE-002966,Echo Accessories Model-967,Electronics,Accessories,Echo,116.26,230.39,1
2967,SKU-AUT-002967,Sol Tools & Equipment Model-968,Automotive,Tools & Equipment,Sol,85.18,147.08,1
2968,SKU-TOY-002968,Titan Board Games Model-969,Toys & Games,Board Games,Titan,225.2,409.66,1
2969,SKU-SPO-002969,Echo Camping & Hiking Model-970,Sports & Outdoors,Camping & Hiking,Echo,358.11,616.84,1
2970,SKU-TOY-002970,Sol Outdoor Toys Model-971,Toys & Games,Outdoor Toys,Sol,384.12,581.94,1
2971,SKU-HOM-002971,Velocity Storage Model-972,Home & Kitchen,Storage,Velocity,151.13,285.58,1
2972,SKU-AUT-002972,Velocity Interior Accessories Model-973,Automotive,Interior Accessories,Velocity,351.66,865.14,1
2973,SKU-AUT-002973,Vortex Car Care Model-974,Automotive,Car Care,Vortex,87.76,214.06,1
2974,SKU-AUT-002974,Velocity Interior Accessories Model-975,Automotive,Interior Accessories,Velocity,30.6,75.36,1
2975,SKU-AUT-002975,Echo Interior Accessories Model-976,Automotive,Interior Accessories,Echo,330.2,515.3,1
2976,SKU-SPO-002976,Nova Team Sports Model-977,Sports & Outdoors,Team Sports,Nova,67.51,122.33,1
2977,SKU-GRO-002977,Apex Condiments Model-978,Grocery & Pantry,Condiments,Apex,393.17,813.5,1
2978,SKU-HOM-002978,Summit Storage Model-979,Home & Kitchen,Storage,Summit,60.04,114.67,1
2979,SKU-HOM-002979,Nova Cookware Model-980,Home & Kitchen,Cookware,Nova,218.63,363.61,1
2980,SKU-GRO-002980,Velocity Beverages Model-981,Grocery & Pantry,Beverages,Velocity,56.22,122.78,1
2981,SKU-BEA-002981,Vortex Cosmetics Model-982,Beauty & Care,Cosmetics,Vortex,340.18,548.82,1
2982,SKU-BEA-002982,Zenith Cosmetics Model-983,Beauty & Care,Cosmetics,Zenith,379.57,585.4,1
2983,SKU-AUT-002983,Aura Interior Accessories Model-984,Automotive,Interior Accessories,Aura,120.62,263.31,1
2984,SKU-BEA-002984,Echo Skincare Model-985,Beauty & Care,Skincare,Echo,73.45,168.1,1
2985,SKU-ELE-002985,Vortex Accessories Model-986,Electronics,Accessories,Vortex,259.89,373.35,1
2986,SKU-HOM-002986,Summit Decor Model-987,Home & Kitchen,Decor,Summit,148.66,201.88,1
2987,SKU-BEA-002987,Titan Skincare Model-988,Beauty & Care,Skincare,Titan,228.15,438.49,1
2988,SKU-GRO-002988,Pulse Beverages Model-989,Grocery & Pantry,Beverages,Pulse,223.17,411.34,1
2989,SKU-AUT-002989,Apex Car Care Model-990,Automotive,Car Care,Apex,23.68,45.81,1
2990,SKU-ELE-002990,Nova Audio & Headphones Model-991,Electronics,Audio & Headphones,Nova,382.1,562.62,1
2991,SKU-AUT-002991,Pulse Interior Accessories Model-992,Automotive,Interior Accessories,Pulse,238.48,404.79,0
2992,SKU-SPO-002992,Nova Camping & Hiking Model-993,Sports & Outdoors,Camping & Hiking,Nova,44.66,63.08,1
2993,SKU-GRO-002993,Aura Beverages Model-994,Grocery & Pantry,Beverages,Aura,429.64,688.4,1
2994,SKU-GRO-002994,Apex Breakfast Model-995,Grocery & Pantry,Breakfast,Apex,231.81,332.51,0
2995,SKU-SPO-002995,Vortex Team Sports Model-996,Sports & Outdoors,Team Sports,Vortex,380.89,687.71,1
2996,SKU-APP-002996,Horizon Outerwear Model-997,Apparel,Outerwear,Horizon,209.26,417.95,1
2997,SKU-SPO-002997,Sol Camping & Hiking Model-998,Sports & Outdoors,Camping & Hiking,Sol,140.52,312.31,1
2998,SKU-HOM-002998,Zenith Furniture Model-999,Home & Kitchen,Furniture,Zenith,444.06,949.71,1
2999,SKU-SPO-002999,Sol Water Sports Model-1000,Sports & Outdoors,Water Sports,Sol,197.55,438.21,0
3000,SKU-BEA-003000,Sol Haircare Model-001,Beauty & Care,Haircare,Sol,372.22,845.6,1
3001,SKU-APP-003001,Nova Outerwear Model-002,Apparel,Outerwear,Nova,338,462.66,1
3002,SKU-TOY-003002,Nova Action Figures Model-003,Toys & Games,Action Figures,Nova,146.62,360.35,1
3003,SKU-GRO-003003,Pulse Breakfast Model-004,Grocery & Pantry,Breakfast,Pulse,222.11,434.92,1
3004,SKU-APP-003004,Prism Footwear Model-005,Apparel,Footwear,Prism,159.04,391.73,1
3005,SKU-HOM-003005,Summit Small Appliances Model-006,Home & Kitchen,Small Appliances,Summit,200.87,448.19,0
3006,SKU-SPO-003006,Nova Team Sports Model-007,Sports & Outdoors,Team Sports,Nova,191.96,247.8,1
3007,SKU-SPO-003007,Apex Team Sports Model-008,Sports & Outdoors,Team Sports,Apex,410.07,778.99,1
3008,SKU-ELE-003008,Zenith Accessories Model-009,Electronics,Accessories,Zenith,410.42,840.79,1
3009,SKU-GRO-003009,Sol Breakfast Model-010,Grocery & Pantry,Breakfast,Sol,155.34,199.09,0
3010,SKU-GRO-003010,Velocity Breakfast Model-011,Grocery & Pantry,Breakfast,Velocity,71.02,129.64,1
3011,SKU-TOY-003011,Apex Puzzles Model-012,Toys & Games,Puzzles,Apex,247.36,356.55,1
3012,SKU-ELE-003012,Prism Accessories Model-013,Electronics,Accessories,Prism,325.45,783.65,1
3013,SKU-BEA-003013,Nova Personal Care Model-014,Beauty & Care,Personal Care,Nova,95.44,155.01,1
3014,SKU-BEA-003014,Lumina Fragrances Model-015,Beauty & Care,Fragrances,Lumina,88.68,124.34,1
3015,SKU-HOM-003015,Horizon Bedding Model-016,Home & Kitchen,Bedding,Horizon,347.46,543.47,1
3016,SKU-SPO-003016,Aura Cycling Model-017,Sports & Outdoors,Cycling,Aura,347.25,648.8,1
3017,SKU-SPO-003017,Pulse Water Sports Model-018,Sports & Outdoors,Water Sports,Pulse,408.6,578.08,1
3018,SKU-ELE-003018,Summit Smart Home Model-019,Electronics,Smart Home,Summit,397.74,657.39,1
3019,SKU-HOM-003019,Horizon Storage Model-020,Home & Kitchen,Storage,Horizon,363.39,895.93,1
3020,SKU-TOY-003020,Sol Puzzles Model-021,Toys & Games,Puzzles,Sol,342.83,445.52,1
3021,SKU-ELE-003021,Titan Laptops Model-022,Electronics,Laptops,Titan,246.82,326.19,1
3022,SKU-GRO-003022,Vortex Beverages Model-023,Grocery & Pantry,Beverages,Vortex,265.31,375.17,1
3023,SKU-TOY-003023,Prism Puzzles Model-024,Toys & Games,Puzzles,Prism,266.94,365.53,1
3024,SKU-APP-003024,Prism Footwear Model-025,Apparel,Footwear,Prism,341.79,771.74,1
3025,SKU-GRO-003025,Nova Canned Goods Model-026,Grocery & Pantry,Canned Goods,Nova,371.08,878.44,1
3026,SKU-HOM-003026,Matrix Small Appliances Model-027,Home & Kitchen,Small Appliances,Matrix,195.11,430.09,1
3027,SKU-BEA-003027,Horizon Fragrances Model-028,Beauty & Care,Fragrances,Horizon,91.79,218.99,1
3028,SKU-APP-003028,Echo Men's Clothing Model-029,Apparel,Men's Clothing,Echo,341.28,724.12,0
3029,SKU-BEA-003029,Summit Haircare Model-030,Beauty & Care,Haircare,Summit,247.48,562.41,1
3030,SKU-BEA-003030,Nova Personal Care Model-031,Beauty & Care,Personal Care,Nova,440.45,1062.87,1
3031,SKU-AUT-003031,Zenith Interior Accessories Model-032,Automotive,Interior Accessories,Zenith,195.69,257.26,1
3032,SKU-ELE-003032,Sol Accessories Model-033,Electronics,Accessories,Sol,86.99,182.44,1
3033,SKU-APP-003033,Matrix Footwear Model-034,Apparel,Footwear,Matrix,156.6,199.58,1
3034,SKU-TOY-003034,Matrix Puzzles Model-035,Toys & Games,Puzzles,Matrix,292.27,645.93,1
3035,SKU-AUT-003035,Sol Tools & Equipment Model-036,Automotive,Tools & Equipment,Sol,303.69,543.04,1
3036,SKU-TOY-003036,Horizon Board Games Model-037,Toys & Games,Board Games,Horizon,83.59,131.48,1
3037,SKU-APP-003037,Prism Outerwear Model-038,Apparel,Outerwear,Prism,392.07,842.15,1
3038,SKU-ELE-003038,Vortex Accessories Model-039,Electronics,Accessories,Vortex,36.56,80.23,1
3039,SKU-GRO-003039,Vortex Condiments Model-040,Grocery & Pantry,Condiments,Vortex,114.34,280.3,1
3040,SKU-BEA-003040,Pulse Skincare Model-041,Beauty & Care,Skincare,Pulse,54.2,104.1,1
3041,SKU-BEA-003041,Prism Personal Care Model-042,Beauty & Care,Personal Care,Prism,253.3,520.52,1
3042,SKU-SPO-003042,Echo Camping & Hiking Model-043,Sports & Outdoors,Camping & Hiking,Echo,124.18,233.16,1
3043,SKU-TOY-003043,Nova Educational Toys Model-044,Toys & Games,Educational Toys,Nova,181.76,372.1,1
3044,SKU-BEA-003044,Titan Fragrances Model-045,Beauty & Care,Fragrances,Titan,221.87,381.98,1
3045,SKU-TOY-003045,Summit Outdoor Toys Model-046,Toys & Games,Outdoor Toys,Summit,355.24,865.75,1
3046,SKU-HOM-003046,Nova Storage Model-047,Home & Kitchen,Storage,Nova,53.96,68.76,1
3047,SKU-APP-003047,Lumina Sportswear Model-048,Apparel,Sportswear,Lumina,107.99,135.43,1
3048,SKU-AUT-003048,Prism Car Care Model-049,Automotive,Car Care,Prism,325.76,546.19,1
3049,SKU-ELE-003049,Prism Wearables Model-050,Electronics,Wearables,Prism,60.82,135.37,1
3050,SKU-BEA-003050,Apex Haircare Model-051,Beauty & Care,Haircare,Apex,16.68,35.67,1
3051,SKU-SPO-003051,Lumina Fitness Gear Model-052,Sports & Outdoors,Fitness Gear,Lumina,287.67,596.48,1
3052,SKU-GRO-003052,Prism Canned Goods Model-053,Grocery & Pantry,Canned Goods,Prism,181.12,248,1
3053,SKU-TOY-003053,Prism Outdoor Toys Model-054,Toys & Games,Outdoor Toys,Prism,198.06,350.21,1
3054,SKU-TOY-003054,Vortex Outdoor Toys Model-055,Toys & Games,Outdoor Toys,Vortex,349.51,725.24,1
3055,SKU-GRO-003055,Nova Breakfast Model-056,Grocery & Pantry,Breakfast,Nova,427.04,1013.97,1
3056,SKU-APP-003056,Horizon Women's Clothing Model-057,Apparel,Women's Clothing,Horizon,258.73,492.95,1
3057,SKU-HOM-003057,Horizon Decor Model-058,Home & Kitchen,Decor,Horizon,50.55,86.54,1
3058,SKU-TOY-003058,Apex Action Figures Model-059,Toys & Games,Action Figures,Apex,200.05,345.12,1
3059,SKU-BEA-003059,Titan Personal Care Model-060,Beauty & Care,Personal Care,Titan,29.12,40.91,1
3060,SKU-BEA-003060,Horizon Cosmetics Model-061,Beauty & Care,Cosmetics,Horizon,151.85,233.66,1
3061,SKU-HOM-003061,Zenith Cookware Model-062,Home & Kitchen,Cookware,Zenith,343.77,688.95,1
3062,SKU-TOY-003062,Horizon Board Games Model-063,Toys & Games,Board Games,Horizon,242.72,603.93,1
3063,SKU-ELE-003063,Velocity Accessories Model-064,Electronics,Accessories,Velocity,343.78,643.86,1
3064,SKU-APP-003064,Summit Footwear Model-065,Apparel,Footwear,Summit,423.84,533.13,1
3065,SKU-BEA-003065,Apex Cosmetics Model-066,Beauty & Care,Cosmetics,Apex,234.88,369.9,1
3066,SKU-HOM-003066,Nova Decor Model-067,Home & Kitchen,Decor,Nova,163.57,230.99,1
3067,SKU-TOY-003067,Velocity Outdoor Toys Model-068,Toys & Games,Outdoor Toys,Velocity,57.21,107.72,1
3068,SKU-ELE-003068,Echo Wearables Model-069,Electronics,Wearables,Echo,400.23,505.33,1
3069,SKU-ELE-003069,Apex Smartphones Model-070,Electronics,Smartphones,Apex,320.25,547.4,1
3070,SKU-TOY-003070,Nova Board Games Model-071,Toys & Games,Board Games,Nova,353.18,446.3,1
3071,SKU-ELE-003071,Horizon Smart Home Model-072,Electronics,Smart Home,Horizon,262.93,609.84,1
3072,SKU-GRO-003072,Matrix Canned Goods Model-073,Grocery & Pantry,Canned Goods,Matrix,349.47,799.55,1
3073,SKU-HOM-003073,Zenith Bedding Model-074,Home & Kitchen,Bedding,Zenith,284.85,394.97,1
3074,SKU-BEA-003074,Zenith Cosmetics Model-075,Beauty & Care,Cosmetics,Zenith,345.03,762.76,1
3075,SKU-HOM-003075,Apex Cookware Model-076,Home & Kitchen,Cookware,Apex,111.2,157.27,1
3076,SKU-BEA-003076,Summit Skincare Model-077,Beauty & Care,Skincare,Summit,296.33,390.89,1
3077,SKU-BEA-003077,Pulse Fragrances Model-078,Beauty & Care,Fragrances,Pulse,88.23,190.47,0
3078,SKU-APP-003078,Nova Men's Clothing Model-079,Apparel,Men's Clothing,Nova,330.37,439.41,1
3079,SKU-GRO-003079,Sol Condiments Model-080,Grocery & Pantry,Condiments,Sol,7.78,14.83,1
3080,SKU-BEA-003080,Apex Fragrances Model-081,Beauty & Care,Fragrances,Apex,438.28,794.87,1
3081,SKU-HOM-003081,Lumina Storage Model-082,Home & Kitchen,Storage,Lumina,94.61,212.14,1
3082,SKU-HOM-003082,Velocity Furniture Model-083,Home & Kitchen,Furniture,Velocity,7.14,13.67,1
3083,SKU-ELE-003083,Matrix Laptops Model-084,Electronics,Laptops,Matrix,216.57,272.77,1
3084,SKU-BEA-003084,Zenith Haircare Model-085,Beauty & Care,Haircare,Zenith,87.36,213.93,1
3085,SKU-APP-003085,Zenith Sportswear Model-086,Apparel,Sportswear,Zenith,238.66,554.89,1
3086,SKU-APP-003086,Pulse Sportswear Model-087,Apparel,Sportswear,Pulse,423.2,993.63,0
3087,SKU-ELE-003087,Summit Smartphones Model-088,Electronics,Smartphones,Summit,237.47,379.61,1
3088,SKU-TOY-003088,Vortex Puzzles Model-089,Toys & Games,Puzzles,Vortex,123.55,293.27,1
3089,SKU-BEA-003089,Zenith Personal Care Model-090,Beauty & Care,Personal Care,Zenith,420.49,920.81,1
3090,SKU-BEA-003090,Lumina Personal Care Model-091,Beauty & Care,Personal Care,Lumina,258.82,555.97,1
3091,SKU-SPO-003091,Summit Fitness Gear Model-092,Sports & Outdoors,Fitness Gear,Summit,337.31,789.95,1
3092,SKU-HOM-003092,Nova Furniture Model-093,Home & Kitchen,Furniture,Nova,330.44,702.74,1
3093,SKU-ELE-003093,Nova Audio & Headphones Model-094,Electronics,Audio & Headphones,Nova,339.58,461.08,1
3094,SKU-AUT-003094,Velocity Oils & Fluids Model-095,Automotive,Oils & Fluids,Velocity,266.42,554.4,1
3095,SKU-APP-003095,Horizon Sportswear Model-096,Apparel,Sportswear,Horizon,443.92,937.12,1
3096,SKU-AUT-003096,Nova Oils & Fluids Model-097,Automotive,Oils & Fluids,Nova,239.98,540.39,1
3097,SKU-SPO-003097,Vortex Team Sports Model-098,Sports & Outdoors,Team Sports,Vortex,223.08,448.61,1
3098,SKU-GRO-003098,Titan Canned Goods Model-099,Grocery & Pantry,Canned Goods,Titan,161.96,334.13,1
3099,SKU-ELE-003099,Velocity Accessories Model-100,Electronics,Accessories,Velocity,389.81,775.03,1
3100,SKU-GRO-003100,Summit Beverages Model-101,Grocery & Pantry,Beverages,Summit,285.02,431.31,1
3101,SKU-BEA-003101,Velocity Haircare Model-102,Beauty & Care,Haircare,Velocity,99.9,131.13,1
3102,SKU-HOM-003102,Pulse Furniture Model-103,Home & Kitchen,Furniture,Pulse,63.46,110.83,1
3103,SKU-BEA-003103,Nova Fragrances Model-104,Beauty & Care,Fragrances,Nova,97.31,237.45,1
3104,SKU-AUT-003104,Aura Tools & Equipment Model-105,Automotive,Tools & Equipment,Aura,314.68,548.79,1
3105,SKU-AUT-003105,Pulse Oils & Fluids Model-106,Automotive,Oils & Fluids,Pulse,123.54,180,1
3106,SKU-ELE-003106,Sol Audio & Headphones Model-107,Electronics,Audio & Headphones,Sol,195.01,410.05,1
3107,SKU-SPO-003107,Summit Fitness Gear Model-108,Sports & Outdoors,Fitness Gear,Summit,165.17,336.73,1
3108,SKU-TOY-003108,Horizon Outdoor Toys Model-109,Toys & Games,Outdoor Toys,Horizon,153.42,242.96,1
3109,SKU-APP-003109,Zenith Outerwear Model-110,Apparel,Outerwear,Zenith,154.88,247.01,1
3110,SKU-TOY-003110,Zenith Educational Toys Model-111,Toys & Games,Educational Toys,Zenith,83.02,159.13,1
3111,SKU-BEA-003111,Vortex Haircare Model-112,Beauty & Care,Haircare,Vortex,366.59,769.93,1
3112,SKU-HOM-003112,Velocity Furniture Model-113,Home & Kitchen,Furniture,Velocity,294.85,576.3,1
3113,SKU-TOY-003113,Zenith Puzzles Model-114,Toys & Games,Puzzles,Zenith,155.63,326.58,1
3114,SKU-APP-003114,Lumina Women's Clothing Model-115,Apparel,Women's Clothing,Lumina,47.36,73.21,1
3115,SKU-SPO-003115,Horizon Fitness Gear Model-116,Sports & Outdoors,Fitness Gear,Horizon,243.57,442.26,1
3116,SKU-HOM-003116,Lumina Furniture Model-117,Home & Kitchen,Furniture,Lumina,190.42,266.72,1
3117,SKU-BEA-003117,Sol Fragrances Model-118,Beauty & Care,Fragrances,Sol,139.53,190.29,1
3118,SKU-SPO-003118,Horizon Fitness Gear Model-119,Sports & Outdoors,Fitness Gear,Horizon,190.87,319.75,1
3119,SKU-AUT-003119,Echo Interior Accessories Model-120,Automotive,Interior Accessories,Echo,429.23,630.05,1
3120,SKU-GRO-003120,Echo Canned Goods Model-121,Grocery & Pantry,Canned Goods,Echo,445.07,707.98,1
3121,SKU-BEA-003121,Apex Haircare Model-122,Beauty & Care,Haircare,Apex,83.83,204.81,1
3122,SKU-ELE-003122,Pulse Laptops Model-123,Electronics,Laptops,Pulse,129.14,301.27,1
3123,SKU-AUT-003123,Titan Car Care Model-124,Automotive,Car Care,Titan,134.17,265.13,1
3124,SKU-SPO-003124,Horizon Fitness Gear Model-125,Sports & Outdoors,Fitness Gear,Horizon,117.3,239.93,1
3125,SKU-APP-003125,Nova Accessories Model-126,Apparel,Accessories,Nova,392,951.98,1
3126,SKU-BEA-003126,Apex Personal Care Model-127,Beauty & Care,Personal Care,Apex,330.56,510.3,1
3127,SKU-AUT-003127,Prism Oils & Fluids Model-128,Automotive,Oils & Fluids,Prism,79.06,178.92,1
3128,SKU-ELE-003128,Zenith Smartphones Model-129,Electronics,Smartphones,Zenith,70.1,114.7,1
3129,SKU-SPO-003129,Zenith Fitness Gear Model-130,Sports & Outdoors,Fitness Gear,Zenith,20.55,37.8,1
3130,SKU-ELE-003130,Summit Audio & Headphones Model-131,Electronics,Audio & Headphones,Summit,19.23,35.45,1
3131,SKU-GRO-003131,Aura Breakfast Model-132,Grocery & Pantry,Breakfast,Aura,109.77,255.54,1
3132,SKU-TOY-003132,Zenith Educational Toys Model-133,Toys & Games,Educational Toys,Zenith,374.08,870.16,1
3133,SKU-BEA-003133,Prism Haircare Model-134,Beauty & Care,Haircare,Prism,15.58,33.11,1
3134,SKU-BEA-003134,Summit Skincare Model-135,Beauty & Care,Skincare,Summit,337.94,587.2,1
3135,SKU-GRO-003135,Apex Condiments Model-136,Grocery & Pantry,Condiments,Apex,377.88,753.93,1
3136,SKU-APP-003136,Nova Accessories Model-137,Apparel,Accessories,Nova,157.04,198.37,1
3137,SKU-SPO-003137,Titan Fitness Gear Model-138,Sports & Outdoors,Fitness Gear,Titan,90.9,117.21,1
3138,SKU-APP-003138,Aura Women's Clothing Model-139,Apparel,Women's Clothing,Aura,41.1,87.4,1
3139,SKU-AUT-003139,Zenith Tools & Equipment Model-140,Automotive,Tools & Equipment,Zenith,386.61,928.16,1
3140,SKU-AUT-003140,Prism Interior Accessories Model-141,Automotive,Interior Accessories,Prism,138.85,176.3,1
3141,SKU-ELE-003141,Matrix Wearables Model-142,Electronics,Wearables,Matrix,337.72,461.88,0
3142,SKU-SPO-003142,Titan Camping & Hiking Model-143,Sports & Outdoors,Camping & Hiking,Titan,45.62,67.1,1
3143,SKU-ELE-003143,Echo Wearables Model-144,Electronics,Wearables,Echo,367.06,801.5,1
3144,SKU-APP-003144,Sol Accessories Model-145,Apparel,Accessories,Sol,377.31,653.47,1
3145,SKU-TOY-003145,Sol Board Games Model-146,Toys & Games,Board Games,Sol,277.01,412.13,1
3146,SKU-ELE-003146,Matrix Accessories Model-147,Electronics,Accessories,Matrix,435.78,715.44,1
3147,SKU-SPO-003147,Horizon Cycling Model-148,Sports & Outdoors,Cycling,Horizon,147.37,345.59,1
3148,SKU-TOY-003148,Nova Educational Toys Model-149,Toys & Games,Educational Toys,Nova,116.66,216.53,1
3149,SKU-AUT-003149,Echo Oils & Fluids Model-150,Automotive,Oils & Fluids,Echo,327.02,504.15,1
3150,SKU-TOY-003150,Nova Board Games Model-151,Toys & Games,Board Games,Nova,148.99,237.84,1
3151,SKU-APP-003151,Lumina Outerwear Model-152,Apparel,Outerwear,Lumina,12.85,16.19,1
3152,SKU-BEA-003152,Pulse Fragrances Model-153,Beauty & Care,Fragrances,Pulse,198.31,322.03,1
3153,SKU-BEA-003153,Pulse Skincare Model-154,Beauty & Care,Skincare,Pulse,420.93,817.56,1
3154,SKU-ELE-003154,Matrix Smartphones Model-155,Electronics,Smartphones,Matrix,135.98,219.71,1
3155,SKU-AUT-003155,Sol Interior Accessories Model-156,Automotive,Interior Accessories,Sol,160.54,326.09,1
3156,SKU-HOM-003156,Pulse Storage Model-157,Home & Kitchen,Storage,Pulse,361.36,815.78,1
3157,SKU-GRO-003157,Horizon Canned Goods Model-158,Grocery & Pantry,Canned Goods,Horizon,10.56,17.56,1
3158,SKU-GRO-003158,Lumina Snacks Model-159,Grocery & Pantry,Snacks,Lumina,392.36,922.57,1
3159,SKU-BEA-003159,Aura Haircare Model-160,Beauty & Care,Haircare,Aura,289.58,364,1
3160,SKU-AUT-003160,Echo Interior Accessories Model-161,Automotive,Interior Accessories,Echo,131.75,287.52,1
3161,SKU-BEA-003161,Aura Haircare Model-162,Beauty & Care,Haircare,Aura,373.83,695.1,1
3162,SKU-APP-003162,Nova Sportswear Model-163,Apparel,Sportswear,Nova,362.15,665.59,1
3163,SKU-SPO-003163,Sol Camping & Hiking Model-164,Sports & Outdoors,Camping & Hiking,Sol,311.82,406.57,1
3164,SKU-APP-003164,Summit Sportswear Model-165,Apparel,Sportswear,Summit,90.37,162.18,1
3165,SKU-APP-003165,Horizon Footwear Model-166,Apparel,Footwear,Horizon,59.26,122.12,1
3166,SKU-AUT-003166,Prism Tools & Equipment Model-167,Automotive,Tools & Equipment,Prism,283.68,527.98,1
3167,SKU-BEA-003167,Aura Cosmetics Model-168,Beauty & Care,Cosmetics,Aura,419.87,947.43,1
3168,SKU-GRO-003168,Horizon Organic Foods Model-169,Grocery & Pantry,Organic Foods,Horizon,86.5,136.73,1
3169,SKU-HOM-003169,Zenith Small Appliances Model-170,Home & Kitchen,Small Appliances,Zenith,50.61,124.23,1
3170,SKU-SPO-003170,Summit Fitness Gear Model-171,Sports & Outdoors,Fitness Gear,Summit,358.19,674.38,1
3171,SKU-TOY-003171,Pulse Board Games Model-172,Toys & Games,Board Games,Pulse,442.93,1063.27,1
3172,SKU-BEA-003172,Prism Cosmetics Model-173,Beauty & Care,Cosmetics,Prism,183.15,278.22,1
3173,SKU-ELE-003173,Nova Wearables Model-174,Electronics,Wearables,Nova,406.25,526.83,1
3174,SKU-HOM-003174,Zenith Bedding Model-175,Home & Kitchen,Bedding,Zenith,399.97,698.25,1
3175,SKU-HOM-003175,Pulse Storage Model-176,Home & Kitchen,Storage,Pulse,362.78,773.83,1
3176,SKU-BEA-003176,Apex Haircare Model-177,Beauty & Care,Haircare,Apex,105.18,215.01,1
3177,SKU-GRO-003177,Aura Beverages Model-178,Grocery & Pantry,Beverages,Aura,204.71,385.14,1
3178,SKU-TOY-003178,Lumina Action Figures Model-179,Toys & Games,Action Figures,Lumina,228.35,339.05,1
3179,SKU-BEA-003179,Horizon Haircare Model-180,Beauty & Care,Haircare,Horizon,115.95,268.97,1
3180,SKU-TOY-003180,Lumina Board Games Model-181,Toys & Games,Board Games,Lumina,411.31,861.39,1
3181,SKU-HOM-003181,Pulse Cookware Model-182,Home & Kitchen,Cookware,Pulse,97.03,202.23,1
3182,SKU-AUT-003182,Nova Interior Accessories Model-183,Automotive,Interior Accessories,Nova,191.92,336.81,1
3183,SKU-ELE-003183,Pulse Laptops Model-184,Electronics,Laptops,Pulse,287.57,524.83,1
3184,SKU-APP-003184,Aura Men's Clothing Model-185,Apparel,Men's Clothing,Aura,393.33,765.28,1
3185,SKU-AUT-003185,Zenith Car Care Model-186,Automotive,Car Care,Zenith,59.32,124.59,1
3186,SKU-GRO-003186,Pulse Snacks Model-187,Grocery & Pantry,Snacks,Pulse,384.38,880.3,1
3187,SKU-TOY-003187,Sol Board Games Model-188,Toys & Games,Board Games,Sol,422.03,865.11,1
3188,SKU-TOY-003188,Horizon Educational Toys Model-189,Toys & Games,Educational Toys,Horizon,322.23,779.14,1
3189,SKU-GRO-003189,Summit Canned Goods Model-190,Grocery & Pantry,Canned Goods,Summit,106.42,197.93,1
3190,SKU-TOY-003190,Horizon Puzzles Model-191,Toys & Games,Puzzles,Horizon,130.74,253.59,1
3191,SKU-SPO-003191,Prism Camping & Hiking Model-192,Sports & Outdoors,Camping & Hiking,Prism,129.53,293.92,1
3192,SKU-ELE-003192,Nova Laptops Model-193,Electronics,Laptops,Nova,268.94,423.54,1
3193,SKU-HOM-003193,Echo Furniture Model-194,Home & Kitchen,Furniture,Echo,27.63,66.06,1
3194,SKU-HOM-003194,Titan Storage Model-195,Home & Kitchen,Storage,Titan,47.74,112.15,1
3195,SKU-TOY-003195,Nova Action Figures Model-196,Toys & Games,Action Figures,Nova,188.8,378.71,1
3196,SKU-HOM-003196,Echo Storage Model-197,Home & Kitchen,Storage,Echo,97.17,230.8,1
3197,SKU-HOM-003197,Vortex Storage Model-198,Home & Kitchen,Storage,Vortex,9.32,19.04,1
3198,SKU-ELE-003198,Vortex Laptops Model-199,Electronics,Laptops,Vortex,68.53,97.76,1
3199,SKU-AUT-003199,Prism Interior Accessories Model-200,Automotive,Interior Accessories,Prism,413.8,986.98,1
3200,SKU-TOY-003200,Pulse Educational Toys Model-201,Toys & Games,Educational Toys,Pulse,444.11,690.14,1
3201,SKU-APP-003201,Apex Accessories Model-202,Apparel,Accessories,Apex,329.12,455.3,1
3202,SKU-GRO-003202,Prism Snacks Model-203,Grocery & Pantry,Snacks,Prism,388.86,629.08,1
3203,SKU-BEA-003203,Nova Cosmetics Model-204,Beauty & Care,Cosmetics,Nova,384.68,626.07,1
3204,SKU-APP-003204,Matrix Men's Clothing Model-205,Apparel,Men's Clothing,Matrix,250.45,368.93,1
3205,SKU-ELE-003205,Prism Audio & Headphones Model-206,Electronics,Audio & Headphones,Prism,123.23,200.75,1
3206,SKU-HOM-003206,Nova Furniture Model-207,Home & Kitchen,Furniture,Nova,203.85,430.73,1
3207,SKU-AUT-003207,Pulse Tools & Equipment Model-208,Automotive,Tools & Equipment,Pulse,290.65,673.35,1
3208,SKU-BEA-003208,Sol Cosmetics Model-209,Beauty & Care,Cosmetics,Sol,285.06,546.58,1
3209,SKU-SPO-003209,Titan Water Sports Model-210,Sports & Outdoors,Water Sports,Titan,323.54,516.65,1
3210,SKU-SPO-003210,Velocity Cycling Model-211,Sports & Outdoors,Cycling,Velocity,16.48,34,1
3211,SKU-ELE-003211,Aura Accessories Model-212,Electronics,Accessories,Aura,40.71,78.99,1
3212,SKU-TOY-003212,Aura Educational Toys Model-213,Toys & Games,Educational Toys,Aura,34.57,85.02,1
3213,SKU-HOM-003213,Vortex Bedding Model-214,Home & Kitchen,Bedding,Vortex,205.1,510.68,1
3214,SKU-GRO-003214,Lumina Snacks Model-215,Grocery & Pantry,Snacks,Lumina,169.48,232.15,1
3215,SKU-AUT-003215,Pulse Car Care Model-216,Automotive,Car Care,Pulse,116.33,290.17,1
3216,SKU-APP-003216,Prism Men's Clothing Model-217,Apparel,Men's Clothing,Prism,278.79,376.06,1
3217,SKU-AUT-003217,Matrix Car Care Model-218,Automotive,Car Care,Matrix,104.19,205.33,1
3218,SKU-TOY-003218,Horizon Puzzles Model-219,Toys & Games,Puzzles,Horizon,403.24,951.49,1
3219,SKU-AUT-003219,Summit Interior Accessories Model-220,Automotive,Interior Accessories,Summit,255.21,403.51,1
3220,SKU-APP-003220,Vortex Footwear Model-221,Apparel,Footwear,Vortex,318.18,769.47,1
3221,SKU-BEA-003221,Matrix Personal Care Model-222,Beauty & Care,Personal Care,Matrix,156.88,300.21,1
3222,SKU-BEA-003222,Nova Cosmetics Model-223,Beauty & Care,Cosmetics,Nova,83.73,111.3,1
3223,SKU-TOY-003223,Titan Outdoor Toys Model-224,Toys & Games,Outdoor Toys,Titan,267.42,455.48,1
3224,SKU-GRO-003224,Zenith Beverages Model-225,Grocery & Pantry,Beverages,Zenith,372.33,704.7,0
3225,SKU-BEA-003225,Sol Cosmetics Model-226,Beauty & Care,Cosmetics,Sol,272.32,548.9,1
3226,SKU-TOY-003226,Summit Puzzles Model-227,Toys & Games,Puzzles,Summit,174.42,350.34,1
3227,SKU-TOY-003227,Sol Educational Toys Model-228,Toys & Games,Educational Toys,Sol,34.11,61.96,1
3228,SKU-AUT-003228,Zenith Oils & Fluids Model-229,Automotive,Oils & Fluids,Zenith,137.14,323.62,1
3229,SKU-APP-003229,Vortex Outerwear Model-230,Apparel,Outerwear,Vortex,91.41,204.8,1
3230,SKU-GRO-003230,Apex Canned Goods Model-231,Grocery & Pantry,Canned Goods,Apex,239.75,474.09,1
3231,SKU-GRO-003231,Apex Condiments Model-232,Grocery & Pantry,Condiments,Apex,170.34,225.46,1
3232,SKU-BEA-003232,Zenith Haircare Model-233,Beauty & Care,Haircare,Zenith,337.7,739.42,1
3233,SKU-SPO-003233,Horizon Water Sports Model-234,Sports & Outdoors,Water Sports,Horizon,156.85,293.63,0
3234,SKU-BEA-003234,Matrix Skincare Model-235,Beauty & Care,Skincare,Matrix,223.74,328.13,1
3235,SKU-SPO-003235,Lumina Water Sports Model-236,Sports & Outdoors,Water Sports,Lumina,235.7,430.17,1
3236,SKU-TOY-003236,Velocity Board Games Model-237,Toys & Games,Board Games,Velocity,35.98,64.25,1
3237,SKU-APP-003237,Velocity Men's Clothing Model-238,Apparel,Men's Clothing,Velocity,310.42,623.87,1
3238,SKU-ELE-003238,Prism Laptops Model-239,Electronics,Laptops,Prism,231.79,420.42,1
3239,SKU-APP-003239,Matrix Footwear Model-240,Apparel,Footwear,Matrix,161.86,224.95,1
3240,SKU-SPO-003240,Apex Camping & Hiking Model-241,Sports & Outdoors,Camping & Hiking,Apex,147.44,268.84,1
3241,SKU-APP-003241,Pulse Footwear Model-242,Apparel,Footwear,Pulse,196.71,258.9,1
3242,SKU-TOY-003242,Apex Board Games Model-243,Toys & Games,Board Games,Apex,301.18,390.34,1
3243,SKU-GRO-003243,Vortex Organic Foods Model-244,Grocery & Pantry,Organic Foods,Vortex,104.78,243.59,1
3244,SKU-AUT-003244,Prism Interior Accessories Model-245,Automotive,Interior Accessories,Prism,431.85,1023.82,1
3245,SKU-BEA-003245,Vortex Skincare Model-246,Beauty & Care,Skincare,Vortex,215.59,310.9,0
3246,SKU-APP-003246,Apex Men's Clothing Model-247,Apparel,Men's Clothing,Apex,385.71,658.91,1
3247,SKU-BEA-003247,Apex Cosmetics Model-248,Beauty & Care,Cosmetics,Apex,203.37,311.21,1
3248,SKU-GRO-003248,Nova Condiments Model-249,Grocery & Pantry,Condiments,Nova,440.48,903.98,1
3249,SKU-TOY-003249,Zenith Outdoor Toys Model-250,Toys & Games,Outdoor Toys,Zenith,45.61,66.52,1
3250,SKU-GRO-003250,Sol Beverages Model-251,Grocery & Pantry,Beverages,Sol,396.65,767.73,1
3251,SKU-AUT-003251,Lumina Car Care Model-252,Automotive,Car Care,Lumina,101.65,145.42,1
3252,SKU-SPO-003252,Velocity Fitness Gear Model-253,Sports & Outdoors,Fitness Gear,Velocity,322.12,600.12,1
3253,SKU-AUT-003253,Zenith Oils & Fluids Model-254,Automotive,Oils & Fluids,Zenith,219.55,344.96,1
3254,SKU-TOY-003254,Titan Board Games Model-255,Toys & Games,Board Games,Titan,331.22,515.73,1
3255,SKU-BEA-003255,Aura Fragrances Model-256,Beauty & Care,Fragrances,Aura,20.37,45.39,1
3256,SKU-APP-003256,Matrix Women's Clothing Model-257,Apparel,Women's Clothing,Matrix,344.57,444.29,1
3257,SKU-SPO-003257,Echo Fitness Gear Model-258,Sports & Outdoors,Fitness Gear,Echo,168.04,331.06,1
3258,SKU-APP-003258,Velocity Men's Clothing Model-259,Apparel,Men's Clothing,Velocity,182.6,295.39,1
3259,SKU-AUT-003259,Aura Interior Accessories Model-260,Automotive,Interior Accessories,Aura,153.77,355.2,1
3260,SKU-GRO-003260,Summit Condiments Model-261,Grocery & Pantry,Condiments,Summit,45.62,105.84,1
3261,SKU-BEA-003261,Echo Cosmetics Model-262,Beauty & Care,Cosmetics,Echo,195.31,424.51,1
3262,SKU-ELE-003262,Apex Audio & Headphones Model-263,Electronics,Audio & Headphones,Apex,105.71,156.71,1
3263,SKU-APP-003263,Pulse Men's Clothing Model-264,Apparel,Men's Clothing,Pulse,439.72,576.18,1
3264,SKU-APP-003264,Matrix Women's Clothing Model-265,Apparel,Women's Clothing,Matrix,431.17,937.19,0
3265,SKU-SPO-003265,Prism Camping & Hiking Model-266,Sports & Outdoors,Camping & Hiking,Prism,177.09,379.85,1
3266,SKU-HOM-003266,Velocity Storage Model-267,Home & Kitchen,Storage,Velocity,135.72,330.15,1
3267,SKU-APP-003267,Matrix Sportswear Model-268,Apparel,Sportswear,Matrix,293.11,614.17,1
3268,SKU-BEA-003268,Lumina Skincare Model-269,Beauty & Care,Skincare,Lumina,193.68,363.3,1
3269,SKU-HOM-003269,Summit Cookware Model-270,Home & Kitchen,Cookware,Summit,82.35,103.99,1
3270,SKU-ELE-003270,Prism Wearables Model-271,Electronics,Wearables,Prism,15.83,35.19,1
3271,SKU-HOM-003271,Apex Furniture Model-272,Home & Kitchen,Furniture,Apex,23.16,45.43,1
3272,SKU-AUT-003272,Sol Oils & Fluids Model-273,Automotive,Oils & Fluids,Sol,118.12,273.77,1
3273,SKU-APP-003273,Velocity Accessories Model-274,Apparel,Accessories,Velocity,350.09,597.8,1
3274,SKU-SPO-003274,Echo Cycling Model-275,Sports & Outdoors,Cycling,Echo,347.97,706.81,1
3275,SKU-HOM-003275,Titan Decor Model-276,Home & Kitchen,Decor,Titan,155.09,222.13,1
3276,SKU-APP-003276,Zenith Men's Clothing Model-277,Apparel,Men's Clothing,Zenith,61.72,132.78,1
3277,SKU-GRO-003277,Summit Beverages Model-278,Grocery & Pantry,Beverages,Summit,260.21,558.31,1
3278,SKU-ELE-003278,Pulse Smartphones Model-279,Electronics,Smartphones,Pulse,398.01,852.78,1
3279,SKU-TOY-003279,Echo Puzzles Model-280,Toys & Games,Puzzles,Echo,71.19,128.73,0
3280,SKU-SPO-003280,Matrix Team Sports Model-281,Sports & Outdoors,Team Sports,Matrix,216.89,395.64,1
3281,SKU-AUT-003281,Velocity Car Care Model-282,Automotive,Car Care,Velocity,435.37,653.32,1
3282,SKU-GRO-003282,Pulse Condiments Model-283,Grocery & Pantry,Condiments,Pulse,429.34,660.21,1
3283,SKU-SPO-003283,Titan Team Sports Model-284,Sports & Outdoors,Team Sports,Titan,276.75,448.66,1
3284,SKU-BEA-003284,Zenith Cosmetics Model-285,Beauty & Care,Cosmetics,Zenith,57.49,90.14,1
3285,SKU-HOM-003285,Velocity Cookware Model-286,Home & Kitchen,Cookware,Velocity,107.57,162.75,1
3286,SKU-ELE-003286,Vortex Audio & Headphones Model-287,Electronics,Audio & Headphones,Vortex,224.32,292.84,1
3287,SKU-APP-003287,Titan Women's Clothing Model-288,Apparel,Women's Clothing,Titan,219,423.33,1
3288,SKU-GRO-003288,Vortex Condiments Model-289,Grocery & Pantry,Condiments,Vortex,131.01,224.38,1
3289,SKU-ELE-003289,Summit Audio & Headphones Model-290,Electronics,Audio & Headphones,Summit,405.42,979.73,1
3290,SKU-TOY-003290,Horizon Educational Toys Model-291,Toys & Games,Educational Toys,Horizon,167.2,347.79,1
3291,SKU-AUT-003291,Prism Oils & Fluids Model-292,Automotive,Oils & Fluids,Prism,416.44,975.03,1
3292,SKU-BEA-003292,Summit Fragrances Model-293,Beauty & Care,Fragrances,Summit,292.78,601.81,1
3293,SKU-SPO-003293,Matrix Fitness Gear Model-294,Sports & Outdoors,Fitness Gear,Matrix,100.54,243.98,1
3294,SKU-BEA-003294,Vortex Fragrances Model-295,Beauty & Care,Fragrances,Vortex,72.8,167.37,1
3295,SKU-AUT-003295,Apex Oils & Fluids Model-296,Automotive,Oils & Fluids,Apex,430.04,907.91,1
3296,SKU-BEA-003296,Aura Personal Care Model-297,Beauty & Care,Personal Care,Aura,348.39,496.26,1
3297,SKU-GRO-003297,Summit Canned Goods Model-298,Grocery & Pantry,Canned Goods,Summit,440.16,800.19,1
3298,SKU-HOM-003298,Lumina Storage Model-299,Home & Kitchen,Storage,Lumina,444.51,989.66,1
3299,SKU-BEA-003299,Apex Cosmetics Model-300,Beauty & Care,Cosmetics,Apex,377.59,503.63,1
3300,SKU-GRO-003300,Apex Breakfast Model-301,Grocery & Pantry,Breakfast,Apex,40.17,83.3,1
3301,SKU-GRO-003301,Summit Condiments Model-302,Grocery & Pantry,Condiments,Summit,279.35,437.16,1
3302,SKU-BEA-003302,Summit Fragrances Model-303,Beauty & Care,Fragrances,Summit,228.79,307.96,1
3303,SKU-BEA-003303,Prism Skincare Model-304,Beauty & Care,Skincare,Prism,338.33,625.66,1
3304,SKU-AUT-003304,Echo Car Care Model-305,Automotive,Car Care,Echo,446.34,964.83,1
3305,SKU-SPO-003305,Summit Team Sports Model-306,Sports & Outdoors,Team Sports,Summit,23.71,42.74,1
3306,SKU-SPO-003306,Titan Team Sports Model-307,Sports & Outdoors,Team Sports,Titan,205.97,432.91,1
3307,SKU-APP-003307,Vortex Outerwear Model-308,Apparel,Outerwear,Vortex,398.58,628.82,1
3308,SKU-ELE-003308,Sol Smartphones Model-309,Electronics,Smartphones,Sol,331.87,790.11,1
3309,SKU-SPO-003309,Lumina Cycling Model-310,Sports & Outdoors,Cycling,Lumina,79.67,100.37,1
3310,SKU-HOM-003310,Aura Bedding Model-311,Home & Kitchen,Bedding,Aura,71.61,146.68,1
3311,SKU-APP-003311,Titan Outerwear Model-312,Apparel,Outerwear,Titan,120.43,158.56,1
3312,SKU-GRO-003312,Nova Canned Goods Model-313,Grocery & Pantry,Canned Goods,Nova,158.19,382.09,1
3313,SKU-ELE-003313,Horizon Laptops Model-314,Electronics,Laptops,Horizon,326.37,425.23,1
3314,SKU-APP-003314,Titan Accessories Model-315,Apparel,Accessories,Titan,403.52,666.95,1
3315,SKU-ELE-003315,Apex Wearables Model-316,Electronics,Wearables,Apex,304.41,444.79,1
3316,SKU-BEA-003316,Echo Personal Care Model-317,Beauty & Care,Personal Care,Echo,438.54,1050.69,1
3317,SKU-GRO-003317,Matrix Snacks Model-318,Grocery & Pantry,Snacks,Matrix,128.91,281.16,1
3318,SKU-HOM-003318,Prism Furniture Model-319,Home & Kitchen,Furniture,Prism,419.26,565.09,1
3319,SKU-APP-003319,Titan Women's Clothing Model-320,Apparel,Women's Clothing,Titan,313.86,510.25,1
3320,SKU-BEA-003320,Prism Skincare Model-321,Beauty & Care,Skincare,Prism,113.53,186.59,1
3321,SKU-HOM-003321,Titan Bedding Model-322,Home & Kitchen,Bedding,Titan,120.22,223.42,1
3322,SKU-ELE-003322,Apex Smartphones Model-323,Electronics,Smartphones,Apex,356.54,751.99,1
3323,SKU-BEA-003323,Nova Fragrances Model-324,Beauty & Care,Fragrances,Nova,139.88,348.79,1
3324,SKU-ELE-003324,Velocity Laptops Model-325,Electronics,Laptops,Velocity,153.1,204.26,1
3325,SKU-GRO-003325,Zenith Breakfast Model-326,Grocery & Pantry,Breakfast,Zenith,200.33,313.95,1
3326,SKU-TOY-003326,Summit Puzzles Model-327,Toys & Games,Puzzles,Summit,366.52,476.82,1
3327,SKU-SPO-003327,Echo Team Sports Model-328,Sports & Outdoors,Team Sports,Echo,275.63,400.58,1
3328,SKU-TOY-003328,Echo Educational Toys Model-329,Toys & Games,Educational Toys,Echo,412.96,525.59,1
3329,SKU-AUT-003329,Aura Interior Accessories Model-330,Automotive,Interior Accessories,Aura,265.33,345.35,1
3330,SKU-GRO-003330,Nova Canned Goods Model-331,Grocery & Pantry,Canned Goods,Nova,415,605.57,1
3331,SKU-GRO-003331,Lumina Beverages Model-332,Grocery & Pantry,Beverages,Lumina,285.58,454.24,1
3332,SKU-BEA-003332,Summit Fragrances Model-333,Beauty & Care,Fragrances,Summit,133.6,284.63,1
3333,SKU-SPO-003333,Horizon Team Sports Model-334,Sports & Outdoors,Team Sports,Horizon,151.32,352.69,1
3334,SKU-APP-003334,Titan Women's Clothing Model-335,Apparel,Women's Clothing,Titan,215.69,334.65,1
3335,SKU-TOY-003335,Lumina Educational Toys Model-336,Toys & Games,Educational Toys,Lumina,288.3,644.36,1
3336,SKU-HOM-003336,Echo Decor Model-337,Home & Kitchen,Decor,Echo,181.63,360.3,1
3337,SKU-AUT-003337,Zenith Interior Accessories Model-338,Automotive,Interior Accessories,Zenith,213.04,385.97,1
3338,SKU-TOY-003338,Zenith Puzzles Model-339,Toys & Games,Puzzles,Zenith,327.88,725.39,1
3339,SKU-SPO-003339,Titan Water Sports Model-340,Sports & Outdoors,Water Sports,Titan,95.21,207,1
3340,SKU-ELE-003340,Apex Wearables Model-341,Electronics,Wearables,Apex,334.89,679.49,1
3341,SKU-APP-003341,Velocity Women's Clothing Model-342,Apparel,Women's Clothing,Velocity,33.35,82.72,1
3342,SKU-SPO-003342,Lumina Fitness Gear Model-343,Sports & Outdoors,Fitness Gear,Lumina,143.19,326.79,1
3343,SKU-HOM-003343,Aura Decor Model-344,Home & Kitchen,Decor,Aura,436.79,673.9,1
3344,SKU-ELE-003344,Aura Accessories Model-345,Electronics,Accessories,Aura,263.34,511.64,1
3345,SKU-ELE-003345,Horizon Wearables Model-346,Electronics,Wearables,Horizon,364.7,754.59,1
3346,SKU-GRO-003346,Zenith Condiments Model-347,Grocery & Pantry,Condiments,Zenith,334.2,670.61,1
3347,SKU-TOY-003347,Nova Action Figures Model-348,Toys & Games,Action Figures,Nova,224.99,394.17,1
3348,SKU-TOY-003348,Lumina Action Figures Model-349,Toys & Games,Action Figures,Lumina,44.63,96.1,1
3349,SKU-HOM-003349,Sol Cookware Model-350,Home & Kitchen,Cookware,Sol,232.1,549.14,1
3350,SKU-AUT-003350,Horizon Interior Accessories Model-351,Automotive,Interior Accessories,Horizon,434.71,584.7,1
3351,SKU-HOM-003351,Pulse Cookware Model-352,Home & Kitchen,Cookware,Pulse,188.19,309.27,1
3352,SKU-APP-003352,Horizon Outerwear Model-353,Apparel,Outerwear,Horizon,184.65,352.19,1
3353,SKU-BEA-003353,Prism Skincare Model-354,Beauty & Care,Skincare,Prism,302.53,427.82,1
3354,SKU-APP-003354,Echo Outerwear Model-355,Apparel,Outerwear,Echo,144.42,336.72,1
3355,SKU-BEA-003355,Aura Cosmetics Model-356,Beauty & Care,Cosmetics,Aura,236.09,331.19,1
3356,SKU-SPO-003356,Nova Camping & Hiking Model-357,Sports & Outdoors,Camping & Hiking,Nova,105.53,144.42,1
3357,SKU-APP-003357,Aura Sportswear Model-358,Apparel,Sportswear,Aura,396.4,691.62,1
3358,SKU-ELE-003358,Zenith Smartphones Model-359,Electronics,Smartphones,Zenith,308.69,608.29,1
3359,SKU-ELE-003359,Echo Smart Home Model-360,Electronics,Smart Home,Echo,346.61,485.51,1
3360,SKU-BEA-003360,Zenith Skincare Model-361,Beauty & Care,Skincare,Zenith,273.1,670.7,1
3361,SKU-ELE-003361,Matrix Accessories Model-362,Electronics,Accessories,Matrix,332.34,551.72,1
3362,SKU-HOM-003362,Aura Furniture Model-363,Home & Kitchen,Furniture,Aura,116.41,180.63,1
3363,SKU-BEA-003363,Matrix Personal Care Model-364,Beauty & Care,Personal Care,Matrix,177.96,402.7,1
3364,SKU-TOY-003364,Vortex Action Figures Model-365,Toys & Games,Action Figures,Vortex,83.05,116.82,1
3365,SKU-TOY-003365,Velocity Board Games Model-366,Toys & Games,Board Games,Velocity,406.55,656.15,1
3366,SKU-TOY-003366,Aura Board Games Model-367,Toys & Games,Board Games,Aura,139.72,266.36,1
3367,SKU-AUT-003367,Zenith Interior Accessories Model-368,Automotive,Interior Accessories,Zenith,224.09,323.51,1
3368,SKU-TOY-003368,Echo Outdoor Toys Model-369,Toys & Games,Outdoor Toys,Echo,99.2,156.77,1
3369,SKU-HOM-003369,Velocity Cookware Model-370,Home & Kitchen,Cookware,Velocity,283.69,488.25,0
3370,SKU-AUT-003370,Vortex Oils & Fluids Model-371,Automotive,Oils & Fluids,Vortex,206.25,444.95,1
3371,SKU-BEA-003371,Velocity Skincare Model-372,Beauty & Care,Skincare,Velocity,6.69,12.36,1
3372,SKU-SPO-003372,Sol Fitness Gear Model-373,Sports & Outdoors,Fitness Gear,Sol,117.04,151.36,1
3373,SKU-SPO-003373,Echo Team Sports Model-374,Sports & Outdoors,Team Sports,Echo,238.02,523.75,1
3374,SKU-TOY-003374,Matrix Puzzles Model-375,Toys & Games,Puzzles,Matrix,254.01,481.52,1
3375,SKU-SPO-003375,Zenith Camping & Hiking Model-376,Sports & Outdoors,Camping & Hiking,Zenith,192.93,308.57,1
3376,SKU-TOY-003376,Summit Outdoor Toys Model-377,Toys & Games,Outdoor Toys,Summit,73.69,119.73,1
3377,SKU-AUT-003377,Vortex Tools & Equipment Model-378,Automotive,Tools & Equipment,Vortex,333.71,489,1
3378,SKU-APP-003378,Summit Men's Clothing Model-379,Apparel,Men's Clothing,Summit,132.59,240.68,1
3379,SKU-BEA-003379,Sol Cosmetics Model-380,Beauty & Care,Cosmetics,Sol,104.5,154.47,1
3380,SKU-BEA-003380,Apex Haircare Model-381,Beauty & Care,Haircare,Apex,364.36,769.19,1
3381,SKU-HOM-003381,Sol Decor Model-382,Home & Kitchen,Decor,Sol,193.99,260.55,1
3382,SKU-SPO-003382,Lumina Team Sports Model-383,Sports & Outdoors,Team Sports,Lumina,322.88,703.79,1
3383,SKU-ELE-003383,Aura Smartphones Model-384,Electronics,Smartphones,Aura,160.31,244.63,1
3384,SKU-ELE-003384,Pulse Wearables Model-385,Electronics,Wearables,Pulse,6.19,8.82,1
3385,SKU-HOM-003385,Lumina Decor Model-386,Home & Kitchen,Decor,Lumina,298.28,463.36,1
3386,SKU-HOM-003386,Matrix Small Appliances Model-387,Home & Kitchen,Small Appliances,Matrix,16.23,23.35,1
3387,SKU-AUT-003387,Prism Car Care Model-388,Automotive,Car Care,Prism,318.16,667.95,1
3388,SKU-SPO-003388,Matrix Camping & Hiking Model-389,Sports & Outdoors,Camping & Hiking,Matrix,296.78,732.79,1
3389,SKU-ELE-003389,Summit Smartphones Model-390,Electronics,Smartphones,Summit,366.79,743.55,1
3390,SKU-TOY-003390,Pulse Action Figures Model-391,Toys & Games,Action Figures,Pulse,318.32,751.56,1
3391,SKU-TOY-003391,Echo Action Figures Model-392,Toys & Games,Action Figures,Echo,68.46,145.14,1
3392,SKU-HOM-003392,Prism Small Appliances Model-393,Home & Kitchen,Small Appliances,Prism,209.13,312.85,1
3393,SKU-GRO-003393,Summit Condiments Model-394,Grocery & Pantry,Condiments,Summit,35.23,58.09,1
3394,SKU-TOY-003394,Nova Educational Toys Model-395,Toys & Games,Educational Toys,Nova,321.96,462.09,1
3395,SKU-GRO-003395,Lumina Breakfast Model-396,Grocery & Pantry,Breakfast,Lumina,152.07,326.09,1
3396,SKU-GRO-003396,Horizon Beverages Model-397,Grocery & Pantry,Beverages,Horizon,114.67,216.82,1
3397,SKU-APP-003397,Echo Outerwear Model-398,Apparel,Outerwear,Echo,130.89,265.18,1
3398,SKU-AUT-003398,Horizon Interior Accessories Model-399,Automotive,Interior Accessories,Horizon,126.68,236.51,1
3399,SKU-BEA-003399,Velocity Fragrances Model-400,Beauty & Care,Fragrances,Velocity,332.42,541.11,1
3400,SKU-AUT-003400,Echo Interior Accessories Model-401,Automotive,Interior Accessories,Echo,401.21,782.2,1
3401,SKU-GRO-003401,Aura Condiments Model-402,Grocery & Pantry,Condiments,Aura,46.87,107.36,1
3402,SKU-GRO-003402,Prism Canned Goods Model-403,Grocery & Pantry,Canned Goods,Prism,177.1,403.56,1
3403,SKU-ELE-003403,Matrix Smartphones Model-404,Electronics,Smartphones,Matrix,294.32,672.98,1
3404,SKU-BEA-003404,Vortex Fragrances Model-405,Beauty & Care,Fragrances,Vortex,83.37,135.3,1
3405,SKU-HOM-003405,Sol Small Appliances Model-406,Home & Kitchen,Small Appliances,Sol,165.7,250.8,1
3406,SKU-TOY-003406,Titan Puzzles Model-407,Toys & Games,Puzzles,Titan,231.26,470.51,1
3407,SKU-BEA-003407,Velocity Cosmetics Model-408,Beauty & Care,Cosmetics,Velocity,327.26,485.74,1
3408,SKU-SPO-003408,Horizon Cycling Model-409,Sports & Outdoors,Cycling,Horizon,55.22,121.77,1
3409,SKU-BEA-003409,Nova Cosmetics Model-410,Beauty & Care,Cosmetics,Nova,64.75,114.25,1
3410,SKU-GRO-003410,Vortex Breakfast Model-411,Grocery & Pantry,Breakfast,Vortex,208.69,443.11,1
3411,SKU-GRO-003411,Nova Beverages Model-412,Grocery & Pantry,Beverages,Nova,251.81,523.65,1
3412,SKU-HOM-003412,Prism Small Appliances Model-413,Home & Kitchen,Small Appliances,Prism,436.61,995.18,1
3413,SKU-HOM-003413,Horizon Small Appliances Model-414,Home & Kitchen,Small Appliances,Horizon,64.25,111.96,1
3414,SKU-APP-003414,Sol Accessories Model-415,Apparel,Accessories,Sol,328.08,436.82,1
3415,SKU-HOM-003415,Zenith Cookware Model-416,Home & Kitchen,Cookware,Zenith,295.17,600.83,0
3416,SKU-HOM-003416,Aura Decor Model-417,Home & Kitchen,Decor,Aura,59.79,115.14,1
3417,SKU-BEA-003417,Echo Fragrances Model-418,Beauty & Care,Fragrances,Echo,330.04,540.12,1
3418,SKU-APP-003418,Zenith Outerwear Model-419,Apparel,Outerwear,Zenith,295.58,592.22,0
3419,SKU-HOM-003419,Vortex Decor Model-420,Home & Kitchen,Decor,Vortex,233.07,479.83,1
3420,SKU-ELE-003420,Matrix Audio & Headphones Model-421,Electronics,Audio & Headphones,Matrix,154.11,333.87,1
3421,SKU-GRO-003421,Matrix Snacks Model-422,Grocery & Pantry,Snacks,Matrix,295.71,561.03,1
3422,SKU-TOY-003422,Pulse Board Games Model-423,Toys & Games,Board Games,Pulse,344.3,514.59,1
3423,SKU-GRO-003423,Pulse Beverages Model-424,Grocery & Pantry,Beverages,Pulse,209.87,485.62,1
3424,SKU-ELE-003424,Summit Smartphones Model-425,Electronics,Smartphones,Summit,143.42,293.5,1
3425,SKU-ELE-003425,Zenith Wearables Model-426,Electronics,Wearables,Zenith,234.36,400.62,1
3426,SKU-TOY-003426,Lumina Educational Toys Model-427,Toys & Games,Educational Toys,Lumina,167.33,384.18,1
3427,SKU-HOM-003427,Zenith Decor Model-428,Home & Kitchen,Decor,Zenith,22.82,45.4,1
3428,SKU-HOM-003428,Aura Bedding Model-429,Home & Kitchen,Bedding,Aura,368.08,808.91,1
3429,SKU-ELE-003429,Titan Accessories Model-430,Electronics,Accessories,Titan,79.75,174.2,1
3430,SKU-APP-003430,Matrix Men's Clothing Model-431,Apparel,Men's Clothing,Matrix,276.12,353.89,1
3431,SKU-APP-003431,Matrix Sportswear Model-432,Apparel,Sportswear,Matrix,279.55,603.89,1
3432,SKU-BEA-003432,Matrix Cosmetics Model-433,Beauty & Care,Cosmetics,Matrix,153.59,255.4,1
3433,SKU-TOY-003433,Horizon Puzzles Model-434,Toys & Games,Puzzles,Horizon,166.31,401.35,1
3434,SKU-APP-003434,Matrix Accessories Model-435,Apparel,Accessories,Matrix,141.28,185.67,1
3435,SKU-APP-003435,Zenith Women's Clothing Model-436,Apparel,Women's Clothing,Zenith,257.81,413.57,1
3436,SKU-BEA-003436,Lumina Personal Care Model-437,Beauty & Care,Personal Care,Lumina,147.94,305.43,0
3437,SKU-SPO-003437,Apex Team Sports Model-438,Sports & Outdoors,Team Sports,Apex,110.23,195.31,1
3438,SKU-GRO-003438,Titan Canned Goods Model-439,Grocery & Pantry,Canned Goods,Titan,367.4,649.12,1
3439,SKU-GRO-003439,Echo Condiments Model-440,Grocery & Pantry,Condiments,Echo,45.48,99.63,1
3440,SKU-ELE-003440,Nova Accessories Model-441,Electronics,Accessories,Nova,299.71,625.91,1
3441,SKU-GRO-003441,Prism Beverages Model-442,Grocery & Pantry,Beverages,Prism,315.7,645.45,1
3442,SKU-SPO-003442,Pulse Camping & Hiking Model-443,Sports & Outdoors,Camping & Hiking,Pulse,94.43,208.32,1
3443,SKU-ELE-003443,Prism Smartphones Model-444,Electronics,Smartphones,Prism,375.89,754.94,1
3444,SKU-ELE-003444,Lumina Laptops Model-445,Electronics,Laptops,Lumina,278.25,614.83,1
3445,SKU-GRO-003445,Pulse Canned Goods Model-446,Grocery & Pantry,Canned Goods,Pulse,353.43,753.77,1
3446,SKU-AUT-003446,Matrix Oils & Fluids Model-447,Automotive,Oils & Fluids,Matrix,269.98,378.84,1
3447,SKU-ELE-003447,Summit Accessories Model-448,Electronics,Accessories,Summit,165.18,373.45,1
3448,SKU-AUT-003448,Pulse Car Care Model-449,Automotive,Car Care,Pulse,385.47,698.91,1
3449,SKU-ELE-003449,Sol Laptops Model-450,Electronics,Laptops,Sol,13.77,17.95,1
3450,SKU-SPO-003450,Aura Water Sports Model-451,Sports & Outdoors,Water Sports,Aura,138.64,205.87,1
3451,SKU-TOY-003451,Nova Outdoor Toys Model-452,Toys & Games,Outdoor Toys,Nova,378.21,815.07,1
3452,SKU-SPO-003452,Prism Team Sports Model-453,Sports & Outdoors,Team Sports,Prism,379.72,619.64,1
3453,SKU-AUT-003453,Titan Oils & Fluids Model-454,Automotive,Oils & Fluids,Titan,284.03,587.18,1
3454,SKU-HOM-003454,Aura Decor Model-455,Home & Kitchen,Decor,Aura,59.84,123.22,1
3455,SKU-ELE-003455,Prism Smart Home Model-456,Electronics,Smart Home,Prism,165.65,303.24,1
3456,SKU-BEA-003456,Velocity Cosmetics Model-457,Beauty & Care,Cosmetics,Velocity,217.86,412.38,1
3457,SKU-TOY-003457,Echo Puzzles Model-458,Toys & Games,Puzzles,Echo,112.83,188.44,1
3458,SKU-TOY-003458,Nova Action Figures Model-459,Toys & Games,Action Figures,Nova,221.28,508.2,1
3459,SKU-BEA-003459,Nova Haircare Model-460,Beauty & Care,Haircare,Nova,65.1,132.47,0
3460,SKU-BEA-003460,Sol Cosmetics Model-461,Beauty & Care,Cosmetics,Sol,408.33,669.55,1
3461,SKU-GRO-003461,Titan Canned Goods Model-462,Grocery & Pantry,Canned Goods,Titan,123.37,291.4,1
3462,SKU-TOY-003462,Summit Outdoor Toys Model-463,Toys & Games,Outdoor Toys,Summit,325.74,468.84,1
3463,SKU-TOY-003463,Vortex Board Games Model-464,Toys & Games,Board Games,Vortex,109.6,205.04,1
3464,SKU-SPO-003464,Prism Fitness Gear Model-465,Sports & Outdoors,Fitness Gear,Prism,228.39,351.77,1
3465,SKU-HOM-003465,Zenith Storage Model-466,Home & Kitchen,Storage,Zenith,278.33,539.96,1
3466,SKU-AUT-003466,Titan Oils & Fluids Model-467,Automotive,Oils & Fluids,Titan,203.78,478.53,1
3467,SKU-TOY-003467,Velocity Puzzles Model-468,Toys & Games,Puzzles,Velocity,149.75,200.4,1
3468,SKU-APP-003468,Prism Sportswear Model-469,Apparel,Sportswear,Prism,370.38,718.86,1
3469,SKU-APP-003469,Pulse Outerwear Model-470,Apparel,Outerwear,Pulse,344.15,722.33,1
3470,SKU-AUT-003470,Matrix Oils & Fluids Model-471,Automotive,Oils & Fluids,Matrix,104.18,153.3,1
3471,SKU-GRO-003471,Horizon Beverages Model-472,Grocery & Pantry,Beverages,Horizon,318.36,734.36,1
3472,SKU-GRO-003472,Velocity Snacks Model-473,Grocery & Pantry,Snacks,Velocity,184.5,391.63,1
3473,SKU-GRO-003473,Apex Canned Goods Model-474,Grocery & Pantry,Canned Goods,Apex,111.97,244.07,1
3474,SKU-GRO-003474,Zenith Beverages Model-475,Grocery & Pantry,Beverages,Zenith,123.31,243.5,1
3475,SKU-APP-003475,Apex Footwear Model-476,Apparel,Footwear,Apex,419.6,791.86,1
3476,SKU-HOM-003476,Pulse Decor Model-477,Home & Kitchen,Decor,Pulse,80.46,123.42,1
3477,SKU-HOM-003477,Velocity Cookware Model-478,Home & Kitchen,Cookware,Velocity,256.97,376.72,1
3478,SKU-HOM-003478,Horizon Furniture Model-479,Home & Kitchen,Furniture,Horizon,224.26,521.91,1
3479,SKU-HOM-003479,Summit Cookware Model-480,Home & Kitchen,Cookware,Summit,345.42,542.88,1
3480,SKU-GRO-003480,Prism Condiments Model-481,Grocery & Pantry,Condiments,Prism,248.18,494.52,0
3481,SKU-APP-003481,Zenith Outerwear Model-482,Apparel,Outerwear,Zenith,9.5,15.44,1
3482,SKU-APP-003482,Matrix Sportswear Model-483,Apparel,Sportswear,Matrix,280.74,576.83,1
3483,SKU-HOM-003483,Titan Bedding Model-484,Home & Kitchen,Bedding,Titan,42.15,93.63,1
3484,SKU-TOY-003484,Pulse Board Games Model-485,Toys & Games,Board Games,Pulse,140.77,337.77,1
3485,SKU-AUT-003485,Prism Car Care Model-486,Automotive,Car Care,Prism,172.14,259.58,1
3486,SKU-TOY-003486,Vortex Puzzles Model-487,Toys & Games,Puzzles,Vortex,336.56,690.45,1
3487,SKU-TOY-003487,Vortex Board Games Model-488,Toys & Games,Board Games,Vortex,182.18,326.03,1
3488,SKU-BEA-003488,Echo Fragrances Model-489,Beauty & Care,Fragrances,Echo,155.72,235.21,0
3489,SKU-TOY-003489,Pulse Board Games Model-490,Toys & Games,Board Games,Pulse,384.77,563.65,1
3490,SKU-ELE-003490,Velocity Accessories Model-491,Electronics,Accessories,Velocity,210.31,479.09,1
3491,SKU-TOY-003491,Summit Board Games Model-492,Toys & Games,Board Games,Summit,10.17,15.04,1
3492,SKU-APP-003492,Nova Men's Clothing Model-493,Apparel,Men's Clothing,Nova,10.67,17.9,1
3493,SKU-HOM-003493,Zenith Furniture Model-494,Home & Kitchen,Furniture,Zenith,443.2,1071.7,1
3494,SKU-TOY-003494,Prism Board Games Model-495,Toys & Games,Board Games,Prism,416.27,846.49,1
3495,SKU-AUT-003495,Summit Oils & Fluids Model-496,Automotive,Oils & Fluids,Summit,260.5,595.65,1
3496,SKU-TOY-003496,Zenith Educational Toys Model-497,Toys & Games,Educational Toys,Zenith,88.41,147.26,1
3497,SKU-SPO-003497,Echo Team Sports Model-498,Sports & Outdoors,Team Sports,Echo,85.24,207.49,1
3498,SKU-APP-003498,Horizon Men's Clothing Model-499,Apparel,Men's Clothing,Horizon,328.47,806.68,1
3499,SKU-ELE-003499,Lumina Laptops Model-500,Electronics,Laptops,Lumina,119.86,202.32,0
3500,SKU-TOY-003500,Apex Outdoor Toys Model-501,Toys & Games,Outdoor Toys,Apex,306.62,480.19,1
3501,SKU-GRO-003501,Lumina Snacks Model-502,Grocery & Pantry,Snacks,Lumina,407.61,883.22,1
3502,SKU-SPO-003502,Aura Team Sports Model-503,Sports & Outdoors,Team Sports,Aura,358.26,562.43,1
3503,SKU-GRO-003503,Matrix Condiments Model-504,Grocery & Pantry,Condiments,Matrix,76.35,172.79,1
3504,SKU-HOM-003504,Prism Storage Model-505,Home & Kitchen,Storage,Prism,307.21,612.68,1
3505,SKU-SPO-003505,Matrix Fitness Gear Model-506,Sports & Outdoors,Fitness Gear,Matrix,216.32,474.21,1
3506,SKU-HOM-003506,Vortex Cookware Model-507,Home & Kitchen,Cookware,Vortex,122.61,247.33,1
3507,SKU-ELE-003507,Vortex Laptops Model-508,Electronics,Laptops,Vortex,235.15,451.86,1
3508,SKU-AUT-003508,Matrix Interior Accessories Model-509,Automotive,Interior Accessories,Matrix,125.4,191.98,1
3509,SKU-BEA-003509,Apex Fragrances Model-510,Beauty & Care,Fragrances,Apex,252.81,405.83,1
3510,SKU-GRO-003510,Sol Condiments Model-511,Grocery & Pantry,Condiments,Sol,144.28,322.86,1
3511,SKU-GRO-003511,Summit Breakfast Model-512,Grocery & Pantry,Breakfast,Summit,238.35,423.69,1
3512,SKU-BEA-003512,Aura Fragrances Model-513,Beauty & Care,Fragrances,Aura,151.32,286.56,1
3513,SKU-SPO-003513,Matrix Team Sports Model-514,Sports & Outdoors,Team Sports,Matrix,50.45,96.29,1
3514,SKU-ELE-003514,Titan Laptops Model-515,Electronics,Laptops,Titan,34.52,44.33,1
3515,SKU-AUT-003515,Nova Oils & Fluids Model-516,Automotive,Oils & Fluids,Nova,69.92,126.94,1
3516,SKU-APP-003516,Vortex Footwear Model-517,Apparel,Footwear,Vortex,133.41,230.09,1
3517,SKU-GRO-003517,Zenith Breakfast Model-518,Grocery & Pantry,Breakfast,Zenith,429.75,1044.29,1
3518,SKU-HOM-003518,Zenith Decor Model-519,Home & Kitchen,Decor,Zenith,133.57,268.41,1
3519,SKU-APP-003519,Vortex Sportswear Model-520,Apparel,Sportswear,Vortex,9.14,17.39,1
3520,SKU-SPO-003520,Summit Camping & Hiking Model-521,Sports & Outdoors,Camping & Hiking,Summit,12.51,23.05,0
3521,SKU-GRO-003521,Titan Organic Foods Model-522,Grocery & Pantry,Organic Foods,Titan,374.44,476.84,1
3522,SKU-HOM-003522,Echo Decor Model-523,Home & Kitchen,Decor,Echo,260.09,491.69,1
3523,SKU-GRO-003523,Echo Organic Foods Model-524,Grocery & Pantry,Organic Foods,Echo,233.54,422.82,1
3524,SKU-AUT-003524,Aura Tools & Equipment Model-525,Automotive,Tools & Equipment,Aura,277.15,479.27,1
3525,SKU-APP-003525,Nova Sportswear Model-526,Apparel,Sportswear,Nova,13.05,30.37,1
3526,SKU-AUT-003526,Pulse Car Care Model-527,Automotive,Car Care,Pulse,163.31,343.2,1
3527,SKU-BEA-003527,Nova Skincare Model-528,Beauty & Care,Skincare,Nova,50.3,72.43,1
3528,SKU-TOY-003528,Nova Outdoor Toys Model-529,Toys & Games,Outdoor Toys,Nova,124.87,170.26,1
3529,SKU-SPO-003529,Zenith Camping & Hiking Model-530,Sports & Outdoors,Camping & Hiking,Zenith,279.53,643.13,1
3530,SKU-ELE-003530,Velocity Accessories Model-531,Electronics,Accessories,Velocity,260.07,589.6,1
3531,SKU-APP-003531,Pulse Footwear Model-532,Apparel,Footwear,Pulse,33.03,67.16,1
3532,SKU-ELE-003532,Lumina Accessories Model-533,Electronics,Accessories,Lumina,81.07,173.21,1
3533,SKU-HOM-003533,Aura Small Appliances Model-534,Home & Kitchen,Small Appliances,Aura,413.01,563.23,1
3534,SKU-ELE-003534,Horizon Smartphones Model-535,Electronics,Smartphones,Horizon,279.17,619.4,1
3535,SKU-SPO-003535,Summit Fitness Gear Model-536,Sports & Outdoors,Fitness Gear,Summit,203.91,290.35,1
3536,SKU-HOM-003536,Apex Storage Model-537,Home & Kitchen,Storage,Apex,207.65,268.93,1
3537,SKU-AUT-003537,Titan Tools & Equipment Model-538,Automotive,Tools & Equipment,Titan,162.5,334.65,1
3538,SKU-BEA-003538,Matrix Haircare Model-539,Beauty & Care,Haircare,Matrix,49.19,98.57,1
3539,SKU-TOY-003539,Zenith Outdoor Toys Model-540,Toys & Games,Outdoor Toys,Zenith,225.19,281.64,0
3540,SKU-SPO-003540,Nova Fitness Gear Model-541,Sports & Outdoors,Fitness Gear,Nova,74.49,147.35,1
3541,SKU-SPO-003541,Echo Fitness Gear Model-542,Sports & Outdoors,Fitness Gear,Echo,364.7,464.37,1
3542,SKU-BEA-003542,Echo Skincare Model-543,Beauty & Care,Skincare,Echo,74.72,176.55,1
3543,SKU-GRO-003543,Velocity Snacks Model-544,Grocery & Pantry,Snacks,Velocity,382.33,844.3,1
3544,SKU-BEA-003544,Zenith Haircare Model-545,Beauty & Care,Haircare,Zenith,327.14,660.63,1
3545,SKU-GRO-003545,Zenith Organic Foods Model-546,Grocery & Pantry,Organic Foods,Zenith,257.61,391.57,1
3546,SKU-APP-003546,Pulse Men's Clothing Model-547,Apparel,Men's Clothing,Pulse,213.44,445.63,1
3547,SKU-SPO-003547,Nova Team Sports Model-548,Sports & Outdoors,Team Sports,Nova,160.53,286.8,1
3548,SKU-BEA-003548,Zenith Cosmetics Model-549,Beauty & Care,Cosmetics,Zenith,339.59,549.59,1
3549,SKU-BEA-003549,Echo Skincare Model-550,Beauty & Care,Skincare,Echo,426.82,775.41,1
3550,SKU-HOM-003550,Matrix Furniture Model-551,Home & Kitchen,Furniture,Matrix,45.31,76.99,1
3551,SKU-BEA-003551,Pulse Personal Care Model-552,Beauty & Care,Personal Care,Pulse,243.6,560.42,1
3552,SKU-GRO-003552,Velocity Snacks Model-553,Grocery & Pantry,Snacks,Velocity,199.48,309.88,1
3553,SKU-APP-003553,Horizon Accessories Model-554,Apparel,Accessories,Horizon,116.52,201.73,1
3554,SKU-SPO-003554,Echo Camping & Hiking Model-555,Sports & Outdoors,Camping & Hiking,Echo,428.14,701.72,1
3555,SKU-APP-003555,Pulse Footwear Model-556,Apparel,Footwear,Pulse,249.72,571.37,1
3556,SKU-APP-003556,Velocity Men's Clothing Model-557,Apparel,Men's Clothing,Velocity,264,564.77,0
3557,SKU-AUT-003557,Horizon Car Care Model-558,Automotive,Car Care,Horizon,48.68,104.06,1
3558,SKU-AUT-003558,Apex Interior Accessories Model-559,Automotive,Interior Accessories,Apex,11.45,24.74,1
3559,SKU-AUT-003559,Pulse Car Care Model-560,Automotive,Car Care,Pulse,422.82,884.63,1
3560,SKU-APP-003560,Prism Footwear Model-561,Apparel,Footwear,Prism,348.88,623.89,1
3561,SKU-GRO-003561,Matrix Condiments Model-562,Grocery & Pantry,Condiments,Matrix,295.62,473.7,1
3562,SKU-GRO-003562,Velocity Condiments Model-563,Grocery & Pantry,Condiments,Velocity,408.99,891.62,1
3563,SKU-BEA-003563,Zenith Haircare Model-564,Beauty & Care,Haircare,Zenith,445.88,901.5,1
3564,SKU-HOM-003564,Titan Cookware Model-565,Home & Kitchen,Cookware,Titan,155.5,215.24,1
3565,SKU-AUT-003565,Pulse Oils & Fluids Model-566,Automotive,Oils & Fluids,Pulse,280.61,563.99,1
3566,SKU-BEA-003566,Prism Personal Care Model-567,Beauty & Care,Personal Care,Prism,248.51,394.62,1
3567,SKU-AUT-003567,Aura Oils & Fluids Model-568,Automotive,Oils & Fluids,Aura,394.48,707.08,1
3568,SKU-APP-003568,Apex Outerwear Model-569,Apparel,Outerwear,Apex,330.45,708.86,1
3569,SKU-APP-003569,Sol Sportswear Model-570,Apparel,Sportswear,Sol,367.31,881.35,1
3570,SKU-SPO-003570,Zenith Team Sports Model-571,Sports & Outdoors,Team Sports,Zenith,28.67,50.35,1
3571,SKU-GRO-003571,Lumina Canned Goods Model-572,Grocery & Pantry,Canned Goods,Lumina,70.87,113.42,0
3572,SKU-GRO-003572,Matrix Condiments Model-573,Grocery & Pantry,Condiments,Matrix,247.32,411.13,1
3573,SKU-APP-003573,Lumina Footwear Model-574,Apparel,Footwear,Lumina,140.27,262.71,1
3574,SKU-ELE-003574,Vortex Laptops Model-575,Electronics,Laptops,Vortex,301.33,612.85,1
3575,SKU-APP-003575,Sol Sportswear Model-576,Apparel,Sportswear,Sol,254.33,443.79,1
3576,SKU-SPO-003576,Matrix Team Sports Model-577,Sports & Outdoors,Team Sports,Matrix,396.29,743.03,1
3577,SKU-BEA-003577,Apex Cosmetics Model-578,Beauty & Care,Cosmetics,Apex,336.68,442.55,1
3578,SKU-BEA-003578,Apex Personal Care Model-579,Beauty & Care,Personal Care,Apex,76.91,181.43,1
3579,SKU-SPO-003579,Velocity Team Sports Model-580,Sports & Outdoors,Team Sports,Velocity,384.74,626.53,1
3580,SKU-TOY-003580,Pulse Board Games Model-581,Toys & Games,Board Games,Pulse,54.51,107.38,1
3581,SKU-AUT-003581,Zenith Car Care Model-582,Automotive,Car Care,Zenith,205.33,379.88,1
3582,SKU-APP-003582,Lumina Women's Clothing Model-583,Apparel,Women's Clothing,Lumina,397.24,925.46,1
3583,SKU-AUT-003583,Vortex Tools & Equipment Model-584,Automotive,Tools & Equipment,Vortex,368.24,532.72,1
3584,SKU-ELE-003584,Lumina Audio & Headphones Model-585,Electronics,Audio & Headphones,Lumina,160.05,246.87,1
3585,SKU-TOY-003585,Lumina Educational Toys Model-586,Toys & Games,Educational Toys,Lumina,144.58,357.58,1
3586,SKU-TOY-003586,Echo Puzzles Model-587,Toys & Games,Puzzles,Echo,180.13,341.64,1
3587,SKU-TOY-003587,Pulse Board Games Model-588,Toys & Games,Board Games,Pulse,18.95,42.77,1
3588,SKU-GRO-003588,Velocity Beverages Model-589,Grocery & Pantry,Beverages,Velocity,30.83,49.71,1
3589,SKU-SPO-003589,Titan Cycling Model-590,Sports & Outdoors,Cycling,Titan,12.51,25.53,1
3590,SKU-TOY-003590,Aura Educational Toys Model-591,Toys & Games,Educational Toys,Aura,252.65,414.06,1
3591,SKU-ELE-003591,Titan Laptops Model-592,Electronics,Laptops,Titan,416.73,645.32,1
3592,SKU-SPO-003592,Prism Fitness Gear Model-593,Sports & Outdoors,Fitness Gear,Prism,434.1,1018.58,1
3593,SKU-HOM-003593,Lumina Furniture Model-594,Home & Kitchen,Furniture,Lumina,327.47,494.76,1
3594,SKU-GRO-003594,Horizon Canned Goods Model-595,Grocery & Pantry,Canned Goods,Horizon,25.78,61.7,1
3595,SKU-AUT-003595,Prism Oils & Fluids Model-596,Automotive,Oils & Fluids,Prism,151.46,257.58,1
3596,SKU-GRO-003596,Echo Canned Goods Model-597,Grocery & Pantry,Canned Goods,Echo,126.2,248.48,1
3597,SKU-APP-003597,Zenith Sportswear Model-598,Apparel,Sportswear,Zenith,173.67,285.02,1
3598,SKU-TOY-003598,Summit Board Games Model-599,Toys & Games,Board Games,Summit,260.16,547.39,1
3599,SKU-AUT-003599,Aura Tools & Equipment Model-600,Automotive,Tools & Equipment,Aura,265.06,476.36,1
3600,SKU-TOY-003600,Prism Puzzles Model-601,Toys & Games,Puzzles,Prism,43.01,105.36,1
3601,SKU-SPO-003601,Horizon Camping & Hiking Model-602,Sports & Outdoors,Camping & Hiking,Horizon,193.95,408.46,1
3602,SKU-SPO-003602,Sol Cycling Model-603,Sports & Outdoors,Cycling,Sol,117.76,198.16,1
3603,SKU-TOY-003603,Zenith Board Games Model-604,Toys & Games,Board Games,Zenith,36.39,58.19,1
3604,SKU-TOY-003604,Aura Board Games Model-605,Toys & Games,Board Games,Aura,321.08,773.3,1
3605,SKU-ELE-003605,Lumina Smartphones Model-606,Electronics,Smartphones,Lumina,331.75,542.86,1
3606,SKU-APP-003606,Vortex Men's Clothing Model-607,Apparel,Men's Clothing,Vortex,415.39,982.92,1
3607,SKU-SPO-003607,Pulse Water Sports Model-608,Sports & Outdoors,Water Sports,Pulse,351.86,852.1,1
3608,SKU-HOM-003608,Matrix Furniture Model-609,Home & Kitchen,Furniture,Matrix,293.44,613.1,1
3609,SKU-HOM-003609,Echo Cookware Model-610,Home & Kitchen,Cookware,Echo,196.51,339.43,1
3610,SKU-GRO-003610,Titan Beverages Model-611,Grocery & Pantry,Beverages,Titan,169.64,230.53,1
3611,SKU-GRO-003611,Zenith Snacks Model-612,Grocery & Pantry,Snacks,Zenith,356.08,771.82,1
3612,SKU-APP-003612,Summit Women's Clothing Model-613,Apparel,Women's Clothing,Summit,291.53,481.19,1
3613,SKU-ELE-003613,Velocity Smartphones Model-614,Electronics,Smartphones,Velocity,390.36,684.11,1
3614,SKU-HOM-003614,Titan Small Appliances Model-615,Home & Kitchen,Small Appliances,Titan,103.55,182.66,1
3615,SKU-BEA-003615,Lumina Haircare Model-616,Beauty & Care,Haircare,Lumina,137.41,268.58,1
3616,SKU-ELE-003616,Nova Laptops Model-617,Electronics,Laptops,Nova,228.59,466.98,1
3617,SKU-AUT-003617,Titan Tools & Equipment Model-618,Automotive,Tools & Equipment,Titan,239.36,553.88,1
3618,SKU-APP-003618,Sol Footwear Model-619,Apparel,Footwear,Sol,170.88,365.5,1
3619,SKU-TOY-003619,Vortex Board Games Model-620,Toys & Games,Board Games,Vortex,297.92,423.56,1
3620,SKU-GRO-003620,Apex Beverages Model-621,Grocery & Pantry,Beverages,Apex,166.24,370,1
3621,SKU-BEA-003621,Aura Fragrances Model-622,Beauty & Care,Fragrances,Aura,53.21,125.31,1
3622,SKU-ELE-003622,Velocity Smartphones Model-623,Electronics,Smartphones,Velocity,373.52,467.79,1
3623,SKU-TOY-003623,Nova Action Figures Model-624,Toys & Games,Action Figures,Nova,317.37,769.13,1
3624,SKU-GRO-003624,Matrix Organic Foods Model-625,Grocery & Pantry,Organic Foods,Matrix,395.83,800.3,1
3625,SKU-HOM-003625,Nova Storage Model-626,Home & Kitchen,Storage,Nova,105.15,227.31,1
3626,SKU-ELE-003626,Prism Laptops Model-627,Electronics,Laptops,Prism,194.6,406.91,1
3627,SKU-APP-003627,Echo Women's Clothing Model-628,Apparel,Women's Clothing,Echo,348.48,564.77,1
3628,SKU-SPO-003628,Zenith Cycling Model-629,Sports & Outdoors,Cycling,Zenith,429.06,671.35,1
3629,SKU-ELE-003629,Pulse Wearables Model-630,Electronics,Wearables,Pulse,141.35,208.2,1
3630,SKU-SPO-003630,Echo Water Sports Model-631,Sports & Outdoors,Water Sports,Echo,160.54,225.43,1
3631,SKU-SPO-003631,Apex Fitness Gear Model-632,Sports & Outdoors,Fitness Gear,Apex,157.79,258.09,1
3632,SKU-APP-003632,Horizon Sportswear Model-633,Apparel,Sportswear,Horizon,437.31,647.79,1
3633,SKU-APP-003633,Apex Footwear Model-634,Apparel,Footwear,Apex,116.25,188.64,1
3634,SKU-GRO-003634,Prism Snacks Model-635,Grocery & Pantry,Snacks,Prism,89.87,192.81,1
3635,SKU-APP-003635,Titan Men's Clothing Model-636,Apparel,Men's Clothing,Titan,301.11,546.97,1
3636,SKU-TOY-003636,Apex Puzzles Model-637,Toys & Games,Puzzles,Apex,148.08,307.77,0
3637,SKU-HOM-003637,Summit Cookware Model-638,Home & Kitchen,Cookware,Summit,95.43,146.08,1
3638,SKU-BEA-003638,Titan Haircare Model-639,Beauty & Care,Haircare,Titan,441.7,1067.4,1
3639,SKU-SPO-003639,Horizon Fitness Gear Model-640,Sports & Outdoors,Fitness Gear,Horizon,93.02,198.39,1
3640,SKU-AUT-003640,Apex Car Care Model-641,Automotive,Car Care,Apex,107.51,209.74,1
3641,SKU-APP-003641,Aura Outerwear Model-642,Apparel,Outerwear,Aura,113.31,278.5,1
3642,SKU-SPO-003642,Aura Water Sports Model-643,Sports & Outdoors,Water Sports,Aura,390.09,944.66,1
3643,SKU-SPO-003643,Titan Water Sports Model-644,Sports & Outdoors,Water Sports,Titan,445.23,689.63,1
3644,SKU-GRO-003644,Sol Canned Goods Model-645,Grocery & Pantry,Canned Goods,Sol,231.95,453.63,1
3645,SKU-BEA-003645,Zenith Haircare Model-646,Beauty & Care,Haircare,Zenith,350.52,748.77,1
3646,SKU-BEA-003646,Summit Cosmetics Model-647,Beauty & Care,Cosmetics,Summit,45.6,107.1,1
3647,SKU-SPO-003647,Apex Cycling Model-648,Sports & Outdoors,Cycling,Apex,269.67,369.31,0
3648,SKU-AUT-003648,Aura Tools & Equipment Model-649,Automotive,Tools & Equipment,Aura,402.94,802.3,1
3649,SKU-GRO-003649,Velocity Breakfast Model-650,Grocery & Pantry,Breakfast,Velocity,7.7,13.15,1
3650,SKU-BEA-003650,Matrix Haircare Model-651,Beauty & Care,Haircare,Matrix,413.97,522.11,1
3651,SKU-SPO-003651,Vortex Team Sports Model-652,Sports & Outdoors,Team Sports,Vortex,211.97,418.18,1
3652,SKU-SPO-003652,Velocity Team Sports Model-653,Sports & Outdoors,Team Sports,Velocity,318,560.05,1
3653,SKU-SPO-003653,Lumina Camping & Hiking Model-654,Sports & Outdoors,Camping & Hiking,Lumina,258.84,374.76,1
3654,SKU-SPO-003654,Apex Water Sports Model-655,Sports & Outdoors,Water Sports,Apex,255.12,408.5,1
3655,SKU-AUT-003655,Nova Car Care Model-656,Automotive,Car Care,Nova,441.07,711.42,1
3656,SKU-APP-003656,Lumina Accessories Model-657,Apparel,Accessories,Lumina,288.18,558.57,1
3657,SKU-TOY-003657,Aura Action Figures Model-658,Toys & Games,Action Figures,Aura,194.45,278.32,1
3658,SKU-APP-003658,Apex Women's Clothing Model-659,Apparel,Women's Clothing,Apex,187.09,425.45,1
3659,SKU-TOY-003659,Zenith Puzzles Model-660,Toys & Games,Puzzles,Zenith,232.01,316.4,1
3660,SKU-ELE-003660,Aura Wearables Model-661,Electronics,Wearables,Aura,245.87,492.76,1
3661,SKU-HOM-003661,Vortex Cookware Model-662,Home & Kitchen,Cookware,Vortex,220.78,307.98,1
3662,SKU-TOY-003662,Aura Educational Toys Model-663,Toys & Games,Educational Toys,Aura,414.37,802.62,1
3663,SKU-BEA-003663,Aura Skincare Model-664,Beauty & Care,Skincare,Aura,415.63,707.23,1
3664,SKU-TOY-003664,Nova Outdoor Toys Model-665,Toys & Games,Outdoor Toys,Nova,154.69,292.59,1
3665,SKU-GRO-003665,Vortex Beverages Model-666,Grocery & Pantry,Beverages,Vortex,167.75,255.66,1
3666,SKU-AUT-003666,Prism Tools & Equipment Model-667,Automotive,Tools & Equipment,Prism,61.14,115.66,1
3667,SKU-AUT-003667,Lumina Interior Accessories Model-668,Automotive,Interior Accessories,Lumina,430.01,915.1,1
3668,SKU-BEA-003668,Pulse Personal Care Model-669,Beauty & Care,Personal Care,Pulse,380.48,534.46,1
3669,SKU-GRO-003669,Lumina Condiments Model-670,Grocery & Pantry,Condiments,Lumina,426.91,712.73,0
3670,SKU-HOM-003670,Pulse Bedding Model-671,Home & Kitchen,Bedding,Pulse,220.5,333.06,1
3671,SKU-APP-003671,Matrix Sportswear Model-672,Apparel,Sportswear,Matrix,319.48,411.13,1
3672,SKU-APP-003672,Prism Accessories Model-673,Apparel,Accessories,Prism,176.04,265.16,1
3673,SKU-GRO-003673,Nova Condiments Model-674,Grocery & Pantry,Condiments,Nova,143.34,302.77,1
3674,SKU-ELE-003674,Echo Smartphones Model-675,Electronics,Smartphones,Echo,358.07,713.16,1
3675,SKU-BEA-003675,Titan Haircare Model-676,Beauty & Care,Haircare,Titan,419.55,968.5,1
3676,SKU-HOM-003676,Prism Cookware Model-677,Home & Kitchen,Cookware,Prism,53.77,83.95,1
3677,SKU-ELE-003677,Sol Accessories Model-678,Electronics,Accessories,Sol,232.37,338.04,1
3678,SKU-SPO-003678,Nova Water Sports Model-679,Sports & Outdoors,Water Sports,Nova,329.73,683.41,1
3679,SKU-TOY-003679,Zenith Board Games Model-680,Toys & Games,Board Games,Zenith,386.11,852.96,1
3680,SKU-AUT-003680,Prism Oils & Fluids Model-681,Automotive,Oils & Fluids,Prism,194.98,399.95,1
3681,SKU-ELE-003681,Aura Laptops Model-682,Electronics,Laptops,Aura,24.17,31.24,1
3682,SKU-AUT-003682,Zenith Interior Accessories Model-683,Automotive,Interior Accessories,Zenith,304.47,635.9,1
3683,SKU-SPO-003683,Pulse Water Sports Model-684,Sports & Outdoors,Water Sports,Pulse,235.49,554.98,1
3684,SKU-BEA-003684,Titan Haircare Model-685,Beauty & Care,Haircare,Titan,355.75,868.59,1
3685,SKU-BEA-003685,Echo Fragrances Model-686,Beauty & Care,Fragrances,Echo,27.87,66.25,1
3686,SKU-APP-003686,Velocity Women's Clothing Model-687,Apparel,Women's Clothing,Velocity,326.08,431.69,1
3687,SKU-BEA-003687,Lumina Cosmetics Model-688,Beauty & Care,Cosmetics,Lumina,374.7,556.47,1
3688,SKU-TOY-003688,Summit Outdoor Toys Model-689,Toys & Games,Outdoor Toys,Summit,20.11,29.34,1
3689,SKU-GRO-003689,Horizon Beverages Model-690,Grocery & Pantry,Beverages,Horizon,34.15,51.91,1
3690,SKU-ELE-003690,Titan Smart Home Model-691,Electronics,Smart Home,Titan,199.98,394.12,1
3691,SKU-ELE-003691,Zenith Smart Home Model-692,Electronics,Smart Home,Zenith,104.69,249.72,1
3692,SKU-AUT-003692,Pulse Car Care Model-693,Automotive,Car Care,Pulse,341.17,685.84,1
3693,SKU-AUT-003693,Prism Tools & Equipment Model-694,Automotive,Tools & Equipment,Prism,277.83,520.42,1
3694,SKU-APP-003694,Lumina Footwear Model-695,Apparel,Footwear,Lumina,100.83,180.43,1
3695,SKU-AUT-003695,Titan Tools & Equipment Model-696,Automotive,Tools & Equipment,Titan,368.21,463.94,1
3696,SKU-AUT-003696,Aura Oils & Fluids Model-697,Automotive,Oils & Fluids,Aura,68.43,113.81,1
3697,SKU-HOM-003697,Aura Furniture Model-698,Home & Kitchen,Furniture,Aura,382.47,830.37,0
3698,SKU-BEA-003698,Nova Fragrances Model-699,Beauty & Care,Fragrances,Nova,67.58,136.28,1
3699,SKU-APP-003699,Aura Footwear Model-700,Apparel,Footwear,Aura,273.45,649.08,1
3700,SKU-TOY-003700,Nova Board Games Model-701,Toys & Games,Board Games,Nova,251.6,392.06,1
3701,SKU-HOM-003701,Pulse Cookware Model-702,Home & Kitchen,Cookware,Pulse,143.38,342.78,1
3702,SKU-BEA-003702,Prism Cosmetics Model-703,Beauty & Care,Cosmetics,Prism,413.1,785.94,1
3703,SKU-ELE-003703,Prism Wearables Model-704,Electronics,Wearables,Prism,232.27,567.2,1
3704,SKU-GRO-003704,Echo Organic Foods Model-705,Grocery & Pantry,Organic Foods,Echo,96.13,136.18,0
3705,SKU-APP-003705,Pulse Men's Clothing Model-706,Apparel,Men's Clothing,Pulse,8.9,15.11,1
3706,SKU-ELE-003706,Matrix Smart Home Model-707,Electronics,Smart Home,Matrix,389.37,893.69,1
3707,SKU-GRO-003707,Lumina Organic Foods Model-708,Grocery & Pantry,Organic Foods,Lumina,443.15,918.1,1
3708,SKU-HOM-003708,Echo Bedding Model-709,Home & Kitchen,Bedding,Echo,93.8,219.08,1
3709,SKU-TOY-003709,Aura Outdoor Toys Model-710,Toys & Games,Outdoor Toys,Aura,119.76,298.29,1
3710,SKU-ELE-003710,Summit Wearables Model-711,Electronics,Wearables,Summit,90.06,215.91,1
3711,SKU-ELE-003711,Nova Smart Home Model-712,Electronics,Smart Home,Nova,235.99,526.47,1
3712,SKU-ELE-003712,Zenith Wearables Model-713,Electronics,Wearables,Zenith,412.21,569.47,1
3713,SKU-AUT-003713,Summit Interior Accessories Model-714,Automotive,Interior Accessories,Summit,140.5,217.33,1
3714,SKU-HOM-003714,Titan Small Appliances Model-715,Home & Kitchen,Small Appliances,Titan,291.42,575.68,1
3715,SKU-HOM-003715,Matrix Cookware Model-716,Home & Kitchen,Cookware,Matrix,163.35,248.59,1
3716,SKU-HOM-003716,Summit Cookware Model-717,Home & Kitchen,Cookware,Summit,123.34,162.23,1
3717,SKU-AUT-003717,Sol Tools & Equipment Model-718,Automotive,Tools & Equipment,Sol,237.63,522.92,1
3718,SKU-AUT-003718,Velocity Interior Accessories Model-719,Automotive,Interior Accessories,Velocity,379.93,708.01,1
3719,SKU-TOY-003719,Horizon Board Games Model-720,Toys & Games,Board Games,Horizon,302.66,450.13,1
3720,SKU-TOY-003720,Lumina Action Figures Model-721,Toys & Games,Action Figures,Lumina,100.45,219.65,1
3721,SKU-SPO-003721,Prism Water Sports Model-722,Sports & Outdoors,Water Sports,Prism,185.41,284.7,1
3722,SKU-GRO-003722,Zenith Canned Goods Model-723,Grocery & Pantry,Canned Goods,Zenith,305.06,444.2,1
3723,SKU-APP-003723,Sol Women's Clothing Model-724,Apparel,Women's Clothing,Sol,25.3,58.88,1
3724,SKU-HOM-003724,Summit Storage Model-725,Home & Kitchen,Storage,Summit,408.21,552.35,1
3725,SKU-ELE-003725,Matrix Laptops Model-726,Electronics,Laptops,Matrix,331.09,439.7,1
3726,SKU-BEA-003726,Sol Personal Care Model-727,Beauty & Care,Personal Care,Sol,200,488.81,1
3727,SKU-SPO-003727,Sol Camping & Hiking Model-728,Sports & Outdoors,Camping & Hiking,Sol,90.76,147.74,1
3728,SKU-TOY-003728,Apex Outdoor Toys Model-729,Toys & Games,Outdoor Toys,Apex,89.98,125.64,1
3729,SKU-BEA-003729,Pulse Cosmetics Model-730,Beauty & Care,Cosmetics,Pulse,179.9,358.01,1
3730,SKU-ELE-003730,Nova Wearables Model-731,Electronics,Wearables,Nova,385.09,802.26,1
3731,SKU-ELE-003731,Summit Laptops Model-732,Electronics,Laptops,Summit,277.92,351.86,1
3732,SKU-GRO-003732,Pulse Canned Goods Model-733,Grocery & Pantry,Canned Goods,Pulse,188.65,376.12,1
3733,SKU-AUT-003733,Titan Interior Accessories Model-734,Automotive,Interior Accessories,Titan,333.36,589.59,0
3734,SKU-GRO-003734,Echo Organic Foods Model-735,Grocery & Pantry,Organic Foods,Echo,397.33,913.64,1
3735,SKU-AUT-003735,Aura Car Care Model-736,Automotive,Car Care,Aura,185.4,301.27,1
3736,SKU-ELE-003736,Sol Audio & Headphones Model-737,Electronics,Audio & Headphones,Sol,257.18,354.45,1
3737,SKU-SPO-003737,Matrix Camping & Hiking Model-738,Sports & Outdoors,Camping & Hiking,Matrix,291.21,469.53,1
3738,SKU-SPO-003738,Aura Camping & Hiking Model-739,Sports & Outdoors,Camping & Hiking,Aura,136.09,293.95,1
3739,SKU-AUT-003739,Aura Tools & Equipment Model-740,Automotive,Tools & Equipment,Aura,50.5,99.47,1
3740,SKU-ELE-003740,Matrix Accessories Model-741,Electronics,Accessories,Matrix,337.11,726.99,1
3741,SKU-SPO-003741,Sol Camping & Hiking Model-742,Sports & Outdoors,Camping & Hiking,Sol,384.32,622.41,1
3742,SKU-APP-003742,Nova Outerwear Model-743,Apparel,Outerwear,Nova,416.27,973.04,1
3743,SKU-APP-003743,Lumina Women's Clothing Model-744,Apparel,Women's Clothing,Lumina,327.23,601.79,1
3744,SKU-TOY-003744,Velocity Action Figures Model-745,Toys & Games,Action Figures,Velocity,25.13,47.96,1
3745,SKU-HOM-003745,Titan Cookware Model-746,Home & Kitchen,Cookware,Titan,258.86,421.22,1
3746,SKU-BEA-003746,Echo Haircare Model-747,Beauty & Care,Haircare,Echo,395.33,900.34,1
3747,SKU-SPO-003747,Vortex Camping & Hiking Model-748,Sports & Outdoors,Camping & Hiking,Vortex,248.93,425.27,1
3748,SKU-SPO-003748,Matrix Water Sports Model-749,Sports & Outdoors,Water Sports,Matrix,420.73,637.63,1
3749,SKU-HOM-003749,Titan Cookware Model-750,Home & Kitchen,Cookware,Titan,282.64,705.58,0
3750,SKU-BEA-003750,Aura Personal Care Model-751,Beauty & Care,Personal Care,Aura,48.24,60.86,1
3751,SKU-TOY-003751,Sol Outdoor Toys Model-752,Toys & Games,Outdoor Toys,Sol,35.8,75.11,0
3752,SKU-BEA-003752,Apex Haircare Model-753,Beauty & Care,Haircare,Apex,176.73,392.2,1
3753,SKU-ELE-003753,Titan Smart Home Model-754,Electronics,Smart Home,Titan,13.96,31.87,1
3754,SKU-AUT-003754,Prism Tools & Equipment Model-755,Automotive,Tools & Equipment,Prism,327.08,668.37,0
3755,SKU-SPO-003755,Apex Camping & Hiking Model-756,Sports & Outdoors,Camping & Hiking,Apex,379.59,643.03,1
3756,SKU-TOY-003756,Apex Board Games Model-757,Toys & Games,Board Games,Apex,61.41,98.8,1
3757,SKU-AUT-003757,Vortex Interior Accessories Model-758,Automotive,Interior Accessories,Vortex,379.08,835.99,1
3758,SKU-ELE-003758,Summit Accessories Model-759,Electronics,Accessories,Summit,209.55,421.84,1
3759,SKU-SPO-003759,Aura Water Sports Model-760,Sports & Outdoors,Water Sports,Aura,184.47,352.18,1
3760,SKU-ELE-003760,Aura Smart Home Model-761,Electronics,Smart Home,Aura,56.15,112.98,1
3761,SKU-BEA-003761,Prism Fragrances Model-762,Beauty & Care,Fragrances,Prism,355.8,791.56,1
3762,SKU-BEA-003762,Velocity Cosmetics Model-763,Beauty & Care,Cosmetics,Velocity,265.94,459.95,1
3763,SKU-GRO-003763,Summit Snacks Model-764,Grocery & Pantry,Snacks,Summit,64.22,130.59,1
3764,SKU-APP-003764,Pulse Men's Clothing Model-765,Apparel,Men's Clothing,Pulse,85.55,192.75,1
3765,SKU-BEA-003765,Titan Personal Care Model-766,Beauty & Care,Personal Care,Titan,21.17,49.86,1
3766,SKU-GRO-003766,Titan Beverages Model-767,Grocery & Pantry,Beverages,Titan,372.92,905.31,1
3767,SKU-BEA-003767,Nova Cosmetics Model-768,Beauty & Care,Cosmetics,Nova,312.08,590.9,1
3768,SKU-ELE-003768,Pulse Wearables Model-769,Electronics,Wearables,Pulse,219.9,487.46,1
3769,SKU-TOY-003769,Vortex Outdoor Toys Model-770,Toys & Games,Outdoor Toys,Vortex,349.1,772.32,1
3770,SKU-AUT-003770,Lumina Tools & Equipment Model-771,Automotive,Tools & Equipment,Lumina,367.15,539.09,1
3771,SKU-APP-003771,Echo Sportswear Model-772,Apparel,Sportswear,Echo,409.32,801.51,1
3772,SKU-SPO-003772,Titan Camping & Hiking Model-773,Sports & Outdoors,Camping & Hiking,Titan,342,842.05,1
3773,SKU-HOM-003773,Echo Decor Model-774,Home & Kitchen,Decor,Echo,352.7,517.01,1
3774,SKU-TOY-003774,Sol Puzzles Model-775,Toys & Games,Puzzles,Sol,348.48,530.04,1
3775,SKU-HOM-003775,Prism Cookware Model-776,Home & Kitchen,Cookware,Prism,96.64,142.43,1
3776,SKU-BEA-003776,Pulse Haircare Model-777,Beauty & Care,Haircare,Pulse,91,205.49,1
3777,SKU-ELE-003777,Nova Accessories Model-778,Electronics,Accessories,Nova,280.79,548.88,1
3778,SKU-TOY-003778,Echo Board Games Model-779,Toys & Games,Board Games,Echo,40.68,57.76,1
3779,SKU-APP-003779,Echo Footwear Model-780,Apparel,Footwear,Echo,382,869.49,1
3780,SKU-SPO-003780,Aura Camping & Hiking Model-781,Sports & Outdoors,Camping & Hiking,Aura,210.33,387.31,1
3781,SKU-TOY-003781,Prism Puzzles Model-782,Toys & Games,Puzzles,Prism,436.69,712.09,1
3782,SKU-SPO-003782,Horizon Water Sports Model-783,Sports & Outdoors,Water Sports,Horizon,263.47,365.02,1
3783,SKU-HOM-003783,Zenith Bedding Model-784,Home & Kitchen,Bedding,Zenith,439.58,596.41,1
3784,SKU-BEA-003784,Velocity Personal Care Model-785,Beauty & Care,Personal Care,Velocity,101.07,243.4,1
3785,SKU-APP-003785,Summit Footwear Model-786,Apparel,Footwear,Summit,387.77,646.11,1
3786,SKU-BEA-003786,Zenith Cosmetics Model-787,Beauty & Care,Cosmetics,Zenith,445.88,636.96,1
3787,SKU-AUT-003787,Summit Car Care Model-788,Automotive,Car Care,Summit,129.47,207.63,1
3788,SKU-APP-003788,Zenith Men's Clothing Model-789,Apparel,Men's Clothing,Zenith,416.63,525.15,1
3789,SKU-BEA-003789,Apex Cosmetics Model-790,Beauty & Care,Cosmetics,Apex,388.05,620.3,1
3790,SKU-SPO-003790,Nova Fitness Gear Model-791,Sports & Outdoors,Fitness Gear,Nova,383.08,790.78,1
3791,SKU-HOM-003791,Pulse Decor Model-792,Home & Kitchen,Decor,Pulse,348.65,557.68,1
3792,SKU-BEA-003792,Horizon Personal Care Model-793,Beauty & Care,Personal Care,Horizon,151.69,335.26,1
3793,SKU-HOM-003793,Lumina Small Appliances Model-794,Home & Kitchen,Small Appliances,Lumina,143.83,294.29,1
3794,SKU-ELE-003794,Vortex Wearables Model-795,Electronics,Wearables,Vortex,17.31,31.54,1
3795,SKU-APP-003795,Sol Women's Clothing Model-796,Apparel,Women's Clothing,Sol,258.71,478.64,1
3796,SKU-AUT-003796,Nova Car Care Model-797,Automotive,Car Care,Nova,66.1,131.57,1
3797,SKU-BEA-003797,Apex Fragrances Model-798,Beauty & Care,Fragrances,Apex,427.8,572.45,1
3798,SKU-SPO-003798,Zenith Cycling Model-799,Sports & Outdoors,Cycling,Zenith,123.68,178.41,1
3799,SKU-ELE-003799,Aura Accessories Model-800,Electronics,Accessories,Aura,404.14,530.82,0
3800,SKU-TOY-003800,Pulse Action Figures Model-801,Toys & Games,Action Figures,Pulse,109.34,253.19,1
3801,SKU-GRO-003801,Pulse Breakfast Model-802,Grocery & Pantry,Breakfast,Pulse,123.04,279.6,1
3802,SKU-ELE-003802,Matrix Wearables Model-803,Electronics,Wearables,Matrix,392.97,495.38,1
3803,SKU-ELE-003803,Matrix Wearables Model-804,Electronics,Wearables,Matrix,239.07,347.28,1
3804,SKU-APP-003804,Lumina Men's Clothing Model-805,Apparel,Men's Clothing,Lumina,144.38,199.33,1
3805,SKU-BEA-003805,Matrix Fragrances Model-806,Beauty & Care,Fragrances,Matrix,307.04,534.86,1
3806,SKU-BEA-003806,Zenith Fragrances Model-807,Beauty & Care,Fragrances,Zenith,429.51,710.27,1
3807,SKU-ELE-003807,Matrix Wearables Model-808,Electronics,Wearables,Matrix,78.75,182.04,1
3808,SKU-HOM-003808,Horizon Furniture Model-809,Home & Kitchen,Furniture,Horizon,223.89,455.43,1
3809,SKU-SPO-003809,Nova Water Sports Model-810,Sports & Outdoors,Water Sports,Nova,120.29,245.44,1
3810,SKU-APP-003810,Titan Sportswear Model-811,Apparel,Sportswear,Titan,75.65,189.09,1
3811,SKU-ELE-003811,Lumina Laptops Model-812,Electronics,Laptops,Lumina,362.48,763.88,1
3812,SKU-BEA-003812,Matrix Skincare Model-813,Beauty & Care,Skincare,Matrix,75.27,172.17,1
3813,SKU-AUT-003813,Velocity Car Care Model-814,Automotive,Car Care,Velocity,297.24,659.1,1
3814,SKU-AUT-003814,Prism Tools & Equipment Model-815,Automotive,Tools & Equipment,Prism,291.76,529.67,1
3815,SKU-TOY-003815,Velocity Outdoor Toys Model-816,Toys & Games,Outdoor Toys,Velocity,234.97,351.02,1
3816,SKU-BEA-003816,Titan Cosmetics Model-817,Beauty & Care,Cosmetics,Titan,39.02,96.43,1
3817,SKU-APP-003817,Apex Women's Clothing Model-818,Apparel,Women's Clothing,Apex,429.81,1051.56,1
3818,SKU-APP-003818,Aura Accessories Model-819,Apparel,Accessories,Aura,393.27,497.33,1
3819,SKU-APP-003819,Zenith Sportswear Model-820,Apparel,Sportswear,Zenith,375.29,566.69,1
3820,SKU-BEA-003820,Summit Haircare Model-821,Beauty & Care,Haircare,Summit,362.5,542.78,1
3821,SKU-SPO-003821,Titan Team Sports Model-822,Sports & Outdoors,Team Sports,Titan,217.94,303.14,1
3822,SKU-BEA-003822,Aura Cosmetics Model-823,Beauty & Care,Cosmetics,Aura,110.87,268.42,0
3823,SKU-ELE-003823,Velocity Smart Home Model-824,Electronics,Smart Home,Velocity,285.02,467.83,0
3824,SKU-APP-003824,Aura Women's Clothing Model-825,Apparel,Women's Clothing,Aura,123.24,194.39,1
3825,SKU-ELE-003825,Summit Smartphones Model-826,Electronics,Smartphones,Summit,12.83,19.53,1
3826,SKU-APP-003826,Prism Footwear Model-827,Apparel,Footwear,Prism,93.3,224.93,1
3827,SKU-APP-003827,Matrix Footwear Model-828,Apparel,Footwear,Matrix,349.15,597.89,1
3828,SKU-TOY-003828,Velocity Board Games Model-829,Toys & Games,Board Games,Velocity,136.11,259.95,1
3829,SKU-SPO-003829,Summit Team Sports Model-830,Sports & Outdoors,Team Sports,Summit,75.07,125.37,1
3830,SKU-BEA-003830,Aura Personal Care Model-831,Beauty & Care,Personal Care,Aura,413,859.87,1
3831,SKU-TOY-003831,Aura Educational Toys Model-832,Toys & Games,Educational Toys,Aura,56.1,115.05,1
3832,SKU-TOY-003832,Horizon Outdoor Toys Model-833,Toys & Games,Outdoor Toys,Horizon,240.44,449.67,1
3833,SKU-SPO-003833,Echo Water Sports Model-834,Sports & Outdoors,Water Sports,Echo,283.4,553.5,1
3834,SKU-BEA-003834,Echo Cosmetics Model-835,Beauty & Care,Cosmetics,Echo,207.85,496.94,1
3835,SKU-TOY-003835,Lumina Board Games Model-836,Toys & Games,Board Games,Lumina,223.11,336.15,1
3836,SKU-SPO-003836,Sol Cycling Model-837,Sports & Outdoors,Cycling,Sol,148.61,349.41,1
3837,SKU-ELE-003837,Titan Audio & Headphones Model-838,Electronics,Audio & Headphones,Titan,404.84,910.6,1
3838,SKU-AUT-003838,Pulse Interior Accessories Model-839,Automotive,Interior Accessories,Pulse,357.35,635.39,1
3839,SKU-GRO-003839,Titan Beverages Model-840,Grocery & Pantry,Beverages,Titan,202.85,498.73,1
3840,SKU-TOY-003840,Aura Action Figures Model-841,Toys & Games,Action Figures,Aura,434.06,914.54,0
3841,SKU-BEA-003841,Apex Skincare Model-842,Beauty & Care,Skincare,Apex,8.57,20.74,1
3842,SKU-AUT-003842,Horizon Tools & Equipment Model-843,Automotive,Tools & Equipment,Horizon,125.23,259.05,1
3843,SKU-TOY-003843,Vortex Board Games Model-844,Toys & Games,Board Games,Vortex,118.42,271.18,1
3844,SKU-ELE-003844,Aura Smart Home Model-845,Electronics,Smart Home,Aura,328.87,455.67,1
3845,SKU-GRO-003845,Echo Breakfast Model-846,Grocery & Pantry,Breakfast,Echo,15.55,33.96,1
3846,SKU-SPO-003846,Matrix Fitness Gear Model-847,Sports & Outdoors,Fitness Gear,Matrix,9.13,20.47,1
3847,SKU-GRO-003847,Prism Breakfast Model-848,Grocery & Pantry,Breakfast,Prism,200.83,364.85,1
3848,SKU-TOY-003848,Matrix Puzzles Model-849,Toys & Games,Puzzles,Matrix,298.48,503.66,1
3849,SKU-HOM-003849,Nova Cookware Model-850,Home & Kitchen,Cookware,Nova,181.74,343.52,1
3850,SKU-ELE-003850,Vortex Smart Home Model-851,Electronics,Smart Home,Vortex,232.95,304.77,1
3851,SKU-APP-003851,Lumina Men's Clothing Model-852,Apparel,Men's Clothing,Lumina,181.19,289.9,1
3852,SKU-HOM-003852,Aura Decor Model-853,Home & Kitchen,Decor,Aura,323.3,779.22,1
3853,SKU-SPO-003853,Aura Cycling Model-854,Sports & Outdoors,Cycling,Aura,49.24,73.36,1
3854,SKU-BEA-003854,Lumina Personal Care Model-855,Beauty & Care,Personal Care,Lumina,72.73,156.2,1
3855,SKU-APP-003855,Horizon Men's Clothing Model-856,Apparel,Men's Clothing,Horizon,369.26,500.62,1
3856,SKU-APP-003856,Lumina Women's Clothing Model-857,Apparel,Women's Clothing,Lumina,103.75,193.53,1
3857,SKU-TOY-003857,Nova Action Figures Model-858,Toys & Games,Action Figures,Nova,32.01,69.02,1
3858,SKU-HOM-003858,Horizon Furniture Model-859,Home & Kitchen,Furniture,Horizon,45.85,110.57,1
3859,SKU-ELE-003859,Summit Smartphones Model-860,Electronics,Smartphones,Summit,204.68,509.98,1
3860,SKU-APP-003860,Sol Outerwear Model-861,Apparel,Outerwear,Sol,297.16,388.39,1
3861,SKU-SPO-003861,Zenith Cycling Model-862,Sports & Outdoors,Cycling,Zenith,131.64,252.98,0
3862,SKU-APP-003862,Matrix Footwear Model-863,Apparel,Footwear,Matrix,298.58,659.78,1
3863,SKU-HOM-003863,Lumina Cookware Model-864,Home & Kitchen,Cookware,Lumina,139.97,234.98,1
3864,SKU-HOM-003864,Horizon Small Appliances Model-865,Home & Kitchen,Small Appliances,Horizon,162.54,317.55,1
3865,SKU-AUT-003865,Vortex Tools & Equipment Model-866,Automotive,Tools & Equipment,Vortex,298.83,646.13,1
3866,SKU-HOM-003866,Vortex Cookware Model-867,Home & Kitchen,Cookware,Vortex,108.01,221.03,1
3867,SKU-TOY-003867,Lumina Action Figures Model-868,Toys & Games,Action Figures,Lumina,383.71,778.08,1
3868,SKU-ELE-003868,Nova Laptops Model-869,Electronics,Laptops,Nova,404.25,607.83,1
3869,SKU-BEA-003869,Apex Skincare Model-870,Beauty & Care,Skincare,Apex,248.22,571.14,1
3870,SKU-TOY-003870,Pulse Outdoor Toys Model-871,Toys & Games,Outdoor Toys,Pulse,396.83,800.49,1
3871,SKU-BEA-003871,Apex Haircare Model-872,Beauty & Care,Haircare,Apex,400.84,635.62,1
3872,SKU-TOY-003872,Nova Board Games Model-873,Toys & Games,Board Games,Nova,124.48,275.56,1
3873,SKU-TOY-003873,Aura Educational Toys Model-874,Toys & Games,Educational Toys,Aura,7.34,10.46,1
3874,SKU-TOY-003874,Nova Board Games Model-875,Toys & Games,Board Games,Nova,223.31,397.66,1
3875,SKU-TOY-003875,Horizon Educational Toys Model-876,Toys & Games,Educational Toys,Horizon,272.32,346.69,1
3876,SKU-AUT-003876,Zenith Oils & Fluids Model-877,Automotive,Oils & Fluids,Zenith,263.01,601.8,1
3877,SKU-HOM-003877,Matrix Storage Model-878,Home & Kitchen,Storage,Matrix,118.17,209.4,0
3878,SKU-APP-003878,Echo Men's Clothing Model-879,Apparel,Men's Clothing,Echo,390.82,853.1,1
3879,SKU-BEA-003879,Summit Haircare Model-880,Beauty & Care,Haircare,Summit,331.91,546.65,1
3880,SKU-ELE-003880,Titan Audio & Headphones Model-881,Electronics,Audio & Headphones,Titan,324.63,618.46,1
3881,SKU-APP-003881,Titan Accessories Model-882,Apparel,Accessories,Titan,231.82,542.6,1
3882,SKU-BEA-003882,Vortex Fragrances Model-883,Beauty & Care,Fragrances,Vortex,194.36,317.95,1
3883,SKU-ELE-003883,Titan Accessories Model-884,Electronics,Accessories,Titan,177.47,269.66,1
3884,SKU-AUT-003884,Horizon Interior Accessories Model-885,Automotive,Interior Accessories,Horizon,182.74,397.33,1
3885,SKU-SPO-003885,Matrix Fitness Gear Model-886,Sports & Outdoors,Fitness Gear,Matrix,133.56,234.7,1
3886,SKU-HOM-003886,Echo Storage Model-887,Home & Kitchen,Storage,Echo,77.26,186.5,1
3887,SKU-AUT-003887,Zenith Oils & Fluids Model-888,Automotive,Oils & Fluids,Zenith,95.92,175.85,1
3888,SKU-AUT-003888,Echo Interior Accessories Model-889,Automotive,Interior Accessories,Echo,256.19,532.11,0
3889,SKU-GRO-003889,Pulse Snacks Model-890,Grocery & Pantry,Snacks,Pulse,300,465.57,1
3890,SKU-APP-003890,Sol Men's Clothing Model-891,Apparel,Men's Clothing,Sol,413.87,527.22,1
3891,SKU-AUT-003891,Apex Oils & Fluids Model-892,Automotive,Oils & Fluids,Apex,377.01,802.28,1
3892,SKU-HOM-003892,Horizon Small Appliances Model-893,Home & Kitchen,Small Appliances,Horizon,309.55,700,1
3893,SKU-AUT-003893,Pulse Oils & Fluids Model-894,Automotive,Oils & Fluids,Pulse,42.24,84.8,1
3894,SKU-HOM-003894,Apex Bedding Model-895,Home & Kitchen,Bedding,Apex,18.78,43.16,1
3895,SKU-APP-003895,Summit Accessories Model-896,Apparel,Accessories,Summit,382.23,598.74,1
3896,SKU-ELE-003896,Horizon Accessories Model-897,Electronics,Accessories,Horizon,292.14,530.77,1
3897,SKU-SPO-003897,Apex Camping & Hiking Model-898,Sports & Outdoors,Camping & Hiking,Apex,344.41,850.63,1
3898,SKU-ELE-003898,Aura Accessories Model-899,Electronics,Accessories,Aura,154.18,218.28,0
3899,SKU-HOM-003899,Aura Storage Model-900,Home & Kitchen,Storage,Aura,39.45,69.99,1
3900,SKU-BEA-003900,Titan Haircare Model-901,Beauty & Care,Haircare,Titan,192.3,244.81,1
3901,SKU-APP-003901,Sol Sportswear Model-902,Apparel,Sportswear,Sol,263.67,651.23,0
3902,SKU-ELE-003902,Vortex Smart Home Model-903,Electronics,Smart Home,Vortex,18.55,39.09,1
3903,SKU-GRO-003903,Apex Snacks Model-904,Grocery & Pantry,Snacks,Apex,352.26,670.44,1
3904,SKU-APP-003904,Lumina Women's Clothing Model-905,Apparel,Women's Clothing,Lumina,343.97,678.69,1
3905,SKU-TOY-003905,Velocity Action Figures Model-906,Toys & Games,Action Figures,Velocity,37.66,71.08,1
3906,SKU-GRO-003906,Pulse Canned Goods Model-907,Grocery & Pantry,Canned Goods,Pulse,129.23,217.58,1
3907,SKU-TOY-003907,Zenith Puzzles Model-908,Toys & Games,Puzzles,Zenith,153.03,264.34,1
3908,SKU-AUT-003908,Matrix Interior Accessories Model-909,Automotive,Interior Accessories,Matrix,263.38,540.38,1
3909,SKU-TOY-003909,Sol Educational Toys Model-910,Toys & Games,Educational Toys,Sol,377.22,753.53,1
3910,SKU-GRO-003910,Echo Snacks Model-911,Grocery & Pantry,Snacks,Echo,155.38,384.38,1
3911,SKU-GRO-003911,Titan Organic Foods Model-912,Grocery & Pantry,Organic Foods,Titan,64.55,116.49,1
3912,SKU-HOM-003912,Aura Small Appliances Model-913,Home & Kitchen,Small Appliances,Aura,133.06,330.82,1
3913,SKU-ELE-003913,Zenith Smartphones Model-914,Electronics,Smartphones,Zenith,28.31,45.18,1
3914,SKU-GRO-003914,Prism Canned Goods Model-915,Grocery & Pantry,Canned Goods,Prism,205.81,448.77,1
3915,SKU-SPO-003915,Matrix Camping & Hiking Model-916,Sports & Outdoors,Camping & Hiking,Matrix,342.24,454.44,1
3916,SKU-AUT-003916,Vortex Interior Accessories Model-917,Automotive,Interior Accessories,Vortex,48.79,82.72,1
3917,SKU-APP-003917,Lumina Outerwear Model-918,Apparel,Outerwear,Lumina,449.24,990.72,1
3918,SKU-TOY-003918,Prism Board Games Model-919,Toys & Games,Board Games,Prism,98.68,200.7,1
3919,SKU-SPO-003919,Lumina Team Sports Model-920,Sports & Outdoors,Team Sports,Lumina,105.51,214.4,1
3920,SKU-HOM-003920,Lumina Storage Model-921,Home & Kitchen,Storage,Lumina,226.7,531.12,1
3921,SKU-BEA-003921,Lumina Haircare Model-922,Beauty & Care,Haircare,Lumina,171.85,280.67,1
3922,SKU-ELE-003922,Velocity Laptops Model-923,Electronics,Laptops,Velocity,111.34,183.09,0
3923,SKU-APP-003923,Summit Men's Clothing Model-924,Apparel,Men's Clothing,Summit,202.57,418.96,0
3924,SKU-SPO-003924,Sol Team Sports Model-925,Sports & Outdoors,Team Sports,Sol,439.58,935.78,0
3925,SKU-HOM-003925,Zenith Storage Model-926,Home & Kitchen,Storage,Zenith,267,569.56,1
3926,SKU-GRO-003926,Vortex Breakfast Model-927,Grocery & Pantry,Breakfast,Vortex,42.84,88.73,1
3927,SKU-ELE-003927,Pulse Wearables Model-928,Electronics,Wearables,Pulse,291.11,394.39,1
3928,SKU-SPO-003928,Aura Team Sports Model-929,Sports & Outdoors,Team Sports,Aura,23.96,32.98,1
3929,SKU-ELE-003929,Apex Laptops Model-930,Electronics,Laptops,Apex,308.45,664.19,1
3930,SKU-BEA-003930,Zenith Fragrances Model-931,Beauty & Care,Fragrances,Zenith,28.57,47,1
3931,SKU-SPO-003931,Apex Water Sports Model-932,Sports & Outdoors,Water Sports,Apex,44.03,89.83,1
3932,SKU-ELE-003932,Prism Smart Home Model-933,Electronics,Smart Home,Prism,234.65,460.84,1
3933,SKU-AUT-003933,Apex Oils & Fluids Model-934,Automotive,Oils & Fluids,Apex,61.72,84.8,1
3934,SKU-BEA-003934,Pulse Personal Care Model-935,Beauty & Care,Personal Care,Pulse,168.79,234.74,1
3935,SKU-ELE-003935,Lumina Smartphones Model-936,Electronics,Smartphones,Lumina,16.4,38.83,1
3936,SKU-APP-003936,Apex Accessories Model-937,Apparel,Accessories,Apex,159.32,260.94,1
3937,SKU-ELE-003937,Zenith Smartphones Model-938,Electronics,Smartphones,Zenith,158.48,307.85,1
3938,SKU-SPO-003938,Matrix Camping & Hiking Model-939,Sports & Outdoors,Camping & Hiking,Matrix,85.8,120.27,1
3939,SKU-BEA-003939,Sol Fragrances Model-940,Beauty & Care,Fragrances,Sol,407.19,885.19,1
3940,SKU-ELE-003940,Echo Smart Home Model-941,Electronics,Smart Home,Echo,168.13,410.48,1
3941,SKU-HOM-003941,Velocity Bedding Model-942,Home & Kitchen,Bedding,Velocity,291.75,590.86,1
3942,SKU-ELE-003942,Titan Accessories Model-943,Electronics,Accessories,Titan,298.07,406.93,1
3943,SKU-HOM-003943,Lumina Furniture Model-944,Home & Kitchen,Furniture,Lumina,77.42,115.43,1
3944,SKU-AUT-003944,Pulse Tools & Equipment Model-945,Automotive,Tools & Equipment,Pulse,150.62,321.75,0
3945,SKU-APP-003945,Aura Outerwear Model-946,Apparel,Outerwear,Aura,319.39,715.19,1
3946,SKU-BEA-003946,Summit Fragrances Model-947,Beauty & Care,Fragrances,Summit,418.68,679.34,1
3947,SKU-TOY-003947,Vortex Educational Toys Model-948,Toys & Games,Educational Toys,Vortex,219.53,462.63,1
3948,SKU-SPO-003948,Horizon Water Sports Model-949,Sports & Outdoors,Water Sports,Horizon,421.22,616.39,1
3949,SKU-ELE-003949,Velocity Wearables Model-950,Electronics,Wearables,Velocity,372.83,877.89,1
3950,SKU-AUT-003950,Lumina Car Care Model-951,Automotive,Car Care,Lumina,395.74,830.04,1
3951,SKU-TOY-003951,Vortex Outdoor Toys Model-952,Toys & Games,Outdoor Toys,Vortex,253.37,576.14,1
3952,SKU-TOY-003952,Velocity Action Figures Model-953,Toys & Games,Action Figures,Velocity,197.2,343.76,1
3953,SKU-SPO-003953,Vortex Cycling Model-954,Sports & Outdoors,Cycling,Vortex,250.32,510.03,1
3954,SKU-GRO-003954,Echo Beverages Model-955,Grocery & Pantry,Beverages,Echo,360.19,858.59,1
3955,SKU-SPO-003955,Aura Team Sports Model-956,Sports & Outdoors,Team Sports,Aura,207.54,405.2,1
3956,SKU-APP-003956,Sol Men's Clothing Model-957,Apparel,Men's Clothing,Sol,124.7,272.82,1
3957,SKU-BEA-003957,Summit Cosmetics Model-958,Beauty & Care,Cosmetics,Summit,25.3,33.41,1
3958,SKU-AUT-003958,Zenith Interior Accessories Model-959,Automotive,Interior Accessories,Zenith,312.28,756.83,1
3959,SKU-HOM-003959,Lumina Furniture Model-960,Home & Kitchen,Furniture,Lumina,207.28,370.65,1
3960,SKU-SPO-003960,Zenith Cycling Model-961,Sports & Outdoors,Cycling,Zenith,225.73,532.89,1
3961,SKU-APP-003961,Sol Footwear Model-962,Apparel,Footwear,Sol,59.34,132.85,1
3962,SKU-SPO-003962,Vortex Cycling Model-963,Sports & Outdoors,Cycling,Vortex,38.06,48.18,1
3963,SKU-ELE-003963,Aura Smart Home Model-964,Electronics,Smart Home,Aura,395.87,853.12,1
3964,SKU-ELE-003964,Titan Smart Home Model-965,Electronics,Smart Home,Titan,301.76,447.57,1
3965,SKU-BEA-003965,Horizon Fragrances Model-966,Beauty & Care,Fragrances,Horizon,410.9,787.4,1
3966,SKU-TOY-003966,Matrix Board Games Model-967,Toys & Games,Board Games,Matrix,267.22,663.36,1
3967,SKU-AUT-003967,Aura Car Care Model-968,Automotive,Car Care,Aura,176.24,401.66,1
3968,SKU-HOM-003968,Sol Small Appliances Model-969,Home & Kitchen,Small Appliances,Sol,236.43,318.93,1
3969,SKU-TOY-003969,Lumina Educational Toys Model-970,Toys & Games,Educational Toys,Lumina,63.22,144.12,1
3970,SKU-AUT-003970,Summit Oils & Fluids Model-971,Automotive,Oils & Fluids,Summit,141.66,332.03,1
3971,SKU-GRO-003971,Apex Organic Foods Model-972,Grocery & Pantry,Organic Foods,Apex,220.96,427.89,1
3972,SKU-ELE-003972,Echo Laptops Model-973,Electronics,Laptops,Echo,358.43,661.49,1
3973,SKU-GRO-003973,Echo Canned Goods Model-974,Grocery & Pantry,Canned Goods,Echo,61.7,127.52,1
3974,SKU-TOY-003974,Summit Educational Toys Model-975,Toys & Games,Educational Toys,Summit,383.28,623.4,1
3975,SKU-BEA-003975,Matrix Cosmetics Model-976,Beauty & Care,Cosmetics,Matrix,109.34,235.15,1
3976,SKU-TOY-003976,Echo Board Games Model-977,Toys & Games,Board Games,Echo,171.64,239.57,1
3977,SKU-TOY-003977,Lumina Outdoor Toys Model-978,Toys & Games,Outdoor Toys,Lumina,68.69,98.95,1
3978,SKU-ELE-003978,Summit Accessories Model-979,Electronics,Accessories,Summit,329.37,822.47,1
3979,SKU-HOM-003979,Lumina Furniture Model-980,Home & Kitchen,Furniture,Lumina,27.81,62.58,1
3980,SKU-GRO-003980,Velocity Beverages Model-981,Grocery & Pantry,Beverages,Velocity,102.86,204.74,1
3981,SKU-ELE-003981,Velocity Smart Home Model-982,Electronics,Smart Home,Velocity,35.4,80.06,1
3982,SKU-SPO-003982,Prism Fitness Gear Model-983,Sports & Outdoors,Fitness Gear,Prism,429.53,692.36,1
3983,SKU-HOM-003983,Horizon Bedding Model-984,Home & Kitchen,Bedding,Horizon,126.92,168.27,1
3984,SKU-TOY-003984,Sol Outdoor Toys Model-985,Toys & Games,Outdoor Toys,Sol,249.63,325.89,1
3985,SKU-APP-003985,Prism Footwear Model-986,Apparel,Footwear,Prism,344.9,537.16,1
3986,SKU-APP-003986,Velocity Outerwear Model-987,Apparel,Outerwear,Velocity,257.19,631.66,1
3987,SKU-GRO-003987,Apex Beverages Model-988,Grocery & Pantry,Beverages,Apex,423.6,715.95,1
3988,SKU-BEA-003988,Sol Skincare Model-989,Beauty & Care,Skincare,Sol,365.36,627.74,1
3989,SKU-APP-003989,Pulse Sportswear Model-990,Apparel,Sportswear,Pulse,141.44,240.04,1
3990,SKU-AUT-003990,Horizon Tools & Equipment Model-991,Automotive,Tools & Equipment,Horizon,99.48,187.56,1
3991,SKU-BEA-003991,Summit Haircare Model-992,Beauty & Care,Haircare,Summit,263.04,613.67,1
3992,SKU-BEA-003992,Vortex Fragrances Model-993,Beauty & Care,Fragrances,Vortex,143.52,198.01,1
3993,SKU-TOY-003993,Horizon Board Games Model-994,Toys & Games,Board Games,Horizon,441.23,990.41,1
3994,SKU-SPO-003994,Prism Water Sports Model-995,Sports & Outdoors,Water Sports,Prism,121.59,289.78,1
3995,SKU-GRO-003995,Velocity Snacks Model-996,Grocery & Pantry,Snacks,Velocity,318.5,580.15,1
3996,SKU-BEA-003996,Zenith Skincare Model-997,Beauty & Care,Skincare,Zenith,41.52,56.29,1
3997,SKU-SPO-003997,Pulse Camping & Hiking Model-998,Sports & Outdoors,Camping & Hiking,Pulse,343.29,760.72,1
3998,SKU-HOM-003998,Apex Storage Model-999,Home & Kitchen,Storage,Apex,438.83,709.93,1
3999,SKU-HOM-003999,Sol Storage Model-1000,Home & Kitchen,Storage,Sol,90.29,119.87,0
4000,SKU-TOY-004000,Echo Puzzles Model-001,Toys & Games,Puzzles,Echo,175.1,378.97,1
4001,SKU-HOM-004001,Aura Storage Model-002,Home & Kitchen,Storage,Aura,54.13,96.63,1
4002,SKU-HOM-004002,Vortex Decor Model-003,Home & Kitchen,Decor,Vortex,169.01,272.39,1
4003,SKU-APP-004003,Aura Women's Clothing Model-004,Apparel,Women's Clothing,Aura,377.05,803.61,1
4004,SKU-GRO-004004,Vortex Condiments Model-005,Grocery & Pantry,Condiments,Vortex,219.3,395.35,1
4005,SKU-APP-004005,Matrix Accessories Model-006,Apparel,Accessories,Matrix,140.14,186.04,1
4006,SKU-TOY-004006,Pulse Board Games Model-007,Toys & Games,Board Games,Pulse,195.35,274.71,1
4007,SKU-ELE-004007,Sol Accessories Model-008,Electronics,Accessories,Sol,43.27,107.22,0
4008,SKU-AUT-004008,Vortex Tools & Equipment Model-009,Automotive,Tools & Equipment,Vortex,24.9,46.22,1
4009,SKU-GRO-004009,Sol Breakfast Model-010,Grocery & Pantry,Breakfast,Sol,245.74,472.92,1
4010,SKU-HOM-004010,Velocity Storage Model-011,Home & Kitchen,Storage,Velocity,259.26,376.36,1
4011,SKU-GRO-004011,Sol Beverages Model-012,Grocery & Pantry,Beverages,Sol,400.91,635.31,1
4012,SKU-GRO-004012,Titan Canned Goods Model-013,Grocery & Pantry,Canned Goods,Titan,44.62,92.72,1
4013,SKU-BEA-004013,Sol Skincare Model-014,Beauty & Care,Skincare,Sol,248.42,395.87,1
4014,SKU-APP-004014,Vortex Accessories Model-015,Apparel,Accessories,Vortex,182.16,234.23,0
4015,SKU-AUT-004015,Summit Oils & Fluids Model-016,Automotive,Oils & Fluids,Summit,383.23,695.97,1
4016,SKU-HOM-004016,Echo Cookware Model-017,Home & Kitchen,Cookware,Echo,329.9,521.11,1
4017,SKU-AUT-004017,Zenith Tools & Equipment Model-018,Automotive,Tools & Equipment,Zenith,88.2,124.01,1
4018,SKU-APP-004018,Sol Outerwear Model-019,Apparel,Outerwear,Sol,342.51,808.9,1
4019,SKU-GRO-004019,Titan Snacks Model-020,Grocery & Pantry,Snacks,Titan,128.54,211.3,1
4020,SKU-HOM-004020,Pulse Cookware Model-021,Home & Kitchen,Cookware,Pulse,140.09,271.36,1
4021,SKU-SPO-004021,Nova Cycling Model-022,Sports & Outdoors,Cycling,Nova,355.12,456.87,1
4022,SKU-SPO-004022,Matrix Camping & Hiking Model-023,Sports & Outdoors,Camping & Hiking,Matrix,414.02,742.18,1
4023,SKU-GRO-004023,Nova Snacks Model-024,Grocery & Pantry,Snacks,Nova,156.54,330.87,1
4024,SKU-GRO-004024,Nova Breakfast Model-025,Grocery & Pantry,Breakfast,Nova,69.13,89.07,1
4025,SKU-TOY-004025,Titan Outdoor Toys Model-026,Toys & Games,Outdoor Toys,Titan,243.06,591.34,1
4026,SKU-TOY-004026,Prism Puzzles Model-027,Toys & Games,Puzzles,Prism,216.49,419.81,1
4027,SKU-ELE-004027,Sol Wearables Model-028,Electronics,Wearables,Sol,269.32,635.05,1
4028,SKU-TOY-004028,Zenith Action Figures Model-029,Toys & Games,Action Figures,Zenith,26.92,47.69,1
4029,SKU-HOM-004029,Apex Small Appliances Model-030,Home & Kitchen,Small Appliances,Apex,237.05,378.65,1
4030,SKU-HOM-004030,Sol Storage Model-031,Home & Kitchen,Storage,Sol,35.33,53.41,1
4031,SKU-GRO-004031,Velocity Condiments Model-032,Grocery & Pantry,Condiments,Velocity,354.03,741.47,1
4032,SKU-HOM-004032,Velocity Furniture Model-033,Home & Kitchen,Furniture,Velocity,124.18,171.63,1
4033,SKU-TOY-004033,Summit Puzzles Model-034,Toys & Games,Puzzles,Summit,340.2,654.99,1
4034,SKU-SPO-004034,Matrix Fitness Gear Model-035,Sports & Outdoors,Fitness Gear,Matrix,40.43,95.29,1
4035,SKU-APP-004035,Horizon Outerwear Model-036,Apparel,Outerwear,Horizon,370.07,642.92,1
4036,SKU-ELE-004036,Apex Accessories Model-037,Electronics,Accessories,Apex,193.13,281.63,1
4037,SKU-BEA-004037,Titan Cosmetics Model-038,Beauty & Care,Cosmetics,Titan,182.38,440.31,1
4038,SKU-ELE-004038,Lumina Wearables Model-039,Electronics,Wearables,Lumina,324.59,516.6,1
4039,SKU-HOM-004039,Horizon Storage Model-040,Home & Kitchen,Storage,Horizon,253,360.09,1
4040,SKU-HOM-004040,Vortex Furniture Model-041,Home & Kitchen,Furniture,Vortex,297.58,440.37,1
4041,SKU-SPO-004041,Sol Cycling Model-042,Sports & Outdoors,Cycling,Sol,258.48,468.39,1
4042,SKU-BEA-004042,Echo Personal Care Model-043,Beauty & Care,Personal Care,Echo,203.77,342.25,1
4043,SKU-TOY-004043,Lumina Outdoor Toys Model-044,Toys & Games,Outdoor Toys,Lumina,183.78,409.3,1
4044,SKU-AUT-004044,Zenith Interior Accessories Model-045,Automotive,Interior Accessories,Zenith,161.64,277.81,1
4045,SKU-HOM-004045,Pulse Bedding Model-046,Home & Kitchen,Bedding,Pulse,184.05,388.35,1
4046,SKU-ELE-004046,Sol Wearables Model-047,Electronics,Wearables,Sol,170.19,243.68,1
4047,SKU-AUT-004047,Velocity Tools & Equipment Model-048,Automotive,Tools & Equipment,Velocity,67.7,149.94,1
4048,SKU-GRO-004048,Zenith Snacks Model-049,Grocery & Pantry,Snacks,Zenith,88.32,138.22,1
4049,SKU-GRO-004049,Pulse Organic Foods Model-050,Grocery & Pantry,Organic Foods,Pulse,91.72,135.17,1
4050,SKU-TOY-004050,Prism Outdoor Toys Model-051,Toys & Games,Outdoor Toys,Prism,399.27,585.31,1
4051,SKU-HOM-004051,Zenith Storage Model-052,Home & Kitchen,Storage,Zenith,70.1,101.54,1
4052,SKU-APP-004052,Summit Men's Clothing Model-053,Apparel,Men's Clothing,Summit,278.78,523.2,0
4053,SKU-AUT-004053,Prism Oils & Fluids Model-054,Automotive,Oils & Fluids,Prism,140.76,346.74,1
4054,SKU-GRO-004054,Vortex Organic Foods Model-055,Grocery & Pantry,Organic Foods,Vortex,169.06,373.27,1
4055,SKU-ELE-004055,Apex Accessories Model-056,Electronics,Accessories,Apex,380.87,773.91,1
4056,SKU-TOY-004056,Velocity Outdoor Toys Model-057,Toys & Games,Outdoor Toys,Velocity,382.09,831.11,1
4057,SKU-ELE-004057,Echo Audio & Headphones Model-058,Electronics,Audio & Headphones,Echo,340.47,755.93,1
4058,SKU-TOY-004058,Pulse Educational Toys Model-059,Toys & Games,Educational Toys,Pulse,439.15,614.23,1
4059,SKU-APP-004059,Titan Sportswear Model-060,Apparel,Sportswear,Titan,272.05,344.5,1
4060,SKU-ELE-004060,Apex Smart Home Model-061,Electronics,Smart Home,Apex,195.01,315.63,1
4061,SKU-SPO-004061,Summit Cycling Model-062,Sports & Outdoors,Cycling,Summit,106.72,241.65,1
4062,SKU-AUT-004062,Pulse Tools & Equipment Model-063,Automotive,Tools & Equipment,Pulse,185.97,462.5,1
4063,SKU-APP-004063,Titan Footwear Model-064,Apparel,Footwear,Titan,43.18,90.15,1
4064,SKU-AUT-004064,Sol Oils & Fluids Model-065,Automotive,Oils & Fluids,Sol,311.62,555.51,1
4065,SKU-APP-004065,Echo Women's Clothing Model-066,Apparel,Women's Clothing,Echo,38.23,87.29,1
4066,SKU-SPO-004066,Lumina Cycling Model-067,Sports & Outdoors,Cycling,Lumina,286.31,537.92,1
4067,SKU-SPO-004067,Matrix Team Sports Model-068,Sports & Outdoors,Team Sports,Matrix,49.75,95.74,1
4068,SKU-APP-004068,Echo Men's Clothing Model-069,Apparel,Men's Clothing,Echo,204.47,295.13,1
4069,SKU-GRO-004069,Velocity Condiments Model-070,Grocery & Pantry,Condiments,Velocity,198.38,282.94,1
4070,SKU-APP-004070,Pulse Footwear Model-071,Apparel,Footwear,Pulse,97.92,172.75,1
4071,SKU-SPO-004071,Horizon Fitness Gear Model-072,Sports & Outdoors,Fitness Gear,Horizon,8.71,14.05,1
4072,SKU-SPO-004072,Lumina Fitness Gear Model-073,Sports & Outdoors,Fitness Gear,Lumina,262.86,537.99,1
4073,SKU-AUT-004073,Vortex Interior Accessories Model-074,Automotive,Interior Accessories,Vortex,261.11,624.32,1
4074,SKU-SPO-004074,Velocity Water Sports Model-075,Sports & Outdoors,Water Sports,Velocity,41.99,99.89,1
4075,SKU-AUT-004075,Horizon Oils & Fluids Model-076,Automotive,Oils & Fluids,Horizon,176.75,225.14,1
4076,SKU-SPO-004076,Velocity Fitness Gear Model-077,Sports & Outdoors,Fitness Gear,Velocity,352.95,501.3,1
4077,SKU-SPO-004077,Zenith Camping & Hiking Model-078,Sports & Outdoors,Camping & Hiking,Zenith,212.58,458.93,1
4078,SKU-APP-004078,Horizon Sportswear Model-079,Apparel,Sportswear,Horizon,412.16,888.69,1
4079,SKU-BEA-004079,Velocity Skincare Model-080,Beauty & Care,Skincare,Velocity,201.74,257.28,1
4080,SKU-BEA-004080,Apex Skincare Model-081,Beauty & Care,Skincare,Apex,177.95,404.56,1
4081,SKU-APP-004081,Zenith Accessories Model-082,Apparel,Accessories,Zenith,213.12,294.96,1
4082,SKU-BEA-004082,Sol Personal Care Model-083,Beauty & Care,Personal Care,Sol,442.31,1047.78,1
4083,SKU-SPO-004083,Nova Camping & Hiking Model-084,Sports & Outdoors,Camping & Hiking,Nova,29.5,65.39,1
4084,SKU-AUT-004084,Titan Interior Accessories Model-085,Automotive,Interior Accessories,Titan,309.97,586.41,0
4085,SKU-BEA-004085,Matrix Personal Care Model-086,Beauty & Care,Personal Care,Matrix,15.07,27.5,1
4086,SKU-SPO-004086,Vortex Water Sports Model-087,Sports & Outdoors,Water Sports,Vortex,49.99,79.73,1
4087,SKU-APP-004087,Matrix Sportswear Model-088,Apparel,Sportswear,Matrix,246.66,464.48,0
4088,SKU-ELE-004088,Titan Laptops Model-089,Electronics,Laptops,Titan,47.75,59.93,1
4089,SKU-HOM-004089,Matrix Furniture Model-090,Home & Kitchen,Furniture,Matrix,377.24,825.05,1
4090,SKU-ELE-004090,Lumina Wearables Model-091,Electronics,Wearables,Lumina,12.94,25.12,1
4091,SKU-HOM-004091,Zenith Storage Model-092,Home & Kitchen,Storage,Zenith,38.82,64.26,1
4092,SKU-ELE-004092,Zenith Smartphones Model-093,Electronics,Smartphones,Zenith,384.24,491.22,1
4093,SKU-ELE-004093,Nova Laptops Model-094,Electronics,Laptops,Nova,343.96,795.08,1
4094,SKU-GRO-004094,Summit Organic Foods Model-095,Grocery & Pantry,Organic Foods,Summit,340.51,486.23,1
4095,SKU-APP-004095,Zenith Men's Clothing Model-096,Apparel,Men's Clothing,Zenith,113.53,178.35,1
4096,SKU-APP-004096,Vortex Women's Clothing Model-097,Apparel,Women's Clothing,Vortex,428.77,1042.13,1
4097,SKU-HOM-004097,Vortex Decor Model-098,Home & Kitchen,Decor,Vortex,171.21,406.64,1
4098,SKU-GRO-004098,Pulse Canned Goods Model-099,Grocery & Pantry,Canned Goods,Pulse,212.37,396.25,0
4099,SKU-TOY-004099,Apex Puzzles Model-100,Toys & Games,Puzzles,Apex,249.69,555.29,1
4100,SKU-APP-004100,Pulse Footwear Model-101,Apparel,Footwear,Pulse,407.83,991.28,1
4101,SKU-SPO-004101,Velocity Camping & Hiking Model-102,Sports & Outdoors,Camping & Hiking,Velocity,269.79,562.2,1
4102,SKU-SPO-004102,Aura Water Sports Model-103,Sports & Outdoors,Water Sports,Aura,246.13,376.83,1
4103,SKU-BEA-004103,Prism Skincare Model-104,Beauty & Care,Skincare,Prism,149.73,217.13,1
4104,SKU-AUT-004104,Pulse Tools & Equipment Model-105,Automotive,Tools & Equipment,Pulse,333.26,486.49,1
4105,SKU-APP-004105,Apex Accessories Model-106,Apparel,Accessories,Apex,303.77,635.28,1
4106,SKU-AUT-004106,Apex Car Care Model-107,Automotive,Car Care,Apex,338.68,680.01,1
4107,SKU-SPO-004107,Sol Water Sports Model-108,Sports & Outdoors,Water Sports,Sol,317.69,583.92,1
4108,SKU-AUT-004108,Pulse Interior Accessories Model-109,Automotive,Interior Accessories,Pulse,297.67,519.86,1
4109,SKU-HOM-004109,Prism Furniture Model-110,Home & Kitchen,Furniture,Prism,250.36,314.33,1
4110,SKU-SPO-004110,Horizon Water Sports Model-111,Sports & Outdoors,Water Sports,Horizon,67.19,147.16,1
4111,SKU-BEA-004111,Vortex Haircare Model-112,Beauty & Care,Haircare,Vortex,328.26,493,1
4112,SKU-BEA-004112,Titan Haircare Model-113,Beauty & Care,Haircare,Titan,197.82,374.64,1
4113,SKU-HOM-004113,Nova Cookware Model-114,Home & Kitchen,Cookware,Nova,240.64,346.33,1
4114,SKU-APP-004114,Sol Men's Clothing Model-115,Apparel,Men's Clothing,Sol,417.28,906.29,1
4115,SKU-BEA-004115,Summit Personal Care Model-116,Beauty & Care,Personal Care,Summit,243.04,325.98,1
4116,SKU-SPO-004116,Echo Camping & Hiking Model-117,Sports & Outdoors,Camping & Hiking,Echo,193.31,247.32,1
4117,SKU-ELE-004117,Pulse Accessories Model-118,Electronics,Accessories,Pulse,323.48,417.46,1
4118,SKU-SPO-004118,Prism Team Sports Model-119,Sports & Outdoors,Team Sports,Prism,123.17,199.88,1
4119,SKU-SPO-004119,Apex Water Sports Model-120,Sports & Outdoors,Water Sports,Apex,35.75,57.29,1
4120,SKU-ELE-004120,Apex Wearables Model-121,Electronics,Wearables,Apex,53.7,126.27,1
4121,SKU-HOM-004121,Velocity Decor Model-122,Home & Kitchen,Decor,Velocity,158.64,298.31,1
4122,SKU-AUT-004122,Aura Interior Accessories Model-123,Automotive,Interior Accessories,Aura,134.89,242.46,0
4123,SKU-HOM-004123,Matrix Bedding Model-124,Home & Kitchen,Bedding,Matrix,180.06,253.58,1
4124,SKU-TOY-004124,Velocity Outdoor Toys Model-125,Toys & Games,Outdoor Toys,Velocity,144.99,246.04,1
4125,SKU-ELE-004125,Summit Wearables Model-126,Electronics,Wearables,Summit,113.41,225.36,1
4126,SKU-TOY-004126,Titan Puzzles Model-127,Toys & Games,Puzzles,Titan,84.3,208.37,1
4127,SKU-TOY-004127,Pulse Outdoor Toys Model-128,Toys & Games,Outdoor Toys,Pulse,176.89,366.89,0
4128,SKU-AUT-004128,Nova Interior Accessories Model-129,Automotive,Interior Accessories,Nova,26.23,37.37,1
4129,SKU-AUT-004129,Pulse Car Care Model-130,Automotive,Car Care,Pulse,418.63,979.49,1
4130,SKU-BEA-004130,Pulse Haircare Model-131,Beauty & Care,Haircare,Pulse,194.14,344.25,1
4131,SKU-ELE-004131,Lumina Smartphones Model-132,Electronics,Smartphones,Lumina,235.85,425.1,1
4132,SKU-AUT-004132,Pulse Interior Accessories Model-133,Automotive,Interior Accessories,Pulse,168.91,238.55,1
4133,SKU-AUT-004133,Velocity Interior Accessories Model-134,Automotive,Interior Accessories,Velocity,279.37,497.24,1
4134,SKU-AUT-004134,Pulse Car Care Model-135,Automotive,Car Care,Pulse,306.58,701.11,0
4135,SKU-TOY-004135,Apex Board Games Model-136,Toys & Games,Board Games,Apex,27.27,47.13,1
4136,SKU-SPO-004136,Lumina Fitness Gear Model-137,Sports & Outdoors,Fitness Gear,Lumina,317.68,434.71,1
4137,SKU-GRO-004137,Nova Snacks Model-138,Grocery & Pantry,Snacks,Nova,294.69,665.91,1
4138,SKU-GRO-004138,Nova Condiments Model-139,Grocery & Pantry,Condiments,Nova,294.44,557.47,1
4139,SKU-ELE-004139,Apex Smartphones Model-140,Electronics,Smartphones,Apex,342.98,590.63,1
4140,SKU-AUT-004140,Prism Interior Accessories Model-141,Automotive,Interior Accessories,Prism,402.19,679.37,1
4141,SKU-GRO-004141,Aura Condiments Model-142,Grocery & Pantry,Condiments,Aura,444.73,877.18,1
4142,SKU-BEA-004142,Matrix Haircare Model-143,Beauty & Care,Haircare,Matrix,336.41,515.35,1
4143,SKU-APP-004143,Summit Men's Clothing Model-144,Apparel,Men's Clothing,Summit,292.66,575.65,1
4144,SKU-TOY-004144,Zenith Educational Toys Model-145,Toys & Games,Educational Toys,Zenith,41.06,89.52,1
4145,SKU-ELE-004145,Zenith Smart Home Model-146,Electronics,Smart Home,Zenith,184.04,277,1
4146,SKU-BEA-004146,Summit Skincare Model-147,Beauty & Care,Skincare,Summit,17.69,43.74,1
4147,SKU-TOY-004147,Vortex Puzzles Model-148,Toys & Games,Puzzles,Vortex,262.06,641.76,1
4148,SKU-HOM-004148,Apex Small Appliances Model-149,Home & Kitchen,Small Appliances,Apex,420.39,865.43,1
4149,SKU-APP-004149,Velocity Accessories Model-150,Apparel,Accessories,Velocity,212.42,530.2,1
4150,SKU-SPO-004150,Pulse Water Sports Model-151,Sports & Outdoors,Water Sports,Pulse,74.7,160.44,1
4151,SKU-AUT-004151,Echo Interior Accessories Model-152,Automotive,Interior Accessories,Echo,302.38,563.52,1
4152,SKU-ELE-004152,Lumina Laptops Model-153,Electronics,Laptops,Lumina,177.89,335.19,1
4153,SKU-AUT-004153,Titan Tools & Equipment Model-154,Automotive,Tools & Equipment,Titan,230.26,451.52,1
4154,SKU-BEA-004154,Summit Haircare Model-155,Beauty & Care,Haircare,Summit,418.22,995.13,1
4155,SKU-AUT-004155,Vortex Oils & Fluids Model-156,Automotive,Oils & Fluids,Vortex,85.62,174.72,1
4156,SKU-ELE-004156,Aura Smart Home Model-157,Electronics,Smart Home,Aura,298.35,491.49,1
4157,SKU-AUT-004157,Sol Oils & Fluids Model-158,Automotive,Oils & Fluids,Sol,102.23,140.01,1
4158,SKU-HOM-004158,Pulse Small Appliances Model-159,Home & Kitchen,Small Appliances,Pulse,24.78,47,1
4159,SKU-ELE-004159,Matrix Audio & Headphones Model-160,Electronics,Audio & Headphones,Matrix,201.14,428.01,1
4160,SKU-GRO-004160,Horizon Organic Foods Model-161,Grocery & Pantry,Organic Foods,Horizon,188.07,423.69,0
4161,SKU-HOM-004161,Pulse Storage Model-162,Home & Kitchen,Storage,Pulse,166.91,288.11,1
4162,SKU-TOY-004162,Apex Puzzles Model-163,Toys & Games,Puzzles,Apex,421.63,564.91,1
4163,SKU-TOY-004163,Lumina Action Figures Model-164,Toys & Games,Action Figures,Lumina,331.73,716.65,1
4164,SKU-ELE-004164,Matrix Audio & Headphones Model-165,Electronics,Audio & Headphones,Matrix,69.82,91.18,1
4165,SKU-HOM-004165,Prism Storage Model-166,Home & Kitchen,Storage,Prism,170.9,319.87,1
4166,SKU-BEA-004166,Horizon Skincare Model-167,Beauty & Care,Skincare,Horizon,129.89,317.83,1
4167,SKU-AUT-004167,Aura Interior Accessories Model-168,Automotive,Interior Accessories,Aura,99.24,151.91,1
4168,SKU-SPO-004168,Pulse Camping & Hiking Model-169,Sports & Outdoors,Camping & Hiking,Pulse,412.98,588.43,1
4169,SKU-BEA-004169,Aura Haircare Model-170,Beauty & Care,Haircare,Aura,43.65,93.69,1
4170,SKU-TOY-004170,Echo Educational Toys Model-171,Toys & Games,Educational Toys,Echo,196.19,291.55,1
4171,SKU-AUT-004171,Echo Interior Accessories Model-172,Automotive,Interior Accessories,Echo,375.08,861.1,1
4172,SKU-HOM-004172,Aura Storage Model-173,Home & Kitchen,Storage,Aura,64.87,104.08,1
4173,SKU-BEA-004173,Lumina Skincare Model-174,Beauty & Care,Skincare,Lumina,112.07,147.88,1
4174,SKU-HOM-004174,Nova Decor Model-175,Home & Kitchen,Decor,Nova,142.63,188.85,1
4175,SKU-AUT-004175,Nova Tools & Equipment Model-176,Automotive,Tools & Equipment,Nova,389.08,917.2,1
4176,SKU-TOY-004176,Pulse Board Games Model-177,Toys & Games,Board Games,Pulse,112.95,178.6,1
4177,SKU-BEA-004177,Zenith Personal Care Model-178,Beauty & Care,Personal Care,Zenith,28.99,43.82,1
4178,SKU-AUT-004178,Aura Car Care Model-179,Automotive,Car Care,Aura,173.86,268.66,1
4179,SKU-HOM-004179,Aura Bedding Model-180,Home & Kitchen,Bedding,Aura,330.59,461.64,1
4180,SKU-BEA-004180,Aura Cosmetics Model-181,Beauty & Care,Cosmetics,Aura,91.05,194.67,1
4181,SKU-ELE-004181,Matrix Laptops Model-182,Electronics,Laptops,Matrix,90.84,126.67,1
4182,SKU-APP-004182,Summit Men's Clothing Model-183,Apparel,Men's Clothing,Summit,252.53,415.37,1
4183,SKU-HOM-004183,Echo Small Appliances Model-184,Home & Kitchen,Small Appliances,Echo,82.54,117.72,1
4184,SKU-BEA-004184,Sol Haircare Model-185,Beauty & Care,Haircare,Sol,65.45,109.33,1
4185,SKU-SPO-004185,Echo Camping & Hiking Model-186,Sports & Outdoors,Camping & Hiking,Echo,26.16,56.95,1
4186,SKU-SPO-004186,Aura Fitness Gear Model-187,Sports & Outdoors,Fitness Gear,Aura,294.23,446.9,0
4187,SKU-AUT-004187,Velocity Interior Accessories Model-188,Automotive,Interior Accessories,Velocity,306.75,715.19,1
4188,SKU-ELE-004188,Zenith Wearables Model-189,Electronics,Wearables,Zenith,317.6,660.6,1
4189,SKU-BEA-004189,Sol Fragrances Model-190,Beauty & Care,Fragrances,Sol,119.68,245.9,1
4190,SKU-ELE-004190,Apex Wearables Model-191,Electronics,Wearables,Apex,350.75,527.76,0
4191,SKU-HOM-004191,Summit Cookware Model-192,Home & Kitchen,Cookware,Summit,88.17,182.74,1
4192,SKU-SPO-004192,Pulse Cycling Model-193,Sports & Outdoors,Cycling,Pulse,92.53,178.36,1
4193,SKU-APP-004193,Sol Footwear Model-194,Apparel,Footwear,Sol,323.22,541.51,1
4194,SKU-AUT-004194,Sol Interior Accessories Model-195,Automotive,Interior Accessories,Sol,326.38,789.31,1
4195,SKU-SPO-004195,Pulse Camping & Hiking Model-196,Sports & Outdoors,Camping & Hiking,Pulse,117.11,250.28,1
4196,SKU-TOY-004196,Nova Educational Toys Model-197,Toys & Games,Educational Toys,Nova,19.8,27.42,1
4197,SKU-BEA-004197,Summit Cosmetics Model-198,Beauty & Care,Cosmetics,Summit,107.55,220.58,1
4198,SKU-ELE-004198,Summit Accessories Model-199,Electronics,Accessories,Summit,51.68,78.84,1
4199,SKU-TOY-004199,Pulse Educational Toys Model-200,Toys & Games,Educational Toys,Pulse,110.75,218.43,1
4200,SKU-TOY-004200,Aura Educational Toys Model-201,Toys & Games,Educational Toys,Aura,126.55,258.59,1
4201,SKU-TOY-004201,Prism Outdoor Toys Model-202,Toys & Games,Outdoor Toys,Prism,266.99,431.54,1
4202,SKU-TOY-004202,Velocity Action Figures Model-203,Toys & Games,Action Figures,Velocity,388.58,647.67,1
4203,SKU-APP-004203,Lumina Sportswear Model-204,Apparel,Sportswear,Lumina,377.27,680.84,1
4204,SKU-HOM-004204,Sol Storage Model-205,Home & Kitchen,Storage,Sol,254.12,610.32,1
4205,SKU-GRO-004205,Pulse Organic Foods Model-206,Grocery & Pantry,Organic Foods,Pulse,115.22,209.82,1
4206,SKU-SPO-004206,Matrix Water Sports Model-207,Sports & Outdoors,Water Sports,Matrix,213.09,412.8,1
4207,SKU-BEA-004207,Velocity Skincare Model-208,Beauty & Care,Skincare,Velocity,99.89,197.38,1
4208,SKU-APP-004208,Matrix Sportswear Model-209,Apparel,Sportswear,Matrix,114.51,205.98,1
4209,SKU-HOM-004209,Echo Bedding Model-210,Home & Kitchen,Bedding,Echo,310.25,544.17,1
4210,SKU-BEA-004210,Horizon Haircare Model-211,Beauty & Care,Haircare,Horizon,120.31,239.55,1
4211,SKU-GRO-004211,Titan Organic Foods Model-212,Grocery & Pantry,Organic Foods,Titan,307.85,510.03,1
4212,SKU-ELE-004212,Prism Wearables Model-213,Electronics,Wearables,Prism,220.98,398.69,1
4213,SKU-GRO-004213,Summit Beverages Model-214,Grocery & Pantry,Beverages,Summit,288.39,685.67,1
4214,SKU-HOM-004214,Echo Storage Model-215,Home & Kitchen,Storage,Echo,251.62,373.42,1
4215,SKU-SPO-004215,Nova Water Sports Model-216,Sports & Outdoors,Water Sports,Nova,114.82,206.14,1
4216,SKU-APP-004216,Nova Outerwear Model-217,Apparel,Outerwear,Nova,333.12,797.28,1
4217,SKU-SPO-004217,Pulse Cycling Model-218,Sports & Outdoors,Cycling,Pulse,192.07,314.6,1
4218,SKU-GRO-004218,Prism Beverages Model-219,Grocery & Pantry,Beverages,Prism,45.03,81.56,1
4219,SKU-AUT-004219,Horizon Oils & Fluids Model-220,Automotive,Oils & Fluids,Horizon,448,560.56,1
4220,SKU-SPO-004220,Sol Water Sports Model-221,Sports & Outdoors,Water Sports,Sol,261.27,520.83,0
4221,SKU-GRO-004221,Lumina Condiments Model-222,Grocery & Pantry,Condiments,Lumina,75.11,149.11,1
4222,SKU-GRO-004222,Pulse Snacks Model-223,Grocery & Pantry,Snacks,Pulse,245.39,387.82,1
4223,SKU-ELE-004223,Nova Smartphones Model-224,Electronics,Smartphones,Nova,63.71,94.43,1
4224,SKU-AUT-004224,Apex Tools & Equipment Model-225,Automotive,Tools & Equipment,Apex,270.25,601.79,1
4225,SKU-HOM-004225,Zenith Decor Model-226,Home & Kitchen,Decor,Zenith,101.48,231.72,0
4226,SKU-GRO-004226,Matrix Snacks Model-227,Grocery & Pantry,Snacks,Matrix,355.52,493.95,1
4227,SKU-SPO-004227,Sol Cycling Model-228,Sports & Outdoors,Cycling,Sol,195.98,459.76,1
4228,SKU-SPO-004228,Summit Water Sports Model-229,Sports & Outdoors,Water Sports,Summit,129.84,267.53,1
4229,SKU-BEA-004229,Aura Fragrances Model-230,Beauty & Care,Fragrances,Aura,102.62,222.54,1
4230,SKU-APP-004230,Horizon Footwear Model-231,Apparel,Footwear,Horizon,425.46,807.84,1
4231,SKU-SPO-004231,Apex Water Sports Model-232,Sports & Outdoors,Water Sports,Apex,324.04,706.38,1
4232,SKU-ELE-004232,Titan Smartphones Model-233,Electronics,Smartphones,Titan,283.38,581.45,1
4233,SKU-SPO-004233,Prism Team Sports Model-234,Sports & Outdoors,Team Sports,Prism,393.31,746.28,1
4234,SKU-TOY-004234,Aura Board Games Model-235,Toys & Games,Board Games,Aura,299.46,484.76,1
4235,SKU-ELE-004235,Pulse Smart Home Model-236,Electronics,Smart Home,Pulse,313.35,715.36,1
4236,SKU-TOY-004236,Summit Puzzles Model-237,Toys & Games,Puzzles,Summit,441.25,584.76,1
4237,SKU-APP-004237,Summit Footwear Model-238,Apparel,Footwear,Summit,173.1,368.5,1
4238,SKU-AUT-004238,Zenith Interior Accessories Model-239,Automotive,Interior Accessories,Zenith,98.65,225.16,1
4239,SKU-APP-004239,Zenith Women's Clothing Model-240,Apparel,Women's Clothing,Zenith,347.56,833.17,1
4240,SKU-AUT-004240,Pulse Oils & Fluids Model-241,Automotive,Oils & Fluids,Pulse,224.18,297.09,1
4241,SKU-AUT-004241,Aura Car Care Model-242,Automotive,Car Care,Aura,261.08,540.95,1
4242,SKU-BEA-004242,Matrix Haircare Model-243,Beauty & Care,Haircare,Matrix,283.06,453.32,1
4243,SKU-APP-004243,Sol Outerwear Model-244,Apparel,Outerwear,Sol,171.49,355.05,1
4244,SKU-HOM-004244,Pulse Storage Model-245,Home & Kitchen,Storage,Pulse,268.23,439.34,1
4245,SKU-HOM-004245,Lumina Bedding Model-246,Home & Kitchen,Bedding,Lumina,335.46,705.45,1
4246,SKU-SPO-004246,Lumina Team Sports Model-247,Sports & Outdoors,Team Sports,Lumina,388.72,764.08,1
4247,SKU-ELE-004247,Zenith Audio & Headphones Model-248,Electronics,Audio & Headphones,Zenith,181.82,345.99,1
4248,SKU-HOM-004248,Matrix Small Appliances Model-249,Home & Kitchen,Small Appliances,Matrix,185.65,390.55,1
4249,SKU-TOY-004249,Summit Educational Toys Model-250,Toys & Games,Educational Toys,Summit,215.5,335.56,1
4250,SKU-ELE-004250,Zenith Accessories Model-251,Electronics,Accessories,Zenith,276.01,645.8,1
4251,SKU-AUT-004251,Matrix Oils & Fluids Model-252,Automotive,Oils & Fluids,Matrix,283.06,373.65,1
4252,SKU-SPO-004252,Titan Fitness Gear Model-253,Sports & Outdoors,Fitness Gear,Titan,220.64,537.51,1
4253,SKU-GRO-004253,Summit Organic Foods Model-254,Grocery & Pantry,Organic Foods,Summit,6.96,12.89,1
4254,SKU-APP-004254,Nova Men's Clothing Model-255,Apparel,Men's Clothing,Nova,265.17,604.04,1
4255,SKU-HOM-004255,Titan Decor Model-256,Home & Kitchen,Decor,Titan,77.44,137.98,0
4256,SKU-BEA-004256,Nova Haircare Model-257,Beauty & Care,Haircare,Nova,419.04,746.35,1
4257,SKU-AUT-004257,Nova Interior Accessories Model-258,Automotive,Interior Accessories,Nova,218.56,358.04,1
4258,SKU-HOM-004258,Summit Storage Model-259,Home & Kitchen,Storage,Summit,224.79,306.54,1
4259,SKU-ELE-004259,Vortex Laptops Model-260,Electronics,Laptops,Vortex,361.99,742.54,0
4260,SKU-GRO-004260,Nova Canned Goods Model-261,Grocery & Pantry,Canned Goods,Nova,323.23,560.06,1
4261,SKU-AUT-004261,Matrix Interior Accessories Model-262,Automotive,Interior Accessories,Matrix,152.26,299.57,1
4262,SKU-APP-004262,Matrix Outerwear Model-263,Apparel,Outerwear,Matrix,227.8,299.78,1
4263,SKU-SPO-004263,Pulse Fitness Gear Model-264,Sports & Outdoors,Fitness Gear,Pulse,26.69,37.72,1
4264,SKU-ELE-004264,Lumina Accessories Model-265,Electronics,Accessories,Lumina,189.93,451.22,1
4265,SKU-HOM-004265,Zenith Furniture Model-266,Home & Kitchen,Furniture,Zenith,314.93,460.65,1
4266,SKU-BEA-004266,Titan Skincare Model-267,Beauty & Care,Skincare,Titan,141.4,314.74,1
4267,SKU-SPO-004267,Lumina Fitness Gear Model-268,Sports & Outdoors,Fitness Gear,Lumina,221.81,498.04,1
4268,SKU-ELE-004268,Sol Smartphones Model-269,Electronics,Smartphones,Sol,355.55,633.69,1
4269,SKU-AUT-004269,Titan Oils & Fluids Model-270,Automotive,Oils & Fluids,Titan,367.97,561.02,0
4270,SKU-BEA-004270,Sol Cosmetics Model-271,Beauty & Care,Cosmetics,Sol,102.75,148.85,1
4271,SKU-BEA-004271,Sol Fragrances Model-272,Beauty & Care,Fragrances,Sol,228.28,449.94,1
4272,SKU-APP-004272,Zenith Accessories Model-273,Apparel,Accessories,Zenith,163.3,332.51,1
4273,SKU-HOM-004273,Pulse Cookware Model-274,Home & Kitchen,Cookware,Pulse,277.05,638.77,1
4274,SKU-ELE-004274,Matrix Laptops Model-275,Electronics,Laptops,Matrix,259.48,597.15,1
4275,SKU-GRO-004275,Titan Snacks Model-276,Grocery & Pantry,Snacks,Titan,63.84,119.61,1
4276,SKU-APP-004276,Matrix Accessories Model-277,Apparel,Accessories,Matrix,281.97,659.36,1
4277,SKU-ELE-004277,Matrix Smart Home Model-278,Electronics,Smart Home,Matrix,91.17,188.74,1
4278,SKU-ELE-004278,Echo Accessories Model-279,Electronics,Accessories,Echo,142.02,242.56,1
4279,SKU-HOM-004279,Matrix Decor Model-280,Home & Kitchen,Decor,Matrix,56.31,88.04,1
4280,SKU-ELE-004280,Pulse Wearables Model-281,Electronics,Wearables,Pulse,45.88,66.05,1
4281,SKU-AUT-004281,Prism Interior Accessories Model-282,Automotive,Interior Accessories,Prism,79.62,141.13,1
4282,SKU-HOM-004282,Apex Storage Model-283,Home & Kitchen,Storage,Apex,329.4,768.49,0
4283,SKU-HOM-004283,Matrix Furniture Model-284,Home & Kitchen,Furniture,Matrix,130.11,284.06,1
4284,SKU-ELE-004284,Velocity Wearables Model-285,Electronics,Wearables,Velocity,134.16,199.18,1
4285,SKU-APP-004285,Prism Footwear Model-286,Apparel,Footwear,Prism,39.37,60.46,1
4286,SKU-TOY-004286,Titan Puzzles Model-287,Toys & Games,Puzzles,Titan,404.67,872.4,1
4287,SKU-ELE-004287,Apex Wearables Model-288,Electronics,Wearables,Apex,178.19,312.74,1
4288,SKU-BEA-004288,Pulse Haircare Model-289,Beauty & Care,Haircare,Pulse,254.47,604.79,1
4289,SKU-HOM-004289,Horizon Furniture Model-290,Home & Kitchen,Furniture,Horizon,304.96,580.83,1
4290,SKU-APP-004290,Matrix Outerwear Model-291,Apparel,Outerwear,Matrix,339.02,559.75,1
4291,SKU-ELE-004291,Velocity Smart Home Model-292,Electronics,Smart Home,Velocity,238.05,495.13,1
4292,SKU-ELE-004292,Summit Wearables Model-293,Electronics,Wearables,Summit,124.47,297.78,1
4293,SKU-APP-004293,Nova Men's Clothing Model-294,Apparel,Men's Clothing,Nova,286.92,447.56,1
4294,SKU-ELE-004294,Lumina Smartphones Model-295,Electronics,Smartphones,Lumina,165.72,372.02,1
4295,SKU-SPO-004295,Summit Camping & Hiking Model-296,Sports & Outdoors,Camping & Hiking,Summit,339.73,477.15,1
4296,SKU-AUT-004296,Vortex Tools & Equipment Model-297,Automotive,Tools & Equipment,Vortex,61.72,97.62,1
4297,SKU-HOM-004297,Summit Furniture Model-298,Home & Kitchen,Furniture,Summit,296.93,564.81,1
4298,SKU-SPO-004298,Lumina Team Sports Model-299,Sports & Outdoors,Team Sports,Lumina,16.87,31.37,1
4299,SKU-GRO-004299,Sol Beverages Model-300,Grocery & Pantry,Beverages,Sol,174.24,329.97,1
4300,SKU-ELE-004300,Summit Audio & Headphones Model-301,Electronics,Audio & Headphones,Summit,30.66,67.05,1
4301,SKU-HOM-004301,Titan Bedding Model-302,Home & Kitchen,Bedding,Titan,119.93,209.47,1
4302,SKU-AUT-004302,Zenith Car Care Model-303,Automotive,Car Care,Zenith,213.49,303.43,0
4303,SKU-HOM-004303,Echo Small Appliances Model-304,Home & Kitchen,Small Appliances,Echo,392.79,669.31,1
4304,SKU-HOM-004304,Prism Cookware Model-305,Home & Kitchen,Cookware,Prism,286.85,440.82,1
4305,SKU-GRO-004305,Nova Condiments Model-306,Grocery & Pantry,Condiments,Nova,345.85,461.23,1
4306,SKU-AUT-004306,Echo Oils & Fluids Model-307,Automotive,Oils & Fluids,Echo,187.31,265.61,1
4307,SKU-TOY-004307,Prism Board Games Model-308,Toys & Games,Board Games,Prism,435.88,699.15,1
4308,SKU-HOM-004308,Nova Furniture Model-309,Home & Kitchen,Furniture,Nova,403.59,873.59,1
4309,SKU-BEA-004309,Apex Fragrances Model-310,Beauty & Care,Fragrances,Apex,71.6,106.88,1
4310,SKU-TOY-004310,Titan Outdoor Toys Model-311,Toys & Games,Outdoor Toys,Titan,304.74,639.03,1
4311,SKU-TOY-004311,Nova Action Figures Model-312,Toys & Games,Action Figures,Nova,273.25,434.32,0
4312,SKU-SPO-004312,Echo Cycling Model-313,Sports & Outdoors,Cycling,Echo,422.8,532.66,1
4313,SKU-ELE-004313,Nova Audio & Headphones Model-314,Electronics,Audio & Headphones,Nova,286.41,358.41,1
4314,SKU-APP-004314,Prism Women's Clothing Model-315,Apparel,Women's Clothing,Prism,161.93,307.39,1
4315,SKU-APP-004315,Summit Footwear Model-316,Apparel,Footwear,Summit,280.87,481.69,1
4316,SKU-HOM-004316,Sol Small Appliances Model-317,Home & Kitchen,Small Appliances,Sol,127.59,191.81,1
4317,SKU-ELE-004317,Prism Audio & Headphones Model-318,Electronics,Audio & Headphones,Prism,224.55,429.34,1
4318,SKU-GRO-004318,Velocity Beverages Model-319,Grocery & Pantry,Beverages,Velocity,442.71,606.68,1
4319,SKU-GRO-004319,Vortex Canned Goods Model-320,Grocery & Pantry,Canned Goods,Vortex,11.79,29.17,1
4320,SKU-BEA-004320,Pulse Cosmetics Model-321,Beauty & Care,Cosmetics,Pulse,71,109.22,1
4321,SKU-GRO-004321,Echo Beverages Model-322,Grocery & Pantry,Beverages,Echo,410,888.93,1
4322,SKU-TOY-004322,Vortex Outdoor Toys Model-323,Toys & Games,Outdoor Toys,Vortex,267.45,568.95,1
4323,SKU-TOY-004323,Horizon Board Games Model-324,Toys & Games,Board Games,Horizon,187.49,442.97,1
4324,SKU-ELE-004324,Prism Smart Home Model-325,Electronics,Smart Home,Prism,237.4,482.48,1
4325,SKU-HOM-004325,Nova Cookware Model-326,Home & Kitchen,Cookware,Nova,124.06,226.65,1
4326,SKU-TOY-004326,Apex Board Games Model-327,Toys & Games,Board Games,Apex,286.65,648.2,1
4327,SKU-AUT-004327,Aura Interior Accessories Model-328,Automotive,Interior Accessories,Aura,187.97,314.41,1
4328,SKU-APP-004328,Zenith Men's Clothing Model-329,Apparel,Men's Clothing,Zenith,20.94,36.81,1
4329,SKU-TOY-004329,Titan Action Figures Model-330,Toys & Games,Action Figures,Titan,347.9,747.66,1
4330,SKU-HOM-004330,Sol Storage Model-331,Home & Kitchen,Storage,Sol,161.41,305.69,1
4331,SKU-SPO-004331,Nova Team Sports Model-332,Sports & Outdoors,Team Sports,Nova,162.01,268.82,1
4332,SKU-GRO-004332,Titan Organic Foods Model-333,Grocery & Pantry,Organic Foods,Titan,175.5,250.44,1
4333,SKU-APP-004333,Prism Women's Clothing Model-334,Apparel,Women's Clothing,Prism,275.09,485.53,1
4334,SKU-SPO-004334,Summit Camping & Hiking Model-335,Sports & Outdoors,Camping & Hiking,Summit,58.61,140.3,1
4335,SKU-ELE-004335,Aura Wearables Model-336,Electronics,Wearables,Aura,87.75,193.84,1
4336,SKU-BEA-004336,Echo Skincare Model-337,Beauty & Care,Skincare,Echo,168.05,384.78,1
4337,SKU-APP-004337,Horizon Accessories Model-338,Apparel,Accessories,Horizon,260.17,475.02,1
4338,SKU-GRO-004338,Prism Breakfast Model-339,Grocery & Pantry,Breakfast,Prism,163.93,294.43,1
4339,SKU-HOM-004339,Titan Cookware Model-340,Home & Kitchen,Cookware,Titan,336.64,768.4,1
4340,SKU-APP-004340,Vortex Women's Clothing Model-341,Apparel,Women's Clothing,Vortex,449.84,1075.15,1
4341,SKU-ELE-004341,Zenith Audio & Headphones Model-342,Electronics,Audio & Headphones,Zenith,77.66,117.96,1
4342,SKU-BEA-004342,Horizon Fragrances Model-343,Beauty & Care,Fragrances,Horizon,312.81,615.18,1
4343,SKU-HOM-004343,Summit Furniture Model-344,Home & Kitchen,Furniture,Summit,178.92,388.9,1
4344,SKU-GRO-004344,Sol Condiments Model-345,Grocery & Pantry,Condiments,Sol,318.26,726.3,1
4345,SKU-BEA-004345,Nova Personal Care Model-346,Beauty & Care,Personal Care,Nova,181.24,436.44,1
4346,SKU-ELE-004346,Summit Audio & Headphones Model-347,Electronics,Audio & Headphones,Summit,170.46,344.55,1
4347,SKU-HOM-004347,Lumina Storage Model-348,Home & Kitchen,Storage,Lumina,15.18,32.91,1
4348,SKU-APP-004348,Aura Accessories Model-349,Apparel,Accessories,Aura,191.96,368.07,1
4349,SKU-APP-004349,Matrix Outerwear Model-350,Apparel,Outerwear,Matrix,198.39,396.08,1
4350,SKU-HOM-004350,Echo Small Appliances Model-351,Home & Kitchen,Small Appliances,Echo,59.37,142.44,1
4351,SKU-HOM-004351,Vortex Bedding Model-352,Home & Kitchen,Bedding,Vortex,208.21,390.44,1
4352,SKU-BEA-004352,Titan Personal Care Model-353,Beauty & Care,Personal Care,Titan,404.68,875.07,1
4353,SKU-AUT-004353,Horizon Oils & Fluids Model-354,Automotive,Oils & Fluids,Horizon,402.84,526.9,1
4354,SKU-SPO-004354,Lumina Team Sports Model-355,Sports & Outdoors,Team Sports,Lumina,257.67,582.48,1
4355,SKU-HOM-004355,Nova Furniture Model-356,Home & Kitchen,Furniture,Nova,394.61,715.71,1
4356,SKU-SPO-004356,Summit Water Sports Model-357,Sports & Outdoors,Water Sports,Summit,160.18,394.21,1
4357,SKU-ELE-004357,Prism Accessories Model-358,Electronics,Accessories,Prism,192.06,263.49,1
4358,SKU-BEA-004358,Echo Haircare Model-359,Beauty & Care,Haircare,Echo,367.26,850.6,1
4359,SKU-APP-004359,Nova Men's Clothing Model-360,Apparel,Men's Clothing,Nova,26.55,35.84,1
4360,SKU-ELE-004360,Horizon Laptops Model-361,Electronics,Laptops,Horizon,390.81,505.54,1
4361,SKU-AUT-004361,Prism Tools & Equipment Model-362,Automotive,Tools & Equipment,Prism,5.57,10.66,1
4362,SKU-GRO-004362,Vortex Condiments Model-363,Grocery & Pantry,Condiments,Vortex,232.37,512.34,1
4363,SKU-AUT-004363,Aura Car Care Model-364,Automotive,Car Care,Aura,114.55,210.61,1
4364,SKU-HOM-004364,Zenith Bedding Model-365,Home & Kitchen,Bedding,Zenith,337.37,684.46,0
4365,SKU-HOM-004365,Apex Bedding Model-366,Home & Kitchen,Bedding,Apex,73.59,107.43,1
4366,SKU-ELE-004366,Zenith Wearables Model-367,Electronics,Wearables,Zenith,45.37,57.93,1
4367,SKU-TOY-004367,Nova Board Games Model-368,Toys & Games,Board Games,Nova,420.21,866.04,1
4368,SKU-BEA-004368,Matrix Haircare Model-369,Beauty & Care,Haircare,Matrix,352.84,740.07,1
4369,SKU-APP-004369,Aura Sportswear Model-370,Apparel,Sportswear,Aura,30.85,54.39,1
4370,SKU-GRO-004370,Prism Canned Goods Model-371,Grocery & Pantry,Canned Goods,Prism,149.2,219.52,1
4371,SKU-TOY-004371,Matrix Outdoor Toys Model-372,Toys & Games,Outdoor Toys,Matrix,53.51,104.76,1
4372,SKU-SPO-004372,Matrix Cycling Model-373,Sports & Outdoors,Cycling,Matrix,352.19,749.72,1
4373,SKU-TOY-004373,Nova Educational Toys Model-374,Toys & Games,Educational Toys,Nova,298.91,478.26,1
4374,SKU-TOY-004374,Pulse Action Figures Model-375,Toys & Games,Action Figures,Pulse,440.37,615.58,1
4375,SKU-ELE-004375,Velocity Accessories Model-376,Electronics,Accessories,Velocity,36,54.62,1
4376,SKU-AUT-004376,Pulse Car Care Model-377,Automotive,Car Care,Pulse,121.07,202.02,1
4377,SKU-GRO-004377,Horizon Organic Foods Model-378,Grocery & Pantry,Organic Foods,Horizon,306.68,518.36,1
4378,SKU-HOM-004378,Titan Cookware Model-379,Home & Kitchen,Cookware,Titan,338.36,491.67,0
4379,SKU-GRO-004379,Velocity Condiments Model-380,Grocery & Pantry,Condiments,Velocity,58.34,84.26,1
4380,SKU-TOY-004380,Aura Puzzles Model-381,Toys & Games,Puzzles,Aura,215,324.05,1
4381,SKU-GRO-004381,Horizon Beverages Model-382,Grocery & Pantry,Beverages,Horizon,150.86,302.22,1
4382,SKU-TOY-004382,Apex Educational Toys Model-383,Toys & Games,Educational Toys,Apex,336.09,519.72,1
4383,SKU-TOY-004383,Sol Outdoor Toys Model-384,Toys & Games,Outdoor Toys,Sol,132.85,278.86,1
4384,SKU-BEA-004384,Pulse Haircare Model-385,Beauty & Care,Haircare,Pulse,301.64,720.07,1
4385,SKU-AUT-004385,Lumina Car Care Model-386,Automotive,Car Care,Lumina,54.46,96.79,1
4386,SKU-TOY-004386,Zenith Educational Toys Model-387,Toys & Games,Educational Toys,Zenith,229.63,393.08,1
4387,SKU-ELE-004387,Zenith Laptops Model-388,Electronics,Laptops,Zenith,326.39,497.68,1
4388,SKU-APP-004388,Lumina Women's Clothing Model-389,Apparel,Women's Clothing,Lumina,195.59,465.36,1
4389,SKU-BEA-004389,Horizon Personal Care Model-390,Beauty & Care,Personal Care,Horizon,291.78,712.13,1
4390,SKU-GRO-004390,Nova Beverages Model-391,Grocery & Pantry,Beverages,Nova,426.56,795.74,1
4391,SKU-APP-004391,Vortex Sportswear Model-392,Apparel,Sportswear,Vortex,236.77,421.34,1
4392,SKU-GRO-004392,Vortex Organic Foods Model-393,Grocery & Pantry,Organic Foods,Vortex,322.13,548.54,1
4393,SKU-SPO-004393,Horizon Team Sports Model-394,Sports & Outdoors,Team Sports,Horizon,232.37,443.96,1
4394,SKU-SPO-004394,Aura Cycling Model-395,Sports & Outdoors,Cycling,Aura,126.91,259.93,1
4395,SKU-ELE-004395,Prism Audio & Headphones Model-396,Electronics,Audio & Headphones,Prism,216.74,295.92,1
4396,SKU-TOY-004396,Horizon Puzzles Model-397,Toys & Games,Puzzles,Horizon,373.12,536.8,1
4397,SKU-ELE-004397,Sol Audio & Headphones Model-398,Electronics,Audio & Headphones,Sol,398.53,848.29,1
4398,SKU-HOM-004398,Lumina Cookware Model-399,Home & Kitchen,Cookware,Lumina,246.1,412.44,1
4399,SKU-ELE-004399,Vortex Smart Home Model-400,Electronics,Smart Home,Vortex,287.35,548.84,1
4400,SKU-AUT-004400,Apex Tools & Equipment Model-401,Automotive,Tools & Equipment,Apex,215.14,303.08,1
4401,SKU-HOM-004401,Apex Bedding Model-402,Home & Kitchen,Bedding,Apex,120.14,262.5,1
4402,SKU-AUT-004402,Horizon Tools & Equipment Model-403,Automotive,Tools & Equipment,Horizon,347.34,584.31,1
4403,SKU-SPO-004403,Sol Camping & Hiking Model-404,Sports & Outdoors,Camping & Hiking,Sol,405.28,705.98,1
4404,SKU-APP-004404,Lumina Men's Clothing Model-405,Apparel,Men's Clothing,Lumina,63.31,117.73,0
4405,SKU-AUT-004405,Echo Interior Accessories Model-406,Automotive,Interior Accessories,Echo,245.03,455.07,1
4406,SKU-TOY-004406,Echo Action Figures Model-407,Toys & Games,Action Figures,Echo,59.11,144.08,1
4407,SKU-GRO-004407,Summit Snacks Model-408,Grocery & Pantry,Snacks,Summit,123.1,282.56,1
4408,SKU-TOY-004408,Matrix Action Figures Model-409,Toys & Games,Action Figures,Matrix,395.64,787.67,1
4409,SKU-BEA-004409,Summit Fragrances Model-410,Beauty & Care,Fragrances,Summit,45.08,58.36,1
4410,SKU-AUT-004410,Prism Tools & Equipment Model-411,Automotive,Tools & Equipment,Prism,72.5,153.87,1
4411,SKU-APP-004411,Velocity Men's Clothing Model-412,Apparel,Men's Clothing,Velocity,398.11,812.36,1
4412,SKU-APP-004412,Titan Men's Clothing Model-413,Apparel,Men's Clothing,Titan,38.26,95.09,1
4413,SKU-ELE-004413,Vortex Accessories Model-414,Electronics,Accessories,Vortex,136.6,338.45,1
4414,SKU-GRO-004414,Lumina Organic Foods Model-415,Grocery & Pantry,Organic Foods,Lumina,358.99,877.03,1
4415,SKU-SPO-004415,Zenith Camping & Hiking Model-416,Sports & Outdoors,Camping & Hiking,Zenith,202.26,451.89,1
4416,SKU-SPO-004416,Lumina Water Sports Model-417,Sports & Outdoors,Water Sports,Lumina,227.6,309.17,1
4417,SKU-APP-004417,Summit Sportswear Model-418,Apparel,Sportswear,Summit,97.02,206.42,1
4418,SKU-HOM-004418,Aura Bedding Model-419,Home & Kitchen,Bedding,Aura,380.12,486.79,1
4419,SKU-AUT-004419,Summit Oils & Fluids Model-420,Automotive,Oils & Fluids,Summit,397.43,827.89,1
4420,SKU-BEA-004420,Pulse Fragrances Model-421,Beauty & Care,Fragrances,Pulse,441.64,968.81,1
4421,SKU-APP-004421,Vortex Footwear Model-422,Apparel,Footwear,Vortex,162.36,247.34,1
4422,SKU-AUT-004422,Vortex Tools & Equipment Model-423,Automotive,Tools & Equipment,Vortex,202.8,393.98,1
4423,SKU-TOY-004423,Apex Outdoor Toys Model-424,Toys & Games,Outdoor Toys,Apex,224.4,342.93,1
4424,SKU-TOY-004424,Zenith Board Games Model-425,Toys & Games,Board Games,Zenith,162.22,221.83,1
4425,SKU-GRO-004425,Apex Beverages Model-426,Grocery & Pantry,Beverages,Apex,221.39,345.8,1
4426,SKU-BEA-004426,Nova Haircare Model-427,Beauty & Care,Haircare,Nova,366.89,853.27,1
4427,SKU-TOY-004427,Horizon Outdoor Toys Model-428,Toys & Games,Outdoor Toys,Horizon,217.19,400.86,1
4428,SKU-BEA-004428,Zenith Haircare Model-429,Beauty & Care,Haircare,Zenith,67,93.71,1
4429,SKU-HOM-004429,Echo Furniture Model-430,Home & Kitchen,Furniture,Echo,8.65,17.53,1
4430,SKU-AUT-004430,Lumina Interior Accessories Model-431,Automotive,Interior Accessories,Lumina,441.35,630.75,1
4431,SKU-HOM-004431,Titan Small Appliances Model-432,Home & Kitchen,Small Appliances,Titan,42.77,64.89,1
4432,SKU-BEA-004432,Vortex Personal Care Model-433,Beauty & Care,Personal Care,Vortex,105.47,172.65,1
4433,SKU-TOY-004433,Velocity Educational Toys Model-434,Toys & Games,Educational Toys,Velocity,372.85,532.76,1
4434,SKU-AUT-004434,Lumina Oils & Fluids Model-435,Automotive,Oils & Fluids,Lumina,63.63,117.35,1
4435,SKU-TOY-004435,Pulse Puzzles Model-436,Toys & Games,Puzzles,Pulse,382.39,836.59,1
4436,SKU-ELE-004436,Aura Accessories Model-437,Electronics,Accessories,Aura,374.88,751.71,1
4437,SKU-APP-004437,Pulse Footwear Model-438,Apparel,Footwear,Pulse,294.93,419.85,1
4438,SKU-APP-004438,Velocity Footwear Model-439,Apparel,Footwear,Velocity,170.58,335.84,1
4439,SKU-APP-004439,Horizon Accessories Model-440,Apparel,Accessories,Horizon,316.1,451.79,1
4440,SKU-TOY-004440,Titan Action Figures Model-441,Toys & Games,Action Figures,Titan,394.83,643.68,1
4441,SKU-GRO-004441,Summit Snacks Model-442,Grocery & Pantry,Snacks,Summit,157.93,294.84,1
4442,SKU-ELE-004442,Matrix Audio & Headphones Model-443,Electronics,Audio & Headphones,Matrix,141.49,287.16,0
4443,SKU-SPO-004443,Horizon Team Sports Model-444,Sports & Outdoors,Team Sports,Horizon,31.03,71.91,1
4444,SKU-HOM-004444,Matrix Furniture Model-445,Home & Kitchen,Furniture,Matrix,309.68,430.65,1
4445,SKU-HOM-004445,Vortex Bedding Model-446,Home & Kitchen,Bedding,Vortex,320.82,442.42,1
4446,SKU-AUT-004446,Sol Car Care Model-447,Automotive,Car Care,Sol,255.21,411,1
4447,SKU-GRO-004447,Matrix Organic Foods Model-448,Grocery & Pantry,Organic Foods,Matrix,186.92,367.26,0
4448,SKU-TOY-004448,Summit Puzzles Model-449,Toys & Games,Puzzles,Summit,66.31,97.85,1
4449,SKU-HOM-004449,Prism Furniture Model-450,Home & Kitchen,Furniture,Prism,386.14,521.43,1
4450,SKU-GRO-004450,Vortex Snacks Model-451,Grocery & Pantry,Snacks,Vortex,74.22,116.56,1
4451,SKU-TOY-004451,Horizon Action Figures Model-452,Toys & Games,Action Figures,Horizon,213.44,274.74,1
4452,SKU-APP-004452,Zenith Accessories Model-453,Apparel,Accessories,Zenith,208.18,385.14,0
4453,SKU-SPO-004453,Summit Camping & Hiking Model-454,Sports & Outdoors,Camping & Hiking,Summit,410.53,743.74,1
4454,SKU-AUT-004454,Matrix Tools & Equipment Model-455,Automotive,Tools & Equipment,Matrix,270.47,669.06,1
4455,SKU-TOY-004455,Pulse Educational Toys Model-456,Toys & Games,Educational Toys,Pulse,202.11,448.08,1
4456,SKU-APP-004456,Echo Footwear Model-457,Apparel,Footwear,Echo,435.06,1049.33,1
4457,SKU-BEA-004457,Titan Haircare Model-458,Beauty & Care,Haircare,Titan,386.15,730.09,1
4458,SKU-GRO-004458,Echo Canned Goods Model-459,Grocery & Pantry,Canned Goods,Echo,326.44,554.14,1
4459,SKU-SPO-004459,Aura Camping & Hiking Model-460,Sports & Outdoors,Camping & Hiking,Aura,311.58,574.02,1
4460,SKU-SPO-004460,Sol Cycling Model-461,Sports & Outdoors,Cycling,Sol,46.25,67.74,1
4461,SKU-GRO-004461,Lumina Snacks Model-462,Grocery & Pantry,Snacks,Lumina,39.88,62.25,1
4462,SKU-AUT-004462,Pulse Car Care Model-463,Automotive,Car Care,Pulse,64.46,158.01,1
4463,SKU-ELE-004463,Lumina Laptops Model-464,Electronics,Laptops,Lumina,224.17,540.37,1
4464,SKU-TOY-004464,Lumina Educational Toys Model-465,Toys & Games,Educational Toys,Lumina,142.13,219.34,1
4465,SKU-SPO-004465,Pulse Team Sports Model-466,Sports & Outdoors,Team Sports,Pulse,328.36,641.35,1
4466,SKU-HOM-004466,Titan Bedding Model-467,Home & Kitchen,Bedding,Titan,179.33,380.71,1
4467,SKU-AUT-004467,Nova Tools & Equipment Model-468,Automotive,Tools & Equipment,Nova,437.87,907.54,1
4468,SKU-ELE-004468,Matrix Audio & Headphones Model-469,Electronics,Audio & Headphones,Matrix,219.65,423.88,1
4469,SKU-HOM-004469,Prism Cookware Model-470,Home & Kitchen,Cookware,Prism,388.05,701.66,1
4470,SKU-TOY-004470,Nova Puzzles Model-471,Toys & Games,Puzzles,Nova,168.66,412.53,1
4471,SKU-ELE-004471,Prism Wearables Model-472,Electronics,Wearables,Prism,65.24,86.84,1
4472,SKU-AUT-004472,Titan Interior Accessories Model-473,Automotive,Interior Accessories,Titan,200.51,333.62,1
4473,SKU-HOM-004473,Titan Cookware Model-474,Home & Kitchen,Cookware,Titan,71.18,154.25,1
4474,SKU-HOM-004474,Matrix Decor Model-475,Home & Kitchen,Decor,Matrix,283.29,631.83,0
4475,SKU-APP-004475,Summit Outerwear Model-476,Apparel,Outerwear,Summit,249.95,617.64,1
4476,SKU-APP-004476,Sol Sportswear Model-477,Apparel,Sportswear,Sol,141.91,208.75,1
4477,SKU-AUT-004477,Summit Tools & Equipment Model-478,Automotive,Tools & Equipment,Summit,355.22,566.3,1
4478,SKU-AUT-004478,Lumina Car Care Model-479,Automotive,Car Care,Lumina,312.54,683.67,1
4479,SKU-TOY-004479,Apex Board Games Model-480,Toys & Games,Board Games,Apex,167.3,237.16,1
4480,SKU-SPO-004480,Prism Camping & Hiking Model-481,Sports & Outdoors,Camping & Hiking,Prism,103.66,188.24,1
4481,SKU-HOM-004481,Nova Storage Model-482,Home & Kitchen,Storage,Nova,401.84,980.91,1
4482,SKU-TOY-004482,Aura Educational Toys Model-483,Toys & Games,Educational Toys,Aura,207.27,498.92,1
4483,SKU-HOM-004483,Zenith Small Appliances Model-484,Home & Kitchen,Small Appliances,Zenith,364.16,610.36,1
4484,SKU-AUT-004484,Apex Car Care Model-485,Automotive,Car Care,Apex,61.88,87.25,1
4485,SKU-TOY-004485,Sol Board Games Model-486,Toys & Games,Board Games,Sol,337.9,829.35,1
4486,SKU-TOY-004486,Matrix Puzzles Model-487,Toys & Games,Puzzles,Matrix,308.32,555.46,1
4487,SKU-SPO-004487,Apex Cycling Model-488,Sports & Outdoors,Cycling,Apex,150.65,340.58,1
4488,SKU-TOY-004488,Titan Action Figures Model-489,Toys & Games,Action Figures,Titan,277.96,527.66,1
4489,SKU-APP-004489,Summit Women's Clothing Model-490,Apparel,Women's Clothing,Summit,23.75,51.94,1
4490,SKU-AUT-004490,Lumina Tools & Equipment Model-491,Automotive,Tools & Equipment,Lumina,133.72,198.03,1
4491,SKU-GRO-004491,Zenith Organic Foods Model-492,Grocery & Pantry,Organic Foods,Zenith,15.71,29.31,1
4492,SKU-GRO-004492,Horizon Beverages Model-493,Grocery & Pantry,Beverages,Horizon,197.32,316.18,1
4493,SKU-HOM-004493,Zenith Bedding Model-494,Home & Kitchen,Bedding,Zenith,71.74,151.06,0
4494,SKU-SPO-004494,Pulse Cycling Model-495,Sports & Outdoors,Cycling,Pulse,217.03,469.45,1
4495,SKU-AUT-004495,Apex Tools & Equipment Model-496,Automotive,Tools & Equipment,Apex,369.51,817.26,1
4496,SKU-APP-004496,Sol Footwear Model-497,Apparel,Footwear,Sol,219.38,452.3,1
4497,SKU-HOM-004497,Apex Decor Model-498,Home & Kitchen,Decor,Apex,443.65,1097.82,1
4498,SKU-AUT-004498,Echo Interior Accessories Model-499,Automotive,Interior Accessories,Echo,300.16,444.97,1
4499,SKU-GRO-004499,Sol Snacks Model-500,Grocery & Pantry,Snacks,Sol,439.07,1057.93,1
4500,SKU-ELE-004500,Lumina Accessories Model-501,Electronics,Accessories,Lumina,428.93,555.7,1
4501,SKU-HOM-004501,Horizon Storage Model-502,Home & Kitchen,Storage,Horizon,121.78,292.85,1
4502,SKU-HOM-004502,Lumina Bedding Model-503,Home & Kitchen,Bedding,Lumina,125.46,277.39,1
4503,SKU-BEA-004503,Sol Cosmetics Model-504,Beauty & Care,Cosmetics,Sol,431.25,981.67,1
4504,SKU-APP-004504,Apex Outerwear Model-505,Apparel,Outerwear,Apex,95.28,127.37,1
4505,SKU-GRO-004505,Apex Organic Foods Model-506,Grocery & Pantry,Organic Foods,Apex,72.48,173.35,1
4506,SKU-SPO-004506,Prism Cycling Model-507,Sports & Outdoors,Cycling,Prism,75.55,117.04,1
4507,SKU-TOY-004507,Sol Puzzles Model-508,Toys & Games,Puzzles,Sol,366.33,800.12,1
4508,SKU-SPO-004508,Velocity Cycling Model-509,Sports & Outdoors,Cycling,Velocity,303.3,441.79,1
4509,SKU-BEA-004509,Apex Skincare Model-510,Beauty & Care,Skincare,Apex,15.37,33.47,1
4510,SKU-APP-004510,Sol Accessories Model-511,Apparel,Accessories,Sol,92.43,174.67,1
4511,SKU-SPO-004511,Apex Fitness Gear Model-512,Sports & Outdoors,Fitness Gear,Apex,370.29,803,1
4512,SKU-TOY-004512,Vortex Educational Toys Model-513,Toys & Games,Educational Toys,Vortex,117.84,243.85,1
4513,SKU-BEA-004513,Echo Cosmetics Model-514,Beauty & Care,Cosmetics,Echo,415.41,535.14,1
4514,SKU-AUT-004514,Prism Tools & Equipment Model-515,Automotive,Tools & Equipment,Prism,203.37,384.94,1
4515,SKU-TOY-004515,Summit Action Figures Model-516,Toys & Games,Action Figures,Summit,19.9,47.32,1
4516,SKU-TOY-004516,Velocity Action Figures Model-517,Toys & Games,Action Figures,Velocity,79.56,118.95,1
4517,SKU-BEA-004517,Matrix Haircare Model-518,Beauty & Care,Haircare,Matrix,173.16,256.18,1
4518,SKU-TOY-004518,Horizon Board Games Model-519,Toys & Games,Board Games,Horizon,158.25,240.72,1
4519,SKU-HOM-004519,Apex Small Appliances Model-520,Home & Kitchen,Small Appliances,Apex,419.08,560.32,1
4520,SKU-GRO-004520,Prism Condiments Model-521,Grocery & Pantry,Condiments,Prism,340.01,479.91,1
4521,SKU-GRO-004521,Zenith Snacks Model-522,Grocery & Pantry,Snacks,Zenith,428.69,1013.13,1
4522,SKU-BEA-004522,Zenith Personal Care Model-523,Beauty & Care,Personal Care,Zenith,8.02,14.66,1
4523,SKU-APP-004523,Zenith Women's Clothing Model-524,Apparel,Women's Clothing,Zenith,253.62,478.89,1
4524,SKU-APP-004524,Aura Sportswear Model-525,Apparel,Sportswear,Aura,283.34,550.1,1
4525,SKU-HOM-004525,Sol Small Appliances Model-526,Home & Kitchen,Small Appliances,Sol,436.41,599.62,1
4526,SKU-AUT-004526,Pulse Oils & Fluids Model-527,Automotive,Oils & Fluids,Pulse,127.57,308.17,1
4527,SKU-GRO-004527,Zenith Condiments Model-528,Grocery & Pantry,Condiments,Zenith,368.93,729.6,1
4528,SKU-AUT-004528,Echo Car Care Model-529,Automotive,Car Care,Echo,422.04,629.1,1
4529,SKU-BEA-004529,Lumina Skincare Model-530,Beauty & Care,Skincare,Lumina,291.57,492.75,1
4530,SKU-GRO-004530,Sol Condiments Model-531,Grocery & Pantry,Condiments,Sol,97.45,184.07,1
4531,SKU-SPO-004531,Echo Team Sports Model-532,Sports & Outdoors,Team Sports,Echo,29.76,47.51,1
4532,SKU-TOY-004532,Apex Board Games Model-533,Toys & Games,Board Games,Apex,393.29,593.16,1
4533,SKU-TOY-004533,Vortex Action Figures Model-534,Toys & Games,Action Figures,Vortex,195.86,340.02,1
4534,SKU-TOY-004534,Lumina Puzzles Model-535,Toys & Games,Puzzles,Lumina,248.88,316.45,1
4535,SKU-ELE-004535,Pulse Accessories Model-536,Electronics,Accessories,Pulse,443.25,961.31,1
4536,SKU-AUT-004536,Aura Oils & Fluids Model-537,Automotive,Oils & Fluids,Aura,229.05,347.9,1
4537,SKU-BEA-004537,Lumina Skincare Model-538,Beauty & Care,Skincare,Lumina,208.78,447.91,1
4538,SKU-TOY-004538,Prism Puzzles Model-539,Toys & Games,Puzzles,Prism,345.52,513.72,1
4539,SKU-GRO-004539,Titan Canned Goods Model-540,Grocery & Pantry,Canned Goods,Titan,159.75,399.28,1
4540,SKU-GRO-004540,Matrix Snacks Model-541,Grocery & Pantry,Snacks,Matrix,228.82,478.11,1
4541,SKU-HOM-004541,Vortex Cookware Model-542,Home & Kitchen,Cookware,Vortex,230.18,426.31,1
4542,SKU-GRO-004542,Zenith Snacks Model-543,Grocery & Pantry,Snacks,Zenith,447.36,709.71,1
4543,SKU-SPO-004543,Vortex Cycling Model-544,Sports & Outdoors,Cycling,Vortex,399.23,930.36,1
4544,SKU-GRO-004544,Nova Breakfast Model-545,Grocery & Pantry,Breakfast,Nova,121.8,190.28,1
4545,SKU-GRO-004545,Horizon Canned Goods Model-546,Grocery & Pantry,Canned Goods,Horizon,22.29,47.51,1
4546,SKU-APP-004546,Sol Accessories Model-547,Apparel,Accessories,Sol,111.81,199.42,1
4547,SKU-ELE-004547,Nova Accessories Model-548,Electronics,Accessories,Nova,71.96,112.43,1
4548,SKU-GRO-004548,Titan Organic Foods Model-549,Grocery & Pantry,Organic Foods,Titan,213.32,432.5,1
4549,SKU-AUT-004549,Matrix Oils & Fluids Model-550,Automotive,Oils & Fluids,Matrix,330.1,600.52,1
4550,SKU-ELE-004550,Pulse Audio & Headphones Model-551,Electronics,Audio & Headphones,Pulse,352.19,868.82,1
4551,SKU-BEA-004551,Vortex Skincare Model-552,Beauty & Care,Skincare,Vortex,149.74,306.16,1
4552,SKU-APP-004552,Summit Footwear Model-553,Apparel,Footwear,Summit,29.98,71.08,1
4553,SKU-AUT-004553,Nova Oils & Fluids Model-554,Automotive,Oils & Fluids,Nova,78.57,129.62,1
4554,SKU-APP-004554,Velocity Accessories Model-555,Apparel,Accessories,Velocity,443.3,574.42,1
4555,SKU-SPO-004555,Velocity Camping & Hiking Model-556,Sports & Outdoors,Camping & Hiking,Velocity,99.14,174.71,1
4556,SKU-SPO-004556,Velocity Cycling Model-557,Sports & Outdoors,Cycling,Velocity,89.98,148.96,1
4557,SKU-SPO-004557,Sol Water Sports Model-558,Sports & Outdoors,Water Sports,Sol,69.49,116.9,1
4558,SKU-SPO-004558,Velocity Team Sports Model-559,Sports & Outdoors,Team Sports,Velocity,393.4,927.4,1
4559,SKU-GRO-004559,Apex Canned Goods Model-560,Grocery & Pantry,Canned Goods,Apex,413.14,859.06,1
4560,SKU-GRO-004560,Zenith Snacks Model-561,Grocery & Pantry,Snacks,Zenith,414.12,920.39,1
4561,SKU-SPO-004561,Prism Fitness Gear Model-562,Sports & Outdoors,Fitness Gear,Prism,396.08,882.66,1
4562,SKU-HOM-004562,Vortex Small Appliances Model-563,Home & Kitchen,Small Appliances,Vortex,355.81,876.74,1
4563,SKU-ELE-004563,Vortex Smart Home Model-564,Electronics,Smart Home,Vortex,449.88,1067.24,1
4564,SKU-TOY-004564,Matrix Puzzles Model-565,Toys & Games,Puzzles,Matrix,356.49,806.36,1
4565,SKU-HOM-004565,Zenith Small Appliances Model-566,Home & Kitchen,Small Appliances,Zenith,133.89,179.5,1
4566,SKU-HOM-004566,Nova Bedding Model-567,Home & Kitchen,Bedding,Nova,285.55,470.73,1
4567,SKU-HOM-004567,Vortex Decor Model-568,Home & Kitchen,Decor,Vortex,322.79,615.76,1
4568,SKU-SPO-004568,Horizon Camping & Hiking Model-569,Sports & Outdoors,Camping & Hiking,Horizon,239.78,584.89,1
4569,SKU-BEA-004569,Echo Cosmetics Model-570,Beauty & Care,Cosmetics,Echo,146.33,292.31,1
4570,SKU-BEA-004570,Sol Haircare Model-571,Beauty & Care,Haircare,Sol,398.35,680.75,1
4571,SKU-HOM-004571,Aura Decor Model-572,Home & Kitchen,Decor,Aura,367.44,658.59,1
4572,SKU-HOM-004572,Vortex Bedding Model-573,Home & Kitchen,Bedding,Vortex,347.08,455.69,1
4573,SKU-APP-004573,Apex Women's Clothing Model-574,Apparel,Women's Clothing,Apex,293.2,430,1
4574,SKU-APP-004574,Lumina Women's Clothing Model-575,Apparel,Women's Clothing,Lumina,211.54,305.44,1
4575,SKU-TOY-004575,Matrix Puzzles Model-576,Toys & Games,Puzzles,Matrix,306.95,567.87,0
4576,SKU-HOM-004576,Velocity Small Appliances Model-577,Home & Kitchen,Small Appliances,Velocity,268.47,670.1,1
4577,SKU-HOM-004577,Summit Cookware Model-578,Home & Kitchen,Cookware,Summit,81.81,139.67,1
4578,SKU-GRO-004578,Aura Beverages Model-579,Grocery & Pantry,Beverages,Aura,369,855.64,1
4579,SKU-TOY-004579,Pulse Puzzles Model-580,Toys & Games,Puzzles,Pulse,133.83,175.19,1
4580,SKU-GRO-004580,Aura Canned Goods Model-581,Grocery & Pantry,Canned Goods,Aura,175.98,372.27,1
4581,SKU-ELE-004581,Matrix Audio & Headphones Model-582,Electronics,Audio & Headphones,Matrix,267.06,407.29,1
4582,SKU-HOM-004582,Horizon Storage Model-583,Home & Kitchen,Storage,Horizon,302.22,739.51,1
4583,SKU-ELE-004583,Summit Wearables Model-584,Electronics,Wearables,Summit,161.93,261.59,1
4584,SKU-HOM-004584,Sol Furniture Model-585,Home & Kitchen,Furniture,Sol,220.84,544.71,1
4585,SKU-GRO-004585,Lumina Breakfast Model-586,Grocery & Pantry,Breakfast,Lumina,33.3,52.28,1
4586,SKU-GRO-004586,Lumina Snacks Model-587,Grocery & Pantry,Snacks,Lumina,5.84,8.08,1
4587,SKU-HOM-004587,Lumina Bedding Model-588,Home & Kitchen,Bedding,Lumina,143.84,187.58,1
4588,SKU-BEA-004588,Zenith Personal Care Model-589,Beauty & Care,Personal Care,Zenith,380.45,818.42,1
4589,SKU-APP-004589,Nova Outerwear Model-590,Apparel,Outerwear,Nova,225.57,282.01,1
4590,SKU-SPO-004590,Prism Camping & Hiking Model-591,Sports & Outdoors,Camping & Hiking,Prism,398.86,835.65,1
4591,SKU-HOM-004591,Zenith Cookware Model-592,Home & Kitchen,Cookware,Zenith,325.51,813.47,1
4592,SKU-SPO-004592,Aura Team Sports Model-593,Sports & Outdoors,Team Sports,Aura,205.04,325.49,1
4593,SKU-ELE-004593,Velocity Accessories Model-594,Electronics,Accessories,Velocity,368.56,862.72,1
4594,SKU-SPO-004594,Velocity Camping & Hiking Model-595,Sports & Outdoors,Camping & Hiking,Velocity,45.3,62.98,1
4595,SKU-TOY-004595,Sol Action Figures Model-596,Toys & Games,Action Figures,Sol,19.52,40.1,1
4596,SKU-SPO-004596,Matrix Camping & Hiking Model-597,Sports & Outdoors,Camping & Hiking,Matrix,6.55,14.74,1
4597,SKU-ELE-004597,Zenith Accessories Model-598,Electronics,Accessories,Zenith,398.86,802.23,1
4598,SKU-HOM-004598,Sol Bedding Model-599,Home & Kitchen,Bedding,Sol,156.9,293.54,1
4599,SKU-ELE-004599,Echo Audio & Headphones Model-600,Electronics,Audio & Headphones,Echo,135.13,272.32,1
4600,SKU-GRO-004600,Lumina Snacks Model-601,Grocery & Pantry,Snacks,Lumina,44.44,82.7,1
4601,SKU-AUT-004601,Lumina Interior Accessories Model-602,Automotive,Interior Accessories,Lumina,281.21,582.5,1
4602,SKU-SPO-004602,Nova Camping & Hiking Model-603,Sports & Outdoors,Camping & Hiking,Nova,443.62,992.73,1
4603,SKU-ELE-004603,Aura Accessories Model-604,Electronics,Accessories,Aura,294.35,397.44,1
4604,SKU-APP-004604,Echo Footwear Model-605,Apparel,Footwear,Echo,386.89,591.32,0
4605,SKU-TOY-004605,Vortex Puzzles Model-606,Toys & Games,Puzzles,Vortex,449.51,792.74,1
4606,SKU-APP-004606,Titan Sportswear Model-607,Apparel,Sportswear,Titan,240.42,463,1
4607,SKU-SPO-004607,Apex Camping & Hiking Model-608,Sports & Outdoors,Camping & Hiking,Apex,151.09,208.83,1
4608,SKU-HOM-004608,Aura Decor Model-609,Home & Kitchen,Decor,Aura,205.32,326.87,1
4609,SKU-AUT-004609,Apex Oils & Fluids Model-610,Automotive,Oils & Fluids,Apex,77.47,124.82,1
4610,SKU-TOY-004610,Pulse Outdoor Toys Model-611,Toys & Games,Outdoor Toys,Pulse,441.21,1100.39,1
4611,SKU-AUT-004611,Sol Car Care Model-612,Automotive,Car Care,Sol,196.43,408.61,1
4612,SKU-HOM-004612,Lumina Decor Model-613,Home & Kitchen,Decor,Lumina,286.28,448.24,1
4613,SKU-ELE-004613,Matrix Wearables Model-614,Electronics,Wearables,Matrix,331.87,642.23,1
4614,SKU-SPO-004614,Matrix Camping & Hiking Model-615,Sports & Outdoors,Camping & Hiking,Matrix,325.57,493.42,1
4615,SKU-BEA-004615,Zenith Personal Care Model-616,Beauty & Care,Personal Care,Zenith,105.87,259.12,1
4616,SKU-TOY-004616,Summit Outdoor Toys Model-617,Toys & Games,Outdoor Toys,Summit,379.26,804.47,1
4617,SKU-AUT-004617,Prism Tools & Equipment Model-618,Automotive,Tools & Equipment,Prism,323.94,562.81,1
4618,SKU-APP-004618,Titan Sportswear Model-619,Apparel,Sportswear,Titan,93.04,224.6,1
4619,SKU-HOM-004619,Nova Bedding Model-620,Home & Kitchen,Bedding,Nova,41.41,65.96,1
4620,SKU-SPO-004620,Nova Water Sports Model-621,Sports & Outdoors,Water Sports,Nova,228.24,316.7,1
4621,SKU-TOY-004621,Titan Board Games Model-622,Toys & Games,Board Games,Titan,6.71,11.95,1
4622,SKU-AUT-004622,Zenith Tools & Equipment Model-623,Automotive,Tools & Equipment,Zenith,384.07,909.71,1
4623,SKU-APP-004623,Lumina Outerwear Model-624,Apparel,Outerwear,Lumina,433.33,973.41,1
4624,SKU-HOM-004624,Apex Decor Model-625,Home & Kitchen,Decor,Apex,433.94,593.45,1
4625,SKU-APP-004625,Aura Footwear Model-626,Apparel,Footwear,Aura,204.37,350.44,1
4626,SKU-SPO-004626,Matrix Cycling Model-627,Sports & Outdoors,Cycling,Matrix,364.33,760.77,1
4627,SKU-APP-004627,Echo Women's Clothing Model-628,Apparel,Women's Clothing,Echo,110.72,201.25,1
4628,SKU-AUT-004628,Sol Interior Accessories Model-629,Automotive,Interior Accessories,Sol,414.95,527.1,1
4629,SKU-ELE-004629,Lumina Audio & Headphones Model-630,Electronics,Audio & Headphones,Lumina,379.08,604.32,1
4630,SKU-BEA-004630,Zenith Skincare Model-631,Beauty & Care,Skincare,Zenith,248.91,328.82,0
4631,SKU-HOM-004631,Zenith Small Appliances Model-632,Home & Kitchen,Small Appliances,Zenith,355.61,780.28,1
4632,SKU-AUT-004632,Velocity Oils & Fluids Model-633,Automotive,Oils & Fluids,Velocity,436.92,872.29,0
4633,SKU-SPO-004633,Titan Camping & Hiking Model-634,Sports & Outdoors,Camping & Hiking,Titan,52.16,111.75,1
4634,SKU-AUT-004634,Prism Tools & Equipment Model-635,Automotive,Tools & Equipment,Prism,11.11,24.67,1
4635,SKU-HOM-004635,Nova Storage Model-636,Home & Kitchen,Storage,Nova,238.64,519.16,1
4636,SKU-BEA-004636,Echo Skincare Model-637,Beauty & Care,Skincare,Echo,126.96,219.32,1
4637,SKU-TOY-004637,Prism Action Figures Model-638,Toys & Games,Action Figures,Prism,290.77,579.12,1
4638,SKU-GRO-004638,Horizon Condiments Model-639,Grocery & Pantry,Condiments,Horizon,342.95,455.51,1
4639,SKU-SPO-004639,Velocity Team Sports Model-640,Sports & Outdoors,Team Sports,Velocity,11.54,15.49,1
4640,SKU-ELE-004640,Vortex Accessories Model-641,Electronics,Accessories,Vortex,379.43,647.72,1
4641,SKU-BEA-004641,Matrix Haircare Model-642,Beauty & Care,Haircare,Matrix,193.95,271.68,1
4642,SKU-HOM-004642,Vortex Cookware Model-643,Home & Kitchen,Cookware,Vortex,98.87,241.94,1
4643,SKU-TOY-004643,Pulse Board Games Model-644,Toys & Games,Board Games,Pulse,352.93,597.49,1
4644,SKU-ELE-004644,Prism Smart Home Model-645,Electronics,Smart Home,Prism,54.88,85.13,1
4645,SKU-ELE-004645,Nova Laptops Model-646,Electronics,Laptops,Nova,282.63,646.65,1
4646,SKU-SPO-004646,Lumina Fitness Gear Model-647,Sports & Outdoors,Fitness Gear,Lumina,158.22,350.2,1
4647,SKU-AUT-004647,Prism Car Care Model-648,Automotive,Car Care,Prism,322.66,473.04,1
4648,SKU-AUT-004648,Vortex Oils & Fluids Model-649,Automotive,Oils & Fluids,Vortex,304.45,424.89,1
4649,SKU-GRO-004649,Titan Breakfast Model-650,Grocery & Pantry,Breakfast,Titan,36.81,62.26,0
4650,SKU-SPO-004650,Titan Fitness Gear Model-651,Sports & Outdoors,Fitness Gear,Titan,338.68,518.12,1
4651,SKU-SPO-004651,Nova Fitness Gear Model-652,Sports & Outdoors,Fitness Gear,Nova,150.32,323.09,1
4652,SKU-ELE-004652,Zenith Wearables Model-653,Electronics,Wearables,Zenith,350.93,779.21,1
4653,SKU-TOY-004653,Horizon Outdoor Toys Model-654,Toys & Games,Outdoor Toys,Horizon,357.85,676.24,1
4654,SKU-APP-004654,Pulse Sportswear Model-655,Apparel,Sportswear,Pulse,7.41,11.42,1
4655,SKU-TOY-004655,Sol Outdoor Toys Model-656,Toys & Games,Outdoor Toys,Sol,334.05,511.73,1
4656,SKU-SPO-004656,Echo Fitness Gear Model-657,Sports & Outdoors,Fitness Gear,Echo,258.47,445.27,1
4657,SKU-GRO-004657,Lumina Beverages Model-658,Grocery & Pantry,Beverages,Lumina,156.07,373.44,1
4658,SKU-ELE-004658,Vortex Accessories Model-659,Electronics,Accessories,Vortex,158.13,366.24,1
4659,SKU-TOY-004659,Aura Outdoor Toys Model-660,Toys & Games,Outdoor Toys,Aura,270.62,473.24,1
4660,SKU-HOM-004660,Lumina Bedding Model-661,Home & Kitchen,Bedding,Lumina,322.23,450.29,1
4661,SKU-AUT-004661,Velocity Oils & Fluids Model-662,Automotive,Oils & Fluids,Velocity,312.6,630.78,1
4662,SKU-SPO-004662,Lumina Team Sports Model-663,Sports & Outdoors,Team Sports,Lumina,45.72,75.78,1
4663,SKU-GRO-004663,Summit Condiments Model-664,Grocery & Pantry,Condiments,Summit,66,103.05,1
4664,SKU-AUT-004664,Velocity Tools & Equipment Model-665,Automotive,Tools & Equipment,Velocity,228.62,389.67,1
4665,SKU-APP-004665,Horizon Sportswear Model-666,Apparel,Sportswear,Horizon,339.55,527.36,1
4666,SKU-SPO-004666,Summit Water Sports Model-667,Sports & Outdoors,Water Sports,Summit,287.74,361.44,1
4667,SKU-GRO-004667,Titan Organic Foods Model-668,Grocery & Pantry,Organic Foods,Titan,417.6,946.81,1
4668,SKU-TOY-004668,Aura Action Figures Model-669,Toys & Games,Action Figures,Aura,253.11,523.7,1
4669,SKU-SPO-004669,Titan Cycling Model-670,Sports & Outdoors,Cycling,Titan,115.46,164.58,1
4670,SKU-APP-004670,Nova Women's Clothing Model-671,Apparel,Women's Clothing,Nova,64.87,89.29,1
4671,SKU-APP-004671,Nova Sportswear Model-672,Apparel,Sportswear,Nova,80.42,162.71,1
4672,SKU-APP-004672,Vortex Outerwear Model-673,Apparel,Outerwear,Vortex,150.76,288.43,1
4673,SKU-SPO-004673,Sol Camping & Hiking Model-674,Sports & Outdoors,Camping & Hiking,Sol,293.87,656.73,1
4674,SKU-GRO-004674,Summit Condiments Model-675,Grocery & Pantry,Condiments,Summit,359.87,531.23,1
4675,SKU-ELE-004675,Prism Audio & Headphones Model-676,Electronics,Audio & Headphones,Prism,316.76,626.87,1
4676,SKU-GRO-004676,Apex Snacks Model-677,Grocery & Pantry,Snacks,Apex,135.79,231.04,1
4677,SKU-HOM-004677,Zenith Storage Model-678,Home & Kitchen,Storage,Zenith,299.03,514.46,1
4678,SKU-TOY-004678,Matrix Puzzles Model-679,Toys & Games,Puzzles,Matrix,316.24,630.74,1
4679,SKU-BEA-004679,Vortex Haircare Model-680,Beauty & Care,Haircare,Vortex,165.06,262.37,1
4680,SKU-ELE-004680,Summit Smart Home Model-681,Electronics,Smart Home,Summit,88.38,178.68,1
4681,SKU-AUT-004681,Prism Tools & Equipment Model-682,Automotive,Tools & Equipment,Prism,312.61,512.2,1
4682,SKU-BEA-004682,Echo Fragrances Model-683,Beauty & Care,Fragrances,Echo,127.21,316.02,1
4683,SKU-GRO-004683,Lumina Organic Foods Model-684,Grocery & Pantry,Organic Foods,Lumina,426.64,585.35,1
4684,SKU-GRO-004684,Summit Organic Foods Model-685,Grocery & Pantry,Organic Foods,Summit,287.44,485.44,1
4685,SKU-AUT-004685,Zenith Interior Accessories Model-686,Automotive,Interior Accessories,Zenith,40.38,83.96,1
4686,SKU-GRO-004686,Velocity Condiments Model-687,Grocery & Pantry,Condiments,Velocity,109.71,225.95,1
4687,SKU-APP-004687,Apex Men's Clothing Model-688,Apparel,Men's Clothing,Apex,271.6,599.5,1
4688,SKU-TOY-004688,Zenith Action Figures Model-689,Toys & Games,Action Figures,Zenith,150.65,229.71,1
4689,SKU-ELE-004689,Sol Audio & Headphones Model-690,Electronics,Audio & Headphones,Sol,369.78,755.11,1
4690,SKU-AUT-004690,Apex Oils & Fluids Model-691,Automotive,Oils & Fluids,Apex,405.38,559.61,1
4691,SKU-AUT-004691,Velocity Interior Accessories Model-692,Automotive,Interior Accessories,Velocity,399.9,752.36,1
4692,SKU-HOM-004692,Lumina Furniture Model-693,Home & Kitchen,Furniture,Lumina,354.85,565.94,1
4693,SKU-GRO-004693,Apex Breakfast Model-694,Grocery & Pantry,Breakfast,Apex,31.92,55.47,1
4694,SKU-AUT-004694,Apex Tools & Equipment Model-695,Automotive,Tools & Equipment,Apex,131.24,177.8,1
4695,SKU-HOM-004695,Titan Furniture Model-696,Home & Kitchen,Furniture,Titan,207.42,325,1
4696,SKU-GRO-004696,Summit Beverages Model-697,Grocery & Pantry,Beverages,Summit,49.87,114.62,1
4697,SKU-AUT-004697,Zenith Car Care Model-698,Automotive,Car Care,Zenith,165.18,277.71,1
4698,SKU-BEA-004698,Sol Fragrances Model-699,Beauty & Care,Fragrances,Sol,307.97,641.72,1
4699,SKU-APP-004699,Aura Footwear Model-700,Apparel,Footwear,Aura,60.8,143.87,1
4700,SKU-ELE-004700,Sol Accessories Model-701,Electronics,Accessories,Sol,344.48,831.17,1
4701,SKU-TOY-004701,Vortex Puzzles Model-702,Toys & Games,Puzzles,Vortex,123.83,238.82,1
4702,SKU-AUT-004702,Lumina Tools & Equipment Model-703,Automotive,Tools & Equipment,Lumina,269.5,405.04,1
4703,SKU-ELE-004703,Horizon Accessories Model-704,Electronics,Accessories,Horizon,428.94,996.29,1
4704,SKU-ELE-004704,Horizon Laptops Model-705,Electronics,Laptops,Horizon,52.14,128.96,1
4705,SKU-ELE-004705,Horizon Wearables Model-706,Electronics,Wearables,Horizon,192.03,276.32,1
4706,SKU-BEA-004706,Prism Haircare Model-707,Beauty & Care,Haircare,Prism,257.49,535.02,1
4707,SKU-BEA-004707,Lumina Fragrances Model-708,Beauty & Care,Fragrances,Lumina,428.51,852.9,1
4708,SKU-SPO-004708,Lumina Water Sports Model-709,Sports & Outdoors,Water Sports,Lumina,195.37,446.27,1
4709,SKU-ELE-004709,Summit Audio & Headphones Model-710,Electronics,Audio & Headphones,Summit,374.72,640.82,1
4710,SKU-BEA-004710,Vortex Fragrances Model-711,Beauty & Care,Fragrances,Vortex,132.85,216,1
4711,SKU-TOY-004711,Aura Puzzles Model-712,Toys & Games,Puzzles,Aura,286.45,460.57,1
4712,SKU-HOM-004712,Lumina Furniture Model-713,Home & Kitchen,Furniture,Lumina,46.41,74.3,1
4713,SKU-TOY-004713,Apex Puzzles Model-714,Toys & Games,Puzzles,Apex,205.75,349.51,1
4714,SKU-AUT-004714,Pulse Tools & Equipment Model-715,Automotive,Tools & Equipment,Pulse,165.87,282.12,1
4715,SKU-SPO-004715,Matrix Cycling Model-716,Sports & Outdoors,Cycling,Matrix,23.19,32.88,1
4716,SKU-GRO-004716,Prism Canned Goods Model-717,Grocery & Pantry,Canned Goods,Prism,145.13,220.78,1
4717,SKU-GRO-004717,Titan Canned Goods Model-718,Grocery & Pantry,Canned Goods,Titan,205.55,323.66,0
4718,SKU-BEA-004718,Velocity Skincare Model-719,Beauty & Care,Skincare,Velocity,339.26,467.84,1
4719,SKU-ELE-004719,Pulse Smartphones Model-720,Electronics,Smartphones,Pulse,111.39,140.73,1
4720,SKU-TOY-004720,Horizon Educational Toys Model-721,Toys & Games,Educational Toys,Horizon,92.88,160.38,1
4721,SKU-TOY-004721,Vortex Outdoor Toys Model-722,Toys & Games,Outdoor Toys,Vortex,95.35,218.71,1
4722,SKU-BEA-004722,Vortex Cosmetics Model-723,Beauty & Care,Cosmetics,Vortex,22.7,43.41,1
4723,SKU-TOY-004723,Zenith Puzzles Model-724,Toys & Games,Puzzles,Zenith,217.51,505.63,1
4724,SKU-BEA-004724,Zenith Personal Care Model-725,Beauty & Care,Personal Care,Zenith,201.99,442.68,1
4725,SKU-ELE-004725,Matrix Laptops Model-726,Electronics,Laptops,Matrix,94.4,129.09,1
4726,SKU-TOY-004726,Zenith Outdoor Toys Model-727,Toys & Games,Outdoor Toys,Zenith,166.57,262.53,1
4727,SKU-BEA-004727,Nova Haircare Model-728,Beauty & Care,Haircare,Nova,400.21,733.85,1
4728,SKU-TOY-004728,Lumina Puzzles Model-729,Toys & Games,Puzzles,Lumina,37.65,77.53,1
4729,SKU-AUT-004729,Apex Interior Accessories Model-730,Automotive,Interior Accessories,Apex,195.87,395.86,1
4730,SKU-ELE-004730,Prism Laptops Model-731,Electronics,Laptops,Prism,249.01,578.08,1
4731,SKU-SPO-004731,Pulse Water Sports Model-732,Sports & Outdoors,Water Sports,Pulse,36.41,90.4,1
4732,SKU-SPO-004732,Prism Team Sports Model-733,Sports & Outdoors,Team Sports,Prism,42.18,53.97,1
4733,SKU-SPO-004733,Prism Camping & Hiking Model-734,Sports & Outdoors,Camping & Hiking,Prism,250.12,537.81,1
4734,SKU-BEA-004734,Lumina Haircare Model-735,Beauty & Care,Haircare,Lumina,333.36,467.76,1
4735,SKU-SPO-004735,Lumina Cycling Model-736,Sports & Outdoors,Cycling,Lumina,122.49,266.59,1
4736,SKU-ELE-004736,Velocity Smart Home Model-737,Electronics,Smart Home,Velocity,418.79,834.88,1
4737,SKU-AUT-004737,Vortex Interior Accessories Model-738,Automotive,Interior Accessories,Vortex,189.29,259.75,1
4738,SKU-AUT-004738,Sol Tools & Equipment Model-739,Automotive,Tools & Equipment,Sol,75.58,135.72,0
4739,SKU-BEA-004739,Velocity Cosmetics Model-740,Beauty & Care,Cosmetics,Velocity,185.99,302.2,1
4740,SKU-ELE-004740,Matrix Smart Home Model-741,Electronics,Smart Home,Matrix,86.65,122.21,1
4741,SKU-HOM-004741,Echo Furniture Model-742,Home & Kitchen,Furniture,Echo,130.72,204.16,1
4742,SKU-BEA-004742,Pulse Fragrances Model-743,Beauty & Care,Fragrances,Pulse,288.63,439.95,1
4743,SKU-GRO-004743,Lumina Canned Goods Model-744,Grocery & Pantry,Canned Goods,Lumina,354.74,635.62,1
4744,SKU-ELE-004744,Apex Laptops Model-745,Electronics,Laptops,Apex,110.53,214.54,1
4745,SKU-HOM-004745,Summit Decor Model-746,Home & Kitchen,Decor,Summit,407.77,549.09,1
4746,SKU-HOM-004746,Summit Small Appliances Model-747,Home & Kitchen,Small Appliances,Summit,76.87,172.15,1
4747,SKU-GRO-004747,Vortex Breakfast Model-748,Grocery & Pantry,Breakfast,Vortex,206.17,495.24,1
4748,SKU-ELE-004748,Velocity Accessories Model-749,Electronics,Accessories,Velocity,243.12,604.36,1
4749,SKU-HOM-004749,Sol Bedding Model-750,Home & Kitchen,Bedding,Sol,113.07,210.3,1
4750,SKU-AUT-004750,Vortex Interior Accessories Model-751,Automotive,Interior Accessories,Vortex,118.97,280.92,1
4751,SKU-GRO-004751,Velocity Canned Goods Model-752,Grocery & Pantry,Canned Goods,Velocity,144.4,208.32,1
4752,SKU-GRO-004752,Velocity Condiments Model-753,Grocery & Pantry,Condiments,Velocity,90.88,225.41,1
4753,SKU-HOM-004753,Aura Bedding Model-754,Home & Kitchen,Bedding,Aura,287.74,502.72,1
4754,SKU-ELE-004754,Velocity Audio & Headphones Model-755,Electronics,Audio & Headphones,Velocity,94.3,209.5,1
4755,SKU-TOY-004755,Titan Action Figures Model-756,Toys & Games,Action Figures,Titan,268.89,580.05,1
4756,SKU-HOM-004756,Pulse Storage Model-757,Home & Kitchen,Storage,Pulse,8.35,19.86,1
4757,SKU-AUT-004757,Nova Oils & Fluids Model-758,Automotive,Oils & Fluids,Nova,350.69,799.31,1
4758,SKU-SPO-004758,Titan Fitness Gear Model-759,Sports & Outdoors,Fitness Gear,Titan,44.11,93.09,1
4759,SKU-GRO-004759,Zenith Canned Goods Model-760,Grocery & Pantry,Canned Goods,Zenith,117.45,268.77,1
4760,SKU-SPO-004760,Pulse Water Sports Model-761,Sports & Outdoors,Water Sports,Pulse,359.58,862.97,1
4761,SKU-ELE-004761,Horizon Smart Home Model-762,Electronics,Smart Home,Horizon,285.67,650.55,1
4762,SKU-APP-004762,Apex Outerwear Model-763,Apparel,Outerwear,Apex,58.76,99.83,1
4763,SKU-BEA-004763,Pulse Haircare Model-764,Beauty & Care,Haircare,Pulse,199.38,381.96,1
4764,SKU-HOM-004764,Prism Decor Model-765,Home & Kitchen,Decor,Prism,389.68,659.79,1
4765,SKU-TOY-004765,Apex Outdoor Toys Model-766,Toys & Games,Outdoor Toys,Apex,331.49,828.67,1
4766,SKU-SPO-004766,Summit Fitness Gear Model-767,Sports & Outdoors,Fitness Gear,Summit,132.23,235.85,1
4767,SKU-TOY-004767,Titan Board Games Model-768,Toys & Games,Board Games,Titan,260.71,605.47,1
4768,SKU-ELE-004768,Lumina Wearables Model-769,Electronics,Wearables,Lumina,421.35,838.02,1
4769,SKU-SPO-004769,Lumina Cycling Model-770,Sports & Outdoors,Cycling,Lumina,133.89,281.23,1
4770,SKU-HOM-004770,Velocity Cookware Model-771,Home & Kitchen,Cookware,Velocity,271.12,448.64,1
4771,SKU-AUT-004771,Zenith Car Care Model-772,Automotive,Car Care,Zenith,159.76,362.38,1
4772,SKU-BEA-004772,Nova Haircare Model-773,Beauty & Care,Haircare,Nova,11.41,24.65,1
4773,SKU-APP-004773,Pulse Women's Clothing Model-774,Apparel,Women's Clothing,Pulse,443.39,763.58,1
4774,SKU-AUT-004774,Zenith Tools & Equipment Model-775,Automotive,Tools & Equipment,Zenith,148.28,329.24,1
4775,SKU-TOY-004775,Lumina Puzzles Model-776,Toys & Games,Puzzles,Lumina,204.72,507.64,1
4776,SKU-TOY-004776,Pulse Board Games Model-777,Toys & Games,Board Games,Pulse,269.82,532.02,1
4777,SKU-SPO-004777,Titan Team Sports Model-778,Sports & Outdoors,Team Sports,Titan,158.44,287.63,0
4778,SKU-GRO-004778,Matrix Organic Foods Model-779,Grocery & Pantry,Organic Foods,Matrix,143.32,187.78,1
4779,SKU-ELE-004779,Matrix Wearables Model-780,Electronics,Wearables,Matrix,57.75,115.47,1
4780,SKU-HOM-004780,Horizon Furniture Model-781,Home & Kitchen,Furniture,Horizon,214.25,286.2,1
4781,SKU-APP-004781,Nova Women's Clothing Model-782,Apparel,Women's Clothing,Nova,135.13,218.3,1
4782,SKU-SPO-004782,Lumina Team Sports Model-783,Sports & Outdoors,Team Sports,Lumina,387.36,804.58,1
4783,SKU-TOY-004783,Aura Outdoor Toys Model-784,Toys & Games,Outdoor Toys,Aura,66.44,145.94,1
4784,SKU-BEA-004784,Vortex Skincare Model-785,Beauty & Care,Skincare,Vortex,143.27,291.82,1
4785,SKU-BEA-004785,Matrix Fragrances Model-786,Beauty & Care,Fragrances,Matrix,331.63,483.53,1
4786,SKU-TOY-004786,Prism Action Figures Model-787,Toys & Games,Action Figures,Prism,380.41,777.12,1
4787,SKU-BEA-004787,Summit Fragrances Model-788,Beauty & Care,Fragrances,Summit,353.67,597.08,1
4788,SKU-SPO-004788,Lumina Fitness Gear Model-789,Sports & Outdoors,Fitness Gear,Lumina,25.03,39.43,1
4789,SKU-APP-004789,Titan Outerwear Model-790,Apparel,Outerwear,Titan,145.84,261.52,1
4790,SKU-BEA-004790,Sol Skincare Model-791,Beauty & Care,Skincare,Sol,25.72,56.75,1
4791,SKU-BEA-004791,Sol Fragrances Model-792,Beauty & Care,Fragrances,Sol,25.97,60.68,1
4792,SKU-SPO-004792,Echo Team Sports Model-793,Sports & Outdoors,Team Sports,Echo,214.4,323.91,1
4793,SKU-GRO-004793,Summit Snacks Model-794,Grocery & Pantry,Snacks,Summit,220.22,339.6,1
4794,SKU-BEA-004794,Echo Personal Care Model-795,Beauty & Care,Personal Care,Echo,29.99,71.17,0
4795,SKU-APP-004795,Nova Accessories Model-796,Apparel,Accessories,Nova,366.02,727.32,1
4796,SKU-BEA-004796,Prism Cosmetics Model-797,Beauty & Care,Cosmetics,Prism,66.69,97.25,1
4797,SKU-BEA-004797,Horizon Haircare Model-798,Beauty & Care,Haircare,Horizon,95.24,196.73,1
4798,SKU-AUT-004798,Zenith Oils & Fluids Model-799,Automotive,Oils & Fluids,Zenith,19.43,39.35,1
4799,SKU-TOY-004799,Summit Board Games Model-800,Toys & Games,Board Games,Summit,99.82,173.04,1
4800,SKU-TOY-004800,Pulse Action Figures Model-801,Toys & Games,Action Figures,Pulse,446.51,577.02,1
4801,SKU-AUT-004801,Apex Interior Accessories Model-802,Automotive,Interior Accessories,Apex,185.61,247.17,1
4802,SKU-ELE-004802,Nova Wearables Model-803,Electronics,Wearables,Nova,252.45,445.46,1
4803,SKU-TOY-004803,Aura Action Figures Model-804,Toys & Games,Action Figures,Aura,132.46,212.84,1
4804,SKU-BEA-004804,Apex Cosmetics Model-805,Beauty & Care,Cosmetics,Apex,189.26,303.78,0
4805,SKU-SPO-004805,Matrix Camping & Hiking Model-806,Sports & Outdoors,Camping & Hiking,Matrix,179.75,374.13,1
4806,SKU-ELE-004806,Pulse Smart Home Model-807,Electronics,Smart Home,Pulse,6.73,15.3,1
4807,SKU-APP-004807,Matrix Footwear Model-808,Apparel,Footwear,Matrix,353.33,506.29,1
4808,SKU-AUT-004808,Titan Tools & Equipment Model-809,Automotive,Tools & Equipment,Titan,404.3,672.58,1
4809,SKU-GRO-004809,Echo Organic Foods Model-810,Grocery & Pantry,Organic Foods,Echo,68.23,112.8,1
4810,SKU-GRO-004810,Summit Organic Foods Model-811,Grocery & Pantry,Organic Foods,Summit,20.08,33.57,1
4811,SKU-ELE-004811,Aura Audio & Headphones Model-812,Electronics,Audio & Headphones,Aura,278.06,563.79,1
4812,SKU-AUT-004812,Echo Car Care Model-813,Automotive,Car Care,Echo,379.53,751.12,1
4813,SKU-HOM-004813,Aura Bedding Model-814,Home & Kitchen,Bedding,Aura,91.76,196.91,1
4814,SKU-APP-004814,Nova Men's Clothing Model-815,Apparel,Men's Clothing,Nova,318.56,713.57,1
4815,SKU-SPO-004815,Matrix Fitness Gear Model-816,Sports & Outdoors,Fitness Gear,Matrix,98.85,200.55,1
4816,SKU-BEA-004816,Echo Skincare Model-817,Beauty & Care,Skincare,Echo,308.07,730.29,0
4817,SKU-APP-004817,Summit Footwear Model-818,Apparel,Footwear,Summit,218.34,429.03,1
4818,SKU-AUT-004818,Horizon Car Care Model-819,Automotive,Car Care,Horizon,383.14,650.43,1
4819,SKU-TOY-004819,Prism Outdoor Toys Model-820,Toys & Games,Outdoor Toys,Prism,302.9,401.99,1
4820,SKU-SPO-004820,Vortex Camping & Hiking Model-821,Sports & Outdoors,Camping & Hiking,Vortex,139.73,224.71,1
4821,SKU-AUT-004821,Pulse Tools & Equipment Model-822,Automotive,Tools & Equipment,Pulse,106.53,256.92,0
4822,SKU-BEA-004822,Vortex Personal Care Model-823,Beauty & Care,Personal Care,Vortex,35.23,74.89,1
4823,SKU-SPO-004823,Zenith Camping & Hiking Model-824,Sports & Outdoors,Camping & Hiking,Zenith,327.59,436.25,1
4824,SKU-TOY-004824,Vortex Board Games Model-825,Toys & Games,Board Games,Vortex,411.59,1028.06,1
4825,SKU-AUT-004825,Aura Tools & Equipment Model-826,Automotive,Tools & Equipment,Aura,247.35,481.13,1
4826,SKU-APP-004826,Nova Accessories Model-827,Apparel,Accessories,Nova,23.26,51.75,1
4827,SKU-BEA-004827,Zenith Haircare Model-828,Beauty & Care,Haircare,Zenith,299.24,512.35,1
4828,SKU-GRO-004828,Nova Breakfast Model-829,Grocery & Pantry,Breakfast,Nova,48.61,112.99,1
4829,SKU-AUT-004829,Summit Car Care Model-830,Automotive,Car Care,Summit,394.99,582.36,1
4830,SKU-APP-004830,Vortex Footwear Model-831,Apparel,Footwear,Vortex,30,46.51,1
4831,SKU-ELE-004831,Nova Wearables Model-832,Electronics,Wearables,Nova,37.87,62.04,1
4832,SKU-HOM-004832,Titan Bedding Model-833,Home & Kitchen,Bedding,Titan,13.18,28.01,1
4833,SKU-BEA-004833,Zenith Personal Care Model-834,Beauty & Care,Personal Care,Zenith,351.8,527.4,1
4834,SKU-SPO-004834,Velocity Cycling Model-835,Sports & Outdoors,Cycling,Velocity,173.05,341.6,0
4835,SKU-AUT-004835,Pulse Car Care Model-836,Automotive,Car Care,Pulse,443.17,964.2,1
4836,SKU-TOY-004836,Titan Action Figures Model-837,Toys & Games,Action Figures,Titan,296.63,594.7,1
4837,SKU-HOM-004837,Sol Bedding Model-838,Home & Kitchen,Bedding,Sol,332.77,826.74,1
4838,SKU-HOM-004838,Prism Furniture Model-839,Home & Kitchen,Furniture,Prism,106.15,206.24,1
4839,SKU-BEA-004839,Prism Cosmetics Model-840,Beauty & Care,Cosmetics,Prism,334.4,743.51,0
4840,SKU-SPO-004840,Summit Team Sports Model-841,Sports & Outdoors,Team Sports,Summit,375.94,645.11,1
4841,SKU-SPO-004841,Velocity Water Sports Model-842,Sports & Outdoors,Water Sports,Velocity,265.63,420.8,1
4842,SKU-GRO-004842,Summit Canned Goods Model-843,Grocery & Pantry,Canned Goods,Summit,207.61,500.39,1
4843,SKU-ELE-004843,Prism Laptops Model-844,Electronics,Laptops,Prism,305.56,730.06,1
4844,SKU-ELE-004844,Aura Smartphones Model-845,Electronics,Smartphones,Aura,443.46,769.43,1
4845,SKU-ELE-004845,Summit Smart Home Model-846,Electronics,Smart Home,Summit,131.78,244.14,1
4846,SKU-SPO-004846,Zenith Cycling Model-847,Sports & Outdoors,Cycling,Zenith,160.12,310.79,1
4847,SKU-GRO-004847,Zenith Canned Goods Model-848,Grocery & Pantry,Canned Goods,Zenith,131.55,189.29,1
4848,SKU-BEA-004848,Zenith Haircare Model-849,Beauty & Care,Haircare,Zenith,303.5,481.33,1
4849,SKU-GRO-004849,Echo Breakfast Model-850,Grocery & Pantry,Breakfast,Echo,12.81,31.25,1
4850,SKU-APP-004850,Vortex Footwear Model-851,Apparel,Footwear,Vortex,422.15,583.68,1
4851,SKU-BEA-004851,Velocity Skincare Model-852,Beauty & Care,Skincare,Velocity,57.44,90.39,1
4852,SKU-APP-004852,Titan Men's Clothing Model-853,Apparel,Men's Clothing,Titan,159.28,313.31,1
4853,SKU-ELE-004853,Zenith Accessories Model-854,Electronics,Accessories,Zenith,284.79,365.82,1
4854,SKU-APP-004854,Velocity Women's Clothing Model-855,Apparel,Women's Clothing,Velocity,293.46,376.14,1
4855,SKU-SPO-004855,Matrix Cycling Model-856,Sports & Outdoors,Cycling,Matrix,58.35,112.49,1
4856,SKU-GRO-004856,Vortex Condiments Model-857,Grocery & Pantry,Condiments,Vortex,225.86,378.74,1
4857,SKU-ELE-004857,Horizon Accessories Model-858,Electronics,Accessories,Horizon,391.28,854.11,1
4858,SKU-AUT-004858,Apex Tools & Equipment Model-859,Automotive,Tools & Equipment,Apex,93.11,200.34,1
4859,SKU-APP-004859,Prism Men's Clothing Model-860,Apparel,Men's Clothing,Prism,430.42,781.57,1
4860,SKU-TOY-004860,Lumina Outdoor Toys Model-861,Toys & Games,Outdoor Toys,Lumina,201.23,470.9,1
4861,SKU-TOY-004861,Velocity Outdoor Toys Model-862,Toys & Games,Outdoor Toys,Velocity,44.18,79.99,1
4862,SKU-BEA-004862,Velocity Cosmetics Model-863,Beauty & Care,Cosmetics,Velocity,430.97,892.14,1
4863,SKU-HOM-004863,Apex Bedding Model-864,Home & Kitchen,Bedding,Apex,155,280.05,1
4864,SKU-ELE-004864,Zenith Smart Home Model-865,Electronics,Smart Home,Zenith,11.09,23.42,1
4865,SKU-ELE-004865,Sol Wearables Model-866,Electronics,Wearables,Sol,323.09,632.8,1
4866,SKU-BEA-004866,Apex Cosmetics Model-867,Beauty & Care,Cosmetics,Apex,330.75,619.98,1
4867,SKU-BEA-004867,Titan Personal Care Model-868,Beauty & Care,Personal Care,Titan,274.79,589.46,1
4868,SKU-ELE-004868,Lumina Smartphones Model-869,Electronics,Smartphones,Lumina,409.31,529.08,1
4869,SKU-SPO-004869,Matrix Cycling Model-870,Sports & Outdoors,Cycling,Matrix,127.33,189.11,1
4870,SKU-ELE-004870,Apex Smartphones Model-871,Electronics,Smartphones,Apex,167.3,254.57,1
4871,SKU-TOY-004871,Apex Action Figures Model-872,Toys & Games,Action Figures,Apex,335.76,677.4,0
4872,SKU-TOY-004872,Zenith Outdoor Toys Model-873,Toys & Games,Outdoor Toys,Zenith,85.91,195.25,1
4873,SKU-TOY-004873,Titan Educational Toys Model-874,Toys & Games,Educational Toys,Titan,27.87,36.39,0
4874,SKU-GRO-004874,Prism Organic Foods Model-875,Grocery & Pantry,Organic Foods,Prism,430.29,905.08,1
4875,SKU-SPO-004875,Apex Fitness Gear Model-876,Sports & Outdoors,Fitness Gear,Apex,137.88,279.69,0
4876,SKU-ELE-004876,Matrix Audio & Headphones Model-877,Electronics,Audio & Headphones,Matrix,35.31,65.15,1
4877,SKU-ELE-004877,Summit Laptops Model-878,Electronics,Laptops,Summit,431.49,668.79,1
4878,SKU-HOM-004878,Matrix Storage Model-879,Home & Kitchen,Storage,Matrix,146.53,275.7,1
4879,SKU-BEA-004879,Horizon Skincare Model-880,Beauty & Care,Skincare,Horizon,352.81,453.65,1
4880,SKU-APP-004880,Velocity Accessories Model-881,Apparel,Accessories,Velocity,124.24,231.04,1
4881,SKU-TOY-004881,Zenith Puzzles Model-882,Toys & Games,Puzzles,Zenith,341.57,777.89,1
4882,SKU-ELE-004882,Vortex Smart Home Model-883,Electronics,Smart Home,Vortex,245.29,491.16,1
4883,SKU-ELE-004883,Matrix Laptops Model-884,Electronics,Laptops,Matrix,374.36,792.53,1
4884,SKU-BEA-004884,Velocity Skincare Model-885,Beauty & Care,Skincare,Velocity,376.63,597.34,1
4885,SKU-GRO-004885,Apex Breakfast Model-886,Grocery & Pantry,Breakfast,Apex,410.05,835.66,1
4886,SKU-APP-004886,Pulse Sportswear Model-887,Apparel,Sportswear,Pulse,138.41,239.99,1
4887,SKU-AUT-004887,Apex Car Care Model-888,Automotive,Car Care,Apex,119.54,252.3,1
4888,SKU-TOY-004888,Lumina Action Figures Model-889,Toys & Games,Action Figures,Lumina,265.49,342.01,1
4889,SKU-SPO-004889,Summit Cycling Model-890,Sports & Outdoors,Cycling,Summit,157.06,302.23,1
4890,SKU-APP-004890,Sol Accessories Model-891,Apparel,Accessories,Sol,251.82,380.5,1
4891,SKU-TOY-004891,Lumina Outdoor Toys Model-892,Toys & Games,Outdoor Toys,Lumina,140.81,211.46,1
4892,SKU-BEA-004892,Velocity Fragrances Model-893,Beauty & Care,Fragrances,Velocity,211,420.29,1
4893,SKU-TOY-004893,Aura Outdoor Toys Model-894,Toys & Games,Outdoor Toys,Aura,291.27,666.46,1
4894,SKU-ELE-004894,Apex Laptops Model-895,Electronics,Laptops,Apex,330.19,494.58,1
4895,SKU-SPO-004895,Titan Cycling Model-896,Sports & Outdoors,Cycling,Titan,404.55,777.18,1
4896,SKU-GRO-004896,Apex Canned Goods Model-897,Grocery & Pantry,Canned Goods,Apex,231.36,413.9,1
4897,SKU-APP-004897,Titan Sportswear Model-898,Apparel,Sportswear,Titan,316.5,671.06,1
4898,SKU-APP-004898,Horizon Accessories Model-899,Apparel,Accessories,Horizon,141.93,341.75,1
4899,SKU-ELE-004899,Velocity Accessories Model-900,Electronics,Accessories,Velocity,432.6,889.75,1
4900,SKU-APP-004900,Matrix Outerwear Model-901,Apparel,Outerwear,Matrix,58.2,94.44,1
4901,SKU-TOY-004901,Lumina Outdoor Toys Model-902,Toys & Games,Outdoor Toys,Lumina,59.21,138.56,1
4902,SKU-TOY-004902,Echo Puzzles Model-903,Toys & Games,Puzzles,Echo,299.7,603.38,1
4903,SKU-HOM-004903,Echo Storage Model-904,Home & Kitchen,Storage,Echo,179.66,389.07,1
4904,SKU-GRO-004904,Summit Beverages Model-905,Grocery & Pantry,Beverages,Summit,109.5,249.85,1
4905,SKU-ELE-004905,Nova Audio & Headphones Model-906,Electronics,Audio & Headphones,Nova,42.72,66.65,1
4906,SKU-GRO-004906,Titan Condiments Model-907,Grocery & Pantry,Condiments,Titan,404.15,882.1,1
4907,SKU-HOM-004907,Prism Storage Model-908,Home & Kitchen,Storage,Prism,164.68,293.28,1
4908,SKU-GRO-004908,Aura Beverages Model-909,Grocery & Pantry,Beverages,Aura,87.28,176.57,1
4909,SKU-BEA-004909,Summit Cosmetics Model-910,Beauty & Care,Cosmetics,Summit,416.35,915.21,1
4910,SKU-BEA-004910,Titan Personal Care Model-911,Beauty & Care,Personal Care,Titan,337.52,492.16,1
4911,SKU-GRO-004911,Velocity Snacks Model-912,Grocery & Pantry,Snacks,Velocity,211.69,403.48,1
4912,SKU-HOM-004912,Aura Cookware Model-913,Home & Kitchen,Cookware,Aura,392.58,518.07,1
4913,SKU-SPO-004913,Pulse Water Sports Model-914,Sports & Outdoors,Water Sports,Pulse,54.06,92.06,1
4914,SKU-SPO-004914,Aura Fitness Gear Model-915,Sports & Outdoors,Fitness Gear,Aura,109.63,198.05,1
4915,SKU-APP-004915,Pulse Women's Clothing Model-916,Apparel,Women's Clothing,Pulse,216.91,397.76,1
4916,SKU-APP-004916,Sol Outerwear Model-917,Apparel,Outerwear,Sol,179.14,353.03,1
4917,SKU-APP-004917,Summit Women's Clothing Model-918,Apparel,Women's Clothing,Summit,58.1,128.88,1
4918,SKU-APP-004918,Vortex Accessories Model-919,Apparel,Accessories,Vortex,384.41,774.97,1
4919,SKU-APP-004919,Apex Sportswear Model-920,Apparel,Sportswear,Apex,273,487.89,1
4920,SKU-SPO-004920,Summit Camping & Hiking Model-921,Sports & Outdoors,Camping & Hiking,Summit,439.84,881.75,1
4921,SKU-APP-004921,Echo Footwear Model-922,Apparel,Footwear,Echo,346.7,810.89,1
4922,SKU-HOM-004922,Matrix Cookware Model-923,Home & Kitchen,Cookware,Matrix,127.98,271.05,1
4923,SKU-HOM-004923,Echo Storage Model-924,Home & Kitchen,Storage,Echo,46.02,89.66,1
4924,SKU-APP-004924,Pulse Women's Clothing Model-925,Apparel,Women's Clothing,Pulse,67.61,156.08,1
4925,SKU-AUT-004925,Nova Oils & Fluids Model-926,Automotive,Oils & Fluids,Nova,127.24,278.15,1
4926,SKU-HOM-004926,Matrix Furniture Model-927,Home & Kitchen,Furniture,Matrix,319.39,446.33,1
4927,SKU-AUT-004927,Aura Car Care Model-928,Automotive,Car Care,Aura,50.98,91.09,1
4928,SKU-BEA-004928,Nova Haircare Model-929,Beauty & Care,Haircare,Nova,90.96,216.14,0
4929,SKU-ELE-004929,Vortex Laptops Model-930,Electronics,Laptops,Vortex,403.15,974.66,0
4930,SKU-BEA-004930,Vortex Cosmetics Model-931,Beauty & Care,Cosmetics,Vortex,215.66,495.59,1
4931,SKU-SPO-004931,Nova Fitness Gear Model-932,Sports & Outdoors,Fitness Gear,Nova,231.88,503.65,1
4932,SKU-AUT-004932,Pulse Tools & Equipment Model-933,Automotive,Tools & Equipment,Pulse,267.71,429.49,1
4933,SKU-APP-004933,Vortex Footwear Model-934,Apparel,Footwear,Vortex,135.63,228.6,1
4934,SKU-TOY-004934,Lumina Board Games Model-935,Toys & Games,Board Games,Lumina,383.71,771.32,1
4935,SKU-SPO-004935,Nova Team Sports Model-936,Sports & Outdoors,Team Sports,Nova,323.05,519.81,1
4936,SKU-SPO-004936,Summit Fitness Gear Model-937,Sports & Outdoors,Fitness Gear,Summit,365.9,737.29,1
4937,SKU-BEA-004937,Titan Personal Care Model-938,Beauty & Care,Personal Care,Titan,410.04,830.71,1
4938,SKU-ELE-004938,Lumina Wearables Model-939,Electronics,Wearables,Lumina,440.92,652.61,1
4939,SKU-APP-004939,Velocity Footwear Model-940,Apparel,Footwear,Velocity,360.56,721.3,1
4940,SKU-TOY-004940,Horizon Action Figures Model-941,Toys & Games,Action Figures,Horizon,387.87,584.79,1
4941,SKU-TOY-004941,Prism Puzzles Model-942,Toys & Games,Puzzles,Prism,99.27,183.88,1
4942,SKU-SPO-004942,Echo Fitness Gear Model-943,Sports & Outdoors,Fitness Gear,Echo,373.78,475.72,1
4943,SKU-SPO-004943,Matrix Team Sports Model-944,Sports & Outdoors,Team Sports,Matrix,338.68,508.65,1
4944,SKU-APP-004944,Nova Outerwear Model-945,Apparel,Outerwear,Nova,249.06,323.76,1
4945,SKU-GRO-004945,Matrix Condiments Model-946,Grocery & Pantry,Condiments,Matrix,124.37,272.67,1
4946,SKU-AUT-004946,Vortex Tools & Equipment Model-947,Automotive,Tools & Equipment,Vortex,124.38,306.2,1
4947,SKU-HOM-004947,Zenith Small Appliances Model-948,Home & Kitchen,Small Appliances,Zenith,99.29,204.02,1
4948,SKU-ELE-004948,Lumina Smart Home Model-949,Electronics,Smart Home,Lumina,195.94,304.79,0
4949,SKU-APP-004949,Lumina Footwear Model-950,Apparel,Footwear,Lumina,10.28,20.26,1
4950,SKU-AUT-004950,Prism Tools & Equipment Model-951,Automotive,Tools & Equipment,Prism,397.52,892.61,1
4951,SKU-HOM-004951,Lumina Decor Model-952,Home & Kitchen,Decor,Lumina,8.39,16.39,1
4952,SKU-APP-004952,Pulse Outerwear Model-953,Apparel,Outerwear,Pulse,165.31,297.76,1
4953,SKU-BEA-004953,Velocity Fragrances Model-954,Beauty & Care,Fragrances,Velocity,324.04,488.47,1
4954,SKU-SPO-004954,Apex Team Sports Model-955,Sports & Outdoors,Team Sports,Apex,43.03,57.04,1
4955,SKU-TOY-004955,Horizon Educational Toys Model-956,Toys & Games,Educational Toys,Horizon,19.8,38.55,1
4956,SKU-TOY-004956,Matrix Action Figures Model-957,Toys & Games,Action Figures,Matrix,233.52,540.98,1
4957,SKU-AUT-004957,Horizon Oils & Fluids Model-958,Automotive,Oils & Fluids,Horizon,25.93,44.63,1
4958,SKU-ELE-004958,Apex Smart Home Model-959,Electronics,Smart Home,Apex,295.06,653.91,1
4959,SKU-ELE-004959,Vortex Smart Home Model-960,Electronics,Smart Home,Vortex,90.05,167.59,1
4960,SKU-AUT-004960,Sol Interior Accessories Model-961,Automotive,Interior Accessories,Sol,59.75,129.73,1
4961,SKU-SPO-004961,Titan Cycling Model-962,Sports & Outdoors,Cycling,Titan,413.71,710.16,0
4962,SKU-SPO-004962,Apex Camping & Hiking Model-963,Sports & Outdoors,Camping & Hiking,Apex,241.39,413.34,1
4963,SKU-ELE-004963,Echo Laptops Model-964,Electronics,Laptops,Echo,142.25,354.08,1
4964,SKU-HOM-004964,Horizon Bedding Model-965,Home & Kitchen,Bedding,Horizon,80.53,117.36,1
4965,SKU-BEA-004965,Pulse Cosmetics Model-966,Beauty & Care,Cosmetics,Pulse,242.85,480.83,1
4966,SKU-SPO-004966,Summit Cycling Model-967,Sports & Outdoors,Cycling,Summit,45.89,100.58,1
4967,SKU-AUT-004967,Echo Interior Accessories Model-968,Automotive,Interior Accessories,Echo,43.69,71.27,1
4968,SKU-APP-004968,Matrix Accessories Model-969,Apparel,Accessories,Matrix,192.15,300.3,1
4969,SKU-SPO-004969,Apex Team Sports Model-970,Sports & Outdoors,Team Sports,Apex,74.53,166.97,1
4970,SKU-TOY-004970,Aura Action Figures Model-971,Toys & Games,Action Figures,Aura,288.07,712.43,1
4971,SKU-HOM-004971,Aura Furniture Model-972,Home & Kitchen,Furniture,Aura,302.56,618.82,1
4972,SKU-AUT-004972,Pulse Interior Accessories Model-973,Automotive,Interior Accessories,Pulse,89.5,121.41,1
4973,SKU-TOY-004973,Titan Board Games Model-974,Toys & Games,Board Games,Titan,435.43,615.83,1
4974,SKU-HOM-004974,Horizon Furniture Model-975,Home & Kitchen,Furniture,Horizon,225.76,518.08,1
4975,SKU-SPO-004975,Summit Fitness Gear Model-976,Sports & Outdoors,Fitness Gear,Summit,378.58,896.15,1
4976,SKU-AUT-004976,Lumina Car Care Model-977,Automotive,Car Care,Lumina,268.51,361.59,1
4977,SKU-SPO-004977,Prism Camping & Hiking Model-978,Sports & Outdoors,Camping & Hiking,Prism,118.62,269.27,1
4978,SKU-APP-004978,Zenith Sportswear Model-979,Apparel,Sportswear,Zenith,120,161.44,1
4979,SKU-TOY-004979,Summit Outdoor Toys Model-980,Toys & Games,Outdoor Toys,Summit,91.64,139.71,1
4980,SKU-APP-004980,Pulse Outerwear Model-981,Apparel,Outerwear,Pulse,133.72,292.39,1
4981,SKU-HOM-004981,Summit Small Appliances Model-982,Home & Kitchen,Small Appliances,Summit,371.27,713.48,1
4982,SKU-GRO-004982,Matrix Organic Foods Model-983,Grocery & Pantry,Organic Foods,Matrix,9.07,11.74,1
4983,SKU-HOM-004983,Vortex Bedding Model-984,Home & Kitchen,Bedding,Vortex,142.39,180.09,1
4984,SKU-SPO-004984,Velocity Camping & Hiking Model-985,Sports & Outdoors,Camping & Hiking,Velocity,10.37,13.4,1
4985,SKU-APP-004985,Matrix Footwear Model-986,Apparel,Footwear,Matrix,172.83,230.55,1
4986,SKU-SPO-004986,Sol Team Sports Model-987,Sports & Outdoors,Team Sports,Sol,274.95,607.26,1
4987,SKU-ELE-004987,Nova Smartphones Model-988,Electronics,Smartphones,Nova,118.02,212.89,1
4988,SKU-GRO-004988,Aura Beverages Model-989,Grocery & Pantry,Beverages,Aura,424.76,788.1,1
4989,SKU-HOM-004989,Aura Bedding Model-990,Home & Kitchen,Bedding,Aura,438.55,925.16,1
4990,SKU-BEA-004990,Titan Cosmetics Model-991,Beauty & Care,Cosmetics,Titan,425.35,532.45,1
4991,SKU-BEA-004991,Lumina Skincare Model-992,Beauty & Care,Skincare,Lumina,135.35,229.12,1
4992,SKU-GRO-004992,Vortex Organic Foods Model-993,Grocery & Pantry,Organic Foods,Vortex,234.37,468.19,1
4993,SKU-BEA-004993,Matrix Personal Care Model-994,Beauty & Care,Personal Care,Matrix,310.32,775.71,1
4994,SKU-ELE-004994,Prism Smart Home Model-995,Electronics,Smart Home,Prism,375.75,577.03,1
4995,SKU-ELE-004995,Echo Laptops Model-996,Electronics,Laptops,Echo,271.01,501.62,1
4996,SKU-HOM-004996,Lumina Small Appliances Model-997,Home & Kitchen,Small Appliances,Lumina,54,69.09,1
4997,SKU-GRO-004997,Zenith Snacks Model-998,Grocery & Pantry,Snacks,Zenith,74.97,132.66,0
4998,SKU-HOM-004998,Sol Small Appliances Model-999,Home & Kitchen,Small Appliances,Sol,373.38,468.73,0
4999,SKU-ELE-004999,Sol Smartphones Model-1000,Electronics,Smartphones,Sol,412.91,668.34,1
5000,SKU-HOM-005000,Titan Decor Model-001,Home & Kitchen,Decor,Titan,163.9,367.97,0
5001,SKU-AUT-005001,Sol Interior Accessories Model-002,Automotive,Interior Accessories,Sol,132.41,280.47,1
5002,SKU-ELE-005002,Apex Laptops Model-003,Electronics,Laptops,Apex,118.44,285.68,1
5003,SKU-AUT-005003,Echo Oils & Fluids Model-004,Automotive,Oils & Fluids,Echo,277.87,450.19,1
5004,SKU-GRO-005004,Vortex Condiments Model-005,Grocery & Pantry,Condiments,Vortex,41.03,72.5,1
5005,SKU-GRO-005005,Summit Organic Foods Model-006,Grocery & Pantry,Organic Foods,Summit,362.59,797.16,1
5006,SKU-HOM-005006,Prism Storage Model-007,Home & Kitchen,Storage,Prism,333.04,745.91,1
5007,SKU-BEA-005007,Aura Haircare Model-008,Beauty & Care,Haircare,Aura,98,192.72,1
5008,SKU-ELE-005008,Titan Audio & Headphones Model-009,Electronics,Audio & Headphones,Titan,66.81,101.48,1
5009,SKU-APP-005009,Horizon Sportswear Model-010,Apparel,Sportswear,Horizon,206.54,384.91,1
5010,SKU-ELE-005010,Matrix Wearables Model-011,Electronics,Wearables,Matrix,131.49,281.37,1
5011,SKU-TOY-005011,Prism Outdoor Toys Model-012,Toys & Games,Outdoor Toys,Prism,329.98,778.57,1
5012,SKU-BEA-005012,Prism Skincare Model-013,Beauty & Care,Skincare,Prism,217.47,406.77,1
5013,SKU-TOY-005013,Vortex Outdoor Toys Model-014,Toys & Games,Outdoor Toys,Vortex,18.34,33.95,0
5014,SKU-APP-005014,Aura Women's Clothing Model-015,Apparel,Women's Clothing,Aura,121.73,204.66,1
5015,SKU-HOM-005015,Apex Storage Model-016,Home & Kitchen,Storage,Apex,305.26,538.49,1
5016,SKU-HOM-005016,Aura Bedding Model-017,Home & Kitchen,Bedding,Aura,326.36,725.67,1
5017,SKU-APP-005017,Apex Men's Clothing Model-018,Apparel,Men's Clothing,Apex,291.43,388.1,1
5018,SKU-TOY-005018,Prism Board Games Model-019,Toys & Games,Board Games,Prism,297.58,569.95,1
5019,SKU-APP-005019,Matrix Men's Clothing Model-020,Apparel,Men's Clothing,Matrix,107.33,215.49,1
5020,SKU-ELE-005020,Echo Laptops Model-021,Electronics,Laptops,Echo,357.22,645.19,1
5021,SKU-HOM-005021,Velocity Decor Model-022,Home & Kitchen,Decor,Velocity,392.12,817.6,1
5022,SKU-APP-005022,Sol Footwear Model-023,Apparel,Footwear,Sol,339.19,616.83,0
5023,SKU-ELE-005023,Aura Smart Home Model-024,Electronics,Smart Home,Aura,103.14,248.72,1
5024,SKU-ELE-005024,Prism Laptops Model-025,Electronics,Laptops,Prism,277.73,520.97,1
5025,SKU-BEA-005025,Vortex Fragrances Model-026,Beauty & Care,Fragrances,Vortex,359.05,874.16,1
5026,SKU-GRO-005026,Velocity Beverages Model-027,Grocery & Pantry,Beverages,Velocity,199.27,301.76,1
5027,SKU-ELE-005027,Titan Laptops Model-028,Electronics,Laptops,Titan,410.82,700.37,1
5028,SKU-APP-005028,Titan Women's Clothing Model-029,Apparel,Women's Clothing,Titan,119.13,292.23,0
5029,SKU-GRO-005029,Vortex Organic Foods Model-030,Grocery & Pantry,Organic Foods,Vortex,40.05,90.28,1
5030,SKU-ELE-005030,Vortex Smart Home Model-031,Electronics,Smart Home,Vortex,445.28,780.94,1
5031,SKU-APP-005031,Apex Sportswear Model-032,Apparel,Sportswear,Apex,408.96,812.01,1
5032,SKU-GRO-005032,Titan Canned Goods Model-033,Grocery & Pantry,Canned Goods,Titan,44.84,101.05,1
5033,SKU-TOY-005033,Sol Educational Toys Model-034,Toys & Games,Educational Toys,Sol,365.79,686.36,1
5034,SKU-BEA-005034,Pulse Skincare Model-035,Beauty & Care,Skincare,Pulse,105.97,225.28,1
5035,SKU-HOM-005035,Apex Storage Model-036,Home & Kitchen,Storage,Apex,205.14,457.06,1
5036,SKU-AUT-005036,Nova Oils & Fluids Model-037,Automotive,Oils & Fluids,Nova,35.5,85.28,1
5037,SKU-HOM-005037,Zenith Furniture Model-038,Home & Kitchen,Furniture,Zenith,190.64,320.27,1
5038,SKU-APP-005038,Aura Men's Clothing Model-039,Apparel,Men's Clothing,Aura,220.86,309.99,1
5039,SKU-SPO-005039,Zenith Camping & Hiking Model-040,Sports & Outdoors,Camping & Hiking,Zenith,343.86,516.94,1
5040,SKU-GRO-005040,Titan Condiments Model-041,Grocery & Pantry,Condiments,Titan,187.11,302.75,1
5041,SKU-APP-005041,Echo Men's Clothing Model-042,Apparel,Men's Clothing,Echo,114.69,225.06,1
5042,SKU-APP-005042,Summit Accessories Model-043,Apparel,Accessories,Summit,395.86,684.61,1
5043,SKU-APP-005043,Horizon Women's Clothing Model-044,Apparel,Women's Clothing,Horizon,23.25,57.71,1
5044,SKU-APP-005044,Prism Sportswear Model-045,Apparel,Sportswear,Prism,378.14,739.79,1
5045,SKU-HOM-005045,Horizon Small Appliances Model-046,Home & Kitchen,Small Appliances,Horizon,289.9,482.59,1
5046,SKU-ELE-005046,Echo Accessories Model-047,Electronics,Accessories,Echo,178.63,269.91,1
5047,SKU-AUT-005047,Sol Car Care Model-048,Automotive,Car Care,Sol,41.29,76.37,1
5048,SKU-GRO-005048,Lumina Condiments Model-049,Grocery & Pantry,Condiments,Lumina,373.74,749.9,1
5049,SKU-SPO-005049,Zenith Fitness Gear Model-050,Sports & Outdoors,Fitness Gear,Zenith,112.23,214.92,1
5050,SKU-BEA-005050,Pulse Skincare Model-051,Beauty & Care,Skincare,Pulse,265.22,356.02,1
5051,SKU-APP-005051,Horizon Women's Clothing Model-052,Apparel,Women's Clothing,Horizon,312.43,752.58,1
5052,SKU-AUT-005052,Titan Oils & Fluids Model-053,Automotive,Oils & Fluids,Titan,199.08,289.97,1
5053,SKU-AUT-005053,Sol Car Care Model-054,Automotive,Car Care,Sol,109,216.72,1
5054,SKU-AUT-005054,Nova Oils & Fluids Model-055,Automotive,Oils & Fluids,Nova,446.48,1095.56,1
5055,SKU-BEA-005055,Velocity Haircare Model-056,Beauty & Care,Haircare,Velocity,134.74,239.56,1
5056,SKU-HOM-005056,Lumina Small Appliances Model-057,Home & Kitchen,Small Appliances,Lumina,321.94,743.77,1
5057,SKU-GRO-005057,Prism Organic Foods Model-058,Grocery & Pantry,Organic Foods,Prism,413.84,966.72,1
5058,SKU-HOM-005058,Aura Decor Model-059,Home & Kitchen,Decor,Aura,39.98,57.68,1
5059,SKU-TOY-005059,Summit Educational Toys Model-060,Toys & Games,Educational Toys,Summit,21.36,45.56,1
5060,SKU-HOM-005060,Zenith Small Appliances Model-061,Home & Kitchen,Small Appliances,Zenith,261.35,375.54,1
5061,SKU-BEA-005061,Matrix Fragrances Model-062,Beauty & Care,Fragrances,Matrix,97.97,127.09,1
5062,SKU-BEA-005062,Titan Cosmetics Model-063,Beauty & Care,Cosmetics,Titan,375.65,803.5,0
5063,SKU-TOY-005063,Matrix Puzzles Model-064,Toys & Games,Puzzles,Matrix,415.1,911.07,0
5064,SKU-SPO-005064,Matrix Water Sports Model-065,Sports & Outdoors,Water Sports,Matrix,433.82,589.16,1
5065,SKU-TOY-005065,Prism Outdoor Toys Model-066,Toys & Games,Outdoor Toys,Prism,163.52,315.14,1
5066,SKU-BEA-005066,Velocity Cosmetics Model-067,Beauty & Care,Cosmetics,Velocity,391.13,975.28,1
5067,SKU-GRO-005067,Velocity Organic Foods Model-068,Grocery & Pantry,Organic Foods,Velocity,23.97,42.34,1
5068,SKU-BEA-005068,Vortex Fragrances Model-069,Beauty & Care,Fragrances,Vortex,357.68,880.85,1
5069,SKU-HOM-005069,Apex Cookware Model-070,Home & Kitchen,Cookware,Apex,192.86,441.09,1
5070,SKU-GRO-005070,Echo Beverages Model-071,Grocery & Pantry,Beverages,Echo,45.61,101.83,1
5071,SKU-ELE-005071,Titan Smartphones Model-072,Electronics,Smartphones,Titan,143.39,194.36,1
5072,SKU-GRO-005072,Pulse Condiments Model-073,Grocery & Pantry,Condiments,Pulse,449.68,784.72,1
5073,SKU-HOM-005073,Echo Bedding Model-074,Home & Kitchen,Bedding,Echo,178.5,386.17,1
5074,SKU-HOM-005074,Zenith Decor Model-075,Home & Kitchen,Decor,Zenith,371.16,758.92,1
5075,SKU-SPO-005075,Velocity Camping & Hiking Model-076,Sports & Outdoors,Camping & Hiking,Velocity,334.29,651.94,1
5076,SKU-BEA-005076,Horizon Personal Care Model-077,Beauty & Care,Personal Care,Horizon,319.47,405.36,1
5077,SKU-SPO-005077,Titan Team Sports Model-078,Sports & Outdoors,Team Sports,Titan,237.72,396.47,1
5078,SKU-GRO-005078,Horizon Breakfast Model-079,Grocery & Pantry,Breakfast,Horizon,146.12,185.36,1
5079,SKU-TOY-005079,Prism Action Figures Model-080,Toys & Games,Action Figures,Prism,185.08,372.86,1
5080,SKU-TOY-005080,Summit Puzzles Model-081,Toys & Games,Puzzles,Summit,53.06,116.24,1
5081,SKU-TOY-005081,Matrix Puzzles Model-082,Toys & Games,Puzzles,Matrix,9,17.01,1
5082,SKU-TOY-005082,Lumina Educational Toys Model-083,Toys & Games,Educational Toys,Lumina,139.69,235.43,1
5083,SKU-SPO-005083,Apex Team Sports Model-084,Sports & Outdoors,Team Sports,Apex,326.4,493.15,1
5084,SKU-ELE-005084,Apex Smart Home Model-085,Electronics,Smart Home,Apex,126.13,169.69,1
5085,SKU-ELE-005085,Pulse Audio & Headphones Model-086,Electronics,Audio & Headphones,Pulse,79.92,165.62,1
5086,SKU-AUT-005086,Vortex Tools & Equipment Model-087,Automotive,Tools & Equipment,Vortex,189.12,444.1,0
5087,SKU-HOM-005087,Nova Cookware Model-088,Home & Kitchen,Cookware,Nova,236.6,497.89,1
5088,SKU-BEA-005088,Vortex Skincare Model-089,Beauty & Care,Skincare,Vortex,428.71,778.09,1
5089,SKU-TOY-005089,Echo Educational Toys Model-090,Toys & Games,Educational Toys,Echo,63.1,124.52,1
5090,SKU-AUT-005090,Lumina Tools & Equipment Model-091,Automotive,Tools & Equipment,Lumina,282.91,663.09,1
5091,SKU-SPO-005091,Velocity Team Sports Model-092,Sports & Outdoors,Team Sports,Velocity,31.87,50.86,1
5092,SKU-BEA-005092,Nova Fragrances Model-093,Beauty & Care,Fragrances,Nova,219.43,280.29,1
5093,SKU-AUT-005093,Summit Oils & Fluids Model-094,Automotive,Oils & Fluids,Summit,135.92,184.63,1
5094,SKU-BEA-005094,Sol Skincare Model-095,Beauty & Care,Skincare,Sol,431.17,915.55,1
5095,SKU-ELE-005095,Matrix Accessories Model-096,Electronics,Accessories,Matrix,104.84,138.46,1
5096,SKU-AUT-005096,Nova Car Care Model-097,Automotive,Car Care,Nova,150.76,277.28,1
5097,SKU-GRO-005097,Prism Snacks Model-098,Grocery & Pantry,Snacks,Prism,62.41,153.7,1
5098,SKU-AUT-005098,Lumina Oils & Fluids Model-099,Automotive,Oils & Fluids,Lumina,68.99,135.93,1
5099,SKU-BEA-005099,Apex Skincare Model-100,Beauty & Care,Skincare,Apex,337.22,831.3,1
5100,SKU-SPO-005100,Nova Fitness Gear Model-101,Sports & Outdoors,Fitness Gear,Nova,203.74,414.51,1
5101,SKU-GRO-005101,Vortex Condiments Model-102,Grocery & Pantry,Condiments,Vortex,416.55,827.55,1
5102,SKU-ELE-005102,Sol Smart Home Model-103,Electronics,Smart Home,Sol,117.91,252.27,1
5103,SKU-BEA-005103,Prism Cosmetics Model-104,Beauty & Care,Cosmetics,Prism,346.63,653.69,1
5104,SKU-SPO-005104,Matrix Cycling Model-105,Sports & Outdoors,Cycling,Matrix,181.9,242.2,1
5105,SKU-BEA-005105,Echo Cosmetics Model-106,Beauty & Care,Cosmetics,Echo,210.69,487.25,1
5106,SKU-BEA-005106,Lumina Cosmetics Model-107,Beauty & Care,Cosmetics,Lumina,288.1,549.19,1
5107,SKU-ELE-005107,Vortex Audio & Headphones Model-108,Electronics,Audio & Headphones,Vortex,259.35,629.1,1
5108,SKU-BEA-005108,Velocity Skincare Model-109,Beauty & Care,Skincare,Velocity,182.03,320.74,1
5109,SKU-APP-005109,Summit Footwear Model-110,Apparel,Footwear,Summit,53.07,69.08,1
5110,SKU-ELE-005110,Summit Accessories Model-111,Electronics,Accessories,Summit,291.6,665.99,1
5111,SKU-AUT-005111,Horizon Oils & Fluids Model-112,Automotive,Oils & Fluids,Horizon,448.15,575.36,1
5112,SKU-SPO-005112,Lumina Water Sports Model-113,Sports & Outdoors,Water Sports,Lumina,83.5,107.8,0
5113,SKU-ELE-005113,Prism Laptops Model-114,Electronics,Laptops,Prism,401.53,609.25,0
5114,SKU-BEA-005114,Horizon Personal Care Model-115,Beauty & Care,Personal Care,Horizon,442.26,953.92,1
5115,SKU-HOM-005115,Summit Small Appliances Model-116,Home & Kitchen,Small Appliances,Summit,353.06,851.96,1
5116,SKU-HOM-005116,Sol Cookware Model-117,Home & Kitchen,Cookware,Sol,119.81,168.9,1
5117,SKU-AUT-005117,Zenith Oils & Fluids Model-118,Automotive,Oils & Fluids,Zenith,320.56,669.05,1
5118,SKU-GRO-005118,Horizon Condiments Model-119,Grocery & Pantry,Condiments,Horizon,82.64,137.47,1
5119,SKU-HOM-005119,Titan Storage Model-120,Home & Kitchen,Storage,Titan,87.65,198.46,1
5120,SKU-BEA-005120,Summit Haircare Model-121,Beauty & Care,Haircare,Summit,261.41,634.94,1
5121,SKU-SPO-005121,Velocity Camping & Hiking Model-122,Sports & Outdoors,Camping & Hiking,Velocity,215.49,295.57,1
5122,SKU-AUT-005122,Apex Oils & Fluids Model-123,Automotive,Oils & Fluids,Apex,61.52,86.38,1
5123,SKU-SPO-005123,Apex Team Sports Model-124,Sports & Outdoors,Team Sports,Apex,355.13,747.75,1
5124,SKU-TOY-005124,Titan Outdoor Toys Model-125,Toys & Games,Outdoor Toys,Titan,71.27,107.64,1
5125,SKU-GRO-005125,Zenith Breakfast Model-126,Grocery & Pantry,Breakfast,Zenith,42.02,59.76,1
5126,SKU-APP-005126,Velocity Sportswear Model-127,Apparel,Sportswear,Velocity,124.66,220.93,1
5127,SKU-AUT-005127,Pulse Car Care Model-128,Automotive,Car Care,Pulse,90.5,194.34,1
5128,SKU-BEA-005128,Titan Skincare Model-129,Beauty & Care,Skincare,Titan,59.57,140.22,1
5129,SKU-AUT-005129,Aura Car Care Model-130,Automotive,Car Care,Aura,299.08,632.39,1
5130,SKU-AUT-005130,Titan Car Care Model-131,Automotive,Car Care,Titan,449.3,851.94,1
5131,SKU-BEA-005131,Summit Personal Care Model-132,Beauty & Care,Personal Care,Summit,125.26,283.56,1
5132,SKU-BEA-005132,Horizon Personal Care Model-133,Beauty & Care,Personal Care,Horizon,234.45,583.55,1
5133,SKU-HOM-005133,Echo Cookware Model-134,Home & Kitchen,Cookware,Echo,118.66,284.27,1
5134,SKU-GRO-005134,Zenith Breakfast Model-135,Grocery & Pantry,Breakfast,Zenith,440.95,601.53,1
5135,SKU-ELE-005135,Summit Laptops Model-136,Electronics,Laptops,Summit,142.98,188.65,1
5136,SKU-SPO-005136,Zenith Fitness Gear Model-137,Sports & Outdoors,Fitness Gear,Zenith,301.67,748.58,1
5137,SKU-GRO-005137,Apex Beverages Model-138,Grocery & Pantry,Beverages,Apex,163.54,341.67,1
5138,SKU-GRO-005138,Nova Snacks Model-139,Grocery & Pantry,Snacks,Nova,140.7,194.39,1
5139,SKU-APP-005139,Aura Outerwear Model-140,Apparel,Outerwear,Aura,419.16,750.96,1
5140,SKU-BEA-005140,Sol Cosmetics Model-141,Beauty & Care,Cosmetics,Sol,416.66,823.13,1
5141,SKU-SPO-005141,Velocity Camping & Hiking Model-142,Sports & Outdoors,Camping & Hiking,Velocity,354.71,486.47,1
5142,SKU-TOY-005142,Pulse Action Figures Model-143,Toys & Games,Action Figures,Pulse,262.1,380.47,1
5143,SKU-GRO-005143,Titan Beverages Model-144,Grocery & Pantry,Beverages,Titan,280.7,425.93,1
5144,SKU-APP-005144,Pulse Men's Clothing Model-145,Apparel,Men's Clothing,Pulse,437.85,831.61,1
5145,SKU-ELE-005145,Titan Wearables Model-146,Electronics,Wearables,Titan,126.81,277.2,1
5146,SKU-ELE-005146,Horizon Accessories Model-147,Electronics,Accessories,Horizon,266.55,476.54,1
5147,SKU-APP-005147,Pulse Men's Clothing Model-148,Apparel,Men's Clothing,Pulse,328.01,603.37,1
5148,SKU-HOM-005148,Zenith Small Appliances Model-149,Home & Kitchen,Small Appliances,Zenith,100.43,233.66,1
5149,SKU-GRO-005149,Zenith Breakfast Model-150,Grocery & Pantry,Breakfast,Zenith,257.93,522.46,1
5150,SKU-ELE-005150,Lumina Wearables Model-151,Electronics,Wearables,Lumina,163.8,248.36,1
5151,SKU-HOM-005151,Velocity Storage Model-152,Home & Kitchen,Storage,Velocity,92.21,227.51,1
5152,SKU-GRO-005152,Nova Organic Foods Model-153,Grocery & Pantry,Organic Foods,Nova,176.18,320.02,1
5153,SKU-ELE-005153,Prism Accessories Model-154,Electronics,Accessories,Prism,151.97,255.95,1
5154,SKU-GRO-005154,Titan Canned Goods Model-155,Grocery & Pantry,Canned Goods,Titan,176.14,329.14,1
5155,SKU-TOY-005155,Lumina Puzzles Model-156,Toys & Games,Puzzles,Lumina,243.56,328.28,1
5156,SKU-SPO-005156,Sol Fitness Gear Model-157,Sports & Outdoors,Fitness Gear,Sol,63.89,153.2,1
5157,SKU-GRO-005157,Zenith Organic Foods Model-158,Grocery & Pantry,Organic Foods,Zenith,150.73,220.59,1
5158,SKU-ELE-005158,Prism Laptops Model-159,Electronics,Laptops,Prism,69.17,149.13,1
5159,SKU-SPO-005159,Matrix Camping & Hiking Model-160,Sports & Outdoors,Camping & Hiking,Matrix,432.37,719.22,1
5160,SKU-HOM-005160,Prism Bedding Model-161,Home & Kitchen,Bedding,Prism,163.95,389.07,1
5161,SKU-HOM-005161,Lumina Decor Model-162,Home & Kitchen,Decor,Lumina,358.18,703.56,1
5162,SKU-HOM-005162,Horizon Bedding Model-163,Home & Kitchen,Bedding,Horizon,193.96,400.77,1
5163,SKU-BEA-005163,Matrix Fragrances Model-164,Beauty & Care,Fragrances,Matrix,260.72,387.81,1
5164,SKU-APP-005164,Echo Outerwear Model-165,Apparel,Outerwear,Echo,210.79,310.97,1
5165,SKU-HOM-005165,Velocity Bedding Model-166,Home & Kitchen,Bedding,Velocity,405.39,714.56,1
5166,SKU-HOM-005166,Matrix Small Appliances Model-167,Home & Kitchen,Small Appliances,Matrix,121.91,278.48,1
5167,SKU-BEA-005167,Pulse Cosmetics Model-168,Beauty & Care,Cosmetics,Pulse,367.18,791.67,1
5168,SKU-AUT-005168,Lumina Interior Accessories Model-169,Automotive,Interior Accessories,Lumina,172.3,235.68,1
5169,SKU-APP-005169,Velocity Accessories Model-170,Apparel,Accessories,Velocity,132,315.63,1
5170,SKU-HOM-005170,Horizon Decor Model-171,Home & Kitchen,Decor,Horizon,383.45,524.02,1
5171,SKU-AUT-005171,Sol Car Care Model-172,Automotive,Car Care,Sol,364.63,723.22,1
5172,SKU-SPO-005172,Aura Fitness Gear Model-173,Sports & Outdoors,Fitness Gear,Aura,402.64,913.85,1
5173,SKU-AUT-005173,Horizon Interior Accessories Model-174,Automotive,Interior Accessories,Horizon,204.57,501.06,1
5174,SKU-BEA-005174,Horizon Cosmetics Model-175,Beauty & Care,Cosmetics,Horizon,422.84,861.68,1
5175,SKU-HOM-005175,Vortex Cookware Model-176,Home & Kitchen,Cookware,Vortex,357.47,518.62,1
5176,SKU-GRO-005176,Echo Organic Foods Model-177,Grocery & Pantry,Organic Foods,Echo,210.25,402.27,1
5177,SKU-ELE-005177,Vortex Audio & Headphones Model-178,Electronics,Audio & Headphones,Vortex,141.77,294.79,1
5178,SKU-AUT-005178,Nova Car Care Model-179,Automotive,Car Care,Nova,347.32,514.68,1
5179,SKU-HOM-005179,Zenith Furniture Model-180,Home & Kitchen,Furniture,Zenith,418.88,902.68,1
5180,SKU-AUT-005180,Vortex Car Care Model-181,Automotive,Car Care,Vortex,189.28,305.38,1
5181,SKU-AUT-005181,Echo Car Care Model-182,Automotive,Car Care,Echo,141.49,307.26,0
5182,SKU-HOM-005182,Summit Storage Model-183,Home & Kitchen,Storage,Summit,425.39,535.57,1
5183,SKU-TOY-005183,Apex Educational Toys Model-184,Toys & Games,Educational Toys,Apex,273.5,371.61,1
5184,SKU-SPO-005184,Zenith Camping & Hiking Model-185,Sports & Outdoors,Camping & Hiking,Zenith,438.55,633.05,1
5185,SKU-AUT-005185,Pulse Oils & Fluids Model-186,Automotive,Oils & Fluids,Pulse,154.43,215.53,1
5186,SKU-ELE-005186,Summit Accessories Model-187,Electronics,Accessories,Summit,374.89,590.04,1
5187,SKU-SPO-005187,Sol Fitness Gear Model-188,Sports & Outdoors,Fitness Gear,Sol,272.05,428.68,1
5188,SKU-APP-005188,Apex Men's Clothing Model-189,Apparel,Men's Clothing,Apex,78.54,166.19,1
5189,SKU-APP-005189,Zenith Men's Clothing Model-190,Apparel,Men's Clothing,Zenith,137.15,310.5,1
5190,SKU-ELE-005190,Echo Smartphones Model-191,Electronics,Smartphones,Echo,181.35,407.63,1
5191,SKU-BEA-005191,Horizon Haircare Model-192,Beauty & Care,Haircare,Horizon,242.91,331.76,1
5192,SKU-HOM-005192,Nova Bedding Model-193,Home & Kitchen,Bedding,Nova,55.62,117.83,1
5193,SKU-ELE-005193,Pulse Audio & Headphones Model-194,Electronics,Audio & Headphones,Pulse,173.38,219.96,1
5194,SKU-HOM-005194,Zenith Small Appliances Model-195,Home & Kitchen,Small Appliances,Zenith,374.15,626.21,1
5195,SKU-GRO-005195,Apex Beverages Model-196,Grocery & Pantry,Beverages,Apex,397.02,672.12,1
5196,SKU-ELE-005196,Titan Laptops Model-197,Electronics,Laptops,Titan,250.65,557.75,1
5197,SKU-SPO-005197,Vortex Cycling Model-198,Sports & Outdoors,Cycling,Vortex,413.41,1016.51,1
5198,SKU-TOY-005198,Sol Action Figures Model-199,Toys & Games,Action Figures,Sol,85.73,171.89,1
5199,SKU-AUT-005199,Titan Oils & Fluids Model-200,Automotive,Oils & Fluids,Titan,352.9,678.74,1
5200,SKU-ELE-005200,Horizon Wearables Model-201,Electronics,Wearables,Horizon,418.41,980.49,1
5201,SKU-GRO-005201,Nova Organic Foods Model-202,Grocery & Pantry,Organic Foods,Nova,14.07,20.99,1
5202,SKU-GRO-005202,Sol Breakfast Model-203,Grocery & Pantry,Breakfast,Sol,262.35,548.83,1
5203,SKU-APP-005203,Aura Footwear Model-204,Apparel,Footwear,Aura,294.95,603.91,1
5204,SKU-ELE-005204,Summit Smartphones Model-205,Electronics,Smartphones,Summit,204.38,258.8,1
5205,SKU-APP-005205,Matrix Accessories Model-206,Apparel,Accessories,Matrix,374.95,847.74,1
5206,SKU-SPO-005206,Nova Water Sports Model-207,Sports & Outdoors,Water Sports,Nova,164.97,285.64,1
5207,SKU-ELE-005207,Prism Smart Home Model-208,Electronics,Smart Home,Prism,44.77,71.13,1
5208,SKU-HOM-005208,Lumina Decor Model-209,Home & Kitchen,Decor,Lumina,31.64,54.91,1
5209,SKU-GRO-005209,Vortex Canned Goods Model-210,Grocery & Pantry,Canned Goods,Vortex,128.88,287.81,0
5210,SKU-SPO-005210,Aura Camping & Hiking Model-211,Sports & Outdoors,Camping & Hiking,Aura,134.26,256.75,1
5211,SKU-TOY-005211,Echo Educational Toys Model-212,Toys & Games,Educational Toys,Echo,313.21,779.75,1
5212,SKU-ELE-005212,Sol Smartphones Model-213,Electronics,Smartphones,Sol,420.02,1031.29,1
5213,SKU-TOY-005213,Zenith Board Games Model-214,Toys & Games,Board Games,Zenith,38.47,59.43,0
5214,SKU-SPO-005214,Summit Fitness Gear Model-215,Sports & Outdoors,Fitness Gear,Summit,122.8,246.72,1
5215,SKU-TOY-005215,Summit Outdoor Toys Model-216,Toys & Games,Outdoor Toys,Summit,429.06,660.4,1
5216,SKU-GRO-005216,Prism Canned Goods Model-217,Grocery & Pantry,Canned Goods,Prism,411.76,584.18,1
5217,SKU-TOY-005217,Matrix Puzzles Model-218,Toys & Games,Puzzles,Matrix,109.56,261.58,1
5218,SKU-HOM-005218,Horizon Bedding Model-219,Home & Kitchen,Bedding,Horizon,45.1,67.25,1
5219,SKU-APP-005219,Aura Accessories Model-220,Apparel,Accessories,Aura,314.62,742.56,0
5220,SKU-SPO-005220,Titan Water Sports Model-221,Sports & Outdoors,Water Sports,Titan,353.01,717.92,1
5221,SKU-ELE-005221,Prism Smart Home Model-222,Electronics,Smart Home,Prism,82.62,156.35,1
5222,SKU-AUT-005222,Summit Interior Accessories Model-223,Automotive,Interior Accessories,Summit,311.75,670.73,1
5223,SKU-SPO-005223,Matrix Team Sports Model-224,Sports & Outdoors,Team Sports,Matrix,34.17,80.32,1
5224,SKU-GRO-005224,Zenith Breakfast Model-225,Grocery & Pantry,Breakfast,Zenith,377.58,691.86,1
5225,SKU-AUT-005225,Summit Tools & Equipment Model-226,Automotive,Tools & Equipment,Summit,428.81,787.36,1
5226,SKU-ELE-005226,Prism Accessories Model-227,Electronics,Accessories,Prism,370.73,795.83,1
5227,SKU-AUT-005227,Lumina Oils & Fluids Model-228,Automotive,Oils & Fluids,Lumina,61.52,102.67,1
5228,SKU-TOY-005228,Prism Action Figures Model-229,Toys & Games,Action Figures,Prism,157.44,307.88,1
5229,SKU-BEA-005229,Vortex Fragrances Model-230,Beauty & Care,Fragrances,Vortex,380.96,552.39,0
5230,SKU-APP-005230,Pulse Men's Clothing Model-231,Apparel,Men's Clothing,Pulse,204.6,508.55,1
5231,SKU-TOY-005231,Sol Puzzles Model-232,Toys & Games,Puzzles,Sol,197.35,314.13,1
5232,SKU-HOM-005232,Prism Small Appliances Model-233,Home & Kitchen,Small Appliances,Prism,99.93,234.35,1
5233,SKU-HOM-005233,Titan Storage Model-234,Home & Kitchen,Storage,Titan,247.48,484.41,1
5234,SKU-BEA-005234,Aura Fragrances Model-235,Beauty & Care,Fragrances,Aura,101.52,241.07,1
5235,SKU-HOM-005235,Velocity Bedding Model-236,Home & Kitchen,Bedding,Velocity,315.41,766.52,1
5236,SKU-HOM-005236,Titan Furniture Model-237,Home & Kitchen,Furniture,Titan,387.78,874.3,1
5237,SKU-GRO-005237,Aura Breakfast Model-238,Grocery & Pantry,Breakfast,Aura,300.51,742.18,1
5238,SKU-HOM-005238,Zenith Small Appliances Model-239,Home & Kitchen,Small Appliances,Zenith,311.76,607.35,1
5239,SKU-GRO-005239,Apex Condiments Model-240,Grocery & Pantry,Condiments,Apex,194.41,433.84,1
5240,SKU-TOY-005240,Summit Action Figures Model-241,Toys & Games,Action Figures,Summit,54.77,124.16,1
5241,SKU-TOY-005241,Echo Outdoor Toys Model-242,Toys & Games,Outdoor Toys,Echo,120.67,242.61,1
5242,SKU-ELE-005242,Titan Smart Home Model-243,Electronics,Smart Home,Titan,410.89,542.55,1
5243,SKU-ELE-005243,Zenith Smart Home Model-244,Electronics,Smart Home,Zenith,139.3,345.03,1
5244,SKU-HOM-005244,Vortex Bedding Model-245,Home & Kitchen,Bedding,Vortex,51.86,103.91,1
5245,SKU-GRO-005245,Sol Snacks Model-246,Grocery & Pantry,Snacks,Sol,53.24,78.34,1
5246,SKU-ELE-005246,Pulse Accessories Model-247,Electronics,Accessories,Pulse,191.77,276.13,1
5247,SKU-ELE-005247,Echo Smartphones Model-248,Electronics,Smartphones,Echo,402.84,905.93,1
5248,SKU-SPO-005248,Prism Cycling Model-249,Sports & Outdoors,Cycling,Prism,95.23,207.61,1
5249,SKU-TOY-005249,Zenith Puzzles Model-250,Toys & Games,Puzzles,Zenith,431.25,649.79,1
5250,SKU-AUT-005250,Titan Interior Accessories Model-251,Automotive,Interior Accessories,Titan,195.46,363.52,1
5251,SKU-APP-005251,Velocity Outerwear Model-252,Apparel,Outerwear,Velocity,280.83,500.66,1
5252,SKU-HOM-005252,Pulse Furniture Model-253,Home & Kitchen,Furniture,Pulse,224.44,494.91,1
5253,SKU-TOY-005253,Matrix Action Figures Model-254,Toys & Games,Action Figures,Matrix,423.05,686.6,1
5254,SKU-APP-005254,Matrix Footwear Model-255,Apparel,Footwear,Matrix,373.48,573.72,1
5255,SKU-GRO-005255,Aura Canned Goods Model-256,Grocery & Pantry,Canned Goods,Aura,346.57,840.68,1
5256,SKU-BEA-005256,Titan Haircare Model-257,Beauty & Care,Haircare,Titan,352.55,564.69,1
5257,SKU-APP-005257,Zenith Accessories Model-258,Apparel,Accessories,Zenith,415.09,1033.25,1
5258,SKU-GRO-005258,Prism Beverages Model-259,Grocery & Pantry,Beverages,Prism,247.76,405.11,0
5259,SKU-BEA-005259,Vortex Haircare Model-260,Beauty & Care,Haircare,Vortex,348.95,697.75,1
5260,SKU-TOY-005260,Vortex Outdoor Toys Model-261,Toys & Games,Outdoor Toys,Vortex,324.64,413.7,1
5261,SKU-HOM-005261,Titan Decor Model-262,Home & Kitchen,Decor,Titan,185.54,311.09,1
5262,SKU-GRO-005262,Prism Canned Goods Model-263,Grocery & Pantry,Canned Goods,Prism,111.56,230.1,1
5263,SKU-BEA-005263,Sol Haircare Model-264,Beauty & Care,Haircare,Sol,409.26,885.49,1
5264,SKU-APP-005264,Pulse Outerwear Model-265,Apparel,Outerwear,Pulse,313.42,688.3,1
5265,SKU-GRO-005265,Summit Snacks Model-266,Grocery & Pantry,Snacks,Summit,168.8,334.14,1
5266,SKU-AUT-005266,Summit Interior Accessories Model-267,Automotive,Interior Accessories,Summit,304.72,581.65,1
5267,SKU-AUT-005267,Summit Interior Accessories Model-268,Automotive,Interior Accessories,Summit,327.37,750.85,1
5268,SKU-SPO-005268,Nova Team Sports Model-269,Sports & Outdoors,Team Sports,Nova,54.59,70.97,1
5269,SKU-GRO-005269,Zenith Beverages Model-270,Grocery & Pantry,Beverages,Zenith,423.38,574.55,1
5270,SKU-TOY-005270,Vortex Board Games Model-271,Toys & Games,Board Games,Vortex,172.81,290.11,1
5271,SKU-GRO-005271,Velocity Beverages Model-272,Grocery & Pantry,Beverages,Velocity,66.63,143.2,1
5272,SKU-HOM-005272,Aura Cookware Model-273,Home & Kitchen,Cookware,Aura,332.24,457.89,1
5273,SKU-BEA-005273,Lumina Personal Care Model-274,Beauty & Care,Personal Care,Lumina,288.89,573.65,1
5274,SKU-BEA-005274,Vortex Haircare Model-275,Beauty & Care,Haircare,Vortex,443.87,769.9,1
5275,SKU-AUT-005275,Velocity Interior Accessories Model-276,Automotive,Interior Accessories,Velocity,137.32,306.18,1
5276,SKU-TOY-005276,Echo Action Figures Model-277,Toys & Games,Action Figures,Echo,392.47,674.58,1
5277,SKU-BEA-005277,Sol Fragrances Model-278,Beauty & Care,Fragrances,Sol,408.66,573.91,1
5278,SKU-SPO-005278,Titan Camping & Hiking Model-279,Sports & Outdoors,Camping & Hiking,Titan,252.46,400.41,1
5279,SKU-ELE-005279,Vortex Smart Home Model-280,Electronics,Smart Home,Vortex,372.27,734.26,1
5280,SKU-SPO-005280,Aura Fitness Gear Model-281,Sports & Outdoors,Fitness Gear,Aura,257.59,543,1
5281,SKU-ELE-005281,Lumina Accessories Model-282,Electronics,Accessories,Lumina,373.18,506.25,1
5282,SKU-GRO-005282,Matrix Organic Foods Model-283,Grocery & Pantry,Organic Foods,Matrix,121.19,229.09,1
5283,SKU-ELE-005283,Horizon Laptops Model-284,Electronics,Laptops,Horizon,7.55,14.66,1
5284,SKU-GRO-005284,Nova Organic Foods Model-285,Grocery & Pantry,Organic Foods,Nova,396.09,527.16,1
5285,SKU-SPO-005285,Echo Cycling Model-286,Sports & Outdoors,Cycling,Echo,81.64,201.23,1
5286,SKU-APP-005286,Aura Women's Clothing Model-287,Apparel,Women's Clothing,Aura,296.09,730.45,1
5287,SKU-GRO-005287,Vortex Canned Goods Model-288,Grocery & Pantry,Canned Goods,Vortex,107.53,177.14,1
5288,SKU-SPO-005288,Pulse Cycling Model-289,Sports & Outdoors,Cycling,Pulse,68.54,149.57,1
5289,SKU-HOM-005289,Aura Cookware Model-290,Home & Kitchen,Cookware,Aura,135.43,180.54,1
5290,SKU-AUT-005290,Matrix Car Care Model-291,Automotive,Car Care,Matrix,250.96,416.59,1
5291,SKU-ELE-005291,Summit Smart Home Model-292,Electronics,Smart Home,Summit,376.39,534.39,1
5292,SKU-BEA-005292,Apex Personal Care Model-293,Beauty & Care,Personal Care,Apex,294.62,424.32,1
5293,SKU-BEA-005293,Summit Haircare Model-294,Beauty & Care,Haircare,Summit,111.04,160.47,1
5294,SKU-BEA-005294,Apex Cosmetics Model-295,Beauty & Care,Cosmetics,Apex,165.22,333.12,1
5295,SKU-SPO-005295,Summit Cycling Model-296,Sports & Outdoors,Cycling,Summit,284.76,620.59,1
5296,SKU-HOM-005296,Summit Cookware Model-297,Home & Kitchen,Cookware,Summit,5.14,9.87,1
5297,SKU-BEA-005297,Prism Cosmetics Model-298,Beauty & Care,Cosmetics,Prism,344.09,681.1,1
5298,SKU-ELE-005298,Apex Smartphones Model-299,Electronics,Smartphones,Apex,145.21,352.42,1
5299,SKU-ELE-005299,Lumina Laptops Model-300,Electronics,Laptops,Lumina,389.65,872.63,1
5300,SKU-HOM-005300,Zenith Storage Model-301,Home & Kitchen,Storage,Zenith,9.23,19.37,1
5301,SKU-TOY-005301,Lumina Outdoor Toys Model-302,Toys & Games,Outdoor Toys,Lumina,248.22,599.61,1
5302,SKU-HOM-005302,Horizon Bedding Model-303,Home & Kitchen,Bedding,Horizon,256.78,579.37,1
5303,SKU-HOM-005303,Prism Cookware Model-304,Home & Kitchen,Cookware,Prism,230.03,555.93,1
5304,SKU-AUT-005304,Sol Interior Accessories Model-305,Automotive,Interior Accessories,Sol,119.93,275.97,1
5305,SKU-TOY-005305,Matrix Educational Toys Model-306,Toys & Games,Educational Toys,Matrix,445,899.49,1
5306,SKU-APP-005306,Lumina Sportswear Model-307,Apparel,Sportswear,Lumina,366.04,652.66,1
5307,SKU-TOY-005307,Vortex Puzzles Model-308,Toys & Games,Puzzles,Vortex,369.07,668.43,1
5308,SKU-GRO-005308,Nova Snacks Model-309,Grocery & Pantry,Snacks,Nova,172.99,397.43,0
5309,SKU-TOY-005309,Matrix Board Games Model-310,Toys & Games,Board Games,Matrix,19.06,34.01,1
5310,SKU-AUT-005310,Velocity Tools & Equipment Model-311,Automotive,Tools & Equipment,Velocity,386.5,883.08,1
5311,SKU-APP-005311,Lumina Sportswear Model-312,Apparel,Sportswear,Lumina,436.9,970.44,1
5312,SKU-BEA-005312,Lumina Fragrances Model-313,Beauty & Care,Fragrances,Lumina,287.21,545.47,1
5313,SKU-APP-005313,Nova Outerwear Model-314,Apparel,Outerwear,Nova,246.39,356.83,1
5314,SKU-HOM-005314,Lumina Furniture Model-315,Home & Kitchen,Furniture,Lumina,113.91,216.63,1
5315,SKU-GRO-005315,Titan Condiments Model-316,Grocery & Pantry,Condiments,Titan,23.86,55.02,1
5316,SKU-TOY-005316,Nova Action Figures Model-317,Toys & Games,Action Figures,Nova,8.49,12.16,1
5317,SKU-ELE-005317,Aura Audio & Headphones Model-318,Electronics,Audio & Headphones,Aura,236,424.52,1
5318,SKU-TOY-005318,Pulse Board Games Model-319,Toys & Games,Board Games,Pulse,215.03,358.26,1
5319,SKU-BEA-005319,Prism Cosmetics Model-320,Beauty & Care,Cosmetics,Prism,144.97,328.57,1
5320,SKU-ELE-005320,Velocity Smart Home Model-321,Electronics,Smart Home,Velocity,144.55,245.23,1
5321,SKU-HOM-005321,Titan Bedding Model-322,Home & Kitchen,Bedding,Titan,372.52,801.93,1
5322,SKU-ELE-005322,Aura Smart Home Model-323,Electronics,Smart Home,Aura,247.09,613.27,1
5323,SKU-APP-005323,Echo Accessories Model-324,Apparel,Accessories,Echo,364.81,615.37,1
5324,SKU-SPO-005324,Summit Water Sports Model-325,Sports & Outdoors,Water Sports,Summit,316.68,555.14,1
5325,SKU-GRO-005325,Aura Breakfast Model-326,Grocery & Pantry,Breakfast,Aura,316.64,581.43,1
5326,SKU-GRO-005326,Prism Organic Foods Model-327,Grocery & Pantry,Organic Foods,Prism,125.88,207.87,1
5327,SKU-AUT-005327,Nova Car Care Model-328,Automotive,Car Care,Nova,155.95,369.88,1
5328,SKU-ELE-005328,Matrix Smartphones Model-329,Electronics,Smartphones,Matrix,298.16,386.44,1
5329,SKU-SPO-005329,Nova Team Sports Model-330,Sports & Outdoors,Team Sports,Nova,321.3,793.14,1
5330,SKU-GRO-005330,Titan Beverages Model-331,Grocery & Pantry,Beverages,Titan,72.54,152.37,1
5331,SKU-APP-005331,Summit Sportswear Model-332,Apparel,Sportswear,Summit,382.6,799,1
5332,SKU-ELE-005332,Summit Accessories Model-333,Electronics,Accessories,Summit,291.12,711.48,1
5333,SKU-BEA-005333,Pulse Personal Care Model-334,Beauty & Care,Personal Care,Pulse,392.58,645.23,1
5334,SKU-HOM-005334,Matrix Furniture Model-335,Home & Kitchen,Furniture,Matrix,374.62,868.45,1
5335,SKU-APP-005335,Horizon Women's Clothing Model-336,Apparel,Women's Clothing,Horizon,125.12,290.22,1
5336,SKU-GRO-005336,Aura Canned Goods Model-337,Grocery & Pantry,Canned Goods,Aura,434.84,859.89,1
5337,SKU-ELE-005337,Nova Smartphones Model-338,Electronics,Smartphones,Nova,428.18,1027.7,1
5338,SKU-BEA-005338,Horizon Haircare Model-339,Beauty & Care,Haircare,Horizon,14.47,20.3,1
5339,SKU-HOM-005339,Aura Furniture Model-340,Home & Kitchen,Furniture,Aura,200.77,275.32,1
5340,SKU-BEA-005340,Matrix Haircare Model-341,Beauty & Care,Haircare,Matrix,369.28,582.36,1
5341,SKU-TOY-005341,Vortex Puzzles Model-342,Toys & Games,Puzzles,Vortex,333.5,592.1,1
5342,SKU-APP-005342,Apex Women's Clothing Model-343,Apparel,Women's Clothing,Apex,209.77,294.41,1
5343,SKU-BEA-005343,Titan Fragrances Model-344,Beauty & Care,Fragrances,Titan,335.69,625.4,1
5344,SKU-SPO-005344,Prism Water Sports Model-345,Sports & Outdoors,Water Sports,Prism,53.56,96.14,1
5345,SKU-AUT-005345,Lumina Tools & Equipment Model-346,Automotive,Tools & Equipment,Lumina,218.26,295.97,1
5346,SKU-SPO-005346,Velocity Water Sports Model-347,Sports & Outdoors,Water Sports,Velocity,398.04,846.86,1
5347,SKU-APP-005347,Matrix Men's Clothing Model-348,Apparel,Men's Clothing,Matrix,198.15,469.77,1
5348,SKU-GRO-005348,Aura Organic Foods Model-349,Grocery & Pantry,Organic Foods,Aura,57.61,90.8,1
5349,SKU-SPO-005349,Titan Camping & Hiking Model-350,Sports & Outdoors,Camping & Hiking,Titan,261.66,493.55,1
5350,SKU-AUT-005350,Velocity Oils & Fluids Model-351,Automotive,Oils & Fluids,Velocity,156.59,356.53,1
5351,SKU-TOY-005351,Zenith Action Figures Model-352,Toys & Games,Action Figures,Zenith,260.47,526.57,1
5352,SKU-TOY-005352,Zenith Puzzles Model-353,Toys & Games,Puzzles,Zenith,91.86,157.87,0
5353,SKU-HOM-005353,Lumina Decor Model-354,Home & Kitchen,Decor,Lumina,129.39,303.9,1
5354,SKU-APP-005354,Sol Outerwear Model-355,Apparel,Outerwear,Sol,196.51,416.16,1
5355,SKU-TOY-005355,Sol Educational Toys Model-356,Toys & Games,Educational Toys,Sol,219.96,504.86,1
5356,SKU-HOM-005356,Pulse Bedding Model-357,Home & Kitchen,Bedding,Pulse,10.1,14.58,1
5357,SKU-APP-005357,Sol Footwear Model-358,Apparel,Footwear,Sol,307.42,756.82,1
5358,SKU-APP-005358,Apex Women's Clothing Model-359,Apparel,Women's Clothing,Apex,249.91,506,1
5359,SKU-SPO-005359,Zenith Cycling Model-360,Sports & Outdoors,Cycling,Zenith,176.46,393.68,1
5360,SKU-ELE-005360,Velocity Accessories Model-361,Electronics,Accessories,Velocity,355.38,840.14,1
5361,SKU-AUT-005361,Echo Car Care Model-362,Automotive,Car Care,Echo,158.93,274.84,1
5362,SKU-SPO-005362,Zenith Team Sports Model-363,Sports & Outdoors,Team Sports,Zenith,127.13,161.52,1
5363,SKU-GRO-005363,Pulse Beverages Model-364,Grocery & Pantry,Beverages,Pulse,403.88,982.74,1
5364,SKU-TOY-005364,Sol Puzzles Model-365,Toys & Games,Puzzles,Sol,166.72,350.33,1
5365,SKU-AUT-005365,Prism Car Care Model-366,Automotive,Car Care,Prism,12.61,18.93,1
5366,SKU-TOY-005366,Horizon Board Games Model-367,Toys & Games,Board Games,Horizon,214.62,460.22,1
5367,SKU-SPO-005367,Matrix Camping & Hiking Model-368,Sports & Outdoors,Camping & Hiking,Matrix,69.44,158.11,1
5368,SKU-BEA-005368,Velocity Personal Care Model-369,Beauty & Care,Personal Care,Velocity,428.49,543.39,1
5369,SKU-APP-005369,Pulse Accessories Model-370,Apparel,Accessories,Pulse,57.39,79.49,1
5370,SKU-TOY-005370,Titan Educational Toys Model-371,Toys & Games,Educational Toys,Titan,214.17,510.75,1
5371,SKU-SPO-005371,Summit Camping & Hiking Model-372,Sports & Outdoors,Camping & Hiking,Summit,80.64,106.84,1
5372,SKU-HOM-005372,Sol Furniture Model-373,Home & Kitchen,Furniture,Sol,237.33,332.61,1
5373,SKU-TOY-005373,Echo Action Figures Model-374,Toys & Games,Action Figures,Echo,264.62,398.38,1
5374,SKU-HOM-005374,Aura Bedding Model-375,Home & Kitchen,Bedding,Aura,351.98,835.57,1
5375,SKU-APP-005375,Sol Men's Clothing Model-376,Apparel,Men's Clothing,Sol,374.65,627.44,1
5376,SKU-SPO-005376,Titan Fitness Gear Model-377,Sports & Outdoors,Fitness Gear,Titan,382.13,583.9,1
5377,SKU-AUT-005377,Summit Interior Accessories Model-378,Automotive,Interior Accessories,Summit,202.1,496.52,1
5378,SKU-ELE-005378,Echo Smart Home Model-379,Electronics,Smart Home,Echo,387.98,723.98,1
5379,SKU-TOY-005379,Summit Educational Toys Model-380,Toys & Games,Educational Toys,Summit,424.25,559.29,1
5380,SKU-GRO-005380,Vortex Snacks Model-381,Grocery & Pantry,Snacks,Vortex,286.1,536.23,1
5381,SKU-SPO-005381,Sol Fitness Gear Model-382,Sports & Outdoors,Fitness Gear,Sol,67.61,89.9,0
5382,SKU-GRO-005382,Matrix Beverages Model-383,Grocery & Pantry,Beverages,Matrix,236.29,296.37,1
5383,SKU-APP-005383,Pulse Footwear Model-384,Apparel,Footwear,Pulse,252.71,492.42,1
5384,SKU-GRO-005384,Zenith Breakfast Model-385,Grocery & Pantry,Breakfast,Zenith,153.46,238.91,0
5385,SKU-HOM-005385,Aura Storage Model-386,Home & Kitchen,Storage,Aura,132.76,243.32,0
5386,SKU-SPO-005386,Echo Team Sports Model-387,Sports & Outdoors,Team Sports,Echo,285.89,401.63,1
5387,SKU-TOY-005387,Lumina Puzzles Model-388,Toys & Games,Puzzles,Lumina,66.69,134.95,1
5388,SKU-SPO-005388,Echo Water Sports Model-389,Sports & Outdoors,Water Sports,Echo,283,595.14,1
5389,SKU-APP-005389,Apex Women's Clothing Model-390,Apparel,Women's Clothing,Apex,105.96,223.1,1
5390,SKU-AUT-005390,Horizon Tools & Equipment Model-391,Automotive,Tools & Equipment,Horizon,296.68,635.7,1
5391,SKU-BEA-005391,Prism Cosmetics Model-392,Beauty & Care,Cosmetics,Prism,95.58,201.97,1
5392,SKU-APP-005392,Horizon Accessories Model-393,Apparel,Accessories,Horizon,273.57,344.68,1
5393,SKU-SPO-005393,Prism Cycling Model-394,Sports & Outdoors,Cycling,Prism,348.37,720.27,1
5394,SKU-BEA-005394,Sol Personal Care Model-395,Beauty & Care,Personal Care,Sol,221.24,552.9,1
5395,SKU-HOM-005395,Titan Cookware Model-396,Home & Kitchen,Cookware,Titan,210.51,312.98,1
5396,SKU-AUT-005396,Matrix Car Care Model-397,Automotive,Car Care,Matrix,109.6,139.58,1
5397,SKU-AUT-005397,Echo Car Care Model-398,Automotive,Car Care,Echo,208.74,464.19,1
5398,SKU-SPO-005398,Zenith Water Sports Model-399,Sports & Outdoors,Water Sports,Zenith,150.82,333.12,0
5399,SKU-ELE-005399,Aura Smart Home Model-400,Electronics,Smart Home,Aura,404.56,914.62,1
5400,SKU-APP-005400,Vortex Footwear Model-401,Apparel,Footwear,Vortex,269.36,458.54,1
5401,SKU-GRO-005401,Sol Condiments Model-402,Grocery & Pantry,Condiments,Sol,427.23,1010.77,1
5402,SKU-HOM-005402,Echo Cookware Model-403,Home & Kitchen,Cookware,Echo,211.11,491.95,1
5403,SKU-BEA-005403,Summit Skincare Model-404,Beauty & Care,Skincare,Summit,340.72,589.26,1
5404,SKU-APP-005404,Nova Women's Clothing Model-405,Apparel,Women's Clothing,Nova,240.58,450.42,1
5405,SKU-APP-005405,Prism Women's Clothing Model-406,Apparel,Women's Clothing,Prism,136.43,323.72,0
5406,SKU-BEA-005406,Summit Haircare Model-407,Beauty & Care,Haircare,Summit,315.39,713.44,1
5407,SKU-SPO-005407,Matrix Team Sports Model-408,Sports & Outdoors,Team Sports,Matrix,418.2,741.39,1
5408,SKU-ELE-005408,Pulse Audio & Headphones Model-409,Electronics,Audio & Headphones,Pulse,257.9,347.74,1
5409,SKU-GRO-005409,Summit Canned Goods Model-410,Grocery & Pantry,Canned Goods,Summit,443.08,866.85,1
5410,SKU-GRO-005410,Summit Condiments Model-411,Grocery & Pantry,Condiments,Summit,377.61,698.22,1
5411,SKU-AUT-005411,Titan Car Care Model-412,Automotive,Car Care,Titan,357.71,766.92,1
5412,SKU-TOY-005412,Pulse Puzzles Model-413,Toys & Games,Puzzles,Pulse,389.34,568.13,1
5413,SKU-APP-005413,Vortex Women's Clothing Model-414,Apparel,Women's Clothing,Vortex,120.82,281.96,1
5414,SKU-BEA-005414,Titan Cosmetics Model-415,Beauty & Care,Cosmetics,Titan,76.29,165.71,1
5415,SKU-TOY-005415,Lumina Educational Toys Model-416,Toys & Games,Educational Toys,Lumina,174.06,331.84,1
5416,SKU-TOY-005416,Sol Puzzles Model-417,Toys & Games,Puzzles,Sol,37.3,48.86,1
5417,SKU-HOM-005417,Echo Small Appliances Model-418,Home & Kitchen,Small Appliances,Echo,396.08,887.92,1
5418,SKU-ELE-005418,Vortex Smartphones Model-419,Electronics,Smartphones,Vortex,139.98,345.95,1
5419,SKU-GRO-005419,Apex Condiments Model-420,Grocery & Pantry,Condiments,Apex,187.01,374.79,1
5420,SKU-GRO-005420,Velocity Organic Foods Model-421,Grocery & Pantry,Organic Foods,Velocity,412.45,775.24,1
5421,SKU-AUT-005421,Echo Interior Accessories Model-422,Automotive,Interior Accessories,Echo,364.18,761.82,1
5422,SKU-APP-005422,Pulse Sportswear Model-423,Apparel,Sportswear,Pulse,184.6,436.22,1
5423,SKU-HOM-005423,Apex Cookware Model-424,Home & Kitchen,Cookware,Apex,375.26,908.29,1
5424,SKU-HOM-005424,Aura Bedding Model-425,Home & Kitchen,Bedding,Aura,246.33,340.78,1
5425,SKU-SPO-005425,Aura Team Sports Model-426,Sports & Outdoors,Team Sports,Aura,279.54,614.73,1
5426,SKU-GRO-005426,Prism Organic Foods Model-427,Grocery & Pantry,Organic Foods,Prism,169.72,235.7,1
5427,SKU-SPO-005427,Lumina Fitness Gear Model-428,Sports & Outdoors,Fitness Gear,Lumina,17.5,30.93,1
5428,SKU-AUT-005428,Horizon Car Care Model-429,Automotive,Car Care,Horizon,224.86,294.05,1
5429,SKU-HOM-005429,Lumina Storage Model-430,Home & Kitchen,Storage,Lumina,82.8,184.21,0
5430,SKU-GRO-005430,Nova Canned Goods Model-431,Grocery & Pantry,Canned Goods,Nova,394.08,941.53,1
5431,SKU-AUT-005431,Sol Interior Accessories Model-432,Automotive,Interior Accessories,Sol,426.61,563.54,1
5432,SKU-AUT-005432,Apex Car Care Model-433,Automotive,Car Care,Apex,248.44,464.59,1
5433,SKU-BEA-005433,Horizon Personal Care Model-434,Beauty & Care,Personal Care,Horizon,94.23,148.36,1
5434,SKU-HOM-005434,Sol Small Appliances Model-435,Home & Kitchen,Small Appliances,Sol,438.56,1045.65,1
5435,SKU-HOM-005435,Velocity Cookware Model-436,Home & Kitchen,Cookware,Velocity,80.63,160.12,1
5436,SKU-APP-005436,Apex Men's Clothing Model-437,Apparel,Men's Clothing,Apex,325.04,477.27,1
5437,SKU-HOM-005437,Sol Decor Model-438,Home & Kitchen,Decor,Sol,308.08,488.39,1
5438,SKU-TOY-005438,Lumina Board Games Model-439,Toys & Games,Board Games,Lumina,75.2,96.83,1
5439,SKU-AUT-005439,Vortex Tools & Equipment Model-440,Automotive,Tools & Equipment,Vortex,75.28,163.99,1
5440,SKU-ELE-005440,Nova Accessories Model-441,Electronics,Accessories,Nova,75.71,146.21,1
5441,SKU-AUT-005441,Matrix Tools & Equipment Model-442,Automotive,Tools & Equipment,Matrix,302.53,513.24,1
5442,SKU-HOM-005442,Pulse Bedding Model-443,Home & Kitchen,Bedding,Pulse,259.97,375.97,1
5443,SKU-AUT-005443,Titan Car Care Model-444,Automotive,Car Care,Titan,127.68,162.48,1
5444,SKU-TOY-005444,Vortex Action Figures Model-445,Toys & Games,Action Figures,Vortex,204,303.54,1
5445,SKU-SPO-005445,Aura Camping & Hiking Model-446,Sports & Outdoors,Camping & Hiking,Aura,53.24,87.93,1
5446,SKU-BEA-005446,Apex Haircare Model-447,Beauty & Care,Haircare,Apex,383.06,490.64,1
5447,SKU-BEA-005447,Matrix Cosmetics Model-448,Beauty & Care,Cosmetics,Matrix,33.68,79.29,1
5448,SKU-APP-005448,Sol Men's Clothing Model-449,Apparel,Men's Clothing,Sol,440.86,941.88,1
5449,SKU-ELE-005449,Summit Accessories Model-450,Electronics,Accessories,Summit,215.79,497.14,1
5450,SKU-APP-005450,Sol Accessories Model-451,Apparel,Accessories,Sol,408.87,650.61,1
5451,SKU-APP-005451,Prism Women's Clothing Model-452,Apparel,Women's Clothing,Prism,57.08,136.15,1
5452,SKU-BEA-005452,Vortex Skincare Model-453,Beauty & Care,Skincare,Vortex,239.35,572.75,1
5453,SKU-SPO-005453,Velocity Cycling Model-454,Sports & Outdoors,Cycling,Velocity,54.72,94.7,1
5454,SKU-AUT-005454,Nova Interior Accessories Model-455,Automotive,Interior Accessories,Nova,345.51,713.53,1
5455,SKU-APP-005455,Zenith Accessories Model-456,Apparel,Accessories,Zenith,67.22,96.55,1
5456,SKU-HOM-005456,Aura Decor Model-457,Home & Kitchen,Decor,Aura,279.6,385.86,1
5457,SKU-AUT-005457,Velocity Interior Accessories Model-458,Automotive,Interior Accessories,Velocity,251.8,571.41,1
5458,SKU-AUT-005458,Matrix Car Care Model-459,Automotive,Car Care,Matrix,392.94,628.44,1
5459,SKU-HOM-005459,Prism Decor Model-460,Home & Kitchen,Decor,Prism,442.64,744.43,1
5460,SKU-APP-005460,Aura Accessories Model-461,Apparel,Accessories,Aura,183.18,369.37,1
5461,SKU-AUT-005461,Sol Oils & Fluids Model-462,Automotive,Oils & Fluids,Sol,272,635.19,1
5462,SKU-HOM-005462,Nova Bedding Model-463,Home & Kitchen,Bedding,Nova,393.9,781.37,1
5463,SKU-HOM-005463,Echo Bedding Model-464,Home & Kitchen,Bedding,Echo,286.03,635.32,1
5464,SKU-ELE-005464,Sol Wearables Model-465,Electronics,Wearables,Sol,348.55,487.45,1
5465,SKU-TOY-005465,Apex Educational Toys Model-466,Toys & Games,Educational Toys,Apex,194.6,444.12,1
5466,SKU-HOM-005466,Titan Small Appliances Model-467,Home & Kitchen,Small Appliances,Titan,267.74,444.15,1
5467,SKU-HOM-005467,Nova Furniture Model-468,Home & Kitchen,Furniture,Nova,439.54,841.93,1
5468,SKU-AUT-005468,Sol Tools & Equipment Model-469,Automotive,Tools & Equipment,Sol,315.37,705.67,1
5469,SKU-APP-005469,Lumina Accessories Model-470,Apparel,Accessories,Lumina,32.78,77.21,1
5470,SKU-AUT-005470,Echo Car Care Model-471,Automotive,Car Care,Echo,22.79,35.14,1
5471,SKU-TOY-005471,Sol Puzzles Model-472,Toys & Games,Puzzles,Sol,34.77,72.1,1
5472,SKU-TOY-005472,Vortex Action Figures Model-473,Toys & Games,Action Figures,Vortex,154.69,239.1,0
5473,SKU-AUT-005473,Horizon Tools & Equipment Model-474,Automotive,Tools & Equipment,Horizon,396.13,883.29,1
5474,SKU-APP-005474,Nova Outerwear Model-475,Apparel,Outerwear,Nova,227.48,460.65,1
5475,SKU-TOY-005475,Titan Puzzles Model-476,Toys & Games,Puzzles,Titan,144.71,214.02,1
5476,SKU-HOM-005476,Horizon Cookware Model-477,Home & Kitchen,Cookware,Horizon,361.99,774.26,1
5477,SKU-TOY-005477,Apex Educational Toys Model-478,Toys & Games,Educational Toys,Apex,168.63,414.28,1
5478,SKU-BEA-005478,Prism Personal Care Model-479,Beauty & Care,Personal Care,Prism,176.13,345.95,1
5479,SKU-SPO-005479,Nova Camping & Hiking Model-480,Sports & Outdoors,Camping & Hiking,Nova,195.87,311.12,0
5480,SKU-SPO-005480,Nova Fitness Gear Model-481,Sports & Outdoors,Fitness Gear,Nova,58.43,131.44,1
5481,SKU-SPO-005481,Prism Water Sports Model-482,Sports & Outdoors,Water Sports,Prism,308.45,702.17,1
5482,SKU-GRO-005482,Summit Beverages Model-483,Grocery & Pantry,Beverages,Summit,325.78,539.1,1
5483,SKU-AUT-005483,Titan Tools & Equipment Model-484,Automotive,Tools & Equipment,Titan,331.81,595.85,1
5484,SKU-BEA-005484,Echo Personal Care Model-485,Beauty & Care,Personal Care,Echo,399.25,540.31,1
5485,SKU-BEA-005485,Lumina Personal Care Model-486,Beauty & Care,Personal Care,Lumina,120.78,183.44,1
5486,SKU-APP-005486,Nova Footwear Model-487,Apparel,Footwear,Nova,363.94,544.49,1
5487,SKU-SPO-005487,Apex Team Sports Model-488,Sports & Outdoors,Team Sports,Apex,172.09,349.5,1
5488,SKU-ELE-005488,Sol Smart Home Model-489,Electronics,Smart Home,Sol,396.94,567.42,1
5489,SKU-TOY-005489,Prism Action Figures Model-490,Toys & Games,Action Figures,Prism,297.92,524.22,1
5490,SKU-TOY-005490,Apex Board Games Model-491,Toys & Games,Board Games,Apex,31.24,49.47,1
5491,SKU-GRO-005491,Sol Organic Foods Model-492,Grocery & Pantry,Organic Foods,Sol,318.9,403.78,1
5492,SKU-ELE-005492,Prism Accessories Model-493,Electronics,Accessories,Prism,431.82,811.41,1
5493,SKU-BEA-005493,Velocity Personal Care Model-494,Beauty & Care,Personal Care,Velocity,334.08,539.91,1
5494,SKU-ELE-005494,Pulse Smart Home Model-495,Electronics,Smart Home,Pulse,21.04,46.75,1
5495,SKU-SPO-005495,Horizon Fitness Gear Model-496,Sports & Outdoors,Fitness Gear,Horizon,400.25,958,1
5496,SKU-ELE-005496,Pulse Smart Home Model-497,Electronics,Smart Home,Pulse,186.39,378.36,1
5497,SKU-APP-005497,Horizon Sportswear Model-498,Apparel,Sportswear,Horizon,19.24,24.59,0
5498,SKU-AUT-005498,Sol Oils & Fluids Model-499,Automotive,Oils & Fluids,Sol,167.79,329.47,1
5499,SKU-TOY-005499,Summit Puzzles Model-500,Toys & Games,Puzzles,Summit,50.59,74.17,1
5500,SKU-BEA-005500,Apex Cosmetics Model-501,Beauty & Care,Cosmetics,Apex,359.19,505.24,1
5501,SKU-SPO-005501,Nova Fitness Gear Model-502,Sports & Outdoors,Fitness Gear,Nova,367.13,548.88,1
5502,SKU-GRO-005502,Sol Breakfast Model-503,Grocery & Pantry,Breakfast,Sol,408.77,753.7,1
5503,SKU-GRO-005503,Apex Canned Goods Model-504,Grocery & Pantry,Canned Goods,Apex,310.05,693.45,1
5504,SKU-AUT-005504,Vortex Tools & Equipment Model-505,Automotive,Tools & Equipment,Vortex,120.19,210.42,1
5505,SKU-AUT-005505,Lumina Oils & Fluids Model-506,Automotive,Oils & Fluids,Lumina,230.95,366.28,1
5506,SKU-TOY-005506,Horizon Board Games Model-507,Toys & Games,Board Games,Horizon,435.16,703.06,1
5507,SKU-ELE-005507,Lumina Smart Home Model-508,Electronics,Smart Home,Lumina,286.14,417.54,1
5508,SKU-TOY-005508,Velocity Board Games Model-509,Toys & Games,Board Games,Velocity,419.07,664.41,1
5509,SKU-ELE-005509,Matrix Audio & Headphones Model-510,Electronics,Audio & Headphones,Matrix,377.15,575.36,1
5510,SKU-HOM-005510,Aura Storage Model-511,Home & Kitchen,Storage,Aura,429.46,696.46,1
5511,SKU-BEA-005511,Nova Cosmetics Model-512,Beauty & Care,Cosmetics,Nova,410.96,843.38,1
5512,SKU-HOM-005512,Prism Cookware Model-513,Home & Kitchen,Cookware,Prism,285.66,449.31,1
5513,SKU-HOM-005513,Summit Cookware Model-514,Home & Kitchen,Cookware,Summit,44.97,99.36,1
5514,SKU-HOM-005514,Summit Furniture Model-515,Home & Kitchen,Furniture,Summit,370.86,688.01,1
5515,SKU-BEA-005515,Zenith Haircare Model-516,Beauty & Care,Haircare,Zenith,138.69,246.17,1
5516,SKU-APP-005516,Matrix Men's Clothing Model-517,Apparel,Men's Clothing,Matrix,368.72,610.39,1
5517,SKU-AUT-005517,Aura Car Care Model-518,Automotive,Car Care,Aura,343.6,520.61,1
5518,SKU-TOY-005518,Prism Action Figures Model-519,Toys & Games,Action Figures,Prism,179.44,305.14,1
5519,SKU-HOM-005519,Pulse Cookware Model-520,Home & Kitchen,Cookware,Pulse,241.59,516.48,1
5520,SKU-HOM-005520,Lumina Decor Model-521,Home & Kitchen,Decor,Lumina,200.99,334.69,1
5521,SKU-TOY-005521,Pulse Action Figures Model-522,Toys & Games,Action Figures,Pulse,345.29,626.58,1
5522,SKU-BEA-005522,Sol Personal Care Model-523,Beauty & Care,Personal Care,Sol,202.77,374.5,1
5523,SKU-BEA-005523,Summit Cosmetics Model-524,Beauty & Care,Cosmetics,Summit,432.16,898.54,1
5524,SKU-BEA-005524,Vortex Fragrances Model-525,Beauty & Care,Fragrances,Vortex,401.88,626.92,1
5525,SKU-HOM-005525,Zenith Decor Model-526,Home & Kitchen,Decor,Zenith,388.65,552.15,1
5526,SKU-ELE-005526,Summit Smartphones Model-527,Electronics,Smartphones,Summit,410.22,945.03,1
5527,SKU-HOM-005527,Vortex Storage Model-528,Home & Kitchen,Storage,Vortex,339.4,837.52,1
5528,SKU-TOY-005528,Pulse Outdoor Toys Model-529,Toys & Games,Outdoor Toys,Pulse,313.49,543.67,1
5529,SKU-HOM-005529,Sol Decor Model-530,Home & Kitchen,Decor,Sol,238.26,586.54,1
5530,SKU-ELE-005530,Sol Smart Home Model-531,Electronics,Smart Home,Sol,295.97,591.22,0
5531,SKU-TOY-005531,Echo Puzzles Model-532,Toys & Games,Puzzles,Echo,96.76,233.82,1
5532,SKU-BEA-005532,Echo Personal Care Model-533,Beauty & Care,Personal Care,Echo,365.63,657.16,1
5533,SKU-GRO-005533,Apex Canned Goods Model-534,Grocery & Pantry,Canned Goods,Apex,148.88,230.54,1
5534,SKU-ELE-005534,Summit Audio & Headphones Model-535,Electronics,Audio & Headphones,Summit,421.56,769.42,1
5535,SKU-ELE-005535,Titan Audio & Headphones Model-536,Electronics,Audio & Headphones,Titan,101.21,158.08,1
5536,SKU-HOM-005536,Apex Furniture Model-537,Home & Kitchen,Furniture,Apex,387.4,642.38,1
5537,SKU-HOM-005537,Lumina Storage Model-538,Home & Kitchen,Storage,Lumina,429.05,807.01,1
5538,SKU-SPO-005538,Zenith Water Sports Model-539,Sports & Outdoors,Water Sports,Zenith,221.26,288.35,1
5539,SKU-BEA-005539,Nova Cosmetics Model-540,Beauty & Care,Cosmetics,Nova,446.76,795.78,1
5540,SKU-TOY-005540,Nova Board Games Model-541,Toys & Games,Board Games,Nova,27.55,42.66,1
5541,SKU-APP-005541,Apex Accessories Model-542,Apparel,Accessories,Apex,33.09,55.29,1
5542,SKU-TOY-005542,Velocity Puzzles Model-543,Toys & Games,Puzzles,Velocity,62.27,130.78,1
5543,SKU-BEA-005543,Titan Haircare Model-544,Beauty & Care,Haircare,Titan,361.66,519.51,1
5544,SKU-HOM-005544,Summit Decor Model-545,Home & Kitchen,Decor,Summit,422.67,1049.12,1
5545,SKU-SPO-005545,Sol Camping & Hiking Model-546,Sports & Outdoors,Camping & Hiking,Sol,236.62,564.03,1
5546,SKU-APP-005546,Nova Outerwear Model-547,Apparel,Outerwear,Nova,220.6,403.01,1
5547,SKU-GRO-005547,Lumina Condiments Model-548,Grocery & Pantry,Condiments,Lumina,442.22,640.24,1
5548,SKU-BEA-005548,Echo Fragrances Model-549,Beauty & Care,Fragrances,Echo,381.84,897.77,1
5549,SKU-ELE-005549,Prism Wearables Model-550,Electronics,Wearables,Prism,140.41,220.72,1
5550,SKU-HOM-005550,Echo Storage Model-551,Home & Kitchen,Storage,Echo,13.77,19.64,1
5551,SKU-GRO-005551,Prism Condiments Model-552,Grocery & Pantry,Condiments,Prism,200.54,430.45,1
5552,SKU-APP-005552,Sol Women's Clothing Model-553,Apparel,Women's Clothing,Sol,224.8,321.17,1
5553,SKU-SPO-005553,Echo Camping & Hiking Model-554,Sports & Outdoors,Camping & Hiking,Echo,260.85,577.46,1
5554,SKU-GRO-005554,Velocity Organic Foods Model-555,Grocery & Pantry,Organic Foods,Velocity,217.5,329.47,1
5555,SKU-GRO-005555,Sol Organic Foods Model-556,Grocery & Pantry,Organic Foods,Sol,175.23,384.27,1
5556,SKU-AUT-005556,Pulse Oils & Fluids Model-557,Automotive,Oils & Fluids,Pulse,88.32,144.86,1
5557,SKU-HOM-005557,Summit Bedding Model-558,Home & Kitchen,Bedding,Summit,246.51,602.27,1
5558,SKU-GRO-005558,Summit Organic Foods Model-559,Grocery & Pantry,Organic Foods,Summit,422.23,991.95,1
5559,SKU-APP-005559,Echo Men's Clothing Model-560,Apparel,Men's Clothing,Echo,359.6,657.49,1
5560,SKU-HOM-005560,Lumina Furniture Model-561,Home & Kitchen,Furniture,Lumina,326.07,594.19,1
5561,SKU-GRO-005561,Apex Snacks Model-562,Grocery & Pantry,Snacks,Apex,387.13,703.56,1
5562,SKU-TOY-005562,Aura Outdoor Toys Model-563,Toys & Games,Outdoor Toys,Aura,332.79,646.05,1
5563,SKU-SPO-005563,Pulse Fitness Gear Model-564,Sports & Outdoors,Fitness Gear,Pulse,315.07,741.87,1
5564,SKU-AUT-005564,Aura Car Care Model-565,Automotive,Car Care,Aura,403.95,811.04,1
5565,SKU-TOY-005565,Pulse Educational Toys Model-566,Toys & Games,Educational Toys,Pulse,309.84,501.17,1
5566,SKU-GRO-005566,Apex Snacks Model-567,Grocery & Pantry,Snacks,Apex,227.06,447.3,1
5567,SKU-GRO-005567,Aura Snacks Model-568,Grocery & Pantry,Snacks,Aura,404.7,719.83,1
5568,SKU-TOY-005568,Vortex Puzzles Model-569,Toys & Games,Puzzles,Vortex,378.17,787.23,1
5569,SKU-APP-005569,Zenith Women's Clothing Model-570,Apparel,Women's Clothing,Zenith,422.23,727.13,1
5570,SKU-TOY-005570,Nova Outdoor Toys Model-571,Toys & Games,Outdoor Toys,Nova,343.91,631.31,1
5571,SKU-HOM-005571,Horizon Storage Model-572,Home & Kitchen,Storage,Horizon,23.56,41.78,1
5572,SKU-TOY-005572,Aura Educational Toys Model-573,Toys & Games,Educational Toys,Aura,445.2,796.28,1
5573,SKU-APP-005573,Horizon Sportswear Model-574,Apparel,Sportswear,Horizon,148.15,269.23,1
5574,SKU-APP-005574,Aura Women's Clothing Model-575,Apparel,Women's Clothing,Aura,231.45,532.68,1
5575,SKU-APP-005575,Titan Sportswear Model-576,Apparel,Sportswear,Titan,346.61,629.61,0
5576,SKU-ELE-005576,Titan Smartphones Model-577,Electronics,Smartphones,Titan,226.23,314.71,0
5577,SKU-SPO-005577,Lumina Team Sports Model-578,Sports & Outdoors,Team Sports,Lumina,14.91,22.76,1
5578,SKU-TOY-005578,Summit Board Games Model-579,Toys & Games,Board Games,Summit,440.51,884.49,1
5579,SKU-HOM-005579,Nova Decor Model-580,Home & Kitchen,Decor,Nova,16.98,22.54,1
5580,SKU-SPO-005580,Vortex Water Sports Model-581,Sports & Outdoors,Water Sports,Vortex,250.35,369.08,1
5581,SKU-HOM-005581,Vortex Small Appliances Model-582,Home & Kitchen,Small Appliances,Vortex,5.44,9.55,1
5582,SKU-SPO-005582,Sol Water Sports Model-583,Sports & Outdoors,Water Sports,Sol,141.53,189.28,1
5583,SKU-ELE-005583,Prism Audio & Headphones Model-584,Electronics,Audio & Headphones,Prism,39.16,70.05,1
5584,SKU-BEA-005584,Matrix Skincare Model-585,Beauty & Care,Skincare,Matrix,34.65,78.59,1
5585,SKU-BEA-005585,Zenith Fragrances Model-586,Beauty & Care,Fragrances,Zenith,320.08,789.64,1
5586,SKU-SPO-005586,Sol Cycling Model-587,Sports & Outdoors,Cycling,Sol,18.57,43.21,1
5587,SKU-AUT-005587,Aura Interior Accessories Model-588,Automotive,Interior Accessories,Aura,298.75,480.55,1
5588,SKU-HOM-005588,Horizon Decor Model-589,Home & Kitchen,Decor,Horizon,174.06,323.49,1
5589,SKU-BEA-005589,Zenith Fragrances Model-590,Beauty & Care,Fragrances,Zenith,47.05,68.45,1
5590,SKU-APP-005590,Echo Accessories Model-591,Apparel,Accessories,Echo,370.83,687.3,1
5591,SKU-AUT-005591,Matrix Tools & Equipment Model-592,Automotive,Tools & Equipment,Matrix,220.29,457.77,1
5592,SKU-SPO-005592,Zenith Camping & Hiking Model-593,Sports & Outdoors,Camping & Hiking,Zenith,276.11,627.77,1
5593,SKU-ELE-005593,Horizon Smart Home Model-594,Electronics,Smart Home,Horizon,349.13,517.99,1
5594,SKU-GRO-005594,Summit Breakfast Model-595,Grocery & Pantry,Breakfast,Summit,356.12,553.42,1
5595,SKU-APP-005595,Horizon Footwear Model-596,Apparel,Footwear,Horizon,253.58,553.61,1
5596,SKU-BEA-005596,Prism Haircare Model-597,Beauty & Care,Haircare,Prism,359.29,733.5,1
5597,SKU-SPO-005597,Velocity Water Sports Model-598,Sports & Outdoors,Water Sports,Velocity,348.77,686.02,1
5598,SKU-GRO-005598,Horizon Canned Goods Model-599,Grocery & Pantry,Canned Goods,Horizon,303.25,592.96,1
5599,SKU-HOM-005599,Apex Bedding Model-600,Home & Kitchen,Bedding,Apex,87.42,113.9,1
5600,SKU-ELE-005600,Lumina Accessories Model-601,Electronics,Accessories,Lumina,400.67,657.71,1
5601,SKU-ELE-005601,Matrix Audio & Headphones Model-602,Electronics,Audio & Headphones,Matrix,61.42,125.43,1
5602,SKU-HOM-005602,Zenith Furniture Model-603,Home & Kitchen,Furniture,Zenith,394.02,598.31,1
5603,SKU-GRO-005603,Zenith Snacks Model-604,Grocery & Pantry,Snacks,Zenith,237.38,565.44,1
5604,SKU-TOY-005604,Matrix Educational Toys Model-605,Toys & Games,Educational Toys,Matrix,443.8,662.34,1
5605,SKU-BEA-005605,Velocity Skincare Model-606,Beauty & Care,Skincare,Velocity,140.74,307.12,1
5606,SKU-GRO-005606,Zenith Snacks Model-607,Grocery & Pantry,Snacks,Zenith,28.96,59.09,1
5607,SKU-GRO-005607,Titan Breakfast Model-608,Grocery & Pantry,Breakfast,Titan,9.25,11.68,1
5608,SKU-GRO-005608,Vortex Breakfast Model-609,Grocery & Pantry,Breakfast,Vortex,262.32,577.74,1
5609,SKU-APP-005609,Nova Men's Clothing Model-610,Apparel,Men's Clothing,Nova,109.47,204.17,1
5610,SKU-BEA-005610,Pulse Personal Care Model-611,Beauty & Care,Personal Care,Pulse,31.1,51.42,1
5611,SKU-ELE-005611,Apex Accessories Model-612,Electronics,Accessories,Apex,256.68,411.58,1
5612,SKU-BEA-005612,Horizon Haircare Model-613,Beauty & Care,Haircare,Horizon,140.51,240.04,1
5613,SKU-TOY-005613,Matrix Outdoor Toys Model-614,Toys & Games,Outdoor Toys,Matrix,444.85,855.91,1
5614,SKU-GRO-005614,Apex Canned Goods Model-615,Grocery & Pantry,Canned Goods,Apex,40.94,64.42,1
5615,SKU-BEA-005615,Echo Fragrances Model-616,Beauty & Care,Fragrances,Echo,311.98,771.76,1
5616,SKU-AUT-005616,Pulse Car Care Model-617,Automotive,Car Care,Pulse,98.9,132.48,1
5617,SKU-APP-005617,Titan Sportswear Model-618,Apparel,Sportswear,Titan,33.19,49.52,1
5618,SKU-HOM-005618,Horizon Storage Model-619,Home & Kitchen,Storage,Horizon,225.5,298.82,1
5619,SKU-HOM-005619,Sol Cookware Model-620,Home & Kitchen,Cookware,Sol,131.8,211.54,1
5620,SKU-AUT-005620,Zenith Car Care Model-621,Automotive,Car Care,Zenith,386.86,627.7,1
5621,SKU-GRO-005621,Titan Breakfast Model-622,Grocery & Pantry,Breakfast,Titan,19.92,28.61,1
5622,SKU-HOM-005622,Prism Storage Model-623,Home & Kitchen,Storage,Prism,103.01,200.16,1
5623,SKU-BEA-005623,Vortex Fragrances Model-624,Beauty & Care,Fragrances,Vortex,257.93,558.56,1
5624,SKU-TOY-005624,Zenith Action Figures Model-625,Toys & Games,Action Figures,Zenith,235.24,507.67,1
5625,SKU-AUT-005625,Nova Car Care Model-626,Automotive,Car Care,Nova,165.38,294.27,1
5626,SKU-AUT-005626,Nova Car Care Model-627,Automotive,Car Care,Nova,55.41,113.37,1
5627,SKU-AUT-005627,Velocity Car Care Model-628,Automotive,Car Care,Velocity,167.94,299.2,1
5628,SKU-APP-005628,Velocity Accessories Model-629,Apparel,Accessories,Velocity,330.74,750.07,1
5629,SKU-TOY-005629,Velocity Outdoor Toys Model-630,Toys & Games,Outdoor Toys,Velocity,239.32,512.42,1
5630,SKU-ELE-005630,Velocity Audio & Headphones Model-631,Electronics,Audio & Headphones,Velocity,31.23,51.69,1
5631,SKU-TOY-005631,Velocity Educational Toys Model-632,Toys & Games,Educational Toys,Velocity,258.38,493.45,0
5632,SKU-ELE-005632,Lumina Smartphones Model-633,Electronics,Smartphones,Lumina,49.59,79.12,1
5633,SKU-AUT-005633,Zenith Tools & Equipment Model-634,Automotive,Tools & Equipment,Zenith,158.55,228.34,1
5634,SKU-HOM-005634,Sol Small Appliances Model-635,Home & Kitchen,Small Appliances,Sol,106.99,152.58,1
5635,SKU-GRO-005635,Matrix Organic Foods Model-636,Grocery & Pantry,Organic Foods,Matrix,158.73,218.06,1
5636,SKU-APP-005636,Aura Accessories Model-637,Apparel,Accessories,Aura,314.89,691.87,1
5637,SKU-GRO-005637,Sol Beverages Model-638,Grocery & Pantry,Beverages,Sol,85.82,165.11,1
5638,SKU-TOY-005638,Matrix Outdoor Toys Model-639,Toys & Games,Outdoor Toys,Matrix,315.76,769.49,0
5639,SKU-GRO-005639,Pulse Snacks Model-640,Grocery & Pantry,Snacks,Pulse,199.41,263.32,1
5640,SKU-ELE-005640,Lumina Smart Home Model-641,Electronics,Smart Home,Lumina,338.99,485.48,1
5641,SKU-HOM-005641,Aura Furniture Model-642,Home & Kitchen,Furniture,Aura,377.62,718.68,1
5642,SKU-BEA-005642,Nova Cosmetics Model-643,Beauty & Care,Cosmetics,Nova,94.1,194.15,1
5643,SKU-GRO-005643,Pulse Condiments Model-644,Grocery & Pantry,Condiments,Pulse,380.72,877.52,1
5644,SKU-GRO-005644,Horizon Organic Foods Model-645,Grocery & Pantry,Organic Foods,Horizon,217.07,311.44,1
5645,SKU-SPO-005645,Titan Water Sports Model-646,Sports & Outdoors,Water Sports,Titan,24.29,47.13,1
5646,SKU-SPO-005646,Aura Team Sports Model-647,Sports & Outdoors,Team Sports,Aura,17.99,32.74,1
5647,SKU-AUT-005647,Pulse Oils & Fluids Model-648,Automotive,Oils & Fluids,Pulse,360.21,622.74,1
5648,SKU-BEA-005648,Zenith Haircare Model-649,Beauty & Care,Haircare,Zenith,110.16,166.22,1
5649,SKU-ELE-005649,Titan Smartphones Model-650,Electronics,Smartphones,Titan,420,936.74,1
5650,SKU-APP-005650,Echo Sportswear Model-651,Apparel,Sportswear,Echo,188.49,417,1
5651,SKU-TOY-005651,Titan Board Games Model-652,Toys & Games,Board Games,Titan,260.68,503.08,1
5652,SKU-HOM-005652,Prism Storage Model-653,Home & Kitchen,Storage,Prism,323.75,413.78,1
5653,SKU-APP-005653,Lumina Women's Clothing Model-654,Apparel,Women's Clothing,Lumina,228.18,294.6,1
5654,SKU-BEA-005654,Summit Personal Care Model-655,Beauty & Care,Personal Care,Summit,362.04,853.4,1
5655,SKU-BEA-005655,Sol Personal Care Model-656,Beauty & Care,Personal Care,Sol,393.21,795.37,1
5656,SKU-AUT-005656,Nova Oils & Fluids Model-657,Automotive,Oils & Fluids,Nova,363.95,807.27,1
5657,SKU-APP-005657,Nova Accessories Model-658,Apparel,Accessories,Nova,440.88,888.56,1
5658,SKU-APP-005658,Apex Accessories Model-659,Apparel,Accessories,Apex,37.34,84.39,1
5659,SKU-AUT-005659,Echo Interior Accessories Model-660,Automotive,Interior Accessories,Echo,217.4,438.46,1
5660,SKU-SPO-005660,Summit Water Sports Model-661,Sports & Outdoors,Water Sports,Summit,95.87,182.29,1
5661,SKU-GRO-005661,Aura Condiments Model-662,Grocery & Pantry,Condiments,Aura,124.79,195.11,1
5662,SKU-GRO-005662,Apex Condiments Model-663,Grocery & Pantry,Condiments,Apex,430.82,564.26,1
5663,SKU-TOY-005663,Zenith Educational Toys Model-664,Toys & Games,Educational Toys,Zenith,338.07,452.75,1
5664,SKU-HOM-005664,Summit Storage Model-665,Home & Kitchen,Storage,Summit,402.91,557.84,1
5665,SKU-BEA-005665,Pulse Fragrances Model-666,Beauty & Care,Fragrances,Pulse,246.07,521.85,1
5666,SKU-TOY-005666,Echo Action Figures Model-667,Toys & Games,Action Figures,Echo,333.16,703.85,1
5667,SKU-GRO-005667,Horizon Beverages Model-668,Grocery & Pantry,Beverages,Horizon,95.4,233.79,0
5668,SKU-BEA-005668,Lumina Fragrances Model-669,Beauty & Care,Fragrances,Lumina,269.9,432.02,1
5669,SKU-BEA-005669,Echo Fragrances Model-670,Beauty & Care,Fragrances,Echo,141.62,282.77,1
5670,SKU-BEA-005670,Summit Haircare Model-671,Beauty & Care,Haircare,Summit,46.94,82.37,1
5671,SKU-TOY-005671,Horizon Board Games Model-672,Toys & Games,Board Games,Horizon,444.99,1023.03,1
5672,SKU-ELE-005672,Lumina Audio & Headphones Model-673,Electronics,Audio & Headphones,Lumina,161.74,219.51,1
5673,SKU-ELE-005673,Sol Wearables Model-674,Electronics,Wearables,Sol,422.83,1026.26,1
5674,SKU-ELE-005674,Velocity Accessories Model-675,Electronics,Accessories,Velocity,379.53,879.34,1
5675,SKU-HOM-005675,Matrix Decor Model-676,Home & Kitchen,Decor,Matrix,191.83,476.98,1
5676,SKU-ELE-005676,Zenith Accessories Model-677,Electronics,Accessories,Zenith,10.99,17.26,1
5677,SKU-AUT-005677,Horizon Interior Accessories Model-678,Automotive,Interior Accessories,Horizon,292.74,546.35,1
5678,SKU-ELE-005678,Summit Wearables Model-679,Electronics,Wearables,Summit,308.3,619.43,1
5679,SKU-BEA-005679,Lumina Haircare Model-680,Beauty & Care,Haircare,Lumina,87.43,214.94,1
5680,SKU-TOY-005680,Aura Action Figures Model-681,Toys & Games,Action Figures,Aura,135.95,186.85,1
5681,SKU-ELE-005681,Pulse Accessories Model-682,Electronics,Accessories,Pulse,308.55,477.03,0
5682,SKU-BEA-005682,Vortex Fragrances Model-683,Beauty & Care,Fragrances,Vortex,119.78,246.06,1
5683,SKU-BEA-005683,Vortex Skincare Model-684,Beauty & Care,Skincare,Vortex,56.14,118.35,1
5684,SKU-TOY-005684,Apex Action Figures Model-685,Toys & Games,Action Figures,Apex,22.6,41.67,1
5685,SKU-SPO-005685,Apex Cycling Model-686,Sports & Outdoors,Cycling,Apex,410.71,606.85,1
5686,SKU-GRO-005686,Echo Beverages Model-687,Grocery & Pantry,Beverages,Echo,339.12,720.28,1
5687,SKU-AUT-005687,Velocity Car Care Model-688,Automotive,Car Care,Velocity,108.72,206.24,1
5688,SKU-GRO-005688,Titan Breakfast Model-689,Grocery & Pantry,Breakfast,Titan,263.06,411.19,1
5689,SKU-SPO-005689,Lumina Team Sports Model-690,Sports & Outdoors,Team Sports,Lumina,424.03,861.5,1
5690,SKU-TOY-005690,Velocity Outdoor Toys Model-691,Toys & Games,Outdoor Toys,Velocity,50.71,65.32,1
5691,SKU-ELE-005691,Matrix Wearables Model-692,Electronics,Wearables,Matrix,51.39,128.47,1
5692,SKU-ELE-005692,Titan Smartphones Model-693,Electronics,Smartphones,Titan,330.41,499.88,1
5693,SKU-SPO-005693,Apex Fitness Gear Model-694,Sports & Outdoors,Fitness Gear,Apex,34.48,45.86,1
5694,SKU-SPO-005694,Apex Fitness Gear Model-695,Sports & Outdoors,Fitness Gear,Apex,309.73,475.42,1
5695,SKU-SPO-005695,Apex Water Sports Model-696,Sports & Outdoors,Water Sports,Apex,296.67,606.38,1
5696,SKU-BEA-005696,Echo Skincare Model-697,Beauty & Care,Skincare,Echo,386.21,734.95,1
5697,SKU-ELE-005697,Titan Smart Home Model-698,Electronics,Smart Home,Titan,367.16,815.12,1
5698,SKU-HOM-005698,Aura Small Appliances Model-699,Home & Kitchen,Small Appliances,Aura,320.79,455.15,1
5699,SKU-GRO-005699,Prism Snacks Model-700,Grocery & Pantry,Snacks,Prism,325.84,789.64,1
5700,SKU-TOY-005700,Apex Board Games Model-701,Toys & Games,Board Games,Apex,86.57,164.34,1
5701,SKU-TOY-005701,Velocity Board Games Model-702,Toys & Games,Board Games,Velocity,239.67,510.53,1
5702,SKU-ELE-005702,Horizon Accessories Model-703,Electronics,Accessories,Horizon,370.27,495.94,1
5703,SKU-BEA-005703,Vortex Skincare Model-704,Beauty & Care,Skincare,Vortex,49.13,81.44,1
5704,SKU-GRO-005704,Matrix Condiments Model-705,Grocery & Pantry,Condiments,Matrix,31.76,60.44,1
5705,SKU-APP-005705,Prism Sportswear Model-706,Apparel,Sportswear,Prism,219.89,503.99,1
5706,SKU-AUT-005706,Summit Oils & Fluids Model-707,Automotive,Oils & Fluids,Summit,227.04,483.87,1
5707,SKU-AUT-005707,Pulse Interior Accessories Model-708,Automotive,Interior Accessories,Pulse,347.78,745.8,0
5708,SKU-HOM-005708,Nova Small Appliances Model-709,Home & Kitchen,Small Appliances,Nova,422.13,778.33,1
5709,SKU-TOY-005709,Prism Educational Toys Model-710,Toys & Games,Educational Toys,Prism,29.16,59.99,1
5710,SKU-HOM-005710,Horizon Bedding Model-711,Home & Kitchen,Bedding,Horizon,285.64,556.86,1
5711,SKU-ELE-005711,Velocity Smartphones Model-712,Electronics,Smartphones,Velocity,215.39,356.71,1
5712,SKU-ELE-005712,Titan Smartphones Model-713,Electronics,Smartphones,Titan,201.1,478.21,1
5713,SKU-TOY-005713,Apex Action Figures Model-714,Toys & Games,Action Figures,Apex,272.33,585.56,1
5714,SKU-TOY-005714,Lumina Action Figures Model-715,Toys & Games,Action Figures,Lumina,199.97,369.59,1
5715,SKU-ELE-005715,Titan Audio & Headphones Model-716,Electronics,Audio & Headphones,Titan,193.11,278.43,1
5716,SKU-APP-005716,Apex Outerwear Model-717,Apparel,Outerwear,Apex,433.85,734.32,1
5717,SKU-HOM-005717,Aura Furniture Model-718,Home & Kitchen,Furniture,Aura,218.27,315.76,1
5718,SKU-SPO-005718,Pulse Water Sports Model-719,Sports & Outdoors,Water Sports,Pulse,96.87,143.6,1
5719,SKU-GRO-005719,Velocity Breakfast Model-720,Grocery & Pantry,Breakfast,Velocity,316.38,511.8,1
5720,SKU-GRO-005720,Lumina Breakfast Model-721,Grocery & Pantry,Breakfast,Lumina,316.73,588.26,1
5721,SKU-ELE-005721,Matrix Wearables Model-722,Electronics,Wearables,Matrix,254.54,374.76,1
5722,SKU-HOM-005722,Lumina Decor Model-723,Home & Kitchen,Decor,Lumina,53.98,123.1,1
5723,SKU-SPO-005723,Prism Cycling Model-724,Sports & Outdoors,Cycling,Prism,203.32,431.74,1
5724,SKU-APP-005724,Lumina Footwear Model-725,Apparel,Footwear,Lumina,227.38,481.1,1
5725,SKU-ELE-005725,Apex Smart Home Model-726,Electronics,Smart Home,Apex,93.69,169.68,1
5726,SKU-GRO-005726,Aura Beverages Model-727,Grocery & Pantry,Beverages,Aura,309.93,698.23,1
5727,SKU-AUT-005727,Aura Interior Accessories Model-728,Automotive,Interior Accessories,Aura,156.46,209.32,1
5728,SKU-BEA-005728,Zenith Skincare Model-729,Beauty & Care,Skincare,Zenith,58.22,98.05,1
5729,SKU-AUT-005729,Echo Car Care Model-730,Automotive,Car Care,Echo,141.75,224.69,1
5730,SKU-AUT-005730,Velocity Tools & Equipment Model-731,Automotive,Tools & Equipment,Velocity,432.72,667.05,1
5731,SKU-AUT-005731,Apex Interior Accessories Model-732,Automotive,Interior Accessories,Apex,176.6,224.72,1
5732,SKU-HOM-005732,Horizon Small Appliances Model-733,Home & Kitchen,Small Appliances,Horizon,285.2,457.08,1
5733,SKU-SPO-005733,Summit Cycling Model-734,Sports & Outdoors,Cycling,Summit,169.09,223.69,1
5734,SKU-TOY-005734,Lumina Outdoor Toys Model-735,Toys & Games,Outdoor Toys,Lumina,298.31,650.14,1
5735,SKU-GRO-005735,Pulse Canned Goods Model-736,Grocery & Pantry,Canned Goods,Pulse,178.16,389.92,1
5736,SKU-AUT-005736,Nova Interior Accessories Model-737,Automotive,Interior Accessories,Nova,268.24,607.63,1
5737,SKU-APP-005737,Matrix Women's Clothing Model-738,Apparel,Women's Clothing,Matrix,255.02,527.09,1
5738,SKU-AUT-005738,Titan Interior Accessories Model-739,Automotive,Interior Accessories,Titan,231.51,450.34,1
5739,SKU-TOY-005739,Matrix Action Figures Model-740,Toys & Games,Action Figures,Matrix,438.45,737.48,1
5740,SKU-BEA-005740,Vortex Skincare Model-741,Beauty & Care,Skincare,Vortex,301.17,694.16,1
5741,SKU-GRO-005741,Nova Canned Goods Model-742,Grocery & Pantry,Canned Goods,Nova,409.56,613.24,1
5742,SKU-SPO-005742,Apex Cycling Model-743,Sports & Outdoors,Cycling,Apex,164.79,331.75,1
5743,SKU-AUT-005743,Echo Tools & Equipment Model-744,Automotive,Tools & Equipment,Echo,392.2,938.93,1
5744,SKU-TOY-005744,Nova Action Figures Model-745,Toys & Games,Action Figures,Nova,400.28,633.57,1
5745,SKU-TOY-005745,Apex Puzzles Model-746,Toys & Games,Puzzles,Apex,402.9,724.27,1
5746,SKU-GRO-005746,Matrix Snacks Model-747,Grocery & Pantry,Snacks,Matrix,14.09,19.83,1
5747,SKU-HOM-005747,Pulse Decor Model-748,Home & Kitchen,Decor,Pulse,58.62,142.28,1
5748,SKU-SPO-005748,Vortex Team Sports Model-749,Sports & Outdoors,Team Sports,Vortex,376.16,936.1,1
5749,SKU-ELE-005749,Zenith Smartphones Model-750,Electronics,Smartphones,Zenith,197.32,331.74,1
5750,SKU-BEA-005750,Apex Haircare Model-751,Beauty & Care,Haircare,Apex,308.89,449.36,1
5751,SKU-GRO-005751,Prism Canned Goods Model-752,Grocery & Pantry,Canned Goods,Prism,35.95,60.01,1
5752,SKU-APP-005752,Prism Women's Clothing Model-753,Apparel,Women's Clothing,Prism,45.45,92.27,1
5753,SKU-HOM-005753,Matrix Decor Model-754,Home & Kitchen,Decor,Matrix,193.61,443.4,1
5754,SKU-TOY-005754,Lumina Puzzles Model-755,Toys & Games,Puzzles,Lumina,416.65,871.83,1
5755,SKU-TOY-005755,Vortex Outdoor Toys Model-756,Toys & Games,Outdoor Toys,Vortex,319.48,503.79,1
5756,SKU-AUT-005756,Velocity Tools & Equipment Model-757,Automotive,Tools & Equipment,Velocity,419.3,983.06,1
5757,SKU-SPO-005757,Pulse Fitness Gear Model-758,Sports & Outdoors,Fitness Gear,Pulse,188.98,375.99,1
5758,SKU-APP-005758,Velocity Sportswear Model-759,Apparel,Sportswear,Velocity,219.13,351.47,1
5759,SKU-AUT-005759,Aura Tools & Equipment Model-760,Automotive,Tools & Equipment,Aura,237.24,442.94,1
5760,SKU-AUT-005760,Sol Car Care Model-761,Automotive,Car Care,Sol,28.18,51.64,1
5761,SKU-TOY-005761,Prism Educational Toys Model-762,Toys & Games,Educational Toys,Prism,56.09,119.18,1
5762,SKU-ELE-005762,Echo Smart Home Model-763,Electronics,Smart Home,Echo,411.87,605.95,1
5763,SKU-ELE-005763,Titan Smartphones Model-764,Electronics,Smartphones,Titan,53.86,130.11,1
5764,SKU-GRO-005764,Titan Breakfast Model-765,Grocery & Pantry,Breakfast,Titan,28.38,49.87,1
5765,SKU-SPO-005765,Horizon Cycling Model-766,Sports & Outdoors,Cycling,Horizon,7.55,17.69,1
5766,SKU-TOY-005766,Matrix Puzzles Model-767,Toys & Games,Puzzles,Matrix,293.22,659.45,1
5767,SKU-GRO-005767,Nova Canned Goods Model-768,Grocery & Pantry,Canned Goods,Nova,237.72,334.48,1
5768,SKU-ELE-005768,Apex Wearables Model-769,Electronics,Wearables,Apex,358.63,609.05,1
5769,SKU-ELE-005769,Horizon Accessories Model-770,Electronics,Accessories,Horizon,262.69,543.7,0
5770,SKU-APP-005770,Apex Footwear Model-771,Apparel,Footwear,Apex,402.69,689.04,1
5771,SKU-TOY-005771,Sol Puzzles Model-772,Toys & Games,Puzzles,Sol,406.47,723.76,1
5772,SKU-APP-005772,Titan Men's Clothing Model-773,Apparel,Men's Clothing,Titan,343.84,750.73,1
5773,SKU-APP-005773,Pulse Women's Clothing Model-774,Apparel,Women's Clothing,Pulse,283.78,382.96,1
5774,SKU-TOY-005774,Echo Board Games Model-775,Toys & Games,Board Games,Echo,70.1,168.32,1
5775,SKU-TOY-005775,Matrix Action Figures Model-776,Toys & Games,Action Figures,Matrix,274.25,471.54,1
5776,SKU-ELE-005776,Aura Smartphones Model-777,Electronics,Smartphones,Aura,384.9,787.43,1
5777,SKU-HOM-005777,Echo Furniture Model-778,Home & Kitchen,Furniture,Echo,14.71,18.68,1
5778,SKU-SPO-005778,Horizon Water Sports Model-779,Sports & Outdoors,Water Sports,Horizon,288.51,586.47,1
5779,SKU-APP-005779,Aura Women's Clothing Model-780,Apparel,Women's Clothing,Aura,415.74,628.81,1
5780,SKU-GRO-005780,Nova Beverages Model-781,Grocery & Pantry,Beverages,Nova,323.72,764.06,1
5781,SKU-SPO-005781,Aura Cycling Model-782,Sports & Outdoors,Cycling,Aura,366.3,786.98,1
5782,SKU-ELE-005782,Pulse Wearables Model-783,Electronics,Wearables,Pulse,134.04,305.03,1
5783,SKU-ELE-005783,Aura Laptops Model-784,Electronics,Laptops,Aura,213.02,416.62,1
5784,SKU-SPO-005784,Lumina Camping & Hiking Model-785,Sports & Outdoors,Camping & Hiking,Lumina,290.3,573.79,1
5785,SKU-TOY-005785,Zenith Action Figures Model-786,Toys & Games,Action Figures,Zenith,234.19,333.33,1
5786,SKU-SPO-005786,Apex Camping & Hiking Model-787,Sports & Outdoors,Camping & Hiking,Apex,67.46,128.36,1
5787,SKU-HOM-005787,Horizon Cookware Model-788,Home & Kitchen,Cookware,Horizon,168.72,415.65,1
5788,SKU-TOY-005788,Nova Action Figures Model-789,Toys & Games,Action Figures,Nova,407.99,533.67,1
5789,SKU-AUT-005789,Summit Car Care Model-790,Automotive,Car Care,Summit,221.59,405.04,1
5790,SKU-HOM-005790,Aura Furniture Model-791,Home & Kitchen,Furniture,Aura,58.85,130.19,1
5791,SKU-BEA-005791,Apex Personal Care Model-792,Beauty & Care,Personal Care,Apex,349.46,609.28,1
5792,SKU-HOM-005792,Nova Storage Model-793,Home & Kitchen,Storage,Nova,314.96,769.12,1
5793,SKU-BEA-005793,Aura Haircare Model-794,Beauty & Care,Haircare,Aura,246.25,385.35,1
5794,SKU-HOM-005794,Titan Furniture Model-795,Home & Kitchen,Furniture,Titan,325.37,544.68,1
5795,SKU-SPO-005795,Sol Cycling Model-796,Sports & Outdoors,Cycling,Sol,444.89,1067.89,1
5796,SKU-GRO-005796,Sol Breakfast Model-797,Grocery & Pantry,Breakfast,Sol,293.02,674.36,1
5797,SKU-ELE-005797,Echo Accessories Model-798,Electronics,Accessories,Echo,316.83,472.9,1
5798,SKU-ELE-005798,Matrix Audio & Headphones Model-799,Electronics,Audio & Headphones,Matrix,375.33,593.83,1
5799,SKU-HOM-005799,Velocity Small Appliances Model-800,Home & Kitchen,Small Appliances,Velocity,147.8,348.44,1
5800,SKU-GRO-005800,Pulse Condiments Model-801,Grocery & Pantry,Condiments,Pulse,51.24,102.4,1
5801,SKU-APP-005801,Titan Men's Clothing Model-802,Apparel,Men's Clothing,Titan,46.66,81.69,1
5802,SKU-BEA-005802,Echo Haircare Model-803,Beauty & Care,Haircare,Echo,246.75,498.91,1
5803,SKU-ELE-005803,Velocity Accessories Model-804,Electronics,Accessories,Velocity,380.34,756.9,1
5804,SKU-GRO-005804,Aura Canned Goods Model-805,Grocery & Pantry,Canned Goods,Aura,254.9,514.9,1
5805,SKU-BEA-005805,Apex Cosmetics Model-806,Beauty & Care,Cosmetics,Apex,239.03,313.57,1
5806,SKU-ELE-005806,Pulse Smartphones Model-807,Electronics,Smartphones,Pulse,233.47,423.77,1
5807,SKU-AUT-005807,Nova Interior Accessories Model-808,Automotive,Interior Accessories,Nova,254.36,437.58,1
5808,SKU-TOY-005808,Sol Outdoor Toys Model-809,Toys & Games,Outdoor Toys,Sol,181.05,356.34,1
5809,SKU-ELE-005809,Titan Laptops Model-810,Electronics,Laptops,Titan,157.17,304.89,1
5810,SKU-AUT-005810,Apex Interior Accessories Model-811,Automotive,Interior Accessories,Apex,294.46,380.73,0
5811,SKU-GRO-005811,Nova Beverages Model-812,Grocery & Pantry,Beverages,Nova,105.65,188.96,1
5812,SKU-TOY-005812,Prism Puzzles Model-813,Toys & Games,Puzzles,Prism,208.37,377.99,1
5813,SKU-APP-005813,Matrix Outerwear Model-814,Apparel,Outerwear,Matrix,255.15,457.9,1
5814,SKU-ELE-005814,Prism Smart Home Model-815,Electronics,Smart Home,Prism,84.13,148.95,1
5815,SKU-SPO-005815,Sol Water Sports Model-816,Sports & Outdoors,Water Sports,Sol,60.94,104.87,1
5816,SKU-SPO-005816,Horizon Team Sports Model-817,Sports & Outdoors,Team Sports,Horizon,364.13,862.84,1
5817,SKU-HOM-005817,Titan Decor Model-818,Home & Kitchen,Decor,Titan,321.43,485.62,1
5818,SKU-ELE-005818,Aura Laptops Model-819,Electronics,Laptops,Aura,433.6,680.08,1
5819,SKU-HOM-005819,Velocity Small Appliances Model-820,Home & Kitchen,Small Appliances,Velocity,33.94,54.34,1
5820,SKU-GRO-005820,Sol Breakfast Model-821,Grocery & Pantry,Breakfast,Sol,434.44,1030.8,1
5821,SKU-SPO-005821,Echo Cycling Model-822,Sports & Outdoors,Cycling,Echo,158.23,368.52,1
5822,SKU-TOY-005822,Titan Puzzles Model-823,Toys & Games,Puzzles,Titan,407.38,718.78,1
5823,SKU-AUT-005823,Prism Oils & Fluids Model-824,Automotive,Oils & Fluids,Prism,248.49,382.53,1
5824,SKU-GRO-005824,Titan Organic Foods Model-825,Grocery & Pantry,Organic Foods,Titan,229.22,482.95,1
5825,SKU-BEA-005825,Prism Cosmetics Model-826,Beauty & Care,Cosmetics,Prism,178.89,285.48,1
5826,SKU-AUT-005826,Titan Tools & Equipment Model-827,Automotive,Tools & Equipment,Titan,434.54,793.82,1
5827,SKU-TOY-005827,Prism Action Figures Model-828,Toys & Games,Action Figures,Prism,262.7,627.32,1
5828,SKU-SPO-005828,Horizon Team Sports Model-829,Sports & Outdoors,Team Sports,Horizon,436.89,913.47,1
5829,SKU-AUT-005829,Velocity Oils & Fluids Model-830,Automotive,Oils & Fluids,Velocity,448.47,812.97,1
5830,SKU-HOM-005830,Sol Furniture Model-831,Home & Kitchen,Furniture,Sol,25.54,36.34,1
5831,SKU-AUT-005831,Apex Car Care Model-832,Automotive,Car Care,Apex,276.12,375,1
5832,SKU-APP-005832,Horizon Women's Clothing Model-833,Apparel,Women's Clothing,Horizon,21.72,49.27,1
5833,SKU-HOM-005833,Aura Furniture Model-834,Home & Kitchen,Furniture,Aura,124.44,274.77,1
5834,SKU-GRO-005834,Titan Condiments Model-835,Grocery & Pantry,Condiments,Titan,85.25,109.97,1
5835,SKU-SPO-005835,Prism Cycling Model-836,Sports & Outdoors,Cycling,Prism,169.42,381.14,1
5836,SKU-HOM-005836,Vortex Furniture Model-837,Home & Kitchen,Furniture,Vortex,73.8,154.69,1
5837,SKU-SPO-005837,Zenith Team Sports Model-838,Sports & Outdoors,Team Sports,Zenith,201.42,496.63,1
5838,SKU-BEA-005838,Pulse Personal Care Model-839,Beauty & Care,Personal Care,Pulse,149.6,296.66,1
5839,SKU-GRO-005839,Prism Canned Goods Model-840,Grocery & Pantry,Canned Goods,Prism,49.81,76.87,1
5840,SKU-BEA-005840,Echo Skincare Model-841,Beauty & Care,Skincare,Echo,333.29,780.53,1
5841,SKU-ELE-005841,Sol Audio & Headphones Model-842,Electronics,Audio & Headphones,Sol,129.19,184.08,1
5842,SKU-APP-005842,Vortex Women's Clothing Model-843,Apparel,Women's Clothing,Vortex,287.17,503.11,1
5843,SKU-GRO-005843,Nova Canned Goods Model-844,Grocery & Pantry,Canned Goods,Nova,122.59,165.73,1
5844,SKU-HOM-005844,Nova Storage Model-845,Home & Kitchen,Storage,Nova,407.1,583.84,1
5845,SKU-BEA-005845,Vortex Personal Care Model-846,Beauty & Care,Personal Care,Vortex,414.11,1035.02,1
5846,SKU-AUT-005846,Matrix Oils & Fluids Model-847,Automotive,Oils & Fluids,Matrix,207.29,441.72,1
5847,SKU-HOM-005847,Aura Storage Model-848,Home & Kitchen,Storage,Aura,169.21,337.84,1
5848,SKU-ELE-005848,Vortex Laptops Model-849,Electronics,Laptops,Vortex,144.67,262.98,1
5849,SKU-HOM-005849,Pulse Small Appliances Model-850,Home & Kitchen,Small Appliances,Pulse,401.73,795.93,1
5850,SKU-GRO-005850,Aura Organic Foods Model-851,Grocery & Pantry,Organic Foods,Aura,273.91,649.93,1
5851,SKU-APP-005851,Echo Accessories Model-852,Apparel,Accessories,Echo,447.38,641.49,1
5852,SKU-BEA-005852,Echo Skincare Model-853,Beauty & Care,Skincare,Echo,430.48,1032.74,1
5853,SKU-TOY-005853,Aura Outdoor Toys Model-854,Toys & Games,Outdoor Toys,Aura,368.36,561,1
5854,SKU-AUT-005854,Velocity Interior Accessories Model-855,Automotive,Interior Accessories,Velocity,449.81,1019.36,1
5855,SKU-SPO-005855,Echo Camping & Hiking Model-856,Sports & Outdoors,Camping & Hiking,Echo,114.56,232.76,1
5856,SKU-BEA-005856,Echo Personal Care Model-857,Beauty & Care,Personal Care,Echo,57.34,110.17,1
5857,SKU-BEA-005857,Echo Skincare Model-858,Beauty & Care,Skincare,Echo,300.64,459.51,1
5858,SKU-GRO-005858,Lumina Organic Foods Model-859,Grocery & Pantry,Organic Foods,Lumina,255.34,499.52,1
5859,SKU-SPO-005859,Aura Cycling Model-860,Sports & Outdoors,Cycling,Aura,138.99,277.29,1
5860,SKU-ELE-005860,Zenith Laptops Model-861,Electronics,Laptops,Zenith,61.33,106.69,1
5861,SKU-APP-005861,Titan Sportswear Model-862,Apparel,Sportswear,Titan,329.83,637.08,1
5862,SKU-APP-005862,Velocity Men's Clothing Model-863,Apparel,Men's Clothing,Velocity,160.13,363.94,1
5863,SKU-SPO-005863,Lumina Fitness Gear Model-864,Sports & Outdoors,Fitness Gear,Lumina,446.68,683.35,1
5864,SKU-AUT-005864,Aura Oils & Fluids Model-865,Automotive,Oils & Fluids,Aura,296.52,616.74,1
5865,SKU-SPO-005865,Prism Team Sports Model-866,Sports & Outdoors,Team Sports,Prism,72.89,93.94,1
5866,SKU-TOY-005866,Summit Outdoor Toys Model-867,Toys & Games,Outdoor Toys,Summit,56.8,115.53,1
5867,SKU-ELE-005867,Aura Laptops Model-868,Electronics,Laptops,Aura,187.17,382.68,1
5868,SKU-GRO-005868,Nova Beverages Model-869,Grocery & Pantry,Beverages,Nova,333.22,807.05,1
5869,SKU-HOM-005869,Pulse Small Appliances Model-870,Home & Kitchen,Small Appliances,Pulse,335.18,705.98,1
5870,SKU-SPO-005870,Apex Fitness Gear Model-871,Sports & Outdoors,Fitness Gear,Apex,398.36,591.04,1
5871,SKU-ELE-005871,Lumina Accessories Model-872,Electronics,Accessories,Lumina,178.23,342.64,1
5872,SKU-TOY-005872,Echo Puzzles Model-873,Toys & Games,Puzzles,Echo,313.99,504.28,1
5873,SKU-AUT-005873,Summit Car Care Model-874,Automotive,Car Care,Summit,40.98,66.74,1
5874,SKU-AUT-005874,Vortex Interior Accessories Model-875,Automotive,Interior Accessories,Vortex,267.7,656.01,1
5875,SKU-GRO-005875,Nova Canned Goods Model-876,Grocery & Pantry,Canned Goods,Nova,100.42,193.38,1
5876,SKU-AUT-005876,Velocity Oils & Fluids Model-877,Automotive,Oils & Fluids,Velocity,234.99,423.49,1
5877,SKU-TOY-005877,Horizon Outdoor Toys Model-878,Toys & Games,Outdoor Toys,Horizon,152.87,295.35,1
5878,SKU-AUT-005878,Aura Interior Accessories Model-879,Automotive,Interior Accessories,Aura,161.19,240.17,1
5879,SKU-HOM-005879,Prism Furniture Model-880,Home & Kitchen,Furniture,Prism,36.11,71.79,0
5880,SKU-GRO-005880,Vortex Beverages Model-881,Grocery & Pantry,Beverages,Vortex,178.21,366.25,1
5881,SKU-ELE-005881,Vortex Smart Home Model-882,Electronics,Smart Home,Vortex,290.73,382.7,1
5882,SKU-BEA-005882,Apex Skincare Model-883,Beauty & Care,Skincare,Apex,318.59,471.67,1
5883,SKU-ELE-005883,Pulse Smart Home Model-884,Electronics,Smart Home,Pulse,124.89,192.28,1
5884,SKU-HOM-005884,Titan Decor Model-885,Home & Kitchen,Decor,Titan,448.56,697.05,1
5885,SKU-AUT-005885,Apex Interior Accessories Model-886,Automotive,Interior Accessories,Apex,297.7,428.02,1
5886,SKU-SPO-005886,Vortex Team Sports Model-887,Sports & Outdoors,Team Sports,Vortex,369.15,658.16,1
5887,SKU-HOM-005887,Velocity Decor Model-888,Home & Kitchen,Decor,Velocity,289.24,505.68,1
5888,SKU-AUT-005888,Titan Car Care Model-889,Automotive,Car Care,Titan,365.57,546.59,1
5889,SKU-HOM-005889,Horizon Storage Model-890,Home & Kitchen,Storage,Horizon,14.7,32.84,1
5890,SKU-AUT-005890,Pulse Car Care Model-891,Automotive,Car Care,Pulse,223.3,364.72,1
5891,SKU-TOY-005891,Matrix Action Figures Model-892,Toys & Games,Action Figures,Matrix,388.95,650.02,1
5892,SKU-HOM-005892,Zenith Cookware Model-893,Home & Kitchen,Cookware,Zenith,168.54,238.64,1
5893,SKU-TOY-005893,Lumina Outdoor Toys Model-894,Toys & Games,Outdoor Toys,Lumina,373.24,772.96,1
5894,SKU-AUT-005894,Matrix Tools & Equipment Model-895,Automotive,Tools & Equipment,Matrix,240.63,508.42,1
5895,SKU-SPO-005895,Matrix Camping & Hiking Model-896,Sports & Outdoors,Camping & Hiking,Matrix,429.79,850.26,1
5896,SKU-BEA-005896,Titan Haircare Model-897,Beauty & Care,Haircare,Titan,60.92,77.76,1
5897,SKU-APP-005897,Echo Sportswear Model-898,Apparel,Sportswear,Echo,42.19,63.12,1
5898,SKU-APP-005898,Lumina Accessories Model-899,Apparel,Accessories,Lumina,268.21,546.14,1
5899,SKU-HOM-005899,Echo Cookware Model-900,Home & Kitchen,Cookware,Echo,322.5,720.4,1
5900,SKU-ELE-005900,Velocity Audio & Headphones Model-901,Electronics,Audio & Headphones,Velocity,339.04,812.04,0
5901,SKU-APP-005901,Nova Men's Clothing Model-902,Apparel,Men's Clothing,Nova,89.88,199.49,1
5902,SKU-BEA-005902,Matrix Cosmetics Model-903,Beauty & Care,Cosmetics,Matrix,202.62,335.12,1
5903,SKU-APP-005903,Sol Sportswear Model-904,Apparel,Sportswear,Sol,365.56,778.02,1
5904,SKU-ELE-005904,Matrix Audio & Headphones Model-905,Electronics,Audio & Headphones,Matrix,358.64,503.2,1
5905,SKU-BEA-005905,Zenith Personal Care Model-906,Beauty & Care,Personal Care,Zenith,124.82,226.73,1
5906,SKU-HOM-005906,Pulse Small Appliances Model-907,Home & Kitchen,Small Appliances,Pulse,255.04,630.8,1
5907,SKU-SPO-005907,Matrix Team Sports Model-908,Sports & Outdoors,Team Sports,Matrix,342.63,518.6,1
5908,SKU-TOY-005908,Horizon Puzzles Model-909,Toys & Games,Puzzles,Horizon,355.6,857.66,1
5909,SKU-AUT-005909,Lumina Tools & Equipment Model-910,Automotive,Tools & Equipment,Lumina,289.98,469.67,1
5910,SKU-BEA-005910,Sol Personal Care Model-911,Beauty & Care,Personal Care,Sol,103.28,250.21,1
5911,SKU-TOY-005911,Horizon Board Games Model-912,Toys & Games,Board Games,Horizon,116.9,229.91,1
5912,SKU-APP-005912,Matrix Sportswear Model-913,Apparel,Sportswear,Matrix,293.46,635.75,1
5913,SKU-GRO-005913,Apex Condiments Model-914,Grocery & Pantry,Condiments,Apex,297.62,511.78,1
5914,SKU-BEA-005914,Velocity Personal Care Model-915,Beauty & Care,Personal Care,Velocity,265.9,608.95,1
5915,SKU-SPO-005915,Nova Water Sports Model-916,Sports & Outdoors,Water Sports,Nova,399.12,539.77,1
5916,SKU-HOM-005916,Lumina Storage Model-917,Home & Kitchen,Storage,Lumina,398.86,983.69,1
5917,SKU-APP-005917,Sol Men's Clothing Model-918,Apparel,Men's Clothing,Sol,187.21,372.15,1
5918,SKU-GRO-005918,Titan Condiments Model-919,Grocery & Pantry,Condiments,Titan,91.11,172.5,1
5919,SKU-APP-005919,Velocity Women's Clothing Model-920,Apparel,Women's Clothing,Velocity,388.94,769.42,1
5920,SKU-TOY-005920,Summit Board Games Model-921,Toys & Games,Board Games,Summit,243.42,309.62,1
5921,SKU-SPO-005921,Matrix Camping & Hiking Model-922,Sports & Outdoors,Camping & Hiking,Matrix,291.08,627.68,1
5922,SKU-APP-005922,Horizon Sportswear Model-923,Apparel,Sportswear,Horizon,286,683.39,1
5923,SKU-SPO-005923,Summit Cycling Model-924,Sports & Outdoors,Cycling,Summit,398.95,512.83,1
5924,SKU-SPO-005924,Vortex Water Sports Model-925,Sports & Outdoors,Water Sports,Vortex,195.48,339.82,1
5925,SKU-TOY-005925,Titan Outdoor Toys Model-926,Toys & Games,Outdoor Toys,Titan,259.95,380.98,1
5926,SKU-HOM-005926,Lumina Storage Model-927,Home & Kitchen,Storage,Lumina,314.87,446.86,1
5927,SKU-BEA-005927,Zenith Skincare Model-928,Beauty & Care,Skincare,Zenith,93.72,228.15,1
5928,SKU-ELE-005928,Aura Smartphones Model-929,Electronics,Smartphones,Aura,11.17,26.78,1
5929,SKU-HOM-005929,Matrix Cookware Model-930,Home & Kitchen,Cookware,Matrix,62.23,85.95,1
5930,SKU-AUT-005930,Aura Interior Accessories Model-931,Automotive,Interior Accessories,Aura,406.23,783.22,1
5931,SKU-BEA-005931,Pulse Fragrances Model-932,Beauty & Care,Fragrances,Pulse,281.22,412.82,1
5932,SKU-HOM-005932,Zenith Cookware Model-933,Home & Kitchen,Cookware,Zenith,388.57,829.01,1
5933,SKU-HOM-005933,Lumina Decor Model-934,Home & Kitchen,Decor,Lumina,135.19,257.7,1
5934,SKU-APP-005934,Nova Sportswear Model-935,Apparel,Sportswear,Nova,399.46,795.68,1
5935,SKU-AUT-005935,Matrix Car Care Model-936,Automotive,Car Care,Matrix,398.8,556.86,1
5936,SKU-BEA-005936,Velocity Fragrances Model-937,Beauty & Care,Fragrances,Velocity,246.72,447.06,1
5937,SKU-HOM-005937,Horizon Bedding Model-938,Home & Kitchen,Bedding,Horizon,69.11,121.35,1
5938,SKU-TOY-005938,Lumina Action Figures Model-939,Toys & Games,Action Figures,Lumina,77.04,106.29,1
5939,SKU-SPO-005939,Lumina Cycling Model-940,Sports & Outdoors,Cycling,Lumina,283.27,396.06,1
5940,SKU-TOY-005940,Aura Board Games Model-941,Toys & Games,Board Games,Aura,416.87,906.65,1
5941,SKU-TOY-005941,Prism Puzzles Model-942,Toys & Games,Puzzles,Prism,192.48,317.28,1
5942,SKU-BEA-005942,Vortex Haircare Model-943,Beauty & Care,Haircare,Vortex,284.77,488.98,1
5943,SKU-TOY-005943,Aura Educational Toys Model-944,Toys & Games,Educational Toys,Aura,128.3,280.06,1
5944,SKU-HOM-005944,Horizon Cookware Model-945,Home & Kitchen,Cookware,Horizon,444.51,1003.98,1
5945,SKU-HOM-005945,Zenith Decor Model-946,Home & Kitchen,Decor,Zenith,389.38,727.81,1
5946,SKU-ELE-005946,Horizon Smart Home Model-947,Electronics,Smart Home,Horizon,381.43,556.78,1
5947,SKU-APP-005947,Sol Outerwear Model-948,Apparel,Outerwear,Sol,140.18,324.15,1
5948,SKU-BEA-005948,Matrix Cosmetics Model-949,Beauty & Care,Cosmetics,Matrix,247.39,423.45,1
5949,SKU-AUT-005949,Sol Tools & Equipment Model-950,Automotive,Tools & Equipment,Sol,433.78,777.5,1
5950,SKU-AUT-005950,Echo Tools & Equipment Model-951,Automotive,Tools & Equipment,Echo,317.52,578.94,1
5951,SKU-APP-005951,Aura Footwear Model-952,Apparel,Footwear,Aura,255.24,512.45,1
5952,SKU-SPO-005952,Summit Team Sports Model-953,Sports & Outdoors,Team Sports,Summit,215.31,518.93,1
5953,SKU-APP-005953,Vortex Outerwear Model-954,Apparel,Outerwear,Vortex,175.58,290.24,1
5954,SKU-TOY-005954,Lumina Board Games Model-955,Toys & Games,Board Games,Lumina,17.83,28.56,1
5955,SKU-AUT-005955,Pulse Tools & Equipment Model-956,Automotive,Tools & Equipment,Pulse,439.84,798.26,1
5956,SKU-SPO-005956,Horizon Fitness Gear Model-957,Sports & Outdoors,Fitness Gear,Horizon,177.08,239.49,1
5957,SKU-ELE-005957,Summit Wearables Model-958,Electronics,Wearables,Summit,64.94,92.32,1
5958,SKU-SPO-005958,Summit Fitness Gear Model-959,Sports & Outdoors,Fitness Gear,Summit,444.82,848.82,1
5959,SKU-ELE-005959,Titan Smartphones Model-960,Electronics,Smartphones,Titan,179.89,311.61,1
5960,SKU-SPO-005960,Vortex Team Sports Model-961,Sports & Outdoors,Team Sports,Vortex,12.05,22.96,1
5961,SKU-TOY-005961,Lumina Board Games Model-962,Toys & Games,Board Games,Lumina,135.72,178.06,1
5962,SKU-ELE-005962,Titan Accessories Model-963,Electronics,Accessories,Titan,350.16,598.08,1
5963,SKU-SPO-005963,Velocity Camping & Hiking Model-964,Sports & Outdoors,Camping & Hiking,Velocity,417.25,968.44,1
5964,SKU-HOM-005964,Lumina Storage Model-965,Home & Kitchen,Storage,Lumina,73.05,155.44,1
5965,SKU-AUT-005965,Nova Car Care Model-966,Automotive,Car Care,Nova,417.06,1040.97,1
5966,SKU-SPO-005966,Zenith Cycling Model-967,Sports & Outdoors,Cycling,Zenith,124.1,220.29,1
5967,SKU-APP-005967,Zenith Outerwear Model-968,Apparel,Outerwear,Zenith,379.56,527.13,1
5968,SKU-BEA-005968,Echo Personal Care Model-969,Beauty & Care,Personal Care,Echo,60.85,87.22,1
5969,SKU-GRO-005969,Nova Beverages Model-970,Grocery & Pantry,Beverages,Nova,405.9,996.38,1
5970,SKU-HOM-005970,Horizon Small Appliances Model-971,Home & Kitchen,Small Appliances,Horizon,382.92,658.57,1
5971,SKU-GRO-005971,Matrix Beverages Model-972,Grocery & Pantry,Beverages,Matrix,57.14,92.66,1
5972,SKU-APP-005972,Velocity Sportswear Model-973,Apparel,Sportswear,Velocity,172.46,242.45,1
5973,SKU-ELE-005973,Pulse Wearables Model-974,Electronics,Wearables,Pulse,120.93,178.28,1
5974,SKU-TOY-005974,Lumina Board Games Model-975,Toys & Games,Board Games,Lumina,13.31,24.11,1
5975,SKU-ELE-005975,Nova Laptops Model-976,Electronics,Laptops,Nova,263.7,387.42,1
5976,SKU-SPO-005976,Vortex Team Sports Model-977,Sports & Outdoors,Team Sports,Vortex,252,610.64,1
5977,SKU-SPO-005977,Zenith Water Sports Model-978,Sports & Outdoors,Water Sports,Zenith,41.95,66.14,0
5978,SKU-APP-005978,Titan Outerwear Model-979,Apparel,Outerwear,Titan,5.99,9.1,1
5979,SKU-BEA-005979,Apex Fragrances Model-980,Beauty & Care,Fragrances,Apex,166.54,213.27,1
5980,SKU-ELE-005980,Summit Smart Home Model-981,Electronics,Smart Home,Summit,86.5,173.03,1
5981,SKU-BEA-005981,Horizon Skincare Model-982,Beauty & Care,Skincare,Horizon,427.05,673.27,1
5982,SKU-BEA-005982,Apex Haircare Model-983,Beauty & Care,Haircare,Apex,284.73,683.43,1
5983,SKU-SPO-005983,Titan Water Sports Model-984,Sports & Outdoors,Water Sports,Titan,121.12,208.43,1
5984,SKU-AUT-005984,Zenith Tools & Equipment Model-985,Automotive,Tools & Equipment,Zenith,207.35,282.38,1
5985,SKU-ELE-005985,Matrix Laptops Model-986,Electronics,Laptops,Matrix,78.17,113.91,1
5986,SKU-ELE-005986,Horizon Smartphones Model-987,Electronics,Smartphones,Horizon,56.18,83.06,1
5987,SKU-SPO-005987,Sol Team Sports Model-988,Sports & Outdoors,Team Sports,Sol,53.48,104.09,1
5988,SKU-SPO-005988,Echo Fitness Gear Model-989,Sports & Outdoors,Fitness Gear,Echo,165,272.63,1
5989,SKU-APP-005989,Summit Accessories Model-990,Apparel,Accessories,Summit,367.1,627.21,1
5990,SKU-APP-005990,Nova Men's Clothing Model-991,Apparel,Men's Clothing,Nova,135.18,329.57,1
5991,SKU-AUT-005991,Velocity Tools & Equipment Model-992,Automotive,Tools & Equipment,Velocity,395.82,914.98,1
5992,SKU-AUT-005992,Titan Car Care Model-993,Automotive,Car Care,Titan,188.67,418.01,1
5993,SKU-GRO-005993,Velocity Beverages Model-994,Grocery & Pantry,Beverages,Velocity,23.2,57.23,1
5994,SKU-APP-005994,Apex Sportswear Model-995,Apparel,Sportswear,Apex,392.64,720.89,1
5995,SKU-GRO-005995,Apex Organic Foods Model-996,Grocery & Pantry,Organic Foods,Apex,85.95,131.24,1
5996,SKU-ELE-005996,Pulse Wearables Model-997,Electronics,Wearables,Pulse,111.98,163.23,1
5997,SKU-SPO-005997,Apex Team Sports Model-998,Sports & Outdoors,Team Sports,Apex,388.5,671.62,1
5998,SKU-SPO-005998,Summit Cycling Model-999,Sports & Outdoors,Cycling,Summit,273.79,630.72,1
5999,SKU-BEA-005999,Matrix Personal Care Model-1000,Beauty & Care,Personal Care,Matrix,132.66,297.48,1
6000,SKU-AUT-006000,Matrix Oils & Fluids Model-001,Automotive,Oils & Fluids,Matrix,446.41,929.96,1
6001,SKU-ELE-006001,Matrix Laptops Model-002,Electronics,Laptops,Matrix,240.13,454.69,1
6002,SKU-AUT-006002,Matrix Interior Accessories Model-003,Automotive,Interior Accessories,Matrix,346.07,499.23,1
6003,SKU-APP-006003,Pulse Footwear Model-004,Apparel,Footwear,Pulse,354.69,572.61,1
6004,SKU-GRO-006004,Aura Condiments Model-005,Grocery & Pantry,Condiments,Aura,401.87,618.67,1
6005,SKU-ELE-006005,Matrix Smartphones Model-006,Electronics,Smartphones,Matrix,370.41,820.38,1
6006,SKU-TOY-006006,Summit Action Figures Model-007,Toys & Games,Action Figures,Summit,188.74,282.95,1
6007,SKU-ELE-006007,Aura Laptops Model-008,Electronics,Laptops,Aura,268.31,473.77,1
6008,SKU-TOY-006008,Lumina Action Figures Model-009,Toys & Games,Action Figures,Lumina,367.52,881.93,0
6009,SKU-ELE-006009,Echo Wearables Model-010,Electronics,Wearables,Echo,254.1,347.45,1
6010,SKU-BEA-006010,Nova Skincare Model-011,Beauty & Care,Skincare,Nova,127.18,177.09,1
6011,SKU-ELE-006011,Matrix Smartphones Model-012,Electronics,Smartphones,Matrix,309.12,640.19,1
6012,SKU-SPO-006012,Summit Team Sports Model-013,Sports & Outdoors,Team Sports,Summit,71.89,179.36,1
6013,SKU-SPO-006013,Summit Fitness Gear Model-014,Sports & Outdoors,Fitness Gear,Summit,308.78,736.59,1
6014,SKU-TOY-006014,Titan Action Figures Model-015,Toys & Games,Action Figures,Titan,427.82,889.85,1
6015,SKU-AUT-006015,Nova Oils & Fluids Model-016,Automotive,Oils & Fluids,Nova,417.13,940.7,1
6016,SKU-HOM-006016,Prism Storage Model-017,Home & Kitchen,Storage,Prism,403.39,687.7,1
6017,SKU-SPO-006017,Lumina Camping & Hiking Model-018,Sports & Outdoors,Camping & Hiking,Lumina,222.53,539.47,1
6018,SKU-HOM-006018,Matrix Furniture Model-019,Home & Kitchen,Furniture,Matrix,170.94,222.94,1
6019,SKU-AUT-006019,Prism Car Care Model-020,Automotive,Car Care,Prism,228.69,331.1,1
6020,SKU-ELE-006020,Aura Smartphones Model-021,Electronics,Smartphones,Aura,306.12,662.34,1
6021,SKU-AUT-006021,Vortex Tools & Equipment Model-022,Automotive,Tools & Equipment,Vortex,159.31,214.1,1
6022,SKU-SPO-006022,Zenith Team Sports Model-023,Sports & Outdoors,Team Sports,Zenith,198.39,363.94,1
6023,SKU-AUT-006023,Lumina Tools & Equipment Model-024,Automotive,Tools & Equipment,Lumina,308.28,742.02,1
6024,SKU-BEA-006024,Lumina Cosmetics Model-025,Beauty & Care,Cosmetics,Lumina,168.87,221.4,1
6025,SKU-SPO-006025,Vortex Cycling Model-026,Sports & Outdoors,Cycling,Vortex,177.81,375.81,0
6026,SKU-TOY-006026,Summit Board Games Model-027,Toys & Games,Board Games,Summit,244.84,377.4,1
6027,SKU-HOM-006027,Lumina Decor Model-028,Home & Kitchen,Decor,Lumina,447.37,560.34,1
6028,SKU-HOM-006028,Velocity Cookware Model-029,Home & Kitchen,Cookware,Velocity,325.46,589.01,1
6029,SKU-ELE-006029,Pulse Smartphones Model-030,Electronics,Smartphones,Pulse,183.52,255.44,1
6030,SKU-TOY-006030,Summit Action Figures Model-031,Toys & Games,Action Figures,Summit,227.55,389.18,1
6031,SKU-APP-006031,Matrix Women's Clothing Model-032,Apparel,Women's Clothing,Matrix,197.12,329.54,1
6032,SKU-HOM-006032,Velocity Bedding Model-033,Home & Kitchen,Bedding,Velocity,247.95,487.59,1
6033,SKU-TOY-006033,Summit Board Games Model-034,Toys & Games,Board Games,Summit,257.65,528.84,1
6034,SKU-GRO-006034,Pulse Organic Foods Model-035,Grocery & Pantry,Organic Foods,Pulse,368.63,608.3,1
6035,SKU-GRO-006035,Horizon Snacks Model-036,Grocery & Pantry,Snacks,Horizon,138.91,292.28,1
6036,SKU-SPO-006036,Matrix Camping & Hiking Model-037,Sports & Outdoors,Camping & Hiking,Matrix,39.75,97.18,1
6037,SKU-BEA-006037,Sol Cosmetics Model-038,Beauty & Care,Cosmetics,Sol,429.97,976.05,1
6038,SKU-HOM-006038,Matrix Bedding Model-039,Home & Kitchen,Bedding,Matrix,400.6,665.13,0
6039,SKU-SPO-006039,Summit Water Sports Model-040,Sports & Outdoors,Water Sports,Summit,116.94,184.76,1
6040,SKU-APP-006040,Vortex Accessories Model-041,Apparel,Accessories,Vortex,30.92,60.23,1
6041,SKU-GRO-006041,Vortex Condiments Model-042,Grocery & Pantry,Condiments,Vortex,125.71,228.99,1
6042,SKU-APP-006042,Sol Women's Clothing Model-043,Apparel,Women's Clothing,Sol,288.27,710.97,1
6043,SKU-TOY-006043,Horizon Educational Toys Model-044,Toys & Games,Educational Toys,Horizon,404.44,543.88,1
6044,SKU-GRO-006044,Zenith Condiments Model-045,Grocery & Pantry,Condiments,Zenith,198.74,353.84,1
6045,SKU-TOY-006045,Titan Educational Toys Model-046,Toys & Games,Educational Toys,Titan,194.64,275.8,1
6046,SKU-HOM-006046,Nova Small Appliances Model-047,Home & Kitchen,Small Appliances,Nova,441.46,989,0
6047,SKU-TOY-006047,Pulse Puzzles Model-048,Toys & Games,Puzzles,Pulse,36.21,62.57,1
6048,SKU-APP-006048,Pulse Accessories Model-049,Apparel,Accessories,Pulse,432.76,1071.91,1
6049,SKU-HOM-006049,Matrix Decor Model-050,Home & Kitchen,Decor,Matrix,86.54,157.89,1
6050,SKU-AUT-006050,Sol Oils & Fluids Model-051,Automotive,Oils & Fluids,Sol,417.58,959.37,1
6051,SKU-HOM-006051,Apex Furniture Model-052,Home & Kitchen,Furniture,Apex,63.7,140.54,1
6052,SKU-HOM-006052,Titan Furniture Model-053,Home & Kitchen,Furniture,Titan,176.74,284.13,1
6053,SKU-TOY-006053,Nova Action Figures Model-054,Toys & Games,Action Figures,Nova,339.52,749.71,1
6054,SKU-APP-006054,Apex Outerwear Model-055,Apparel,Outerwear,Apex,207.32,456.33,1
6055,SKU-BEA-006055,Titan Cosmetics Model-056,Beauty & Care,Cosmetics,Titan,323.72,597.4,1
6056,SKU-HOM-006056,Prism Furniture Model-057,Home & Kitchen,Furniture,Prism,447.91,576.84,0
6057,SKU-ELE-006057,Horizon Laptops Model-058,Electronics,Laptops,Horizon,134.09,170.79,1
6058,SKU-HOM-006058,Echo Cookware Model-059,Home & Kitchen,Cookware,Echo,133.68,176.98,1
6059,SKU-AUT-006059,Lumina Interior Accessories Model-060,Automotive,Interior Accessories,Lumina,199.15,337.13,1
6060,SKU-GRO-006060,Titan Snacks Model-061,Grocery & Pantry,Snacks,Titan,26.81,38.11,1
6061,SKU-SPO-006061,Summit Water Sports Model-062,Sports & Outdoors,Water Sports,Summit,70.17,95.52,1
6062,SKU-GRO-006062,Zenith Organic Foods Model-063,Grocery & Pantry,Organic Foods,Zenith,287.23,516.82,1
6063,SKU-BEA-006063,Velocity Fragrances Model-064,Beauty & Care,Fragrances,Velocity,387.62,906.85,1
6064,SKU-BEA-006064,Lumina Cosmetics Model-065,Beauty & Care,Cosmetics,Lumina,398.74,882.43,1
6065,SKU-ELE-006065,Matrix Wearables Model-066,Electronics,Wearables,Matrix,46.56,82.75,1
6066,SKU-HOM-006066,Velocity Storage Model-067,Home & Kitchen,Storage,Velocity,102.15,161.87,1
6067,SKU-HOM-006067,Pulse Decor Model-068,Home & Kitchen,Decor,Pulse,237.59,364.64,1
6068,SKU-GRO-006068,Apex Organic Foods Model-069,Grocery & Pantry,Organic Foods,Apex,345.06,706.37,1
6069,SKU-GRO-006069,Vortex Snacks Model-070,Grocery & Pantry,Snacks,Vortex,338.19,494.23,1
6070,SKU-APP-006070,Zenith Women's Clothing Model-071,Apparel,Women's Clothing,Zenith,322.18,803.54,1
6071,SKU-APP-006071,Aura Sportswear Model-072,Apparel,Sportswear,Aura,293.63,418.57,1
6072,SKU-HOM-006072,Zenith Decor Model-073,Home & Kitchen,Decor,Zenith,402.72,541.08,1
6073,SKU-ELE-006073,Matrix Wearables Model-074,Electronics,Wearables,Matrix,337.71,781.08,1
6074,SKU-BEA-006074,Sol Cosmetics Model-075,Beauty & Care,Cosmetics,Sol,442.99,909.57,1
6075,SKU-AUT-006075,Vortex Car Care Model-076,Automotive,Car Care,Vortex,88.11,113.45,0
6076,SKU-APP-006076,Velocity Outerwear Model-077,Apparel,Outerwear,Velocity,405.78,531.6,1
6077,SKU-AUT-006077,Summit Interior Accessories Model-078,Automotive,Interior Accessories,Summit,315.48,614.27,1
6078,SKU-TOY-006078,Aura Educational Toys Model-079,Toys & Games,Educational Toys,Aura,93.21,147.44,1
6079,SKU-APP-006079,Echo Outerwear Model-080,Apparel,Outerwear,Echo,57.05,86.42,1
6080,SKU-ELE-006080,Vortex Smart Home Model-081,Electronics,Smart Home,Vortex,100.29,238.7,1
6081,SKU-TOY-006081,Apex Puzzles Model-082,Toys & Games,Puzzles,Apex,225.41,465.16,1
6082,SKU-TOY-006082,Nova Outdoor Toys Model-083,Toys & Games,Outdoor Toys,Nova,67.89,109.74,1
6083,SKU-GRO-006083,Matrix Condiments Model-084,Grocery & Pantry,Condiments,Matrix,26.85,43.58,1
6084,SKU-BEA-006084,Aura Fragrances Model-085,Beauty & Care,Fragrances,Aura,324.4,550.75,1
6085,SKU-BEA-006085,Matrix Haircare Model-086,Beauty & Care,Haircare,Matrix,250.36,391.88,1
6086,SKU-BEA-006086,Horizon Skincare Model-087,Beauty & Care,Skincare,Horizon,438.55,610.8,1
6087,SKU-ELE-006087,Zenith Wearables Model-088,Electronics,Wearables,Zenith,112.97,195.43,1
6088,SKU-AUT-006088,Velocity Tools & Equipment Model-089,Automotive,Tools & Equipment,Velocity,187.06,422.1,1
6089,SKU-TOY-006089,Matrix Educational Toys Model-090,Toys & Games,Educational Toys,Matrix,297.15,392.19,1
6090,SKU-ELE-006090,Horizon Wearables Model-091,Electronics,Wearables,Horizon,116.43,152.14,1
6091,SKU-ELE-006091,Vortex Wearables Model-092,Electronics,Wearables,Vortex,435.6,741.13,1
6092,SKU-TOY-006092,Echo Educational Toys Model-093,Toys & Games,Educational Toys,Echo,440.64,691.94,1
6093,SKU-GRO-006093,Summit Organic Foods Model-094,Grocery & Pantry,Organic Foods,Summit,85.55,129.48,1
6094,SKU-AUT-006094,Prism Car Care Model-095,Automotive,Car Care,Prism,209.4,429.56,0
6095,SKU-SPO-006095,Vortex Fitness Gear Model-096,Sports & Outdoors,Fitness Gear,Vortex,199.85,470.9,1
6096,SKU-APP-006096,Nova Men's Clothing Model-097,Apparel,Men's Clothing,Nova,417.31,743.79,1
6097,SKU-AUT-006097,Echo Oils & Fluids Model-098,Automotive,Oils & Fluids,Echo,219.7,418.35,1
6098,SKU-SPO-006098,Horizon Fitness Gear Model-099,Sports & Outdoors,Fitness Gear,Horizon,446.92,868.58,1
6099,SKU-TOY-006099,Zenith Puzzles Model-100,Toys & Games,Puzzles,Zenith,337.95,820.45,0
6100,SKU-GRO-006100,Aura Breakfast Model-101,Grocery & Pantry,Breakfast,Aura,341.57,619.19,0
6101,SKU-APP-006101,Horizon Men's Clothing Model-102,Apparel,Men's Clothing,Horizon,104.14,154.91,1
6102,SKU-APP-006102,Aura Men's Clothing Model-103,Apparel,Men's Clothing,Aura,171.33,378.37,1
6103,SKU-BEA-006103,Vortex Fragrances Model-104,Beauty & Care,Fragrances,Vortex,121,285.35,1
6104,SKU-AUT-006104,Apex Oils & Fluids Model-105,Automotive,Oils & Fluids,Apex,381.9,913.46,1
6105,SKU-ELE-006105,Nova Accessories Model-106,Electronics,Accessories,Nova,23.94,53.7,1
6106,SKU-APP-006106,Apex Outerwear Model-107,Apparel,Outerwear,Apex,433.08,842.31,1
6107,SKU-SPO-006107,Vortex Camping & Hiking Model-108,Sports & Outdoors,Camping & Hiking,Vortex,444.2,717.8,1
6108,SKU-APP-006108,Nova Outerwear Model-109,Apparel,Outerwear,Nova,96.28,175.85,1
6109,SKU-AUT-006109,Summit Car Care Model-110,Automotive,Car Care,Summit,104.3,230.4,1
6110,SKU-HOM-006110,Nova Cookware Model-111,Home & Kitchen,Cookware,Nova,404.81,584.52,1
6111,SKU-HOM-006111,Summit Furniture Model-112,Home & Kitchen,Furniture,Summit,65.48,143.49,1
6112,SKU-GRO-006112,Vortex Canned Goods Model-113,Grocery & Pantry,Canned Goods,Vortex,256.65,470.59,1
6113,SKU-BEA-006113,Sol Personal Care Model-114,Beauty & Care,Personal Care,Sol,98.16,206.07,1
6114,SKU-ELE-006114,Lumina Smart Home Model-115,Electronics,Smart Home,Lumina,153.1,248.07,1
6115,SKU-APP-006115,Summit Men's Clothing Model-116,Apparel,Men's Clothing,Summit,218.02,392.27,1
6116,SKU-SPO-006116,Aura Water Sports Model-117,Sports & Outdoors,Water Sports,Aura,429.51,656.37,1
6117,SKU-BEA-006117,Vortex Fragrances Model-118,Beauty & Care,Fragrances,Vortex,21.01,37.11,1
6118,SKU-BEA-006118,Matrix Cosmetics Model-119,Beauty & Care,Cosmetics,Matrix,78.56,149.23,1
6119,SKU-BEA-006119,Zenith Personal Care Model-120,Beauty & Care,Personal Care,Zenith,370.36,654.09,1
6120,SKU-SPO-006120,Aura Cycling Model-121,Sports & Outdoors,Cycling,Aura,28.97,51.92,1
6121,SKU-APP-006121,Vortex Men's Clothing Model-122,Apparel,Men's Clothing,Vortex,184.52,408.58,1
6122,SKU-BEA-006122,Titan Fragrances Model-123,Beauty & Care,Fragrances,Titan,79,184.31,1
6123,SKU-ELE-006123,Apex Wearables Model-124,Electronics,Wearables,Apex,26.75,60.23,0
6124,SKU-AUT-006124,Matrix Interior Accessories Model-125,Automotive,Interior Accessories,Matrix,268.55,360.06,1
6125,SKU-SPO-006125,Prism Water Sports Model-126,Sports & Outdoors,Water Sports,Prism,442.41,696.27,1
6126,SKU-GRO-006126,Zenith Breakfast Model-127,Grocery & Pantry,Breakfast,Zenith,92.64,168.66,1
6127,SKU-GRO-006127,Titan Organic Foods Model-128,Grocery & Pantry,Organic Foods,Titan,136.96,266.36,1
6128,SKU-TOY-006128,Matrix Educational Toys Model-129,Toys & Games,Educational Toys,Matrix,172.28,393.35,1
6129,SKU-ELE-006129,Horizon Smartphones Model-130,Electronics,Smartphones,Horizon,194.84,402.74,1
6130,SKU-GRO-006130,Horizon Breakfast Model-131,Grocery & Pantry,Breakfast,Horizon,365.63,584.86,0
6131,SKU-HOM-006131,Zenith Bedding Model-132,Home & Kitchen,Bedding,Zenith,70.1,146.24,1
6132,SKU-BEA-006132,Lumina Skincare Model-133,Beauty & Care,Skincare,Lumina,177.46,246.59,1
6133,SKU-BEA-006133,Zenith Fragrances Model-134,Beauty & Care,Fragrances,Zenith,98.25,222.37,1
6134,SKU-ELE-006134,Nova Audio & Headphones Model-135,Electronics,Audio & Headphones,Nova,175.49,425.91,1
6135,SKU-GRO-006135,Aura Beverages Model-136,Grocery & Pantry,Beverages,Aura,419.85,673.65,1
6136,SKU-SPO-006136,Echo Cycling Model-137,Sports & Outdoors,Cycling,Echo,190.77,251.94,1
6137,SKU-ELE-006137,Vortex Smart Home Model-138,Electronics,Smart Home,Vortex,434.94,915.47,1
6138,SKU-ELE-006138,Matrix Accessories Model-139,Electronics,Accessories,Matrix,234.22,393.71,1
6139,SKU-TOY-006139,Lumina Outdoor Toys Model-140,Toys & Games,Outdoor Toys,Lumina,47.95,73.66,1
6140,SKU-BEA-006140,Horizon Haircare Model-141,Beauty & Care,Haircare,Horizon,90.95,137.21,1
6141,SKU-AUT-006141,Velocity Interior Accessories Model-142,Automotive,Interior Accessories,Velocity,349.66,555.78,1
6142,SKU-SPO-006142,Prism Cycling Model-143,Sports & Outdoors,Cycling,Prism,157,335.52,1
6143,SKU-APP-006143,Vortex Outerwear Model-144,Apparel,Outerwear,Vortex,69.1,163.12,1
6144,SKU-AUT-006144,Matrix Interior Accessories Model-145,Automotive,Interior Accessories,Matrix,345.37,633.96,1
6145,SKU-AUT-006145,Lumina Tools & Equipment Model-146,Automotive,Tools & Equipment,Lumina,444.16,710.83,1
6146,SKU-ELE-006146,Horizon Smart Home Model-147,Electronics,Smart Home,Horizon,20.1,32.57,1
6147,SKU-SPO-006147,Zenith Water Sports Model-148,Sports & Outdoors,Water Sports,Zenith,202.14,362.33,1
6148,SKU-TOY-006148,Summit Board Games Model-149,Toys & Games,Board Games,Summit,400.88,715.43,1
6149,SKU-APP-006149,Prism Men's Clothing Model-150,Apparel,Men's Clothing,Prism,155.74,372.15,1
6150,SKU-AUT-006150,Sol Oils & Fluids Model-151,Automotive,Oils & Fluids,Sol,261.67,578.11,1
6151,SKU-APP-006151,Matrix Outerwear Model-152,Apparel,Outerwear,Matrix,107.49,188.56,1
6152,SKU-SPO-006152,Summit Fitness Gear Model-153,Sports & Outdoors,Fitness Gear,Summit,129.36,221.9,1
6153,SKU-TOY-006153,Prism Educational Toys Model-154,Toys & Games,Educational Toys,Prism,199.55,427.12,1
6154,SKU-TOY-006154,Nova Board Games Model-155,Toys & Games,Board Games,Nova,147.27,261.85,1
6155,SKU-ELE-006155,Apex Smart Home Model-156,Electronics,Smart Home,Apex,313.4,416.95,1
6156,SKU-HOM-006156,Zenith Small Appliances Model-157,Home & Kitchen,Small Appliances,Zenith,334.39,555.71,1
6157,SKU-AUT-006157,Vortex Oils & Fluids Model-158,Automotive,Oils & Fluids,Vortex,278.72,661.29,1
6158,SKU-SPO-006158,Sol Fitness Gear Model-159,Sports & Outdoors,Fitness Gear,Sol,61.11,111.62,1
6159,SKU-SPO-006159,Lumina Water Sports Model-160,Sports & Outdoors,Water Sports,Lumina,189.18,250.34,1
6160,SKU-TOY-006160,Matrix Educational Toys Model-161,Toys & Games,Educational Toys,Matrix,315.45,732.18,1
6161,SKU-AUT-006161,Pulse Car Care Model-162,Automotive,Car Care,Pulse,357.3,649.05,1
6162,SKU-SPO-006162,Aura Cycling Model-163,Sports & Outdoors,Cycling,Aura,418.28,573.22,1
6163,SKU-HOM-006163,Prism Bedding Model-164,Home & Kitchen,Bedding,Prism,113.37,247,1
6164,SKU-APP-006164,Pulse Sportswear Model-165,Apparel,Sportswear,Pulse,398.81,635.25,1
6165,SKU-ELE-006165,Sol Audio & Headphones Model-166,Electronics,Audio & Headphones,Sol,173.02,241.49,1
6166,SKU-TOY-006166,Pulse Board Games Model-167,Toys & Games,Board Games,Pulse,323.87,727.17,1
6167,SKU-AUT-006167,Pulse Car Care Model-168,Automotive,Car Care,Pulse,432.14,561.42,1
6168,SKU-TOY-006168,Matrix Educational Toys Model-169,Toys & Games,Educational Toys,Matrix,48.91,104.78,1
6169,SKU-ELE-006169,Summit Laptops Model-170,Electronics,Laptops,Summit,402.42,647.62,1
6170,SKU-ELE-006170,Nova Wearables Model-171,Electronics,Wearables,Nova,447.24,1099.14,1
6171,SKU-APP-006171,Pulse Sportswear Model-172,Apparel,Sportswear,Pulse,389.78,669.06,1
6172,SKU-ELE-006172,Vortex Laptops Model-173,Electronics,Laptops,Vortex,60.73,140.51,0
6173,SKU-HOM-006173,Vortex Decor Model-174,Home & Kitchen,Decor,Vortex,445.15,621.51,1
6174,SKU-HOM-006174,Prism Decor Model-175,Home & Kitchen,Decor,Prism,103.99,250.11,1
6175,SKU-AUT-006175,Sol Oils & Fluids Model-176,Automotive,Oils & Fluids,Sol,279.25,632.02,1
6176,SKU-APP-006176,Titan Men's Clothing Model-177,Apparel,Men's Clothing,Titan,19.6,45.98,1
6177,SKU-BEA-006177,Pulse Skincare Model-178,Beauty & Care,Skincare,Pulse,275.48,360.28,1
6178,SKU-AUT-006178,Horizon Interior Accessories Model-179,Automotive,Interior Accessories,Horizon,59.55,99.54,1
6179,SKU-HOM-006179,Aura Furniture Model-180,Home & Kitchen,Furniture,Aura,62.24,85.51,1
6180,SKU-ELE-006180,Prism Wearables Model-181,Electronics,Wearables,Prism,359.34,670.52,1
6181,SKU-AUT-006181,Prism Car Care Model-182,Automotive,Car Care,Prism,103.61,212.04,1
6182,SKU-SPO-006182,Vortex Cycling Model-183,Sports & Outdoors,Cycling,Vortex,434.36,676.68,1
6183,SKU-BEA-006183,Zenith Personal Care Model-184,Beauty & Care,Personal Care,Zenith,149.39,270.74,1
6184,SKU-TOY-006184,Titan Board Games Model-185,Toys & Games,Board Games,Titan,405.64,583.22,1
6185,SKU-APP-006185,Prism Accessories Model-186,Apparel,Accessories,Prism,192.44,347.72,1
6186,SKU-BEA-006186,Pulse Skincare Model-187,Beauty & Care,Skincare,Pulse,263.39,405.14,1
6187,SKU-SPO-006187,Vortex Camping & Hiking Model-188,Sports & Outdoors,Camping & Hiking,Vortex,153.68,348.3,1
6188,SKU-TOY-006188,Velocity Action Figures Model-189,Toys & Games,Action Figures,Velocity,171.3,338.26,0
6189,SKU-HOM-006189,Pulse Small Appliances Model-190,Home & Kitchen,Small Appliances,Pulse,443.8,715.86,1
6190,SKU-ELE-006190,Zenith Smartphones Model-191,Electronics,Smartphones,Zenith,187.25,421,1
6191,SKU-GRO-006191,Nova Breakfast Model-192,Grocery & Pantry,Breakfast,Nova,408.03,852.6,1
6192,SKU-APP-006192,Echo Men's Clothing Model-193,Apparel,Men's Clothing,Echo,70.62,174.07,1
6193,SKU-APP-006193,Horizon Men's Clothing Model-194,Apparel,Men's Clothing,Horizon,118.79,183.84,1
6194,SKU-HOM-006194,Matrix Decor Model-195,Home & Kitchen,Decor,Matrix,442.29,624.51,1
6195,SKU-APP-006195,Echo Outerwear Model-196,Apparel,Outerwear,Echo,70.76,171.82,1
6196,SKU-BEA-006196,Horizon Fragrances Model-197,Beauty & Care,Fragrances,Horizon,335.87,820.27,1
6197,SKU-BEA-006197,Apex Cosmetics Model-198,Beauty & Care,Cosmetics,Apex,106.21,169.7,1
6198,SKU-SPO-006198,Pulse Cycling Model-199,Sports & Outdoors,Cycling,Pulse,341.74,568.32,0
6199,SKU-BEA-006199,Velocity Haircare Model-200,Beauty & Care,Haircare,Velocity,279.21,374.7,1
6200,SKU-SPO-006200,Nova Cycling Model-201,Sports & Outdoors,Cycling,Nova,434.17,748.81,1
6201,SKU-ELE-006201,Apex Smartphones Model-202,Electronics,Smartphones,Apex,142.52,227.05,1
6202,SKU-TOY-006202,Sol Educational Toys Model-203,Toys & Games,Educational Toys,Sol,15.83,27.16,1
6203,SKU-SPO-006203,Aura Water Sports Model-204,Sports & Outdoors,Water Sports,Aura,66.95,102.63,1
6204,SKU-GRO-006204,Pulse Organic Foods Model-205,Grocery & Pantry,Organic Foods,Pulse,208.8,444.97,1
6205,SKU-TOY-006205,Echo Educational Toys Model-206,Toys & Games,Educational Toys,Echo,17.24,33.53,1
6206,SKU-TOY-006206,Matrix Educational Toys Model-207,Toys & Games,Educational Toys,Matrix,306.23,571.93,1
6207,SKU-APP-006207,Sol Outerwear Model-208,Apparel,Outerwear,Sol,370.52,826.01,1
6208,SKU-ELE-006208,Matrix Accessories Model-209,Electronics,Accessories,Matrix,191.37,411.4,0
6209,SKU-AUT-006209,Matrix Interior Accessories Model-210,Automotive,Interior Accessories,Matrix,241.44,476.78,1
6210,SKU-TOY-006210,Apex Action Figures Model-211,Toys & Games,Action Figures,Apex,185.8,327.9,1
6211,SKU-BEA-006211,Echo Fragrances Model-212,Beauty & Care,Fragrances,Echo,165.83,217.95,1
6212,SKU-GRO-006212,Echo Canned Goods Model-213,Grocery & Pantry,Canned Goods,Echo,256.37,596.4,1
6213,SKU-GRO-006213,Sol Organic Foods Model-214,Grocery & Pantry,Organic Foods,Sol,257.37,362.25,1
6214,SKU-AUT-006214,Lumina Tools & Equipment Model-215,Automotive,Tools & Equipment,Lumina,20.27,39.99,1
6215,SKU-SPO-006215,Titan Water Sports Model-216,Sports & Outdoors,Water Sports,Titan,210.84,347.53,1
6216,SKU-BEA-006216,Pulse Cosmetics Model-217,Beauty & Care,Cosmetics,Pulse,344.62,505.77,1
6217,SKU-SPO-006217,Echo Team Sports Model-218,Sports & Outdoors,Team Sports,Echo,291.38,640.79,1
6218,SKU-SPO-006218,Echo Camping & Hiking Model-219,Sports & Outdoors,Camping & Hiking,Echo,82.01,150.61,1
6219,SKU-GRO-006219,Nova Breakfast Model-220,Grocery & Pantry,Breakfast,Nova,440.33,795.79,1
6220,SKU-TOY-006220,Vortex Puzzles Model-221,Toys & Games,Puzzles,Vortex,240.54,439.19,1
6221,SKU-AUT-006221,Prism Car Care Model-222,Automotive,Car Care,Prism,29.44,58.66,1
6222,SKU-SPO-006222,Zenith Camping & Hiking Model-223,Sports & Outdoors,Camping & Hiking,Zenith,404.23,725.84,0
6223,SKU-GRO-006223,Prism Canned Goods Model-224,Grocery & Pantry,Canned Goods,Prism,279.35,477.13,1
6224,SKU-AUT-006224,Aura Interior Accessories Model-225,Automotive,Interior Accessories,Aura,156.57,376.3,1
6225,SKU-AUT-006225,Summit Car Care Model-226,Automotive,Car Care,Summit,265.39,406.5,1
6226,SKU-HOM-006226,Pulse Cookware Model-227,Home & Kitchen,Cookware,Pulse,343.16,568.21,1
6227,SKU-BEA-006227,Prism Skincare Model-228,Beauty & Care,Skincare,Prism,213.02,359.55,1
6228,SKU-ELE-006228,Echo Laptops Model-229,Electronics,Laptops,Echo,233.54,295.91,1
6229,SKU-TOY-006229,Prism Educational Toys Model-230,Toys & Games,Educational Toys,Prism,152.48,373.87,1
6230,SKU-SPO-006230,Vortex Water Sports Model-231,Sports & Outdoors,Water Sports,Vortex,123.07,256.33,0
6231,SKU-ELE-006231,Nova Accessories Model-232,Electronics,Accessories,Nova,130.71,294.74,1
6232,SKU-BEA-006232,Sol Cosmetics Model-233,Beauty & Care,Cosmetics,Sol,346.24,504.51,1
6233,SKU-ELE-006233,Pulse Wearables Model-234,Electronics,Wearables,Pulse,405.57,679.67,1
6234,SKU-SPO-006234,Lumina Fitness Gear Model-235,Sports & Outdoors,Fitness Gear,Lumina,124.51,290.48,1
6235,SKU-GRO-006235,Titan Organic Foods Model-236,Grocery & Pantry,Organic Foods,Titan,446.8,592.04,1
6236,SKU-GRO-006236,Velocity Snacks Model-237,Grocery & Pantry,Snacks,Velocity,423.22,541.24,1
6237,SKU-SPO-006237,Summit Camping & Hiking Model-238,Sports & Outdoors,Camping & Hiking,Summit,329.58,458.11,1
6238,SKU-SPO-006238,Sol Fitness Gear Model-239,Sports & Outdoors,Fitness Gear,Sol,227.62,527.38,1
6239,SKU-APP-006239,Sol Accessories Model-240,Apparel,Accessories,Sol,251.26,432.72,1
6240,SKU-APP-006240,Pulse Outerwear Model-241,Apparel,Outerwear,Pulse,123.11,239.9,1
6241,SKU-BEA-006241,Titan Skincare Model-242,Beauty & Care,Skincare,Titan,173.61,346.77,1
6242,SKU-APP-006242,Titan Accessories Model-243,Apparel,Accessories,Titan,283.44,515.01,1
6243,SKU-APP-006243,Summit Footwear Model-244,Apparel,Footwear,Summit,300.31,429.93,1
6244,SKU-GRO-006244,Lumina Canned Goods Model-245,Grocery & Pantry,Canned Goods,Lumina,200.02,254.84,1
6245,SKU-ELE-006245,Sol Smartphones Model-246,Electronics,Smartphones,Sol,245.74,600.23,1
6246,SKU-HOM-006246,Echo Cookware Model-247,Home & Kitchen,Cookware,Echo,91.2,217.75,1
6247,SKU-AUT-006247,Nova Car Care Model-248,Automotive,Car Care,Nova,79.35,105.46,1
6248,SKU-HOM-006248,Prism Furniture Model-249,Home & Kitchen,Furniture,Prism,69.95,107.26,0
6249,SKU-ELE-006249,Matrix Smart Home Model-250,Electronics,Smart Home,Matrix,210.6,502.46,1
6250,SKU-HOM-006250,Pulse Decor Model-251,Home & Kitchen,Decor,Pulse,423.88,888.21,1
6251,SKU-AUT-006251,Aura Interior Accessories Model-252,Automotive,Interior Accessories,Aura,347.83,713.06,1
6252,SKU-GRO-006252,Titan Beverages Model-253,Grocery & Pantry,Beverages,Titan,257.43,363.82,1
6253,SKU-TOY-006253,Lumina Board Games Model-254,Toys & Games,Board Games,Lumina,407.95,800.54,1
6254,SKU-BEA-006254,Summit Fragrances Model-255,Beauty & Care,Fragrances,Summit,146.13,246.53,1
6255,SKU-TOY-006255,Prism Puzzles Model-256,Toys & Games,Puzzles,Prism,325.17,666.34,0
6256,SKU-SPO-006256,Lumina Cycling Model-257,Sports & Outdoors,Cycling,Lumina,431.88,1006.06,1
6257,SKU-GRO-006257,Summit Condiments Model-258,Grocery & Pantry,Condiments,Summit,59.8,121.93,1
6258,SKU-GRO-006258,Echo Breakfast Model-259,Grocery & Pantry,Breakfast,Echo,421.08,967.29,1
6259,SKU-AUT-006259,Echo Car Care Model-260,Automotive,Car Care,Echo,63.18,139.36,1
6260,SKU-AUT-006260,Velocity Tools & Equipment Model-261,Automotive,Tools & Equipment,Velocity,383.92,902.2,1
6261,SKU-GRO-006261,Nova Canned Goods Model-262,Grocery & Pantry,Canned Goods,Nova,208.56,509.1,1
6262,SKU-AUT-006262,Zenith Car Care Model-263,Automotive,Car Care,Zenith,379.04,612.24,1
6263,SKU-BEA-006263,Prism Skincare Model-264,Beauty & Care,Skincare,Prism,133.38,238.61,1
6264,SKU-SPO-006264,Zenith Fitness Gear Model-265,Sports & Outdoors,Fitness Gear,Zenith,206.91,458.69,1
6265,SKU-AUT-006265,Nova Tools & Equipment Model-266,Automotive,Tools & Equipment,Nova,128.39,236.58,1
6266,SKU-GRO-006266,Pulse Breakfast Model-267,Grocery & Pantry,Breakfast,Pulse,13.2,28.68,1
6267,SKU-TOY-006267,Vortex Outdoor Toys Model-268,Toys & Games,Outdoor Toys,Vortex,299.59,458.73,1
6268,SKU-SPO-006268,Matrix Fitness Gear Model-269,Sports & Outdoors,Fitness Gear,Matrix,118.22,165.51,1
6269,SKU-AUT-006269,Summit Interior Accessories Model-270,Automotive,Interior Accessories,Summit,339.62,752.74,1
6270,SKU-GRO-006270,Velocity Organic Foods Model-271,Grocery & Pantry,Organic Foods,Velocity,373.56,602.22,1
6271,SKU-GRO-006271,Nova Breakfast Model-272,Grocery & Pantry,Breakfast,Nova,285.32,606.35,1
6272,SKU-TOY-006272,Sol Puzzles Model-273,Toys & Games,Puzzles,Sol,26.4,54.99,1
6273,SKU-APP-006273,Sol Sportswear Model-274,Apparel,Sportswear,Sol,145.35,327.46,1
6274,SKU-TOY-006274,Apex Board Games Model-275,Toys & Games,Board Games,Apex,358.96,610.3,1
6275,SKU-SPO-006275,Aura Cycling Model-276,Sports & Outdoors,Cycling,Aura,352.34,695.68,1
6276,SKU-ELE-006276,Matrix Accessories Model-277,Electronics,Accessories,Matrix,252.22,584.87,1
6277,SKU-SPO-006277,Velocity Cycling Model-278,Sports & Outdoors,Cycling,Velocity,254.01,514.26,1
6278,SKU-HOM-006278,Summit Decor Model-279,Home & Kitchen,Decor,Summit,152.15,368.39,1
6279,SKU-HOM-006279,Vortex Storage Model-280,Home & Kitchen,Storage,Vortex,153.06,283.81,1
6280,SKU-ELE-006280,Horizon Smart Home Model-281,Electronics,Smart Home,Horizon,379.53,644.04,1
6281,SKU-TOY-006281,Nova Board Games Model-282,Toys & Games,Board Games,Nova,335.71,583.69,1
6282,SKU-AUT-006282,Lumina Oils & Fluids Model-283,Automotive,Oils & Fluids,Lumina,63.41,121.49,1
6283,SKU-AUT-006283,Sol Tools & Equipment Model-284,Automotive,Tools & Equipment,Sol,160.53,373.45,0
6284,SKU-ELE-006284,Apex Wearables Model-285,Electronics,Wearables,Apex,12.11,29.16,1
6285,SKU-ELE-006285,Matrix Wearables Model-286,Electronics,Wearables,Matrix,389.13,589.95,1
6286,SKU-TOY-006286,Titan Puzzles Model-287,Toys & Games,Puzzles,Titan,31.64,52.65,1
6287,SKU-APP-006287,Zenith Footwear Model-288,Apparel,Footwear,Zenith,233.19,313.31,1
6288,SKU-SPO-006288,Vortex Team Sports Model-289,Sports & Outdoors,Team Sports,Vortex,293.96,422.94,1
6289,SKU-APP-006289,Pulse Women's Clothing Model-290,Apparel,Women's Clothing,Pulse,403.9,959.12,1
6290,SKU-BEA-006290,Nova Personal Care Model-291,Beauty & Care,Personal Care,Nova,335.39,789.67,1
6291,SKU-APP-006291,Vortex Men's Clothing Model-292,Apparel,Men's Clothing,Vortex,178.88,273.23,1
6292,SKU-TOY-006292,Titan Educational Toys Model-293,Toys & Games,Educational Toys,Titan,189.11,312.58,1
6293,SKU-SPO-006293,Prism Team Sports Model-294,Sports & Outdoors,Team Sports,Prism,246.03,314.44,1
6294,SKU-APP-006294,Pulse Accessories Model-295,Apparel,Accessories,Pulse,17.61,36.48,1
6295,SKU-HOM-006295,Velocity Furniture Model-296,Home & Kitchen,Furniture,Velocity,51.18,114.63,1
6296,SKU-AUT-006296,Zenith Car Care Model-297,Automotive,Car Care,Zenith,441.58,585.28,0
6297,SKU-APP-006297,Nova Outerwear Model-298,Apparel,Outerwear,Nova,387.66,922.8,1
6298,SKU-APP-006298,Matrix Accessories Model-299,Apparel,Accessories,Matrix,366.24,758.05,1
6299,SKU-GRO-006299,Lumina Breakfast Model-300,Grocery & Pantry,Breakfast,Lumina,419.06,707.35,1
6300,SKU-SPO-006300,Zenith Fitness Gear Model-301,Sports & Outdoors,Fitness Gear,Zenith,392.69,880.44,1
6301,SKU-HOM-006301,Velocity Decor Model-302,Home & Kitchen,Decor,Velocity,409.45,953.83,0
6302,SKU-GRO-006302,Horizon Condiments Model-303,Grocery & Pantry,Condiments,Horizon,72.69,155.86,1
6303,SKU-TOY-006303,Horizon Action Figures Model-304,Toys & Games,Action Figures,Horizon,44.06,76.82,1
6304,SKU-GRO-006304,Summit Beverages Model-305,Grocery & Pantry,Beverages,Summit,372.44,915.19,1
6305,SKU-HOM-006305,Pulse Decor Model-306,Home & Kitchen,Decor,Pulse,268.95,545.89,1
6306,SKU-GRO-006306,Nova Breakfast Model-307,Grocery & Pantry,Breakfast,Nova,24.95,40.33,1
6307,SKU-HOM-006307,Summit Bedding Model-308,Home & Kitchen,Bedding,Summit,94.74,165.41,1
6308,SKU-AUT-006308,Nova Oils & Fluids Model-309,Automotive,Oils & Fluids,Nova,295.31,555.31,1
6309,SKU-APP-006309,Zenith Accessories Model-310,Apparel,Accessories,Zenith,209.03,468.58,1
6310,SKU-HOM-006310,Aura Storage Model-311,Home & Kitchen,Storage,Aura,90.12,148.43,1
6311,SKU-SPO-006311,Vortex Cycling Model-312,Sports & Outdoors,Cycling,Vortex,23.62,49.22,1
6312,SKU-ELE-006312,Zenith Smartphones Model-313,Electronics,Smartphones,Zenith,117.18,255.35,1
6313,SKU-AUT-006313,Apex Tools & Equipment Model-314,Automotive,Tools & Equipment,Apex,180.39,444.88,1
6314,SKU-TOY-006314,Apex Action Figures Model-315,Toys & Games,Action Figures,Apex,173.07,238.64,1
6315,SKU-AUT-006315,Lumina Oils & Fluids Model-316,Automotive,Oils & Fluids,Lumina,49.9,90.89,1
6316,SKU-TOY-006316,Pulse Board Games Model-317,Toys & Games,Board Games,Pulse,50.34,114.1,1
6317,SKU-TOY-006317,Vortex Educational Toys Model-318,Toys & Games,Educational Toys,Vortex,242.13,394.02,1
6318,SKU-SPO-006318,Zenith Team Sports Model-319,Sports & Outdoors,Team Sports,Zenith,233.09,532.91,1
6319,SKU-TOY-006319,Summit Outdoor Toys Model-320,Toys & Games,Outdoor Toys,Summit,144.28,285.23,1
6320,SKU-APP-006320,Nova Outerwear Model-321,Apparel,Outerwear,Nova,56.31,112.81,1
6321,SKU-BEA-006321,Prism Haircare Model-322,Beauty & Care,Haircare,Prism,210.18,316.63,1
6322,SKU-GRO-006322,Zenith Canned Goods Model-323,Grocery & Pantry,Canned Goods,Zenith,106.51,176.61,1
6323,SKU-HOM-006323,Vortex Decor Model-324,Home & Kitchen,Decor,Vortex,127.23,239.21,1
6324,SKU-TOY-006324,Lumina Outdoor Toys Model-325,Toys & Games,Outdoor Toys,Lumina,263.71,617.28,1
6325,SKU-HOM-006325,Nova Storage Model-326,Home & Kitchen,Storage,Nova,249.04,609.63,1
6326,SKU-AUT-006326,Echo Interior Accessories Model-327,Automotive,Interior Accessories,Echo,318.07,468.71,1
6327,SKU-TOY-006327,Horizon Outdoor Toys Model-328,Toys & Games,Outdoor Toys,Horizon,97.62,242.36,1
6328,SKU-BEA-006328,Zenith Personal Care Model-329,Beauty & Care,Personal Care,Zenith,66.05,106.7,1
6329,SKU-SPO-006329,Nova Camping & Hiking Model-330,Sports & Outdoors,Camping & Hiking,Nova,434.92,642.98,1
6330,SKU-AUT-006330,Prism Tools & Equipment Model-331,Automotive,Tools & Equipment,Prism,49.2,65.31,1
6331,SKU-ELE-006331,Apex Wearables Model-332,Electronics,Wearables,Apex,92.96,218.94,1
6332,SKU-TOY-006332,Zenith Board Games Model-333,Toys & Games,Board Games,Zenith,27.73,37.64,1
6333,SKU-ELE-006333,Aura Audio & Headphones Model-334,Electronics,Audio & Headphones,Aura,421.33,739.4,1
6334,SKU-HOM-006334,Titan Storage Model-335,Home & Kitchen,Storage,Titan,42.2,76.1,1
6335,SKU-HOM-006335,Horizon Cookware Model-336,Home & Kitchen,Cookware,Horizon,151.84,294.76,1
6336,SKU-ELE-006336,Apex Audio & Headphones Model-337,Electronics,Audio & Headphones,Apex,73.61,132.2,1
6337,SKU-TOY-006337,Horizon Action Figures Model-338,Toys & Games,Action Figures,Horizon,64.21,126.31,1
6338,SKU-ELE-006338,Zenith Smart Home Model-339,Electronics,Smart Home,Zenith,436.4,758.05,1
6339,SKU-SPO-006339,Zenith Water Sports Model-340,Sports & Outdoors,Water Sports,Zenith,304.87,734.72,1
6340,SKU-TOY-006340,Echo Educational Toys Model-341,Toys & Games,Educational Toys,Echo,39.13,68.42,1
6341,SKU-AUT-006341,Prism Tools & Equipment Model-342,Automotive,Tools & Equipment,Prism,299.02,461.98,1
6342,SKU-SPO-006342,Apex Fitness Gear Model-343,Sports & Outdoors,Fitness Gear,Apex,155.06,262.05,1
6343,SKU-TOY-006343,Nova Outdoor Toys Model-344,Toys & Games,Outdoor Toys,Nova,323.82,764.82,1
6344,SKU-AUT-006344,Lumina Interior Accessories Model-345,Automotive,Interior Accessories,Lumina,207.04,297.33,1
6345,SKU-HOM-006345,Matrix Furniture Model-346,Home & Kitchen,Furniture,Matrix,45.81,88.01,1
6346,SKU-HOM-006346,Horizon Decor Model-347,Home & Kitchen,Decor,Horizon,53.31,108.26,1
6347,SKU-APP-006347,Prism Men's Clothing Model-348,Apparel,Men's Clothing,Prism,346.73,595.5,1
6348,SKU-HOM-006348,Lumina Decor Model-349,Home & Kitchen,Decor,Lumina,132.91,317.21,1
6349,SKU-SPO-006349,Lumina Fitness Gear Model-350,Sports & Outdoors,Fitness Gear,Lumina,125.03,279.13,1
6350,SKU-GRO-006350,Summit Canned Goods Model-351,Grocery & Pantry,Canned Goods,Summit,105.69,161.53,0
6351,SKU-APP-006351,Matrix Sportswear Model-352,Apparel,Sportswear,Matrix,125.66,215.48,1
6352,SKU-APP-006352,Vortex Women's Clothing Model-353,Apparel,Women's Clothing,Vortex,283,609.47,1
6353,SKU-SPO-006353,Prism Water Sports Model-354,Sports & Outdoors,Water Sports,Prism,95.71,123.78,1
6354,SKU-TOY-006354,Summit Outdoor Toys Model-355,Toys & Games,Outdoor Toys,Summit,222.41,413.35,1
6355,SKU-TOY-006355,Nova Board Games Model-356,Toys & Games,Board Games,Nova,253.38,427.83,1
6356,SKU-ELE-006356,Velocity Smart Home Model-357,Electronics,Smart Home,Velocity,192.45,467.28,1
6357,SKU-TOY-006357,Nova Board Games Model-358,Toys & Games,Board Games,Nova,153.87,282.75,1
6358,SKU-SPO-006358,Pulse Fitness Gear Model-359,Sports & Outdoors,Fitness Gear,Pulse,304.09,709.88,1
6359,SKU-HOM-006359,Lumina Furniture Model-360,Home & Kitchen,Furniture,Lumina,89.49,137.75,1
6360,SKU-APP-006360,Vortex Footwear Model-361,Apparel,Footwear,Vortex,84.24,206.56,1
6361,SKU-BEA-006361,Pulse Skincare Model-362,Beauty & Care,Skincare,Pulse,145.93,251.83,1
6362,SKU-TOY-006362,Sol Educational Toys Model-363,Toys & Games,Educational Toys,Sol,164.5,297.87,1
6363,SKU-TOY-006363,Zenith Board Games Model-364,Toys & Games,Board Games,Zenith,272.49,424.12,1
6364,SKU-ELE-006364,Horizon Laptops Model-365,Electronics,Laptops,Horizon,441.09,746.45,1
6365,SKU-BEA-006365,Nova Haircare Model-366,Beauty & Care,Haircare,Nova,372.69,838.38,1
6366,SKU-SPO-006366,Matrix Cycling Model-367,Sports & Outdoors,Cycling,Matrix,210.32,302.2,1
6367,SKU-ELE-006367,Vortex Accessories Model-368,Electronics,Accessories,Vortex,188.34,274.5,1
6368,SKU-SPO-006368,Summit Water Sports Model-369,Sports & Outdoors,Water Sports,Summit,55.65,72.83,1
6369,SKU-APP-006369,Aura Men's Clothing Model-370,Apparel,Men's Clothing,Aura,264.71,364.31,1
6370,SKU-BEA-006370,Summit Fragrances Model-371,Beauty & Care,Fragrances,Summit,353.62,569.2,1
6371,SKU-SPO-006371,Matrix Cycling Model-372,Sports & Outdoors,Cycling,Matrix,337.57,424.08,1
6372,SKU-BEA-006372,Horizon Cosmetics Model-373,Beauty & Care,Cosmetics,Horizon,272.93,667.77,1
6373,SKU-APP-006373,Aura Footwear Model-374,Apparel,Footwear,Aura,165.39,303.66,1
6374,SKU-BEA-006374,Aura Haircare Model-375,Beauty & Care,Haircare,Aura,282.46,593.64,1
6375,SKU-BEA-006375,Aura Haircare Model-376,Beauty & Care,Haircare,Aura,50.8,86.12,1
6376,SKU-ELE-006376,Titan Laptops Model-377,Electronics,Laptops,Titan,338.26,496.86,1
6377,SKU-ELE-006377,Lumina Audio & Headphones Model-378,Electronics,Audio & Headphones,Lumina,320.16,696.11,1
6378,SKU-TOY-006378,Horizon Educational Toys Model-379,Toys & Games,Educational Toys,Horizon,142.48,313.98,1
6379,SKU-BEA-006379,Vortex Personal Care Model-380,Beauty & Care,Personal Care,Vortex,213.29,380.75,1
6380,SKU-AUT-006380,Sol Tools & Equipment Model-381,Automotive,Tools & Equipment,Sol,69.99,127.59,1
6381,SKU-TOY-006381,Zenith Board Games Model-382,Toys & Games,Board Games,Zenith,449.54,816.5,1
6382,SKU-GRO-006382,Prism Canned Goods Model-383,Grocery & Pantry,Canned Goods,Prism,415.19,869.89,1
6383,SKU-TOY-006383,Horizon Board Games Model-384,Toys & Games,Board Games,Horizon,260.74,406.65,1
6384,SKU-ELE-006384,Velocity Laptops Model-385,Electronics,Laptops,Velocity,138.35,316.12,1
6385,SKU-ELE-006385,Apex Smartphones Model-386,Electronics,Smartphones,Apex,7.39,11.48,1
6386,SKU-SPO-006386,Zenith Fitness Gear Model-387,Sports & Outdoors,Fitness Gear,Zenith,369.16,579.84,1
6387,SKU-HOM-006387,Apex Furniture Model-388,Home & Kitchen,Furniture,Apex,267.65,538.22,1
6388,SKU-TOY-006388,Sol Outdoor Toys Model-389,Toys & Games,Outdoor Toys,Sol,433.87,1062.12,1
6389,SKU-HOM-006389,Nova Small Appliances Model-390,Home & Kitchen,Small Appliances,Nova,182.33,284.17,1
6390,SKU-GRO-006390,Matrix Snacks Model-391,Grocery & Pantry,Snacks,Matrix,261.64,459.25,1
6391,SKU-BEA-006391,Pulse Personal Care Model-392,Beauty & Care,Personal Care,Pulse,334.65,423.82,1
6392,SKU-SPO-006392,Velocity Water Sports Model-393,Sports & Outdoors,Water Sports,Velocity,438.52,700.16,1
6393,SKU-AUT-006393,Velocity Oils & Fluids Model-394,Automotive,Oils & Fluids,Velocity,321.89,428.73,1
6394,SKU-ELE-006394,Prism Accessories Model-395,Electronics,Accessories,Prism,76.92,162.3,1
6395,SKU-AUT-006395,Apex Interior Accessories Model-396,Automotive,Interior Accessories,Apex,338.71,723.08,1
6396,SKU-TOY-006396,Horizon Educational Toys Model-397,Toys & Games,Educational Toys,Horizon,45.61,95.12,1
6397,SKU-AUT-006397,Vortex Interior Accessories Model-398,Automotive,Interior Accessories,Vortex,381.36,634.33,1
6398,SKU-HOM-006398,Sol Bedding Model-399,Home & Kitchen,Bedding,Sol,407.15,904.6,1
6399,SKU-SPO-006399,Summit Water Sports Model-400,Sports & Outdoors,Water Sports,Summit,362.83,519.81,1
6400,SKU-TOY-006400,Sol Board Games Model-401,Toys & Games,Board Games,Sol,132.53,268.49,0
6401,SKU-BEA-006401,Velocity Skincare Model-402,Beauty & Care,Skincare,Velocity,84.24,131.39,1
6402,SKU-AUT-006402,Apex Oils & Fluids Model-403,Automotive,Oils & Fluids,Apex,204.07,276.19,1
6403,SKU-APP-006403,Prism Women's Clothing Model-404,Apparel,Women's Clothing,Prism,193.07,286.44,0
6404,SKU-SPO-006404,Nova Team Sports Model-405,Sports & Outdoors,Team Sports,Nova,8.85,13.56,1
6405,SKU-APP-006405,Horizon Men's Clothing Model-406,Apparel,Men's Clothing,Horizon,253.83,558.39,1
6406,SKU-APP-006406,Horizon Sportswear Model-407,Apparel,Sportswear,Horizon,169.59,300.15,1
6407,SKU-APP-006407,Velocity Accessories Model-408,Apparel,Accessories,Velocity,326.19,484.48,1
6408,SKU-TOY-006408,Aura Board Games Model-409,Toys & Games,Board Games,Aura,33.78,81.48,1
6409,SKU-BEA-006409,Velocity Fragrances Model-410,Beauty & Care,Fragrances,Velocity,301.01,712.24,1
6410,SKU-BEA-006410,Sol Skincare Model-411,Beauty & Care,Skincare,Sol,209.01,289.55,1
6411,SKU-TOY-006411,Titan Board Games Model-412,Toys & Games,Board Games,Titan,269.96,564.29,1
6412,SKU-TOY-006412,Aura Puzzles Model-413,Toys & Games,Puzzles,Aura,140.95,268.13,1
6413,SKU-GRO-006413,Matrix Organic Foods Model-414,Grocery & Pantry,Organic Foods,Matrix,25.89,58.5,1
6414,SKU-BEA-006414,Matrix Cosmetics Model-415,Beauty & Care,Cosmetics,Matrix,301.21,732.18,1
6415,SKU-HOM-006415,Sol Decor Model-416,Home & Kitchen,Decor,Sol,355.01,527.84,1
6416,SKU-APP-006416,Velocity Accessories Model-417,Apparel,Accessories,Velocity,81.89,102.69,1
6417,SKU-BEA-006417,Sol Cosmetics Model-418,Beauty & Care,Cosmetics,Sol,267.63,472.63,0
6418,SKU-GRO-006418,Lumina Breakfast Model-419,Grocery & Pantry,Breakfast,Lumina,54.24,112.33,1
6419,SKU-APP-006419,Prism Women's Clothing Model-420,Apparel,Women's Clothing,Prism,168.65,352.98,1
6420,SKU-AUT-006420,Nova Tools & Equipment Model-421,Automotive,Tools & Equipment,Nova,283.16,391.66,1
6421,SKU-AUT-006421,Matrix Interior Accessories Model-422,Automotive,Interior Accessories,Matrix,279.56,484.75,1
6422,SKU-SPO-006422,Echo Fitness Gear Model-423,Sports & Outdoors,Fitness Gear,Echo,248.91,336.58,1
6423,SKU-ELE-006423,Aura Smart Home Model-424,Electronics,Smart Home,Aura,117.66,180.29,1
6424,SKU-GRO-006424,Horizon Canned Goods Model-425,Grocery & Pantry,Canned Goods,Horizon,175.41,419.35,1
6425,SKU-BEA-006425,Lumina Cosmetics Model-426,Beauty & Care,Cosmetics,Lumina,215.05,313.66,1
6426,SKU-HOM-006426,Lumina Furniture Model-427,Home & Kitchen,Furniture,Lumina,238.44,506.42,1
6427,SKU-APP-006427,Apex Sportswear Model-428,Apparel,Sportswear,Apex,70.25,157.84,1
6428,SKU-TOY-006428,Zenith Puzzles Model-429,Toys & Games,Puzzles,Zenith,238.79,304.1,1
6429,SKU-BEA-006429,Zenith Personal Care Model-430,Beauty & Care,Personal Care,Zenith,298.53,396.88,1
6430,SKU-ELE-006430,Prism Audio & Headphones Model-431,Electronics,Audio & Headphones,Prism,302.1,528.54,0
6431,SKU-HOM-006431,Zenith Furniture Model-432,Home & Kitchen,Furniture,Zenith,247.15,557.77,1
6432,SKU-AUT-006432,Lumina Interior Accessories Model-433,Automotive,Interior Accessories,Lumina,110.78,146.87,1
6433,SKU-AUT-006433,Velocity Interior Accessories Model-434,Automotive,Interior Accessories,Velocity,352.68,827.04,1
6434,SKU-ELE-006434,Horizon Audio & Headphones Model-435,Electronics,Audio & Headphones,Horizon,141.49,271.78,1
6435,SKU-BEA-006435,Sol Cosmetics Model-436,Beauty & Care,Cosmetics,Sol,101.97,154.38,1
6436,SKU-APP-006436,Vortex Outerwear Model-437,Apparel,Outerwear,Vortex,342.32,558.15,1
6437,SKU-APP-006437,Titan Sportswear Model-438,Apparel,Sportswear,Titan,134.16,244.01,1
6438,SKU-GRO-006438,Velocity Beverages Model-439,Grocery & Pantry,Beverages,Velocity,248.43,559.08,1
6439,SKU-APP-006439,Pulse Footwear Model-440,Apparel,Footwear,Pulse,249.86,595.24,1
6440,SKU-HOM-006440,Zenith Bedding Model-441,Home & Kitchen,Bedding,Zenith,31.55,45.13,1
6441,SKU-SPO-006441,Horizon Camping & Hiking Model-442,Sports & Outdoors,Camping & Hiking,Horizon,87.25,210,1
6442,SKU-GRO-006442,Lumina Organic Foods Model-443,Grocery & Pantry,Organic Foods,Lumina,381.07,557.13,1
6443,SKU-ELE-006443,Matrix Smart Home Model-444,Electronics,Smart Home,Matrix,375.8,588.92,1
6444,SKU-APP-006444,Zenith Men's Clothing Model-445,Apparel,Men's Clothing,Zenith,166.24,213.43,1
6445,SKU-APP-006445,Matrix Accessories Model-446,Apparel,Accessories,Matrix,360.61,574.53,1
6446,SKU-AUT-006446,Summit Interior Accessories Model-447,Automotive,Interior Accessories,Summit,225.64,516.02,1
6447,SKU-TOY-006447,Aura Board Games Model-448,Toys & Games,Board Games,Aura,235.79,502.5,1
6448,SKU-TOY-006448,Matrix Outdoor Toys Model-449,Toys & Games,Outdoor Toys,Matrix,344.15,680.46,1
6449,SKU-AUT-006449,Pulse Car Care Model-450,Automotive,Car Care,Pulse,8.96,11.56,1
6450,SKU-GRO-006450,Nova Snacks Model-451,Grocery & Pantry,Snacks,Nova,232.59,305.03,1
6451,SKU-APP-006451,Apex Sportswear Model-452,Apparel,Sportswear,Apex,392.35,847.76,1
6452,SKU-APP-006452,Summit Footwear Model-453,Apparel,Footwear,Summit,136.3,312.58,1
6453,SKU-ELE-006453,Prism Smartphones Model-454,Electronics,Smartphones,Prism,141.7,296.45,1
6454,SKU-SPO-006454,Matrix Camping & Hiking Model-455,Sports & Outdoors,Camping & Hiking,Matrix,342.67,793.54,1
6455,SKU-AUT-006455,Velocity Tools & Equipment Model-456,Automotive,Tools & Equipment,Velocity,231.59,559.03,1
6456,SKU-APP-006456,Summit Accessories Model-457,Apparel,Accessories,Summit,162.75,279.87,0
6457,SKU-GRO-006457,Aura Condiments Model-458,Grocery & Pantry,Condiments,Aura,383.32,723.32,1
6458,SKU-ELE-006458,Matrix Laptops Model-459,Electronics,Laptops,Matrix,110.77,175.76,1
6459,SKU-ELE-006459,Pulse Laptops Model-460,Electronics,Laptops,Pulse,371.24,744.61,1
6460,SKU-GRO-006460,Vortex Condiments Model-461,Grocery & Pantry,Condiments,Vortex,109.13,191.34,1
6461,SKU-SPO-006461,Aura Fitness Gear Model-462,Sports & Outdoors,Fitness Gear,Aura,58.23,107.14,1
6462,SKU-AUT-006462,Aura Car Care Model-463,Automotive,Car Care,Aura,365.54,686.4,1
6463,SKU-AUT-006463,Apex Interior Accessories Model-464,Automotive,Interior Accessories,Apex,316.41,774.96,1
6464,SKU-HOM-006464,Nova Cookware Model-465,Home & Kitchen,Cookware,Nova,271,459.99,1
6465,SKU-SPO-006465,Echo Water Sports Model-466,Sports & Outdoors,Water Sports,Echo,380.79,651.39,0
6466,SKU-SPO-006466,Summit Water Sports Model-467,Sports & Outdoors,Water Sports,Summit,371.89,720.44,1
6467,SKU-HOM-006467,Apex Furniture Model-468,Home & Kitchen,Furniture,Apex,351.4,751,1
6468,SKU-SPO-006468,Lumina Camping & Hiking Model-469,Sports & Outdoors,Camping & Hiking,Lumina,312.01,608.26,1
6469,SKU-HOM-006469,Zenith Bedding Model-470,Home & Kitchen,Bedding,Zenith,238.54,502.58,1
6470,SKU-TOY-006470,Aura Puzzles Model-471,Toys & Games,Puzzles,Aura,278.66,374.86,1
6471,SKU-HOM-006471,Titan Bedding Model-472,Home & Kitchen,Bedding,Titan,345.49,440.99,1
6472,SKU-TOY-006472,Prism Action Figures Model-473,Toys & Games,Action Figures,Prism,320.5,736.16,1
6473,SKU-GRO-006473,Zenith Snacks Model-474,Grocery & Pantry,Snacks,Zenith,371.01,553.49,1
6474,SKU-TOY-006474,Prism Educational Toys Model-475,Toys & Games,Educational Toys,Prism,401.66,657.04,1
6475,SKU-APP-006475,Aura Sportswear Model-476,Apparel,Sportswear,Aura,192.78,425.13,1
6476,SKU-BEA-006476,Apex Cosmetics Model-477,Beauty & Care,Cosmetics,Apex,275.57,650.33,1
6477,SKU-ELE-006477,Lumina Accessories Model-478,Electronics,Accessories,Lumina,325.7,587.44,1
6478,SKU-HOM-006478,Lumina Storage Model-479,Home & Kitchen,Storage,Lumina,19.18,45.19,1
6479,SKU-HOM-006479,Sol Storage Model-480,Home & Kitchen,Storage,Sol,75.58,169.34,1
6480,SKU-SPO-006480,Titan Camping & Hiking Model-481,Sports & Outdoors,Camping & Hiking,Titan,277.16,471.81,1
6481,SKU-ELE-006481,Matrix Accessories Model-482,Electronics,Accessories,Matrix,306.75,739.89,1
6482,SKU-ELE-006482,Titan Wearables Model-483,Electronics,Wearables,Titan,66.65,151.75,1
6483,SKU-APP-006483,Lumina Sportswear Model-484,Apparel,Sportswear,Lumina,40.3,59.66,1
6484,SKU-APP-006484,Aura Outerwear Model-485,Apparel,Outerwear,Aura,427.91,586.51,1
6485,SKU-TOY-006485,Prism Board Games Model-486,Toys & Games,Board Games,Prism,278.03,499.91,1
6486,SKU-HOM-006486,Pulse Decor Model-487,Home & Kitchen,Decor,Pulse,243.18,414.56,1
6487,SKU-ELE-006487,Summit Smartphones Model-488,Electronics,Smartphones,Summit,267.19,480.93,1
6488,SKU-ELE-006488,Nova Smartphones Model-489,Electronics,Smartphones,Nova,418.07,728.46,1
6489,SKU-GRO-006489,Lumina Snacks Model-490,Grocery & Pantry,Snacks,Lumina,238.1,391.85,1
6490,SKU-SPO-006490,Matrix Fitness Gear Model-491,Sports & Outdoors,Fitness Gear,Matrix,220.71,406.29,1
6491,SKU-AUT-006491,Vortex Oils & Fluids Model-492,Automotive,Oils & Fluids,Vortex,267.02,416.55,0
6492,SKU-ELE-006492,Horizon Laptops Model-493,Electronics,Laptops,Horizon,92.87,144.85,1
6493,SKU-HOM-006493,Velocity Storage Model-494,Home & Kitchen,Storage,Velocity,168.87,380.27,1
6494,SKU-BEA-006494,Velocity Fragrances Model-495,Beauty & Care,Fragrances,Velocity,141.01,348.12,1
6495,SKU-TOY-006495,Vortex Educational Toys Model-496,Toys & Games,Educational Toys,Vortex,164.56,262.3,1
6496,SKU-APP-006496,Summit Accessories Model-497,Apparel,Accessories,Summit,374.15,878.31,1
6497,SKU-ELE-006497,Prism Laptops Model-498,Electronics,Laptops,Prism,23.89,43.21,1
6498,SKU-SPO-006498,Matrix Camping & Hiking Model-499,Sports & Outdoors,Camping & Hiking,Matrix,396.87,504.98,1
6499,SKU-GRO-006499,Pulse Snacks Model-500,Grocery & Pantry,Snacks,Pulse,177.45,288.42,1
6500,SKU-GRO-006500,Horizon Condiments Model-501,Grocery & Pantry,Condiments,Horizon,297.27,637.8,1
6501,SKU-ELE-006501,Prism Audio & Headphones Model-502,Electronics,Audio & Headphones,Prism,411.11,640.18,1
6502,SKU-BEA-006502,Zenith Haircare Model-503,Beauty & Care,Haircare,Zenith,111.3,167.47,0
6503,SKU-AUT-006503,Titan Oils & Fluids Model-504,Automotive,Oils & Fluids,Titan,314.23,525.8,1
6504,SKU-SPO-006504,Pulse Cycling Model-505,Sports & Outdoors,Cycling,Pulse,61.94,110.41,1
6505,SKU-TOY-006505,Prism Outdoor Toys Model-506,Toys & Games,Outdoor Toys,Prism,346.27,477.43,1
6506,SKU-ELE-006506,Matrix Audio & Headphones Model-507,Electronics,Audio & Headphones,Matrix,116.3,161.26,1
6507,SKU-ELE-006507,Aura Smart Home Model-508,Electronics,Smart Home,Aura,333.12,576.09,1
6508,SKU-BEA-006508,Sol Fragrances Model-509,Beauty & Care,Fragrances,Sol,260.88,579.81,0
6509,SKU-AUT-006509,Echo Tools & Equipment Model-510,Automotive,Tools & Equipment,Echo,177.06,288.47,1
6510,SKU-AUT-006510,Summit Car Care Model-511,Automotive,Car Care,Summit,74.16,121.41,1
6511,SKU-SPO-006511,Echo Team Sports Model-512,Sports & Outdoors,Team Sports,Echo,415.71,749.24,1
6512,SKU-APP-006512,Pulse Men's Clothing Model-513,Apparel,Men's Clothing,Pulse,329.6,493.87,1
6513,SKU-AUT-006513,Echo Car Care Model-514,Automotive,Car Care,Echo,109.67,169.76,1
6514,SKU-SPO-006514,Horizon Camping & Hiking Model-515,Sports & Outdoors,Camping & Hiking,Horizon,285.64,416.74,1
6515,SKU-APP-006515,Matrix Men's Clothing Model-516,Apparel,Men's Clothing,Matrix,44.3,62.41,1
6516,SKU-GRO-006516,Velocity Condiments Model-517,Grocery & Pantry,Condiments,Velocity,115.44,196.97,1
6517,SKU-SPO-006517,Lumina Water Sports Model-518,Sports & Outdoors,Water Sports,Lumina,313.7,540.48,1
6518,SKU-BEA-006518,Echo Cosmetics Model-519,Beauty & Care,Cosmetics,Echo,16.8,25.4,1
6519,SKU-GRO-006519,Aura Canned Goods Model-520,Grocery & Pantry,Canned Goods,Aura,81.51,118.38,1
6520,SKU-SPO-006520,Lumina Team Sports Model-521,Sports & Outdoors,Team Sports,Lumina,334.04,697.43,1
6521,SKU-ELE-006521,Titan Laptops Model-522,Electronics,Laptops,Titan,353.48,476.63,1
6522,SKU-SPO-006522,Vortex Cycling Model-523,Sports & Outdoors,Cycling,Vortex,207.72,349.21,1
6523,SKU-ELE-006523,Zenith Wearables Model-524,Electronics,Wearables,Zenith,351.43,662,1
6524,SKU-SPO-006524,Zenith Water Sports Model-525,Sports & Outdoors,Water Sports,Zenith,362.79,607.36,1
6525,SKU-HOM-006525,Apex Furniture Model-526,Home & Kitchen,Furniture,Apex,260.86,556.22,1
6526,SKU-TOY-006526,Velocity Outdoor Toys Model-527,Toys & Games,Outdoor Toys,Velocity,76.56,183.85,1
6527,SKU-SPO-006527,Summit Cycling Model-528,Sports & Outdoors,Cycling,Summit,137.8,172.5,1
6528,SKU-TOY-006528,Vortex Outdoor Toys Model-529,Toys & Games,Outdoor Toys,Vortex,260.79,620.02,1
6529,SKU-BEA-006529,Vortex Haircare Model-530,Beauty & Care,Haircare,Vortex,158.98,319.43,1
6530,SKU-ELE-006530,Prism Accessories Model-531,Electronics,Accessories,Prism,248.17,453.2,1
6531,SKU-TOY-006531,Nova Puzzles Model-532,Toys & Games,Puzzles,Nova,21.64,29.14,1
6532,SKU-APP-006532,Apex Footwear Model-533,Apparel,Footwear,Apex,43.94,76.8,1
6533,SKU-BEA-006533,Horizon Personal Care Model-534,Beauty & Care,Personal Care,Horizon,51.87,106.84,1
6534,SKU-AUT-006534,Summit Tools & Equipment Model-535,Automotive,Tools & Equipment,Summit,425.77,939.14,1
6535,SKU-SPO-006535,Nova Cycling Model-536,Sports & Outdoors,Cycling,Nova,97.59,125.53,1
6536,SKU-GRO-006536,Vortex Condiments Model-537,Grocery & Pantry,Condiments,Vortex,316.17,749.25,1
6537,SKU-APP-006537,Lumina Footwear Model-538,Apparel,Footwear,Lumina,370.01,819.34,1
6538,SKU-ELE-006538,Lumina Smartphones Model-539,Electronics,Smartphones,Lumina,447.43,658.13,1
6539,SKU-APP-006539,Zenith Accessories Model-540,Apparel,Accessories,Zenith,264,340.15,1
6540,SKU-BEA-006540,Lumina Personal Care Model-541,Beauty & Care,Personal Care,Lumina,143.96,226.22,1
6541,SKU-AUT-006541,Summit Tools & Equipment Model-542,Automotive,Tools & Equipment,Summit,180.14,400.18,1
6542,SKU-TOY-006542,Pulse Puzzles Model-543,Toys & Games,Puzzles,Pulse,422.04,706.84,0
6543,SKU-APP-006543,Matrix Outerwear Model-544,Apparel,Outerwear,Matrix,277.68,418.63,1
6544,SKU-APP-006544,Matrix Sportswear Model-545,Apparel,Sportswear,Matrix,118.63,242.22,1
6545,SKU-ELE-006545,Velocity Wearables Model-546,Electronics,Wearables,Velocity,74.25,149.15,1
6546,SKU-TOY-006546,Summit Puzzles Model-547,Toys & Games,Puzzles,Summit,448.22,852.7,1
6547,SKU-HOM-006547,Velocity Furniture Model-548,Home & Kitchen,Furniture,Velocity,259.53,476.85,1
6548,SKU-BEA-006548,Matrix Cosmetics Model-549,Beauty & Care,Cosmetics,Matrix,374.86,727.05,1
6549,SKU-APP-006549,Vortex Outerwear Model-550,Apparel,Outerwear,Vortex,300.25,735.41,1
6550,SKU-HOM-006550,Zenith Furniture Model-551,Home & Kitchen,Furniture,Zenith,6.17,11.58,1
6551,SKU-AUT-006551,Zenith Oils & Fluids Model-552,Automotive,Oils & Fluids,Zenith,326.4,422.11,1
6552,SKU-BEA-006552,Matrix Skincare Model-553,Beauty & Care,Skincare,Matrix,228.14,316.73,1
6553,SKU-GRO-006553,Lumina Canned Goods Model-554,Grocery & Pantry,Canned Goods,Lumina,291.02,412.58,1
6554,SKU-APP-006554,Sol Footwear Model-555,Apparel,Footwear,Sol,326.11,570.71,1
6555,SKU-AUT-006555,Pulse Car Care Model-556,Automotive,Car Care,Pulse,375.34,673.06,1
6556,SKU-GRO-006556,Zenith Canned Goods Model-557,Grocery & Pantry,Canned Goods,Zenith,334.23,771.8,1
6557,SKU-GRO-006557,Summit Snacks Model-558,Grocery & Pantry,Snacks,Summit,49.63,113.6,1
6558,SKU-HOM-006558,Aura Decor Model-559,Home & Kitchen,Decor,Aura,343.41,523.85,1
6559,SKU-HOM-006559,Aura Furniture Model-560,Home & Kitchen,Furniture,Aura,165.18,225.5,1
6560,SKU-SPO-006560,Echo Fitness Gear Model-561,Sports & Outdoors,Fitness Gear,Echo,334.72,653.25,1
6561,SKU-HOM-006561,Titan Bedding Model-562,Home & Kitchen,Bedding,Titan,303.49,473.71,1
6562,SKU-ELE-006562,Prism Audio & Headphones Model-563,Electronics,Audio & Headphones,Prism,335.49,837.56,1
6563,SKU-GRO-006563,Pulse Beverages Model-564,Grocery & Pantry,Beverages,Pulse,401.32,750.63,0
6564,SKU-GRO-006564,Horizon Beverages Model-565,Grocery & Pantry,Beverages,Horizon,88.41,213.58,1
6565,SKU-APP-006565,Lumina Outerwear Model-566,Apparel,Outerwear,Lumina,212.35,500.15,1
6566,SKU-ELE-006566,Echo Laptops Model-567,Electronics,Laptops,Echo,246.79,459.43,1
6567,SKU-GRO-006567,Echo Snacks Model-568,Grocery & Pantry,Snacks,Echo,412.27,843.61,1
6568,SKU-SPO-006568,Aura Team Sports Model-569,Sports & Outdoors,Team Sports,Aura,273.87,652.14,1
6569,SKU-TOY-006569,Vortex Board Games Model-570,Toys & Games,Board Games,Vortex,388.18,677.13,1
6570,SKU-BEA-006570,Sol Skincare Model-571,Beauty & Care,Skincare,Sol,75.64,101.86,1
6571,SKU-SPO-006571,Horizon Team Sports Model-572,Sports & Outdoors,Team Sports,Horizon,84.44,206.95,1
6572,SKU-AUT-006572,Horizon Interior Accessories Model-573,Automotive,Interior Accessories,Horizon,5.16,9.79,1
6573,SKU-APP-006573,Vortex Outerwear Model-574,Apparel,Outerwear,Vortex,339.58,737.2,1
6574,SKU-BEA-006574,Horizon Cosmetics Model-575,Beauty & Care,Cosmetics,Horizon,282.19,420.04,1
6575,SKU-ELE-006575,Prism Wearables Model-576,Electronics,Wearables,Prism,276.92,592.98,1
6576,SKU-BEA-006576,Velocity Personal Care Model-577,Beauty & Care,Personal Care,Velocity,93.28,130.51,1
6577,SKU-AUT-006577,Lumina Oils & Fluids Model-578,Automotive,Oils & Fluids,Lumina,124.75,201.07,0
6578,SKU-BEA-006578,Sol Fragrances Model-579,Beauty & Care,Fragrances,Sol,338.76,757.08,1
6579,SKU-AUT-006579,Echo Interior Accessories Model-580,Automotive,Interior Accessories,Echo,401.85,523.23,1
6580,SKU-GRO-006580,Vortex Beverages Model-581,Grocery & Pantry,Beverages,Vortex,77.2,180.04,1
6581,SKU-APP-006581,Vortex Outerwear Model-582,Apparel,Outerwear,Vortex,139.04,203.93,1
6582,SKU-GRO-006582,Summit Canned Goods Model-583,Grocery & Pantry,Canned Goods,Summit,107.96,149.61,1
6583,SKU-BEA-006583,Prism Fragrances Model-584,Beauty & Care,Fragrances,Prism,140.45,320.61,1
6584,SKU-TOY-006584,Pulse Action Figures Model-585,Toys & Games,Action Figures,Pulse,26.11,44.52,1
6585,SKU-APP-006585,Echo Outerwear Model-586,Apparel,Outerwear,Echo,449.73,631.64,1
6586,SKU-GRO-006586,Matrix Beverages Model-587,Grocery & Pantry,Beverages,Matrix,345.6,863.62,1
6587,SKU-ELE-006587,Sol Audio & Headphones Model-588,Electronics,Audio & Headphones,Sol,220.74,514.65,1
6588,SKU-APP-006588,Apex Sportswear Model-589,Apparel,Sportswear,Apex,427.31,839.71,1
6589,SKU-BEA-006589,Matrix Cosmetics Model-590,Beauty & Care,Cosmetics,Matrix,351.81,533.52,1
6590,SKU-HOM-006590,Aura Storage Model-591,Home & Kitchen,Storage,Aura,177.14,282.51,1
6591,SKU-AUT-006591,Summit Tools & Equipment Model-592,Automotive,Tools & Equipment,Summit,289.81,550.7,1
6592,SKU-APP-006592,Pulse Women's Clothing Model-593,Apparel,Women's Clothing,Pulse,390.83,624.2,1
6593,SKU-APP-006593,Summit Outerwear Model-594,Apparel,Outerwear,Summit,258.92,532.06,1
6594,SKU-AUT-006594,Summit Tools & Equipment Model-595,Automotive,Tools & Equipment,Summit,36.73,72.01,1
6595,SKU-GRO-006595,Horizon Canned Goods Model-596,Grocery & Pantry,Canned Goods,Horizon,219.52,367.91,1
6596,SKU-SPO-006596,Summit Fitness Gear Model-597,Sports & Outdoors,Fitness Gear,Summit,428.89,698.7,1
6597,SKU-APP-006597,Aura Sportswear Model-598,Apparel,Sportswear,Aura,132.64,176.92,1
6598,SKU-APP-006598,Titan Footwear Model-599,Apparel,Footwear,Titan,245.53,317.28,1
6599,SKU-ELE-006599,Apex Wearables Model-600,Electronics,Wearables,Apex,218.42,302.78,0
6600,SKU-HOM-006600,Velocity Storage Model-601,Home & Kitchen,Storage,Velocity,61.56,128.47,0
6601,SKU-GRO-006601,Summit Condiments Model-602,Grocery & Pantry,Condiments,Summit,345.82,650.71,1
6602,SKU-HOM-006602,Titan Small Appliances Model-603,Home & Kitchen,Small Appliances,Titan,319.93,463.07,1
6603,SKU-HOM-006603,Zenith Small Appliances Model-604,Home & Kitchen,Small Appliances,Zenith,274.23,671.33,1
6604,SKU-AUT-006604,Aura Interior Accessories Model-605,Automotive,Interior Accessories,Aura,19.7,27.34,1
6605,SKU-GRO-006605,Pulse Beverages Model-606,Grocery & Pantry,Beverages,Pulse,18.7,33.98,1
6606,SKU-ELE-006606,Lumina Smartphones Model-607,Electronics,Smartphones,Lumina,54.8,75.34,1
6607,SKU-SPO-006607,Zenith Camping & Hiking Model-608,Sports & Outdoors,Camping & Hiking,Zenith,88.27,213.16,1
6608,SKU-BEA-006608,Matrix Haircare Model-609,Beauty & Care,Haircare,Matrix,385.66,937.11,1
6609,SKU-TOY-006609,Zenith Puzzles Model-610,Toys & Games,Puzzles,Zenith,260.7,604.34,1
6610,SKU-APP-006610,Apex Footwear Model-611,Apparel,Footwear,Apex,98.76,142.63,1
6611,SKU-TOY-006611,Matrix Board Games Model-612,Toys & Games,Board Games,Matrix,278.08,609.22,1
6612,SKU-AUT-006612,Summit Oils & Fluids Model-613,Automotive,Oils & Fluids,Summit,97.39,132.3,1
6613,SKU-GRO-006613,Velocity Breakfast Model-614,Grocery & Pantry,Breakfast,Velocity,53.99,99.25,1
6614,SKU-ELE-006614,Summit Audio & Headphones Model-615,Electronics,Audio & Headphones,Summit,372.96,699.03,1
6615,SKU-APP-006615,Vortex Accessories Model-616,Apparel,Accessories,Vortex,280.66,521.15,1
6616,SKU-SPO-006616,Aura Team Sports Model-617,Sports & Outdoors,Team Sports,Aura,59.16,106.62,1
6617,SKU-HOM-006617,Zenith Decor Model-618,Home & Kitchen,Decor,Zenith,417.8,562.54,1
6618,SKU-TOY-006618,Matrix Puzzles Model-619,Toys & Games,Puzzles,Matrix,198.71,449.08,1
6619,SKU-BEA-006619,Sol Fragrances Model-620,Beauty & Care,Fragrances,Sol,384.56,937.74,1
6620,SKU-BEA-006620,Horizon Haircare Model-621,Beauty & Care,Haircare,Horizon,439.2,757.2,1
6621,SKU-APP-006621,Echo Women's Clothing Model-622,Apparel,Women's Clothing,Echo,9.37,15.89,1
6622,SKU-HOM-006622,Nova Decor Model-623,Home & Kitchen,Decor,Nova,43.48,82.21,1
6623,SKU-BEA-006623,Zenith Haircare Model-624,Beauty & Care,Haircare,Zenith,317.66,529.67,1
6624,SKU-GRO-006624,Vortex Organic Foods Model-625,Grocery & Pantry,Organic Foods,Vortex,165.02,363.29,1
6625,SKU-ELE-006625,Lumina Smart Home Model-626,Electronics,Smart Home,Lumina,118.61,252.57,1
6626,SKU-APP-006626,Echo Accessories Model-627,Apparel,Accessories,Echo,389.67,696.51,1
6627,SKU-BEA-006627,Horizon Haircare Model-628,Beauty & Care,Haircare,Horizon,354.54,587.22,1
6628,SKU-SPO-006628,Pulse Fitness Gear Model-629,Sports & Outdoors,Fitness Gear,Pulse,355.54,749.64,1
6629,SKU-AUT-006629,Prism Oils & Fluids Model-630,Automotive,Oils & Fluids,Prism,421.92,794.94,1
6630,SKU-AUT-006630,Prism Interior Accessories Model-631,Automotive,Interior Accessories,Prism,157.53,341.5,1
6631,SKU-HOM-006631,Zenith Bedding Model-632,Home & Kitchen,Bedding,Zenith,218.35,531.95,1
6632,SKU-APP-006632,Echo Accessories Model-633,Apparel,Accessories,Echo,278.76,456.71,1
6633,SKU-AUT-006633,Velocity Interior Accessories Model-634,Automotive,Interior Accessories,Velocity,21.15,34.2,0
6634,SKU-HOM-006634,Echo Storage Model-635,Home & Kitchen,Storage,Echo,419.48,1024.36,1
6635,SKU-ELE-006635,Echo Accessories Model-636,Electronics,Accessories,Echo,36.06,62.19,1
6636,SKU-APP-006636,Summit Footwear Model-637,Apparel,Footwear,Summit,324.31,786.58,1
6637,SKU-BEA-006637,Pulse Haircare Model-638,Beauty & Care,Haircare,Pulse,207.2,287.76,1
6638,SKU-HOM-006638,Aura Bedding Model-639,Home & Kitchen,Bedding,Aura,448.93,1013.55,1
6639,SKU-APP-006639,Echo Accessories Model-640,Apparel,Accessories,Echo,141.24,212.39,1
6640,SKU-HOM-006640,Lumina Bedding Model-641,Home & Kitchen,Bedding,Lumina,377.57,544.91,1
6641,SKU-APP-006641,Vortex Footwear Model-642,Apparel,Footwear,Vortex,15.04,34.14,1
6642,SKU-HOM-006642,Summit Furniture Model-643,Home & Kitchen,Furniture,Summit,176.35,323.24,1
6643,SKU-ELE-006643,Apex Smart Home Model-644,Electronics,Smart Home,Apex,211.78,310.57,1
6644,SKU-SPO-006644,Summit Camping & Hiking Model-645,Sports & Outdoors,Camping & Hiking,Summit,71.64,146.05,1
6645,SKU-TOY-006645,Lumina Puzzles Model-646,Toys & Games,Puzzles,Lumina,317.84,451.84,1
6646,SKU-TOY-006646,Prism Board Games Model-647,Toys & Games,Board Games,Prism,38.27,57.36,1
6647,SKU-APP-006647,Lumina Women's Clothing Model-648,Apparel,Women's Clothing,Lumina,212.92,455.21,1
6648,SKU-APP-006648,Sol Footwear Model-649,Apparel,Footwear,Sol,392.25,685.33,1
6649,SKU-BEA-006649,Horizon Haircare Model-650,Beauty & Care,Haircare,Horizon,264.51,543.68,0
6650,SKU-TOY-006650,Horizon Outdoor Toys Model-651,Toys & Games,Outdoor Toys,Horizon,420.2,555.16,1
6651,SKU-ELE-006651,Aura Audio & Headphones Model-652,Electronics,Audio & Headphones,Aura,164.23,357,0
6652,SKU-GRO-006652,Matrix Organic Foods Model-653,Grocery & Pantry,Organic Foods,Matrix,40.18,50.26,1
6653,SKU-GRO-006653,Sol Canned Goods Model-654,Grocery & Pantry,Canned Goods,Sol,364.52,506.5,1
6654,SKU-BEA-006654,Echo Personal Care Model-655,Beauty & Care,Personal Care,Echo,231.25,304.17,1
6655,SKU-ELE-006655,Summit Wearables Model-656,Electronics,Wearables,Summit,191.44,438.39,1
6656,SKU-GRO-006656,Lumina Snacks Model-657,Grocery & Pantry,Snacks,Lumina,244.7,311.21,1
6657,SKU-ELE-006657,Titan Wearables Model-658,Electronics,Wearables,Titan,33.59,66.73,1
6658,SKU-GRO-006658,Horizon Breakfast Model-659,Grocery & Pantry,Breakfast,Horizon,366.08,553.13,1
6659,SKU-HOM-006659,Matrix Cookware Model-660,Home & Kitchen,Cookware,Matrix,135.24,206.76,1
6660,SKU-AUT-006660,Lumina Interior Accessories Model-661,Automotive,Interior Accessories,Lumina,242.66,405.56,1
6661,SKU-ELE-006661,Lumina Smartphones Model-662,Electronics,Smartphones,Lumina,108.22,222.68,1
6662,SKU-APP-006662,Matrix Outerwear Model-663,Apparel,Outerwear,Matrix,445.68,1079.32,1
6663,SKU-SPO-006663,Sol Water Sports Model-664,Sports & Outdoors,Water Sports,Sol,315.6,486.99,0
6664,SKU-TOY-006664,Horizon Board Games Model-665,Toys & Games,Board Games,Horizon,137.19,174.32,1
6665,SKU-SPO-006665,Prism Water Sports Model-666,Sports & Outdoors,Water Sports,Prism,143.56,300.81,1
6666,SKU-GRO-006666,Prism Beverages Model-667,Grocery & Pantry,Beverages,Prism,352.05,873.08,1
6667,SKU-SPO-006667,Velocity Team Sports Model-668,Sports & Outdoors,Team Sports,Velocity,196.15,257.72,1
6668,SKU-GRO-006668,Horizon Snacks Model-669,Grocery & Pantry,Snacks,Horizon,42.24,68.99,1
6669,SKU-TOY-006669,Lumina Board Games Model-670,Toys & Games,Board Games,Lumina,411.53,626.33,1
6670,SKU-BEA-006670,Prism Cosmetics Model-671,Beauty & Care,Cosmetics,Prism,296.44,450.83,1
6671,SKU-BEA-006671,Lumina Cosmetics Model-672,Beauty & Care,Cosmetics,Lumina,26.21,58.2,1
6672,SKU-SPO-006672,Echo Camping & Hiking Model-673,Sports & Outdoors,Camping & Hiking,Echo,52.57,118.69,1
6673,SKU-APP-006673,Sol Men's Clothing Model-674,Apparel,Men's Clothing,Sol,325.49,752.51,1
6674,SKU-AUT-006674,Matrix Interior Accessories Model-675,Automotive,Interior Accessories,Matrix,249.28,598.56,1
6675,SKU-ELE-006675,Sol Wearables Model-676,Electronics,Wearables,Sol,66.71,136.28,1
6676,SKU-HOM-006676,Echo Decor Model-677,Home & Kitchen,Decor,Echo,180.11,405.3,1
6677,SKU-BEA-006677,Prism Fragrances Model-678,Beauty & Care,Fragrances,Prism,134.48,181.52,1
6678,SKU-APP-006678,Matrix Women's Clothing Model-679,Apparel,Women's Clothing,Matrix,279.15,515.67,1
6679,SKU-AUT-006679,Apex Car Care Model-680,Automotive,Car Care,Apex,43.53,91.72,1
6680,SKU-BEA-006680,Zenith Skincare Model-681,Beauty & Care,Skincare,Zenith,260.29,640.5,1
6681,SKU-GRO-006681,Prism Beverages Model-682,Grocery & Pantry,Beverages,Prism,70.58,162.12,1
6682,SKU-GRO-006682,Lumina Snacks Model-683,Grocery & Pantry,Snacks,Lumina,243.92,321.07,1
6683,SKU-GRO-006683,Velocity Beverages Model-684,Grocery & Pantry,Beverages,Velocity,238.79,311.82,1
6684,SKU-BEA-006684,Velocity Fragrances Model-685,Beauty & Care,Fragrances,Velocity,295.36,597.85,1
6685,SKU-SPO-006685,Titan Fitness Gear Model-686,Sports & Outdoors,Fitness Gear,Titan,141.57,326.41,1
6686,SKU-GRO-006686,Vortex Canned Goods Model-687,Grocery & Pantry,Canned Goods,Vortex,107.14,195.62,1
6687,SKU-APP-006687,Echo Footwear Model-688,Apparel,Footwear,Echo,150.76,311.91,1
6688,SKU-AUT-006688,Titan Oils & Fluids Model-689,Automotive,Oils & Fluids,Titan,62.71,103.8,1
6689,SKU-APP-006689,Pulse Men's Clothing Model-690,Apparel,Men's Clothing,Pulse,349.37,697.5,1
6690,SKU-AUT-006690,Aura Tools & Equipment Model-691,Automotive,Tools & Equipment,Aura,408.63,715.4,1
6691,SKU-APP-006691,Summit Accessories Model-692,Apparel,Accessories,Summit,30.94,42.62,1
6692,SKU-BEA-006692,Nova Skincare Model-693,Beauty & Care,Skincare,Nova,350.4,540.11,1
6693,SKU-APP-006693,Aura Sportswear Model-694,Apparel,Sportswear,Aura,209.09,354.83,1
6694,SKU-ELE-006694,Nova Audio & Headphones Model-695,Electronics,Audio & Headphones,Nova,377.33,726.88,1
6695,SKU-ELE-006695,Summit Wearables Model-696,Electronics,Wearables,Summit,430.32,664.27,1
6696,SKU-TOY-006696,Velocity Outdoor Toys Model-697,Toys & Games,Outdoor Toys,Velocity,278.56,527.77,1
6697,SKU-SPO-006697,Zenith Water Sports Model-698,Sports & Outdoors,Water Sports,Zenith,190.03,401.08,1
6698,SKU-GRO-006698,Titan Snacks Model-699,Grocery & Pantry,Snacks,Titan,173.78,306.93,1
6699,SKU-GRO-006699,Zenith Breakfast Model-700,Grocery & Pantry,Breakfast,Zenith,201.4,426.29,1
6700,SKU-GRO-006700,Pulse Organic Foods Model-701,Grocery & Pantry,Organic Foods,Pulse,418.29,833.89,1
6701,SKU-AUT-006701,Echo Tools & Equipment Model-702,Automotive,Tools & Equipment,Echo,370.36,801.06,1
6702,SKU-ELE-006702,Summit Accessories Model-703,Electronics,Accessories,Summit,210.53,347.36,1
6703,SKU-SPO-006703,Prism Camping & Hiking Model-704,Sports & Outdoors,Camping & Hiking,Prism,115.38,201.34,1
6704,SKU-HOM-006704,Zenith Bedding Model-705,Home & Kitchen,Bedding,Zenith,300.95,491.66,1
6705,SKU-SPO-006705,Sol Water Sports Model-706,Sports & Outdoors,Water Sports,Sol,370.79,505.02,1
6706,SKU-GRO-006706,Matrix Organic Foods Model-707,Grocery & Pantry,Organic Foods,Matrix,367.54,630.74,1
6707,SKU-AUT-006707,Apex Tools & Equipment Model-708,Automotive,Tools & Equipment,Apex,44.83,106.8,1
6708,SKU-SPO-006708,Aura Cycling Model-709,Sports & Outdoors,Cycling,Aura,83.52,138.11,1
6709,SKU-ELE-006709,Echo Smartphones Model-710,Electronics,Smartphones,Echo,10.6,20.92,1
6710,SKU-GRO-006710,Prism Condiments Model-711,Grocery & Pantry,Condiments,Prism,313.17,602.17,1
6711,SKU-SPO-006711,Prism Camping & Hiking Model-712,Sports & Outdoors,Camping & Hiking,Prism,119.81,290.04,1
6712,SKU-GRO-006712,Sol Canned Goods Model-713,Grocery & Pantry,Canned Goods,Sol,82.57,170.22,1
6713,SKU-AUT-006713,Zenith Tools & Equipment Model-714,Automotive,Tools & Equipment,Zenith,300.08,645.13,1
6714,SKU-AUT-006714,Apex Oils & Fluids Model-715,Automotive,Oils & Fluids,Apex,160,306.54,1
6715,SKU-TOY-006715,Matrix Action Figures Model-716,Toys & Games,Action Figures,Matrix,405.65,831.72,1
6716,SKU-ELE-006716,Matrix Accessories Model-717,Electronics,Accessories,Matrix,226.2,500.66,1
6717,SKU-ELE-006717,Nova Accessories Model-718,Electronics,Accessories,Nova,376.44,626.85,1
6718,SKU-GRO-006718,Vortex Breakfast Model-719,Grocery & Pantry,Breakfast,Vortex,128.7,171.97,1
6719,SKU-HOM-006719,Apex Storage Model-720,Home & Kitchen,Storage,Apex,387.49,565.42,1
6720,SKU-TOY-006720,Prism Board Games Model-721,Toys & Games,Board Games,Prism,104.53,139.61,1
6721,SKU-ELE-006721,Vortex Smartphones Model-722,Electronics,Smartphones,Vortex,154.19,253.12,0
6722,SKU-AUT-006722,Velocity Oils & Fluids Model-723,Automotive,Oils & Fluids,Velocity,139.6,261.15,1
6723,SKU-HOM-006723,Prism Bedding Model-724,Home & Kitchen,Bedding,Prism,278.67,486.01,0
6724,SKU-AUT-006724,Echo Tools & Equipment Model-725,Automotive,Tools & Equipment,Echo,306.84,399.81,1
6725,SKU-BEA-006725,Aura Haircare Model-726,Beauty & Care,Haircare,Aura,181.23,368.7,1
6726,SKU-APP-006726,Summit Footwear Model-727,Apparel,Footwear,Summit,436.2,852.91,1
6727,SKU-BEA-006727,Echo Cosmetics Model-728,Beauty & Care,Cosmetics,Echo,14.21,20.69,1
6728,SKU-HOM-006728,Sol Cookware Model-729,Home & Kitchen,Cookware,Sol,291.92,536.87,0
6729,SKU-BEA-006729,Zenith Skincare Model-730,Beauty & Care,Skincare,Zenith,334.46,620.13,1
6730,SKU-GRO-006730,Zenith Organic Foods Model-731,Grocery & Pantry,Organic Foods,Zenith,20.5,36.45,1
6731,SKU-TOY-006731,Summit Puzzles Model-732,Toys & Games,Puzzles,Summit,248.04,324.14,1
6732,SKU-AUT-006732,Nova Interior Accessories Model-733,Automotive,Interior Accessories,Nova,345.66,782.16,1
6733,SKU-AUT-006733,Lumina Car Care Model-734,Automotive,Car Care,Lumina,217.16,310.98,1
6734,SKU-TOY-006734,Titan Board Games Model-735,Toys & Games,Board Games,Titan,376.82,692.87,1
6735,SKU-TOY-006735,Titan Action Figures Model-736,Toys & Games,Action Figures,Titan,234.21,350.43,1
6736,SKU-TOY-006736,Lumina Action Figures Model-737,Toys & Games,Action Figures,Lumina,55,126.08,1
6737,SKU-AUT-006737,Lumina Car Care Model-738,Automotive,Car Care,Lumina,439.64,673.4,1
6738,SKU-HOM-006738,Summit Bedding Model-739,Home & Kitchen,Bedding,Summit,178.76,305.2,1
6739,SKU-HOM-006739,Apex Cookware Model-740,Home & Kitchen,Cookware,Apex,62.2,141.96,1
6740,SKU-SPO-006740,Lumina Team Sports Model-741,Sports & Outdoors,Team Sports,Lumina,418.32,572.22,1
6741,SKU-BEA-006741,Prism Fragrances Model-742,Beauty & Care,Fragrances,Prism,363.85,653.92,1
6742,SKU-APP-006742,Zenith Sportswear Model-743,Apparel,Sportswear,Zenith,437.39,696,1
6743,SKU-HOM-006743,Lumina Decor Model-744,Home & Kitchen,Decor,Lumina,223.67,430.51,1
6744,SKU-BEA-006744,Echo Haircare Model-745,Beauty & Care,Haircare,Echo,441.78,739.12,1
6745,SKU-BEA-006745,Echo Personal Care Model-746,Beauty & Care,Personal Care,Echo,309.72,610.22,1
6746,SKU-BEA-006746,Matrix Personal Care Model-747,Beauty & Care,Personal Care,Matrix,377.1,676.88,1
6747,SKU-BEA-006747,Prism Cosmetics Model-748,Beauty & Care,Cosmetics,Prism,198.05,383.02,1
6748,SKU-BEA-006748,Matrix Skincare Model-749,Beauty & Care,Skincare,Matrix,264.74,340.26,1
6749,SKU-APP-006749,Prism Accessories Model-750,Apparel,Accessories,Prism,198.99,443.32,1
6750,SKU-BEA-006750,Lumina Fragrances Model-751,Beauty & Care,Fragrances,Lumina,260.92,577.84,1
6751,SKU-GRO-006751,Vortex Organic Foods Model-752,Grocery & Pantry,Organic Foods,Vortex,26.24,44.47,0
6752,SKU-TOY-006752,Pulse Action Figures Model-753,Toys & Games,Action Figures,Pulse,37.09,52.45,0
6753,SKU-APP-006753,Echo Sportswear Model-754,Apparel,Sportswear,Echo,318.81,498.71,1
6754,SKU-GRO-006754,Sol Snacks Model-755,Grocery & Pantry,Snacks,Sol,246.67,329.34,1
6755,SKU-BEA-006755,Titan Cosmetics Model-756,Beauty & Care,Cosmetics,Titan,284.13,514.39,1
6756,SKU-ELE-006756,Nova Smart Home Model-757,Electronics,Smart Home,Nova,42.29,68.29,1
6757,SKU-AUT-006757,Velocity Car Care Model-758,Automotive,Car Care,Velocity,289.28,417.33,1
6758,SKU-ELE-006758,Sol Wearables Model-759,Electronics,Wearables,Sol,393.17,656.51,1
6759,SKU-APP-006759,Aura Outerwear Model-760,Apparel,Outerwear,Aura,94.28,190.89,1
6760,SKU-SPO-006760,Nova Team Sports Model-761,Sports & Outdoors,Team Sports,Nova,271.33,622.96,1
6761,SKU-BEA-006761,Summit Fragrances Model-762,Beauty & Care,Fragrances,Summit,205.65,315.42,1
6762,SKU-ELE-006762,Titan Smart Home Model-763,Electronics,Smart Home,Titan,306.55,730.12,1
6763,SKU-ELE-006763,Zenith Laptops Model-764,Electronics,Laptops,Zenith,31.04,49.18,1
6764,SKU-GRO-006764,Velocity Breakfast Model-765,Grocery & Pantry,Breakfast,Velocity,236.6,588.08,1
6765,SKU-SPO-006765,Summit Cycling Model-766,Sports & Outdoors,Cycling,Summit,28.48,36.05,1
6766,SKU-AUT-006766,Horizon Interior Accessories Model-767,Automotive,Interior Accessories,Horizon,314.72,508.27,1
6767,SKU-SPO-006767,Zenith Team Sports Model-768,Sports & Outdoors,Team Sports,Zenith,75,144.81,1
6768,SKU-HOM-006768,Prism Decor Model-769,Home & Kitchen,Decor,Prism,74.18,167.01,1
6769,SKU-GRO-006769,Titan Organic Foods Model-770,Grocery & Pantry,Organic Foods,Titan,149.2,275.28,1
6770,SKU-SPO-006770,Horizon Camping & Hiking Model-771,Sports & Outdoors,Camping & Hiking,Horizon,431.64,941.33,1
6771,SKU-TOY-006771,Velocity Action Figures Model-772,Toys & Games,Action Figures,Velocity,183.78,263.63,1
6772,SKU-SPO-006772,Lumina Fitness Gear Model-773,Sports & Outdoors,Fitness Gear,Lumina,378.97,862.62,1
6773,SKU-TOY-006773,Matrix Action Figures Model-774,Toys & Games,Action Figures,Matrix,239.08,425.27,1
6774,SKU-SPO-006774,Sol Camping & Hiking Model-775,Sports & Outdoors,Camping & Hiking,Sol,236.12,443.76,0
6775,SKU-TOY-006775,Zenith Outdoor Toys Model-776,Toys & Games,Outdoor Toys,Zenith,301.07,507.83,1
6776,SKU-HOM-006776,Sol Bedding Model-777,Home & Kitchen,Bedding,Sol,120.63,286.19,1
6777,SKU-APP-006777,Nova Women's Clothing Model-778,Apparel,Women's Clothing,Nova,115.13,243.81,1
6778,SKU-APP-006778,Matrix Accessories Model-779,Apparel,Accessories,Matrix,143.72,264.19,1
6779,SKU-AUT-006779,Lumina Tools & Equipment Model-780,Automotive,Tools & Equipment,Lumina,168.53,296.91,1
6780,SKU-BEA-006780,Zenith Cosmetics Model-781,Beauty & Care,Cosmetics,Zenith,306.32,735.75,1
6781,SKU-AUT-006781,Sol Interior Accessories Model-782,Automotive,Interior Accessories,Sol,439.71,713.8,1
6782,SKU-APP-006782,Nova Men's Clothing Model-783,Apparel,Men's Clothing,Nova,422.88,881.67,1
6783,SKU-ELE-006783,Zenith Laptops Model-784,Electronics,Laptops,Zenith,437.24,644.38,1
6784,SKU-ELE-006784,Pulse Accessories Model-785,Electronics,Accessories,Pulse,10.34,25.29,1
6785,SKU-GRO-006785,Nova Beverages Model-786,Grocery & Pantry,Beverages,Nova,371.67,579.86,1
6786,SKU-SPO-006786,Echo Fitness Gear Model-787,Sports & Outdoors,Fitness Gear,Echo,176.27,289.34,1
6787,SKU-AUT-006787,Matrix Car Care Model-788,Automotive,Car Care,Matrix,273.7,407.72,1
6788,SKU-HOM-006788,Lumina Furniture Model-789,Home & Kitchen,Furniture,Lumina,190.81,379.31,1
6789,SKU-AUT-006789,Velocity Oils & Fluids Model-790,Automotive,Oils & Fluids,Velocity,238.74,338.89,1
6790,SKU-SPO-006790,Summit Water Sports Model-791,Sports & Outdoors,Water Sports,Summit,336.4,544.26,1
6791,SKU-SPO-006791,Vortex Cycling Model-792,Sports & Outdoors,Cycling,Vortex,199.26,458.9,1
6792,SKU-AUT-006792,Pulse Car Care Model-793,Automotive,Car Care,Pulse,402.51,698.54,1
6793,SKU-SPO-006793,Nova Team Sports Model-794,Sports & Outdoors,Team Sports,Nova,160.99,296.27,1
6794,SKU-BEA-006794,Pulse Skincare Model-795,Beauty & Care,Skincare,Pulse,56.12,87.84,1
6795,SKU-AUT-006795,Lumina Interior Accessories Model-796,Automotive,Interior Accessories,Lumina,71.23,136.29,1
6796,SKU-TOY-006796,Pulse Outdoor Toys Model-797,Toys & Games,Outdoor Toys,Pulse,221,531.18,1
6797,SKU-SPO-006797,Vortex Fitness Gear Model-798,Sports & Outdoors,Fitness Gear,Vortex,354.01,768.71,1
6798,SKU-BEA-006798,Prism Cosmetics Model-799,Beauty & Care,Cosmetics,Prism,321.81,475.16,1
6799,SKU-APP-006799,Lumina Men's Clothing Model-800,Apparel,Men's Clothing,Lumina,68.95,124.65,1
6800,SKU-APP-006800,Echo Women's Clothing Model-801,Apparel,Women's Clothing,Echo,13.46,26.84,1
6801,SKU-SPO-006801,Aura Cycling Model-802,Sports & Outdoors,Cycling,Aura,319.62,490.37,1
6802,SKU-AUT-006802,Summit Car Care Model-803,Automotive,Car Care,Summit,221.43,302.12,1
6803,SKU-SPO-006803,Echo Camping & Hiking Model-804,Sports & Outdoors,Camping & Hiking,Echo,315.56,574.01,1
6804,SKU-GRO-006804,Zenith Breakfast Model-805,Grocery & Pantry,Breakfast,Zenith,148.41,269.1,1
6805,SKU-TOY-006805,Aura Outdoor Toys Model-806,Toys & Games,Outdoor Toys,Aura,429.09,858.91,1
6806,SKU-ELE-006806,Echo Accessories Model-807,Electronics,Accessories,Echo,172.71,246.58,1
6807,SKU-SPO-006807,Pulse Cycling Model-808,Sports & Outdoors,Cycling,Pulse,421.53,855.68,1
6808,SKU-BEA-006808,Titan Haircare Model-809,Beauty & Care,Haircare,Titan,363.59,466.79,1
6809,SKU-HOM-006809,Matrix Storage Model-810,Home & Kitchen,Storage,Matrix,205.06,354.72,1
6810,SKU-AUT-006810,Aura Interior Accessories Model-811,Automotive,Interior Accessories,Aura,179.76,237,1
6811,SKU-BEA-006811,Vortex Fragrances Model-812,Beauty & Care,Fragrances,Vortex,161.04,275.2,1
6812,SKU-BEA-006812,Zenith Fragrances Model-813,Beauty & Care,Fragrances,Zenith,273.23,450.13,1
6813,SKU-APP-006813,Prism Women's Clothing Model-814,Apparel,Women's Clothing,Prism,366.31,860.04,1
6814,SKU-ELE-006814,Zenith Laptops Model-815,Electronics,Laptops,Zenith,155.54,314.06,1
6815,SKU-ELE-006815,Vortex Smart Home Model-816,Electronics,Smart Home,Vortex,26.94,38.58,1
6816,SKU-BEA-006816,Prism Haircare Model-817,Beauty & Care,Haircare,Prism,163.96,301.92,1
6817,SKU-TOY-006817,Pulse Outdoor Toys Model-818,Toys & Games,Outdoor Toys,Pulse,59.25,111.52,1
6818,SKU-TOY-006818,Zenith Board Games Model-819,Toys & Games,Board Games,Zenith,258.27,361.55,1
6819,SKU-BEA-006819,Summit Cosmetics Model-820,Beauty & Care,Cosmetics,Summit,257.13,547.86,1
6820,SKU-SPO-006820,Zenith Team Sports Model-821,Sports & Outdoors,Team Sports,Zenith,448.1,837.04,1
6821,SKU-BEA-006821,Lumina Personal Care Model-822,Beauty & Care,Personal Care,Lumina,198.59,457.37,1
6822,SKU-GRO-006822,Sol Canned Goods Model-823,Grocery & Pantry,Canned Goods,Sol,317.97,586.31,1
6823,SKU-TOY-006823,Titan Educational Toys Model-824,Toys & Games,Educational Toys,Titan,319.79,635.93,1
6824,SKU-HOM-006824,Nova Bedding Model-825,Home & Kitchen,Bedding,Nova,206.34,354.41,1
6825,SKU-ELE-006825,Zenith Smart Home Model-826,Electronics,Smart Home,Zenith,7.19,16.62,0
6826,SKU-AUT-006826,Pulse Oils & Fluids Model-827,Automotive,Oils & Fluids,Pulse,153.83,215.06,1
6827,SKU-SPO-006827,Zenith Fitness Gear Model-828,Sports & Outdoors,Fitness Gear,Zenith,35.53,50.36,1
6828,SKU-TOY-006828,Lumina Outdoor Toys Model-829,Toys & Games,Outdoor Toys,Lumina,437.81,700.6,1
6829,SKU-GRO-006829,Horizon Canned Goods Model-830,Grocery & Pantry,Canned Goods,Horizon,365.97,717.28,1
6830,SKU-AUT-006830,Prism Oils & Fluids Model-831,Automotive,Oils & Fluids,Prism,295.12,482.04,1
6831,SKU-TOY-006831,Velocity Outdoor Toys Model-832,Toys & Games,Outdoor Toys,Velocity,86.58,126.07,1
6832,SKU-HOM-006832,Vortex Storage Model-833,Home & Kitchen,Storage,Vortex,280.06,587.11,1
6833,SKU-SPO-006833,Titan Fitness Gear Model-834,Sports & Outdoors,Fitness Gear,Titan,432.52,1049.33,1
6834,SKU-GRO-006834,Sol Canned Goods Model-835,Grocery & Pantry,Canned Goods,Sol,197.03,470.87,1
6835,SKU-APP-006835,Titan Women's Clothing Model-836,Apparel,Women's Clothing,Titan,261.8,642.72,1
6836,SKU-AUT-006836,Echo Tools & Equipment Model-837,Automotive,Tools & Equipment,Echo,343.81,438.34,1
6837,SKU-APP-006837,Matrix Women's Clothing Model-838,Apparel,Women's Clothing,Matrix,186.33,283.67,1
6838,SKU-ELE-006838,Aura Accessories Model-839,Electronics,Accessories,Aura,219.94,429.07,0
6839,SKU-APP-006839,Velocity Sportswear Model-840,Apparel,Sportswear,Velocity,218.36,378.59,1
6840,SKU-GRO-006840,Vortex Condiments Model-841,Grocery & Pantry,Condiments,Vortex,318.97,461.76,1
6841,SKU-TOY-006841,Aura Action Figures Model-842,Toys & Games,Action Figures,Aura,282.51,373.34,0
6842,SKU-BEA-006842,Vortex Personal Care Model-843,Beauty & Care,Personal Care,Vortex,325.86,642.02,1
6843,SKU-SPO-006843,Velocity Water Sports Model-844,Sports & Outdoors,Water Sports,Velocity,326.05,790.94,1
6844,SKU-AUT-006844,Pulse Interior Accessories Model-845,Automotive,Interior Accessories,Pulse,154.94,381.75,1
6845,SKU-BEA-006845,Matrix Skincare Model-846,Beauty & Care,Skincare,Matrix,405.78,544.29,1
6846,SKU-SPO-006846,Aura Fitness Gear Model-847,Sports & Outdoors,Fitness Gear,Aura,41.49,94.05,1
6847,SKU-SPO-006847,Titan Fitness Gear Model-848,Sports & Outdoors,Fitness Gear,Titan,300.44,603.18,1
6848,SKU-AUT-006848,Prism Tools & Equipment Model-849,Automotive,Tools & Equipment,Prism,438.69,629.78,1
6849,SKU-HOM-006849,Nova Storage Model-850,Home & Kitchen,Storage,Nova,335.87,716.31,1
6850,SKU-APP-006850,Nova Men's Clothing Model-851,Apparel,Men's Clothing,Nova,171.37,216.18,1
6851,SKU-APP-006851,Nova Footwear Model-852,Apparel,Footwear,Nova,289.94,686.43,1
6852,SKU-BEA-006852,Summit Skincare Model-853,Beauty & Care,Skincare,Summit,362.39,775.8,1
6853,SKU-GRO-006853,Apex Beverages Model-854,Grocery & Pantry,Beverages,Apex,149.89,199.35,1
6854,SKU-TOY-006854,Matrix Board Games Model-855,Toys & Games,Board Games,Matrix,78.79,103.07,1
6855,SKU-AUT-006855,Nova Interior Accessories Model-856,Automotive,Interior Accessories,Nova,260,406.32,1
6856,SKU-GRO-006856,Prism Breakfast Model-857,Grocery & Pantry,Breakfast,Prism,156.22,234.03,1
6857,SKU-BEA-006857,Vortex Fragrances Model-858,Beauty & Care,Fragrances,Vortex,133.24,242.67,1
6858,SKU-SPO-006858,Pulse Fitness Gear Model-859,Sports & Outdoors,Fitness Gear,Pulse,368.79,649.19,1
6859,SKU-SPO-006859,Sol Camping & Hiking Model-860,Sports & Outdoors,Camping & Hiking,Sol,129.51,283.64,1
6860,SKU-TOY-006860,Prism Puzzles Model-861,Toys & Games,Puzzles,Prism,370.46,764.58,1
6861,SKU-ELE-006861,Summit Smart Home Model-862,Electronics,Smart Home,Summit,408.46,851.57,1
6862,SKU-AUT-006862,Prism Car Care Model-863,Automotive,Car Care,Prism,249.42,401.61,1
6863,SKU-SPO-006863,Horizon Fitness Gear Model-864,Sports & Outdoors,Fitness Gear,Horizon,30.84,69.74,1
6864,SKU-TOY-006864,Lumina Puzzles Model-865,Toys & Games,Puzzles,Lumina,142.24,246.08,1
6865,SKU-AUT-006865,Titan Car Care Model-866,Automotive,Car Care,Titan,359.02,874.72,1
6866,SKU-ELE-006866,Apex Laptops Model-867,Electronics,Laptops,Apex,414.98,766.03,1
6867,SKU-AUT-006867,Apex Oils & Fluids Model-868,Automotive,Oils & Fluids,Apex,217.78,361.65,1
6868,SKU-BEA-006868,Zenith Skincare Model-869,Beauty & Care,Skincare,Zenith,134.24,220.15,1
6869,SKU-BEA-006869,Titan Haircare Model-870,Beauty & Care,Haircare,Titan,76.27,167.11,1
6870,SKU-HOM-006870,Apex Small Appliances Model-871,Home & Kitchen,Small Appliances,Apex,382.16,539.77,1
6871,SKU-AUT-006871,Sol Oils & Fluids Model-872,Automotive,Oils & Fluids,Sol,418.98,1031.81,1
6872,SKU-GRO-006872,Aura Canned Goods Model-873,Grocery & Pantry,Canned Goods,Aura,120.57,217.64,1
6873,SKU-ELE-006873,Sol Accessories Model-874,Electronics,Accessories,Sol,48.41,103.12,1
6874,SKU-AUT-006874,Horizon Interior Accessories Model-875,Automotive,Interior Accessories,Horizon,375.59,574,1
6875,SKU-BEA-006875,Matrix Personal Care Model-876,Beauty & Care,Personal Care,Matrix,237.44,551.44,1
6876,SKU-AUT-006876,Velocity Car Care Model-877,Automotive,Car Care,Velocity,97.5,228.31,1
6877,SKU-ELE-006877,Vortex Laptops Model-878,Electronics,Laptops,Vortex,145.35,313.88,1
6878,SKU-ELE-006878,Vortex Smartphones Model-879,Electronics,Smartphones,Vortex,409.89,924.71,1
6879,SKU-SPO-006879,Apex Fitness Gear Model-880,Sports & Outdoors,Fitness Gear,Apex,14.51,20.53,0
6880,SKU-ELE-006880,Summit Audio & Headphones Model-881,Electronics,Audio & Headphones,Summit,236.28,537.59,1
6881,SKU-APP-006881,Titan Women's Clothing Model-882,Apparel,Women's Clothing,Titan,58.36,94.19,1
6882,SKU-HOM-006882,Apex Small Appliances Model-883,Home & Kitchen,Small Appliances,Apex,259.2,622.44,0
6883,SKU-AUT-006883,Apex Oils & Fluids Model-884,Automotive,Oils & Fluids,Apex,365.83,794.24,1
6884,SKU-ELE-006884,Apex Wearables Model-885,Electronics,Wearables,Apex,48.66,89.5,1
6885,SKU-GRO-006885,Velocity Condiments Model-886,Grocery & Pantry,Condiments,Velocity,341.82,532.91,1
6886,SKU-TOY-006886,Velocity Action Figures Model-887,Toys & Games,Action Figures,Velocity,297.85,468.37,1
6887,SKU-HOM-006887,Titan Small Appliances Model-888,Home & Kitchen,Small Appliances,Titan,351,536.12,1
6888,SKU-GRO-006888,Sol Organic Foods Model-889,Grocery & Pantry,Organic Foods,Sol,345.08,726.12,1
6889,SKU-TOY-006889,Vortex Puzzles Model-890,Toys & Games,Puzzles,Vortex,249.21,362.15,0
6890,SKU-SPO-006890,Titan Team Sports Model-891,Sports & Outdoors,Team Sports,Titan,133.47,247.37,1
6891,SKU-AUT-006891,Velocity Oils & Fluids Model-892,Automotive,Oils & Fluids,Velocity,330.79,423.52,1
6892,SKU-HOM-006892,Pulse Cookware Model-893,Home & Kitchen,Cookware,Pulse,73.37,115.26,1
6893,SKU-SPO-006893,Echo Fitness Gear Model-894,Sports & Outdoors,Fitness Gear,Echo,226.59,313.7,1
6894,SKU-ELE-006894,Titan Wearables Model-895,Electronics,Wearables,Titan,196.92,345.69,1
6895,SKU-SPO-006895,Vortex Fitness Gear Model-896,Sports & Outdoors,Fitness Gear,Vortex,304.48,645.72,0
6896,SKU-AUT-006896,Lumina Oils & Fluids Model-897,Automotive,Oils & Fluids,Lumina,402.85,839.99,1
6897,SKU-ELE-006897,Prism Smartphones Model-898,Electronics,Smartphones,Prism,178.79,433.99,1
6898,SKU-TOY-006898,Apex Puzzles Model-899,Toys & Games,Puzzles,Apex,11.52,20.2,1
6899,SKU-GRO-006899,Summit Canned Goods Model-900,Grocery & Pantry,Canned Goods,Summit,17.73,23.65,1
6900,SKU-AUT-006900,Zenith Car Care Model-901,Automotive,Car Care,Zenith,294.82,652.37,1
6901,SKU-GRO-006901,Horizon Condiments Model-902,Grocery & Pantry,Condiments,Horizon,69.23,145.12,1
6902,SKU-BEA-006902,Pulse Personal Care Model-903,Beauty & Care,Personal Care,Pulse,324.29,696.29,1
6903,SKU-APP-006903,Velocity Outerwear Model-904,Apparel,Outerwear,Velocity,246.15,464,1
6904,SKU-TOY-006904,Titan Puzzles Model-905,Toys & Games,Puzzles,Titan,371.58,601.17,1
6905,SKU-TOY-006905,Titan Puzzles Model-906,Toys & Games,Puzzles,Titan,59.86,92.74,1
6906,SKU-BEA-006906,Vortex Personal Care Model-907,Beauty & Care,Personal Care,Vortex,202.58,350.43,1
6907,SKU-SPO-006907,Lumina Team Sports Model-908,Sports & Outdoors,Team Sports,Lumina,105.97,170.15,1
6908,SKU-GRO-006908,Prism Organic Foods Model-909,Grocery & Pantry,Organic Foods,Prism,86.88,126.96,1
6909,SKU-APP-006909,Prism Men's Clothing Model-910,Apparel,Men's Clothing,Prism,275.4,582.19,1
6910,SKU-HOM-006910,Prism Storage Model-911,Home & Kitchen,Storage,Prism,356.75,724.61,1
6911,SKU-BEA-006911,Echo Personal Care Model-912,Beauty & Care,Personal Care,Echo,211.81,267.74,1
6912,SKU-ELE-006912,Matrix Laptops Model-913,Electronics,Laptops,Matrix,112.8,211.42,1
6913,SKU-SPO-006913,Matrix Camping & Hiking Model-914,Sports & Outdoors,Camping & Hiking,Matrix,217.55,362.66,1
6914,SKU-APP-006914,Apex Outerwear Model-915,Apparel,Outerwear,Apex,160.03,214.53,1
6915,SKU-AUT-006915,Apex Car Care Model-916,Automotive,Car Care,Apex,110.9,221.98,1
6916,SKU-APP-006916,Echo Footwear Model-917,Apparel,Footwear,Echo,83.13,168.34,1
6917,SKU-APP-006917,Titan Men's Clothing Model-918,Apparel,Men's Clothing,Titan,109.17,230.85,1
6918,SKU-ELE-006918,Sol Accessories Model-919,Electronics,Accessories,Sol,75.39,126.14,1
6919,SKU-ELE-006919,Summit Smart Home Model-920,Electronics,Smart Home,Summit,148.52,342.84,1
6920,SKU-SPO-006920,Velocity Cycling Model-921,Sports & Outdoors,Cycling,Velocity,184.87,404.69,1
6921,SKU-HOM-006921,Zenith Small Appliances Model-922,Home & Kitchen,Small Appliances,Zenith,406.87,780.16,1
6922,SKU-SPO-006922,Zenith Cycling Model-923,Sports & Outdoors,Cycling,Zenith,407.93,663.57,1
6923,SKU-GRO-006923,Sol Organic Foods Model-924,Grocery & Pantry,Organic Foods,Sol,210.04,305.69,1
6924,SKU-TOY-006924,Prism Outdoor Toys Model-925,Toys & Games,Outdoor Toys,Prism,16.07,36.4,1
6925,SKU-SPO-006925,Summit Water Sports Model-926,Sports & Outdoors,Water Sports,Summit,363.13,629.72,1
6926,SKU-TOY-006926,Matrix Educational Toys Model-927,Toys & Games,Educational Toys,Matrix,426.66,891.43,1
6927,SKU-BEA-006927,Zenith Fragrances Model-928,Beauty & Care,Fragrances,Zenith,174.08,264.51,1
6928,SKU-HOM-006928,Zenith Cookware Model-929,Home & Kitchen,Cookware,Zenith,261.22,566.33,1
6929,SKU-HOM-006929,Lumina Bedding Model-930,Home & Kitchen,Bedding,Lumina,105.08,202.62,1
6930,SKU-TOY-006930,Prism Educational Toys Model-931,Toys & Games,Educational Toys,Prism,106.54,203.86,1
6931,SKU-SPO-006931,Nova Fitness Gear Model-932,Sports & Outdoors,Fitness Gear,Nova,70.76,149.18,1
6932,SKU-APP-006932,Lumina Women's Clothing Model-933,Apparel,Women's Clothing,Lumina,231.81,568.91,1
6933,SKU-AUT-006933,Horizon Car Care Model-934,Automotive,Car Care,Horizon,286.55,638.51,1
6934,SKU-ELE-006934,Nova Smartphones Model-935,Electronics,Smartphones,Nova,271.69,379.18,0
6935,SKU-BEA-006935,Titan Fragrances Model-936,Beauty & Care,Fragrances,Titan,434,709.24,1
6936,SKU-APP-006936,Aura Outerwear Model-937,Apparel,Outerwear,Aura,18.14,34.19,1
6937,SKU-AUT-006937,Lumina Tools & Equipment Model-938,Automotive,Tools & Equipment,Lumina,336.17,546.98,1
6938,SKU-APP-006938,Horizon Footwear Model-939,Apparel,Footwear,Horizon,167.86,246.64,1
6939,SKU-HOM-006939,Velocity Small Appliances Model-940,Home & Kitchen,Small Appliances,Velocity,281.07,693.82,1
6940,SKU-APP-006940,Apex Outerwear Model-941,Apparel,Outerwear,Apex,211.21,473.79,1
6941,SKU-ELE-006941,Echo Wearables Model-942,Electronics,Wearables,Echo,296.73,738.25,1
6942,SKU-AUT-006942,Matrix Car Care Model-943,Automotive,Car Care,Matrix,411.68,592.69,1
6943,SKU-AUT-006943,Aura Tools & Equipment Model-944,Automotive,Tools & Equipment,Aura,194.96,390.19,1
6944,SKU-APP-006944,Nova Outerwear Model-945,Apparel,Outerwear,Nova,86.94,188.56,1
6945,SKU-ELE-006945,Horizon Audio & Headphones Model-946,Electronics,Audio & Headphones,Horizon,366.98,526.36,1
6946,SKU-BEA-006946,Horizon Fragrances Model-947,Beauty & Care,Fragrances,Horizon,366.78,778.59,1
6947,SKU-HOM-006947,Horizon Decor Model-948,Home & Kitchen,Decor,Horizon,429.65,887.21,1
6948,SKU-AUT-006948,Velocity Interior Accessories Model-949,Automotive,Interior Accessories,Velocity,84.77,179.24,1
6949,SKU-BEA-006949,Apex Haircare Model-950,Beauty & Care,Haircare,Apex,445.91,754.52,1
6950,SKU-HOM-006950,Horizon Cookware Model-951,Home & Kitchen,Cookware,Horizon,126.61,169.49,1
6951,SKU-APP-006951,Aura Men's Clothing Model-952,Apparel,Men's Clothing,Aura,412.44,993.33,1
6952,SKU-SPO-006952,Echo Team Sports Model-953,Sports & Outdoors,Team Sports,Echo,423.62,983.17,1
6953,SKU-APP-006953,Horizon Men's Clothing Model-954,Apparel,Men's Clothing,Horizon,370.47,721.27,1
6954,SKU-SPO-006954,Echo Team Sports Model-955,Sports & Outdoors,Team Sports,Echo,179.57,297.7,1
6955,SKU-GRO-006955,Prism Beverages Model-956,Grocery & Pantry,Beverages,Prism,401.73,903.23,1
6956,SKU-AUT-006956,Pulse Tools & Equipment Model-957,Automotive,Tools & Equipment,Pulse,144.95,211.95,1
6957,SKU-AUT-006957,Echo Oils & Fluids Model-958,Automotive,Oils & Fluids,Echo,105.14,184.69,1
6958,SKU-APP-006958,Aura Outerwear Model-959,Apparel,Outerwear,Aura,112.07,149.09,1
6959,SKU-SPO-006959,Nova Water Sports Model-960,Sports & Outdoors,Water Sports,Nova,82.43,183.82,1
6960,SKU-ELE-006960,Apex Smartphones Model-961,Electronics,Smartphones,Apex,122.28,211.79,1
6961,SKU-APP-006961,Sol Footwear Model-962,Apparel,Footwear,Sol,447.49,721.56,1
6962,SKU-AUT-006962,Matrix Oils & Fluids Model-963,Automotive,Oils & Fluids,Matrix,448.65,1054.47,1
6963,SKU-GRO-006963,Summit Condiments Model-964,Grocery & Pantry,Condiments,Summit,232.18,551.22,1
6964,SKU-AUT-006964,Prism Interior Accessories Model-965,Automotive,Interior Accessories,Prism,196.55,277.71,1
6965,SKU-APP-006965,Horizon Outerwear Model-966,Apparel,Outerwear,Horizon,407.52,685.35,1
6966,SKU-AUT-006966,Nova Interior Accessories Model-967,Automotive,Interior Accessories,Nova,298.34,731.68,1
6967,SKU-AUT-006967,Aura Oils & Fluids Model-968,Automotive,Oils & Fluids,Aura,405.37,844.37,1
6968,SKU-BEA-006968,Matrix Fragrances Model-969,Beauty & Care,Fragrances,Matrix,57.16,91.07,1
6969,SKU-APP-006969,Pulse Footwear Model-970,Apparel,Footwear,Pulse,211.81,322.33,1
6970,SKU-TOY-006970,Titan Puzzles Model-971,Toys & Games,Puzzles,Titan,427.62,729.75,1
6971,SKU-HOM-006971,Lumina Bedding Model-972,Home & Kitchen,Bedding,Lumina,62.93,91.49,1
6972,SKU-SPO-006972,Apex Camping & Hiking Model-973,Sports & Outdoors,Camping & Hiking,Apex,335.67,431.03,0
6973,SKU-APP-006973,Prism Sportswear Model-974,Apparel,Sportswear,Prism,326.79,457.65,1
6974,SKU-TOY-006974,Echo Puzzles Model-975,Toys & Games,Puzzles,Echo,129.63,297.46,1
6975,SKU-BEA-006975,Pulse Skincare Model-976,Beauty & Care,Skincare,Pulse,74.24,117.65,1
6976,SKU-APP-006976,Matrix Outerwear Model-977,Apparel,Outerwear,Matrix,138.67,304.03,1
6977,SKU-ELE-006977,Summit Wearables Model-978,Electronics,Wearables,Summit,153.92,207.38,1
6978,SKU-ELE-006978,Lumina Audio & Headphones Model-979,Electronics,Audio & Headphones,Lumina,294.24,408.43,1
6979,SKU-TOY-006979,Summit Board Games Model-980,Toys & Games,Board Games,Summit,410.23,552.15,1
6980,SKU-TOY-006980,Sol Educational Toys Model-981,Toys & Games,Educational Toys,Sol,69.92,99.26,1
6981,SKU-SPO-006981,Summit Water Sports Model-982,Sports & Outdoors,Water Sports,Summit,100.39,233.85,1
6982,SKU-APP-006982,Matrix Footwear Model-983,Apparel,Footwear,Matrix,288.39,527.32,1
6983,SKU-APP-006983,Summit Outerwear Model-984,Apparel,Outerwear,Summit,170.3,376.76,1
6984,SKU-ELE-006984,Horizon Smart Home Model-985,Electronics,Smart Home,Horizon,24.35,31.27,1
6985,SKU-TOY-006985,Sol Board Games Model-986,Toys & Games,Board Games,Sol,153.06,257.28,0
6986,SKU-ELE-006986,Lumina Smartphones Model-987,Electronics,Smartphones,Lumina,57.86,114.89,1
6987,SKU-ELE-006987,Horizon Smart Home Model-988,Electronics,Smart Home,Horizon,27.44,58.45,1
6988,SKU-HOM-006988,Zenith Furniture Model-989,Home & Kitchen,Furniture,Zenith,214.19,282.73,0
6989,SKU-AUT-006989,Lumina Tools & Equipment Model-990,Automotive,Tools & Equipment,Lumina,105.91,136.49,1
6990,SKU-HOM-006990,Pulse Small Appliances Model-991,Home & Kitchen,Small Appliances,Pulse,172.53,422.41,1
6991,SKU-TOY-006991,Horizon Action Figures Model-992,Toys & Games,Action Figures,Horizon,350.69,847.18,0
6992,SKU-BEA-006992,Velocity Personal Care Model-993,Beauty & Care,Personal Care,Velocity,51.9,128.7,1
6993,SKU-AUT-006993,Titan Oils & Fluids Model-994,Automotive,Oils & Fluids,Titan,22.01,40.1,1
6994,SKU-HOM-006994,Lumina Decor Model-995,Home & Kitchen,Decor,Lumina,74.87,108.04,1
6995,SKU-AUT-006995,Echo Car Care Model-996,Automotive,Car Care,Echo,5.46,12.5,1
6996,SKU-ELE-006996,Matrix Accessories Model-997,Electronics,Accessories,Matrix,431.01,833.99,1
6997,SKU-TOY-006997,Matrix Outdoor Toys Model-998,Toys & Games,Outdoor Toys,Matrix,431.07,853.73,1
6998,SKU-ELE-006998,Titan Accessories Model-999,Electronics,Accessories,Titan,394.49,782.18,1
6999,SKU-APP-006999,Zenith Outerwear Model-1000,Apparel,Outerwear,Zenith,382.98,927.55,1
7000,SKU-HOM-007000,Zenith Bedding Model-001,Home & Kitchen,Bedding,Zenith,40.78,70.05,1
7001,SKU-SPO-007001,Prism Cycling Model-002,Sports & Outdoors,Cycling,Prism,359.62,850.06,1
7002,SKU-APP-007002,Summit Women's Clothing Model-003,Apparel,Women's Clothing,Summit,184.21,450.03,1
7003,SKU-GRO-007003,Pulse Condiments Model-004,Grocery & Pantry,Condiments,Pulse,211.06,479.91,0
7004,SKU-APP-007004,Horizon Sportswear Model-005,Apparel,Sportswear,Horizon,103,209.66,1
7005,SKU-TOY-007005,Vortex Action Figures Model-006,Toys & Games,Action Figures,Vortex,278.52,586.08,1
7006,SKU-HOM-007006,Apex Furniture Model-007,Home & Kitchen,Furniture,Apex,403.6,527.32,1
7007,SKU-APP-007007,Aura Sportswear Model-008,Apparel,Sportswear,Aura,194.22,470.68,1
7008,SKU-AUT-007008,Echo Interior Accessories Model-009,Automotive,Interior Accessories,Echo,57.42,75.31,1
7009,SKU-BEA-007009,Horizon Cosmetics Model-010,Beauty & Care,Cosmetics,Horizon,11.26,20.81,1
7010,SKU-BEA-007010,Pulse Haircare Model-011,Beauty & Care,Haircare,Pulse,346.43,832.08,1
7011,SKU-ELE-007011,Matrix Accessories Model-012,Electronics,Accessories,Matrix,40.96,66.72,1
7012,SKU-BEA-007012,Pulse Fragrances Model-013,Beauty & Care,Fragrances,Pulse,32.23,57.97,1
7013,SKU-AUT-007013,Vortex Oils & Fluids Model-014,Automotive,Oils & Fluids,Vortex,5.25,9.55,1
7014,SKU-GRO-007014,Lumina Beverages Model-015,Grocery & Pantry,Beverages,Lumina,449,991.57,1
7015,SKU-HOM-007015,Matrix Small Appliances Model-016,Home & Kitchen,Small Appliances,Matrix,431.35,593.13,1
7016,SKU-BEA-007016,Titan Fragrances Model-017,Beauty & Care,Fragrances,Titan,35.5,51.45,1
7017,SKU-GRO-007017,Apex Canned Goods Model-018,Grocery & Pantry,Canned Goods,Apex,283.21,573.64,1
7018,SKU-TOY-007018,Summit Educational Toys Model-019,Toys & Games,Educational Toys,Summit,429.08,607.14,0
7019,SKU-ELE-007019,Horizon Smartphones Model-020,Electronics,Smartphones,Horizon,9.3,16.76,1
7020,SKU-HOM-007020,Echo Cookware Model-021,Home & Kitchen,Cookware,Echo,307.87,608.87,1
7021,SKU-HOM-007021,Nova Bedding Model-022,Home & Kitchen,Bedding,Nova,421.07,846.34,1
7022,SKU-HOM-007022,Echo Small Appliances Model-023,Home & Kitchen,Small Appliances,Echo,356.64,852.31,0
7023,SKU-AUT-007023,Velocity Tools & Equipment Model-024,Automotive,Tools & Equipment,Velocity,150.42,351.59,1
7024,SKU-ELE-007024,Echo Laptops Model-025,Electronics,Laptops,Echo,176.58,365.77,1
7025,SKU-AUT-007025,Velocity Car Care Model-026,Automotive,Car Care,Velocity,183.92,338.44,1
7026,SKU-AUT-007026,Sol Car Care Model-027,Automotive,Car Care,Sol,28.91,54.38,1
7027,SKU-SPO-007027,Aura Water Sports Model-028,Sports & Outdoors,Water Sports,Aura,407.95,850.07,1
7028,SKU-GRO-007028,Lumina Condiments Model-029,Grocery & Pantry,Condiments,Lumina,212.08,433.81,1
7029,SKU-HOM-007029,Echo Small Appliances Model-030,Home & Kitchen,Small Appliances,Echo,325.18,430.2,1
7030,SKU-AUT-007030,Echo Tools & Equipment Model-031,Automotive,Tools & Equipment,Echo,268.45,553.67,1
7031,SKU-APP-007031,Apex Footwear Model-032,Apparel,Footwear,Apex,89.12,151.73,1
7032,SKU-TOY-007032,Nova Outdoor Toys Model-033,Toys & Games,Outdoor Toys,Nova,425.71,549.43,1
7033,SKU-SPO-007033,Pulse Cycling Model-034,Sports & Outdoors,Cycling,Pulse,410.56,832.35,1
7034,SKU-HOM-007034,Velocity Decor Model-035,Home & Kitchen,Decor,Velocity,365.69,832.98,1
7035,SKU-TOY-007035,Nova Educational Toys Model-036,Toys & Games,Educational Toys,Nova,108.86,270.16,1
7036,SKU-APP-007036,Pulse Sportswear Model-037,Apparel,Sportswear,Pulse,125.2,238.18,1
7037,SKU-TOY-007037,Vortex Educational Toys Model-038,Toys & Games,Educational Toys,Vortex,270.72,603.69,1
7038,SKU-HOM-007038,Matrix Storage Model-039,Home & Kitchen,Storage,Matrix,63.89,123.03,1
7039,SKU-BEA-007039,Pulse Cosmetics Model-040,Beauty & Care,Cosmetics,Pulse,394.14,541.53,1
7040,SKU-GRO-007040,Sol Organic Foods Model-041,Grocery & Pantry,Organic Foods,Sol,434.38,871.64,1
7041,SKU-APP-007041,Aura Outerwear Model-042,Apparel,Outerwear,Aura,34.97,59.78,1
7042,SKU-BEA-007042,Vortex Cosmetics Model-043,Beauty & Care,Cosmetics,Vortex,53.83,107.43,1
7043,SKU-TOY-007043,Zenith Outdoor Toys Model-044,Toys & Games,Outdoor Toys,Zenith,233.41,464.2,1
7044,SKU-BEA-007044,Apex Cosmetics Model-045,Beauty & Care,Cosmetics,Apex,135.71,187.8,1
7045,SKU-APP-007045,Zenith Accessories Model-046,Apparel,Accessories,Zenith,60.74,77.12,1
7046,SKU-TOY-007046,Echo Educational Toys Model-047,Toys & Games,Educational Toys,Echo,36.99,72.04,1
7047,SKU-BEA-007047,Sol Fragrances Model-048,Beauty & Care,Fragrances,Sol,240.27,564.94,1
7048,SKU-BEA-007048,Apex Haircare Model-049,Beauty & Care,Haircare,Apex,248.24,567.44,1
7049,SKU-SPO-007049,Titan Cycling Model-050,Sports & Outdoors,Cycling,Titan,300.59,593.72,1
7050,SKU-BEA-007050,Pulse Fragrances Model-051,Beauty & Care,Fragrances,Pulse,66.21,136.1,1
7051,SKU-APP-007051,Prism Footwear Model-052,Apparel,Footwear,Prism,384.34,923.92,1
7052,SKU-BEA-007052,Lumina Fragrances Model-053,Beauty & Care,Fragrances,Lumina,385.35,504.76,1
7053,SKU-SPO-007053,Vortex Fitness Gear Model-054,Sports & Outdoors,Fitness Gear,Vortex,434.48,923.98,1
7054,SKU-ELE-007054,Vortex Laptops Model-055,Electronics,Laptops,Vortex,328.26,521.69,1
7055,SKU-TOY-007055,Prism Puzzles Model-056,Toys & Games,Puzzles,Prism,176.78,247.32,1
7056,SKU-SPO-007056,Matrix Team Sports Model-057,Sports & Outdoors,Team Sports,Matrix,245.58,481.91,1
7057,SKU-BEA-007057,Echo Personal Care Model-058,Beauty & Care,Personal Care,Echo,243.5,462.85,1
7058,SKU-TOY-007058,Sol Puzzles Model-059,Toys & Games,Puzzles,Sol,70.8,102.47,1
7059,SKU-GRO-007059,Velocity Canned Goods Model-060,Grocery & Pantry,Canned Goods,Velocity,33.98,53.27,1
7060,SKU-SPO-007060,Lumina Team Sports Model-061,Sports & Outdoors,Team Sports,Lumina,311.27,670.61,1
7061,SKU-AUT-007061,Horizon Interior Accessories Model-062,Automotive,Interior Accessories,Horizon,441.6,662.11,1
7062,SKU-GRO-007062,Apex Snacks Model-063,Grocery & Pantry,Snacks,Apex,136.02,242.55,1
7063,SKU-AUT-007063,Horizon Tools & Equipment Model-064,Automotive,Tools & Equipment,Horizon,296.34,554.79,1
7064,SKU-APP-007064,Sol Sportswear Model-065,Apparel,Sportswear,Sol,217.23,358.39,1
7065,SKU-GRO-007065,Pulse Organic Foods Model-066,Grocery & Pantry,Organic Foods,Pulse,323.77,663.1,1
7066,SKU-ELE-007066,Summit Laptops Model-067,Electronics,Laptops,Summit,216.46,376.35,1
7067,SKU-GRO-007067,Horizon Organic Foods Model-068,Grocery & Pantry,Organic Foods,Horizon,433.72,1003.96,1
7068,SKU-GRO-007068,Velocity Canned Goods Model-069,Grocery & Pantry,Canned Goods,Velocity,291,402.13,0
7069,SKU-SPO-007069,Horizon Water Sports Model-070,Sports & Outdoors,Water Sports,Horizon,440.23,918.03,1
7070,SKU-APP-007070,Titan Women's Clothing Model-071,Apparel,Women's Clothing,Titan,155.9,234.16,1
7071,SKU-SPO-007071,Vortex Water Sports Model-072,Sports & Outdoors,Water Sports,Vortex,14.63,28.17,1
7072,SKU-BEA-007072,Horizon Personal Care Model-073,Beauty & Care,Personal Care,Horizon,289.12,400.31,1
7073,SKU-GRO-007073,Summit Condiments Model-074,Grocery & Pantry,Condiments,Summit,172.31,268.27,1
7074,SKU-APP-007074,Pulse Sportswear Model-075,Apparel,Sportswear,Pulse,247.46,356.64,1
7075,SKU-HOM-007075,Zenith Small Appliances Model-076,Home & Kitchen,Small Appliances,Zenith,389.28,941.61,1
7076,SKU-BEA-007076,Prism Cosmetics Model-077,Beauty & Care,Cosmetics,Prism,248.86,360.81,1
7077,SKU-BEA-007077,Pulse Haircare Model-078,Beauty & Care,Haircare,Pulse,8.87,13.22,1
7078,SKU-SPO-007078,Aura Fitness Gear Model-079,Sports & Outdoors,Fitness Gear,Aura,414.71,612.58,1
7079,SKU-SPO-007079,Nova Water Sports Model-080,Sports & Outdoors,Water Sports,Nova,91.06,130.94,1
7080,SKU-HOM-007080,Nova Small Appliances Model-081,Home & Kitchen,Small Appliances,Nova,149.01,265.97,1
7081,SKU-TOY-007081,Pulse Outdoor Toys Model-082,Toys & Games,Outdoor Toys,Pulse,218.96,425.39,1
7082,SKU-GRO-007082,Pulse Breakfast Model-083,Grocery & Pantry,Breakfast,Pulse,281.39,381.29,1
7083,SKU-ELE-007083,Echo Smart Home Model-084,Electronics,Smart Home,Echo,371.9,919.84,1
7084,SKU-BEA-007084,Pulse Cosmetics Model-085,Beauty & Care,Cosmetics,Pulse,113.44,256.87,1
7085,SKU-HOM-007085,Matrix Furniture Model-086,Home & Kitchen,Furniture,Matrix,408.79,958.22,1
7086,SKU-GRO-007086,Prism Breakfast Model-087,Grocery & Pantry,Breakfast,Prism,39.73,86.4,1
7087,SKU-HOM-007087,Velocity Furniture Model-088,Home & Kitchen,Furniture,Velocity,73.45,110.35,1
7088,SKU-AUT-007088,Pulse Oils & Fluids Model-089,Automotive,Oils & Fluids,Pulse,68.24,143.66,1
7089,SKU-SPO-007089,Vortex Team Sports Model-090,Sports & Outdoors,Team Sports,Vortex,289.55,363.14,1
7090,SKU-GRO-007090,Prism Canned Goods Model-091,Grocery & Pantry,Canned Goods,Prism,161.13,321.23,1
7091,SKU-AUT-007091,Vortex Tools & Equipment Model-092,Automotive,Tools & Equipment,Vortex,307.97,539.92,0
7092,SKU-GRO-007092,Apex Organic Foods Model-093,Grocery & Pantry,Organic Foods,Apex,58.21,102.82,1
7093,SKU-APP-007093,Zenith Accessories Model-094,Apparel,Accessories,Zenith,190.26,394.27,1
7094,SKU-TOY-007094,Summit Educational Toys Model-095,Toys & Games,Educational Toys,Summit,32.99,58.79,1
7095,SKU-ELE-007095,Summit Smart Home Model-096,Electronics,Smart Home,Summit,52.67,80.56,1
7096,SKU-ELE-007096,Nova Smart Home Model-097,Electronics,Smart Home,Nova,128.68,320.58,1
7097,SKU-BEA-007097,Summit Haircare Model-098,Beauty & Care,Haircare,Summit,330.98,551.21,1
7098,SKU-APP-007098,Echo Footwear Model-099,Apparel,Footwear,Echo,284.45,613.39,1
7099,SKU-AUT-007099,Prism Tools & Equipment Model-100,Automotive,Tools & Equipment,Prism,424.85,815.89,1
7100,SKU-TOY-007100,Matrix Puzzles Model-101,Toys & Games,Puzzles,Matrix,73.94,155.24,1
7101,SKU-TOY-007101,Prism Outdoor Toys Model-102,Toys & Games,Outdoor Toys,Prism,115.51,183.33,1
7102,SKU-APP-007102,Aura Sportswear Model-103,Apparel,Sportswear,Aura,65.47,105.2,1
7103,SKU-ELE-007103,Vortex Smart Home Model-104,Electronics,Smart Home,Vortex,356.96,667.07,1
7104,SKU-GRO-007104,Pulse Canned Goods Model-105,Grocery & Pantry,Canned Goods,Pulse,222.04,476.11,1
7105,SKU-ELE-007105,Aura Accessories Model-106,Electronics,Accessories,Aura,137.39,266.91,1
7106,SKU-GRO-007106,Matrix Breakfast Model-107,Grocery & Pantry,Breakfast,Matrix,123.53,196.33,1
7107,SKU-BEA-007107,Pulse Personal Care Model-108,Beauty & Care,Personal Care,Pulse,38.5,71.03,1
7108,SKU-AUT-007108,Zenith Interior Accessories Model-109,Automotive,Interior Accessories,Zenith,54.59,135.3,1
7109,SKU-APP-007109,Matrix Outerwear Model-110,Apparel,Outerwear,Matrix,320.29,565.91,1
7110,SKU-SPO-007110,Echo Water Sports Model-111,Sports & Outdoors,Water Sports,Echo,352.36,619.95,1
7111,SKU-APP-007111,Lumina Women's Clothing Model-112,Apparel,Women's Clothing,Lumina,107.4,195.97,1
7112,SKU-BEA-007112,Horizon Skincare Model-113,Beauty & Care,Skincare,Horizon,120.88,282.38,1
7113,SKU-HOM-007113,Aura Storage Model-114,Home & Kitchen,Storage,Aura,272.26,653.32,1
7114,SKU-AUT-007114,Echo Tools & Equipment Model-115,Automotive,Tools & Equipment,Echo,340.32,531.1,1
7115,SKU-AUT-007115,Zenith Oils & Fluids Model-116,Automotive,Oils & Fluids,Zenith,179.17,330.51,1
7116,SKU-SPO-007116,Horizon Cycling Model-117,Sports & Outdoors,Cycling,Horizon,157.3,219.88,1
7117,SKU-AUT-007117,Prism Oils & Fluids Model-118,Automotive,Oils & Fluids,Prism,300.49,450.67,1
7118,SKU-GRO-007118,Velocity Breakfast Model-119,Grocery & Pantry,Breakfast,Velocity,314.12,423.94,1
7119,SKU-GRO-007119,Echo Snacks Model-120,Grocery & Pantry,Snacks,Echo,179.94,247.74,1
7120,SKU-TOY-007120,Velocity Board Games Model-121,Toys & Games,Board Games,Velocity,43.97,79,1
7121,SKU-TOY-007121,Velocity Action Figures Model-122,Toys & Games,Action Figures,Velocity,5.23,9.17,1
7122,SKU-AUT-007122,Nova Car Care Model-123,Automotive,Car Care,Nova,250.63,378.51,1
7123,SKU-GRO-007123,Sol Organic Foods Model-124,Grocery & Pantry,Organic Foods,Sol,431.98,643.75,1
7124,SKU-TOY-007124,Pulse Outdoor Toys Model-125,Toys & Games,Outdoor Toys,Pulse,276.07,606.16,1
7125,SKU-ELE-007125,Zenith Smartphones Model-126,Electronics,Smartphones,Zenith,164.22,240.05,1
7126,SKU-BEA-007126,Echo Personal Care Model-127,Beauty & Care,Personal Care,Echo,15.56,23.02,1
7127,SKU-ELE-007127,Apex Wearables Model-128,Electronics,Wearables,Apex,167.3,336.76,0
7128,SKU-BEA-007128,Horizon Fragrances Model-129,Beauty & Care,Fragrances,Horizon,7.49,15.44,1
7129,SKU-GRO-007129,Pulse Breakfast Model-130,Grocery & Pantry,Breakfast,Pulse,148.17,214.03,1
7130,SKU-SPO-007130,Lumina Team Sports Model-131,Sports & Outdoors,Team Sports,Lumina,425.85,691.97,1
7131,SKU-HOM-007131,Apex Storage Model-132,Home & Kitchen,Storage,Apex,112.3,210.3,1
7132,SKU-SPO-007132,Nova Team Sports Model-133,Sports & Outdoors,Team Sports,Nova,370.86,803.58,1
7133,SKU-AUT-007133,Zenith Oils & Fluids Model-134,Automotive,Oils & Fluids,Zenith,90.76,196.92,1
7134,SKU-SPO-007134,Velocity Team Sports Model-135,Sports & Outdoors,Team Sports,Velocity,35.77,62.91,1
7135,SKU-AUT-007135,Pulse Oils & Fluids Model-136,Automotive,Oils & Fluids,Pulse,78.98,121.28,1
7136,SKU-APP-007136,Velocity Women's Clothing Model-137,Apparel,Women's Clothing,Velocity,245.71,322.57,1
7137,SKU-AUT-007137,Vortex Car Care Model-138,Automotive,Car Care,Vortex,320.51,597.89,1
7138,SKU-ELE-007138,Nova Smart Home Model-139,Electronics,Smart Home,Nova,350.69,818.22,1
7139,SKU-AUT-007139,Prism Interior Accessories Model-140,Automotive,Interior Accessories,Prism,71.29,172.4,1
7140,SKU-ELE-007140,Sol Audio & Headphones Model-141,Electronics,Audio & Headphones,Sol,111.82,213.81,1
7141,SKU-SPO-007141,Prism Camping & Hiking Model-142,Sports & Outdoors,Camping & Hiking,Prism,92.21,157.77,1
7142,SKU-GRO-007142,Pulse Breakfast Model-143,Grocery & Pantry,Breakfast,Pulse,225.8,505.04,0
7143,SKU-TOY-007143,Echo Action Figures Model-144,Toys & Games,Action Figures,Echo,443.52,842.73,1
7144,SKU-BEA-007144,Horizon Haircare Model-145,Beauty & Care,Haircare,Horizon,412.05,972.13,1
7145,SKU-TOY-007145,Matrix Educational Toys Model-146,Toys & Games,Educational Toys,Matrix,75.06,166.22,1
7146,SKU-BEA-007146,Velocity Skincare Model-147,Beauty & Care,Skincare,Velocity,271.78,547.51,1
7147,SKU-APP-007147,Apex Women's Clothing Model-148,Apparel,Women's Clothing,Apex,315.58,761.1,1
7148,SKU-SPO-007148,Echo Fitness Gear Model-149,Sports & Outdoors,Fitness Gear,Echo,107.67,208.36,1
7149,SKU-APP-007149,Summit Men's Clothing Model-150,Apparel,Men's Clothing,Summit,174.23,257.51,1
7150,SKU-ELE-007150,Summit Accessories Model-151,Electronics,Accessories,Summit,408.39,717.44,1
7151,SKU-GRO-007151,Sol Snacks Model-152,Grocery & Pantry,Snacks,Sol,221.91,443.74,1
7152,SKU-HOM-007152,Sol Cookware Model-153,Home & Kitchen,Cookware,Sol,295.12,718.87,1
7153,SKU-HOM-007153,Lumina Cookware Model-154,Home & Kitchen,Cookware,Lumina,326.9,755.43,1
7154,SKU-HOM-007154,Sol Storage Model-155,Home & Kitchen,Storage,Sol,168.83,378.47,1
7155,SKU-SPO-007155,Nova Water Sports Model-156,Sports & Outdoors,Water Sports,Nova,206.56,485.18,0
7156,SKU-TOY-007156,Echo Puzzles Model-157,Toys & Games,Puzzles,Echo,416.08,631.38,1
7157,SKU-APP-007157,Velocity Men's Clothing Model-158,Apparel,Men's Clothing,Velocity,347.35,830.08,1
7158,SKU-ELE-007158,Prism Laptops Model-159,Electronics,Laptops,Prism,156.14,243.66,1
7159,SKU-AUT-007159,Horizon Interior Accessories Model-160,Automotive,Interior Accessories,Horizon,35.8,48.63,1
7160,SKU-BEA-007160,Lumina Skincare Model-161,Beauty & Care,Skincare,Lumina,406.88,779.36,1
7161,SKU-AUT-007161,Velocity Interior Accessories Model-162,Automotive,Interior Accessories,Velocity,223.76,350.25,1
7162,SKU-AUT-007162,Lumina Interior Accessories Model-163,Automotive,Interior Accessories,Lumina,57.39,92.89,1
7163,SKU-TOY-007163,Horizon Puzzles Model-164,Toys & Games,Puzzles,Horizon,356.19,557.88,1
7164,SKU-APP-007164,Matrix Men's Clothing Model-165,Apparel,Men's Clothing,Matrix,381.63,562.02,1
7165,SKU-ELE-007165,Sol Smartphones Model-166,Electronics,Smartphones,Sol,300.41,410.12,1
7166,SKU-SPO-007166,Aura Fitness Gear Model-167,Sports & Outdoors,Fitness Gear,Aura,337.87,556.99,1
7167,SKU-ELE-007167,Nova Laptops Model-168,Electronics,Laptops,Nova,388.84,770.79,1
7168,SKU-TOY-007168,Summit Puzzles Model-169,Toys & Games,Puzzles,Summit,47.26,97.89,1
7169,SKU-ELE-007169,Zenith Smartphones Model-170,Electronics,Smartphones,Zenith,361.53,824.85,1
7170,SKU-SPO-007170,Matrix Camping & Hiking Model-171,Sports & Outdoors,Camping & Hiking,Matrix,96.23,220.77,1
7171,SKU-ELE-007171,Lumina Wearables Model-172,Electronics,Wearables,Lumina,449.24,806.76,1
7172,SKU-APP-007172,Horizon Outerwear Model-173,Apparel,Outerwear,Horizon,94.18,230.19,1
7173,SKU-TOY-007173,Velocity Puzzles Model-174,Toys & Games,Puzzles,Velocity,413.58,528.11,1
7174,SKU-HOM-007174,Matrix Furniture Model-175,Home & Kitchen,Furniture,Matrix,277.11,467.38,1
7175,SKU-APP-007175,Sol Men's Clothing Model-176,Apparel,Men's Clothing,Sol,150.4,359.33,1
7176,SKU-ELE-007176,Pulse Wearables Model-177,Electronics,Wearables,Pulse,167,209.95,1
7177,SKU-AUT-007177,Apex Car Care Model-178,Automotive,Car Care,Apex,336.67,483.35,1
7178,SKU-AUT-007178,Titan Car Care Model-179,Automotive,Car Care,Titan,319.39,400.2,1
7179,SKU-HOM-007179,Summit Cookware Model-180,Home & Kitchen,Cookware,Summit,269.76,355.55,1
7180,SKU-APP-007180,Horizon Sportswear Model-181,Apparel,Sportswear,Horizon,141.85,235.99,1
7181,SKU-APP-007181,Nova Footwear Model-182,Apparel,Footwear,Nova,398.95,744.06,1
7182,SKU-SPO-007182,Apex Fitness Gear Model-183,Sports & Outdoors,Fitness Gear,Apex,184.31,429.02,1
7183,SKU-HOM-007183,Vortex Furniture Model-184,Home & Kitchen,Furniture,Vortex,69.06,86.46,1
7184,SKU-HOM-007184,Horizon Cookware Model-185,Home & Kitchen,Cookware,Horizon,24.66,37.78,1
7185,SKU-HOM-007185,Aura Furniture Model-186,Home & Kitchen,Furniture,Aura,240.47,457.54,1
7186,SKU-SPO-007186,Prism Water Sports Model-187,Sports & Outdoors,Water Sports,Prism,424.2,727.54,1
7187,SKU-APP-007187,Nova Accessories Model-188,Apparel,Accessories,Nova,406.26,666.71,1
7188,SKU-AUT-007188,Lumina Oils & Fluids Model-189,Automotive,Oils & Fluids,Lumina,362.9,474.27,1
7189,SKU-TOY-007189,Matrix Board Games Model-190,Toys & Games,Board Games,Matrix,97.95,150.52,1
7190,SKU-SPO-007190,Titan Cycling Model-191,Sports & Outdoors,Cycling,Titan,219.35,381.74,1
7191,SKU-APP-007191,Echo Sportswear Model-192,Apparel,Sportswear,Echo,378.27,807.08,1
7192,SKU-SPO-007192,Apex Water Sports Model-193,Sports & Outdoors,Water Sports,Apex,347.69,682.99,1
7193,SKU-HOM-007193,Horizon Cookware Model-194,Home & Kitchen,Cookware,Horizon,208.33,363.62,1
7194,SKU-BEA-007194,Nova Haircare Model-195,Beauty & Care,Haircare,Nova,31.24,75.4,1
7195,SKU-ELE-007195,Titan Smart Home Model-196,Electronics,Smart Home,Titan,129.39,295.17,1
7196,SKU-SPO-007196,Nova Team Sports Model-197,Sports & Outdoors,Team Sports,Nova,197.66,412.17,1
7197,SKU-APP-007197,Pulse Accessories Model-198,Apparel,Accessories,Pulse,213.89,510.21,1
7198,SKU-AUT-007198,Apex Car Care Model-199,Automotive,Car Care,Apex,228.79,378.86,1
7199,SKU-ELE-007199,Lumina Smart Home Model-200,Electronics,Smart Home,Lumina,228.16,391.48,1
7200,SKU-AUT-007200,Pulse Interior Accessories Model-201,Automotive,Interior Accessories,Pulse,125.6,185.37,1
7201,SKU-APP-007201,Horizon Sportswear Model-202,Apparel,Sportswear,Horizon,241.45,530.25,1
7202,SKU-BEA-007202,Nova Personal Care Model-203,Beauty & Care,Personal Care,Nova,247.57,398.47,1
7203,SKU-AUT-007203,Matrix Car Care Model-204,Automotive,Car Care,Matrix,190.88,311.4,1
7204,SKU-APP-007204,Sol Footwear Model-205,Apparel,Footwear,Sol,200.2,453.82,1
7205,SKU-BEA-007205,Pulse Skincare Model-206,Beauty & Care,Skincare,Pulse,39.03,87.42,1
7206,SKU-AUT-007206,Summit Tools & Equipment Model-207,Automotive,Tools & Equipment,Summit,164.91,397.51,1
7207,SKU-ELE-007207,Summit Smart Home Model-208,Electronics,Smart Home,Summit,275.13,570.53,1
7208,SKU-HOM-007208,Echo Furniture Model-209,Home & Kitchen,Furniture,Echo,421.53,878.64,1
7209,SKU-BEA-007209,Aura Fragrances Model-210,Beauty & Care,Fragrances,Aura,57.23,96.94,1
7210,SKU-APP-007210,Lumina Accessories Model-211,Apparel,Accessories,Lumina,297.54,471.94,1
7211,SKU-AUT-007211,Titan Car Care Model-212,Automotive,Car Care,Titan,150.28,353.53,1
7212,SKU-GRO-007212,Horizon Organic Foods Model-213,Grocery & Pantry,Organic Foods,Horizon,72.61,126.59,1
7213,SKU-AUT-007213,Zenith Tools & Equipment Model-214,Automotive,Tools & Equipment,Zenith,71.91,157.34,1
7214,SKU-ELE-007214,Zenith Smartphones Model-215,Electronics,Smartphones,Zenith,29.83,65.05,1
7215,SKU-TOY-007215,Lumina Educational Toys Model-216,Toys & Games,Educational Toys,Lumina,310.86,646.1,1
7216,SKU-TOY-007216,Pulse Puzzles Model-217,Toys & Games,Puzzles,Pulse,427.68,686.65,1
7217,SKU-HOM-007217,Nova Small Appliances Model-218,Home & Kitchen,Small Appliances,Nova,122.93,283.84,1
7218,SKU-BEA-007218,Nova Cosmetics Model-219,Beauty & Care,Cosmetics,Nova,334.76,701.88,1
7219,SKU-TOY-007219,Aura Outdoor Toys Model-220,Toys & Games,Outdoor Toys,Aura,13.31,24.71,1
7220,SKU-HOM-007220,Vortex Decor Model-221,Home & Kitchen,Decor,Vortex,232.58,317.63,1
7221,SKU-HOM-007221,Zenith Small Appliances Model-222,Home & Kitchen,Small Appliances,Zenith,400.41,528.27,1
7222,SKU-AUT-007222,Echo Car Care Model-223,Automotive,Car Care,Echo,289.9,598.16,1
7223,SKU-APP-007223,Prism Outerwear Model-224,Apparel,Outerwear,Prism,322.32,433.64,1
7224,SKU-SPO-007224,Echo Team Sports Model-225,Sports & Outdoors,Team Sports,Echo,241.01,568.01,1
7225,SKU-HOM-007225,Titan Cookware Model-226,Home & Kitchen,Cookware,Titan,90.52,158.28,1
7226,SKU-HOM-007226,Prism Cookware Model-227,Home & Kitchen,Cookware,Prism,232.59,457.5,1
7227,SKU-ELE-007227,Lumina Smart Home Model-228,Electronics,Smart Home,Lumina,269.49,562.4,1
7228,SKU-APP-007228,Titan Sportswear Model-229,Apparel,Sportswear,Titan,75.01,154.97,1
7229,SKU-APP-007229,Sol Footwear Model-230,Apparel,Footwear,Sol,330.41,637.63,1
7230,SKU-SPO-007230,Nova Team Sports Model-231,Sports & Outdoors,Team Sports,Nova,324.17,592.1,1
7231,SKU-AUT-007231,Lumina Interior Accessories Model-232,Automotive,Interior Accessories,Lumina,429.9,627.01,1
7232,SKU-BEA-007232,Vortex Skincare Model-233,Beauty & Care,Skincare,Vortex,176.32,399.96,1
7233,SKU-BEA-007233,Pulse Cosmetics Model-234,Beauty & Care,Cosmetics,Pulse,238.8,325.85,1
7234,SKU-ELE-007234,Apex Accessories Model-235,Electronics,Accessories,Apex,197.98,430.19,1
7235,SKU-ELE-007235,Zenith Laptops Model-236,Electronics,Laptops,Zenith,242.3,377.59,1
7236,SKU-HOM-007236,Vortex Small Appliances Model-237,Home & Kitchen,Small Appliances,Vortex,312.88,591.24,1
7237,SKU-HOM-007237,Aura Small Appliances Model-238,Home & Kitchen,Small Appliances,Aura,366.1,681.86,1
7238,SKU-GRO-007238,Apex Canned Goods Model-239,Grocery & Pantry,Canned Goods,Apex,128.26,227.36,1
7239,SKU-AUT-007239,Prism Interior Accessories Model-240,Automotive,Interior Accessories,Prism,205.71,420.61,1
7240,SKU-ELE-007240,Horizon Smart Home Model-241,Electronics,Smart Home,Horizon,95.74,194.37,1
7241,SKU-BEA-007241,Matrix Fragrances Model-242,Beauty & Care,Fragrances,Matrix,91.09,184.97,1
7242,SKU-ELE-007242,Summit Smart Home Model-243,Electronics,Smart Home,Summit,229.36,463.75,1
7243,SKU-APP-007243,Summit Women's Clothing Model-244,Apparel,Women's Clothing,Summit,246.38,368.12,1
7244,SKU-BEA-007244,Matrix Fragrances Model-245,Beauty & Care,Fragrances,Matrix,327.26,418.63,1
7245,SKU-HOM-007245,Horizon Small Appliances Model-246,Home & Kitchen,Small Appliances,Horizon,342.79,477.66,1
7246,SKU-SPO-007246,Nova Water Sports Model-247,Sports & Outdoors,Water Sports,Nova,6.35,15.72,1
7247,SKU-ELE-007247,Pulse Accessories Model-248,Electronics,Accessories,Pulse,161.08,238.62,1
7248,SKU-BEA-007248,Echo Skincare Model-249,Beauty & Care,Skincare,Echo,441.9,997.7,1
7249,SKU-GRO-007249,Apex Organic Foods Model-250,Grocery & Pantry,Organic Foods,Apex,398.31,503.73,1
7250,SKU-SPO-007250,Nova Cycling Model-251,Sports & Outdoors,Cycling,Nova,266.41,457.8,1
7251,SKU-AUT-007251,Matrix Interior Accessories Model-252,Automotive,Interior Accessories,Matrix,302.6,425.01,1
7252,SKU-ELE-007252,Lumina Wearables Model-253,Electronics,Wearables,Lumina,236.94,395.34,1
7253,SKU-SPO-007253,Aura Team Sports Model-254,Sports & Outdoors,Team Sports,Aura,244.6,513.79,1
7254,SKU-GRO-007254,Aura Beverages Model-255,Grocery & Pantry,Beverages,Aura,448.85,907.17,1
7255,SKU-TOY-007255,Lumina Action Figures Model-256,Toys & Games,Action Figures,Lumina,62.79,79.46,1
7256,SKU-SPO-007256,Aura Water Sports Model-257,Sports & Outdoors,Water Sports,Aura,356.84,596.94,1
7257,SKU-TOY-007257,Apex Board Games Model-258,Toys & Games,Board Games,Apex,116.17,186.99,1
7258,SKU-BEA-007258,Lumina Haircare Model-259,Beauty & Care,Haircare,Lumina,292.27,663.71,1
7259,SKU-HOM-007259,Velocity Small Appliances Model-260,Home & Kitchen,Small Appliances,Velocity,413.12,746.99,1
7260,SKU-BEA-007260,Apex Skincare Model-261,Beauty & Care,Skincare,Apex,246.49,376.81,1
7261,SKU-APP-007261,Horizon Women's Clothing Model-262,Apparel,Women's Clothing,Horizon,370.09,892.72,1
7262,SKU-GRO-007262,Lumina Canned Goods Model-263,Grocery & Pantry,Canned Goods,Lumina,339.5,796.05,1
7263,SKU-GRO-007263,Prism Breakfast Model-264,Grocery & Pantry,Breakfast,Prism,78.3,130.21,1
7264,SKU-APP-007264,Aura Sportswear Model-265,Apparel,Sportswear,Aura,10.68,25.49,1
7265,SKU-GRO-007265,Echo Canned Goods Model-266,Grocery & Pantry,Canned Goods,Echo,268.85,441.09,1
7266,SKU-GRO-007266,Velocity Organic Foods Model-267,Grocery & Pantry,Organic Foods,Velocity,365.97,787.26,1
7267,SKU-TOY-007267,Lumina Outdoor Toys Model-268,Toys & Games,Outdoor Toys,Lumina,102.12,232.52,1
7268,SKU-BEA-007268,Sol Personal Care Model-269,Beauty & Care,Personal Care,Sol,107.92,222.76,1
7269,SKU-HOM-007269,Velocity Bedding Model-270,Home & Kitchen,Bedding,Velocity,67.6,158.97,1
7270,SKU-ELE-007270,Aura Audio & Headphones Model-271,Electronics,Audio & Headphones,Aura,246.68,549.57,1
7271,SKU-SPO-007271,Sol Fitness Gear Model-272,Sports & Outdoors,Fitness Gear,Sol,158.92,255.78,1
7272,SKU-ELE-007272,Velocity Smartphones Model-273,Electronics,Smartphones,Velocity,320.67,692.74,1
7273,SKU-APP-007273,Vortex Women's Clothing Model-274,Apparel,Women's Clothing,Vortex,370.79,576.6,1
7274,SKU-TOY-007274,Zenith Outdoor Toys Model-275,Toys & Games,Outdoor Toys,Zenith,154.9,331.24,1
7275,SKU-HOM-007275,Summit Decor Model-276,Home & Kitchen,Decor,Summit,137.74,247.74,1
7276,SKU-HOM-007276,Titan Cookware Model-277,Home & Kitchen,Cookware,Titan,93.83,128.89,1
7277,SKU-APP-007277,Matrix Footwear Model-278,Apparel,Footwear,Matrix,39.22,91.6,1
7278,SKU-AUT-007278,Velocity Tools & Equipment Model-279,Automotive,Tools & Equipment,Velocity,226.28,360.39,1
7279,SKU-TOY-007279,Zenith Outdoor Toys Model-280,Toys & Games,Outdoor Toys,Zenith,28.87,58.62,1
7280,SKU-BEA-007280,Echo Fragrances Model-281,Beauty & Care,Fragrances,Echo,437.37,859.84,1
7281,SKU-GRO-007281,Summit Snacks Model-282,Grocery & Pantry,Snacks,Summit,414.52,672.24,1
7282,SKU-ELE-007282,Nova Accessories Model-283,Electronics,Accessories,Nova,390.86,626.04,1
7283,SKU-BEA-007283,Velocity Fragrances Model-284,Beauty & Care,Fragrances,Velocity,215.73,401.63,0
7284,SKU-SPO-007284,Titan Fitness Gear Model-285,Sports & Outdoors,Fitness Gear,Titan,38.14,48.77,1
7285,SKU-APP-007285,Matrix Men's Clothing Model-286,Apparel,Men's Clothing,Matrix,235.44,298.45,1
7286,SKU-APP-007286,Summit Women's Clothing Model-287,Apparel,Women's Clothing,Summit,381.65,858.34,1
7287,SKU-TOY-007287,Nova Action Figures Model-288,Toys & Games,Action Figures,Nova,333.21,433.52,1
7288,SKU-APP-007288,Horizon Footwear Model-289,Apparel,Footwear,Horizon,132.55,269.24,1
7289,SKU-HOM-007289,Prism Cookware Model-290,Home & Kitchen,Cookware,Prism,156.88,250.53,1
7290,SKU-SPO-007290,Apex Water Sports Model-291,Sports & Outdoors,Water Sports,Apex,215.75,272.15,1
7291,SKU-SPO-007291,Aura Team Sports Model-292,Sports & Outdoors,Team Sports,Aura,36.89,60.87,1
7292,SKU-AUT-007292,Matrix Interior Accessories Model-293,Automotive,Interior Accessories,Matrix,245.27,561.82,1
7293,SKU-HOM-007293,Prism Furniture Model-294,Home & Kitchen,Furniture,Prism,56.36,122.67,1
7294,SKU-AUT-007294,Pulse Oils & Fluids Model-295,Automotive,Oils & Fluids,Pulse,138.19,322.77,1
7295,SKU-BEA-007295,Velocity Personal Care Model-296,Beauty & Care,Personal Care,Velocity,405.82,775.75,1
7296,SKU-AUT-007296,Echo Interior Accessories Model-297,Automotive,Interior Accessories,Echo,203.07,440.59,0
7297,SKU-AUT-007297,Prism Tools & Equipment Model-298,Automotive,Tools & Equipment,Prism,208.34,396.09,0
7298,SKU-APP-007298,Summit Outerwear Model-299,Apparel,Outerwear,Summit,195.48,271.12,1
7299,SKU-GRO-007299,Echo Condiments Model-300,Grocery & Pantry,Condiments,Echo,182.93,456.97,1
7300,SKU-ELE-007300,Horizon Audio & Headphones Model-301,Electronics,Audio & Headphones,Horizon,294.15,579.59,1
7301,SKU-HOM-007301,Horizon Storage Model-302,Home & Kitchen,Storage,Horizon,153.62,331.48,0
7302,SKU-APP-007302,Horizon Sportswear Model-303,Apparel,Sportswear,Horizon,310.55,570.97,1
7303,SKU-HOM-007303,Titan Storage Model-304,Home & Kitchen,Storage,Titan,57.84,87.9,1
7304,SKU-APP-007304,Matrix Women's Clothing Model-305,Apparel,Women's Clothing,Matrix,232.37,569.99,1
7305,SKU-TOY-007305,Pulse Board Games Model-306,Toys & Games,Board Games,Pulse,132.72,174.61,1
7306,SKU-AUT-007306,Aura Oils & Fluids Model-307,Automotive,Oils & Fluids,Aura,408.59,521.38,1
7307,SKU-APP-007307,Lumina Sportswear Model-308,Apparel,Sportswear,Lumina,33.08,79.56,1
7308,SKU-AUT-007308,Zenith Car Care Model-309,Automotive,Car Care,Zenith,188.18,450.1,1
7309,SKU-GRO-007309,Aura Canned Goods Model-310,Grocery & Pantry,Canned Goods,Aura,324.87,536.55,1
7310,SKU-GRO-007310,Echo Breakfast Model-311,Grocery & Pantry,Breakfast,Echo,17.3,27.93,1
7311,SKU-SPO-007311,Echo Team Sports Model-312,Sports & Outdoors,Team Sports,Echo,39.37,53.49,1
7312,SKU-ELE-007312,Lumina Accessories Model-313,Electronics,Accessories,Lumina,381.03,929.9,1
7313,SKU-AUT-007313,Lumina Car Care Model-314,Automotive,Car Care,Lumina,148.97,352.21,1
7314,SKU-TOY-007314,Pulse Board Games Model-315,Toys & Games,Board Games,Pulse,182.66,406.94,1
7315,SKU-BEA-007315,Prism Skincare Model-316,Beauty & Care,Skincare,Prism,82.71,158.05,1
7316,SKU-ELE-007316,Vortex Smart Home Model-317,Electronics,Smart Home,Vortex,345.43,791.7,1
7317,SKU-HOM-007317,Sol Bedding Model-318,Home & Kitchen,Bedding,Sol,375.5,934.57,1
7318,SKU-TOY-007318,Matrix Action Figures Model-319,Toys & Games,Action Figures,Matrix,143.48,351.65,1
7319,SKU-AUT-007319,Vortex Car Care Model-320,Automotive,Car Care,Vortex,394.93,579.69,1
7320,SKU-ELE-007320,Velocity Accessories Model-321,Electronics,Accessories,Velocity,80.12,177.59,1
7321,SKU-ELE-007321,Horizon Wearables Model-322,Electronics,Wearables,Horizon,76.15,165.42,1
7322,SKU-SPO-007322,Lumina Camping & Hiking Model-323,Sports & Outdoors,Camping & Hiking,Lumina,168.58,247.14,1
7323,SKU-SPO-007323,Sol Team Sports Model-324,Sports & Outdoors,Team Sports,Sol,427.08,832.62,0
7324,SKU-AUT-007324,Aura Oils & Fluids Model-325,Automotive,Oils & Fluids,Aura,350.39,495.79,1
7325,SKU-ELE-007325,Echo Audio & Headphones Model-326,Electronics,Audio & Headphones,Echo,394.32,712.91,1
7326,SKU-GRO-007326,Summit Snacks Model-327,Grocery & Pantry,Snacks,Summit,396.66,965.91,1
7327,SKU-SPO-007327,Vortex Water Sports Model-328,Sports & Outdoors,Water Sports,Vortex,66.17,136.77,1
7328,SKU-APP-007328,Zenith Accessories Model-329,Apparel,Accessories,Zenith,401.82,883.46,1
7329,SKU-AUT-007329,Summit Tools & Equipment Model-330,Automotive,Tools & Equipment,Summit,221.13,509.79,1
7330,SKU-APP-007330,Aura Footwear Model-331,Apparel,Footwear,Aura,209.38,520.16,1
7331,SKU-HOM-007331,Sol Storage Model-332,Home & Kitchen,Storage,Sol,239.85,387.98,1
7332,SKU-GRO-007332,Velocity Beverages Model-333,Grocery & Pantry,Beverages,Velocity,39.89,78.97,1
7333,SKU-TOY-007333,Vortex Action Figures Model-334,Toys & Games,Action Figures,Vortex,48.48,120.95,1
7334,SKU-APP-007334,Echo Accessories Model-335,Apparel,Accessories,Echo,93.69,202.83,1
7335,SKU-SPO-007335,Horizon Team Sports Model-336,Sports & Outdoors,Team Sports,Horizon,8.41,20.3,1
7336,SKU-TOY-007336,Summit Outdoor Toys Model-337,Toys & Games,Outdoor Toys,Summit,212.18,432.37,1
7337,SKU-SPO-007337,Lumina Fitness Gear Model-338,Sports & Outdoors,Fitness Gear,Lumina,432.18,726.93,0
7338,SKU-HOM-007338,Echo Small Appliances Model-339,Home & Kitchen,Small Appliances,Echo,324.19,690.07,1
7339,SKU-BEA-007339,Pulse Haircare Model-340,Beauty & Care,Haircare,Pulse,222.9,354.16,1
7340,SKU-ELE-007340,Apex Smart Home Model-341,Electronics,Smart Home,Apex,49.56,121.52,1
7341,SKU-TOY-007341,Lumina Puzzles Model-342,Toys & Games,Puzzles,Lumina,62.05,108.83,1
7342,SKU-ELE-007342,Sol Laptops Model-343,Electronics,Laptops,Sol,72.19,112.74,1
7343,SKU-GRO-007343,Pulse Condiments Model-344,Grocery & Pantry,Condiments,Pulse,240.38,510,1
7344,SKU-TOY-007344,Sol Board Games Model-345,Toys & Games,Board Games,Sol,24.36,49.47,1
7345,SKU-SPO-007345,Summit Water Sports Model-346,Sports & Outdoors,Water Sports,Summit,407.17,909.29,1
7346,SKU-GRO-007346,Vortex Canned Goods Model-347,Grocery & Pantry,Canned Goods,Vortex,344.25,507.32,1
7347,SKU-HOM-007347,Sol Furniture Model-348,Home & Kitchen,Furniture,Sol,391.23,867.48,1
7348,SKU-APP-007348,Summit Accessories Model-349,Apparel,Accessories,Summit,258.07,472.64,1
7349,SKU-APP-007349,Apex Women's Clothing Model-350,Apparel,Women's Clothing,Apex,65.91,134.88,1
7350,SKU-AUT-007350,Lumina Car Care Model-351,Automotive,Car Care,Lumina,210.87,521.01,1
7351,SKU-BEA-007351,Lumina Skincare Model-352,Beauty & Care,Skincare,Lumina,88.06,208.03,1
7352,SKU-APP-007352,Vortex Women's Clothing Model-353,Apparel,Women's Clothing,Vortex,229.68,441.27,1
7353,SKU-BEA-007353,Summit Haircare Model-354,Beauty & Care,Haircare,Summit,234.19,390.02,1
7354,SKU-BEA-007354,Echo Haircare Model-355,Beauty & Care,Haircare,Echo,442.32,1103.9,1
7355,SKU-APP-007355,Vortex Footwear Model-356,Apparel,Footwear,Vortex,352.55,489.12,1
7356,SKU-HOM-007356,Lumina Furniture Model-357,Home & Kitchen,Furniture,Lumina,330.07,563.96,1
7357,SKU-TOY-007357,Aura Educational Toys Model-358,Toys & Games,Educational Toys,Aura,412.85,774.06,1
7358,SKU-HOM-007358,Zenith Decor Model-359,Home & Kitchen,Decor,Zenith,177.07,251.72,1
7359,SKU-SPO-007359,Echo Camping & Hiking Model-360,Sports & Outdoors,Camping & Hiking,Echo,153.62,350.68,1
7360,SKU-SPO-007360,Velocity Camping & Hiking Model-361,Sports & Outdoors,Camping & Hiking,Velocity,295.26,575.92,1
7361,SKU-TOY-007361,Nova Educational Toys Model-362,Toys & Games,Educational Toys,Nova,91.97,177.96,1
7362,SKU-ELE-007362,Summit Audio & Headphones Model-363,Electronics,Audio & Headphones,Summit,412.72,587.66,0
7363,SKU-TOY-007363,Horizon Educational Toys Model-364,Toys & Games,Educational Toys,Horizon,33.07,62.08,1
7364,SKU-BEA-007364,Matrix Personal Care Model-365,Beauty & Care,Personal Care,Matrix,105.85,231.75,1
7365,SKU-AUT-007365,Titan Interior Accessories Model-366,Automotive,Interior Accessories,Titan,116.68,203.36,1
7366,SKU-AUT-007366,Velocity Oils & Fluids Model-367,Automotive,Oils & Fluids,Velocity,320.4,607.43,1
7367,SKU-HOM-007367,Sol Small Appliances Model-368,Home & Kitchen,Small Appliances,Sol,279.15,599.99,1
7368,SKU-APP-007368,Velocity Women's Clothing Model-369,Apparel,Women's Clothing,Velocity,131.16,240.97,1
7369,SKU-SPO-007369,Vortex Team Sports Model-370,Sports & Outdoors,Team Sports,Vortex,156.01,301.67,0
7370,SKU-ELE-007370,Aura Wearables Model-371,Electronics,Wearables,Aura,86.92,190.62,1
7371,SKU-HOM-007371,Nova Decor Model-372,Home & Kitchen,Decor,Nova,135.97,252.95,1
7372,SKU-SPO-007372,Velocity Water Sports Model-373,Sports & Outdoors,Water Sports,Velocity,445.81,1009.66,1
7373,SKU-GRO-007373,Titan Organic Foods Model-374,Grocery & Pantry,Organic Foods,Titan,187.38,344.08,1
7374,SKU-AUT-007374,Sol Car Care Model-375,Automotive,Car Care,Sol,103.17,195.84,1
7375,SKU-TOY-007375,Apex Puzzles Model-376,Toys & Games,Puzzles,Apex,68.8,141.68,1
7376,SKU-BEA-007376,Lumina Personal Care Model-377,Beauty & Care,Personal Care,Lumina,426.35,538.14,1
7377,SKU-ELE-007377,Pulse Accessories Model-378,Electronics,Accessories,Pulse,220.66,280.75,1
7378,SKU-BEA-007378,Nova Fragrances Model-379,Beauty & Care,Fragrances,Nova,345.68,759.88,1
7379,SKU-GRO-007379,Zenith Beverages Model-380,Grocery & Pantry,Beverages,Zenith,192.35,458.8,1
7380,SKU-ELE-007380,Lumina Smart Home Model-381,Electronics,Smart Home,Lumina,273.18,534.6,1
7381,SKU-HOM-007381,Pulse Bedding Model-382,Home & Kitchen,Bedding,Pulse,59.25,86.89,0
7382,SKU-BEA-007382,Zenith Skincare Model-383,Beauty & Care,Skincare,Zenith,27.17,57.7,1
7383,SKU-APP-007383,Titan Footwear Model-384,Apparel,Footwear,Titan,182.53,290.27,1
7384,SKU-AUT-007384,Horizon Oils & Fluids Model-385,Automotive,Oils & Fluids,Horizon,395.08,762.62,1
7385,SKU-TOY-007385,Titan Board Games Model-386,Toys & Games,Board Games,Titan,147.6,325.66,1
7386,SKU-AUT-007386,Summit Car Care Model-387,Automotive,Car Care,Summit,269.3,640.25,1
7387,SKU-APP-007387,Aura Outerwear Model-388,Apparel,Outerwear,Aura,39.41,94.48,1
7388,SKU-GRO-007388,Sol Beverages Model-389,Grocery & Pantry,Beverages,Sol,366.79,600.66,1
7389,SKU-APP-007389,Summit Sportswear Model-390,Apparel,Sportswear,Summit,366.37,604.2,1
7390,SKU-TOY-007390,Sol Action Figures Model-391,Toys & Games,Action Figures,Sol,128.31,265.17,1
7391,SKU-APP-007391,Prism Women's Clothing Model-392,Apparel,Women's Clothing,Prism,274.73,441.42,1
7392,SKU-AUT-007392,Pulse Car Care Model-393,Automotive,Car Care,Pulse,341.12,595.73,0
7393,SKU-APP-007393,Apex Accessories Model-394,Apparel,Accessories,Apex,334.84,494.27,1
7394,SKU-APP-007394,Vortex Men's Clothing Model-395,Apparel,Men's Clothing,Vortex,361.81,480.4,0
7395,SKU-AUT-007395,Zenith Oils & Fluids Model-396,Automotive,Oils & Fluids,Zenith,144.06,347.14,1
7396,SKU-TOY-007396,Titan Educational Toys Model-397,Toys & Games,Educational Toys,Titan,336.9,635.84,1
7397,SKU-BEA-007397,Echo Skincare Model-398,Beauty & Care,Skincare,Echo,309.67,659.73,1
7398,SKU-BEA-007398,Titan Haircare Model-399,Beauty & Care,Haircare,Titan,40.21,56.8,1
7399,SKU-APP-007399,Sol Women's Clothing Model-400,Apparel,Women's Clothing,Sol,365.54,686.36,1
7400,SKU-AUT-007400,Titan Oils & Fluids Model-401,Automotive,Oils & Fluids,Titan,322.38,419.67,1
7401,SKU-AUT-007401,Velocity Oils & Fluids Model-402,Automotive,Oils & Fluids,Velocity,12.75,28.46,1
7402,SKU-HOM-007402,Nova Decor Model-403,Home & Kitchen,Decor,Nova,169.03,412.25,1
7403,SKU-SPO-007403,Vortex Water Sports Model-404,Sports & Outdoors,Water Sports,Vortex,52.39,123.27,1
7404,SKU-SPO-007404,Vortex Camping & Hiking Model-405,Sports & Outdoors,Camping & Hiking,Vortex,357.96,787.92,1
7405,SKU-APP-007405,Matrix Sportswear Model-406,Apparel,Sportswear,Matrix,261.98,604.24,1
7406,SKU-GRO-007406,Prism Breakfast Model-407,Grocery & Pantry,Breakfast,Prism,82.75,154.88,1
7407,SKU-SPO-007407,Pulse Team Sports Model-408,Sports & Outdoors,Team Sports,Pulse,198.17,361.18,1
7408,SKU-AUT-007408,Zenith Tools & Equipment Model-409,Automotive,Tools & Equipment,Zenith,108.33,176.02,1
7409,SKU-TOY-007409,Apex Educational Toys Model-410,Toys & Games,Educational Toys,Apex,42.78,80.36,1
7410,SKU-APP-007410,Zenith Footwear Model-411,Apparel,Footwear,Zenith,214.63,489.01,0
7411,SKU-GRO-007411,Horizon Beverages Model-412,Grocery & Pantry,Beverages,Horizon,120.51,219.49,1
7412,SKU-BEA-007412,Zenith Skincare Model-413,Beauty & Care,Skincare,Zenith,62.51,102.31,1
7413,SKU-ELE-007413,Pulse Accessories Model-414,Electronics,Accessories,Pulse,291.28,668.48,1
7414,SKU-HOM-007414,Horizon Decor Model-415,Home & Kitchen,Decor,Horizon,361.98,719.87,0
7415,SKU-HOM-007415,Vortex Cookware Model-416,Home & Kitchen,Cookware,Vortex,6.38,13.91,1
7416,SKU-BEA-007416,Nova Fragrances Model-417,Beauty & Care,Fragrances,Nova,401.21,919.58,1
7417,SKU-BEA-007417,Echo Fragrances Model-418,Beauty & Care,Fragrances,Echo,149.32,276.62,1
7418,SKU-HOM-007418,Pulse Bedding Model-419,Home & Kitchen,Bedding,Pulse,104.3,153.97,1
7419,SKU-TOY-007419,Aura Board Games Model-420,Toys & Games,Board Games,Aura,260.69,510.93,1
7420,SKU-GRO-007420,Sol Snacks Model-421,Grocery & Pantry,Snacks,Sol,379.88,940.64,1
7421,SKU-TOY-007421,Echo Educational Toys Model-422,Toys & Games,Educational Toys,Echo,47.06,101.03,1
7422,SKU-HOM-007422,Velocity Bedding Model-423,Home & Kitchen,Bedding,Velocity,13.15,29.13,1
7423,SKU-AUT-007423,Zenith Tools & Equipment Model-424,Automotive,Tools & Equipment,Zenith,301.81,521.1,0
7424,SKU-SPO-007424,Velocity Camping & Hiking Model-425,Sports & Outdoors,Camping & Hiking,Velocity,288.58,424.36,0
7425,SKU-GRO-007425,Summit Breakfast Model-426,Grocery & Pantry,Breakfast,Summit,266.42,553.24,1
7426,SKU-BEA-007426,Apex Haircare Model-427,Beauty & Care,Haircare,Apex,74.81,149.94,1
7427,SKU-ELE-007427,Sol Smartphones Model-428,Electronics,Smartphones,Sol,42.11,95.01,1
7428,SKU-APP-007428,Apex Outerwear Model-429,Apparel,Outerwear,Apex,71.56,153.61,1
7429,SKU-GRO-007429,Titan Organic Foods Model-430,Grocery & Pantry,Organic Foods,Titan,226.09,351.45,1
7430,SKU-BEA-007430,Zenith Skincare Model-431,Beauty & Care,Skincare,Zenith,443.03,883.2,1
7431,SKU-APP-007431,Titan Men's Clothing Model-432,Apparel,Men's Clothing,Titan,111.07,244.33,1
7432,SKU-AUT-007432,Velocity Oils & Fluids Model-433,Automotive,Oils & Fluids,Velocity,327.98,696.67,1
7433,SKU-HOM-007433,Echo Storage Model-434,Home & Kitchen,Storage,Echo,40.98,71.81,1
7434,SKU-SPO-007434,Echo Cycling Model-435,Sports & Outdoors,Cycling,Echo,255.11,484.65,1
7435,SKU-APP-007435,Lumina Outerwear Model-436,Apparel,Outerwear,Lumina,100.98,166.84,1
7436,SKU-SPO-007436,Summit Camping & Hiking Model-437,Sports & Outdoors,Camping & Hiking,Summit,277.55,602.77,1
7437,SKU-AUT-007437,Prism Car Care Model-438,Automotive,Car Care,Prism,106.82,209.88,1
7438,SKU-AUT-007438,Prism Interior Accessories Model-439,Automotive,Interior Accessories,Prism,154.67,256.71,1
7439,SKU-ELE-007439,Horizon Smartphones Model-440,Electronics,Smartphones,Horizon,317.21,491.08,1
7440,SKU-TOY-007440,Summit Outdoor Toys Model-441,Toys & Games,Outdoor Toys,Summit,343.99,657.84,1
7441,SKU-ELE-007441,Summit Laptops Model-442,Electronics,Laptops,Summit,435.29,1057.71,1
7442,SKU-AUT-007442,Velocity Car Care Model-443,Automotive,Car Care,Velocity,367.52,674.59,1
7443,SKU-AUT-007443,Zenith Interior Accessories Model-444,Automotive,Interior Accessories,Zenith,158.45,310.05,1
7444,SKU-ELE-007444,Zenith Wearables Model-445,Electronics,Wearables,Zenith,39.72,91.74,1
7445,SKU-APP-007445,Pulse Footwear Model-446,Apparel,Footwear,Pulse,234.9,584.59,1
7446,SKU-GRO-007446,Horizon Condiments Model-447,Grocery & Pantry,Condiments,Horizon,443.15,818,1
7447,SKU-AUT-007447,Matrix Car Care Model-448,Automotive,Car Care,Matrix,417.59,813.13,1
7448,SKU-TOY-007448,Zenith Board Games Model-449,Toys & Games,Board Games,Zenith,340.13,590.04,1
7449,SKU-APP-007449,Velocity Men's Clothing Model-450,Apparel,Men's Clothing,Velocity,106.79,228.72,1
7450,SKU-APP-007450,Apex Sportswear Model-451,Apparel,Sportswear,Apex,182.6,321.56,1
7451,SKU-AUT-007451,Prism Car Care Model-452,Automotive,Car Care,Prism,143.03,298.58,1
7452,SKU-AUT-007452,Lumina Interior Accessories Model-453,Automotive,Interior Accessories,Lumina,34.19,78.41,1
7453,SKU-SPO-007453,Summit Camping & Hiking Model-454,Sports & Outdoors,Camping & Hiking,Summit,356.74,564.23,1
7454,SKU-TOY-007454,Vortex Action Figures Model-455,Toys & Games,Action Figures,Vortex,49.12,81.44,1
7455,SKU-ELE-007455,Lumina Smart Home Model-456,Electronics,Smart Home,Lumina,423.85,696.05,1
7456,SKU-SPO-007456,Titan Team Sports Model-457,Sports & Outdoors,Team Sports,Titan,224.94,312.28,1
7457,SKU-HOM-007457,Prism Storage Model-458,Home & Kitchen,Storage,Prism,86.01,174.86,1
7458,SKU-TOY-007458,Titan Board Games Model-459,Toys & Games,Board Games,Titan,281.22,464.92,1
7459,SKU-GRO-007459,Matrix Organic Foods Model-460,Grocery & Pantry,Organic Foods,Matrix,300.74,402.57,1
7460,SKU-ELE-007460,Aura Accessories Model-461,Electronics,Accessories,Aura,276.35,550.34,1
7461,SKU-SPO-007461,Aura Cycling Model-462,Sports & Outdoors,Cycling,Aura,418.88,981.9,1
7462,SKU-BEA-007462,Echo Haircare Model-463,Beauty & Care,Haircare,Echo,105.96,172.25,1
7463,SKU-GRO-007463,Pulse Canned Goods Model-464,Grocery & Pantry,Canned Goods,Pulse,7.33,16.49,1
7464,SKU-APP-007464,Titan Women's Clothing Model-465,Apparel,Women's Clothing,Titan,201.84,278.02,1
7465,SKU-SPO-007465,Aura Water Sports Model-466,Sports & Outdoors,Water Sports,Aura,445.69,714.71,1
7466,SKU-GRO-007466,Zenith Breakfast Model-467,Grocery & Pantry,Breakfast,Zenith,151.16,301.81,1
7467,SKU-TOY-007467,Pulse Outdoor Toys Model-468,Toys & Games,Outdoor Toys,Pulse,37,74.27,1
7468,SKU-BEA-007468,Lumina Cosmetics Model-469,Beauty & Care,Cosmetics,Lumina,131.84,211.3,1
7469,SKU-BEA-007469,Sol Fragrances Model-470,Beauty & Care,Fragrances,Sol,39.38,92.53,1
7470,SKU-GRO-007470,Vortex Snacks Model-471,Grocery & Pantry,Snacks,Vortex,85.08,138.52,1
7471,SKU-BEA-007471,Nova Cosmetics Model-472,Beauty & Care,Cosmetics,Nova,73.34,161.58,1
7472,SKU-SPO-007472,Matrix Camping & Hiking Model-473,Sports & Outdoors,Camping & Hiking,Matrix,156.37,252.28,1
7473,SKU-TOY-007473,Horizon Puzzles Model-474,Toys & Games,Puzzles,Horizon,440.38,804.92,1
7474,SKU-GRO-007474,Horizon Organic Foods Model-475,Grocery & Pantry,Organic Foods,Horizon,287.6,414.6,1
7475,SKU-AUT-007475,Horizon Car Care Model-476,Automotive,Car Care,Horizon,208.38,457.46,0
7476,SKU-SPO-007476,Titan Water Sports Model-477,Sports & Outdoors,Water Sports,Titan,407.27,815.6,1
7477,SKU-BEA-007477,Matrix Fragrances Model-478,Beauty & Care,Fragrances,Matrix,246.44,379.57,1
7478,SKU-APP-007478,Vortex Outerwear Model-479,Apparel,Outerwear,Vortex,35.68,49.08,1
7479,SKU-GRO-007479,Sol Beverages Model-480,Grocery & Pantry,Beverages,Sol,296.53,495.91,1
7480,SKU-ELE-007480,Velocity Laptops Model-481,Electronics,Laptops,Velocity,109.62,261.68,1
7481,SKU-TOY-007481,Lumina Educational Toys Model-482,Toys & Games,Educational Toys,Lumina,448.49,846.3,1
7482,SKU-SPO-007482,Zenith Water Sports Model-483,Sports & Outdoors,Water Sports,Zenith,87.35,207.07,1
7483,SKU-TOY-007483,Summit Puzzles Model-484,Toys & Games,Puzzles,Summit,86.01,145.09,1
7484,SKU-GRO-007484,Echo Beverages Model-485,Grocery & Pantry,Beverages,Echo,231.46,300.94,1
7485,SKU-ELE-007485,Pulse Smart Home Model-486,Electronics,Smart Home,Pulse,29,52.1,1
7486,SKU-GRO-007486,Horizon Beverages Model-487,Grocery & Pantry,Beverages,Horizon,11.82,15.44,0
7487,SKU-GRO-007487,Vortex Organic Foods Model-488,Grocery & Pantry,Organic Foods,Vortex,395.36,632.23,1
7488,SKU-APP-007488,Prism Outerwear Model-489,Apparel,Outerwear,Prism,132.42,323.06,0
7489,SKU-BEA-007489,Matrix Cosmetics Model-490,Beauty & Care,Cosmetics,Matrix,421.53,943.11,1
7490,SKU-HOM-007490,Lumina Cookware Model-491,Home & Kitchen,Cookware,Lumina,410.46,703.73,1
7491,SKU-TOY-007491,Prism Action Figures Model-492,Toys & Games,Action Figures,Prism,317.58,607.52,1
7492,SKU-ELE-007492,Sol Accessories Model-493,Electronics,Accessories,Sol,322.82,454.4,1
7493,SKU-AUT-007493,Zenith Car Care Model-494,Automotive,Car Care,Zenith,364.79,724.11,1
7494,SKU-AUT-007494,Summit Tools & Equipment Model-495,Automotive,Tools & Equipment,Summit,322.33,759.63,1
7495,SKU-BEA-007495,Lumina Skincare Model-496,Beauty & Care,Skincare,Lumina,219.18,540.99,1
7496,SKU-HOM-007496,Titan Furniture Model-497,Home & Kitchen,Furniture,Titan,107.23,213.1,1
7497,SKU-TOY-007497,Velocity Puzzles Model-498,Toys & Games,Puzzles,Velocity,439.5,1096.37,1
7498,SKU-GRO-007498,Prism Canned Goods Model-499,Grocery & Pantry,Canned Goods,Prism,106.4,248.68,1
7499,SKU-TOY-007499,Sol Puzzles Model-500,Toys & Games,Puzzles,Sol,344.07,642.44,1
7500,SKU-BEA-007500,Summit Cosmetics Model-501,Beauty & Care,Cosmetics,Summit,178.42,266.99,1
7501,SKU-AUT-007501,Nova Car Care Model-502,Automotive,Car Care,Nova,275.99,544.84,1
7502,SKU-HOM-007502,Summit Small Appliances Model-503,Home & Kitchen,Small Appliances,Summit,217.12,342.42,1
7503,SKU-BEA-007503,Pulse Skincare Model-504,Beauty & Care,Skincare,Pulse,385.16,594.4,1
7504,SKU-HOM-007504,Pulse Furniture Model-505,Home & Kitchen,Furniture,Pulse,260.45,570.47,1
7505,SKU-HOM-007505,Lumina Storage Model-506,Home & Kitchen,Storage,Lumina,200.47,273.6,1
7506,SKU-HOM-007506,Lumina Small Appliances Model-507,Home & Kitchen,Small Appliances,Lumina,150.69,247.85,1
7507,SKU-ELE-007507,Titan Smart Home Model-508,Electronics,Smart Home,Titan,41.15,82.16,1
7508,SKU-ELE-007508,Echo Audio & Headphones Model-509,Electronics,Audio & Headphones,Echo,132.22,206.96,1
7509,SKU-BEA-007509,Echo Haircare Model-510,Beauty & Care,Haircare,Echo,63.39,126.14,1
7510,SKU-AUT-007510,Matrix Tools & Equipment Model-511,Automotive,Tools & Equipment,Matrix,199.02,472.48,1
7511,SKU-APP-007511,Matrix Men's Clothing Model-512,Apparel,Men's Clothing,Matrix,357.46,590.37,1
7512,SKU-GRO-007512,Velocity Condiments Model-513,Grocery & Pantry,Condiments,Velocity,317.72,554.29,1
7513,SKU-BEA-007513,Nova Cosmetics Model-514,Beauty & Care,Cosmetics,Nova,176.62,230.59,1
7514,SKU-SPO-007514,Velocity Team Sports Model-515,Sports & Outdoors,Team Sports,Velocity,134.07,225.27,1
7515,SKU-HOM-007515,Vortex Furniture Model-516,Home & Kitchen,Furniture,Vortex,425.95,994.04,1
7516,SKU-AUT-007516,Nova Tools & Equipment Model-517,Automotive,Tools & Equipment,Nova,78.25,114.64,1
7517,SKU-ELE-007517,Prism Accessories Model-518,Electronics,Accessories,Prism,358.97,752.92,1
7518,SKU-SPO-007518,Horizon Fitness Gear Model-519,Sports & Outdoors,Fitness Gear,Horizon,94.08,197.97,1
7519,SKU-GRO-007519,Nova Breakfast Model-520,Grocery & Pantry,Breakfast,Nova,284.71,385.74,1
7520,SKU-APP-007520,Nova Men's Clothing Model-521,Apparel,Men's Clothing,Nova,69.76,122.64,1
7521,SKU-ELE-007521,Summit Smartphones Model-522,Electronics,Smartphones,Summit,337.98,684.14,1
7522,SKU-APP-007522,Matrix Accessories Model-523,Apparel,Accessories,Matrix,280.01,456.55,1
7523,SKU-AUT-007523,Sol Car Care Model-524,Automotive,Car Care,Sol,132.18,215.31,1
7524,SKU-AUT-007524,Nova Tools & Equipment Model-525,Automotive,Tools & Equipment,Nova,335.52,768.23,1
7525,SKU-AUT-007525,Titan Car Care Model-526,Automotive,Car Care,Titan,417.36,983.8,1
7526,SKU-APP-007526,Vortex Accessories Model-527,Apparel,Accessories,Vortex,429.32,969.14,1
7527,SKU-GRO-007527,Matrix Condiments Model-528,Grocery & Pantry,Condiments,Matrix,116.96,280.14,1
7528,SKU-ELE-007528,Zenith Accessories Model-529,Electronics,Accessories,Zenith,117.96,200.65,1
7529,SKU-HOM-007529,Nova Storage Model-530,Home & Kitchen,Storage,Nova,376.81,680.67,1
7530,SKU-BEA-007530,Pulse Cosmetics Model-531,Beauty & Care,Cosmetics,Pulse,31.45,44.3,1
7531,SKU-SPO-007531,Prism Water Sports Model-532,Sports & Outdoors,Water Sports,Prism,162.95,210.66,1
7532,SKU-HOM-007532,Titan Small Appliances Model-533,Home & Kitchen,Small Appliances,Titan,127.65,313.26,1
7533,SKU-GRO-007533,Summit Canned Goods Model-534,Grocery & Pantry,Canned Goods,Summit,372.59,623.97,1
7534,SKU-APP-007534,Lumina Women's Clothing Model-535,Apparel,Women's Clothing,Lumina,269.48,532.63,1
7535,SKU-ELE-007535,Summit Laptops Model-536,Electronics,Laptops,Summit,20.28,40.45,1
7536,SKU-HOM-007536,Vortex Storage Model-537,Home & Kitchen,Storage,Vortex,111.75,175.87,1
7537,SKU-SPO-007537,Velocity Team Sports Model-538,Sports & Outdoors,Team Sports,Velocity,342.55,844.09,0
7538,SKU-AUT-007538,Pulse Tools & Equipment Model-539,Automotive,Tools & Equipment,Pulse,361.69,595.11,1
7539,SKU-GRO-007539,Nova Snacks Model-540,Grocery & Pantry,Snacks,Nova,232.26,306.46,1
7540,SKU-SPO-007540,Aura Water Sports Model-541,Sports & Outdoors,Water Sports,Aura,224.14,377.13,1
7541,SKU-ELE-007541,Nova Audio & Headphones Model-542,Electronics,Audio & Headphones,Nova,257.04,571.02,1
7542,SKU-TOY-007542,Lumina Educational Toys Model-543,Toys & Games,Educational Toys,Lumina,379.69,814.88,1
7543,SKU-GRO-007543,Horizon Beverages Model-544,Grocery & Pantry,Beverages,Horizon,26.26,42.7,1
7544,SKU-SPO-007544,Velocity Fitness Gear Model-545,Sports & Outdoors,Fitness Gear,Velocity,146.26,209.89,0
7545,SKU-GRO-007545,Vortex Organic Foods Model-546,Grocery & Pantry,Organic Foods,Vortex,99.84,132.32,1
7546,SKU-HOM-007546,Summit Small Appliances Model-547,Home & Kitchen,Small Appliances,Summit,191.26,350.27,1
7547,SKU-ELE-007547,Pulse Smart Home Model-548,Electronics,Smart Home,Pulse,233.15,417.73,1
7548,SKU-TOY-007548,Echo Educational Toys Model-549,Toys & Games,Educational Toys,Echo,301.09,462.6,1
7549,SKU-BEA-007549,Velocity Personal Care Model-550,Beauty & Care,Personal Care,Velocity,37.23,83.17,1
7550,SKU-TOY-007550,Nova Outdoor Toys Model-551,Toys & Games,Outdoor Toys,Nova,136.88,190.04,1
7551,SKU-TOY-007551,Zenith Outdoor Toys Model-552,Toys & Games,Outdoor Toys,Zenith,335.46,551.05,1
7552,SKU-TOY-007552,Prism Educational Toys Model-553,Toys & Games,Educational Toys,Prism,29.68,52.22,1
7553,SKU-ELE-007553,Aura Wearables Model-554,Electronics,Wearables,Aura,89.01,196.51,1
7554,SKU-GRO-007554,Titan Organic Foods Model-555,Grocery & Pantry,Organic Foods,Titan,257.98,507.71,1
7555,SKU-ELE-007555,Summit Accessories Model-556,Electronics,Accessories,Summit,219.62,430.01,1
7556,SKU-SPO-007556,Velocity Team Sports Model-557,Sports & Outdoors,Team Sports,Velocity,39.71,77.23,1
7557,SKU-TOY-007557,Lumina Outdoor Toys Model-558,Toys & Games,Outdoor Toys,Lumina,408.01,718.05,1
7558,SKU-ELE-007558,Aura Smartphones Model-559,Electronics,Smartphones,Aura,249.12,399.23,1
7559,SKU-SPO-007559,Prism Fitness Gear Model-560,Sports & Outdoors,Fitness Gear,Prism,313.97,550.22,1
7560,SKU-SPO-007560,Nova Team Sports Model-561,Sports & Outdoors,Team Sports,Nova,20.59,32.29,1
7561,SKU-GRO-007561,Velocity Breakfast Model-562,Grocery & Pantry,Breakfast,Velocity,260.22,413.55,1
7562,SKU-BEA-007562,Matrix Skincare Model-563,Beauty & Care,Skincare,Matrix,170.97,415.15,1
7563,SKU-AUT-007563,Titan Car Care Model-564,Automotive,Car Care,Titan,172.04,279.96,1
7564,SKU-GRO-007564,Titan Breakfast Model-565,Grocery & Pantry,Breakfast,Titan,448.16,615,1
7565,SKU-SPO-007565,Apex Camping & Hiking Model-566,Sports & Outdoors,Camping & Hiking,Apex,136.4,246.58,1
7566,SKU-ELE-007566,Nova Laptops Model-567,Electronics,Laptops,Nova,417.06,881.07,1
7567,SKU-HOM-007567,Matrix Cookware Model-568,Home & Kitchen,Cookware,Matrix,215.21,481.28,1
7568,SKU-APP-007568,Pulse Sportswear Model-569,Apparel,Sportswear,Pulse,244.94,465.07,1
7569,SKU-APP-007569,Aura Men's Clothing Model-570,Apparel,Men's Clothing,Aura,318.31,482.47,1
7570,SKU-APP-007570,Nova Outerwear Model-571,Apparel,Outerwear,Nova,262.92,452.78,0
7571,SKU-APP-007571,Pulse Women's Clothing Model-572,Apparel,Women's Clothing,Pulse,112.2,152.94,1
7572,SKU-HOM-007572,Apex Furniture Model-573,Home & Kitchen,Furniture,Apex,280.92,611.5,0
7573,SKU-TOY-007573,Horizon Outdoor Toys Model-574,Toys & Games,Outdoor Toys,Horizon,158.07,345.95,1
7574,SKU-HOM-007574,Titan Furniture Model-575,Home & Kitchen,Furniture,Titan,70.61,91.76,1
7575,SKU-APP-007575,Vortex Women's Clothing Model-576,Apparel,Women's Clothing,Vortex,410.46,909.99,0
7576,SKU-APP-007576,Lumina Sportswear Model-577,Apparel,Sportswear,Lumina,446.62,822.61,1
7577,SKU-GRO-007577,Aura Canned Goods Model-578,Grocery & Pantry,Canned Goods,Aura,192.26,315.26,1
7578,SKU-AUT-007578,Nova Interior Accessories Model-579,Automotive,Interior Accessories,Nova,374.46,848.37,1
7579,SKU-HOM-007579,Matrix Cookware Model-580,Home & Kitchen,Cookware,Matrix,331.37,468.44,1
7580,SKU-HOM-007580,Sol Cookware Model-581,Home & Kitchen,Cookware,Sol,295.93,502.92,1
7581,SKU-BEA-007581,Sol Cosmetics Model-582,Beauty & Care,Cosmetics,Sol,282.81,374.16,1
7582,SKU-BEA-007582,Pulse Personal Care Model-583,Beauty & Care,Personal Care,Pulse,227.4,481.11,1
7583,SKU-SPO-007583,Velocity Water Sports Model-584,Sports & Outdoors,Water Sports,Velocity,252.43,577.61,0
7584,SKU-ELE-007584,Pulse Wearables Model-585,Electronics,Wearables,Pulse,54.01,68.46,1
7585,SKU-AUT-007585,Horizon Car Care Model-586,Automotive,Car Care,Horizon,145.82,319.72,1
7586,SKU-TOY-007586,Sol Action Figures Model-587,Toys & Games,Action Figures,Sol,262.97,444.83,0
7587,SKU-GRO-007587,Lumina Organic Foods Model-588,Grocery & Pantry,Organic Foods,Lumina,217.97,335.58,1
7588,SKU-TOY-007588,Titan Educational Toys Model-589,Toys & Games,Educational Toys,Titan,231.82,387.2,1
7589,SKU-SPO-007589,Summit Cycling Model-590,Sports & Outdoors,Cycling,Summit,394.05,790.38,1
7590,SKU-HOM-007590,Nova Furniture Model-591,Home & Kitchen,Furniture,Nova,294.87,501.49,1
7591,SKU-HOM-007591,Matrix Decor Model-592,Home & Kitchen,Decor,Matrix,82.21,111.64,0
7592,SKU-ELE-007592,Sol Accessories Model-593,Electronics,Accessories,Sol,347.39,837.93,1
7593,SKU-SPO-007593,Apex Fitness Gear Model-594,Sports & Outdoors,Fitness Gear,Apex,153.31,197.28,1
7594,SKU-APP-007594,Nova Sportswear Model-595,Apparel,Sportswear,Nova,430.23,898.98,1
7595,SKU-ELE-007595,Vortex Smartphones Model-596,Electronics,Smartphones,Vortex,78.37,101.73,1
7596,SKU-APP-007596,Nova Women's Clothing Model-597,Apparel,Women's Clothing,Nova,408.72,658.33,1
7597,SKU-GRO-007597,Lumina Canned Goods Model-598,Grocery & Pantry,Canned Goods,Lumina,426.55,709.36,1
7598,SKU-AUT-007598,Matrix Car Care Model-599,Automotive,Car Care,Matrix,190.52,266.26,1
7599,SKU-SPO-007599,Prism Water Sports Model-600,Sports & Outdoors,Water Sports,Prism,126.98,188.47,1
7600,SKU-AUT-007600,Apex Oils & Fluids Model-601,Automotive,Oils & Fluids,Apex,96.53,183.19,1
7601,SKU-HOM-007601,Prism Decor Model-602,Home & Kitchen,Decor,Prism,303.04,420.91,1
7602,SKU-HOM-007602,Prism Cookware Model-603,Home & Kitchen,Cookware,Prism,73.85,104.96,1
7603,SKU-SPO-007603,Sol Fitness Gear Model-604,Sports & Outdoors,Fitness Gear,Sol,336.11,764.05,1
7604,SKU-APP-007604,Velocity Accessories Model-605,Apparel,Accessories,Velocity,34.91,43.88,1
7605,SKU-GRO-007605,Pulse Breakfast Model-606,Grocery & Pantry,Breakfast,Pulse,101.37,182.44,1
7606,SKU-GRO-007606,Zenith Snacks Model-607,Grocery & Pantry,Snacks,Zenith,323.2,677.97,1
7607,SKU-HOM-007607,Nova Furniture Model-608,Home & Kitchen,Furniture,Nova,201.17,377.84,1
7608,SKU-HOM-007608,Echo Cookware Model-609,Home & Kitchen,Cookware,Echo,441.89,580.26,1
7609,SKU-APP-007609,Aura Accessories Model-610,Apparel,Accessories,Aura,55.56,123.99,1
7610,SKU-AUT-007610,Nova Tools & Equipment Model-611,Automotive,Tools & Equipment,Nova,438.17,596.21,1
7611,SKU-AUT-007611,Echo Car Care Model-612,Automotive,Car Care,Echo,198.86,406.48,1
7612,SKU-APP-007612,Pulse Men's Clothing Model-613,Apparel,Men's Clothing,Pulse,101.46,180.52,0
7613,SKU-GRO-007613,Apex Breakfast Model-614,Grocery & Pantry,Breakfast,Apex,329.68,670.24,1
7614,SKU-SPO-007614,Vortex Camping & Hiking Model-615,Sports & Outdoors,Camping & Hiking,Vortex,55.21,126.09,1
7615,SKU-BEA-007615,Matrix Personal Care Model-616,Beauty & Care,Personal Care,Matrix,210.04,508.89,0
7616,SKU-AUT-007616,Titan Tools & Equipment Model-617,Automotive,Tools & Equipment,Titan,297.87,429.26,0
7617,SKU-AUT-007617,Apex Car Care Model-618,Automotive,Car Care,Apex,118.54,158.55,1
7618,SKU-AUT-007618,Sol Interior Accessories Model-619,Automotive,Interior Accessories,Sol,264.88,387.23,1
7619,SKU-SPO-007619,Vortex Camping & Hiking Model-620,Sports & Outdoors,Camping & Hiking,Vortex,143.92,228.26,1
7620,SKU-ELE-007620,Aura Smartphones Model-621,Electronics,Smartphones,Aura,313.27,627.01,0
7621,SKU-APP-007621,Echo Men's Clothing Model-622,Apparel,Men's Clothing,Echo,70.73,129.43,1
7622,SKU-HOM-007622,Matrix Storage Model-623,Home & Kitchen,Storage,Matrix,291.34,410.16,1
7623,SKU-APP-007623,Echo Outerwear Model-624,Apparel,Outerwear,Echo,83.82,155.02,1
7624,SKU-TOY-007624,Vortex Action Figures Model-625,Toys & Games,Action Figures,Vortex,131.44,265.16,1
7625,SKU-APP-007625,Nova Sportswear Model-626,Apparel,Sportswear,Nova,41.34,84.25,1
7626,SKU-ELE-007626,Zenith Accessories Model-627,Electronics,Accessories,Zenith,328.5,690.18,1
7627,SKU-GRO-007627,Vortex Beverages Model-628,Grocery & Pantry,Beverages,Vortex,346.63,837.98,0
7628,SKU-TOY-007628,Pulse Action Figures Model-629,Toys & Games,Action Figures,Pulse,336.44,691.56,1
7629,SKU-APP-007629,Apex Sportswear Model-630,Apparel,Sportswear,Apex,173.53,360.01,1
7630,SKU-GRO-007630,Apex Condiments Model-631,Grocery & Pantry,Condiments,Apex,329.03,506.5,0
7631,SKU-SPO-007631,Echo Team Sports Model-632,Sports & Outdoors,Team Sports,Echo,16.68,22.14,1
7632,SKU-APP-007632,Matrix Sportswear Model-633,Apparel,Sportswear,Matrix,268.38,517.55,1
7633,SKU-TOY-007633,Zenith Board Games Model-634,Toys & Games,Board Games,Zenith,366.46,855.08,1
7634,SKU-HOM-007634,Vortex Decor Model-635,Home & Kitchen,Decor,Vortex,419.16,686.68,1
7635,SKU-AUT-007635,Velocity Tools & Equipment Model-636,Automotive,Tools & Equipment,Velocity,201.33,341.73,1
7636,SKU-HOM-007636,Nova Decor Model-637,Home & Kitchen,Decor,Nova,223.67,534.22,1
7637,SKU-ELE-007637,Vortex Wearables Model-638,Electronics,Wearables,Vortex,140.88,308.44,1
7638,SKU-APP-007638,Sol Footwear Model-639,Apparel,Footwear,Sol,447.97,1075.11,1
7639,SKU-TOY-007639,Velocity Outdoor Toys Model-640,Toys & Games,Outdoor Toys,Velocity,67.85,151.28,1
7640,SKU-AUT-007640,Matrix Interior Accessories Model-641,Automotive,Interior Accessories,Matrix,51.73,117.35,1
7641,SKU-AUT-007641,Pulse Tools & Equipment Model-642,Automotive,Tools & Equipment,Pulse,119.4,277.53,1
7642,SKU-ELE-007642,Vortex Smart Home Model-643,Electronics,Smart Home,Vortex,298.6,457.44,1
7643,SKU-TOY-007643,Titan Outdoor Toys Model-644,Toys & Games,Outdoor Toys,Titan,165.61,325.94,1
7644,SKU-BEA-007644,Horizon Cosmetics Model-645,Beauty & Care,Cosmetics,Horizon,252.47,351.98,0
7645,SKU-BEA-007645,Aura Fragrances Model-646,Beauty & Care,Fragrances,Aura,45,78.32,1
7646,SKU-SPO-007646,Apex Team Sports Model-647,Sports & Outdoors,Team Sports,Apex,329.85,509.02,1
7647,SKU-HOM-007647,Horizon Small Appliances Model-648,Home & Kitchen,Small Appliances,Horizon,271.57,391.16,1
7648,SKU-HOM-007648,Titan Cookware Model-649,Home & Kitchen,Cookware,Titan,359.48,527.99,1
7649,SKU-APP-007649,Echo Sportswear Model-650,Apparel,Sportswear,Echo,345.46,659.09,1
7650,SKU-TOY-007650,Zenith Outdoor Toys Model-651,Toys & Games,Outdoor Toys,Zenith,49.12,100.86,1
7651,SKU-APP-007651,Summit Outerwear Model-652,Apparel,Outerwear,Summit,370.26,664.47,1
7652,SKU-GRO-007652,Titan Organic Foods Model-653,Grocery & Pantry,Organic Foods,Titan,432.83,962.58,1
7653,SKU-APP-007653,Matrix Outerwear Model-654,Apparel,Outerwear,Matrix,182.64,427.64,1
7654,SKU-HOM-007654,Lumina Storage Model-655,Home & Kitchen,Storage,Lumina,241.77,503.11,1
7655,SKU-ELE-007655,Horizon Wearables Model-656,Electronics,Wearables,Horizon,236.19,362.55,1
7656,SKU-AUT-007656,Apex Tools & Equipment Model-657,Automotive,Tools & Equipment,Apex,84.97,158.59,1
7657,SKU-ELE-007657,Lumina Smartphones Model-658,Electronics,Smartphones,Lumina,390.79,703.75,1
7658,SKU-AUT-007658,Sol Tools & Equipment Model-659,Automotive,Tools & Equipment,Sol,429.05,862.98,1
7659,SKU-GRO-007659,Matrix Breakfast Model-660,Grocery & Pantry,Breakfast,Matrix,380.7,728.07,1
7660,SKU-AUT-007660,Titan Car Care Model-661,Automotive,Car Care,Titan,439.64,599.17,1
7661,SKU-GRO-007661,Zenith Condiments Model-662,Grocery & Pantry,Condiments,Zenith,54.44,123.39,1
7662,SKU-TOY-007662,Nova Action Figures Model-663,Toys & Games,Action Figures,Nova,116.8,273.36,1
7663,SKU-TOY-007663,Zenith Puzzles Model-664,Toys & Games,Puzzles,Zenith,42.69,105.37,1
7664,SKU-GRO-007664,Apex Organic Foods Model-665,Grocery & Pantry,Organic Foods,Apex,421.82,865.53,1
7665,SKU-BEA-007665,Aura Haircare Model-666,Beauty & Care,Haircare,Aura,44.76,105.61,1
7666,SKU-APP-007666,Sol Accessories Model-667,Apparel,Accessories,Sol,45.72,64.83,0
7667,SKU-BEA-007667,Apex Personal Care Model-668,Beauty & Care,Personal Care,Apex,369.85,793.38,1
7668,SKU-TOY-007668,Pulse Educational Toys Model-669,Toys & Games,Educational Toys,Pulse,356.4,469.95,1
7669,SKU-SPO-007669,Echo Cycling Model-670,Sports & Outdoors,Cycling,Echo,337.24,677.91,1
7670,SKU-HOM-007670,Echo Furniture Model-671,Home & Kitchen,Furniture,Echo,133.73,207.53,1
7671,SKU-APP-007671,Aura Footwear Model-672,Apparel,Footwear,Aura,343.66,661.45,1
7672,SKU-ELE-007672,Horizon Laptops Model-673,Electronics,Laptops,Horizon,317.52,712.13,1
7673,SKU-BEA-007673,Horizon Haircare Model-674,Beauty & Care,Haircare,Horizon,183.26,236.03,1
7674,SKU-TOY-007674,Zenith Outdoor Toys Model-675,Toys & Games,Outdoor Toys,Zenith,184.65,454.55,1
7675,SKU-GRO-007675,Sol Canned Goods Model-676,Grocery & Pantry,Canned Goods,Sol,350.25,623.93,1
7676,SKU-ELE-007676,Matrix Smart Home Model-677,Electronics,Smart Home,Matrix,278.63,486.35,1
7677,SKU-APP-007677,Prism Women's Clothing Model-678,Apparel,Women's Clothing,Prism,274.08,503.2,1
7678,SKU-ELE-007678,Nova Laptops Model-679,Electronics,Laptops,Nova,293.83,474.15,1
7679,SKU-GRO-007679,Sol Condiments Model-680,Grocery & Pantry,Condiments,Sol,137.77,302.23,1
7680,SKU-HOM-007680,Apex Cookware Model-681,Home & Kitchen,Cookware,Apex,148.06,260.12,1
7681,SKU-BEA-007681,Apex Skincare Model-682,Beauty & Care,Skincare,Apex,413.84,818.63,1
7682,SKU-AUT-007682,Velocity Interior Accessories Model-683,Automotive,Interior Accessories,Velocity,300.28,493.58,1
7683,SKU-HOM-007683,Prism Bedding Model-684,Home & Kitchen,Bedding,Prism,275.34,648.41,1
7684,SKU-ELE-007684,Velocity Smart Home Model-685,Electronics,Smart Home,Velocity,443.66,768.86,1
7685,SKU-SPO-007685,Titan Camping & Hiking Model-686,Sports & Outdoors,Camping & Hiking,Titan,285.51,381.79,0
7686,SKU-ELE-007686,Titan Laptops Model-687,Electronics,Laptops,Titan,21.91,44.01,1
7687,SKU-GRO-007687,Vortex Breakfast Model-688,Grocery & Pantry,Breakfast,Vortex,327.68,448.72,1
7688,SKU-AUT-007688,Pulse Car Care Model-689,Automotive,Car Care,Pulse,186.23,382.74,1
7689,SKU-HOM-007689,Pulse Storage Model-690,Home & Kitchen,Storage,Pulse,320.85,429.19,1
7690,SKU-SPO-007690,Zenith Fitness Gear Model-691,Sports & Outdoors,Fitness Gear,Zenith,153.68,383.83,1
7691,SKU-HOM-007691,Summit Decor Model-692,Home & Kitchen,Decor,Summit,126.27,173.52,1
7692,SKU-GRO-007692,Nova Condiments Model-693,Grocery & Pantry,Condiments,Nova,28.44,38.33,1
7693,SKU-AUT-007693,Echo Oils & Fluids Model-694,Automotive,Oils & Fluids,Echo,83.66,186.32,1
7694,SKU-TOY-007694,Lumina Puzzles Model-695,Toys & Games,Puzzles,Lumina,248.21,594.11,1
7695,SKU-APP-007695,Nova Outerwear Model-696,Apparel,Outerwear,Nova,93.49,133.9,1
7696,SKU-GRO-007696,Titan Condiments Model-697,Grocery & Pantry,Condiments,Titan,241.48,572.31,1
7697,SKU-BEA-007697,Lumina Fragrances Model-698,Beauty & Care,Fragrances,Lumina,102.8,196.86,1
7698,SKU-HOM-007698,Zenith Furniture Model-699,Home & Kitchen,Furniture,Zenith,169.87,420.13,1
7699,SKU-SPO-007699,Horizon Fitness Gear Model-700,Sports & Outdoors,Fitness Gear,Horizon,10.32,24.8,1
7700,SKU-HOM-007700,Apex Furniture Model-701,Home & Kitchen,Furniture,Apex,165.3,329.85,1
7701,SKU-SPO-007701,Lumina Team Sports Model-702,Sports & Outdoors,Team Sports,Lumina,126.66,158.66,1
7702,SKU-AUT-007702,Nova Interior Accessories Model-703,Automotive,Interior Accessories,Nova,111.92,176.98,1
7703,SKU-SPO-007703,Echo Cycling Model-704,Sports & Outdoors,Cycling,Echo,129.65,281.17,1
7704,SKU-AUT-007704,Horizon Oils & Fluids Model-705,Automotive,Oils & Fluids,Horizon,175.97,367.5,1
7705,SKU-SPO-007705,Horizon Fitness Gear Model-706,Sports & Outdoors,Fitness Gear,Horizon,211.05,348.07,1
7706,SKU-GRO-007706,Aura Beverages Model-707,Grocery & Pantry,Beverages,Aura,141.27,267.06,1
7707,SKU-HOM-007707,Lumina Decor Model-708,Home & Kitchen,Decor,Lumina,213.94,362.8,1
7708,SKU-BEA-007708,Horizon Personal Care Model-709,Beauty & Care,Personal Care,Horizon,275.7,461.85,1
7709,SKU-BEA-007709,Nova Personal Care Model-710,Beauty & Care,Personal Care,Nova,370.78,506.3,1
7710,SKU-GRO-007710,Nova Snacks Model-711,Grocery & Pantry,Snacks,Nova,99.3,167.69,1
7711,SKU-ELE-007711,Apex Audio & Headphones Model-712,Electronics,Audio & Headphones,Apex,244.37,539.49,1
7712,SKU-HOM-007712,Pulse Furniture Model-713,Home & Kitchen,Furniture,Pulse,309.93,480.16,1
7713,SKU-BEA-007713,Matrix Fragrances Model-714,Beauty & Care,Fragrances,Matrix,170.76,338.06,1
7714,SKU-BEA-007714,Summit Skincare Model-715,Beauty & Care,Skincare,Summit,354.08,646.18,1
7715,SKU-TOY-007715,Apex Outdoor Toys Model-716,Toys & Games,Outdoor Toys,Apex,332.42,483.27,1
7716,SKU-GRO-007716,Pulse Beverages Model-717,Grocery & Pantry,Beverages,Pulse,178.94,365.13,1
7717,SKU-HOM-007717,Sol Small Appliances Model-718,Home & Kitchen,Small Appliances,Sol,248.97,567.73,1
7718,SKU-AUT-007718,Pulse Car Care Model-719,Automotive,Car Care,Pulse,420.46,670.42,1
7719,SKU-BEA-007719,Summit Personal Care Model-720,Beauty & Care,Personal Care,Summit,356.06,499.54,1
7720,SKU-TOY-007720,Pulse Outdoor Toys Model-721,Toys & Games,Outdoor Toys,Pulse,264.55,465.74,1
7721,SKU-BEA-007721,Zenith Personal Care Model-722,Beauty & Care,Personal Care,Zenith,187.82,389.06,1
7722,SKU-GRO-007722,Titan Condiments Model-723,Grocery & Pantry,Condiments,Titan,17.76,38.12,1
7723,SKU-SPO-007723,Zenith Fitness Gear Model-724,Sports & Outdoors,Fitness Gear,Zenith,236.04,521.86,1
7724,SKU-APP-007724,Aura Accessories Model-725,Apparel,Accessories,Aura,253.87,415.55,1
7725,SKU-ELE-007725,Prism Audio & Headphones Model-726,Electronics,Audio & Headphones,Prism,440.6,791.74,1
7726,SKU-APP-007726,Velocity Sportswear Model-727,Apparel,Sportswear,Velocity,88.99,199.23,1
7727,SKU-GRO-007727,Echo Beverages Model-728,Grocery & Pantry,Beverages,Echo,137.67,293.15,1
7728,SKU-APP-007728,Horizon Sportswear Model-729,Apparel,Sportswear,Horizon,200.9,447.2,1
7729,SKU-APP-007729,Apex Outerwear Model-730,Apparel,Outerwear,Apex,29.97,49.56,1
7730,SKU-TOY-007730,Summit Educational Toys Model-731,Toys & Games,Educational Toys,Summit,193.45,360.94,1
7731,SKU-BEA-007731,Summit Haircare Model-732,Beauty & Care,Haircare,Summit,292.66,379.72,0
7732,SKU-ELE-007732,Apex Smartphones Model-733,Electronics,Smartphones,Apex,398.88,804.23,0
7733,SKU-BEA-007733,Summit Cosmetics Model-734,Beauty & Care,Cosmetics,Summit,320.28,515.14,1
7734,SKU-HOM-007734,Horizon Furniture Model-735,Home & Kitchen,Furniture,Horizon,227.07,375.83,1
7735,SKU-SPO-007735,Sol Water Sports Model-736,Sports & Outdoors,Water Sports,Sol,41.45,57.13,1
7736,SKU-HOM-007736,Echo Furniture Model-737,Home & Kitchen,Furniture,Echo,377.49,848.68,1
7737,SKU-SPO-007737,Lumina Cycling Model-738,Sports & Outdoors,Cycling,Lumina,209.77,439.86,1
7738,SKU-AUT-007738,Vortex Interior Accessories Model-739,Automotive,Interior Accessories,Vortex,366.2,621.52,1
7739,SKU-BEA-007739,Echo Cosmetics Model-740,Beauty & Care,Cosmetics,Echo,247.83,379.95,1
7740,SKU-SPO-007740,Lumina Camping & Hiking Model-741,Sports & Outdoors,Camping & Hiking,Lumina,162.21,390.81,1
7741,SKU-BEA-007741,Vortex Fragrances Model-742,Beauty & Care,Fragrances,Vortex,376.61,918.79,1
7742,SKU-AUT-007742,Lumina Oils & Fluids Model-743,Automotive,Oils & Fluids,Lumina,395.45,933.76,1
7743,SKU-APP-007743,Apex Sportswear Model-744,Apparel,Sportswear,Apex,186.85,301.62,1
7744,SKU-AUT-007744,Summit Car Care Model-745,Automotive,Car Care,Summit,149.82,283.59,1
7745,SKU-SPO-007745,Aura Cycling Model-746,Sports & Outdoors,Cycling,Aura,196.72,490.16,1
7746,SKU-SPO-007746,Lumina Fitness Gear Model-747,Sports & Outdoors,Fitness Gear,Lumina,368.89,501.17,1
7747,SKU-SPO-007747,Echo Fitness Gear Model-748,Sports & Outdoors,Fitness Gear,Echo,26.71,59.9,1
7748,SKU-TOY-007748,Vortex Outdoor Toys Model-749,Toys & Games,Outdoor Toys,Vortex,175.31,289.87,1
7749,SKU-ELE-007749,Vortex Smart Home Model-750,Electronics,Smart Home,Vortex,333.09,708.43,1
7750,SKU-HOM-007750,Echo Decor Model-751,Home & Kitchen,Decor,Echo,148.62,358.78,1
7751,SKU-APP-007751,Apex Accessories Model-752,Apparel,Accessories,Apex,178.28,328.13,1
7752,SKU-HOM-007752,Echo Storage Model-753,Home & Kitchen,Storage,Echo,168.06,308.28,1
7753,SKU-ELE-007753,Sol Wearables Model-754,Electronics,Wearables,Sol,100.14,146.96,1
7754,SKU-SPO-007754,Matrix Cycling Model-755,Sports & Outdoors,Cycling,Matrix,288.64,519.09,1
7755,SKU-BEA-007755,Matrix Haircare Model-756,Beauty & Care,Haircare,Matrix,157.31,330.59,1
7756,SKU-HOM-007756,Sol Bedding Model-757,Home & Kitchen,Bedding,Sol,161.04,315,1
7757,SKU-AUT-007757,Echo Car Care Model-758,Automotive,Car Care,Echo,339.77,625.3,0
7758,SKU-APP-007758,Summit Outerwear Model-759,Apparel,Outerwear,Summit,388.04,838.33,1
7759,SKU-APP-007759,Lumina Outerwear Model-760,Apparel,Outerwear,Lumina,368.56,905.47,1
7760,SKU-APP-007760,Lumina Accessories Model-761,Apparel,Accessories,Lumina,345.62,511.3,1
7761,SKU-AUT-007761,Vortex Car Care Model-762,Automotive,Car Care,Vortex,418.95,652.72,1
7762,SKU-ELE-007762,Sol Smart Home Model-763,Electronics,Smart Home,Sol,377.69,740.77,1
7763,SKU-GRO-007763,Nova Canned Goods Model-764,Grocery & Pantry,Canned Goods,Nova,322.33,583.38,1
7764,SKU-TOY-007764,Horizon Puzzles Model-765,Toys & Games,Puzzles,Horizon,6.33,15.77,1
7765,SKU-SPO-007765,Pulse Camping & Hiking Model-766,Sports & Outdoors,Camping & Hiking,Pulse,185.97,294.26,1
7766,SKU-AUT-007766,Vortex Tools & Equipment Model-767,Automotive,Tools & Equipment,Vortex,319,750.96,1
7767,SKU-BEA-007767,Prism Cosmetics Model-768,Beauty & Care,Cosmetics,Prism,106.94,146.12,1
7768,SKU-APP-007768,Vortex Footwear Model-769,Apparel,Footwear,Vortex,407.86,1015.77,1
7769,SKU-HOM-007769,Sol Cookware Model-770,Home & Kitchen,Cookware,Sol,278.73,521.04,1
7770,SKU-BEA-007770,Sol Haircare Model-771,Beauty & Care,Haircare,Sol,59.21,100.61,1
7771,SKU-ELE-007771,Pulse Laptops Model-772,Electronics,Laptops,Pulse,96.64,144.69,1
7772,SKU-SPO-007772,Matrix Cycling Model-773,Sports & Outdoors,Cycling,Matrix,382.86,698.08,1
7773,SKU-AUT-007773,Matrix Interior Accessories Model-774,Automotive,Interior Accessories,Matrix,322.67,599.43,1
7774,SKU-BEA-007774,Titan Cosmetics Model-775,Beauty & Care,Cosmetics,Titan,15.75,23.7,1
7775,SKU-HOM-007775,Apex Small Appliances Model-776,Home & Kitchen,Small Appliances,Apex,137.33,295.2,1
7776,SKU-AUT-007776,Summit Tools & Equipment Model-777,Automotive,Tools & Equipment,Summit,47.04,61.82,1
7777,SKU-AUT-007777,Sol Tools & Equipment Model-778,Automotive,Tools & Equipment,Sol,103.22,196.5,1
7778,SKU-AUT-007778,Velocity Car Care Model-779,Automotive,Car Care,Velocity,90.8,201.12,0
7779,SKU-ELE-007779,Lumina Wearables Model-780,Electronics,Wearables,Lumina,103.96,220.41,1
7780,SKU-AUT-007780,Horizon Interior Accessories Model-781,Automotive,Interior Accessories,Horizon,256.75,397.49,1
7781,SKU-GRO-007781,Prism Breakfast Model-782,Grocery & Pantry,Breakfast,Prism,212.26,278.34,1
7782,SKU-TOY-007782,Pulse Board Games Model-783,Toys & Games,Board Games,Pulse,427.94,641.23,1
7783,SKU-GRO-007783,Velocity Breakfast Model-784,Grocery & Pantry,Breakfast,Velocity,425.99,797.61,1
7784,SKU-APP-007784,Vortex Footwear Model-785,Apparel,Footwear,Vortex,89.47,160.23,1
7785,SKU-AUT-007785,Summit Tools & Equipment Model-786,Automotive,Tools & Equipment,Summit,263.8,350.92,1
7786,SKU-ELE-007786,Nova Laptops Model-787,Electronics,Laptops,Nova,268.37,522.47,1
7787,SKU-APP-007787,Zenith Men's Clothing Model-788,Apparel,Men's Clothing,Zenith,191.3,374.69,1
7788,SKU-BEA-007788,Echo Haircare Model-789,Beauty & Care,Haircare,Echo,35.51,67.4,1
7789,SKU-SPO-007789,Echo Team Sports Model-790,Sports & Outdoors,Team Sports,Echo,59.22,142.5,0
7790,SKU-SPO-007790,Lumina Fitness Gear Model-791,Sports & Outdoors,Fitness Gear,Lumina,129.39,243.45,1
7791,SKU-APP-007791,Summit Accessories Model-792,Apparel,Accessories,Summit,35.76,85.73,1
7792,SKU-HOM-007792,Echo Storage Model-793,Home & Kitchen,Storage,Echo,423.15,897.05,1
7793,SKU-ELE-007793,Prism Laptops Model-794,Electronics,Laptops,Prism,300.84,476.62,1
7794,SKU-BEA-007794,Horizon Personal Care Model-795,Beauty & Care,Personal Care,Horizon,23.2,33.15,1
7795,SKU-TOY-007795,Aura Board Games Model-796,Toys & Games,Board Games,Aura,434.02,843.44,1
7796,SKU-BEA-007796,Pulse Personal Care Model-797,Beauty & Care,Personal Care,Pulse,252.48,342.16,1
7797,SKU-APP-007797,Vortex Accessories Model-798,Apparel,Accessories,Vortex,161.22,380.68,1
7798,SKU-AUT-007798,Aura Car Care Model-799,Automotive,Car Care,Aura,163.06,231.2,1
7799,SKU-ELE-007799,Zenith Smartphones Model-800,Electronics,Smartphones,Zenith,165.2,214.9,1
7800,SKU-ELE-007800,Echo Smart Home Model-801,Electronics,Smart Home,Echo,320.29,692.57,1
7801,SKU-GRO-007801,Matrix Organic Foods Model-802,Grocery & Pantry,Organic Foods,Matrix,386.36,837.86,1
7802,SKU-ELE-007802,Aura Laptops Model-803,Electronics,Laptops,Aura,23.46,43.92,1
7803,SKU-SPO-007803,Aura Camping & Hiking Model-804,Sports & Outdoors,Camping & Hiking,Aura,315.52,758.01,1
7804,SKU-ELE-007804,Titan Smart Home Model-805,Electronics,Smart Home,Titan,277.53,676.04,1
7805,SKU-ELE-007805,Nova Smart Home Model-806,Electronics,Smart Home,Nova,402.82,846.12,1
7806,SKU-APP-007806,Horizon Women's Clothing Model-807,Apparel,Women's Clothing,Horizon,411.4,986.83,1
7807,SKU-SPO-007807,Velocity Team Sports Model-808,Sports & Outdoors,Team Sports,Velocity,14.79,29.35,1
7808,SKU-GRO-007808,Nova Organic Foods Model-809,Grocery & Pantry,Organic Foods,Nova,401.86,596.33,1
7809,SKU-AUT-007809,Summit Oils & Fluids Model-810,Automotive,Oils & Fluids,Summit,360.73,775.71,1
7810,SKU-GRO-007810,Lumina Snacks Model-811,Grocery & Pantry,Snacks,Lumina,352.65,703.65,0
7811,SKU-AUT-007811,Lumina Interior Accessories Model-812,Automotive,Interior Accessories,Lumina,290.52,538.69,1
7812,SKU-HOM-007812,Prism Small Appliances Model-813,Home & Kitchen,Small Appliances,Prism,376.42,565.38,1
7813,SKU-GRO-007813,Apex Organic Foods Model-814,Grocery & Pantry,Organic Foods,Apex,266.04,525.17,1
7814,SKU-AUT-007814,Apex Interior Accessories Model-815,Automotive,Interior Accessories,Apex,421.99,648.57,1
7815,SKU-APP-007815,Summit Footwear Model-816,Apparel,Footwear,Summit,362.59,641.57,1
7816,SKU-AUT-007816,Echo Tools & Equipment Model-817,Automotive,Tools & Equipment,Echo,246.15,610.16,1
7817,SKU-APP-007817,Pulse Footwear Model-818,Apparel,Footwear,Pulse,440.25,831.54,0
7818,SKU-ELE-007818,Nova Smartphones Model-819,Electronics,Smartphones,Nova,143.53,354.99,1
7819,SKU-BEA-007819,Echo Personal Care Model-820,Beauty & Care,Personal Care,Echo,84.96,157.22,1
7820,SKU-APP-007820,Horizon Accessories Model-821,Apparel,Accessories,Horizon,247.49,446.57,1
7821,SKU-SPO-007821,Aura Water Sports Model-822,Sports & Outdoors,Water Sports,Aura,92.51,188.59,1
7822,SKU-SPO-007822,Echo Camping & Hiking Model-823,Sports & Outdoors,Camping & Hiking,Echo,217.71,284.66,1
7823,SKU-AUT-007823,Vortex Tools & Equipment Model-824,Automotive,Tools & Equipment,Vortex,183.07,315.23,1
7824,SKU-HOM-007824,Prism Decor Model-825,Home & Kitchen,Decor,Prism,376.49,615.16,1
7825,SKU-ELE-007825,Nova Smartphones Model-826,Electronics,Smartphones,Nova,395.34,526.64,1
7826,SKU-APP-007826,Pulse Footwear Model-827,Apparel,Footwear,Pulse,311.96,771.03,1
7827,SKU-HOM-007827,Titan Storage Model-828,Home & Kitchen,Storage,Titan,204.56,298.61,1
7828,SKU-GRO-007828,Pulse Organic Foods Model-829,Grocery & Pantry,Organic Foods,Pulse,202.03,260.98,1
7829,SKU-SPO-007829,Titan Camping & Hiking Model-830,Sports & Outdoors,Camping & Hiking,Titan,59.4,147.56,1
7830,SKU-BEA-007830,Nova Skincare Model-831,Beauty & Care,Skincare,Nova,324.93,751.53,1
7831,SKU-ELE-007831,Prism Smartphones Model-832,Electronics,Smartphones,Prism,171.59,234.63,1
7832,SKU-TOY-007832,Zenith Educational Toys Model-833,Toys & Games,Educational Toys,Zenith,429.89,1073.27,1
7833,SKU-APP-007833,Velocity Sportswear Model-834,Apparel,Sportswear,Velocity,286.19,528.75,1
7834,SKU-APP-007834,Titan Sportswear Model-835,Apparel,Sportswear,Titan,9.63,12.38,1
7835,SKU-SPO-007835,Matrix Cycling Model-836,Sports & Outdoors,Cycling,Matrix,293.15,571.04,1
7836,SKU-BEA-007836,Vortex Personal Care Model-837,Beauty & Care,Personal Care,Vortex,296.58,458.21,1
7837,SKU-HOM-007837,Horizon Storage Model-838,Home & Kitchen,Storage,Horizon,364.05,473.5,1
7838,SKU-TOY-007838,Velocity Puzzles Model-839,Toys & Games,Puzzles,Velocity,298.58,485.4,1
7839,SKU-ELE-007839,Apex Smart Home Model-840,Electronics,Smart Home,Apex,183.95,456.09,1
7840,SKU-SPO-007840,Pulse Camping & Hiking Model-841,Sports & Outdoors,Camping & Hiking,Pulse,101.13,156.62,1
7841,SKU-HOM-007841,Matrix Cookware Model-842,Home & Kitchen,Cookware,Matrix,90.3,157.56,1
7842,SKU-HOM-007842,Pulse Small Appliances Model-843,Home & Kitchen,Small Appliances,Pulse,363.48,781.06,1
7843,SKU-TOY-007843,Matrix Board Games Model-844,Toys & Games,Board Games,Matrix,113.46,180.5,1
7844,SKU-BEA-007844,Horizon Haircare Model-845,Beauty & Care,Haircare,Horizon,338.35,721.42,1
7845,SKU-ELE-007845,Horizon Audio & Headphones Model-846,Electronics,Audio & Headphones,Horizon,23.73,55.38,1
7846,SKU-AUT-007846,Sol Tools & Equipment Model-847,Automotive,Tools & Equipment,Sol,392.42,558.78,1
7847,SKU-TOY-007847,Lumina Action Figures Model-848,Toys & Games,Action Figures,Lumina,406.18,895.58,1
7848,SKU-SPO-007848,Echo Water Sports Model-849,Sports & Outdoors,Water Sports,Echo,303.8,420.76,1
7849,SKU-APP-007849,Matrix Accessories Model-850,Apparel,Accessories,Matrix,396.56,706.08,1
7850,SKU-APP-007850,Aura Accessories Model-851,Apparel,Accessories,Aura,189.03,431.06,1
7851,SKU-HOM-007851,Sol Furniture Model-852,Home & Kitchen,Furniture,Sol,221.06,415.91,1
7852,SKU-HOM-007852,Titan Furniture Model-853,Home & Kitchen,Furniture,Titan,414.9,661.8,1
7853,SKU-GRO-007853,Velocity Breakfast Model-854,Grocery & Pantry,Breakfast,Velocity,18.5,31.73,0
7854,SKU-ELE-007854,Aura Smartphones Model-855,Electronics,Smartphones,Aura,144.3,249.2,1
7855,SKU-TOY-007855,Titan Board Games Model-856,Toys & Games,Board Games,Titan,296.69,625.36,1
7856,SKU-HOM-007856,Vortex Small Appliances Model-857,Home & Kitchen,Small Appliances,Vortex,118.33,285.52,1
7857,SKU-APP-007857,Lumina Men's Clothing Model-858,Apparel,Men's Clothing,Lumina,394.73,575.03,1
7858,SKU-ELE-007858,Lumina Smartphones Model-859,Electronics,Smartphones,Lumina,230.26,356.52,1
7859,SKU-SPO-007859,Velocity Water Sports Model-860,Sports & Outdoors,Water Sports,Velocity,309.22,752.38,1
7860,SKU-GRO-007860,Aura Snacks Model-861,Grocery & Pantry,Snacks,Aura,331.05,699.68,1
7861,SKU-APP-007861,Pulse Sportswear Model-862,Apparel,Sportswear,Pulse,404.12,775.34,1
7862,SKU-BEA-007862,Summit Skincare Model-863,Beauty & Care,Skincare,Summit,328.57,679.11,1
7863,SKU-ELE-007863,Lumina Wearables Model-864,Electronics,Wearables,Lumina,233.31,417.27,1
7864,SKU-AUT-007864,Pulse Interior Accessories Model-865,Automotive,Interior Accessories,Pulse,323.89,754.24,1
7865,SKU-SPO-007865,Zenith Cycling Model-866,Sports & Outdoors,Cycling,Zenith,56.88,134.24,1
7866,SKU-APP-007866,Zenith Accessories Model-867,Apparel,Accessories,Zenith,66.84,107.42,0
7867,SKU-AUT-007867,Horizon Car Care Model-868,Automotive,Car Care,Horizon,407.36,911.12,1
7868,SKU-BEA-007868,Titan Haircare Model-869,Beauty & Care,Haircare,Titan,433.14,948.88,1
7869,SKU-SPO-007869,Apex Water Sports Model-870,Sports & Outdoors,Water Sports,Apex,194.83,273.53,1
7870,SKU-AUT-007870,Zenith Oils & Fluids Model-871,Automotive,Oils & Fluids,Zenith,18.82,36.31,1
7871,SKU-AUT-007871,Zenith Oils & Fluids Model-872,Automotive,Oils & Fluids,Zenith,75.23,177.68,0
7872,SKU-APP-007872,Titan Sportswear Model-873,Apparel,Sportswear,Titan,152.12,208.7,1
7873,SKU-SPO-007873,Velocity Cycling Model-874,Sports & Outdoors,Cycling,Velocity,267.84,662.24,1
7874,SKU-TOY-007874,Nova Puzzles Model-875,Toys & Games,Puzzles,Nova,447.2,956.68,1
7875,SKU-HOM-007875,Horizon Decor Model-876,Home & Kitchen,Decor,Horizon,136.57,313.01,1
7876,SKU-ELE-007876,Prism Smartphones Model-877,Electronics,Smartphones,Prism,383.73,894.44,1
7877,SKU-GRO-007877,Prism Organic Foods Model-878,Grocery & Pantry,Organic Foods,Prism,123.37,209.78,1
7878,SKU-SPO-007878,Aura Team Sports Model-879,Sports & Outdoors,Team Sports,Aura,240.85,563.39,0
7879,SKU-HOM-007879,Velocity Bedding Model-880,Home & Kitchen,Bedding,Velocity,281.71,610.65,1
7880,SKU-GRO-007880,Horizon Organic Foods Model-881,Grocery & Pantry,Organic Foods,Horizon,310.9,415.92,1
7881,SKU-SPO-007881,Nova Camping & Hiking Model-882,Sports & Outdoors,Camping & Hiking,Nova,417.49,920.27,0
7882,SKU-GRO-007882,Apex Organic Foods Model-883,Grocery & Pantry,Organic Foods,Apex,364.8,491.48,1
7883,SKU-APP-007883,Lumina Accessories Model-884,Apparel,Accessories,Lumina,182.38,386.38,1
7884,SKU-APP-007884,Velocity Footwear Model-885,Apparel,Footwear,Velocity,312.24,767.44,1
7885,SKU-APP-007885,Sol Footwear Model-886,Apparel,Footwear,Sol,182.01,399.24,1
7886,SKU-ELE-007886,Nova Wearables Model-887,Electronics,Wearables,Nova,373.92,886.27,1
7887,SKU-GRO-007887,Pulse Snacks Model-888,Grocery & Pantry,Snacks,Pulse,133.22,261.86,1
7888,SKU-GRO-007888,Lumina Organic Foods Model-889,Grocery & Pantry,Organic Foods,Lumina,213.06,294.39,1
7889,SKU-BEA-007889,Sol Personal Care Model-890,Beauty & Care,Personal Care,Sol,256.37,595.31,1
7890,SKU-TOY-007890,Horizon Board Games Model-891,Toys & Games,Board Games,Horizon,364.54,867.89,1
7891,SKU-AUT-007891,Summit Car Care Model-892,Automotive,Car Care,Summit,355.12,712.61,1
7892,SKU-HOM-007892,Lumina Decor Model-893,Home & Kitchen,Decor,Lumina,254.92,459.53,1
7893,SKU-APP-007893,Pulse Accessories Model-894,Apparel,Accessories,Pulse,132.2,241.23,1
7894,SKU-APP-007894,Apex Accessories Model-895,Apparel,Accessories,Apex,163.83,214.04,1
7895,SKU-SPO-007895,Apex Water Sports Model-896,Sports & Outdoors,Water Sports,Apex,10.26,23.78,1
7896,SKU-BEA-007896,Zenith Cosmetics Model-897,Beauty & Care,Cosmetics,Zenith,250.24,396.05,1
7897,SKU-TOY-007897,Aura Educational Toys Model-898,Toys & Games,Educational Toys,Aura,254.16,583.95,1
7898,SKU-SPO-007898,Matrix Water Sports Model-899,Sports & Outdoors,Water Sports,Matrix,111.42,238.12,1
7899,SKU-BEA-007899,Zenith Skincare Model-900,Beauty & Care,Skincare,Zenith,355.66,584.31,1
7900,SKU-TOY-007900,Apex Board Games Model-901,Toys & Games,Board Games,Apex,172.73,228.06,1
7901,SKU-ELE-007901,Matrix Smartphones Model-902,Electronics,Smartphones,Matrix,333.64,604.05,1
7902,SKU-AUT-007902,Pulse Interior Accessories Model-903,Automotive,Interior Accessories,Pulse,264.93,374.06,1
7903,SKU-BEA-007903,Apex Haircare Model-904,Beauty & Care,Haircare,Apex,202.26,464.05,1
7904,SKU-APP-007904,Zenith Sportswear Model-905,Apparel,Sportswear,Zenith,73.75,181.66,1
7905,SKU-GRO-007905,Horizon Beverages Model-906,Grocery & Pantry,Beverages,Horizon,73,96.56,1
7906,SKU-SPO-007906,Zenith Team Sports Model-907,Sports & Outdoors,Team Sports,Zenith,124.3,294.77,1
7907,SKU-TOY-007907,Apex Puzzles Model-908,Toys & Games,Puzzles,Apex,204.43,371.98,1
7908,SKU-SPO-007908,Pulse Camping & Hiking Model-909,Sports & Outdoors,Camping & Hiking,Pulse,79.21,157.13,1
7909,SKU-SPO-007909,Zenith Cycling Model-910,Sports & Outdoors,Cycling,Zenith,336.84,501.8,1
7910,SKU-APP-007910,Titan Men's Clothing Model-911,Apparel,Men's Clothing,Titan,122.29,215.2,1
7911,SKU-HOM-007911,Matrix Storage Model-912,Home & Kitchen,Storage,Matrix,419.14,758.81,1
7912,SKU-AUT-007912,Titan Car Care Model-913,Automotive,Car Care,Titan,194.18,436.43,1
7913,SKU-APP-007913,Vortex Sportswear Model-914,Apparel,Sportswear,Vortex,16.49,20.77,1
7914,SKU-GRO-007914,Echo Organic Foods Model-915,Grocery & Pantry,Organic Foods,Echo,24.12,52.19,1
7915,SKU-TOY-007915,Aura Educational Toys Model-916,Toys & Games,Educational Toys,Aura,28.35,55.43,1
7916,SKU-ELE-007916,Velocity Laptops Model-917,Electronics,Laptops,Velocity,362.33,603.29,1
7917,SKU-ELE-007917,Matrix Smartphones Model-918,Electronics,Smartphones,Matrix,440.57,1076,1
7918,SKU-APP-007918,Summit Footwear Model-919,Apparel,Footwear,Summit,432.14,1074.88,1
7919,SKU-HOM-007919,Summit Bedding Model-920,Home & Kitchen,Bedding,Summit,298.07,643.7,1
7920,SKU-HOM-007920,Apex Furniture Model-921,Home & Kitchen,Furniture,Apex,134.83,230.97,1
7921,SKU-SPO-007921,Horizon Camping & Hiking Model-922,Sports & Outdoors,Camping & Hiking,Horizon,250.81,400.75,1
7922,SKU-ELE-007922,Sol Accessories Model-923,Electronics,Accessories,Sol,142.22,294.54,1
7923,SKU-ELE-007923,Nova Wearables Model-924,Electronics,Wearables,Nova,406.56,822.04,1
7924,SKU-HOM-007924,Nova Storage Model-925,Home & Kitchen,Storage,Nova,379.38,882.01,1
7925,SKU-SPO-007925,Velocity Team Sports Model-926,Sports & Outdoors,Team Sports,Velocity,293.11,645.27,1
7926,SKU-ELE-007926,Aura Audio & Headphones Model-927,Electronics,Audio & Headphones,Aura,268.47,377.8,1
7927,SKU-HOM-007927,Zenith Cookware Model-928,Home & Kitchen,Cookware,Zenith,376.07,623.2,0
7928,SKU-BEA-007928,Pulse Personal Care Model-929,Beauty & Care,Personal Care,Pulse,419.82,939.48,1
7929,SKU-SPO-007929,Echo Water Sports Model-930,Sports & Outdoors,Water Sports,Echo,337.72,807.35,1
7930,SKU-TOY-007930,Vortex Outdoor Toys Model-931,Toys & Games,Outdoor Toys,Vortex,426.24,536.34,1
7931,SKU-BEA-007931,Matrix Haircare Model-932,Beauty & Care,Haircare,Matrix,323.02,593.51,1
7932,SKU-AUT-007932,Lumina Car Care Model-933,Automotive,Car Care,Lumina,375.6,572.29,1
7933,SKU-APP-007933,Sol Footwear Model-934,Apparel,Footwear,Sol,411.94,562.07,1
7934,SKU-BEA-007934,Aura Haircare Model-935,Beauty & Care,Haircare,Aura,51.45,109.36,1
7935,SKU-AUT-007935,Apex Car Care Model-936,Automotive,Car Care,Apex,297.09,522.29,1
7936,SKU-TOY-007936,Sol Outdoor Toys Model-937,Toys & Games,Outdoor Toys,Sol,298.87,380.02,1
7937,SKU-ELE-007937,Aura Accessories Model-938,Electronics,Accessories,Aura,42.57,54.28,1
7938,SKU-AUT-007938,Pulse Car Care Model-939,Automotive,Car Care,Pulse,391.06,692.1,1
7939,SKU-APP-007939,Apex Sportswear Model-940,Apparel,Sportswear,Apex,411.93,619.37,1
7940,SKU-TOY-007940,Aura Board Games Model-941,Toys & Games,Board Games,Aura,48.81,114.2,0
7941,SKU-AUT-007941,Summit Tools & Equipment Model-942,Automotive,Tools & Equipment,Summit,209.95,262.69,1
7942,SKU-ELE-007942,Velocity Audio & Headphones Model-943,Electronics,Audio & Headphones,Velocity,139.99,257.64,1
7943,SKU-SPO-007943,Titan Team Sports Model-944,Sports & Outdoors,Team Sports,Titan,14.15,25.61,1
7944,SKU-GRO-007944,Vortex Condiments Model-945,Grocery & Pantry,Condiments,Vortex,384.83,813.54,1
7945,SKU-ELE-007945,Matrix Wearables Model-946,Electronics,Wearables,Matrix,226,315.27,0
7946,SKU-TOY-007946,Velocity Outdoor Toys Model-947,Toys & Games,Outdoor Toys,Velocity,357.92,730.01,1
7947,SKU-ELE-007947,Lumina Smartphones Model-948,Electronics,Smartphones,Lumina,26.25,37.12,0
7948,SKU-AUT-007948,Horizon Car Care Model-949,Automotive,Car Care,Horizon,406.24,970.14,1
7949,SKU-APP-007949,Matrix Accessories Model-950,Apparel,Accessories,Matrix,132.66,169.5,1
7950,SKU-BEA-007950,Pulse Haircare Model-951,Beauty & Care,Haircare,Pulse,302.15,682.66,1
7951,SKU-AUT-007951,Sol Oils & Fluids Model-952,Automotive,Oils & Fluids,Sol,118.82,233.9,1
7952,SKU-AUT-007952,Vortex Tools & Equipment Model-953,Automotive,Tools & Equipment,Vortex,419.48,939.25,1
7953,SKU-AUT-007953,Pulse Car Care Model-954,Automotive,Car Care,Pulse,129.35,195,1
7954,SKU-AUT-007954,Pulse Tools & Equipment Model-955,Automotive,Tools & Equipment,Pulse,125.15,180.04,1
7955,SKU-ELE-007955,Prism Laptops Model-956,Electronics,Laptops,Prism,213.88,373.74,1
7956,SKU-AUT-007956,Zenith Oils & Fluids Model-957,Automotive,Oils & Fluids,Zenith,254.49,621.27,1
7957,SKU-ELE-007957,Titan Audio & Headphones Model-958,Electronics,Audio & Headphones,Titan,63.47,126.95,1
7958,SKU-AUT-007958,Pulse Car Care Model-959,Automotive,Car Care,Pulse,152.1,346.88,1
7959,SKU-HOM-007959,Summit Bedding Model-960,Home & Kitchen,Bedding,Summit,245.63,357.44,1
7960,SKU-SPO-007960,Vortex Water Sports Model-961,Sports & Outdoors,Water Sports,Vortex,145.76,273.03,1
7961,SKU-AUT-007961,Apex Interior Accessories Model-962,Automotive,Interior Accessories,Apex,412.99,1026.52,1
7962,SKU-SPO-007962,Lumina Camping & Hiking Model-963,Sports & Outdoors,Camping & Hiking,Lumina,95.71,145.98,1
7963,SKU-SPO-007963,Sol Fitness Gear Model-964,Sports & Outdoors,Fitness Gear,Sol,212.62,531.42,0
7964,SKU-AUT-007964,Vortex Oils & Fluids Model-965,Automotive,Oils & Fluids,Vortex,435.21,570.83,0
7965,SKU-HOM-007965,Horizon Storage Model-966,Home & Kitchen,Storage,Horizon,171.28,271.37,1
7966,SKU-GRO-007966,Nova Breakfast Model-967,Grocery & Pantry,Breakfast,Nova,205.5,508.25,1
7967,SKU-AUT-007967,Velocity Interior Accessories Model-968,Automotive,Interior Accessories,Velocity,145.5,225.63,1
7968,SKU-APP-007968,Echo Outerwear Model-969,Apparel,Outerwear,Echo,426.8,732.77,1
7969,SKU-TOY-007969,Apex Board Games Model-970,Toys & Games,Board Games,Apex,319.05,691.64,1
7970,SKU-SPO-007970,Matrix Cycling Model-971,Sports & Outdoors,Cycling,Matrix,186.3,407.04,1
7971,SKU-GRO-007971,Apex Breakfast Model-972,Grocery & Pantry,Breakfast,Apex,384.97,737.37,1
7972,SKU-APP-007972,Summit Sportswear Model-973,Apparel,Sportswear,Summit,177.01,308.72,1
7973,SKU-BEA-007973,Pulse Personal Care Model-974,Beauty & Care,Personal Care,Pulse,393.47,605,1
7974,SKU-SPO-007974,Apex Team Sports Model-975,Sports & Outdoors,Team Sports,Apex,6.03,9.89,1
7975,SKU-AUT-007975,Summit Interior Accessories Model-976,Automotive,Interior Accessories,Summit,186.68,395.31,1
7976,SKU-HOM-007976,Apex Cookware Model-977,Home & Kitchen,Cookware,Apex,92.88,199.14,1
7977,SKU-ELE-007977,Summit Accessories Model-978,Electronics,Accessories,Summit,104.64,198.93,1
7978,SKU-TOY-007978,Lumina Educational Toys Model-979,Toys & Games,Educational Toys,Lumina,288.04,699.8,1
7979,SKU-ELE-007979,Titan Accessories Model-980,Electronics,Accessories,Titan,323.12,797.18,1
7980,SKU-GRO-007980,Echo Condiments Model-981,Grocery & Pantry,Condiments,Echo,399.99,642.22,1
7981,SKU-HOM-007981,Vortex Bedding Model-982,Home & Kitchen,Bedding,Vortex,116.07,167.71,1
7982,SKU-AUT-007982,Matrix Interior Accessories Model-983,Automotive,Interior Accessories,Matrix,96.94,198.19,1
7983,SKU-TOY-007983,Nova Outdoor Toys Model-984,Toys & Games,Outdoor Toys,Nova,188.12,374.94,1
7984,SKU-TOY-007984,Velocity Action Figures Model-985,Toys & Games,Action Figures,Velocity,166.17,411.47,1
7985,SKU-AUT-007985,Nova Interior Accessories Model-986,Automotive,Interior Accessories,Nova,438.66,1033.03,1
7986,SKU-SPO-007986,Zenith Fitness Gear Model-987,Sports & Outdoors,Fitness Gear,Zenith,239.74,519.95,1
7987,SKU-AUT-007987,Velocity Car Care Model-988,Automotive,Car Care,Velocity,319.44,614.27,1
7988,SKU-BEA-007988,Matrix Cosmetics Model-989,Beauty & Care,Cosmetics,Matrix,174.38,434.98,1
7989,SKU-BEA-007989,Nova Fragrances Model-990,Beauty & Care,Fragrances,Nova,381.39,484.67,1
7990,SKU-HOM-007990,Horizon Small Appliances Model-991,Home & Kitchen,Small Appliances,Horizon,9.18,15.01,1
7991,SKU-BEA-007991,Horizon Cosmetics Model-992,Beauty & Care,Cosmetics,Horizon,232.61,405.67,1
7992,SKU-GRO-007992,Titan Snacks Model-993,Grocery & Pantry,Snacks,Titan,16.63,29.54,1
7993,SKU-HOM-007993,Titan Cookware Model-994,Home & Kitchen,Cookware,Titan,326.66,470.41,1
7994,SKU-AUT-007994,Prism Oils & Fluids Model-995,Automotive,Oils & Fluids,Prism,336.03,761.45,1
7995,SKU-TOY-007995,Velocity Outdoor Toys Model-996,Toys & Games,Outdoor Toys,Velocity,194.68,286.92,1
7996,SKU-ELE-007996,Nova Audio & Headphones Model-997,Electronics,Audio & Headphones,Nova,180.74,302.84,1
7997,SKU-TOY-007997,Prism Educational Toys Model-998,Toys & Games,Educational Toys,Prism,111.62,227.99,1
7998,SKU-GRO-007998,Aura Snacks Model-999,Grocery & Pantry,Snacks,Aura,36.99,51.51,1
7999,SKU-BEA-007999,Lumina Personal Care Model-1000,Beauty & Care,Personal Care,Lumina,318.11,450.71,1
8000,SKU-BEA-008000,Horizon Cosmetics Model-001,Beauty & Care,Cosmetics,Horizon,45.32,100.86,1
8001,SKU-AUT-008001,Pulse Interior Accessories Model-002,Automotive,Interior Accessories,Pulse,275.38,459.91,1
8002,SKU-APP-008002,Aura Men's Clothing Model-003,Apparel,Men's Clothing,Aura,261.12,452.02,1
8003,SKU-TOY-008003,Prism Outdoor Toys Model-004,Toys & Games,Outdoor Toys,Prism,226.97,456.68,1
8004,SKU-TOY-008004,Apex Puzzles Model-005,Toys & Games,Puzzles,Apex,296.33,603.2,1
8005,SKU-SPO-008005,Apex Cycling Model-006,Sports & Outdoors,Cycling,Apex,17.14,28.58,1
8006,SKU-SPO-008006,Prism Team Sports Model-007,Sports & Outdoors,Team Sports,Prism,426.78,539,1
8007,SKU-GRO-008007,Sol Breakfast Model-008,Grocery & Pantry,Breakfast,Sol,158.94,273.55,1
8008,SKU-BEA-008008,Horizon Fragrances Model-009,Beauty & Care,Fragrances,Horizon,193.21,309.13,1
8009,SKU-AUT-008009,Zenith Oils & Fluids Model-010,Automotive,Oils & Fluids,Zenith,230.76,416.41,1
8010,SKU-GRO-008010,Nova Breakfast Model-011,Grocery & Pantry,Breakfast,Nova,83.76,118.41,1
8011,SKU-APP-008011,Summit Footwear Model-012,Apparel,Footwear,Summit,50.81,94.67,1
8012,SKU-ELE-008012,Velocity Wearables Model-013,Electronics,Wearables,Velocity,313.25,423.93,1
8013,SKU-HOM-008013,Apex Small Appliances Model-014,Home & Kitchen,Small Appliances,Apex,241.93,360.5,1
8014,SKU-APP-008014,Sol Accessories Model-015,Apparel,Accessories,Sol,390.11,842.98,1
8015,SKU-AUT-008015,Summit Interior Accessories Model-016,Automotive,Interior Accessories,Summit,289.38,670.6,1
8016,SKU-AUT-008016,Prism Car Care Model-017,Automotive,Car Care,Prism,426.66,585.39,1
8017,SKU-SPO-008017,Zenith Camping & Hiking Model-018,Sports & Outdoors,Camping & Hiking,Zenith,185.84,428.14,1
8018,SKU-TOY-008018,Echo Action Figures Model-019,Toys & Games,Action Figures,Echo,420.77,816.74,1
8019,SKU-HOM-008019,Titan Cookware Model-020,Home & Kitchen,Cookware,Titan,244.37,567.36,1
8020,SKU-SPO-008020,Lumina Water Sports Model-021,Sports & Outdoors,Water Sports,Lumina,301.92,686.03,1
8021,SKU-GRO-008021,Lumina Condiments Model-022,Grocery & Pantry,Condiments,Lumina,42.01,61.55,1
8022,SKU-HOM-008022,Titan Furniture Model-023,Home & Kitchen,Furniture,Titan,397.9,695.42,1
8023,SKU-ELE-008023,Apex Wearables Model-024,Electronics,Wearables,Apex,53.7,99.26,1
8024,SKU-APP-008024,Aura Outerwear Model-025,Apparel,Outerwear,Aura,5.32,11.92,1
8025,SKU-APP-008025,Matrix Women's Clothing Model-026,Apparel,Women's Clothing,Matrix,360.68,852.84,1
8026,SKU-AUT-008026,Echo Interior Accessories Model-027,Automotive,Interior Accessories,Echo,447.59,568.02,1
8027,SKU-TOY-008027,Zenith Outdoor Toys Model-028,Toys & Games,Outdoor Toys,Zenith,428.42,837.39,1
8028,SKU-ELE-008028,Nova Audio & Headphones Model-029,Electronics,Audio & Headphones,Nova,54.57,131.37,1
8029,SKU-GRO-008029,Apex Canned Goods Model-030,Grocery & Pantry,Canned Goods,Apex,51.81,68.48,1
8030,SKU-APP-008030,Matrix Men's Clothing Model-031,Apparel,Men's Clothing,Matrix,355.3,553.79,1
8031,SKU-HOM-008031,Vortex Storage Model-032,Home & Kitchen,Storage,Vortex,66.06,132.19,1
8032,SKU-ELE-008032,Horizon Wearables Model-033,Electronics,Wearables,Horizon,248.31,483.3,1
8033,SKU-SPO-008033,Zenith Cycling Model-034,Sports & Outdoors,Cycling,Zenith,242.74,467,1
8034,SKU-BEA-008034,Lumina Skincare Model-035,Beauty & Care,Skincare,Lumina,163.51,325.35,1
8035,SKU-TOY-008035,Aura Outdoor Toys Model-036,Toys & Games,Outdoor Toys,Aura,61.58,98.96,1
8036,SKU-HOM-008036,Echo Decor Model-037,Home & Kitchen,Decor,Echo,444.43,654.66,1
8037,SKU-APP-008037,Pulse Women's Clothing Model-038,Apparel,Women's Clothing,Pulse,295.21,619.03,1
8038,SKU-AUT-008038,Zenith Oils & Fluids Model-039,Automotive,Oils & Fluids,Zenith,376.05,587.42,1
8039,SKU-APP-008039,Aura Outerwear Model-040,Apparel,Outerwear,Aura,172.4,293.01,1
8040,SKU-BEA-008040,Pulse Haircare Model-041,Beauty & Care,Haircare,Pulse,150.7,234.07,1
8041,SKU-ELE-008041,Prism Accessories Model-042,Electronics,Accessories,Prism,334.05,771.72,0
8042,SKU-TOY-008042,Pulse Action Figures Model-043,Toys & Games,Action Figures,Pulse,381.14,503.37,1
8043,SKU-ELE-008043,Prism Smart Home Model-044,Electronics,Smart Home,Prism,422.11,978.06,1
8044,SKU-APP-008044,Vortex Footwear Model-045,Apparel,Footwear,Vortex,52.77,124.34,1
8045,SKU-GRO-008045,Nova Beverages Model-046,Grocery & Pantry,Beverages,Nova,203.68,448.3,1
8046,SKU-SPO-008046,Zenith Camping & Hiking Model-047,Sports & Outdoors,Camping & Hiking,Zenith,7.85,13,0
8047,SKU-BEA-008047,Lumina Skincare Model-048,Beauty & Care,Skincare,Lumina,110.78,201.97,1
8048,SKU-AUT-008048,Echo Interior Accessories Model-049,Automotive,Interior Accessories,Echo,224.24,555.69,1
8049,SKU-SPO-008049,Apex Camping & Hiking Model-050,Sports & Outdoors,Camping & Hiking,Apex,46.91,74.84,1
8050,SKU-ELE-008050,Pulse Laptops Model-051,Electronics,Laptops,Pulse,42.57,71.35,1
8051,SKU-BEA-008051,Horizon Cosmetics Model-052,Beauty & Care,Cosmetics,Horizon,323.54,567.3,1
8052,SKU-APP-008052,Nova Footwear Model-053,Apparel,Footwear,Nova,403.45,553.11,1
8053,SKU-BEA-008053,Matrix Skincare Model-054,Beauty & Care,Skincare,Matrix,413.95,631.8,1
8054,SKU-APP-008054,Lumina Accessories Model-055,Apparel,Accessories,Lumina,68.09,91.86,1
8055,SKU-BEA-008055,Velocity Haircare Model-056,Beauty & Care,Haircare,Velocity,299.72,410.1,1
8056,SKU-BEA-008056,Lumina Cosmetics Model-057,Beauty & Care,Cosmetics,Lumina,178.69,386.09,1
8057,SKU-APP-008057,Summit Outerwear Model-058,Apparel,Outerwear,Summit,208.03,326.78,1
8058,SKU-BEA-008058,Zenith Personal Care Model-059,Beauty & Care,Personal Care,Zenith,255.97,417.6,1
8059,SKU-BEA-008059,Summit Personal Care Model-060,Beauty & Care,Personal Care,Summit,194.13,358.61,1
8060,SKU-AUT-008060,Zenith Tools & Equipment Model-061,Automotive,Tools & Equipment,Zenith,357.41,525.54,1
8061,SKU-BEA-008061,Sol Fragrances Model-062,Beauty & Care,Fragrances,Sol,335.65,674.45,1
8062,SKU-TOY-008062,Velocity Puzzles Model-063,Toys & Games,Puzzles,Velocity,345.36,817.95,1
8063,SKU-AUT-008063,Echo Car Care Model-064,Automotive,Car Care,Echo,134.84,241.07,1
8064,SKU-HOM-008064,Matrix Cookware Model-065,Home & Kitchen,Cookware,Matrix,143.36,257.14,1
8065,SKU-SPO-008065,Pulse Team Sports Model-066,Sports & Outdoors,Team Sports,Pulse,181.42,286.18,1
8066,SKU-BEA-008066,Sol Fragrances Model-067,Beauty & Care,Fragrances,Sol,239.08,379.57,1
8067,SKU-SPO-008067,Titan Team Sports Model-068,Sports & Outdoors,Team Sports,Titan,54.85,78.1,1
8068,SKU-ELE-008068,Prism Wearables Model-069,Electronics,Wearables,Prism,359.34,483.91,1
8069,SKU-TOY-008069,Summit Outdoor Toys Model-070,Toys & Games,Outdoor Toys,Summit,86.89,157.18,1
8070,SKU-SPO-008070,Apex Water Sports Model-071,Sports & Outdoors,Water Sports,Apex,418.52,1033.2,1
8071,SKU-BEA-008071,Titan Cosmetics Model-072,Beauty & Care,Cosmetics,Titan,64.65,130.35,1
8072,SKU-AUT-008072,Nova Tools & Equipment Model-073,Automotive,Tools & Equipment,Nova,381.42,797.49,1
8073,SKU-ELE-008073,Pulse Laptops Model-074,Electronics,Laptops,Pulse,410.91,661.79,1
8074,SKU-SPO-008074,Nova Cycling Model-075,Sports & Outdoors,Cycling,Nova,240.67,397.27,1
8075,SKU-BEA-008075,Prism Personal Care Model-076,Beauty & Care,Personal Care,Prism,378.6,905.33,1
8076,SKU-ELE-008076,Matrix Smartphones Model-077,Electronics,Smartphones,Matrix,437.81,663.92,1
8077,SKU-AUT-008077,Zenith Interior Accessories Model-078,Automotive,Interior Accessories,Zenith,55.47,120.19,1
8078,SKU-APP-008078,Titan Women's Clothing Model-079,Apparel,Women's Clothing,Titan,28.57,63.06,1
8079,SKU-APP-008079,Prism Men's Clothing Model-080,Apparel,Men's Clothing,Prism,32.78,78.82,1
8080,SKU-HOM-008080,Summit Cookware Model-081,Home & Kitchen,Cookware,Summit,248.46,588.46,1
8081,SKU-ELE-008081,Pulse Smartphones Model-082,Electronics,Smartphones,Pulse,324.01,478.81,1
8082,SKU-GRO-008082,Velocity Breakfast Model-083,Grocery & Pantry,Breakfast,Velocity,388.99,643.82,1
8083,SKU-HOM-008083,Horizon Decor Model-084,Home & Kitchen,Decor,Horizon,323.52,707.07,1
8084,SKU-ELE-008084,Aura Smart Home Model-085,Electronics,Smart Home,Aura,265.73,342.44,1
8085,SKU-AUT-008085,Matrix Car Care Model-086,Automotive,Car Care,Matrix,36.59,72.55,1
8086,SKU-BEA-008086,Velocity Personal Care Model-087,Beauty & Care,Personal Care,Velocity,429.42,821.77,1
8087,SKU-HOM-008087,Horizon Bedding Model-088,Home & Kitchen,Bedding,Horizon,232.54,305.34,1
8088,SKU-SPO-008088,Sol Fitness Gear Model-089,Sports & Outdoors,Fitness Gear,Sol,206.73,386.22,1
8089,SKU-AUT-008089,Pulse Tools & Equipment Model-090,Automotive,Tools & Equipment,Pulse,346.7,717.76,1
8090,SKU-TOY-008090,Titan Action Figures Model-091,Toys & Games,Action Figures,Titan,198.71,446.97,1
8091,SKU-ELE-008091,Pulse Laptops Model-092,Electronics,Laptops,Pulse,167.02,340.85,1
8092,SKU-ELE-008092,Velocity Audio & Headphones Model-093,Electronics,Audio & Headphones,Velocity,435.66,552.57,1
8093,SKU-GRO-008093,Horizon Beverages Model-094,Grocery & Pantry,Beverages,Horizon,14.88,23.34,0
8094,SKU-BEA-008094,Sol Haircare Model-095,Beauty & Care,Haircare,Sol,39.69,95.14,1
8095,SKU-TOY-008095,Prism Board Games Model-096,Toys & Games,Board Games,Prism,385.62,654.02,1
8096,SKU-SPO-008096,Aura Water Sports Model-097,Sports & Outdoors,Water Sports,Aura,225.5,540.49,1
8097,SKU-ELE-008097,Titan Accessories Model-098,Electronics,Accessories,Titan,359.84,519.22,0
8098,SKU-HOM-008098,Titan Small Appliances Model-099,Home & Kitchen,Small Appliances,Titan,210.57,469.32,1
8099,SKU-APP-008099,Prism Men's Clothing Model-100,Apparel,Men's Clothing,Prism,141.61,315.82,1
8100,SKU-ELE-008100,Prism Smart Home Model-101,Electronics,Smart Home,Prism,14.29,33.93,1
8101,SKU-GRO-008101,Summit Snacks Model-102,Grocery & Pantry,Snacks,Summit,313.63,573.02,1
8102,SKU-ELE-008102,Prism Laptops Model-103,Electronics,Laptops,Prism,365.46,856.46,1
8103,SKU-APP-008103,Velocity Sportswear Model-104,Apparel,Sportswear,Velocity,327.56,705.62,1
8104,SKU-TOY-008104,Vortex Puzzles Model-105,Toys & Games,Puzzles,Vortex,436.88,1085.15,1
8105,SKU-AUT-008105,Velocity Car Care Model-106,Automotive,Car Care,Velocity,401.69,522.63,1
8106,SKU-BEA-008106,Lumina Skincare Model-107,Beauty & Care,Skincare,Lumina,432.35,714.49,1
8107,SKU-SPO-008107,Pulse Camping & Hiking Model-108,Sports & Outdoors,Camping & Hiking,Pulse,263.65,427.99,1
8108,SKU-TOY-008108,Nova Educational Toys Model-109,Toys & Games,Educational Toys,Nova,126.66,176.69,1
8109,SKU-BEA-008109,Summit Haircare Model-110,Beauty & Care,Haircare,Summit,14.91,27.7,1
8110,SKU-GRO-008110,Summit Organic Foods Model-111,Grocery & Pantry,Organic Foods,Summit,346.09,819.73,1
8111,SKU-SPO-008111,Vortex Team Sports Model-112,Sports & Outdoors,Team Sports,Vortex,141.59,218.54,1
8112,SKU-AUT-008112,Summit Tools & Equipment Model-113,Automotive,Tools & Equipment,Summit,433.67,823.13,1
8113,SKU-TOY-008113,Prism Puzzles Model-114,Toys & Games,Puzzles,Prism,57.37,106.37,1
8114,SKU-AUT-008114,Lumina Interior Accessories Model-115,Automotive,Interior Accessories,Lumina,238.84,585.14,1
8115,SKU-GRO-008115,Nova Beverages Model-116,Grocery & Pantry,Beverages,Nova,60.53,100.71,1
8116,SKU-AUT-008116,Sol Car Care Model-117,Automotive,Car Care,Sol,98.88,202.54,1
8117,SKU-ELE-008117,Sol Smart Home Model-118,Electronics,Smart Home,Sol,342.76,449.08,1
8118,SKU-SPO-008118,Velocity Fitness Gear Model-119,Sports & Outdoors,Fitness Gear,Velocity,29.57,67.53,1
8119,SKU-GRO-008119,Matrix Breakfast Model-120,Grocery & Pantry,Breakfast,Matrix,329.07,415.56,1
8120,SKU-BEA-008120,Pulse Cosmetics Model-121,Beauty & Care,Cosmetics,Pulse,281.54,426.43,1
8121,SKU-ELE-008121,Apex Laptops Model-122,Electronics,Laptops,Apex,432.22,775.23,1
8122,SKU-HOM-008122,Summit Cookware Model-123,Home & Kitchen,Cookware,Summit,323.61,536,1
8123,SKU-HOM-008123,Lumina Furniture Model-124,Home & Kitchen,Furniture,Lumina,28.52,56.31,1
8124,SKU-AUT-008124,Zenith Interior Accessories Model-125,Automotive,Interior Accessories,Zenith,31.69,58.39,1
8125,SKU-HOM-008125,Prism Storage Model-126,Home & Kitchen,Storage,Prism,279.88,652.42,1
8126,SKU-ELE-008126,Nova Smart Home Model-127,Electronics,Smart Home,Nova,28.44,59,1
8127,SKU-AUT-008127,Horizon Interior Accessories Model-128,Automotive,Interior Accessories,Horizon,285.04,439.63,1
8128,SKU-HOM-008128,Summit Storage Model-129,Home & Kitchen,Storage,Summit,57.15,105.76,1
8129,SKU-HOM-008129,Titan Bedding Model-130,Home & Kitchen,Bedding,Titan,395.89,649.77,1
8130,SKU-TOY-008130,Prism Outdoor Toys Model-131,Toys & Games,Outdoor Toys,Prism,270.72,349.08,1
8131,SKU-TOY-008131,Horizon Board Games Model-132,Toys & Games,Board Games,Horizon,59.09,126.43,1
8132,SKU-SPO-008132,Prism Fitness Gear Model-133,Sports & Outdoors,Fitness Gear,Prism,137.61,306.88,1
8133,SKU-SPO-008133,Echo Team Sports Model-134,Sports & Outdoors,Team Sports,Echo,427.64,1029.63,1
8134,SKU-GRO-008134,Horizon Condiments Model-135,Grocery & Pantry,Condiments,Horizon,369.5,714.24,1
8135,SKU-SPO-008135,Aura Water Sports Model-136,Sports & Outdoors,Water Sports,Aura,188.62,383.16,1
8136,SKU-GRO-008136,Matrix Organic Foods Model-137,Grocery & Pantry,Organic Foods,Matrix,273.82,401.53,1
8137,SKU-TOY-008137,Titan Outdoor Toys Model-138,Toys & Games,Outdoor Toys,Titan,400.61,745.18,1
8138,SKU-AUT-008138,Apex Car Care Model-139,Automotive,Car Care,Apex,433.4,701.23,1
8139,SKU-BEA-008139,Lumina Cosmetics Model-140,Beauty & Care,Cosmetics,Lumina,192.76,424.56,1
8140,SKU-APP-008140,Vortex Outerwear Model-141,Apparel,Outerwear,Vortex,345.73,545.96,1
8141,SKU-BEA-008141,Pulse Skincare Model-142,Beauty & Care,Skincare,Pulse,8.94,16.75,1
8142,SKU-BEA-008142,Sol Skincare Model-143,Beauty & Care,Skincare,Sol,299.54,631.61,1
8143,SKU-GRO-008143,Echo Condiments Model-144,Grocery & Pantry,Condiments,Echo,134.1,321.9,1
8144,SKU-AUT-008144,Apex Oils & Fluids Model-145,Automotive,Oils & Fluids,Apex,433.68,588.83,1
8145,SKU-GRO-008145,Velocity Condiments Model-146,Grocery & Pantry,Condiments,Velocity,87.86,193.33,1
8146,SKU-AUT-008146,Aura Oils & Fluids Model-147,Automotive,Oils & Fluids,Aura,219.97,464.34,1
8147,SKU-BEA-008147,Velocity Skincare Model-148,Beauty & Care,Skincare,Velocity,246.36,450.9,0
8148,SKU-HOM-008148,Velocity Small Appliances Model-149,Home & Kitchen,Small Appliances,Velocity,405.72,869.57,1
8149,SKU-AUT-008149,Echo Interior Accessories Model-150,Automotive,Interior Accessories,Echo,104.84,215.54,1
8150,SKU-GRO-008150,Nova Organic Foods Model-151,Grocery & Pantry,Organic Foods,Nova,226.9,413.69,1
8151,SKU-GRO-008151,Lumina Canned Goods Model-152,Grocery & Pantry,Canned Goods,Lumina,32.78,78.29,1
8152,SKU-AUT-008152,Pulse Car Care Model-153,Automotive,Car Care,Pulse,329.72,671.18,0
8153,SKU-HOM-008153,Sol Decor Model-154,Home & Kitchen,Decor,Sol,353.88,488.88,1
8154,SKU-SPO-008154,Titan Team Sports Model-155,Sports & Outdoors,Team Sports,Titan,45.48,102.79,1
8155,SKU-HOM-008155,Zenith Furniture Model-156,Home & Kitchen,Furniture,Zenith,213.57,319.29,1
8156,SKU-GRO-008156,Echo Breakfast Model-157,Grocery & Pantry,Breakfast,Echo,278.35,356.77,1
8157,SKU-APP-008157,Matrix Outerwear Model-158,Apparel,Outerwear,Matrix,69.02,121.12,1
8158,SKU-AUT-008158,Velocity Interior Accessories Model-159,Automotive,Interior Accessories,Velocity,63.58,98.63,1
8159,SKU-APP-008159,Echo Accessories Model-160,Apparel,Accessories,Echo,324.82,764.34,1
8160,SKU-APP-008160,Nova Outerwear Model-161,Apparel,Outerwear,Nova,324.87,684.95,1
8161,SKU-ELE-008161,Lumina Smartphones Model-162,Electronics,Smartphones,Lumina,110.16,204.81,1
8162,SKU-AUT-008162,Vortex Tools & Equipment Model-163,Automotive,Tools & Equipment,Vortex,385.82,912.77,1
8163,SKU-ELE-008163,Pulse Accessories Model-164,Electronics,Accessories,Pulse,249.84,542.74,1
8164,SKU-ELE-008164,Velocity Laptops Model-165,Electronics,Laptops,Velocity,177.87,271.57,1
8165,SKU-GRO-008165,Summit Organic Foods Model-166,Grocery & Pantry,Organic Foods,Summit,227.76,295.14,1
8166,SKU-APP-008166,Vortex Sportswear Model-167,Apparel,Sportswear,Vortex,264.11,471.53,1
8167,SKU-TOY-008167,Nova Board Games Model-168,Toys & Games,Board Games,Nova,217.22,534.35,1
8168,SKU-HOM-008168,Sol Storage Model-169,Home & Kitchen,Storage,Sol,212.96,318.53,1
8169,SKU-APP-008169,Echo Accessories Model-170,Apparel,Accessories,Echo,416.92,974.49,1
8170,SKU-AUT-008170,Pulse Tools & Equipment Model-171,Automotive,Tools & Equipment,Pulse,325.06,575.48,1
8171,SKU-SPO-008171,Nova Fitness Gear Model-172,Sports & Outdoors,Fitness Gear,Nova,281.89,641.02,1
8172,SKU-GRO-008172,Horizon Organic Foods Model-173,Grocery & Pantry,Organic Foods,Horizon,121.74,301.79,1
8173,SKU-AUT-008173,Summit Tools & Equipment Model-174,Automotive,Tools & Equipment,Summit,378.15,742.02,1
8174,SKU-SPO-008174,Zenith Water Sports Model-175,Sports & Outdoors,Water Sports,Zenith,391.53,853.22,1
8175,SKU-BEA-008175,Summit Personal Care Model-176,Beauty & Care,Personal Care,Summit,98.81,237.98,1
8176,SKU-SPO-008176,Nova Cycling Model-177,Sports & Outdoors,Cycling,Nova,423.85,843.44,1
8177,SKU-APP-008177,Vortex Women's Clothing Model-178,Apparel,Women's Clothing,Vortex,101.49,250.74,1
8178,SKU-GRO-008178,Nova Breakfast Model-179,Grocery & Pantry,Breakfast,Nova,427.27,800.85,1
8179,SKU-AUT-008179,Horizon Oils & Fluids Model-180,Automotive,Oils & Fluids,Horizon,303.85,398.15,1
8180,SKU-GRO-008180,Nova Organic Foods Model-181,Grocery & Pantry,Organic Foods,Nova,65.09,112.1,1
8181,SKU-GRO-008181,Prism Breakfast Model-182,Grocery & Pantry,Breakfast,Prism,301.77,641.52,1
8182,SKU-TOY-008182,Aura Board Games Model-183,Toys & Games,Board Games,Aura,393.02,656.11,1
8183,SKU-SPO-008183,Prism Team Sports Model-184,Sports & Outdoors,Team Sports,Prism,203.94,316.75,1
8184,SKU-TOY-008184,Nova Puzzles Model-185,Toys & Games,Puzzles,Nova,61.52,143.48,1
8185,SKU-BEA-008185,Titan Fragrances Model-186,Beauty & Care,Fragrances,Titan,290.23,384.13,1
8186,SKU-TOY-008186,Pulse Puzzles Model-187,Toys & Games,Puzzles,Pulse,305.42,415.85,1
8187,SKU-APP-008187,Velocity Sportswear Model-188,Apparel,Sportswear,Velocity,399.89,671.77,1
8188,SKU-SPO-008188,Zenith Fitness Gear Model-189,Sports & Outdoors,Fitness Gear,Zenith,46.39,69.99,1
8189,SKU-HOM-008189,Echo Bedding Model-190,Home & Kitchen,Bedding,Echo,429.61,967.22,0
8190,SKU-APP-008190,Vortex Women's Clothing Model-191,Apparel,Women's Clothing,Vortex,230.03,348.8,1
8191,SKU-SPO-008191,Velocity Cycling Model-192,Sports & Outdoors,Cycling,Velocity,66.06,156.52,1
8192,SKU-BEA-008192,Summit Personal Care Model-193,Beauty & Care,Personal Care,Summit,141.96,247.96,1
8193,SKU-ELE-008193,Titan Audio & Headphones Model-194,Electronics,Audio & Headphones,Titan,256.63,324.06,1
8194,SKU-GRO-008194,Velocity Snacks Model-195,Grocery & Pantry,Snacks,Velocity,183.57,458.1,1
8195,SKU-SPO-008195,Aura Camping & Hiking Model-196,Sports & Outdoors,Camping & Hiking,Aura,257.65,503.08,1
8196,SKU-ELE-008196,Vortex Smartphones Model-197,Electronics,Smartphones,Vortex,421.3,680.21,1
8197,SKU-APP-008197,Zenith Accessories Model-198,Apparel,Accessories,Zenith,163.16,291.49,1
8198,SKU-SPO-008198,Velocity Water Sports Model-199,Sports & Outdoors,Water Sports,Velocity,108.36,255.97,1
8199,SKU-ELE-008199,Sol Smartphones Model-200,Electronics,Smartphones,Sol,132.71,233.99,1
8200,SKU-AUT-008200,Lumina Car Care Model-201,Automotive,Car Care,Lumina,28.97,59.3,1
8201,SKU-HOM-008201,Velocity Bedding Model-202,Home & Kitchen,Bedding,Velocity,386.82,639.4,1
8202,SKU-ELE-008202,Aura Smartphones Model-203,Electronics,Smartphones,Aura,282.12,427.32,1
8203,SKU-HOM-008203,Nova Cookware Model-204,Home & Kitchen,Cookware,Nova,281.43,663.61,1
8204,SKU-BEA-008204,Matrix Haircare Model-205,Beauty & Care,Haircare,Matrix,325.1,780.69,1
8205,SKU-ELE-008205,Lumina Laptops Model-206,Electronics,Laptops,Lumina,109.14,186.21,1
8206,SKU-SPO-008206,Titan Team Sports Model-207,Sports & Outdoors,Team Sports,Titan,352.36,870.53,1
8207,SKU-HOM-008207,Aura Cookware Model-208,Home & Kitchen,Cookware,Aura,66.43,132.58,1
8208,SKU-BEA-008208,Titan Fragrances Model-209,Beauty & Care,Fragrances,Titan,436.45,829.21,1
8209,SKU-APP-008209,Titan Outerwear Model-210,Apparel,Outerwear,Titan,38.63,59.62,1
8210,SKU-TOY-008210,Echo Action Figures Model-211,Toys & Games,Action Figures,Echo,180.73,244.92,1
8211,SKU-AUT-008211,Zenith Interior Accessories Model-212,Automotive,Interior Accessories,Zenith,410.18,888.75,1
8212,SKU-TOY-008212,Velocity Outdoor Toys Model-213,Toys & Games,Outdoor Toys,Velocity,338.35,684.41,1
8213,SKU-APP-008213,Zenith Men's Clothing Model-214,Apparel,Men's Clothing,Zenith,239.12,506.65,1
8214,SKU-HOM-008214,Lumina Small Appliances Model-215,Home & Kitchen,Small Appliances,Lumina,253.72,610.11,1
8215,SKU-ELE-008215,Zenith Smart Home Model-216,Electronics,Smart Home,Zenith,119.62,200.14,1
8216,SKU-BEA-008216,Lumina Cosmetics Model-217,Beauty & Care,Cosmetics,Lumina,396.78,891.72,1
8217,SKU-ELE-008217,Prism Smart Home Model-218,Electronics,Smart Home,Prism,405.47,741.49,1
8218,SKU-GRO-008218,Velocity Breakfast Model-219,Grocery & Pantry,Breakfast,Velocity,444.15,613.51,1
8219,SKU-BEA-008219,Echo Skincare Model-220,Beauty & Care,Skincare,Echo,115.32,257.91,1
8220,SKU-GRO-008220,Summit Snacks Model-221,Grocery & Pantry,Snacks,Summit,95.5,199.4,1
8221,SKU-BEA-008221,Summit Fragrances Model-222,Beauty & Care,Fragrances,Summit,113.22,266.63,1
8222,SKU-HOM-008222,Aura Cookware Model-223,Home & Kitchen,Cookware,Aura,78.98,192.6,1
8223,SKU-APP-008223,Apex Sportswear Model-224,Apparel,Sportswear,Apex,205.28,320.15,1
8224,SKU-GRO-008224,Aura Canned Goods Model-225,Grocery & Pantry,Canned Goods,Aura,66.15,165.3,1
8225,SKU-TOY-008225,Prism Outdoor Toys Model-226,Toys & Games,Outdoor Toys,Prism,47.87,67.68,1
8226,SKU-ELE-008226,Vortex Smartphones Model-227,Electronics,Smartphones,Vortex,66.06,102.55,1
8227,SKU-SPO-008227,Velocity Cycling Model-228,Sports & Outdoors,Cycling,Velocity,16.86,42.14,1
8228,SKU-APP-008228,Apex Women's Clothing Model-229,Apparel,Women's Clothing,Apex,227.42,395.07,1
8229,SKU-BEA-008229,Titan Personal Care Model-230,Beauty & Care,Personal Care,Titan,376.37,763.01,1
8230,SKU-GRO-008230,Prism Beverages Model-231,Grocery & Pantry,Beverages,Prism,290.01,633.12,1
8231,SKU-HOM-008231,Vortex Cookware Model-232,Home & Kitchen,Cookware,Vortex,236.51,496.63,1
8232,SKU-APP-008232,Matrix Women's Clothing Model-233,Apparel,Women's Clothing,Matrix,244.43,441.42,1
8233,SKU-AUT-008233,Horizon Car Care Model-234,Automotive,Car Care,Horizon,132.37,297.59,1
8234,SKU-HOM-008234,Vortex Storage Model-235,Home & Kitchen,Storage,Vortex,240.93,559.54,1
8235,SKU-AUT-008235,Zenith Oils & Fluids Model-236,Automotive,Oils & Fluids,Zenith,159.82,218.22,1
8236,SKU-APP-008236,Matrix Footwear Model-237,Apparel,Footwear,Matrix,381.25,800.11,1
8237,SKU-AUT-008237,Zenith Interior Accessories Model-238,Automotive,Interior Accessories,Zenith,202.31,439.72,1
8238,SKU-TOY-008238,Summit Educational Toys Model-239,Toys & Games,Educational Toys,Summit,357.9,641.51,1
8239,SKU-AUT-008239,Lumina Car Care Model-240,Automotive,Car Care,Lumina,222.1,280.03,1
8240,SKU-ELE-008240,Pulse Smart Home Model-241,Electronics,Smart Home,Pulse,316.41,417.53,1
8241,SKU-GRO-008241,Velocity Canned Goods Model-242,Grocery & Pantry,Canned Goods,Velocity,61.7,102.79,1
8242,SKU-GRO-008242,Zenith Breakfast Model-243,Grocery & Pantry,Breakfast,Zenith,283.74,673.26,1
8243,SKU-SPO-008243,Echo Cycling Model-244,Sports & Outdoors,Cycling,Echo,337.92,488.22,0
8244,SKU-GRO-008244,Echo Beverages Model-245,Grocery & Pantry,Beverages,Echo,386.78,534.71,1
8245,SKU-HOM-008245,Pulse Furniture Model-246,Home & Kitchen,Furniture,Pulse,188.35,386.36,1
8246,SKU-BEA-008246,Velocity Fragrances Model-247,Beauty & Care,Fragrances,Velocity,104.3,223.62,1
8247,SKU-GRO-008247,Apex Snacks Model-248,Grocery & Pantry,Snacks,Apex,327.59,697.82,1
8248,SKU-SPO-008248,Pulse Cycling Model-249,Sports & Outdoors,Cycling,Pulse,324.72,638.11,1
8249,SKU-BEA-008249,Prism Haircare Model-250,Beauty & Care,Haircare,Prism,408.11,1003.43,1
8250,SKU-ELE-008250,Vortex Wearables Model-251,Electronics,Wearables,Vortex,44.4,64.81,1
8251,SKU-BEA-008251,Nova Skincare Model-252,Beauty & Care,Skincare,Nova,211.43,347.04,1
8252,SKU-BEA-008252,Lumina Personal Care Model-253,Beauty & Care,Personal Care,Lumina,202.12,372.75,1
8253,SKU-HOM-008253,Titan Small Appliances Model-254,Home & Kitchen,Small Appliances,Titan,188.27,380.21,0
8254,SKU-BEA-008254,Vortex Cosmetics Model-255,Beauty & Care,Cosmetics,Vortex,163.94,220.24,1
8255,SKU-AUT-008255,Aura Tools & Equipment Model-256,Automotive,Tools & Equipment,Aura,11.57,18.17,1
8256,SKU-HOM-008256,Summit Storage Model-257,Home & Kitchen,Storage,Summit,414.12,558.27,1
8257,SKU-SPO-008257,Zenith Water Sports Model-258,Sports & Outdoors,Water Sports,Zenith,255.29,622.78,1
8258,SKU-AUT-008258,Summit Car Care Model-259,Automotive,Car Care,Summit,429.73,966.19,1
8259,SKU-SPO-008259,Zenith Team Sports Model-260,Sports & Outdoors,Team Sports,Zenith,431.53,662.99,0
8260,SKU-BEA-008260,Matrix Personal Care Model-261,Beauty & Care,Personal Care,Matrix,78.53,150.79,1
8261,SKU-APP-008261,Vortex Sportswear Model-262,Apparel,Sportswear,Vortex,70.67,146.61,1
8262,SKU-TOY-008262,Horizon Outdoor Toys Model-263,Toys & Games,Outdoor Toys,Horizon,162.67,224.26,0
8263,SKU-BEA-008263,Pulse Fragrances Model-264,Beauty & Care,Fragrances,Pulse,295.73,454.18,1
8264,SKU-HOM-008264,Velocity Furniture Model-265,Home & Kitchen,Furniture,Velocity,73.08,164.44,1
8265,SKU-HOM-008265,Velocity Furniture Model-266,Home & Kitchen,Furniture,Velocity,96.06,166.04,1
8266,SKU-ELE-008266,Summit Smartphones Model-267,Electronics,Smartphones,Summit,174.56,409.89,1
8267,SKU-BEA-008267,Lumina Cosmetics Model-268,Beauty & Care,Cosmetics,Lumina,372.36,543.86,1
8268,SKU-SPO-008268,Pulse Team Sports Model-269,Sports & Outdoors,Team Sports,Pulse,208.6,395.42,1
8269,SKU-BEA-008269,Horizon Skincare Model-270,Beauty & Care,Skincare,Horizon,95.33,196.46,1
8270,SKU-SPO-008270,Aura Cycling Model-271,Sports & Outdoors,Cycling,Aura,345.47,620.24,1
8271,SKU-BEA-008271,Horizon Cosmetics Model-272,Beauty & Care,Cosmetics,Horizon,401.17,551.91,1
8272,SKU-SPO-008272,Zenith Water Sports Model-273,Sports & Outdoors,Water Sports,Zenith,261.3,499.93,1
8273,SKU-HOM-008273,Pulse Furniture Model-274,Home & Kitchen,Furniture,Pulse,285.3,477.56,1
8274,SKU-GRO-008274,Lumina Condiments Model-275,Grocery & Pantry,Condiments,Lumina,140.82,271.13,1
8275,SKU-APP-008275,Pulse Sportswear Model-276,Apparel,Sportswear,Pulse,263.87,494.15,1
8276,SKU-BEA-008276,Prism Personal Care Model-277,Beauty & Care,Personal Care,Prism,403.73,558.96,0
8277,SKU-HOM-008277,Horizon Storage Model-278,Home & Kitchen,Storage,Horizon,354.6,837.28,1
8278,SKU-APP-008278,Aura Sportswear Model-279,Apparel,Sportswear,Aura,196.46,322.8,1
8279,SKU-HOM-008279,Aura Storage Model-280,Home & Kitchen,Storage,Aura,91.25,220.77,1
8280,SKU-ELE-008280,Apex Audio & Headphones Model-281,Electronics,Audio & Headphones,Apex,19.14,44.08,1
8281,SKU-APP-008281,Aura Women's Clothing Model-282,Apparel,Women's Clothing,Aura,201.23,369.7,1
8282,SKU-GRO-008282,Titan Condiments Model-283,Grocery & Pantry,Condiments,Titan,388.48,843.53,1
8283,SKU-HOM-008283,Velocity Decor Model-284,Home & Kitchen,Decor,Velocity,374.7,929.87,1
8284,SKU-APP-008284,Matrix Outerwear Model-285,Apparel,Outerwear,Matrix,293.21,608.56,1
8285,SKU-SPO-008285,Nova Fitness Gear Model-286,Sports & Outdoors,Fitness Gear,Nova,376.49,918.32,1
8286,SKU-HOM-008286,Matrix Furniture Model-287,Home & Kitchen,Furniture,Matrix,105.01,240.21,1
8287,SKU-SPO-008287,Sol Water Sports Model-288,Sports & Outdoors,Water Sports,Sol,363.28,468.11,1
8288,SKU-APP-008288,Summit Footwear Model-289,Apparel,Footwear,Summit,447.53,660.59,1
8289,SKU-AUT-008289,Horizon Car Care Model-290,Automotive,Car Care,Horizon,154.59,284.87,1
8290,SKU-GRO-008290,Apex Snacks Model-291,Grocery & Pantry,Snacks,Apex,398.27,541.98,1
8291,SKU-AUT-008291,Zenith Car Care Model-292,Automotive,Car Care,Zenith,41.97,91.6,1
8292,SKU-TOY-008292,Vortex Educational Toys Model-293,Toys & Games,Educational Toys,Vortex,434.91,719.46,1
8293,SKU-GRO-008293,Vortex Canned Goods Model-294,Grocery & Pantry,Canned Goods,Vortex,399.57,830.05,1
8294,SKU-APP-008294,Lumina Men's Clothing Model-295,Apparel,Men's Clothing,Lumina,335.72,454.12,1
8295,SKU-AUT-008295,Pulse Tools & Equipment Model-296,Automotive,Tools & Equipment,Pulse,363.57,800.28,1
8296,SKU-HOM-008296,Horizon Cookware Model-297,Home & Kitchen,Cookware,Horizon,65.64,100.18,1
8297,SKU-BEA-008297,Nova Personal Care Model-298,Beauty & Care,Personal Care,Nova,133.68,269.53,1
8298,SKU-SPO-008298,Summit Camping & Hiking Model-299,Sports & Outdoors,Camping & Hiking,Summit,408.34,869.15,1
8299,SKU-HOM-008299,Zenith Furniture Model-300,Home & Kitchen,Furniture,Zenith,73.38,176.39,1
8300,SKU-AUT-008300,Echo Tools & Equipment Model-301,Automotive,Tools & Equipment,Echo,389.96,662.24,1
8301,SKU-BEA-008301,Horizon Skincare Model-302,Beauty & Care,Skincare,Horizon,361.55,500.51,1
8302,SKU-HOM-008302,Zenith Cookware Model-303,Home & Kitchen,Cookware,Zenith,283.56,692.79,1
8303,SKU-ELE-008303,Titan Laptops Model-304,Electronics,Laptops,Titan,278.08,477.75,1
8304,SKU-BEA-008304,Pulse Fragrances Model-305,Beauty & Care,Fragrances,Pulse,18.3,36.57,1
8305,SKU-APP-008305,Apex Women's Clothing Model-306,Apparel,Women's Clothing,Apex,328.41,557.26,1
8306,SKU-APP-008306,Sol Men's Clothing Model-307,Apparel,Men's Clothing,Sol,236.13,434.32,1
8307,SKU-BEA-008307,Sol Skincare Model-308,Beauty & Care,Skincare,Sol,295.92,466.77,1
8308,SKU-HOM-008308,Velocity Cookware Model-309,Home & Kitchen,Cookware,Velocity,97.68,208.31,1
8309,SKU-APP-008309,Nova Women's Clothing Model-310,Apparel,Women's Clothing,Nova,356.1,809.49,1
8310,SKU-APP-008310,Aura Outerwear Model-311,Apparel,Outerwear,Aura,396.92,787.23,1
8311,SKU-TOY-008311,Lumina Board Games Model-312,Toys & Games,Board Games,Lumina,130.71,264.79,1
8312,SKU-AUT-008312,Lumina Tools & Equipment Model-313,Automotive,Tools & Equipment,Lumina,115.54,213.12,1
8313,SKU-HOM-008313,Titan Bedding Model-314,Home & Kitchen,Bedding,Titan,174.45,313.14,1
8314,SKU-TOY-008314,Nova Board Games Model-315,Toys & Games,Board Games,Nova,148.14,311.65,1
8315,SKU-GRO-008315,Lumina Condiments Model-316,Grocery & Pantry,Condiments,Lumina,290.71,402.8,1
8316,SKU-ELE-008316,Nova Smart Home Model-317,Electronics,Smart Home,Nova,141.6,213.82,1
8317,SKU-BEA-008317,Summit Fragrances Model-318,Beauty & Care,Fragrances,Summit,77.55,105.36,1
8318,SKU-BEA-008318,Echo Fragrances Model-319,Beauty & Care,Fragrances,Echo,14.33,35.24,0
8319,SKU-GRO-008319,Summit Snacks Model-320,Grocery & Pantry,Snacks,Summit,323.18,573.01,1
8320,SKU-TOY-008320,Velocity Educational Toys Model-321,Toys & Games,Educational Toys,Velocity,210.11,356.71,1
8321,SKU-APP-008321,Nova Men's Clothing Model-322,Apparel,Men's Clothing,Nova,139.67,297.39,1
8322,SKU-BEA-008322,Lumina Skincare Model-323,Beauty & Care,Skincare,Lumina,406.8,636.23,1
8323,SKU-TOY-008323,Sol Puzzles Model-324,Toys & Games,Puzzles,Sol,259.43,382.81,1
8324,SKU-ELE-008324,Sol Audio & Headphones Model-325,Electronics,Audio & Headphones,Sol,180.83,269.77,1
8325,SKU-HOM-008325,Velocity Cookware Model-326,Home & Kitchen,Cookware,Velocity,238.03,575.56,1
8326,SKU-GRO-008326,Lumina Breakfast Model-327,Grocery & Pantry,Breakfast,Lumina,23.18,51.63,1
8327,SKU-ELE-008327,Zenith Audio & Headphones Model-328,Electronics,Audio & Headphones,Zenith,169.07,403.37,0
8328,SKU-HOM-008328,Echo Decor Model-329,Home & Kitchen,Decor,Echo,47.75,118.23,1
8329,SKU-BEA-008329,Velocity Personal Care Model-330,Beauty & Care,Personal Care,Velocity,14.83,29.74,1
8330,SKU-HOM-008330,Titan Furniture Model-331,Home & Kitchen,Furniture,Titan,15.34,30.04,1
8331,SKU-TOY-008331,Velocity Outdoor Toys Model-332,Toys & Games,Outdoor Toys,Velocity,167.41,379.48,1
8332,SKU-HOM-008332,Zenith Cookware Model-333,Home & Kitchen,Cookware,Zenith,121.23,210.21,1
8333,SKU-AUT-008333,Zenith Tools & Equipment Model-334,Automotive,Tools & Equipment,Zenith,28.25,69.57,0
8334,SKU-GRO-008334,Lumina Breakfast Model-335,Grocery & Pantry,Breakfast,Lumina,224.1,449.07,1
8335,SKU-HOM-008335,Zenith Furniture Model-336,Home & Kitchen,Furniture,Zenith,162.09,313.99,1
8336,SKU-BEA-008336,Matrix Haircare Model-337,Beauty & Care,Haircare,Matrix,75.43,147.07,1
8337,SKU-APP-008337,Pulse Accessories Model-338,Apparel,Accessories,Pulse,332.8,718.69,1
8338,SKU-ELE-008338,Aura Wearables Model-339,Electronics,Wearables,Aura,340.44,540.23,1
8339,SKU-TOY-008339,Velocity Outdoor Toys Model-340,Toys & Games,Outdoor Toys,Velocity,238.11,390.43,1
8340,SKU-GRO-008340,Horizon Breakfast Model-341,Grocery & Pantry,Breakfast,Horizon,14.5,35.03,1
8341,SKU-TOY-008341,Titan Educational Toys Model-342,Toys & Games,Educational Toys,Titan,243.18,384.04,1
8342,SKU-BEA-008342,Nova Fragrances Model-343,Beauty & Care,Fragrances,Nova,20.16,39.45,1
8343,SKU-APP-008343,Velocity Outerwear Model-344,Apparel,Outerwear,Velocity,97.94,218.74,1
8344,SKU-HOM-008344,Lumina Furniture Model-345,Home & Kitchen,Furniture,Lumina,421.88,859.99,0
8345,SKU-GRO-008345,Vortex Canned Goods Model-346,Grocery & Pantry,Canned Goods,Vortex,21.49,51.86,1
8346,SKU-TOY-008346,Summit Puzzles Model-347,Toys & Games,Puzzles,Summit,170.01,382.52,1
8347,SKU-APP-008347,Velocity Men's Clothing Model-348,Apparel,Men's Clothing,Velocity,297.96,587.48,1
8348,SKU-AUT-008348,Zenith Interior Accessories Model-349,Automotive,Interior Accessories,Zenith,328.36,589.72,1
8349,SKU-TOY-008349,Aura Action Figures Model-350,Toys & Games,Action Figures,Aura,410.1,894.35,1
8350,SKU-ELE-008350,Matrix Laptops Model-351,Electronics,Laptops,Matrix,190.77,422.56,1
8351,SKU-BEA-008351,Nova Skincare Model-352,Beauty & Care,Skincare,Nova,426.49,908.81,1
8352,SKU-APP-008352,Lumina Accessories Model-353,Apparel,Accessories,Lumina,64.13,98.37,1
8353,SKU-GRO-008353,Vortex Organic Foods Model-354,Grocery & Pantry,Organic Foods,Vortex,98.21,159.25,1
8354,SKU-HOM-008354,Sol Cookware Model-355,Home & Kitchen,Cookware,Sol,159.45,383.97,1
8355,SKU-SPO-008355,Summit Cycling Model-356,Sports & Outdoors,Cycling,Summit,268.29,371.98,1
8356,SKU-GRO-008356,Prism Beverages Model-357,Grocery & Pantry,Beverages,Prism,414.41,799.73,1
8357,SKU-HOM-008357,Apex Cookware Model-358,Home & Kitchen,Cookware,Apex,130.19,245.54,1
8358,SKU-ELE-008358,Prism Accessories Model-359,Electronics,Accessories,Prism,199.78,306.03,1
8359,SKU-TOY-008359,Zenith Outdoor Toys Model-360,Toys & Games,Outdoor Toys,Zenith,44.84,102.69,1
8360,SKU-SPO-008360,Velocity Team Sports Model-361,Sports & Outdoors,Team Sports,Velocity,324.28,506.69,1
8361,SKU-SPO-008361,Velocity Team Sports Model-362,Sports & Outdoors,Team Sports,Velocity,6.36,11.74,1
8362,SKU-ELE-008362,Matrix Accessories Model-363,Electronics,Accessories,Matrix,284.96,710.9,1
8363,SKU-SPO-008363,Zenith Cycling Model-364,Sports & Outdoors,Cycling,Zenith,156.13,290.88,1
8364,SKU-BEA-008364,Nova Cosmetics Model-365,Beauty & Care,Cosmetics,Nova,413.64,934.68,1
8365,SKU-TOY-008365,Nova Outdoor Toys Model-366,Toys & Games,Outdoor Toys,Nova,397.18,912.61,1
8366,SKU-GRO-008366,Horizon Snacks Model-367,Grocery & Pantry,Snacks,Horizon,432.91,611.46,1
8367,SKU-AUT-008367,Pulse Car Care Model-368,Automotive,Car Care,Pulse,282.78,400.58,1
8368,SKU-BEA-008368,Nova Haircare Model-369,Beauty & Care,Haircare,Nova,162.27,280.81,1
8369,SKU-TOY-008369,Lumina Action Figures Model-370,Toys & Games,Action Figures,Lumina,40.09,56.85,1
8370,SKU-HOM-008370,Nova Storage Model-371,Home & Kitchen,Storage,Nova,412.7,650.75,0
8371,SKU-HOM-008371,Nova Storage Model-372,Home & Kitchen,Storage,Nova,179.01,265.76,1
8372,SKU-TOY-008372,Prism Board Games Model-373,Toys & Games,Board Games,Prism,318.11,729.59,1
8373,SKU-TOY-008373,Horizon Puzzles Model-374,Toys & Games,Puzzles,Horizon,64.49,138.77,1
8374,SKU-HOM-008374,Echo Decor Model-375,Home & Kitchen,Decor,Echo,411.6,819.14,1
8375,SKU-SPO-008375,Echo Water Sports Model-376,Sports & Outdoors,Water Sports,Echo,134.87,262.33,1
8376,SKU-BEA-008376,Velocity Haircare Model-377,Beauty & Care,Haircare,Velocity,395.01,693.1,0
8377,SKU-GRO-008377,Horizon Canned Goods Model-378,Grocery & Pantry,Canned Goods,Horizon,211.49,374.06,1
8378,SKU-ELE-008378,Velocity Smartphones Model-379,Electronics,Smartphones,Velocity,78.38,98.27,1
8379,SKU-BEA-008379,Aura Fragrances Model-380,Beauty & Care,Fragrances,Aura,48.45,110.74,1
8380,SKU-GRO-008380,Vortex Snacks Model-381,Grocery & Pantry,Snacks,Vortex,432.12,767.57,1
8381,SKU-ELE-008381,Lumina Accessories Model-382,Electronics,Accessories,Lumina,161.13,226.83,1
8382,SKU-BEA-008382,Horizon Personal Care Model-383,Beauty & Care,Personal Care,Horizon,199.06,273.95,1
8383,SKU-GRO-008383,Vortex Canned Goods Model-384,Grocery & Pantry,Canned Goods,Vortex,448.83,1061.93,1
8384,SKU-AUT-008384,Sol Car Care Model-385,Automotive,Car Care,Sol,296.77,698.53,1
8385,SKU-GRO-008385,Matrix Snacks Model-386,Grocery & Pantry,Snacks,Matrix,414.93,669.61,1
8386,SKU-GRO-008386,Lumina Organic Foods Model-387,Grocery & Pantry,Organic Foods,Lumina,449.74,621.84,1
8387,SKU-TOY-008387,Vortex Outdoor Toys Model-388,Toys & Games,Outdoor Toys,Vortex,332.51,775.32,1
8388,SKU-SPO-008388,Apex Cycling Model-389,Sports & Outdoors,Cycling,Apex,96.83,225.75,1
8389,SKU-HOM-008389,Echo Storage Model-390,Home & Kitchen,Storage,Echo,342.64,538.97,1
8390,SKU-APP-008390,Matrix Accessories Model-391,Apparel,Accessories,Matrix,101.8,230.22,1
8391,SKU-GRO-008391,Summit Beverages Model-392,Grocery & Pantry,Beverages,Summit,179.03,273.26,1
8392,SKU-GRO-008392,Zenith Condiments Model-393,Grocery & Pantry,Condiments,Zenith,409.84,924.63,1
8393,SKU-SPO-008393,Nova Team Sports Model-394,Sports & Outdoors,Team Sports,Nova,37.23,50.71,1
8394,SKU-SPO-008394,Pulse Team Sports Model-395,Sports & Outdoors,Team Sports,Pulse,233.79,295.36,1
8395,SKU-TOY-008395,Sol Board Games Model-396,Toys & Games,Board Games,Sol,90.14,127.42,1
8396,SKU-ELE-008396,Titan Smartphones Model-397,Electronics,Smartphones,Titan,70.12,147.12,1
8397,SKU-AUT-008397,Vortex Interior Accessories Model-398,Automotive,Interior Accessories,Vortex,24.37,44.57,1
8398,SKU-ELE-008398,Velocity Accessories Model-399,Electronics,Accessories,Velocity,360.36,519.1,1
8399,SKU-BEA-008399,Titan Skincare Model-400,Beauty & Care,Skincare,Titan,101.79,165.98,1
8400,SKU-HOM-008400,Aura Bedding Model-401,Home & Kitchen,Bedding,Aura,81.98,135.19,1
8401,SKU-GRO-008401,Nova Organic Foods Model-402,Grocery & Pantry,Organic Foods,Nova,326.32,499.33,1
8402,SKU-ELE-008402,Aura Smart Home Model-403,Electronics,Smart Home,Aura,350.36,866.05,1
8403,SKU-HOM-008403,Lumina Small Appliances Model-404,Home & Kitchen,Small Appliances,Lumina,180.12,378.8,1
8404,SKU-ELE-008404,Velocity Smartphones Model-405,Electronics,Smartphones,Velocity,68.38,107.02,1
8405,SKU-GRO-008405,Titan Breakfast Model-406,Grocery & Pantry,Breakfast,Titan,159.63,216.81,1
8406,SKU-APP-008406,Zenith Accessories Model-407,Apparel,Accessories,Zenith,113.98,283.38,1
8407,SKU-APP-008407,Echo Accessories Model-408,Apparel,Accessories,Echo,70.72,174.74,1
8408,SKU-AUT-008408,Velocity Tools & Equipment Model-409,Automotive,Tools & Equipment,Velocity,93.64,209.76,1
8409,SKU-APP-008409,Vortex Accessories Model-410,Apparel,Accessories,Vortex,94.09,178.32,1
8410,SKU-BEA-008410,Vortex Personal Care Model-411,Beauty & Care,Personal Care,Vortex,56.89,101.22,1
8411,SKU-AUT-008411,Velocity Car Care Model-412,Automotive,Car Care,Velocity,433.11,706.87,1
8412,SKU-BEA-008412,Lumina Haircare Model-413,Beauty & Care,Haircare,Lumina,160.83,400.04,1
8413,SKU-GRO-008413,Apex Beverages Model-414,Grocery & Pantry,Beverages,Apex,53.6,133.49,0
8414,SKU-ELE-008414,Horizon Wearables Model-415,Electronics,Wearables,Horizon,343.28,485.2,1
8415,SKU-APP-008415,Prism Women's Clothing Model-416,Apparel,Women's Clothing,Prism,256.18,470.96,1
8416,SKU-TOY-008416,Apex Educational Toys Model-417,Toys & Games,Educational Toys,Apex,343.44,446.63,1
8417,SKU-AUT-008417,Horizon Tools & Equipment Model-418,Automotive,Tools & Equipment,Horizon,103.68,131.44,1
8418,SKU-TOY-008418,Horizon Educational Toys Model-419,Toys & Games,Educational Toys,Horizon,288.95,664.71,1
8419,SKU-HOM-008419,Summit Decor Model-420,Home & Kitchen,Decor,Summit,108.88,248.11,1
8420,SKU-GRO-008420,Vortex Breakfast Model-421,Grocery & Pantry,Breakfast,Vortex,382.45,745.96,1
8421,SKU-APP-008421,Velocity Accessories Model-422,Apparel,Accessories,Velocity,162.57,224.18,1
8422,SKU-BEA-008422,Apex Personal Care Model-423,Beauty & Care,Personal Care,Apex,302.89,488.64,1
8423,SKU-BEA-008423,Zenith Cosmetics Model-424,Beauty & Care,Cosmetics,Zenith,146.47,234.41,1
8424,SKU-HOM-008424,Pulse Cookware Model-425,Home & Kitchen,Cookware,Pulse,168.85,347.78,1
8425,SKU-AUT-008425,Summit Car Care Model-426,Automotive,Car Care,Summit,160.98,209.91,1
8426,SKU-GRO-008426,Prism Organic Foods Model-427,Grocery & Pantry,Organic Foods,Prism,223.67,382.92,1
8427,SKU-SPO-008427,Matrix Cycling Model-428,Sports & Outdoors,Cycling,Matrix,59.85,78.04,1
8428,SKU-APP-008428,Prism Women's Clothing Model-429,Apparel,Women's Clothing,Prism,223.36,504.35,1
8429,SKU-AUT-008429,Aura Oils & Fluids Model-430,Automotive,Oils & Fluids,Aura,99.19,228.19,1
8430,SKU-SPO-008430,Pulse Water Sports Model-431,Sports & Outdoors,Water Sports,Pulse,19.65,45.05,0
8431,SKU-ELE-008431,Velocity Wearables Model-432,Electronics,Wearables,Velocity,384.34,725.32,1
8432,SKU-APP-008432,Velocity Accessories Model-433,Apparel,Accessories,Velocity,221.82,336.94,1
8433,SKU-AUT-008433,Horizon Interior Accessories Model-434,Automotive,Interior Accessories,Horizon,10.82,17.72,1
8434,SKU-ELE-008434,Aura Laptops Model-435,Electronics,Laptops,Aura,186.15,438.62,1
8435,SKU-GRO-008435,Horizon Canned Goods Model-436,Grocery & Pantry,Canned Goods,Horizon,266.64,472.86,0
8436,SKU-TOY-008436,Sol Educational Toys Model-437,Toys & Games,Educational Toys,Sol,212.7,410.93,1
8437,SKU-BEA-008437,Zenith Personal Care Model-438,Beauty & Care,Personal Care,Zenith,321.1,793.74,1
8438,SKU-APP-008438,Velocity Outerwear Model-439,Apparel,Outerwear,Velocity,357.47,654.93,1
8439,SKU-HOM-008439,Horizon Bedding Model-440,Home & Kitchen,Bedding,Horizon,117.53,261.54,1
8440,SKU-TOY-008440,Zenith Educational Toys Model-441,Toys & Games,Educational Toys,Zenith,47.78,73.45,0
8441,SKU-ELE-008441,Sol Wearables Model-442,Electronics,Wearables,Sol,420.72,689.27,0
8442,SKU-AUT-008442,Apex Car Care Model-443,Automotive,Car Care,Apex,106.24,222.32,1
8443,SKU-BEA-008443,Horizon Haircare Model-444,Beauty & Care,Haircare,Horizon,356.7,477.28,1
8444,SKU-GRO-008444,Echo Organic Foods Model-445,Grocery & Pantry,Organic Foods,Echo,38.22,80.05,1
8445,SKU-TOY-008445,Velocity Educational Toys Model-446,Toys & Games,Educational Toys,Velocity,429.89,612.89,1
8446,SKU-GRO-008446,Zenith Beverages Model-447,Grocery & Pantry,Beverages,Zenith,435.71,654.61,1
8447,SKU-AUT-008447,Summit Interior Accessories Model-448,Automotive,Interior Accessories,Summit,372.14,637.37,1
8448,SKU-AUT-008448,Summit Oils & Fluids Model-449,Automotive,Oils & Fluids,Summit,404.72,898.53,1
8449,SKU-TOY-008449,Prism Action Figures Model-450,Toys & Games,Action Figures,Prism,16.05,32.18,1
8450,SKU-HOM-008450,Aura Small Appliances Model-451,Home & Kitchen,Small Appliances,Aura,135.88,179.36,1
8451,SKU-AUT-008451,Zenith Tools & Equipment Model-452,Automotive,Tools & Equipment,Zenith,402.86,582.91,1
8452,SKU-TOY-008452,Zenith Action Figures Model-453,Toys & Games,Action Figures,Zenith,97.15,131.25,1
8453,SKU-APP-008453,Prism Accessories Model-454,Apparel,Accessories,Prism,147.48,367.92,1
8454,SKU-BEA-008454,Echo Fragrances Model-455,Beauty & Care,Fragrances,Echo,159.63,376.34,1
8455,SKU-AUT-008455,Matrix Car Care Model-456,Automotive,Car Care,Matrix,20.32,25.47,1
8456,SKU-TOY-008456,Aura Outdoor Toys Model-457,Toys & Games,Outdoor Toys,Aura,353.4,793.17,1
8457,SKU-GRO-008457,Nova Beverages Model-458,Grocery & Pantry,Beverages,Nova,390.75,707,1
8458,SKU-BEA-008458,Apex Cosmetics Model-459,Beauty & Care,Cosmetics,Apex,195.95,271.74,1
8459,SKU-GRO-008459,Aura Beverages Model-460,Grocery & Pantry,Beverages,Aura,264.78,639.95,1
8460,SKU-BEA-008460,Titan Skincare Model-461,Beauty & Care,Skincare,Titan,223.94,435.48,1
8461,SKU-HOM-008461,Echo Storage Model-462,Home & Kitchen,Storage,Echo,359.08,631.28,1
8462,SKU-ELE-008462,Zenith Smartphones Model-463,Electronics,Smartphones,Zenith,284.24,688.14,1
8463,SKU-APP-008463,Velocity Sportswear Model-464,Apparel,Sportswear,Velocity,354.91,644.14,1
8464,SKU-APP-008464,Pulse Women's Clothing Model-465,Apparel,Women's Clothing,Pulse,25.95,54.4,1
8465,SKU-BEA-008465,Summit Cosmetics Model-466,Beauty & Care,Cosmetics,Summit,255.16,497.04,1
8466,SKU-GRO-008466,Prism Snacks Model-467,Grocery & Pantry,Snacks,Prism,25.35,39.3,1
8467,SKU-TOY-008467,Zenith Action Figures Model-468,Toys & Games,Action Figures,Zenith,76.61,119,1
8468,SKU-AUT-008468,Prism Car Care Model-469,Automotive,Car Care,Prism,172.79,297.24,1
8469,SKU-BEA-008469,Vortex Fragrances Model-470,Beauty & Care,Fragrances,Vortex,429.58,826,1
8470,SKU-AUT-008470,Horizon Car Care Model-471,Automotive,Car Care,Horizon,320.14,704.39,1
8471,SKU-TOY-008471,Sol Puzzles Model-472,Toys & Games,Puzzles,Sol,339.57,579.59,1
8472,SKU-SPO-008472,Apex Cycling Model-473,Sports & Outdoors,Cycling,Apex,174.2,225.76,1
8473,SKU-HOM-008473,Vortex Storage Model-474,Home & Kitchen,Storage,Vortex,188.83,350.26,1
8474,SKU-HOM-008474,Titan Bedding Model-475,Home & Kitchen,Bedding,Titan,178.21,311.17,1
8475,SKU-HOM-008475,Vortex Cookware Model-476,Home & Kitchen,Cookware,Vortex,362.9,717.83,1
8476,SKU-GRO-008476,Titan Beverages Model-477,Grocery & Pantry,Beverages,Titan,141.41,315.87,1
8477,SKU-SPO-008477,Horizon Camping & Hiking Model-478,Sports & Outdoors,Camping & Hiking,Horizon,416.28,612.04,1
8478,SKU-TOY-008478,Echo Action Figures Model-479,Toys & Games,Action Figures,Echo,197.59,327.45,1
8479,SKU-AUT-008479,Sol Interior Accessories Model-480,Automotive,Interior Accessories,Sol,320.63,404.15,1
8480,SKU-APP-008480,Apex Women's Clothing Model-481,Apparel,Women's Clothing,Apex,32.07,76.05,1
8481,SKU-ELE-008481,Velocity Accessories Model-482,Electronics,Accessories,Velocity,427.66,930.35,1
8482,SKU-TOY-008482,Sol Board Games Model-483,Toys & Games,Board Games,Sol,424.82,832.69,1
8483,SKU-APP-008483,Sol Women's Clothing Model-484,Apparel,Women's Clothing,Sol,129.28,171.94,1
8484,SKU-GRO-008484,Apex Canned Goods Model-485,Grocery & Pantry,Canned Goods,Apex,199.54,339.52,1
8485,SKU-HOM-008485,Aura Bedding Model-486,Home & Kitchen,Bedding,Aura,147.52,252.77,1
8486,SKU-BEA-008486,Vortex Personal Care Model-487,Beauty & Care,Personal Care,Vortex,46.47,66.04,1
8487,SKU-HOM-008487,Lumina Decor Model-488,Home & Kitchen,Decor,Lumina,161.32,378.04,1
8488,SKU-AUT-008488,Titan Oils & Fluids Model-489,Automotive,Oils & Fluids,Titan,391.24,898.23,1
8489,SKU-SPO-008489,Zenith Water Sports Model-490,Sports & Outdoors,Water Sports,Zenith,125.56,178.27,1
8490,SKU-BEA-008490,Sol Fragrances Model-491,Beauty & Care,Fragrances,Sol,380.27,587.81,1
8491,SKU-HOM-008491,Velocity Bedding Model-492,Home & Kitchen,Bedding,Velocity,379.55,763.28,1
8492,SKU-ELE-008492,Matrix Smartphones Model-493,Electronics,Smartphones,Matrix,69.89,125.26,1
8493,SKU-HOM-008493,Aura Cookware Model-494,Home & Kitchen,Cookware,Aura,296.39,399.28,1
8494,SKU-ELE-008494,Matrix Audio & Headphones Model-495,Electronics,Audio & Headphones,Matrix,116.98,290.07,1
8495,SKU-HOM-008495,Matrix Decor Model-496,Home & Kitchen,Decor,Matrix,300.77,499.34,1
8496,SKU-HOM-008496,Lumina Furniture Model-497,Home & Kitchen,Furniture,Lumina,110.25,264.3,1
8497,SKU-TOY-008497,Sol Board Games Model-498,Toys & Games,Board Games,Sol,345.54,716.21,1
8498,SKU-ELE-008498,Prism Wearables Model-499,Electronics,Wearables,Prism,295.02,610.54,1
8499,SKU-APP-008499,Horizon Women's Clothing Model-500,Apparel,Women's Clothing,Horizon,237.65,504.13,1
8500,SKU-APP-008500,Horizon Accessories Model-501,Apparel,Accessories,Horizon,315.09,604.6,1
8501,SKU-SPO-008501,Summit Water Sports Model-502,Sports & Outdoors,Water Sports,Summit,378.91,890.97,1
8502,SKU-ELE-008502,Vortex Smart Home Model-503,Electronics,Smart Home,Vortex,179.8,277.3,1
8503,SKU-APP-008503,Vortex Sportswear Model-504,Apparel,Sportswear,Vortex,439.97,852.06,1
8504,SKU-SPO-008504,Nova Camping & Hiking Model-505,Sports & Outdoors,Camping & Hiking,Nova,99.51,195.73,1
8505,SKU-BEA-008505,Apex Fragrances Model-506,Beauty & Care,Fragrances,Apex,316.68,539.47,1
8506,SKU-BEA-008506,Sol Cosmetics Model-507,Beauty & Care,Cosmetics,Sol,106.03,171.77,1
8507,SKU-GRO-008507,Titan Snacks Model-508,Grocery & Pantry,Snacks,Titan,104.36,185.16,1
8508,SKU-GRO-008508,Lumina Canned Goods Model-509,Grocery & Pantry,Canned Goods,Lumina,244.41,436.08,1
8509,SKU-HOM-008509,Vortex Decor Model-510,Home & Kitchen,Decor,Vortex,433.31,834.06,1
8510,SKU-BEA-008510,Zenith Cosmetics Model-511,Beauty & Care,Cosmetics,Zenith,397.71,746.97,0
8511,SKU-TOY-008511,Echo Board Games Model-512,Toys & Games,Board Games,Echo,57.52,124.55,1
8512,SKU-APP-008512,Aura Women's Clothing Model-513,Apparel,Women's Clothing,Aura,24.95,60.79,1
8513,SKU-SPO-008513,Aura Camping & Hiking Model-514,Sports & Outdoors,Camping & Hiking,Aura,240.22,317.31,1
8514,SKU-BEA-008514,Vortex Fragrances Model-515,Beauty & Care,Fragrances,Vortex,173.49,362.88,1
8515,SKU-APP-008515,Pulse Accessories Model-516,Apparel,Accessories,Pulse,321.21,456.14,1
8516,SKU-HOM-008516,Lumina Furniture Model-517,Home & Kitchen,Furniture,Lumina,387.74,937.84,1
8517,SKU-HOM-008517,Horizon Furniture Model-518,Home & Kitchen,Furniture,Horizon,357.11,446.99,1
8518,SKU-APP-008518,Prism Outerwear Model-519,Apparel,Outerwear,Prism,292.6,659.11,1
8519,SKU-GRO-008519,Echo Beverages Model-520,Grocery & Pantry,Beverages,Echo,333.35,795.65,1
8520,SKU-GRO-008520,Pulse Snacks Model-521,Grocery & Pantry,Snacks,Pulse,280.1,591.88,1
8521,SKU-HOM-008521,Horizon Small Appliances Model-522,Home & Kitchen,Small Appliances,Horizon,390.67,492.45,1
8522,SKU-BEA-008522,Vortex Fragrances Model-523,Beauty & Care,Fragrances,Vortex,293.6,418.72,1
8523,SKU-TOY-008523,Summit Action Figures Model-524,Toys & Games,Action Figures,Summit,310.13,564.63,1
8524,SKU-GRO-008524,Prism Canned Goods Model-525,Grocery & Pantry,Canned Goods,Prism,365.99,738.33,1
8525,SKU-SPO-008525,Pulse Fitness Gear Model-526,Sports & Outdoors,Fitness Gear,Pulse,90.16,178.6,1
8526,SKU-BEA-008526,Titan Personal Care Model-527,Beauty & Care,Personal Care,Titan,271.96,432.33,1
8527,SKU-ELE-008527,Lumina Accessories Model-528,Electronics,Accessories,Lumina,368.36,893.54,1
8528,SKU-APP-008528,Lumina Accessories Model-529,Apparel,Accessories,Lumina,447.06,900.05,1
8529,SKU-HOM-008529,Horizon Decor Model-530,Home & Kitchen,Decor,Horizon,389.6,583.01,0
8530,SKU-ELE-008530,Velocity Accessories Model-531,Electronics,Accessories,Velocity,97.16,179.19,1
8531,SKU-APP-008531,Pulse Footwear Model-532,Apparel,Footwear,Pulse,196.73,284.29,1
8532,SKU-APP-008532,Sol Footwear Model-533,Apparel,Footwear,Sol,314.68,773,1
8533,SKU-GRO-008533,Nova Condiments Model-534,Grocery & Pantry,Condiments,Nova,26.16,49.73,1
8534,SKU-GRO-008534,Aura Condiments Model-535,Grocery & Pantry,Condiments,Aura,449.69,777.88,1
8535,SKU-TOY-008535,Matrix Puzzles Model-536,Toys & Games,Puzzles,Matrix,80.55,184.29,1
8536,SKU-BEA-008536,Titan Skincare Model-537,Beauty & Care,Skincare,Titan,257.97,577.11,1
8537,SKU-HOM-008537,Echo Storage Model-538,Home & Kitchen,Storage,Echo,156.51,341.43,1
8538,SKU-AUT-008538,Vortex Car Care Model-539,Automotive,Car Care,Vortex,259.63,634.29,1
8539,SKU-TOY-008539,Titan Puzzles Model-540,Toys & Games,Puzzles,Titan,256.34,618.26,1
8540,SKU-TOY-008540,Sol Action Figures Model-541,Toys & Games,Action Figures,Sol,69.67,140.38,1
8541,SKU-HOM-008541,Titan Small Appliances Model-542,Home & Kitchen,Small Appliances,Titan,73.6,180.94,1
8542,SKU-HOM-008542,Velocity Decor Model-543,Home & Kitchen,Decor,Velocity,422.38,730,1
8543,SKU-SPO-008543,Lumina Water Sports Model-544,Sports & Outdoors,Water Sports,Lumina,178.82,248.94,1
8544,SKU-GRO-008544,Nova Organic Foods Model-545,Grocery & Pantry,Organic Foods,Nova,35.25,67.74,1
8545,SKU-ELE-008545,Lumina Smart Home Model-546,Electronics,Smart Home,Lumina,351.66,808.41,1
8546,SKU-SPO-008546,Titan Team Sports Model-547,Sports & Outdoors,Team Sports,Titan,325.3,811.7,1
8547,SKU-HOM-008547,Sol Furniture Model-548,Home & Kitchen,Furniture,Sol,100.62,158.58,1
8548,SKU-SPO-008548,Prism Fitness Gear Model-549,Sports & Outdoors,Fitness Gear,Prism,292.08,648.63,1
8549,SKU-TOY-008549,Nova Outdoor Toys Model-550,Toys & Games,Outdoor Toys,Nova,324.02,712.24,1
8550,SKU-SPO-008550,Horizon Fitness Gear Model-551,Sports & Outdoors,Fitness Gear,Horizon,190.53,387.39,0
8551,SKU-ELE-008551,Summit Audio & Headphones Model-552,Electronics,Audio & Headphones,Summit,125.77,167.9,1
8552,SKU-HOM-008552,Pulse Storage Model-553,Home & Kitchen,Storage,Pulse,251.75,507.02,1
8553,SKU-APP-008553,Titan Footwear Model-554,Apparel,Footwear,Titan,311.25,760.98,1
8554,SKU-AUT-008554,Horizon Interior Accessories Model-555,Automotive,Interior Accessories,Horizon,117.26,248.56,1
8555,SKU-ELE-008555,Nova Smartphones Model-556,Electronics,Smartphones,Nova,343.52,749.11,1
8556,SKU-TOY-008556,Aura Puzzles Model-557,Toys & Games,Puzzles,Aura,395.46,588.79,1
8557,SKU-AUT-008557,Matrix Car Care Model-558,Automotive,Car Care,Matrix,38.01,64.67,1
8558,SKU-SPO-008558,Apex Camping & Hiking Model-559,Sports & Outdoors,Camping & Hiking,Apex,210.05,401.95,1
8559,SKU-BEA-008559,Vortex Skincare Model-560,Beauty & Care,Skincare,Vortex,275.21,447.11,1
8560,SKU-HOM-008560,Nova Furniture Model-561,Home & Kitchen,Furniture,Nova,115.41,200.2,1
8561,SKU-APP-008561,Summit Sportswear Model-562,Apparel,Sportswear,Summit,138.01,316.41,1
8562,SKU-GRO-008562,Echo Organic Foods Model-563,Grocery & Pantry,Organic Foods,Echo,57.29,128.82,1
8563,SKU-HOM-008563,Horizon Decor Model-564,Home & Kitchen,Decor,Horizon,287.12,533.2,1
8564,SKU-AUT-008564,Echo Car Care Model-565,Automotive,Car Care,Echo,322.04,446.63,1
8565,SKU-AUT-008565,Lumina Car Care Model-566,Automotive,Car Care,Lumina,115.93,181.86,1
8566,SKU-TOY-008566,Sol Action Figures Model-567,Toys & Games,Action Figures,Sol,22.6,52.81,1
8567,SKU-SPO-008567,Apex Team Sports Model-568,Sports & Outdoors,Team Sports,Apex,247.21,566.35,1
8568,SKU-TOY-008568,Pulse Puzzles Model-569,Toys & Games,Puzzles,Pulse,195.81,433.74,1
8569,SKU-GRO-008569,Apex Breakfast Model-570,Grocery & Pantry,Breakfast,Apex,256.81,518.96,1
8570,SKU-SPO-008570,Horizon Camping & Hiking Model-571,Sports & Outdoors,Camping & Hiking,Horizon,214.64,351.82,1
8571,SKU-HOM-008571,Pulse Small Appliances Model-572,Home & Kitchen,Small Appliances,Pulse,340.93,611.02,1
8572,SKU-TOY-008572,Lumina Outdoor Toys Model-573,Toys & Games,Outdoor Toys,Lumina,247.44,550.71,1
8573,SKU-ELE-008573,Pulse Smart Home Model-574,Electronics,Smart Home,Pulse,22.93,34.41,1
8574,SKU-HOM-008574,Vortex Cookware Model-575,Home & Kitchen,Cookware,Vortex,189.32,398.91,1
8575,SKU-ELE-008575,Prism Smartphones Model-576,Electronics,Smartphones,Prism,277,436.02,1
8576,SKU-BEA-008576,Velocity Haircare Model-577,Beauty & Care,Haircare,Velocity,317.04,462.56,0
8577,SKU-APP-008577,Summit Accessories Model-578,Apparel,Accessories,Summit,120.41,172.42,1
8578,SKU-HOM-008578,Sol Storage Model-579,Home & Kitchen,Storage,Sol,392.55,654.25,1
8579,SKU-HOM-008579,Velocity Bedding Model-580,Home & Kitchen,Bedding,Velocity,388.21,501.04,1
8580,SKU-HOM-008580,Apex Furniture Model-581,Home & Kitchen,Furniture,Apex,56.9,79.42,1
8581,SKU-TOY-008581,Lumina Action Figures Model-582,Toys & Games,Action Figures,Lumina,42.89,95.4,1
8582,SKU-BEA-008582,Velocity Skincare Model-583,Beauty & Care,Skincare,Velocity,66.49,83.59,1
8583,SKU-TOY-008583,Matrix Board Games Model-584,Toys & Games,Board Games,Matrix,214.06,374.56,1
8584,SKU-BEA-008584,Vortex Personal Care Model-585,Beauty & Care,Personal Care,Vortex,397.57,622.18,1
8585,SKU-HOM-008585,Horizon Cookware Model-586,Home & Kitchen,Cookware,Horizon,374.33,730.99,1
8586,SKU-SPO-008586,Pulse Fitness Gear Model-587,Sports & Outdoors,Fitness Gear,Pulse,394.6,955.28,1
8587,SKU-AUT-008587,Pulse Oils & Fluids Model-588,Automotive,Oils & Fluids,Pulse,60.74,132.2,1
8588,SKU-BEA-008588,Horizon Haircare Model-589,Beauty & Care,Haircare,Horizon,295.96,518.5,1
8589,SKU-HOM-008589,Matrix Small Appliances Model-590,Home & Kitchen,Small Appliances,Matrix,285.31,430.44,1
8590,SKU-GRO-008590,Apex Condiments Model-591,Grocery & Pantry,Condiments,Apex,116.59,244.78,1
8591,SKU-TOY-008591,Nova Educational Toys Model-592,Toys & Games,Educational Toys,Nova,67.21,114.87,1
8592,SKU-BEA-008592,Prism Personal Care Model-593,Beauty & Care,Personal Care,Prism,126.2,241.62,1
8593,SKU-HOM-008593,Nova Bedding Model-594,Home & Kitchen,Bedding,Nova,195.91,315.42,1
8594,SKU-ELE-008594,Prism Wearables Model-595,Electronics,Wearables,Prism,256.69,529.2,1
8595,SKU-HOM-008595,Velocity Cookware Model-596,Home & Kitchen,Cookware,Velocity,148.8,335.92,0
8596,SKU-HOM-008596,Horizon Small Appliances Model-597,Home & Kitchen,Small Appliances,Horizon,12.4,21.93,1
8597,SKU-ELE-008597,Matrix Smart Home Model-598,Electronics,Smart Home,Matrix,308.68,434.25,1
8598,SKU-APP-008598,Zenith Accessories Model-599,Apparel,Accessories,Zenith,7.79,18,1
8599,SKU-ELE-008599,Titan Wearables Model-600,Electronics,Wearables,Titan,319.36,610.93,1
8600,SKU-GRO-008600,Velocity Condiments Model-601,Grocery & Pantry,Condiments,Velocity,160.07,309.57,1
8601,SKU-TOY-008601,Matrix Outdoor Toys Model-602,Toys & Games,Outdoor Toys,Matrix,396.81,502.28,1
8602,SKU-HOM-008602,Sol Bedding Model-603,Home & Kitchen,Bedding,Sol,337.82,762.57,1
8603,SKU-SPO-008603,Sol Fitness Gear Model-604,Sports & Outdoors,Fitness Gear,Sol,409.75,567.28,0
8604,SKU-ELE-008604,Aura Smartphones Model-605,Electronics,Smartphones,Aura,52.59,110.75,1
8605,SKU-HOM-008605,Velocity Cookware Model-606,Home & Kitchen,Cookware,Velocity,60.46,79.57,1
8606,SKU-TOY-008606,Horizon Puzzles Model-607,Toys & Games,Puzzles,Horizon,428.18,783.09,1
8607,SKU-GRO-008607,Aura Breakfast Model-608,Grocery & Pantry,Breakfast,Aura,78.07,117.94,1
8608,SKU-APP-008608,Pulse Sportswear Model-609,Apparel,Sportswear,Pulse,68.54,117.44,1
8609,SKU-ELE-008609,Apex Smart Home Model-610,Electronics,Smart Home,Apex,279.26,587.73,1
8610,SKU-HOM-008610,Titan Cookware Model-611,Home & Kitchen,Cookware,Titan,198.83,261.45,1
8611,SKU-TOY-008611,Vortex Outdoor Toys Model-612,Toys & Games,Outdoor Toys,Vortex,81.83,174.79,1
8612,SKU-APP-008612,Nova Outerwear Model-613,Apparel,Outerwear,Nova,230.78,440.41,1
8613,SKU-SPO-008613,Horizon Camping & Hiking Model-614,Sports & Outdoors,Camping & Hiking,Horizon,277.88,661.61,1
8614,SKU-SPO-008614,Prism Cycling Model-615,Sports & Outdoors,Cycling,Prism,252.22,332.77,1
8615,SKU-TOY-008615,Summit Educational Toys Model-616,Toys & Games,Educational Toys,Summit,169.74,216.2,1
8616,SKU-ELE-008616,Matrix Smart Home Model-617,Electronics,Smart Home,Matrix,9.46,22.22,1
8617,SKU-HOM-008617,Zenith Cookware Model-618,Home & Kitchen,Cookware,Zenith,107.79,165.07,1
8618,SKU-GRO-008618,Horizon Condiments Model-619,Grocery & Pantry,Condiments,Horizon,291.81,584.67,1
8619,SKU-TOY-008619,Horizon Outdoor Toys Model-620,Toys & Games,Outdoor Toys,Horizon,397.85,919.88,0
8620,SKU-HOM-008620,Matrix Storage Model-621,Home & Kitchen,Storage,Matrix,133.89,303.33,1
8621,SKU-AUT-008621,Horizon Tools & Equipment Model-622,Automotive,Tools & Equipment,Horizon,355.28,787.29,1
8622,SKU-GRO-008622,Echo Snacks Model-623,Grocery & Pantry,Snacks,Echo,32.33,77.65,1
8623,SKU-BEA-008623,Aura Cosmetics Model-624,Beauty & Care,Cosmetics,Aura,87.62,186.57,1
8624,SKU-AUT-008624,Vortex Tools & Equipment Model-625,Automotive,Tools & Equipment,Vortex,406.79,579.09,0
8625,SKU-HOM-008625,Titan Furniture Model-626,Home & Kitchen,Furniture,Titan,346.06,859.62,1
8626,SKU-AUT-008626,Summit Interior Accessories Model-627,Automotive,Interior Accessories,Summit,324.09,536.85,1
8627,SKU-BEA-008627,Aura Personal Care Model-628,Beauty & Care,Personal Care,Aura,356.05,850.08,1
8628,SKU-TOY-008628,Velocity Educational Toys Model-629,Toys & Games,Educational Toys,Velocity,212.86,401.23,1
8629,SKU-AUT-008629,Sol Interior Accessories Model-630,Automotive,Interior Accessories,Sol,311.64,398.68,1
8630,SKU-ELE-008630,Summit Audio & Headphones Model-631,Electronics,Audio & Headphones,Summit,365.51,793.55,1
8631,SKU-TOY-008631,Sol Puzzles Model-632,Toys & Games,Puzzles,Sol,16.04,30.7,1
8632,SKU-ELE-008632,Apex Wearables Model-633,Electronics,Wearables,Apex,5.12,10.07,1
8633,SKU-ELE-008633,Matrix Accessories Model-634,Electronics,Accessories,Matrix,177.39,418.33,1
8634,SKU-GRO-008634,Lumina Snacks Model-635,Grocery & Pantry,Snacks,Lumina,441.7,953.13,1
8635,SKU-SPO-008635,Echo Camping & Hiking Model-636,Sports & Outdoors,Camping & Hiking,Echo,348.44,606.54,1
8636,SKU-SPO-008636,Sol Cycling Model-637,Sports & Outdoors,Cycling,Sol,59.97,110.86,1
8637,SKU-BEA-008637,Titan Skincare Model-638,Beauty & Care,Skincare,Titan,158.16,357.03,1
8638,SKU-SPO-008638,Matrix Fitness Gear Model-639,Sports & Outdoors,Fitness Gear,Matrix,268.51,350.05,1
8639,SKU-APP-008639,Aura Women's Clothing Model-640,Apparel,Women's Clothing,Aura,345.55,793.1,1
8640,SKU-HOM-008640,Horizon Storage Model-641,Home & Kitchen,Storage,Horizon,241.51,348.57,1
8641,SKU-APP-008641,Summit Accessories Model-642,Apparel,Accessories,Summit,205.56,302.01,1
8642,SKU-TOY-008642,Zenith Puzzles Model-643,Toys & Games,Puzzles,Zenith,230.99,454.22,1
8643,SKU-TOY-008643,Velocity Board Games Model-644,Toys & Games,Board Games,Velocity,240.79,450.09,1
8644,SKU-GRO-008644,Matrix Breakfast Model-645,Grocery & Pantry,Breakfast,Matrix,437.07,646.23,0
8645,SKU-HOM-008645,Pulse Cookware Model-646,Home & Kitchen,Cookware,Pulse,389.13,557.76,1
8646,SKU-APP-008646,Velocity Accessories Model-647,Apparel,Accessories,Velocity,48.74,92.59,1
8647,SKU-TOY-008647,Velocity Educational Toys Model-648,Toys & Games,Educational Toys,Velocity,223.44,549.79,1
8648,SKU-BEA-008648,Sol Fragrances Model-649,Beauty & Care,Fragrances,Sol,332.61,542.66,1
8649,SKU-TOY-008649,Prism Action Figures Model-650,Toys & Games,Action Figures,Prism,83.39,116.07,1
8650,SKU-AUT-008650,Titan Oils & Fluids Model-651,Automotive,Oils & Fluids,Titan,175.92,255.3,1
8651,SKU-GRO-008651,Echo Canned Goods Model-652,Grocery & Pantry,Canned Goods,Echo,368.53,681.88,1
8652,SKU-AUT-008652,Zenith Oils & Fluids Model-653,Automotive,Oils & Fluids,Zenith,20.57,29.84,1
8653,SKU-BEA-008653,Apex Haircare Model-654,Beauty & Care,Haircare,Apex,314.11,587.7,1
8654,SKU-APP-008654,Velocity Outerwear Model-655,Apparel,Outerwear,Velocity,62.56,115.07,1
8655,SKU-TOY-008655,Lumina Educational Toys Model-656,Toys & Games,Educational Toys,Lumina,28.04,44.64,1
8656,SKU-APP-008656,Lumina Outerwear Model-657,Apparel,Outerwear,Lumina,193.85,372.48,1
8657,SKU-TOY-008657,Sol Puzzles Model-658,Toys & Games,Puzzles,Sol,183.11,417,1
8658,SKU-BEA-008658,Prism Fragrances Model-659,Beauty & Care,Fragrances,Prism,77.6,179.08,1
8659,SKU-ELE-008659,Nova Smart Home Model-660,Electronics,Smart Home,Nova,162.34,366.71,1
8660,SKU-HOM-008660,Vortex Bedding Model-661,Home & Kitchen,Bedding,Vortex,411.77,893.63,1
8661,SKU-SPO-008661,Horizon Camping & Hiking Model-662,Sports & Outdoors,Camping & Hiking,Horizon,64.99,144.49,1
8662,SKU-HOM-008662,Horizon Storage Model-663,Home & Kitchen,Storage,Horizon,80.47,101,1
8663,SKU-AUT-008663,Echo Oils & Fluids Model-664,Automotive,Oils & Fluids,Echo,138.23,336.56,1
8664,SKU-SPO-008664,Vortex Cycling Model-665,Sports & Outdoors,Cycling,Vortex,261.44,466.61,0
8665,SKU-AUT-008665,Vortex Tools & Equipment Model-666,Automotive,Tools & Equipment,Vortex,50.62,101.29,1
8666,SKU-APP-008666,Prism Footwear Model-667,Apparel,Footwear,Prism,365.22,717.07,1
8667,SKU-APP-008667,Nova Men's Clothing Model-668,Apparel,Men's Clothing,Nova,123.41,251,1
8668,SKU-HOM-008668,Titan Storage Model-669,Home & Kitchen,Storage,Titan,263.74,551.9,1
8669,SKU-BEA-008669,Sol Fragrances Model-670,Beauty & Care,Fragrances,Sol,238.73,392.43,1
8670,SKU-APP-008670,Lumina Accessories Model-671,Apparel,Accessories,Lumina,299.57,433.95,1
8671,SKU-SPO-008671,Apex Camping & Hiking Model-672,Sports & Outdoors,Camping & Hiking,Apex,50.27,100.21,0
8672,SKU-ELE-008672,Summit Wearables Model-673,Electronics,Wearables,Summit,182.67,242.09,1
8673,SKU-APP-008673,Pulse Outerwear Model-674,Apparel,Outerwear,Pulse,28.12,62.05,1
8674,SKU-TOY-008674,Nova Educational Toys Model-675,Toys & Games,Educational Toys,Nova,121.17,196.57,1
8675,SKU-APP-008675,Vortex Footwear Model-676,Apparel,Footwear,Vortex,236.25,471.39,1
8676,SKU-ELE-008676,Sol Laptops Model-677,Electronics,Laptops,Sol,76.79,157.88,1
8677,SKU-GRO-008677,Vortex Beverages Model-678,Grocery & Pantry,Beverages,Vortex,420.16,731.1,1
8678,SKU-HOM-008678,Velocity Small Appliances Model-679,Home & Kitchen,Small Appliances,Velocity,48.52,107.98,1
8679,SKU-BEA-008679,Apex Skincare Model-680,Beauty & Care,Skincare,Apex,254.33,618.92,1
8680,SKU-ELE-008680,Vortex Wearables Model-681,Electronics,Wearables,Vortex,429.3,842.87,1
8681,SKU-TOY-008681,Sol Board Games Model-682,Toys & Games,Board Games,Sol,328.94,788.89,1
8682,SKU-SPO-008682,Prism Cycling Model-683,Sports & Outdoors,Cycling,Prism,91.93,119.12,1
8683,SKU-APP-008683,Nova Accessories Model-684,Apparel,Accessories,Nova,250.83,362.76,1
8684,SKU-ELE-008684,Zenith Smartphones Model-685,Electronics,Smartphones,Zenith,340.89,550.96,1
8685,SKU-TOY-008685,Horizon Action Figures Model-686,Toys & Games,Action Figures,Horizon,196.03,421.34,1
8686,SKU-SPO-008686,Vortex Water Sports Model-687,Sports & Outdoors,Water Sports,Vortex,171.47,422.81,1
8687,SKU-BEA-008687,Aura Cosmetics Model-688,Beauty & Care,Cosmetics,Aura,118.06,197.31,1
8688,SKU-GRO-008688,Prism Canned Goods Model-689,Grocery & Pantry,Canned Goods,Prism,265.43,414.19,0
8689,SKU-APP-008689,Matrix Women's Clothing Model-690,Apparel,Women's Clothing,Matrix,96.43,141.08,1
8690,SKU-HOM-008690,Aura Furniture Model-691,Home & Kitchen,Furniture,Aura,334.26,485.63,1
8691,SKU-ELE-008691,Summit Wearables Model-692,Electronics,Wearables,Summit,423.79,685.56,1
8692,SKU-ELE-008692,Vortex Smart Home Model-693,Electronics,Smart Home,Vortex,316.36,433.87,1
8693,SKU-BEA-008693,Zenith Cosmetics Model-694,Beauty & Care,Cosmetics,Zenith,361.7,550.59,1
8694,SKU-ELE-008694,Matrix Smart Home Model-695,Electronics,Smart Home,Matrix,90.94,206.25,1
8695,SKU-TOY-008695,Titan Puzzles Model-696,Toys & Games,Puzzles,Titan,19.95,26.25,1
8696,SKU-HOM-008696,Velocity Bedding Model-697,Home & Kitchen,Bedding,Velocity,442.73,683.06,1
8697,SKU-GRO-008697,Vortex Snacks Model-698,Grocery & Pantry,Snacks,Vortex,410.98,893.59,0
8698,SKU-ELE-008698,Horizon Smartphones Model-699,Electronics,Smartphones,Horizon,109.65,188.84,1
8699,SKU-SPO-008699,Echo Water Sports Model-700,Sports & Outdoors,Water Sports,Echo,396.48,775.24,1
8700,SKU-BEA-008700,Sol Haircare Model-701,Beauty & Care,Haircare,Sol,154.12,284.05,1
8701,SKU-TOY-008701,Sol Board Games Model-702,Toys & Games,Board Games,Sol,178.65,381.15,1
8702,SKU-HOM-008702,Horizon Bedding Model-703,Home & Kitchen,Bedding,Horizon,435.2,842.43,1
8703,SKU-TOY-008703,Pulse Outdoor Toys Model-704,Toys & Games,Outdoor Toys,Pulse,202.39,408.58,1
8704,SKU-HOM-008704,Prism Small Appliances Model-705,Home & Kitchen,Small Appliances,Prism,218.4,464.67,1
8705,SKU-TOY-008705,Zenith Educational Toys Model-706,Toys & Games,Educational Toys,Zenith,434.28,872.99,1
8706,SKU-GRO-008706,Prism Canned Goods Model-707,Grocery & Pantry,Canned Goods,Prism,392.67,735.65,1
8707,SKU-AUT-008707,Pulse Car Care Model-708,Automotive,Car Care,Pulse,236.2,368.06,1
8708,SKU-GRO-008708,Velocity Breakfast Model-709,Grocery & Pantry,Breakfast,Velocity,124.17,233.12,1
8709,SKU-TOY-008709,Aura Action Figures Model-710,Toys & Games,Action Figures,Aura,344.1,768.08,1
8710,SKU-AUT-008710,Summit Car Care Model-711,Automotive,Car Care,Summit,111.75,216.22,1
8711,SKU-GRO-008711,Velocity Condiments Model-712,Grocery & Pantry,Condiments,Velocity,417.04,889.05,1
8712,SKU-TOY-008712,Matrix Action Figures Model-713,Toys & Games,Action Figures,Matrix,433,675.68,1
8713,SKU-SPO-008713,Horizon Water Sports Model-714,Sports & Outdoors,Water Sports,Horizon,30.67,62.53,1
8714,SKU-ELE-008714,Nova Smart Home Model-715,Electronics,Smart Home,Nova,294.71,475.05,1
8715,SKU-BEA-008715,Aura Haircare Model-716,Beauty & Care,Haircare,Aura,320.06,740.87,1
8716,SKU-ELE-008716,Aura Laptops Model-717,Electronics,Laptops,Aura,239.2,388.92,1
8717,SKU-HOM-008717,Summit Decor Model-718,Home & Kitchen,Decor,Summit,229.54,435.8,1
8718,SKU-BEA-008718,Matrix Personal Care Model-719,Beauty & Care,Personal Care,Matrix,186.16,436.88,1
8719,SKU-ELE-008719,Vortex Audio & Headphones Model-720,Electronics,Audio & Headphones,Vortex,119.28,217.27,1
8720,SKU-HOM-008720,Velocity Cookware Model-721,Home & Kitchen,Cookware,Velocity,329.89,769.24,1
8721,SKU-HOM-008721,Summit Bedding Model-722,Home & Kitchen,Bedding,Summit,32.93,66.79,1
8722,SKU-APP-008722,Aura Outerwear Model-723,Apparel,Outerwear,Aura,288.43,696.64,1
8723,SKU-GRO-008723,Summit Beverages Model-724,Grocery & Pantry,Beverages,Summit,236.85,473.61,1
8724,SKU-ELE-008724,Lumina Smartphones Model-725,Electronics,Smartphones,Lumina,200.06,495.2,1
8725,SKU-ELE-008725,Velocity Smart Home Model-726,Electronics,Smart Home,Velocity,28.28,62.1,1
8726,SKU-APP-008726,Zenith Accessories Model-727,Apparel,Accessories,Zenith,320.6,616.87,1
8727,SKU-GRO-008727,Echo Breakfast Model-728,Grocery & Pantry,Breakfast,Echo,241.58,590.27,1
8728,SKU-TOY-008728,Echo Action Figures Model-729,Toys & Games,Action Figures,Echo,78.44,138.36,1
8729,SKU-HOM-008729,Lumina Cookware Model-730,Home & Kitchen,Cookware,Lumina,320.82,582.17,1
8730,SKU-HOM-008730,Nova Cookware Model-731,Home & Kitchen,Cookware,Nova,423.64,761.4,1
8731,SKU-HOM-008731,Pulse Cookware Model-732,Home & Kitchen,Cookware,Pulse,219.76,512.74,1
8732,SKU-GRO-008732,Pulse Canned Goods Model-733,Grocery & Pantry,Canned Goods,Pulse,37.28,86.27,1
8733,SKU-TOY-008733,Apex Outdoor Toys Model-734,Toys & Games,Outdoor Toys,Apex,429.92,787.9,1
8734,SKU-GRO-008734,Vortex Beverages Model-735,Grocery & Pantry,Beverages,Vortex,5.83,10.65,1
8735,SKU-ELE-008735,Matrix Smart Home Model-736,Electronics,Smart Home,Matrix,11.8,28.83,1
8736,SKU-BEA-008736,Velocity Cosmetics Model-737,Beauty & Care,Cosmetics,Velocity,379.66,827.94,1
8737,SKU-GRO-008737,Horizon Organic Foods Model-738,Grocery & Pantry,Organic Foods,Horizon,386.56,959.43,1
8738,SKU-TOY-008738,Velocity Educational Toys Model-739,Toys & Games,Educational Toys,Velocity,422.56,875.46,1
8739,SKU-AUT-008739,Summit Interior Accessories Model-740,Automotive,Interior Accessories,Summit,141.74,271.39,1
8740,SKU-SPO-008740,Lumina Camping & Hiking Model-741,Sports & Outdoors,Camping & Hiking,Lumina,31.45,49.23,1
8741,SKU-BEA-008741,Horizon Cosmetics Model-742,Beauty & Care,Cosmetics,Horizon,12.03,20.04,1
8742,SKU-TOY-008742,Velocity Educational Toys Model-743,Toys & Games,Educational Toys,Velocity,241.11,387.95,1
8743,SKU-TOY-008743,Nova Action Figures Model-744,Toys & Games,Action Figures,Nova,170.88,296.13,1
8744,SKU-HOM-008744,Titan Bedding Model-745,Home & Kitchen,Bedding,Titan,264.37,440.07,1
8745,SKU-ELE-008745,Summit Audio & Headphones Model-746,Electronics,Audio & Headphones,Summit,122.18,291.5,1
8746,SKU-GRO-008746,Aura Beverages Model-747,Grocery & Pantry,Beverages,Aura,413.34,649.39,1
8747,SKU-AUT-008747,Vortex Interior Accessories Model-748,Automotive,Interior Accessories,Vortex,214.91,284.22,1
8748,SKU-AUT-008748,Zenith Oils & Fluids Model-749,Automotive,Oils & Fluids,Zenith,356.98,682.7,1
8749,SKU-SPO-008749,Vortex Water Sports Model-750,Sports & Outdoors,Water Sports,Vortex,63.03,83.16,1
8750,SKU-SPO-008750,Nova Cycling Model-751,Sports & Outdoors,Cycling,Nova,302.99,468.42,1
8751,SKU-HOM-008751,Sol Furniture Model-752,Home & Kitchen,Furniture,Sol,410.38,914.88,1
8752,SKU-HOM-008752,Titan Furniture Model-753,Home & Kitchen,Furniture,Titan,62.22,90.33,1
8753,SKU-HOM-008753,Echo Storage Model-754,Home & Kitchen,Storage,Echo,324.27,549.47,1
8754,SKU-AUT-008754,Matrix Oils & Fluids Model-755,Automotive,Oils & Fluids,Matrix,180.18,228.08,1
8755,SKU-SPO-008755,Apex Camping & Hiking Model-756,Sports & Outdoors,Camping & Hiking,Apex,98.6,220.63,1
8756,SKU-GRO-008756,Prism Organic Foods Model-757,Grocery & Pantry,Organic Foods,Prism,61.44,138.25,1
8757,SKU-BEA-008757,Lumina Skincare Model-758,Beauty & Care,Skincare,Lumina,434.97,656.48,1
8758,SKU-APP-008758,Zenith Women's Clothing Model-759,Apparel,Women's Clothing,Zenith,307.34,645.69,1
8759,SKU-BEA-008759,Summit Fragrances Model-760,Beauty & Care,Fragrances,Summit,199.64,432.48,1
8760,SKU-SPO-008760,Velocity Camping & Hiking Model-761,Sports & Outdoors,Camping & Hiking,Velocity,26.85,48.9,1
8761,SKU-SPO-008761,Pulse Water Sports Model-762,Sports & Outdoors,Water Sports,Pulse,213.25,283.09,1
8762,SKU-GRO-008762,Echo Canned Goods Model-763,Grocery & Pantry,Canned Goods,Echo,195.84,483.28,1
8763,SKU-AUT-008763,Nova Car Care Model-764,Automotive,Car Care,Nova,233.62,465.17,1
8764,SKU-HOM-008764,Nova Decor Model-765,Home & Kitchen,Decor,Nova,165.97,393.6,1
8765,SKU-BEA-008765,Prism Haircare Model-766,Beauty & Care,Haircare,Prism,162.91,368.24,1
8766,SKU-GRO-008766,Sol Beverages Model-767,Grocery & Pantry,Beverages,Sol,307.59,512.59,1
8767,SKU-GRO-008767,Velocity Canned Goods Model-768,Grocery & Pantry,Canned Goods,Velocity,109.65,250.58,1
8768,SKU-GRO-008768,Horizon Canned Goods Model-769,Grocery & Pantry,Canned Goods,Horizon,372.41,741.05,0
8769,SKU-AUT-008769,Horizon Oils & Fluids Model-770,Automotive,Oils & Fluids,Horizon,332.73,827.39,1
8770,SKU-ELE-008770,Velocity Smartphones Model-771,Electronics,Smartphones,Velocity,12.19,26.43,1
8771,SKU-APP-008771,Zenith Sportswear Model-772,Apparel,Sportswear,Zenith,167.74,266.06,1
8772,SKU-BEA-008772,Summit Fragrances Model-773,Beauty & Care,Fragrances,Summit,278.6,460.79,1
8773,SKU-AUT-008773,Summit Oils & Fluids Model-774,Automotive,Oils & Fluids,Summit,213.08,511.35,0
8774,SKU-HOM-008774,Matrix Decor Model-775,Home & Kitchen,Decor,Matrix,291.39,709.17,1
8775,SKU-GRO-008775,Summit Snacks Model-776,Grocery & Pantry,Snacks,Summit,363.23,894.52,1
8776,SKU-GRO-008776,Prism Canned Goods Model-777,Grocery & Pantry,Canned Goods,Prism,255.71,398.57,1
8777,SKU-SPO-008777,Horizon Fitness Gear Model-778,Sports & Outdoors,Fitness Gear,Horizon,408.54,735.15,1
8778,SKU-TOY-008778,Pulse Educational Toys Model-779,Toys & Games,Educational Toys,Pulse,65.03,119.11,1
8779,SKU-SPO-008779,Aura Cycling Model-780,Sports & Outdoors,Cycling,Aura,271.42,375,1
8780,SKU-BEA-008780,Sol Personal Care Model-781,Beauty & Care,Personal Care,Sol,407.92,613.11,1
8781,SKU-ELE-008781,Apex Smartphones Model-782,Electronics,Smartphones,Apex,252.78,491.37,0
8782,SKU-GRO-008782,Horizon Condiments Model-783,Grocery & Pantry,Condiments,Horizon,332.96,627.42,1
8783,SKU-APP-008783,Nova Outerwear Model-784,Apparel,Outerwear,Nova,115.3,208.42,1
8784,SKU-APP-008784,Nova Accessories Model-785,Apparel,Accessories,Nova,227.63,284.97,1
8785,SKU-ELE-008785,Summit Laptops Model-786,Electronics,Laptops,Summit,273.94,650.26,1
8786,SKU-ELE-008786,Pulse Smart Home Model-787,Electronics,Smart Home,Pulse,133.54,211.69,1
8787,SKU-SPO-008787,Lumina Cycling Model-788,Sports & Outdoors,Cycling,Lumina,243.47,498.36,1
8788,SKU-AUT-008788,Apex Interior Accessories Model-789,Automotive,Interior Accessories,Apex,44.41,95.38,1
8789,SKU-APP-008789,Velocity Accessories Model-790,Apparel,Accessories,Velocity,202.16,403.89,1
8790,SKU-BEA-008790,Titan Cosmetics Model-791,Beauty & Care,Cosmetics,Titan,182.71,258.97,1
8791,SKU-GRO-008791,Summit Breakfast Model-792,Grocery & Pantry,Breakfast,Summit,82.81,180.29,0
8792,SKU-HOM-008792,Prism Bedding Model-793,Home & Kitchen,Bedding,Prism,48.7,90.4,1
8793,SKU-TOY-008793,Lumina Puzzles Model-794,Toys & Games,Puzzles,Lumina,241.36,549.18,1
8794,SKU-ELE-008794,Titan Smart Home Model-795,Electronics,Smart Home,Titan,73.41,142.5,1
8795,SKU-AUT-008795,Zenith Oils & Fluids Model-796,Automotive,Oils & Fluids,Zenith,318.58,530.12,1
8796,SKU-APP-008796,Lumina Outerwear Model-797,Apparel,Outerwear,Lumina,94.84,211.3,1
8797,SKU-HOM-008797,Sol Small Appliances Model-798,Home & Kitchen,Small Appliances,Sol,131.74,303.95,1
8798,SKU-BEA-008798,Titan Cosmetics Model-799,Beauty & Care,Cosmetics,Titan,120.96,230.59,1
8799,SKU-BEA-008799,Titan Personal Care Model-800,Beauty & Care,Personal Care,Titan,413.72,942.03,1
8800,SKU-APP-008800,Horizon Men's Clothing Model-801,Apparel,Men's Clothing,Horizon,72.62,146.3,1
8801,SKU-BEA-008801,Prism Skincare Model-802,Beauty & Care,Skincare,Prism,329.44,697.79,1
8802,SKU-BEA-008802,Titan Haircare Model-803,Beauty & Care,Haircare,Titan,287.18,586.49,1
8803,SKU-GRO-008803,Lumina Breakfast Model-804,Grocery & Pantry,Breakfast,Lumina,227.99,287.28,1
8804,SKU-GRO-008804,Echo Canned Goods Model-805,Grocery & Pantry,Canned Goods,Echo,331.81,463.22,1
8805,SKU-GRO-008805,Summit Snacks Model-806,Grocery & Pantry,Snacks,Summit,335.29,651.8,1
8806,SKU-SPO-008806,Sol Cycling Model-807,Sports & Outdoors,Cycling,Sol,301.27,602.06,1
8807,SKU-BEA-008807,Summit Skincare Model-808,Beauty & Care,Skincare,Summit,76.46,116.32,1
8808,SKU-GRO-008808,Pulse Condiments Model-809,Grocery & Pantry,Condiments,Pulse,101.41,204.19,1
8809,SKU-BEA-008809,Summit Skincare Model-810,Beauty & Care,Skincare,Summit,378.91,481.29,1
8810,SKU-ELE-008810,Pulse Wearables Model-811,Electronics,Wearables,Pulse,445.7,808.95,1
8811,SKU-APP-008811,Vortex Outerwear Model-812,Apparel,Outerwear,Vortex,142.38,286.96,1
8812,SKU-HOM-008812,Zenith Small Appliances Model-813,Home & Kitchen,Small Appliances,Zenith,172.96,411.83,1
8813,SKU-AUT-008813,Vortex Oils & Fluids Model-814,Automotive,Oils & Fluids,Vortex,320.3,793.19,1
8814,SKU-AUT-008814,Apex Tools & Equipment Model-815,Automotive,Tools & Equipment,Apex,117.26,197.49,1
8815,SKU-TOY-008815,Apex Puzzles Model-816,Toys & Games,Puzzles,Apex,146.93,234.86,1
8816,SKU-AUT-008816,Matrix Oils & Fluids Model-817,Automotive,Oils & Fluids,Matrix,445.53,1044.31,1
8817,SKU-ELE-008817,Apex Audio & Headphones Model-818,Electronics,Audio & Headphones,Apex,328.06,552.82,1
8818,SKU-BEA-008818,Apex Haircare Model-819,Beauty & Care,Haircare,Apex,207.59,271.8,1
8819,SKU-HOM-008819,Vortex Bedding Model-820,Home & Kitchen,Bedding,Vortex,327.19,652.79,1
8820,SKU-TOY-008820,Nova Educational Toys Model-821,Toys & Games,Educational Toys,Nova,375.24,763.64,1
8821,SKU-AUT-008821,Titan Tools & Equipment Model-822,Automotive,Tools & Equipment,Titan,8.52,12.35,1
8822,SKU-SPO-008822,Matrix Cycling Model-823,Sports & Outdoors,Cycling,Matrix,248.84,383.65,1
8823,SKU-SPO-008823,Apex Cycling Model-824,Sports & Outdoors,Cycling,Apex,119.79,234.64,1
8824,SKU-GRO-008824,Horizon Snacks Model-825,Grocery & Pantry,Snacks,Horizon,166.35,328.28,1
8825,SKU-TOY-008825,Prism Puzzles Model-826,Toys & Games,Puzzles,Prism,313.55,680.34,1
8826,SKU-ELE-008826,Prism Audio & Headphones Model-827,Electronics,Audio & Headphones,Prism,363.14,748.08,1
8827,SKU-HOM-008827,Sol Decor Model-828,Home & Kitchen,Decor,Sol,174.89,225.96,1
8828,SKU-TOY-008828,Summit Puzzles Model-829,Toys & Games,Puzzles,Summit,50.04,104.93,1
8829,SKU-SPO-008829,Sol Water Sports Model-830,Sports & Outdoors,Water Sports,Sol,31.87,47.25,1
8830,SKU-GRO-008830,Nova Condiments Model-831,Grocery & Pantry,Condiments,Nova,23.64,36.28,1
8831,SKU-ELE-008831,Vortex Laptops Model-832,Electronics,Laptops,Vortex,285.12,611,1
8832,SKU-HOM-008832,Zenith Cookware Model-833,Home & Kitchen,Cookware,Zenith,222.56,309.17,1
8833,SKU-TOY-008833,Vortex Educational Toys Model-834,Toys & Games,Educational Toys,Vortex,243.72,430.99,1
8834,SKU-TOY-008834,Pulse Board Games Model-835,Toys & Games,Board Games,Pulse,110.71,229.14,1
8835,SKU-AUT-008835,Sol Interior Accessories Model-836,Automotive,Interior Accessories,Sol,400.74,511.7,1
8836,SKU-APP-008836,Aura Footwear Model-837,Apparel,Footwear,Aura,367.08,758.26,1
8837,SKU-SPO-008837,Velocity Team Sports Model-838,Sports & Outdoors,Team Sports,Velocity,265.77,419.11,1
8838,SKU-ELE-008838,Sol Smart Home Model-839,Electronics,Smart Home,Sol,308.85,439.61,1
8839,SKU-GRO-008839,Aura Snacks Model-840,Grocery & Pantry,Snacks,Aura,335.94,736.07,1
8840,SKU-SPO-008840,Titan Water Sports Model-841,Sports & Outdoors,Water Sports,Titan,380.76,913.02,1
8841,SKU-APP-008841,Apex Sportswear Model-842,Apparel,Sportswear,Apex,293.34,693.9,1
8842,SKU-SPO-008842,Pulse Camping & Hiking Model-843,Sports & Outdoors,Camping & Hiking,Pulse,256.05,405.8,1
8843,SKU-GRO-008843,Titan Breakfast Model-844,Grocery & Pantry,Breakfast,Titan,5.3,8.56,1
8844,SKU-BEA-008844,Summit Fragrances Model-845,Beauty & Care,Fragrances,Summit,240.71,410.64,1
8845,SKU-APP-008845,Prism Footwear Model-846,Apparel,Footwear,Prism,5.93,10.08,1
8846,SKU-AUT-008846,Sol Interior Accessories Model-847,Automotive,Interior Accessories,Sol,132.39,187.53,1
8847,SKU-ELE-008847,Summit Laptops Model-848,Electronics,Laptops,Summit,355.63,616.06,1
8848,SKU-TOY-008848,Echo Educational Toys Model-849,Toys & Games,Educational Toys,Echo,37.25,73.03,1
8849,SKU-BEA-008849,Echo Cosmetics Model-850,Beauty & Care,Cosmetics,Echo,216.47,436.58,1
8850,SKU-SPO-008850,Nova Camping & Hiking Model-851,Sports & Outdoors,Camping & Hiking,Nova,325.9,613.68,0
8851,SKU-SPO-008851,Nova Water Sports Model-852,Sports & Outdoors,Water Sports,Nova,199.65,256.96,1
8852,SKU-BEA-008852,Sol Personal Care Model-853,Beauty & Care,Personal Care,Sol,435.65,968.56,1
8853,SKU-AUT-008853,Summit Oils & Fluids Model-854,Automotive,Oils & Fluids,Summit,432.98,688.85,1
8854,SKU-GRO-008854,Zenith Canned Goods Model-855,Grocery & Pantry,Canned Goods,Zenith,170.68,220.67,1
8855,SKU-ELE-008855,Lumina Wearables Model-856,Electronics,Wearables,Lumina,437.5,904.28,1
8856,SKU-GRO-008856,Prism Organic Foods Model-857,Grocery & Pantry,Organic Foods,Prism,105.76,232.62,1
8857,SKU-ELE-008857,Horizon Audio & Headphones Model-858,Electronics,Audio & Headphones,Horizon,410.54,609.43,1
8858,SKU-BEA-008858,Velocity Personal Care Model-859,Beauty & Care,Personal Care,Velocity,70.07,146.8,1
8859,SKU-SPO-008859,Matrix Team Sports Model-860,Sports & Outdoors,Team Sports,Matrix,278.58,588.71,1
8860,SKU-TOY-008860,Horizon Outdoor Toys Model-861,Toys & Games,Outdoor Toys,Horizon,306.06,416.58,1
8861,SKU-SPO-008861,Vortex Camping & Hiking Model-862,Sports & Outdoors,Camping & Hiking,Vortex,125.7,191.51,1
8862,SKU-TOY-008862,Sol Educational Toys Model-863,Toys & Games,Educational Toys,Sol,10.31,20.17,1
8863,SKU-HOM-008863,Titan Furniture Model-864,Home & Kitchen,Furniture,Titan,308.72,711.47,1
8864,SKU-TOY-008864,Summit Board Games Model-865,Toys & Games,Board Games,Summit,141.21,344.93,1
8865,SKU-HOM-008865,Velocity Storage Model-866,Home & Kitchen,Storage,Velocity,87.79,197.72,1
8866,SKU-BEA-008866,Nova Skincare Model-867,Beauty & Care,Skincare,Nova,329.1,790.43,1
8867,SKU-APP-008867,Pulse Women's Clothing Model-868,Apparel,Women's Clothing,Pulse,209.14,349.17,0
8868,SKU-ELE-008868,Vortex Wearables Model-869,Electronics,Wearables,Vortex,128.96,203.27,1
8869,SKU-TOY-008869,Lumina Outdoor Toys Model-870,Toys & Games,Outdoor Toys,Lumina,125.71,308.05,1
8870,SKU-TOY-008870,Horizon Action Figures Model-871,Toys & Games,Action Figures,Horizon,116.25,243.13,1
8871,SKU-SPO-008871,Horizon Water Sports Model-872,Sports & Outdoors,Water Sports,Horizon,189.82,445.64,1
8872,SKU-AUT-008872,Zenith Oils & Fluids Model-873,Automotive,Oils & Fluids,Zenith,12.04,28.86,1
8873,SKU-TOY-008873,Vortex Educational Toys Model-874,Toys & Games,Educational Toys,Vortex,341.12,603.85,1
8874,SKU-BEA-008874,Titan Haircare Model-875,Beauty & Care,Haircare,Titan,389.58,757.54,1
8875,SKU-HOM-008875,Aura Small Appliances Model-876,Home & Kitchen,Small Appliances,Aura,192.69,350.28,1
8876,SKU-SPO-008876,Titan Water Sports Model-877,Sports & Outdoors,Water Sports,Titan,287.77,551.52,1
8877,SKU-HOM-008877,Horizon Furniture Model-878,Home & Kitchen,Furniture,Horizon,200.57,435.97,1
8878,SKU-SPO-008878,Summit Camping & Hiking Model-879,Sports & Outdoors,Camping & Hiking,Summit,358.88,711.16,1
8879,SKU-SPO-008879,Aura Fitness Gear Model-880,Sports & Outdoors,Fitness Gear,Aura,155.64,341.94,1
8880,SKU-ELE-008880,Nova Smartphones Model-881,Electronics,Smartphones,Nova,428.55,1012.15,1
8881,SKU-APP-008881,Titan Accessories Model-882,Apparel,Accessories,Titan,36.6,70.04,1
8882,SKU-TOY-008882,Echo Educational Toys Model-883,Toys & Games,Educational Toys,Echo,421.2,839.87,1
8883,SKU-ELE-008883,Horizon Smart Home Model-884,Electronics,Smart Home,Horizon,347.32,637.82,1
8884,SKU-TOY-008884,Prism Puzzles Model-885,Toys & Games,Puzzles,Prism,428.72,603.7,1
8885,SKU-APP-008885,Zenith Footwear Model-886,Apparel,Footwear,Zenith,19.68,34.32,1
8886,SKU-APP-008886,Sol Sportswear Model-887,Apparel,Sportswear,Sol,210.41,333.56,1
8887,SKU-SPO-008887,Horizon Team Sports Model-888,Sports & Outdoors,Team Sports,Horizon,131.59,256.71,1
8888,SKU-APP-008888,Apex Men's Clothing Model-889,Apparel,Men's Clothing,Apex,281.39,360.24,1
8889,SKU-BEA-008889,Vortex Haircare Model-890,Beauty & Care,Haircare,Vortex,77.88,164.08,1
8890,SKU-GRO-008890,Pulse Beverages Model-891,Grocery & Pantry,Beverages,Pulse,440.32,673.97,1
8891,SKU-HOM-008891,Summit Storage Model-892,Home & Kitchen,Storage,Summit,240.81,521.38,1
8892,SKU-TOY-008892,Titan Action Figures Model-893,Toys & Games,Action Figures,Titan,37.82,67.24,1
8893,SKU-APP-008893,Echo Outerwear Model-894,Apparel,Outerwear,Echo,180.19,252.86,0
8894,SKU-ELE-008894,Lumina Accessories Model-895,Electronics,Accessories,Lumina,364.69,639.97,1
8895,SKU-SPO-008895,Aura Water Sports Model-896,Sports & Outdoors,Water Sports,Aura,380.78,628.92,1
8896,SKU-APP-008896,Lumina Footwear Model-897,Apparel,Footwear,Lumina,89.3,207.1,1
8897,SKU-TOY-008897,Titan Educational Toys Model-898,Toys & Games,Educational Toys,Titan,68.77,165.75,1
8898,SKU-AUT-008898,Titan Interior Accessories Model-899,Automotive,Interior Accessories,Titan,223.84,465.98,0
8899,SKU-AUT-008899,Pulse Tools & Equipment Model-900,Automotive,Tools & Equipment,Pulse,222.5,385.19,1
8900,SKU-BEA-008900,Zenith Skincare Model-901,Beauty & Care,Skincare,Zenith,389.8,736.72,1
8901,SKU-BEA-008901,Titan Fragrances Model-902,Beauty & Care,Fragrances,Titan,55.91,75.32,1
8902,SKU-APP-008902,Echo Men's Clothing Model-903,Apparel,Men's Clothing,Echo,45.37,79.7,1
8903,SKU-APP-008903,Matrix Footwear Model-904,Apparel,Footwear,Matrix,214.12,509.28,1
8904,SKU-APP-008904,Aura Outerwear Model-905,Apparel,Outerwear,Aura,354.03,848.69,1
8905,SKU-GRO-008905,Apex Breakfast Model-906,Grocery & Pantry,Breakfast,Apex,150.56,219.84,1
8906,SKU-BEA-008906,Lumina Cosmetics Model-907,Beauty & Care,Cosmetics,Lumina,19.22,25.22,0
8907,SKU-SPO-008907,Aura Water Sports Model-908,Sports & Outdoors,Water Sports,Aura,64.5,122.58,1
8908,SKU-GRO-008908,Matrix Beverages Model-909,Grocery & Pantry,Beverages,Matrix,29.77,49,1
8909,SKU-SPO-008909,Prism Cycling Model-910,Sports & Outdoors,Cycling,Prism,274.82,370.25,1
8910,SKU-HOM-008910,Sol Storage Model-911,Home & Kitchen,Storage,Sol,266.9,627.59,1
8911,SKU-TOY-008911,Apex Educational Toys Model-912,Toys & Games,Educational Toys,Apex,342.5,489.29,1
8912,SKU-HOM-008912,Sol Bedding Model-913,Home & Kitchen,Bedding,Sol,111.95,205.65,1
8913,SKU-AUT-008913,Vortex Interior Accessories Model-914,Automotive,Interior Accessories,Vortex,396.7,601.36,1
8914,SKU-APP-008914,Prism Sportswear Model-915,Apparel,Sportswear,Prism,79.66,136.21,0
8915,SKU-TOY-008915,Echo Board Games Model-916,Toys & Games,Board Games,Echo,339.67,830.34,1
8916,SKU-APP-008916,Echo Sportswear Model-917,Apparel,Sportswear,Echo,235.62,337.61,1
8917,SKU-BEA-008917,Nova Personal Care Model-918,Beauty & Care,Personal Care,Nova,242.21,576.99,1
8918,SKU-BEA-008918,Lumina Personal Care Model-919,Beauty & Care,Personal Care,Lumina,412,552.26,1
8919,SKU-AUT-008919,Matrix Oils & Fluids Model-920,Automotive,Oils & Fluids,Matrix,266.87,384.15,1
8920,SKU-GRO-008920,Horizon Snacks Model-921,Grocery & Pantry,Snacks,Horizon,346.35,691.5,1
8921,SKU-SPO-008921,Nova Fitness Gear Model-922,Sports & Outdoors,Fitness Gear,Nova,277.8,568.34,1
8922,SKU-APP-008922,Prism Outerwear Model-923,Apparel,Outerwear,Prism,344.97,721.08,1
8923,SKU-GRO-008923,Velocity Canned Goods Model-924,Grocery & Pantry,Canned Goods,Velocity,268.76,641.85,1
8924,SKU-AUT-008924,Titan Oils & Fluids Model-925,Automotive,Oils & Fluids,Titan,174.63,414.75,1
8925,SKU-ELE-008925,Zenith Wearables Model-926,Electronics,Wearables,Zenith,14.71,29.8,1
8926,SKU-APP-008926,Echo Women's Clothing Model-927,Apparel,Women's Clothing,Echo,315.11,429.68,1
8927,SKU-APP-008927,Vortex Outerwear Model-928,Apparel,Outerwear,Vortex,108.99,264.9,1
8928,SKU-HOM-008928,Lumina Small Appliances Model-929,Home & Kitchen,Small Appliances,Lumina,317.07,630.72,1
8929,SKU-GRO-008929,Vortex Condiments Model-930,Grocery & Pantry,Condiments,Vortex,256.94,402.16,1
8930,SKU-HOM-008930,Vortex Furniture Model-931,Home & Kitchen,Furniture,Vortex,315.95,657.95,1
8931,SKU-AUT-008931,Pulse Interior Accessories Model-932,Automotive,Interior Accessories,Pulse,345.71,471.76,1
8932,SKU-HOM-008932,Vortex Decor Model-933,Home & Kitchen,Decor,Vortex,113.84,147.14,1
8933,SKU-GRO-008933,Sol Condiments Model-934,Grocery & Pantry,Condiments,Sol,157.24,226.01,1
8934,SKU-TOY-008934,Horizon Educational Toys Model-935,Toys & Games,Educational Toys,Horizon,118.4,272.97,1
8935,SKU-ELE-008935,Vortex Wearables Model-936,Electronics,Wearables,Vortex,394.34,630.3,1
8936,SKU-HOM-008936,Prism Cookware Model-937,Home & Kitchen,Cookware,Prism,148.98,241.08,1
8937,SKU-BEA-008937,Summit Haircare Model-938,Beauty & Care,Haircare,Summit,437.77,978.93,1
8938,SKU-GRO-008938,Summit Beverages Model-939,Grocery & Pantry,Beverages,Summit,447.09,946.47,1
8939,SKU-AUT-008939,Sol Car Care Model-940,Automotive,Car Care,Sol,432.11,696.08,1
8940,SKU-HOM-008940,Prism Small Appliances Model-941,Home & Kitchen,Small Appliances,Prism,404.69,516.44,1
8941,SKU-HOM-008941,Apex Bedding Model-942,Home & Kitchen,Bedding,Apex,403.52,788.18,1
8942,SKU-APP-008942,Sol Sportswear Model-943,Apparel,Sportswear,Sol,171.74,352.36,1
8943,SKU-TOY-008943,Lumina Action Figures Model-944,Toys & Games,Action Figures,Lumina,404.4,785.46,1
8944,SKU-GRO-008944,Aura Organic Foods Model-945,Grocery & Pantry,Organic Foods,Aura,283.27,706.17,1
8945,SKU-APP-008945,Sol Outerwear Model-946,Apparel,Outerwear,Sol,232.12,411.67,1
8946,SKU-TOY-008946,Titan Outdoor Toys Model-947,Toys & Games,Outdoor Toys,Titan,436.15,631.1,1
8947,SKU-TOY-008947,Prism Educational Toys Model-948,Toys & Games,Educational Toys,Prism,279.68,588.63,0
8948,SKU-TOY-008948,Zenith Board Games Model-949,Toys & Games,Board Games,Zenith,124.47,283.68,1
8949,SKU-APP-008949,Horizon Accessories Model-950,Apparel,Accessories,Horizon,157.1,217.73,1
8950,SKU-ELE-008950,Pulse Laptops Model-951,Electronics,Laptops,Pulse,167.35,387.03,1
8951,SKU-BEA-008951,Matrix Skincare Model-952,Beauty & Care,Skincare,Matrix,245.58,418.69,1
8952,SKU-AUT-008952,Vortex Interior Accessories Model-953,Automotive,Interior Accessories,Vortex,332.21,681.95,1
8953,SKU-ELE-008953,Prism Audio & Headphones Model-954,Electronics,Audio & Headphones,Prism,214.73,292.2,1
8954,SKU-ELE-008954,Matrix Wearables Model-955,Electronics,Wearables,Matrix,29.98,43.16,1
8955,SKU-APP-008955,Velocity Men's Clothing Model-956,Apparel,Men's Clothing,Velocity,353.94,598.09,1
8956,SKU-ELE-008956,Horizon Laptops Model-957,Electronics,Laptops,Horizon,320.23,786.73,1
8957,SKU-APP-008957,Apex Accessories Model-958,Apparel,Accessories,Apex,218.88,311.29,0
8958,SKU-AUT-008958,Velocity Car Care Model-959,Automotive,Car Care,Velocity,192.05,363.04,1
8959,SKU-HOM-008959,Echo Cookware Model-960,Home & Kitchen,Cookware,Echo,230.44,504.85,1
8960,SKU-BEA-008960,Matrix Cosmetics Model-961,Beauty & Care,Cosmetics,Matrix,107.64,148.44,1
8961,SKU-AUT-008961,Horizon Tools & Equipment Model-962,Automotive,Tools & Equipment,Horizon,386.6,771.74,1
8962,SKU-TOY-008962,Prism Educational Toys Model-963,Toys & Games,Educational Toys,Prism,109.46,159.14,1
8963,SKU-APP-008963,Prism Sportswear Model-964,Apparel,Sportswear,Prism,299.93,376.97,1
8964,SKU-APP-008964,Pulse Sportswear Model-965,Apparel,Sportswear,Pulse,207.66,514.91,1
8965,SKU-GRO-008965,Vortex Canned Goods Model-966,Grocery & Pantry,Canned Goods,Vortex,342.33,428.62,1
8966,SKU-BEA-008966,Matrix Personal Care Model-967,Beauty & Care,Personal Care,Matrix,103.91,255.02,1
8967,SKU-SPO-008967,Prism Camping & Hiking Model-968,Sports & Outdoors,Camping & Hiking,Prism,281.27,450.44,1
8968,SKU-SPO-008968,Aura Fitness Gear Model-969,Sports & Outdoors,Fitness Gear,Aura,229.17,543.72,1
8969,SKU-AUT-008969,Sol Car Care Model-970,Automotive,Car Care,Sol,406.29,774.71,1
8970,SKU-GRO-008970,Prism Organic Foods Model-971,Grocery & Pantry,Organic Foods,Prism,116.89,236.82,1
8971,SKU-SPO-008971,Summit Camping & Hiking Model-972,Sports & Outdoors,Camping & Hiking,Summit,123.19,255.71,1
8972,SKU-AUT-008972,Prism Oils & Fluids Model-973,Automotive,Oils & Fluids,Prism,147.55,339.56,1
8973,SKU-TOY-008973,Vortex Educational Toys Model-974,Toys & Games,Educational Toys,Vortex,127.42,223.09,1
8974,SKU-HOM-008974,Velocity Decor Model-975,Home & Kitchen,Decor,Velocity,379.48,802.67,1
8975,SKU-SPO-008975,Apex Cycling Model-976,Sports & Outdoors,Cycling,Apex,417.55,1029.39,1
8976,SKU-SPO-008976,Titan Water Sports Model-977,Sports & Outdoors,Water Sports,Titan,96.36,220.24,1
8977,SKU-ELE-008977,Sol Laptops Model-978,Electronics,Laptops,Sol,353.81,612.84,1
8978,SKU-BEA-008978,Titan Cosmetics Model-979,Beauty & Care,Cosmetics,Titan,145.08,266.42,1
8979,SKU-APP-008979,Sol Accessories Model-980,Apparel,Accessories,Sol,9.77,15.3,1
8980,SKU-SPO-008980,Prism Cycling Model-981,Sports & Outdoors,Cycling,Prism,325.64,711.56,1
8981,SKU-ELE-008981,Summit Wearables Model-982,Electronics,Wearables,Summit,86.65,205.28,1
8982,SKU-BEA-008982,Summit Cosmetics Model-983,Beauty & Care,Cosmetics,Summit,228.76,405.33,1
8983,SKU-ELE-008983,Nova Accessories Model-984,Electronics,Accessories,Nova,292.24,489.08,1
8984,SKU-AUT-008984,Pulse Car Care Model-985,Automotive,Car Care,Pulse,221.73,444.73,1
8985,SKU-ELE-008985,Apex Smart Home Model-986,Electronics,Smart Home,Apex,268.55,372.92,1
8986,SKU-GRO-008986,Echo Beverages Model-987,Grocery & Pantry,Beverages,Echo,393.86,900.41,1
8987,SKU-GRO-008987,Aura Organic Foods Model-988,Grocery & Pantry,Organic Foods,Aura,266.41,625.74,1
8988,SKU-APP-008988,Matrix Footwear Model-989,Apparel,Footwear,Matrix,276.27,608.19,1
8989,SKU-ELE-008989,Zenith Smartphones Model-990,Electronics,Smartphones,Zenith,162.59,301.93,0
8990,SKU-BEA-008990,Apex Personal Care Model-991,Beauty & Care,Personal Care,Apex,208.4,319.62,1
8991,SKU-TOY-008991,Sol Action Figures Model-992,Toys & Games,Action Figures,Sol,369.43,647.12,1
8992,SKU-AUT-008992,Vortex Interior Accessories Model-993,Automotive,Interior Accessories,Vortex,124.25,159.98,1
8993,SKU-AUT-008993,Vortex Tools & Equipment Model-994,Automotive,Tools & Equipment,Vortex,329.44,510.46,1
8994,SKU-ELE-008994,Pulse Smartphones Model-995,Electronics,Smartphones,Pulse,302.86,426.06,1
8995,SKU-BEA-008995,Summit Personal Care Model-996,Beauty & Care,Personal Care,Summit,33.77,59.34,1
8996,SKU-BEA-008996,Aura Haircare Model-997,Beauty & Care,Haircare,Aura,132.72,269.93,1
8997,SKU-HOM-008997,Lumina Storage Model-998,Home & Kitchen,Storage,Lumina,394.85,930.68,1
8998,SKU-SPO-008998,Prism Cycling Model-999,Sports & Outdoors,Cycling,Prism,334.36,423.13,1
8999,SKU-HOM-008999,Horizon Decor Model-1000,Home & Kitchen,Decor,Horizon,427.15,572.23,1
9000,SKU-HOM-009000,Vortex Storage Model-001,Home & Kitchen,Storage,Vortex,215.61,454.13,0
9001,SKU-TOY-009001,Prism Board Games Model-002,Toys & Games,Board Games,Prism,101.99,139.31,1
9002,SKU-AUT-009002,Nova Car Care Model-003,Automotive,Car Care,Nova,210.27,511.8,1
9003,SKU-APP-009003,Titan Outerwear Model-004,Apparel,Outerwear,Titan,61.01,124.71,1
9004,SKU-AUT-009004,Echo Tools & Equipment Model-005,Automotive,Tools & Equipment,Echo,254.62,470.23,1
9005,SKU-AUT-009005,Matrix Tools & Equipment Model-006,Automotive,Tools & Equipment,Matrix,176.95,295.65,1
9006,SKU-APP-009006,Summit Accessories Model-007,Apparel,Accessories,Summit,220.35,288.99,1
9007,SKU-HOM-009007,Titan Furniture Model-008,Home & Kitchen,Furniture,Titan,264.46,641.44,1
9008,SKU-BEA-009008,Aura Skincare Model-009,Beauty & Care,Skincare,Aura,12.49,18.43,1
9009,SKU-APP-009009,Echo Men's Clothing Model-010,Apparel,Men's Clothing,Echo,237.83,555.22,1
9010,SKU-TOY-009010,Summit Action Figures Model-011,Toys & Games,Action Figures,Summit,419.55,596.32,1
9011,SKU-APP-009011,Sol Outerwear Model-012,Apparel,Outerwear,Sol,433.78,1050.41,1
9012,SKU-GRO-009012,Aura Breakfast Model-013,Grocery & Pantry,Breakfast,Aura,73.8,155.62,1
9013,SKU-TOY-009013,Velocity Action Figures Model-014,Toys & Games,Action Figures,Velocity,407.29,762.35,1
9014,SKU-GRO-009014,Vortex Breakfast Model-015,Grocery & Pantry,Breakfast,Vortex,314.39,459.75,1
9015,SKU-BEA-009015,Lumina Cosmetics Model-016,Beauty & Care,Cosmetics,Lumina,380.43,934.07,1
9016,SKU-APP-009016,Summit Outerwear Model-017,Apparel,Outerwear,Summit,134.82,279.62,0
9017,SKU-ELE-009017,Zenith Accessories Model-018,Electronics,Accessories,Zenith,29.76,62.15,1
9018,SKU-AUT-009018,Sol Car Care Model-019,Automotive,Car Care,Sol,205.09,293.53,1
9019,SKU-BEA-009019,Pulse Skincare Model-020,Beauty & Care,Skincare,Pulse,202.87,278.15,1
9020,SKU-ELE-009020,Aura Wearables Model-021,Electronics,Wearables,Aura,438.21,752.01,1
9021,SKU-BEA-009021,Pulse Haircare Model-022,Beauty & Care,Haircare,Pulse,400.25,633.47,1
9022,SKU-BEA-009022,Aura Skincare Model-023,Beauty & Care,Skincare,Aura,297.75,388.65,1
9023,SKU-GRO-009023,Summit Organic Foods Model-024,Grocery & Pantry,Organic Foods,Summit,48,91.29,1
9024,SKU-AUT-009024,Aura Car Care Model-025,Automotive,Car Care,Aura,55.52,78.56,1
9025,SKU-BEA-009025,Vortex Personal Care Model-026,Beauty & Care,Personal Care,Vortex,299.13,684.05,0
9026,SKU-APP-009026,Vortex Accessories Model-027,Apparel,Accessories,Vortex,94.25,220,1
9027,SKU-BEA-009027,Aura Haircare Model-028,Beauty & Care,Haircare,Aura,14.08,32.31,1
9028,SKU-HOM-009028,Horizon Cookware Model-029,Home & Kitchen,Cookware,Horizon,16.17,34.81,1
9029,SKU-APP-009029,Zenith Accessories Model-030,Apparel,Accessories,Zenith,373.57,641.85,1
9030,SKU-SPO-009030,Zenith Cycling Model-031,Sports & Outdoors,Cycling,Zenith,152.75,195.14,1
9031,SKU-HOM-009031,Echo Cookware Model-032,Home & Kitchen,Cookware,Echo,200.08,464.87,1
9032,SKU-GRO-009032,Prism Beverages Model-033,Grocery & Pantry,Beverages,Prism,218.65,545,1
9033,SKU-ELE-009033,Pulse Laptops Model-034,Electronics,Laptops,Pulse,78.49,145.39,1
9034,SKU-TOY-009034,Nova Board Games Model-035,Toys & Games,Board Games,Nova,445.82,827.92,1
9035,SKU-ELE-009035,Titan Wearables Model-036,Electronics,Wearables,Titan,33.99,55.73,0
9036,SKU-ELE-009036,Aura Smartphones Model-037,Electronics,Smartphones,Aura,267.01,615,1
9037,SKU-AUT-009037,Vortex Car Care Model-038,Automotive,Car Care,Vortex,71.28,93.84,1
9038,SKU-GRO-009038,Matrix Snacks Model-039,Grocery & Pantry,Snacks,Matrix,152.85,342.73,1
9039,SKU-APP-009039,Velocity Footwear Model-040,Apparel,Footwear,Velocity,326.06,543.71,1
9040,SKU-ELE-009040,Matrix Smart Home Model-041,Electronics,Smart Home,Matrix,104.62,204,1
9041,SKU-AUT-009041,Prism Interior Accessories Model-042,Automotive,Interior Accessories,Prism,329.44,817.25,1
9042,SKU-AUT-009042,Prism Tools & Equipment Model-043,Automotive,Tools & Equipment,Prism,278.63,682.42,1
9043,SKU-GRO-009043,Nova Organic Foods Model-044,Grocery & Pantry,Organic Foods,Nova,392.3,562.73,0
9044,SKU-HOM-009044,Lumina Bedding Model-045,Home & Kitchen,Bedding,Lumina,415.89,759.26,1
9045,SKU-HOM-009045,Nova Bedding Model-046,Home & Kitchen,Bedding,Nova,125.4,221.17,1
9046,SKU-BEA-009046,Titan Haircare Model-047,Beauty & Care,Haircare,Titan,36.47,55.31,1
9047,SKU-APP-009047,Horizon Men's Clothing Model-048,Apparel,Men's Clothing,Horizon,212.45,463.73,1
9048,SKU-ELE-009048,Titan Smartphones Model-049,Electronics,Smartphones,Titan,363.41,558.37,1
9049,SKU-HOM-009049,Titan Small Appliances Model-050,Home & Kitchen,Small Appliances,Titan,323.51,709.43,1
9050,SKU-TOY-009050,Nova Board Games Model-051,Toys & Games,Board Games,Nova,222.89,424.56,1
9051,SKU-HOM-009051,Pulse Small Appliances Model-052,Home & Kitchen,Small Appliances,Pulse,115.39,220.92,1
9052,SKU-TOY-009052,Vortex Board Games Model-053,Toys & Games,Board Games,Vortex,8.37,14.65,1
9053,SKU-APP-009053,Vortex Women's Clothing Model-054,Apparel,Women's Clothing,Vortex,431.73,777.51,1
9054,SKU-HOM-009054,Aura Small Appliances Model-055,Home & Kitchen,Small Appliances,Aura,85.69,150.54,1
9055,SKU-AUT-009055,Pulse Oils & Fluids Model-056,Automotive,Oils & Fluids,Pulse,310.56,720.14,1
9056,SKU-AUT-009056,Apex Oils & Fluids Model-057,Automotive,Oils & Fluids,Apex,265.39,359.46,1
9057,SKU-BEA-009057,Aura Cosmetics Model-058,Beauty & Care,Cosmetics,Aura,95.19,131.85,1
9058,SKU-SPO-009058,Velocity Water Sports Model-059,Sports & Outdoors,Water Sports,Velocity,80.39,112.34,1
9059,SKU-GRO-009059,Pulse Snacks Model-060,Grocery & Pantry,Snacks,Pulse,80.41,126.23,1
9060,SKU-ELE-009060,Aura Smart Home Model-061,Electronics,Smart Home,Aura,53.59,114.81,1
9061,SKU-SPO-009061,Matrix Fitness Gear Model-062,Sports & Outdoors,Fitness Gear,Matrix,121.31,284.07,1
9062,SKU-APP-009062,Pulse Sportswear Model-063,Apparel,Sportswear,Pulse,357.21,609.8,1
9063,SKU-TOY-009063,Horizon Board Games Model-064,Toys & Games,Board Games,Horizon,64.85,145.06,1
9064,SKU-GRO-009064,Apex Snacks Model-065,Grocery & Pantry,Snacks,Apex,372.38,547.21,1
9065,SKU-AUT-009065,Prism Tools & Equipment Model-066,Automotive,Tools & Equipment,Prism,113.06,170.86,1
9066,SKU-TOY-009066,Sol Educational Toys Model-067,Toys & Games,Educational Toys,Sol,20.67,28.1,1
9067,SKU-AUT-009067,Echo Oils & Fluids Model-068,Automotive,Oils & Fluids,Echo,369.77,795.74,1
9068,SKU-SPO-009068,Zenith Cycling Model-069,Sports & Outdoors,Cycling,Zenith,182.86,248.58,1
9069,SKU-HOM-009069,Zenith Small Appliances Model-070,Home & Kitchen,Small Appliances,Zenith,28.48,41.44,1
9070,SKU-ELE-009070,Aura Wearables Model-071,Electronics,Wearables,Aura,203.83,423.72,1
9071,SKU-TOY-009071,Echo Outdoor Toys Model-072,Toys & Games,Outdoor Toys,Echo,419.75,773.69,1
9072,SKU-HOM-009072,Lumina Small Appliances Model-073,Home & Kitchen,Small Appliances,Lumina,167.55,303.39,1
9073,SKU-GRO-009073,Vortex Condiments Model-074,Grocery & Pantry,Condiments,Vortex,174.2,413.89,1
9074,SKU-SPO-009074,Nova Cycling Model-075,Sports & Outdoors,Cycling,Nova,186.43,295.16,1
9075,SKU-HOM-009075,Velocity Decor Model-076,Home & Kitchen,Decor,Velocity,321.32,644.36,1
9076,SKU-TOY-009076,Titan Educational Toys Model-077,Toys & Games,Educational Toys,Titan,364.66,578.91,1
9077,SKU-ELE-009077,Pulse Accessories Model-078,Electronics,Accessories,Pulse,299.18,388.52,1
9078,SKU-ELE-009078,Lumina Smartphones Model-079,Electronics,Smartphones,Lumina,300.21,379.39,1
9079,SKU-HOM-009079,Summit Small Appliances Model-080,Home & Kitchen,Small Appliances,Summit,372.65,783.06,1
9080,SKU-HOM-009080,Nova Bedding Model-081,Home & Kitchen,Bedding,Nova,133.56,326.47,1
9081,SKU-TOY-009081,Horizon Board Games Model-082,Toys & Games,Board Games,Horizon,318.66,765.44,1
9082,SKU-HOM-009082,Horizon Furniture Model-083,Home & Kitchen,Furniture,Horizon,375.95,852.88,1
9083,SKU-GRO-009083,Matrix Breakfast Model-084,Grocery & Pantry,Breakfast,Matrix,142.8,343.7,1
9084,SKU-BEA-009084,Apex Fragrances Model-085,Beauty & Care,Fragrances,Apex,71.45,133.74,1
9085,SKU-APP-009085,Sol Footwear Model-086,Apparel,Footwear,Sol,133.04,268.62,1
9086,SKU-AUT-009086,Lumina Tools & Equipment Model-087,Automotive,Tools & Equipment,Lumina,300.08,702.82,1
9087,SKU-SPO-009087,Nova Water Sports Model-088,Sports & Outdoors,Water Sports,Nova,238.54,302.28,1
9088,SKU-HOM-009088,Zenith Storage Model-089,Home & Kitchen,Storage,Zenith,288.78,447.63,1
9089,SKU-ELE-009089,Velocity Smart Home Model-090,Electronics,Smart Home,Velocity,271.47,577.08,1
9090,SKU-TOY-009090,Titan Puzzles Model-091,Toys & Games,Puzzles,Titan,44.99,110.24,1
9091,SKU-GRO-009091,Aura Breakfast Model-092,Grocery & Pantry,Breakfast,Aura,343.67,669.77,1
9092,SKU-HOM-009092,Vortex Small Appliances Model-093,Home & Kitchen,Small Appliances,Vortex,364.17,902.7,1
9093,SKU-AUT-009093,Summit Tools & Equipment Model-094,Automotive,Tools & Equipment,Summit,256.78,394.34,1
9094,SKU-BEA-009094,Matrix Haircare Model-095,Beauty & Care,Haircare,Matrix,358.84,491.98,1
9095,SKU-SPO-009095,Matrix Camping & Hiking Model-096,Sports & Outdoors,Camping & Hiking,Matrix,161.62,275.33,1
9096,SKU-TOY-009096,Vortex Educational Toys Model-097,Toys & Games,Educational Toys,Vortex,307.41,728.25,1
9097,SKU-ELE-009097,Apex Laptops Model-098,Electronics,Laptops,Apex,318.14,791.99,1
9098,SKU-SPO-009098,Vortex Water Sports Model-099,Sports & Outdoors,Water Sports,Vortex,390.51,656.54,1
9099,SKU-SPO-009099,Aura Water Sports Model-100,Sports & Outdoors,Water Sports,Aura,148.64,250.25,1
9100,SKU-AUT-009100,Apex Interior Accessories Model-101,Automotive,Interior Accessories,Apex,411.38,822.13,1
9101,SKU-BEA-009101,Apex Fragrances Model-102,Beauty & Care,Fragrances,Apex,283.8,659.1,1
9102,SKU-AUT-009102,Titan Oils & Fluids Model-103,Automotive,Oils & Fluids,Titan,256.61,465.02,1
9103,SKU-AUT-009103,Nova Tools & Equipment Model-104,Automotive,Tools & Equipment,Nova,239.6,337.72,1
9104,SKU-SPO-009104,Horizon Team Sports Model-105,Sports & Outdoors,Team Sports,Horizon,30.13,73.57,1
9105,SKU-AUT-009105,Velocity Interior Accessories Model-106,Automotive,Interior Accessories,Velocity,375.32,692.17,1
9106,SKU-AUT-009106,Matrix Interior Accessories Model-107,Automotive,Interior Accessories,Matrix,261.93,567.04,1
9107,SKU-ELE-009107,Sol Smart Home Model-108,Electronics,Smart Home,Sol,35.83,78.79,1
9108,SKU-HOM-009108,Velocity Cookware Model-109,Home & Kitchen,Cookware,Velocity,14.25,18.26,1
9109,SKU-AUT-009109,Aura Interior Accessories Model-110,Automotive,Interior Accessories,Aura,7.09,11.58,1
9110,SKU-APP-009110,Vortex Outerwear Model-111,Apparel,Outerwear,Vortex,240.43,530.05,1
9111,SKU-HOM-009111,Lumina Small Appliances Model-112,Home & Kitchen,Small Appliances,Lumina,30.75,43.07,1
9112,SKU-APP-009112,Lumina Footwear Model-113,Apparel,Footwear,Lumina,359.21,847.66,1
9113,SKU-TOY-009113,Sol Educational Toys Model-114,Toys & Games,Educational Toys,Sol,163.26,214.35,1
9114,SKU-ELE-009114,Lumina Wearables Model-115,Electronics,Wearables,Lumina,96.94,189.35,1
9115,SKU-TOY-009115,Titan Educational Toys Model-116,Toys & Games,Educational Toys,Titan,11.08,25.82,1
9116,SKU-TOY-009116,Horizon Action Figures Model-117,Toys & Games,Action Figures,Horizon,448.16,933.25,1
9117,SKU-HOM-009117,Apex Small Appliances Model-118,Home & Kitchen,Small Appliances,Apex,173.84,304.69,1
9118,SKU-BEA-009118,Velocity Fragrances Model-119,Beauty & Care,Fragrances,Velocity,254.98,475.04,0
9119,SKU-AUT-009119,Sol Car Care Model-120,Automotive,Car Care,Sol,109.72,158.13,1
9120,SKU-TOY-009120,Lumina Puzzles Model-121,Toys & Games,Puzzles,Lumina,25.84,47.7,1
9121,SKU-ELE-009121,Apex Wearables Model-122,Electronics,Wearables,Apex,57.74,96.45,1
9122,SKU-AUT-009122,Echo Tools & Equipment Model-123,Automotive,Tools & Equipment,Echo,319.66,648.08,1
9123,SKU-SPO-009123,Aura Team Sports Model-124,Sports & Outdoors,Team Sports,Aura,89.24,170.21,1
9124,SKU-APP-009124,Aura Women's Clothing Model-125,Apparel,Women's Clothing,Aura,182.75,452.18,1
9125,SKU-GRO-009125,Apex Organic Foods Model-126,Grocery & Pantry,Organic Foods,Apex,226.48,359.96,1
9126,SKU-APP-009126,Summit Accessories Model-127,Apparel,Accessories,Summit,89.43,135.74,1
9127,SKU-HOM-009127,Echo Cookware Model-128,Home & Kitchen,Cookware,Echo,10.13,21.45,1
9128,SKU-HOM-009128,Prism Small Appliances Model-129,Home & Kitchen,Small Appliances,Prism,317.21,744.24,1
9129,SKU-BEA-009129,Titan Personal Care Model-130,Beauty & Care,Personal Care,Titan,301.77,713.08,1
9130,SKU-TOY-009130,Titan Puzzles Model-131,Toys & Games,Puzzles,Titan,88.32,199.02,1
9131,SKU-APP-009131,Aura Sportswear Model-132,Apparel,Sportswear,Aura,356.49,776.24,1
9132,SKU-BEA-009132,Zenith Cosmetics Model-133,Beauty & Care,Cosmetics,Zenith,44.03,81.13,1
9133,SKU-APP-009133,Summit Sportswear Model-134,Apparel,Sportswear,Summit,375.55,618.36,1
9134,SKU-TOY-009134,Sol Action Figures Model-135,Toys & Games,Action Figures,Sol,83.85,205.78,1
9135,SKU-APP-009135,Apex Accessories Model-136,Apparel,Accessories,Apex,193.23,446.27,1
9136,SKU-TOY-009136,Velocity Educational Toys Model-137,Toys & Games,Educational Toys,Velocity,306.74,676.8,1
9137,SKU-BEA-009137,Velocity Fragrances Model-138,Beauty & Care,Fragrances,Velocity,433.27,678.27,1
9138,SKU-SPO-009138,Horizon Water Sports Model-139,Sports & Outdoors,Water Sports,Horizon,70.97,94.27,1
9139,SKU-HOM-009139,Vortex Cookware Model-140,Home & Kitchen,Cookware,Vortex,217.73,489.79,1
9140,SKU-SPO-009140,Nova Camping & Hiking Model-141,Sports & Outdoors,Camping & Hiking,Nova,102.45,196.83,1
9141,SKU-AUT-009141,Titan Interior Accessories Model-142,Automotive,Interior Accessories,Titan,406.1,979.42,1
9142,SKU-HOM-009142,Horizon Decor Model-143,Home & Kitchen,Decor,Horizon,25.92,35.59,1
9143,SKU-AUT-009143,Summit Car Care Model-144,Automotive,Car Care,Summit,367.01,495.3,1
9144,SKU-ELE-009144,Zenith Smartphones Model-145,Electronics,Smartphones,Zenith,433.5,713.72,1
9145,SKU-SPO-009145,Velocity Camping & Hiking Model-146,Sports & Outdoors,Camping & Hiking,Velocity,307.14,415.46,1
9146,SKU-TOY-009146,Apex Puzzles Model-147,Toys & Games,Puzzles,Apex,170.17,386.95,1
9147,SKU-TOY-009147,Nova Action Figures Model-148,Toys & Games,Action Figures,Nova,128.63,222.3,1
9148,SKU-SPO-009148,Matrix Cycling Model-149,Sports & Outdoors,Cycling,Matrix,381.55,875.93,1
9149,SKU-GRO-009149,Matrix Canned Goods Model-150,Grocery & Pantry,Canned Goods,Matrix,443.96,1047.9,1
9150,SKU-TOY-009150,Aura Educational Toys Model-151,Toys & Games,Educational Toys,Aura,326.12,437.34,1
9151,SKU-ELE-009151,Horizon Audio & Headphones Model-152,Electronics,Audio & Headphones,Horizon,400.31,834.68,1
9152,SKU-AUT-009152,Velocity Car Care Model-153,Automotive,Car Care,Velocity,335.22,647.82,1
9153,SKU-GRO-009153,Nova Canned Goods Model-154,Grocery & Pantry,Canned Goods,Nova,210.77,309.59,1
9154,SKU-HOM-009154,Matrix Decor Model-155,Home & Kitchen,Decor,Matrix,212.87,313.7,1
9155,SKU-HOM-009155,Matrix Decor Model-156,Home & Kitchen,Decor,Matrix,367.87,807.85,1
9156,SKU-BEA-009156,Velocity Cosmetics Model-157,Beauty & Care,Cosmetics,Velocity,70.75,90.69,1
9157,SKU-APP-009157,Vortex Men's Clothing Model-158,Apparel,Men's Clothing,Vortex,94.13,166.1,1
9158,SKU-SPO-009158,Lumina Camping & Hiking Model-159,Sports & Outdoors,Camping & Hiking,Lumina,419.52,543.86,1
9159,SKU-TOY-009159,Vortex Board Games Model-160,Toys & Games,Board Games,Vortex,102.08,139.41,1
9160,SKU-HOM-009160,Vortex Small Appliances Model-161,Home & Kitchen,Small Appliances,Vortex,389.73,935.08,1
9161,SKU-GRO-009161,Horizon Beverages Model-162,Grocery & Pantry,Beverages,Horizon,11,24.16,1
9162,SKU-APP-009162,Prism Outerwear Model-163,Apparel,Outerwear,Prism,272.6,604.1,1
9163,SKU-GRO-009163,Pulse Snacks Model-164,Grocery & Pantry,Snacks,Pulse,81.95,103.95,1
9164,SKU-TOY-009164,Pulse Puzzles Model-165,Toys & Games,Puzzles,Pulse,342.19,675.82,1
9165,SKU-BEA-009165,Summit Cosmetics Model-166,Beauty & Care,Cosmetics,Summit,304.02,749.41,1
9166,SKU-SPO-009166,Summit Fitness Gear Model-167,Sports & Outdoors,Fitness Gear,Summit,111.44,221.03,1
9167,SKU-HOM-009167,Titan Storage Model-168,Home & Kitchen,Storage,Titan,215.04,277.62,1
9168,SKU-HOM-009168,Apex Storage Model-169,Home & Kitchen,Storage,Apex,74.9,124.96,1
9169,SKU-SPO-009169,Apex Cycling Model-170,Sports & Outdoors,Cycling,Apex,111.43,168.31,1
9170,SKU-TOY-009170,Nova Board Games Model-171,Toys & Games,Board Games,Nova,51.96,65.37,1
9171,SKU-HOM-009171,Lumina Bedding Model-172,Home & Kitchen,Bedding,Lumina,27.83,65.45,1
9172,SKU-HOM-009172,Vortex Bedding Model-173,Home & Kitchen,Bedding,Vortex,189.47,293.43,1
9173,SKU-SPO-009173,Pulse Camping & Hiking Model-174,Sports & Outdoors,Camping & Hiking,Pulse,422.7,1010.75,1
9174,SKU-BEA-009174,Sol Personal Care Model-175,Beauty & Care,Personal Care,Sol,84.33,162.79,1
9175,SKU-GRO-009175,Vortex Beverages Model-176,Grocery & Pantry,Beverages,Vortex,192.56,470.38,0
9176,SKU-TOY-009176,Echo Board Games Model-177,Toys & Games,Board Games,Echo,366.84,459.62,0
9177,SKU-APP-009177,Sol Women's Clothing Model-178,Apparel,Women's Clothing,Sol,170.35,289.98,1
9178,SKU-BEA-009178,Sol Skincare Model-179,Beauty & Care,Skincare,Sol,170.6,384.76,1
9179,SKU-GRO-009179,Velocity Organic Foods Model-180,Grocery & Pantry,Organic Foods,Velocity,78.51,131.79,1
9180,SKU-AUT-009180,Vortex Car Care Model-181,Automotive,Car Care,Vortex,414.15,779.17,1
9181,SKU-BEA-009181,Apex Fragrances Model-182,Beauty & Care,Fragrances,Apex,249.89,412.63,1
9182,SKU-AUT-009182,Pulse Tools & Equipment Model-183,Automotive,Tools & Equipment,Pulse,423.46,667.16,1
9183,SKU-BEA-009183,Echo Cosmetics Model-184,Beauty & Care,Cosmetics,Echo,305.29,536.14,1
9184,SKU-HOM-009184,Echo Furniture Model-185,Home & Kitchen,Furniture,Echo,94.66,226.34,1
9185,SKU-BEA-009185,Pulse Personal Care Model-186,Beauty & Care,Personal Care,Pulse,255.89,609.3,1
9186,SKU-APP-009186,Sol Accessories Model-187,Apparel,Accessories,Sol,288.74,621.84,0
9187,SKU-SPO-009187,Apex Water Sports Model-188,Sports & Outdoors,Water Sports,Apex,442.31,1059.5,1
9188,SKU-TOY-009188,Pulse Puzzles Model-189,Toys & Games,Puzzles,Pulse,145.97,229.24,1
9189,SKU-ELE-009189,Prism Wearables Model-190,Electronics,Wearables,Prism,388.15,851.14,1
9190,SKU-SPO-009190,Summit Water Sports Model-191,Sports & Outdoors,Water Sports,Summit,68.64,166.87,1
9191,SKU-TOY-009191,Summit Action Figures Model-192,Toys & Games,Action Figures,Summit,250.65,356.41,1
9192,SKU-SPO-009192,Matrix Cycling Model-193,Sports & Outdoors,Cycling,Matrix,126.72,297.28,1
9193,SKU-BEA-009193,Titan Fragrances Model-194,Beauty & Care,Fragrances,Titan,224.29,482.75,1
9194,SKU-GRO-009194,Prism Breakfast Model-195,Grocery & Pantry,Breakfast,Prism,428.75,1052.47,1
9195,SKU-TOY-009195,Velocity Action Figures Model-196,Toys & Games,Action Figures,Velocity,203.45,395.08,1
9196,SKU-HOM-009196,Echo Furniture Model-197,Home & Kitchen,Furniture,Echo,390.51,603.54,1
9197,SKU-BEA-009197,Velocity Personal Care Model-198,Beauty & Care,Personal Care,Velocity,143.36,274.03,1
9198,SKU-TOY-009198,Velocity Outdoor Toys Model-199,Toys & Games,Outdoor Toys,Velocity,407.24,765.15,1
9199,SKU-TOY-009199,Lumina Educational Toys Model-200,Toys & Games,Educational Toys,Lumina,212.15,285.74,1
9200,SKU-AUT-009200,Matrix Interior Accessories Model-201,Automotive,Interior Accessories,Matrix,421.06,618.91,1
9201,SKU-TOY-009201,Echo Outdoor Toys Model-202,Toys & Games,Outdoor Toys,Echo,352.78,450.91,1
9202,SKU-ELE-009202,Nova Accessories Model-203,Electronics,Accessories,Nova,86.94,186.36,1
9203,SKU-GRO-009203,Zenith Snacks Model-204,Grocery & Pantry,Snacks,Zenith,103.91,234.5,1
9204,SKU-BEA-009204,Velocity Fragrances Model-205,Beauty & Care,Fragrances,Velocity,97.3,206.41,1
9205,SKU-APP-009205,Horizon Footwear Model-206,Apparel,Footwear,Horizon,67.68,104.98,1
9206,SKU-APP-009206,Nova Sportswear Model-207,Apparel,Sportswear,Nova,101.74,251.4,1
9207,SKU-BEA-009207,Matrix Personal Care Model-208,Beauty & Care,Personal Care,Matrix,22.19,33.74,1
9208,SKU-HOM-009208,Summit Furniture Model-209,Home & Kitchen,Furniture,Summit,76.13,112.93,1
9209,SKU-HOM-009209,Velocity Cookware Model-210,Home & Kitchen,Cookware,Velocity,69.53,127.81,1
9210,SKU-TOY-009210,Matrix Puzzles Model-211,Toys & Games,Puzzles,Matrix,331.32,595.42,1
9211,SKU-HOM-009211,Velocity Bedding Model-212,Home & Kitchen,Bedding,Velocity,83.23,146.96,1
9212,SKU-SPO-009212,Nova Cycling Model-213,Sports & Outdoors,Cycling,Nova,163.27,380.96,1
9213,SKU-GRO-009213,Vortex Beverages Model-214,Grocery & Pantry,Beverages,Vortex,227.09,303.21,1
9214,SKU-TOY-009214,Sol Action Figures Model-215,Toys & Games,Action Figures,Sol,218.48,287.98,1
9215,SKU-HOM-009215,Summit Small Appliances Model-216,Home & Kitchen,Small Appliances,Summit,224.25,506.8,1
9216,SKU-SPO-009216,Titan Team Sports Model-217,Sports & Outdoors,Team Sports,Titan,430.02,937.47,1
9217,SKU-TOY-009217,Lumina Board Games Model-218,Toys & Games,Board Games,Lumina,199.95,251.89,1
9218,SKU-BEA-009218,Velocity Skincare Model-219,Beauty & Care,Skincare,Velocity,106.02,200.7,1
9219,SKU-TOY-009219,Titan Educational Toys Model-220,Toys & Games,Educational Toys,Titan,198.81,263.28,1
9220,SKU-AUT-009220,Prism Oils & Fluids Model-221,Automotive,Oils & Fluids,Prism,90.29,183.36,1
9221,SKU-TOY-009221,Pulse Educational Toys Model-222,Toys & Games,Educational Toys,Pulse,188.94,376.4,1
9222,SKU-BEA-009222,Zenith Fragrances Model-223,Beauty & Care,Fragrances,Zenith,343.16,725.64,1
9223,SKU-TOY-009223,Prism Action Figures Model-224,Toys & Games,Action Figures,Prism,221.31,315.84,1
9224,SKU-TOY-009224,Prism Educational Toys Model-225,Toys & Games,Educational Toys,Prism,55.03,101.42,1
9225,SKU-GRO-009225,Horizon Organic Foods Model-226,Grocery & Pantry,Organic Foods,Horizon,119.04,162.54,1
9226,SKU-BEA-009226,Vortex Personal Care Model-227,Beauty & Care,Personal Care,Vortex,246.16,495.89,1
9227,SKU-SPO-009227,Summit Team Sports Model-228,Sports & Outdoors,Team Sports,Summit,27.01,63.4,1
9228,SKU-APP-009228,Prism Footwear Model-229,Apparel,Footwear,Prism,204.64,362.96,1
9229,SKU-TOY-009229,Sol Action Figures Model-230,Toys & Games,Action Figures,Sol,37.24,80.4,1
9230,SKU-GRO-009230,Lumina Beverages Model-231,Grocery & Pantry,Beverages,Lumina,334.87,712.32,1
9231,SKU-SPO-009231,Sol Camping & Hiking Model-232,Sports & Outdoors,Camping & Hiking,Sol,8.63,21.46,1
9232,SKU-BEA-009232,Velocity Haircare Model-233,Beauty & Care,Haircare,Velocity,439.3,1028.21,1
9233,SKU-AUT-009233,Aura Car Care Model-234,Automotive,Car Care,Aura,154.86,249.52,1
9234,SKU-TOY-009234,Vortex Puzzles Model-235,Toys & Games,Puzzles,Vortex,295.89,584.64,1
9235,SKU-SPO-009235,Vortex Cycling Model-236,Sports & Outdoors,Cycling,Vortex,155.87,307.2,1
9236,SKU-ELE-009236,Pulse Laptops Model-237,Electronics,Laptops,Pulse,296.05,718.71,1
9237,SKU-HOM-009237,Velocity Cookware Model-238,Home & Kitchen,Cookware,Velocity,368.29,805.51,1
9238,SKU-ELE-009238,Echo Accessories Model-239,Electronics,Accessories,Echo,312.71,759.76,1
9239,SKU-AUT-009239,Summit Oils & Fluids Model-240,Automotive,Oils & Fluids,Summit,99,148,1
9240,SKU-GRO-009240,Zenith Canned Goods Model-241,Grocery & Pantry,Canned Goods,Zenith,316.91,770.39,1
9241,SKU-AUT-009241,Vortex Oils & Fluids Model-242,Automotive,Oils & Fluids,Vortex,302.76,423.12,1
9242,SKU-APP-009242,Echo Accessories Model-243,Apparel,Accessories,Echo,216.91,297.42,1
9243,SKU-AUT-009243,Titan Interior Accessories Model-244,Automotive,Interior Accessories,Titan,282.27,626.52,1
9244,SKU-AUT-009244,Titan Oils & Fluids Model-245,Automotive,Oils & Fluids,Titan,137.21,258.83,1
9245,SKU-SPO-009245,Lumina Cycling Model-246,Sports & Outdoors,Cycling,Lumina,145.52,219.8,1
9246,SKU-HOM-009246,Pulse Small Appliances Model-247,Home & Kitchen,Small Appliances,Pulse,235.65,415.16,1
9247,SKU-TOY-009247,Horizon Educational Toys Model-248,Toys & Games,Educational Toys,Horizon,372.45,635.35,1
9248,SKU-GRO-009248,Matrix Condiments Model-249,Grocery & Pantry,Condiments,Matrix,186.9,398.45,1
9249,SKU-HOM-009249,Titan Small Appliances Model-250,Home & Kitchen,Small Appliances,Titan,176.08,269.8,0
9250,SKU-ELE-009250,Nova Audio & Headphones Model-251,Electronics,Audio & Headphones,Nova,314.95,465.18,0
9251,SKU-ELE-009251,Sol Smartphones Model-252,Electronics,Smartphones,Sol,166.25,396.99,1
9252,SKU-TOY-009252,Zenith Action Figures Model-253,Toys & Games,Action Figures,Zenith,315.91,767.54,1
9253,SKU-BEA-009253,Matrix Cosmetics Model-254,Beauty & Care,Cosmetics,Matrix,198.68,266.32,1
9254,SKU-ELE-009254,Summit Accessories Model-255,Electronics,Accessories,Summit,295.35,397.76,1
9255,SKU-ELE-009255,Summit Smart Home Model-256,Electronics,Smart Home,Summit,103.18,184.8,1
9256,SKU-TOY-009256,Vortex Outdoor Toys Model-257,Toys & Games,Outdoor Toys,Vortex,219.16,428.66,1
9257,SKU-SPO-009257,Zenith Camping & Hiking Model-258,Sports & Outdoors,Camping & Hiking,Zenith,211.3,380.9,0
9258,SKU-HOM-009258,Sol Cookware Model-259,Home & Kitchen,Cookware,Sol,179.15,311.26,1
9259,SKU-ELE-009259,Echo Smartphones Model-260,Electronics,Smartphones,Echo,365.35,766.64,1
9260,SKU-APP-009260,Zenith Accessories Model-261,Apparel,Accessories,Zenith,30.26,50.26,1
9261,SKU-ELE-009261,Lumina Smartphones Model-262,Electronics,Smartphones,Lumina,103.96,192.12,1
9262,SKU-ELE-009262,Echo Wearables Model-263,Electronics,Wearables,Echo,370.77,853.56,1
9263,SKU-AUT-009263,Prism Oils & Fluids Model-264,Automotive,Oils & Fluids,Prism,52.86,127.59,1
9264,SKU-TOY-009264,Nova Puzzles Model-265,Toys & Games,Puzzles,Nova,192.64,348.07,1
9265,SKU-SPO-009265,Summit Team Sports Model-266,Sports & Outdoors,Team Sports,Summit,225.77,502.35,1
9266,SKU-APP-009266,Vortex Footwear Model-267,Apparel,Footwear,Vortex,281.81,379.93,1
9267,SKU-APP-009267,Lumina Outerwear Model-268,Apparel,Outerwear,Lumina,329.67,450.59,1
9268,SKU-HOM-009268,Lumina Bedding Model-269,Home & Kitchen,Bedding,Lumina,339.07,622.37,1
9269,SKU-HOM-009269,Aura Decor Model-270,Home & Kitchen,Decor,Aura,239.14,356.49,1
9270,SKU-ELE-009270,Apex Smartphones Model-271,Electronics,Smartphones,Apex,220.96,461.88,1
9271,SKU-GRO-009271,Apex Breakfast Model-272,Grocery & Pantry,Breakfast,Apex,262.86,414.65,1
9272,SKU-ELE-009272,Matrix Smart Home Model-273,Electronics,Smart Home,Matrix,208.76,440.99,1
9273,SKU-SPO-009273,Prism Camping & Hiking Model-274,Sports & Outdoors,Camping & Hiking,Prism,273.26,652.22,1
9274,SKU-BEA-009274,Lumina Haircare Model-275,Beauty & Care,Haircare,Lumina,427.89,908.81,1
9275,SKU-APP-009275,Apex Footwear Model-276,Apparel,Footwear,Apex,159.01,302.27,1
9276,SKU-ELE-009276,Lumina Accessories Model-277,Electronics,Accessories,Lumina,291.66,395.14,1
9277,SKU-TOY-009277,Summit Outdoor Toys Model-278,Toys & Games,Outdoor Toys,Summit,160.58,376.82,1
9278,SKU-TOY-009278,Apex Puzzles Model-279,Toys & Games,Puzzles,Apex,425.49,817.39,1
9279,SKU-ELE-009279,Matrix Laptops Model-280,Electronics,Laptops,Matrix,8.44,17.52,1
9280,SKU-BEA-009280,Velocity Fragrances Model-281,Beauty & Care,Fragrances,Velocity,199.38,304.12,1
9281,SKU-GRO-009281,Prism Beverages Model-282,Grocery & Pantry,Beverages,Prism,254.92,329.75,1
9282,SKU-AUT-009282,Apex Tools & Equipment Model-283,Automotive,Tools & Equipment,Apex,329.87,647.21,1
9283,SKU-GRO-009283,Matrix Breakfast Model-284,Grocery & Pantry,Breakfast,Matrix,327.65,698.31,1
9284,SKU-AUT-009284,Echo Car Care Model-285,Automotive,Car Care,Echo,299.72,492.5,1
9285,SKU-TOY-009285,Nova Outdoor Toys Model-286,Toys & Games,Outdoor Toys,Nova,122.73,223.05,1
9286,SKU-TOY-009286,Echo Puzzles Model-287,Toys & Games,Puzzles,Echo,267.33,405.42,1
9287,SKU-HOM-009287,Aura Storage Model-288,Home & Kitchen,Storage,Aura,33.86,51.78,1
9288,SKU-TOY-009288,Pulse Action Figures Model-289,Toys & Games,Action Figures,Pulse,423,956.3,1
9289,SKU-ELE-009289,Prism Laptops Model-290,Electronics,Laptops,Prism,156.73,333.14,1
9290,SKU-ELE-009290,Velocity Wearables Model-291,Electronics,Wearables,Velocity,422.4,963.62,1
9291,SKU-HOM-009291,Aura Furniture Model-292,Home & Kitchen,Furniture,Aura,374.07,848.14,1
9292,SKU-ELE-009292,Prism Smart Home Model-293,Electronics,Smart Home,Prism,325.79,470.24,1
9293,SKU-GRO-009293,Lumina Breakfast Model-294,Grocery & Pantry,Breakfast,Lumina,409.09,821.11,1
9294,SKU-TOY-009294,Nova Board Games Model-295,Toys & Games,Board Games,Nova,46.13,80.72,1
9295,SKU-BEA-009295,Nova Skincare Model-296,Beauty & Care,Skincare,Nova,220.04,500.12,1
9296,SKU-BEA-009296,Summit Personal Care Model-297,Beauty & Care,Personal Care,Summit,111.56,227.91,1
9297,SKU-GRO-009297,Prism Condiments Model-298,Grocery & Pantry,Condiments,Prism,380.11,598.53,1
9298,SKU-TOY-009298,Pulse Puzzles Model-299,Toys & Games,Puzzles,Pulse,379.71,529.78,1
9299,SKU-BEA-009299,Zenith Haircare Model-300,Beauty & Care,Haircare,Zenith,390.35,846.28,1
9300,SKU-GRO-009300,Lumina Organic Foods Model-301,Grocery & Pantry,Organic Foods,Lumina,321.58,647.14,1
9301,SKU-HOM-009301,Echo Decor Model-302,Home & Kitchen,Decor,Echo,107.08,204.21,1
9302,SKU-BEA-009302,Lumina Fragrances Model-303,Beauty & Care,Fragrances,Lumina,220.91,550.42,1
9303,SKU-GRO-009303,Echo Breakfast Model-304,Grocery & Pantry,Breakfast,Echo,366.09,788.57,1
9304,SKU-APP-009304,Echo Outerwear Model-305,Apparel,Outerwear,Echo,334.91,588.93,1
9305,SKU-BEA-009305,Summit Personal Care Model-306,Beauty & Care,Personal Care,Summit,356.41,643.59,1
9306,SKU-HOM-009306,Titan Cookware Model-307,Home & Kitchen,Cookware,Titan,386.79,653.27,1
9307,SKU-SPO-009307,Apex Cycling Model-308,Sports & Outdoors,Cycling,Apex,325.63,802.54,1
9308,SKU-APP-009308,Zenith Women's Clothing Model-309,Apparel,Women's Clothing,Zenith,264.11,659.74,1
9309,SKU-AUT-009309,Nova Tools & Equipment Model-310,Automotive,Tools & Equipment,Nova,418.63,1000.9,1
9310,SKU-TOY-009310,Aura Action Figures Model-311,Toys & Games,Action Figures,Aura,272.79,348.48,1
9311,SKU-HOM-009311,Matrix Storage Model-312,Home & Kitchen,Storage,Matrix,173.95,260.41,1
9312,SKU-HOM-009312,Velocity Decor Model-313,Home & Kitchen,Decor,Velocity,183.51,385.99,1
9313,SKU-SPO-009313,Echo Fitness Gear Model-314,Sports & Outdoors,Fitness Gear,Echo,99.57,168.04,1
9314,SKU-BEA-009314,Nova Cosmetics Model-315,Beauty & Care,Cosmetics,Nova,289.84,501.91,1
9315,SKU-SPO-009315,Prism Fitness Gear Model-316,Sports & Outdoors,Fitness Gear,Prism,100.61,166.82,1
9316,SKU-GRO-009316,Vortex Breakfast Model-317,Grocery & Pantry,Breakfast,Vortex,139,217.75,1
9317,SKU-APP-009317,Titan Men's Clothing Model-318,Apparel,Men's Clothing,Titan,399.19,683,1
9318,SKU-APP-009318,Vortex Accessories Model-319,Apparel,Accessories,Vortex,174.97,427.76,1
9319,SKU-GRO-009319,Horizon Snacks Model-320,Grocery & Pantry,Snacks,Horizon,166.98,381.92,1
9320,SKU-AUT-009320,Apex Tools & Equipment Model-321,Automotive,Tools & Equipment,Apex,175.49,423.68,1
9321,SKU-GRO-009321,Nova Snacks Model-322,Grocery & Pantry,Snacks,Nova,364.69,695.59,1
9322,SKU-ELE-009322,Nova Accessories Model-323,Electronics,Accessories,Nova,17.01,30.44,1
9323,SKU-SPO-009323,Lumina Water Sports Model-324,Sports & Outdoors,Water Sports,Lumina,443.53,1094.58,1
9324,SKU-SPO-009324,Echo Camping & Hiking Model-325,Sports & Outdoors,Camping & Hiking,Echo,381.84,647.71,1
9325,SKU-APP-009325,Nova Outerwear Model-326,Apparel,Outerwear,Nova,282.04,452.63,1
9326,SKU-ELE-009326,Lumina Smartphones Model-327,Electronics,Smartphones,Lumina,221.56,402.56,1
9327,SKU-GRO-009327,Sol Organic Foods Model-328,Grocery & Pantry,Organic Foods,Sol,105.43,175.08,0
9328,SKU-HOM-009328,Zenith Bedding Model-329,Home & Kitchen,Bedding,Zenith,71.96,115.35,1
9329,SKU-GRO-009329,Horizon Snacks Model-330,Grocery & Pantry,Snacks,Horizon,335.68,613.83,1
9330,SKU-APP-009330,Vortex Sportswear Model-331,Apparel,Sportswear,Vortex,340.3,443.74,1
9331,SKU-BEA-009331,Lumina Fragrances Model-332,Beauty & Care,Fragrances,Lumina,332.72,435.64,1
9332,SKU-GRO-009332,Horizon Beverages Model-333,Grocery & Pantry,Beverages,Horizon,257.7,521.87,1
9333,SKU-SPO-009333,Titan Team Sports Model-334,Sports & Outdoors,Team Sports,Titan,13.8,32.56,1
9334,SKU-AUT-009334,Apex Oils & Fluids Model-335,Automotive,Oils & Fluids,Apex,346.04,601.27,1
9335,SKU-HOM-009335,Aura Bedding Model-336,Home & Kitchen,Bedding,Aura,48.68,63.44,1
9336,SKU-HOM-009336,Zenith Furniture Model-337,Home & Kitchen,Furniture,Zenith,369.94,639.03,1
9337,SKU-GRO-009337,Pulse Beverages Model-338,Grocery & Pantry,Beverages,Pulse,444.03,662.85,1
9338,SKU-HOM-009338,Prism Storage Model-339,Home & Kitchen,Storage,Prism,353.35,461.04,1
9339,SKU-GRO-009339,Echo Canned Goods Model-340,Grocery & Pantry,Canned Goods,Echo,297.75,400.84,1
9340,SKU-TOY-009340,Matrix Puzzles Model-341,Toys & Games,Puzzles,Matrix,248.96,362.3,1
9341,SKU-TOY-009341,Vortex Board Games Model-342,Toys & Games,Board Games,Vortex,101.95,225.68,1
9342,SKU-HOM-009342,Echo Bedding Model-343,Home & Kitchen,Bedding,Echo,341.03,700.68,1
9343,SKU-TOY-009343,Echo Board Games Model-344,Toys & Games,Board Games,Echo,215.26,452.95,1
9344,SKU-BEA-009344,Nova Haircare Model-345,Beauty & Care,Haircare,Nova,254.59,516.43,1
9345,SKU-BEA-009345,Titan Cosmetics Model-346,Beauty & Care,Cosmetics,Titan,52.49,105.93,1
9346,SKU-TOY-009346,Sol Action Figures Model-347,Toys & Games,Action Figures,Sol,167.43,292.66,1
9347,SKU-GRO-009347,Prism Organic Foods Model-348,Grocery & Pantry,Organic Foods,Prism,372.5,817.47,1
9348,SKU-APP-009348,Sol Sportswear Model-349,Apparel,Sportswear,Sol,155.59,300.38,1
9349,SKU-GRO-009349,Echo Organic Foods Model-350,Grocery & Pantry,Organic Foods,Echo,325.71,611.7,1
9350,SKU-ELE-009350,Lumina Wearables Model-351,Electronics,Wearables,Lumina,220.32,460.88,1
9351,SKU-TOY-009351,Titan Action Figures Model-352,Toys & Games,Action Figures,Titan,334.94,740.05,1
9352,SKU-TOY-009352,Lumina Board Games Model-353,Toys & Games,Board Games,Lumina,293.6,446.9,1
9353,SKU-ELE-009353,Nova Audio & Headphones Model-354,Electronics,Audio & Headphones,Nova,233.75,363.99,1
9354,SKU-AUT-009354,Titan Interior Accessories Model-355,Automotive,Interior Accessories,Titan,146.15,235.47,1
9355,SKU-TOY-009355,Apex Puzzles Model-356,Toys & Games,Puzzles,Apex,278.64,373.34,1
9356,SKU-BEA-009356,Prism Cosmetics Model-357,Beauty & Care,Cosmetics,Prism,395.52,970.51,1
9357,SKU-SPO-009357,Lumina Water Sports Model-358,Sports & Outdoors,Water Sports,Lumina,438.46,856.78,1
9358,SKU-GRO-009358,Horizon Condiments Model-359,Grocery & Pantry,Condiments,Horizon,200.83,269.11,1
9359,SKU-GRO-009359,Apex Canned Goods Model-360,Grocery & Pantry,Canned Goods,Apex,282.72,684.9,0
9360,SKU-GRO-009360,Aura Breakfast Model-361,Grocery & Pantry,Breakfast,Aura,431.08,821.64,1
9361,SKU-SPO-009361,Vortex Camping & Hiking Model-362,Sports & Outdoors,Camping & Hiking,Vortex,259.1,411.13,1
9362,SKU-GRO-009362,Aura Canned Goods Model-363,Grocery & Pantry,Canned Goods,Aura,298.11,376,1
9363,SKU-SPO-009363,Lumina Cycling Model-364,Sports & Outdoors,Cycling,Lumina,97.36,150.24,1
9364,SKU-TOY-009364,Matrix Board Games Model-365,Toys & Games,Board Games,Matrix,212.48,447.66,1
9365,SKU-SPO-009365,Echo Camping & Hiking Model-366,Sports & Outdoors,Camping & Hiking,Echo,9.76,19.99,1
9366,SKU-AUT-009366,Prism Oils & Fluids Model-367,Automotive,Oils & Fluids,Prism,215.92,512.84,1
9367,SKU-HOM-009367,Echo Cookware Model-368,Home & Kitchen,Cookware,Echo,149.68,302.74,1
9368,SKU-ELE-009368,Summit Accessories Model-369,Electronics,Accessories,Summit,398.41,605.6,1
9369,SKU-SPO-009369,Sol Water Sports Model-370,Sports & Outdoors,Water Sports,Sol,374.49,664.73,1
9370,SKU-HOM-009370,Echo Furniture Model-371,Home & Kitchen,Furniture,Echo,257.75,445.04,1
9371,SKU-HOM-009371,Apex Furniture Model-372,Home & Kitchen,Furniture,Apex,241.69,521.23,1
9372,SKU-GRO-009372,Velocity Snacks Model-373,Grocery & Pantry,Snacks,Velocity,296.94,589.09,1
9373,SKU-APP-009373,Sol Outerwear Model-374,Apparel,Outerwear,Sol,220.53,447.21,1
9374,SKU-APP-009374,Pulse Women's Clothing Model-375,Apparel,Women's Clothing,Pulse,72.71,140.6,1
9375,SKU-AUT-009375,Zenith Tools & Equipment Model-376,Automotive,Tools & Equipment,Zenith,213.64,506.79,1
9376,SKU-AUT-009376,Matrix Interior Accessories Model-377,Automotive,Interior Accessories,Matrix,191.83,294.17,1
9377,SKU-SPO-009377,Zenith Fitness Gear Model-378,Sports & Outdoors,Fitness Gear,Zenith,380.68,912.53,1
9378,SKU-GRO-009378,Prism Condiments Model-379,Grocery & Pantry,Condiments,Prism,53.73,104.46,1
9379,SKU-BEA-009379,Nova Fragrances Model-380,Beauty & Care,Fragrances,Nova,60.15,91.48,1
9380,SKU-HOM-009380,Vortex Cookware Model-381,Home & Kitchen,Cookware,Vortex,90.25,151.04,1
9381,SKU-ELE-009381,Aura Audio & Headphones Model-382,Electronics,Audio & Headphones,Aura,229.75,445.11,1
9382,SKU-TOY-009382,Nova Outdoor Toys Model-383,Toys & Games,Outdoor Toys,Nova,162.1,213.73,1
9383,SKU-BEA-009383,Pulse Cosmetics Model-384,Beauty & Care,Cosmetics,Pulse,262.19,592.87,1
9384,SKU-AUT-009384,Summit Car Care Model-385,Automotive,Car Care,Summit,278.86,586.87,1
9385,SKU-BEA-009385,Titan Skincare Model-386,Beauty & Care,Skincare,Titan,154.11,238.9,1
9386,SKU-APP-009386,Summit Accessories Model-387,Apparel,Accessories,Summit,398.91,673.91,1
9387,SKU-TOY-009387,Aura Board Games Model-388,Toys & Games,Board Games,Aura,32.12,69.19,1
9388,SKU-ELE-009388,Titan Audio & Headphones Model-389,Electronics,Audio & Headphones,Titan,152.83,286.09,1
9389,SKU-BEA-009389,Zenith Skincare Model-390,Beauty & Care,Skincare,Zenith,89.76,117.85,1
9390,SKU-GRO-009390,Vortex Snacks Model-391,Grocery & Pantry,Snacks,Vortex,186.47,364.9,1
9391,SKU-GRO-009391,Nova Breakfast Model-392,Grocery & Pantry,Breakfast,Nova,357.06,790.64,1
9392,SKU-GRO-009392,Nova Beverages Model-393,Grocery & Pantry,Beverages,Nova,10.39,15.81,1
9393,SKU-SPO-009393,Nova Cycling Model-394,Sports & Outdoors,Cycling,Nova,206.01,365.79,1
9394,SKU-AUT-009394,Horizon Tools & Equipment Model-395,Automotive,Tools & Equipment,Horizon,357.37,577.53,1
9395,SKU-BEA-009395,Aura Cosmetics Model-396,Beauty & Care,Cosmetics,Aura,129.01,281.55,0
9396,SKU-BEA-009396,Matrix Cosmetics Model-397,Beauty & Care,Cosmetics,Matrix,167.38,333.99,1
9397,SKU-APP-009397,Sol Women's Clothing Model-398,Apparel,Women's Clothing,Sol,94.39,151.15,0
9398,SKU-ELE-009398,Pulse Accessories Model-399,Electronics,Accessories,Pulse,369.43,649.99,1
9399,SKU-TOY-009399,Matrix Action Figures Model-400,Toys & Games,Action Figures,Matrix,437.33,897.9,1
9400,SKU-SPO-009400,Nova Camping & Hiking Model-401,Sports & Outdoors,Camping & Hiking,Nova,276.31,401.02,1
9401,SKU-ELE-009401,Zenith Accessories Model-402,Electronics,Accessories,Zenith,308.88,440.26,1
9402,SKU-GRO-009402,Nova Breakfast Model-403,Grocery & Pantry,Breakfast,Nova,35.54,51.08,0
9403,SKU-TOY-009403,Sol Puzzles Model-404,Toys & Games,Puzzles,Sol,371.19,895.43,1
9404,SKU-BEA-009404,Pulse Skincare Model-405,Beauty & Care,Skincare,Pulse,427.79,681.24,1
9405,SKU-HOM-009405,Apex Furniture Model-406,Home & Kitchen,Furniture,Apex,270.74,381.08,1
9406,SKU-TOY-009406,Velocity Action Figures Model-407,Toys & Games,Action Figures,Velocity,205.38,331.95,1
9407,SKU-BEA-009407,Horizon Haircare Model-408,Beauty & Care,Haircare,Horizon,62.21,107.51,1
9408,SKU-SPO-009408,Sol Cycling Model-409,Sports & Outdoors,Cycling,Sol,217.1,476.89,1
9409,SKU-HOM-009409,Sol Decor Model-410,Home & Kitchen,Decor,Sol,303.81,483.05,1
9410,SKU-AUT-009410,Sol Car Care Model-411,Automotive,Car Care,Sol,283,692.76,1
9411,SKU-BEA-009411,Apex Haircare Model-412,Beauty & Care,Haircare,Apex,19.12,24.81,1
9412,SKU-ELE-009412,Pulse Smartphones Model-413,Electronics,Smartphones,Pulse,297.14,490.73,1
9413,SKU-GRO-009413,Nova Organic Foods Model-414,Grocery & Pantry,Organic Foods,Nova,137.21,298.56,1
9414,SKU-GRO-009414,Horizon Snacks Model-415,Grocery & Pantry,Snacks,Horizon,66.08,116.14,1
9415,SKU-SPO-009415,Pulse Fitness Gear Model-416,Sports & Outdoors,Fitness Gear,Pulse,238.34,504.61,1
9416,SKU-GRO-009416,Pulse Snacks Model-417,Grocery & Pantry,Snacks,Pulse,437.99,1049.08,1
9417,SKU-AUT-009417,Apex Oils & Fluids Model-418,Automotive,Oils & Fluids,Apex,140.96,190.44,1
9418,SKU-APP-009418,Summit Outerwear Model-419,Apparel,Outerwear,Summit,94,196.11,1
9419,SKU-APP-009419,Prism Sportswear Model-420,Apparel,Sportswear,Prism,52.49,120.21,1
9420,SKU-GRO-009420,Apex Condiments Model-421,Grocery & Pantry,Condiments,Apex,211.76,465.75,1
9421,SKU-AUT-009421,Apex Oils & Fluids Model-422,Automotive,Oils & Fluids,Apex,211.95,371.65,1
9422,SKU-APP-009422,Lumina Men's Clothing Model-423,Apparel,Men's Clothing,Lumina,368.64,730.11,1
9423,SKU-AUT-009423,Nova Tools & Equipment Model-424,Automotive,Tools & Equipment,Nova,223.96,483.25,1
9424,SKU-ELE-009424,Apex Audio & Headphones Model-425,Electronics,Audio & Headphones,Apex,78.86,140.25,1
9425,SKU-ELE-009425,Echo Smart Home Model-426,Electronics,Smart Home,Echo,166.22,337.56,1
9426,SKU-APP-009426,Zenith Outerwear Model-427,Apparel,Outerwear,Zenith,159.5,331.19,1
9427,SKU-BEA-009427,Aura Haircare Model-428,Beauty & Care,Haircare,Aura,141.79,218.05,1
9428,SKU-APP-009428,Vortex Accessories Model-429,Apparel,Accessories,Vortex,383.47,715.21,1
9429,SKU-BEA-009429,Zenith Skincare Model-430,Beauty & Care,Skincare,Zenith,238.72,459.83,1
9430,SKU-HOM-009430,Prism Furniture Model-431,Home & Kitchen,Furniture,Prism,416.17,917.4,1
9431,SKU-BEA-009431,Matrix Personal Care Model-432,Beauty & Care,Personal Care,Matrix,15.24,25.85,1
9432,SKU-AUT-009432,Vortex Interior Accessories Model-433,Automotive,Interior Accessories,Vortex,19.74,31.08,1
9433,SKU-TOY-009433,Prism Board Games Model-434,Toys & Games,Board Games,Prism,292.27,564.24,1
9434,SKU-APP-009434,Vortex Women's Clothing Model-435,Apparel,Women's Clothing,Vortex,131.85,327.18,1
9435,SKU-GRO-009435,Prism Beverages Model-436,Grocery & Pantry,Beverages,Prism,102.39,194.79,1
9436,SKU-AUT-009436,Nova Oils & Fluids Model-437,Automotive,Oils & Fluids,Nova,224.18,527.32,1
9437,SKU-AUT-009437,Matrix Tools & Equipment Model-438,Automotive,Tools & Equipment,Matrix,311.95,760.69,1
9438,SKU-SPO-009438,Summit Water Sports Model-439,Sports & Outdoors,Water Sports,Summit,335.59,564.13,1
9439,SKU-HOM-009439,Lumina Furniture Model-440,Home & Kitchen,Furniture,Lumina,11.56,25.7,0
9440,SKU-BEA-009440,Velocity Haircare Model-441,Beauty & Care,Haircare,Velocity,84.74,163.29,1
9441,SKU-SPO-009441,Aura Team Sports Model-442,Sports & Outdoors,Team Sports,Aura,230.53,322.04,1
9442,SKU-GRO-009442,Sol Breakfast Model-443,Grocery & Pantry,Breakfast,Sol,114.06,256.84,1
9443,SKU-HOM-009443,Apex Small Appliances Model-444,Home & Kitchen,Small Appliances,Apex,211.04,430.49,1
9444,SKU-APP-009444,Horizon Accessories Model-445,Apparel,Accessories,Horizon,208.34,281.4,1
9445,SKU-AUT-009445,Apex Tools & Equipment Model-446,Automotive,Tools & Equipment,Apex,143.31,271.12,1
9446,SKU-BEA-009446,Horizon Haircare Model-447,Beauty & Care,Haircare,Horizon,19.83,47.71,1
9447,SKU-ELE-009447,Vortex Smartphones Model-448,Electronics,Smartphones,Vortex,123.55,227.66,1
9448,SKU-APP-009448,Aura Women's Clothing Model-449,Apparel,Women's Clothing,Aura,75.4,139.66,1
9449,SKU-ELE-009449,Vortex Wearables Model-450,Electronics,Wearables,Vortex,169.6,377.81,1
9450,SKU-HOM-009450,Summit Storage Model-451,Home & Kitchen,Storage,Summit,41.68,59.22,1
9451,SKU-HOM-009451,Summit Decor Model-452,Home & Kitchen,Decor,Summit,187.45,452.16,1
9452,SKU-SPO-009452,Prism Team Sports Model-453,Sports & Outdoors,Team Sports,Prism,201.62,472.86,1
9453,SKU-HOM-009453,Pulse Storage Model-454,Home & Kitchen,Storage,Pulse,152.69,207.97,1
9454,SKU-AUT-009454,Matrix Oils & Fluids Model-455,Automotive,Oils & Fluids,Matrix,211.17,280.25,1
9455,SKU-TOY-009455,Pulse Action Figures Model-456,Toys & Games,Action Figures,Pulse,185.18,362.91,1
9456,SKU-ELE-009456,Sol Smart Home Model-457,Electronics,Smart Home,Sol,108.37,184.16,1
9457,SKU-HOM-009457,Prism Storage Model-458,Home & Kitchen,Storage,Prism,390.92,932.44,1
9458,SKU-SPO-009458,Nova Camping & Hiking Model-459,Sports & Outdoors,Camping & Hiking,Nova,205.94,313.68,1
9459,SKU-BEA-009459,Velocity Skincare Model-460,Beauty & Care,Skincare,Velocity,53.69,109.59,1
9460,SKU-HOM-009460,Pulse Storage Model-461,Home & Kitchen,Storage,Pulse,397.41,699.78,1
9461,SKU-ELE-009461,Summit Laptops Model-462,Electronics,Laptops,Summit,141.95,271.32,1
9462,SKU-TOY-009462,Sol Action Figures Model-463,Toys & Games,Action Figures,Sol,295.81,520.54,1
9463,SKU-SPO-009463,Titan Camping & Hiking Model-464,Sports & Outdoors,Camping & Hiking,Titan,47.94,67.81,1
9464,SKU-HOM-009464,Titan Storage Model-465,Home & Kitchen,Storage,Titan,303.55,543.99,1
9465,SKU-AUT-009465,Summit Oils & Fluids Model-466,Automotive,Oils & Fluids,Summit,257.98,454.34,1
9466,SKU-GRO-009466,Sol Beverages Model-467,Grocery & Pantry,Beverages,Sol,375.74,773.8,1
9467,SKU-SPO-009467,Prism Team Sports Model-468,Sports & Outdoors,Team Sports,Prism,284.97,516.15,1
9468,SKU-TOY-009468,Aura Outdoor Toys Model-469,Toys & Games,Outdoor Toys,Aura,151.1,264.93,1
9469,SKU-ELE-009469,Horizon Laptops Model-470,Electronics,Laptops,Horizon,440.16,814.2,1
9470,SKU-BEA-009470,Sol Personal Care Model-471,Beauty & Care,Personal Care,Sol,441.67,845.45,1
9471,SKU-AUT-009471,Matrix Tools & Equipment Model-472,Automotive,Tools & Equipment,Matrix,358.22,853.16,1
9472,SKU-SPO-009472,Prism Fitness Gear Model-473,Sports & Outdoors,Fitness Gear,Prism,146.98,328.47,0
9473,SKU-AUT-009473,Summit Interior Accessories Model-474,Automotive,Interior Accessories,Summit,387.89,574.3,1
9474,SKU-TOY-009474,Sol Action Figures Model-475,Toys & Games,Action Figures,Sol,22.43,45.11,1
9475,SKU-ELE-009475,Summit Laptops Model-476,Electronics,Laptops,Summit,319.6,444.41,1
9476,SKU-GRO-009476,Aura Condiments Model-477,Grocery & Pantry,Condiments,Aura,97.6,164.19,1
9477,SKU-SPO-009477,Titan Cycling Model-478,Sports & Outdoors,Cycling,Titan,280.42,558.14,1
9478,SKU-GRO-009478,Lumina Snacks Model-479,Grocery & Pantry,Snacks,Lumina,224.5,545.7,1
9479,SKU-ELE-009479,Velocity Smart Home Model-480,Electronics,Smart Home,Velocity,256.47,567.36,1
9480,SKU-APP-009480,Echo Accessories Model-481,Apparel,Accessories,Echo,143.69,357.04,1
9481,SKU-ELE-009481,Matrix Laptops Model-482,Electronics,Laptops,Matrix,330.65,686.56,1
9482,SKU-HOM-009482,Sol Furniture Model-483,Home & Kitchen,Furniture,Sol,350.26,770.64,1
9483,SKU-SPO-009483,Vortex Cycling Model-484,Sports & Outdoors,Cycling,Vortex,254.56,416.06,1
9484,SKU-BEA-009484,Horizon Cosmetics Model-485,Beauty & Care,Cosmetics,Horizon,355.48,885.62,1
9485,SKU-ELE-009485,Sol Wearables Model-486,Electronics,Wearables,Sol,338.05,457.87,1
9486,SKU-SPO-009486,Prism Camping & Hiking Model-487,Sports & Outdoors,Camping & Hiking,Prism,26.23,43.32,1
9487,SKU-APP-009487,Horizon Accessories Model-488,Apparel,Accessories,Horizon,256.21,479.86,1
9488,SKU-HOM-009488,Pulse Storage Model-489,Home & Kitchen,Storage,Pulse,350.57,709.76,1
9489,SKU-TOY-009489,Nova Educational Toys Model-490,Toys & Games,Educational Toys,Nova,90.79,176.75,1
9490,SKU-AUT-009490,Titan Interior Accessories Model-491,Automotive,Interior Accessories,Titan,141.68,200.4,1
9491,SKU-AUT-009491,Sol Car Care Model-492,Automotive,Car Care,Sol,440.07,991.96,1
9492,SKU-ELE-009492,Lumina Audio & Headphones Model-493,Electronics,Audio & Headphones,Lumina,128.88,198.94,0
9493,SKU-BEA-009493,Zenith Fragrances Model-494,Beauty & Care,Fragrances,Zenith,297.96,471.36,1
9494,SKU-SPO-009494,Zenith Fitness Gear Model-495,Sports & Outdoors,Fitness Gear,Zenith,404.37,644.57,1
9495,SKU-AUT-009495,Horizon Tools & Equipment Model-496,Automotive,Tools & Equipment,Horizon,228.28,325.55,1
9496,SKU-TOY-009496,Velocity Board Games Model-497,Toys & Games,Board Games,Velocity,83.08,180.48,1
9497,SKU-GRO-009497,Apex Condiments Model-498,Grocery & Pantry,Condiments,Apex,439.83,788.13,1
9498,SKU-AUT-009498,Titan Oils & Fluids Model-499,Automotive,Oils & Fluids,Titan,352.15,739.21,1
9499,SKU-SPO-009499,Velocity Cycling Model-500,Sports & Outdoors,Cycling,Velocity,6.7,15.95,1
9500,SKU-APP-009500,Pulse Sportswear Model-501,Apparel,Sportswear,Pulse,133.68,262.87,1
9501,SKU-ELE-009501,Sol Accessories Model-502,Electronics,Accessories,Sol,72.41,110.03,1
9502,SKU-BEA-009502,Vortex Skincare Model-503,Beauty & Care,Skincare,Vortex,116.26,190.49,1
9503,SKU-BEA-009503,Lumina Haircare Model-504,Beauty & Care,Haircare,Lumina,444.31,940.52,1
9504,SKU-AUT-009504,Nova Car Care Model-505,Automotive,Car Care,Nova,37.4,84.31,1
9505,SKU-TOY-009505,Vortex Outdoor Toys Model-506,Toys & Games,Outdoor Toys,Vortex,191.08,449.38,1
9506,SKU-GRO-009506,Horizon Organic Foods Model-507,Grocery & Pantry,Organic Foods,Horizon,75.9,186.32,1
9507,SKU-BEA-009507,Aura Cosmetics Model-508,Beauty & Care,Cosmetics,Aura,46.37,65.49,1
9508,SKU-TOY-009508,Summit Outdoor Toys Model-509,Toys & Games,Outdoor Toys,Summit,16.06,34.49,1
9509,SKU-AUT-009509,Echo Interior Accessories Model-510,Automotive,Interior Accessories,Echo,235.7,424.11,1
9510,SKU-HOM-009510,Nova Furniture Model-511,Home & Kitchen,Furniture,Nova,210.72,388.51,0
9511,SKU-ELE-009511,Pulse Laptops Model-512,Electronics,Laptops,Pulse,440.09,690.97,1
9512,SKU-TOY-009512,Lumina Outdoor Toys Model-513,Toys & Games,Outdoor Toys,Lumina,39.76,81.4,1
9513,SKU-ELE-009513,Pulse Laptops Model-514,Electronics,Laptops,Pulse,302.14,474.26,1
9514,SKU-AUT-009514,Nova Oils & Fluids Model-515,Automotive,Oils & Fluids,Nova,120.39,153.49,1
9515,SKU-TOY-009515,Summit Puzzles Model-516,Toys & Games,Puzzles,Summit,250.97,329.45,1
9516,SKU-GRO-009516,Lumina Beverages Model-517,Grocery & Pantry,Beverages,Lumina,306.33,388.88,1
9517,SKU-BEA-009517,Velocity Skincare Model-518,Beauty & Care,Skincare,Velocity,339.78,787.32,1
9518,SKU-ELE-009518,Apex Accessories Model-519,Electronics,Accessories,Apex,300.64,708.85,0
9519,SKU-APP-009519,Vortex Men's Clothing Model-520,Apparel,Men's Clothing,Vortex,97.64,136.87,1
9520,SKU-HOM-009520,Titan Cookware Model-521,Home & Kitchen,Cookware,Titan,266.7,375.99,1
9521,SKU-ELE-009521,Sol Smartphones Model-522,Electronics,Smartphones,Sol,349.51,772.79,0
9522,SKU-SPO-009522,Aura Cycling Model-523,Sports & Outdoors,Cycling,Aura,60.66,137.37,1
9523,SKU-SPO-009523,Summit Fitness Gear Model-524,Sports & Outdoors,Fitness Gear,Summit,109.43,181.68,1
9524,SKU-GRO-009524,Velocity Beverages Model-525,Grocery & Pantry,Beverages,Velocity,322.38,547.79,1
9525,SKU-GRO-009525,Velocity Breakfast Model-526,Grocery & Pantry,Breakfast,Velocity,432.07,971.06,1
9526,SKU-HOM-009526,Matrix Storage Model-527,Home & Kitchen,Storage,Matrix,56.65,112.3,1
9527,SKU-SPO-009527,Apex Camping & Hiking Model-528,Sports & Outdoors,Camping & Hiking,Apex,100.29,229.45,1
9528,SKU-AUT-009528,Horizon Interior Accessories Model-529,Automotive,Interior Accessories,Horizon,216.6,469,1
9529,SKU-ELE-009529,Horizon Accessories Model-530,Electronics,Accessories,Horizon,81.76,144.69,1
9530,SKU-GRO-009530,Titan Organic Foods Model-531,Grocery & Pantry,Organic Foods,Titan,139.06,188.85,1
9531,SKU-HOM-009531,Lumina Bedding Model-532,Home & Kitchen,Bedding,Lumina,202.49,450.76,1
9532,SKU-HOM-009532,Echo Cookware Model-533,Home & Kitchen,Cookware,Echo,192.13,301.21,1
9533,SKU-GRO-009533,Titan Canned Goods Model-534,Grocery & Pantry,Canned Goods,Titan,447.3,828.2,1
9534,SKU-ELE-009534,Apex Wearables Model-535,Electronics,Wearables,Apex,35.34,64.16,1
9535,SKU-APP-009535,Sol Women's Clothing Model-536,Apparel,Women's Clothing,Sol,139.73,311.8,1
9536,SKU-BEA-009536,Horizon Cosmetics Model-537,Beauty & Care,Cosmetics,Horizon,304.38,520.39,1
9537,SKU-ELE-009537,Velocity Smartphones Model-538,Electronics,Smartphones,Velocity,77.27,106.24,1
9538,SKU-SPO-009538,Pulse Cycling Model-539,Sports & Outdoors,Cycling,Pulse,8.66,12.41,1
9539,SKU-SPO-009539,Horizon Camping & Hiking Model-540,Sports & Outdoors,Camping & Hiking,Horizon,32.62,66.62,1
9540,SKU-GRO-009540,Horizon Canned Goods Model-541,Grocery & Pantry,Canned Goods,Horizon,167.87,350.24,1
9541,SKU-HOM-009541,Summit Storage Model-542,Home & Kitchen,Storage,Summit,70.89,121.46,1
9542,SKU-SPO-009542,Sol Cycling Model-543,Sports & Outdoors,Cycling,Sol,221.87,380.27,1
9543,SKU-BEA-009543,Horizon Cosmetics Model-544,Beauty & Care,Cosmetics,Horizon,328.83,498.24,1
9544,SKU-AUT-009544,Lumina Tools & Equipment Model-545,Automotive,Tools & Equipment,Lumina,267.56,606.95,1
9545,SKU-APP-009545,Aura Outerwear Model-546,Apparel,Outerwear,Aura,309.86,628.86,1
9546,SKU-ELE-009546,Vortex Smartphones Model-547,Electronics,Smartphones,Vortex,281.67,671.23,1
9547,SKU-AUT-009547,Horizon Tools & Equipment Model-548,Automotive,Tools & Equipment,Horizon,418.01,899.65,1
9548,SKU-SPO-009548,Pulse Camping & Hiking Model-549,Sports & Outdoors,Camping & Hiking,Pulse,19.45,27.85,1
9549,SKU-AUT-009549,Lumina Tools & Equipment Model-550,Automotive,Tools & Equipment,Lumina,151.73,257.17,1
9550,SKU-BEA-009550,Velocity Skincare Model-551,Beauty & Care,Skincare,Velocity,138.13,326.03,1
9551,SKU-BEA-009551,Sol Haircare Model-552,Beauty & Care,Haircare,Sol,27.54,37.91,0
9552,SKU-AUT-009552,Echo Interior Accessories Model-553,Automotive,Interior Accessories,Echo,174.03,433.65,1
9553,SKU-TOY-009553,Matrix Educational Toys Model-554,Toys & Games,Educational Toys,Matrix,83.12,151.64,1
9554,SKU-HOM-009554,Velocity Bedding Model-555,Home & Kitchen,Bedding,Velocity,262.56,473.05,1
9555,SKU-TOY-009555,Aura Board Games Model-556,Toys & Games,Board Games,Aura,346.53,810.24,1
9556,SKU-SPO-009556,Titan Fitness Gear Model-557,Sports & Outdoors,Fitness Gear,Titan,232.56,409.42,1
9557,SKU-SPO-009557,Horizon Fitness Gear Model-558,Sports & Outdoors,Fitness Gear,Horizon,181.1,448.16,1
9558,SKU-ELE-009558,Titan Accessories Model-559,Electronics,Accessories,Titan,28.99,54.96,1
9559,SKU-BEA-009559,Velocity Skincare Model-560,Beauty & Care,Skincare,Velocity,290.12,535.37,1
9560,SKU-GRO-009560,Lumina Snacks Model-561,Grocery & Pantry,Snacks,Lumina,363.37,564.37,1
9561,SKU-ELE-009561,Nova Laptops Model-562,Electronics,Laptops,Nova,131.4,237.21,1
9562,SKU-GRO-009562,Lumina Beverages Model-563,Grocery & Pantry,Beverages,Lumina,337.82,505.29,1
9563,SKU-TOY-009563,Velocity Educational Toys Model-564,Toys & Games,Educational Toys,Velocity,26.72,46.08,1
9564,SKU-APP-009564,Prism Accessories Model-565,Apparel,Accessories,Prism,288.78,666.76,1
9565,SKU-SPO-009565,Prism Cycling Model-566,Sports & Outdoors,Cycling,Prism,104.66,155.48,1
9566,SKU-GRO-009566,Prism Organic Foods Model-567,Grocery & Pantry,Organic Foods,Prism,274.2,486.68,1
9567,SKU-GRO-009567,Lumina Breakfast Model-568,Grocery & Pantry,Breakfast,Lumina,359.81,634,1
9568,SKU-GRO-009568,Prism Condiments Model-569,Grocery & Pantry,Condiments,Prism,241.88,429.81,1
9569,SKU-GRO-009569,Apex Organic Foods Model-570,Grocery & Pantry,Organic Foods,Apex,144.78,332.43,1
9570,SKU-TOY-009570,Vortex Action Figures Model-571,Toys & Games,Action Figures,Vortex,191,271.97,1
9571,SKU-GRO-009571,Horizon Condiments Model-572,Grocery & Pantry,Condiments,Horizon,83.34,162.77,1
9572,SKU-SPO-009572,Aura Fitness Gear Model-573,Sports & Outdoors,Fitness Gear,Aura,369.63,742.12,1
9573,SKU-AUT-009573,Nova Oils & Fluids Model-574,Automotive,Oils & Fluids,Nova,349.24,446.3,1
9574,SKU-HOM-009574,Zenith Bedding Model-575,Home & Kitchen,Bedding,Zenith,416.51,567.74,1
9575,SKU-APP-009575,Vortex Men's Clothing Model-576,Apparel,Men's Clothing,Vortex,52.19,100.45,1
9576,SKU-SPO-009576,Apex Team Sports Model-577,Sports & Outdoors,Team Sports,Apex,397.13,689.49,1
9577,SKU-HOM-009577,Lumina Storage Model-578,Home & Kitchen,Storage,Lumina,234.28,412.7,1
9578,SKU-HOM-009578,Horizon Cookware Model-579,Home & Kitchen,Cookware,Horizon,63.02,99.09,1
9579,SKU-ELE-009579,Titan Smartphones Model-580,Electronics,Smartphones,Titan,303.46,616.52,1
9580,SKU-BEA-009580,Velocity Personal Care Model-581,Beauty & Care,Personal Care,Velocity,264.61,505.69,1
9581,SKU-AUT-009581,Summit Interior Accessories Model-582,Automotive,Interior Accessories,Summit,403.13,680.59,1
9582,SKU-APP-009582,Matrix Men's Clothing Model-583,Apparel,Men's Clothing,Matrix,430.23,538.62,1
9583,SKU-AUT-009583,Sol Interior Accessories Model-584,Automotive,Interior Accessories,Sol,166.09,379.39,1
9584,SKU-AUT-009584,Horizon Car Care Model-585,Automotive,Car Care,Horizon,68.36,155.15,1
9585,SKU-GRO-009585,Prism Canned Goods Model-586,Grocery & Pantry,Canned Goods,Prism,387.44,801.28,0
9586,SKU-TOY-009586,Vortex Action Figures Model-587,Toys & Games,Action Figures,Vortex,271.01,668.65,1
9587,SKU-ELE-009587,Velocity Wearables Model-588,Electronics,Wearables,Velocity,151.72,238.51,1
9588,SKU-AUT-009588,Velocity Tools & Equipment Model-589,Automotive,Tools & Equipment,Velocity,418.08,909.97,1
9589,SKU-SPO-009589,Matrix Fitness Gear Model-590,Sports & Outdoors,Fitness Gear,Matrix,242.73,482.82,1
9590,SKU-TOY-009590,Matrix Board Games Model-591,Toys & Games,Board Games,Matrix,111.89,238.3,1
9591,SKU-BEA-009591,Zenith Haircare Model-592,Beauty & Care,Haircare,Zenith,393.62,626.53,1
9592,SKU-GRO-009592,Pulse Organic Foods Model-593,Grocery & Pantry,Organic Foods,Pulse,87.75,131.45,1
9593,SKU-APP-009593,Zenith Sportswear Model-594,Apparel,Sportswear,Zenith,144.06,338.16,1
9594,SKU-GRO-009594,Vortex Breakfast Model-595,Grocery & Pantry,Breakfast,Vortex,154.94,229.21,0
9595,SKU-AUT-009595,Pulse Interior Accessories Model-596,Automotive,Interior Accessories,Pulse,88.15,117.48,1
9596,SKU-APP-009596,Zenith Sportswear Model-597,Apparel,Sportswear,Zenith,149.59,266.58,1
9597,SKU-GRO-009597,Sol Organic Foods Model-598,Grocery & Pantry,Organic Foods,Sol,49.81,121.46,1
9598,SKU-TOY-009598,Vortex Action Figures Model-599,Toys & Games,Action Figures,Vortex,378.82,756.23,1
9599,SKU-APP-009599,Aura Men's Clothing Model-600,Apparel,Men's Clothing,Aura,47.05,66.23,1
9600,SKU-SPO-009600,Apex Camping & Hiking Model-601,Sports & Outdoors,Camping & Hiking,Apex,220.25,353.91,1
9601,SKU-AUT-009601,Pulse Oils & Fluids Model-602,Automotive,Oils & Fluids,Pulse,385.31,588.1,1
9602,SKU-ELE-009602,Nova Smart Home Model-603,Electronics,Smart Home,Nova,431.96,694.7,1
9603,SKU-SPO-009603,Aura Camping & Hiking Model-604,Sports & Outdoors,Camping & Hiking,Aura,93.01,153.03,1
9604,SKU-ELE-009604,Zenith Wearables Model-605,Electronics,Wearables,Zenith,429.43,876.82,1
9605,SKU-APP-009605,Lumina Outerwear Model-606,Apparel,Outerwear,Lumina,182.1,378.33,1
9606,SKU-ELE-009606,Matrix Audio & Headphones Model-607,Electronics,Audio & Headphones,Matrix,135.45,274.75,1
9607,SKU-GRO-009607,Titan Snacks Model-608,Grocery & Pantry,Snacks,Titan,210.42,319.07,1
9608,SKU-AUT-009608,Echo Interior Accessories Model-609,Automotive,Interior Accessories,Echo,311.66,462.7,1
9609,SKU-HOM-009609,Horizon Small Appliances Model-610,Home & Kitchen,Small Appliances,Horizon,294.45,419.78,1
9610,SKU-AUT-009610,Matrix Interior Accessories Model-611,Automotive,Interior Accessories,Matrix,59.42,112.92,1
9611,SKU-GRO-009611,Summit Snacks Model-612,Grocery & Pantry,Snacks,Summit,133.85,223.98,1
9612,SKU-APP-009612,Titan Footwear Model-613,Apparel,Footwear,Titan,237.7,477.03,1
9613,SKU-BEA-009613,Titan Haircare Model-614,Beauty & Care,Haircare,Titan,286.16,668.78,1
9614,SKU-APP-009614,Aura Footwear Model-615,Apparel,Footwear,Aura,173.99,252.11,1
9615,SKU-AUT-009615,Pulse Oils & Fluids Model-616,Automotive,Oils & Fluids,Pulse,402.96,1003.44,1
9616,SKU-SPO-009616,Nova Water Sports Model-617,Sports & Outdoors,Water Sports,Nova,22.24,50.43,1
9617,SKU-AUT-009617,Prism Car Care Model-618,Automotive,Car Care,Prism,116.25,217.82,1
9618,SKU-GRO-009618,Vortex Beverages Model-619,Grocery & Pantry,Beverages,Vortex,189.99,455.97,1
9619,SKU-TOY-009619,Pulse Action Figures Model-620,Toys & Games,Action Figures,Pulse,386.9,515.2,1
9620,SKU-BEA-009620,Prism Fragrances Model-621,Beauty & Care,Fragrances,Prism,75.43,130.56,1
9621,SKU-GRO-009621,Aura Organic Foods Model-622,Grocery & Pantry,Organic Foods,Aura,427.15,665.43,0
9622,SKU-GRO-009622,Summit Beverages Model-623,Grocery & Pantry,Beverages,Summit,335.32,835.4,1
9623,SKU-SPO-009623,Summit Fitness Gear Model-624,Sports & Outdoors,Fitness Gear,Summit,237.97,563.53,1
9624,SKU-ELE-009624,Zenith Smart Home Model-625,Electronics,Smart Home,Zenith,328.39,596.49,1
9625,SKU-SPO-009625,Horizon Team Sports Model-626,Sports & Outdoors,Team Sports,Horizon,424.95,896.61,1
9626,SKU-SPO-009626,Titan Cycling Model-627,Sports & Outdoors,Cycling,Titan,184.08,242.5,1
9627,SKU-GRO-009627,Pulse Snacks Model-628,Grocery & Pantry,Snacks,Pulse,26.74,43.21,1
9628,SKU-ELE-009628,Apex Wearables Model-629,Electronics,Wearables,Apex,445.6,953.6,1
9629,SKU-TOY-009629,Sol Puzzles Model-630,Toys & Games,Puzzles,Sol,365.25,535.46,1
9630,SKU-BEA-009630,Zenith Haircare Model-631,Beauty & Care,Haircare,Zenith,13.92,22.82,0
9631,SKU-GRO-009631,Horizon Condiments Model-632,Grocery & Pantry,Condiments,Horizon,121.06,227.39,1
9632,SKU-APP-009632,Aura Outerwear Model-633,Apparel,Outerwear,Aura,216.53,479.87,1
9633,SKU-APP-009633,Summit Footwear Model-634,Apparel,Footwear,Summit,135.67,183.53,1
9634,SKU-APP-009634,Summit Footwear Model-635,Apparel,Footwear,Summit,410.29,851.37,1
9635,SKU-GRO-009635,Matrix Beverages Model-636,Grocery & Pantry,Beverages,Matrix,414.28,990.73,1
9636,SKU-AUT-009636,Apex Car Care Model-637,Automotive,Car Care,Apex,258.49,402.29,1
9637,SKU-HOM-009637,Echo Furniture Model-638,Home & Kitchen,Furniture,Echo,53.56,122.1,1
9638,SKU-SPO-009638,Echo Cycling Model-639,Sports & Outdoors,Cycling,Echo,100.56,235.61,1
9639,SKU-HOM-009639,Apex Bedding Model-640,Home & Kitchen,Bedding,Apex,47.57,69.85,1
9640,SKU-SPO-009640,Lumina Team Sports Model-641,Sports & Outdoors,Team Sports,Lumina,282.84,705.44,1
9641,SKU-HOM-009641,Sol Bedding Model-642,Home & Kitchen,Bedding,Sol,188.77,387.58,1
9642,SKU-HOM-009642,Summit Decor Model-643,Home & Kitchen,Decor,Summit,395.77,678.92,1
9643,SKU-ELE-009643,Lumina Laptops Model-644,Electronics,Laptops,Lumina,242.31,506.27,1
9644,SKU-TOY-009644,Matrix Outdoor Toys Model-645,Toys & Games,Outdoor Toys,Matrix,347.68,722.61,0
9645,SKU-APP-009645,Lumina Footwear Model-646,Apparel,Footwear,Lumina,161.57,277.99,1
9646,SKU-SPO-009646,Sol Fitness Gear Model-647,Sports & Outdoors,Fitness Gear,Sol,350.71,719.55,1
9647,SKU-ELE-009647,Pulse Accessories Model-648,Electronics,Accessories,Pulse,269.43,493.28,1
9648,SKU-TOY-009648,Apex Outdoor Toys Model-649,Toys & Games,Outdoor Toys,Apex,91.93,121.36,1
9649,SKU-SPO-009649,Lumina Team Sports Model-650,Sports & Outdoors,Team Sports,Lumina,280.66,600.21,1
9650,SKU-GRO-009650,Horizon Breakfast Model-651,Grocery & Pantry,Breakfast,Horizon,290.79,679.33,1
9651,SKU-BEA-009651,Nova Skincare Model-652,Beauty & Care,Skincare,Nova,231.15,570.36,1
9652,SKU-TOY-009652,Sol Puzzles Model-653,Toys & Games,Puzzles,Sol,18.74,28.26,1
9653,SKU-HOM-009653,Aura Bedding Model-654,Home & Kitchen,Bedding,Aura,269.21,352.35,1
9654,SKU-ELE-009654,Zenith Laptops Model-655,Electronics,Laptops,Zenith,60.4,76.02,1
9655,SKU-AUT-009655,Nova Car Care Model-656,Automotive,Car Care,Nova,148.21,292.95,1
9656,SKU-SPO-009656,Sol Camping & Hiking Model-657,Sports & Outdoors,Camping & Hiking,Sol,173.79,397.52,1
9657,SKU-GRO-009657,Lumina Breakfast Model-658,Grocery & Pantry,Breakfast,Lumina,144.1,309.67,1
9658,SKU-BEA-009658,Nova Skincare Model-659,Beauty & Care,Skincare,Nova,185.85,376.2,1
9659,SKU-ELE-009659,Horizon Wearables Model-660,Electronics,Wearables,Horizon,287.55,364.1,1
9660,SKU-BEA-009660,Echo Haircare Model-661,Beauty & Care,Haircare,Echo,102.23,178.38,1
9661,SKU-TOY-009661,Nova Educational Toys Model-662,Toys & Games,Educational Toys,Nova,128.33,208.88,1
9662,SKU-TOY-009662,Summit Outdoor Toys Model-663,Toys & Games,Outdoor Toys,Summit,301.93,693.79,1
9663,SKU-SPO-009663,Velocity Fitness Gear Model-664,Sports & Outdoors,Fitness Gear,Velocity,149.61,218.64,1
9664,SKU-HOM-009664,Velocity Furniture Model-665,Home & Kitchen,Furniture,Velocity,334.64,830.84,1
9665,SKU-TOY-009665,Vortex Outdoor Toys Model-666,Toys & Games,Outdoor Toys,Vortex,251.83,623.19,1
9666,SKU-BEA-009666,Nova Cosmetics Model-667,Beauty & Care,Cosmetics,Nova,377.79,529.61,1
9667,SKU-TOY-009667,Summit Outdoor Toys Model-668,Toys & Games,Outdoor Toys,Summit,396.71,931.74,1
9668,SKU-AUT-009668,Sol Interior Accessories Model-669,Automotive,Interior Accessories,Sol,360.67,594.22,1
9669,SKU-SPO-009669,Vortex Fitness Gear Model-670,Sports & Outdoors,Fitness Gear,Vortex,384.17,627.22,1
9670,SKU-ELE-009670,Lumina Smartphones Model-671,Electronics,Smartphones,Lumina,308.83,557.27,1
9671,SKU-APP-009671,Velocity Accessories Model-672,Apparel,Accessories,Velocity,323.23,730.41,1
9672,SKU-HOM-009672,Prism Small Appliances Model-673,Home & Kitchen,Small Appliances,Prism,186.69,425.42,1
9673,SKU-TOY-009673,Summit Educational Toys Model-674,Toys & Games,Educational Toys,Summit,398.96,712.08,1
9674,SKU-AUT-009674,Horizon Car Care Model-675,Automotive,Car Care,Horizon,290.21,620.58,1
9675,SKU-SPO-009675,Lumina Fitness Gear Model-676,Sports & Outdoors,Fitness Gear,Lumina,209.38,283.71,1
9676,SKU-HOM-009676,Nova Cookware Model-677,Home & Kitchen,Cookware,Nova,418.57,551.68,1
9677,SKU-SPO-009677,Velocity Fitness Gear Model-678,Sports & Outdoors,Fitness Gear,Velocity,224.2,308.89,1
9678,SKU-AUT-009678,Echo Tools & Equipment Model-679,Automotive,Tools & Equipment,Echo,60.49,139.99,1
9679,SKU-AUT-009679,Prism Car Care Model-680,Automotive,Car Care,Prism,310.89,668.18,1
9680,SKU-SPO-009680,Nova Cycling Model-681,Sports & Outdoors,Cycling,Nova,236.71,330.92,1
9681,SKU-AUT-009681,Pulse Car Care Model-682,Automotive,Car Care,Pulse,338.46,835.31,1
9682,SKU-APP-009682,Prism Women's Clothing Model-683,Apparel,Women's Clothing,Prism,49.43,81.12,1
9683,SKU-GRO-009683,Pulse Beverages Model-684,Grocery & Pantry,Beverages,Pulse,282.3,423.51,1
9684,SKU-BEA-009684,Vortex Personal Care Model-685,Beauty & Care,Personal Care,Vortex,237.5,407.85,1
9685,SKU-APP-009685,Vortex Outerwear Model-686,Apparel,Outerwear,Vortex,272.24,561.93,1
9686,SKU-ELE-009686,Vortex Smart Home Model-687,Electronics,Smart Home,Vortex,146.25,234.65,1
9687,SKU-AUT-009687,Pulse Oils & Fluids Model-688,Automotive,Oils & Fluids,Pulse,430.9,961.18,1
9688,SKU-SPO-009688,Prism Water Sports Model-689,Sports & Outdoors,Water Sports,Prism,94.04,229.28,1
9689,SKU-HOM-009689,Pulse Decor Model-690,Home & Kitchen,Decor,Pulse,117.56,218.92,0
9690,SKU-ELE-009690,Nova Accessories Model-691,Electronics,Accessories,Nova,378.89,750.12,1
9691,SKU-ELE-009691,Matrix Laptops Model-692,Electronics,Laptops,Matrix,419.33,778.03,1
9692,SKU-GRO-009692,Zenith Canned Goods Model-693,Grocery & Pantry,Canned Goods,Zenith,388.69,527.81,1
9693,SKU-SPO-009693,Echo Team Sports Model-694,Sports & Outdoors,Team Sports,Echo,49.94,93.95,1
9694,SKU-TOY-009694,Sol Board Games Model-695,Toys & Games,Board Games,Sol,431.21,692.14,1
9695,SKU-HOM-009695,Vortex Furniture Model-696,Home & Kitchen,Furniture,Vortex,136.11,257.6,1
9696,SKU-BEA-009696,Prism Fragrances Model-697,Beauty & Care,Fragrances,Prism,240.2,423.76,1
9697,SKU-BEA-009697,Lumina Cosmetics Model-698,Beauty & Care,Cosmetics,Lumina,370.24,868.97,1
9698,SKU-APP-009698,Pulse Men's Clothing Model-699,Apparel,Men's Clothing,Pulse,288.34,526.12,1
9699,SKU-HOM-009699,Lumina Furniture Model-700,Home & Kitchen,Furniture,Lumina,47.95,71.96,1
9700,SKU-AUT-009700,Summit Car Care Model-701,Automotive,Car Care,Summit,384.9,769.94,1
9701,SKU-BEA-009701,Aura Personal Care Model-702,Beauty & Care,Personal Care,Aura,387.39,912.24,1
9702,SKU-GRO-009702,Echo Breakfast Model-703,Grocery & Pantry,Breakfast,Echo,51.91,122.33,1
9703,SKU-TOY-009703,Zenith Board Games Model-704,Toys & Games,Board Games,Zenith,170.51,342.42,1
9704,SKU-HOM-009704,Summit Furniture Model-705,Home & Kitchen,Furniture,Summit,69.66,129.36,1
9705,SKU-ELE-009705,Summit Smartphones Model-706,Electronics,Smartphones,Summit,94.84,226.61,1
9706,SKU-TOY-009706,Titan Board Games Model-707,Toys & Games,Board Games,Titan,133.74,254.05,1
9707,SKU-GRO-009707,Velocity Beverages Model-708,Grocery & Pantry,Beverages,Velocity,312.42,720.89,1
9708,SKU-GRO-009708,Lumina Beverages Model-709,Grocery & Pantry,Beverages,Lumina,86.93,166.18,1
9709,SKU-APP-009709,Apex Outerwear Model-710,Apparel,Outerwear,Apex,384,725.05,1
9710,SKU-HOM-009710,Summit Decor Model-711,Home & Kitchen,Decor,Summit,316.99,462.35,1
9711,SKU-SPO-009711,Sol Camping & Hiking Model-712,Sports & Outdoors,Camping & Hiking,Sol,380.05,903.14,1
9712,SKU-ELE-009712,Pulse Smart Home Model-713,Electronics,Smart Home,Pulse,251.98,622.86,1
9713,SKU-AUT-009713,Sol Interior Accessories Model-714,Automotive,Interior Accessories,Sol,163.54,214.16,1
9714,SKU-TOY-009714,Nova Outdoor Toys Model-715,Toys & Games,Outdoor Toys,Nova,430.19,877.62,1
9715,SKU-BEA-009715,Prism Haircare Model-716,Beauty & Care,Haircare,Prism,138.32,176.13,1
9716,SKU-AUT-009716,Summit Interior Accessories Model-717,Automotive,Interior Accessories,Summit,258.71,420.57,1
9717,SKU-AUT-009717,Aura Oils & Fluids Model-718,Automotive,Oils & Fluids,Aura,100.44,159.53,1
9718,SKU-SPO-009718,Apex Cycling Model-719,Sports & Outdoors,Cycling,Apex,377.68,680.16,1
9719,SKU-HOM-009719,Velocity Small Appliances Model-720,Home & Kitchen,Small Appliances,Velocity,176.9,353.93,1
9720,SKU-HOM-009720,Echo Small Appliances Model-721,Home & Kitchen,Small Appliances,Echo,360.11,510.51,1
9721,SKU-AUT-009721,Velocity Tools & Equipment Model-722,Automotive,Tools & Equipment,Velocity,384.97,952.23,1
9722,SKU-GRO-009722,Matrix Snacks Model-723,Grocery & Pantry,Snacks,Matrix,376.3,508.99,1
9723,SKU-ELE-009723,Vortex Smart Home Model-724,Electronics,Smart Home,Vortex,409.52,528.82,1
9724,SKU-BEA-009724,Summit Skincare Model-725,Beauty & Care,Skincare,Summit,433.42,1009.38,1
9725,SKU-ELE-009725,Zenith Audio & Headphones Model-726,Electronics,Audio & Headphones,Zenith,265.25,653.8,1
9726,SKU-APP-009726,Pulse Accessories Model-727,Apparel,Accessories,Pulse,79.98,135.75,1
9727,SKU-TOY-009727,Lumina Educational Toys Model-728,Toys & Games,Educational Toys,Lumina,247.58,384.74,1
9728,SKU-TOY-009728,Prism Board Games Model-729,Toys & Games,Board Games,Prism,183.26,268.03,1
9729,SKU-HOM-009729,Summit Cookware Model-730,Home & Kitchen,Cookware,Summit,25.5,39.97,1
9730,SKU-HOM-009730,Nova Furniture Model-731,Home & Kitchen,Furniture,Nova,301.63,619.77,1
9731,SKU-HOM-009731,Nova Storage Model-732,Home & Kitchen,Storage,Nova,235.99,478.87,1
9732,SKU-BEA-009732,Apex Personal Care Model-733,Beauty & Care,Personal Care,Apex,419.98,857,1
9733,SKU-SPO-009733,Horizon Water Sports Model-734,Sports & Outdoors,Water Sports,Horizon,76.32,107.97,1
9734,SKU-BEA-009734,Horizon Fragrances Model-735,Beauty & Care,Fragrances,Horizon,121.25,241.24,1
9735,SKU-TOY-009735,Prism Board Games Model-736,Toys & Games,Board Games,Prism,225.01,323.63,1
9736,SKU-AUT-009736,Summit Tools & Equipment Model-737,Automotive,Tools & Equipment,Summit,377.63,846.45,1
9737,SKU-HOM-009737,Zenith Cookware Model-738,Home & Kitchen,Cookware,Zenith,191.39,351,1
9738,SKU-TOY-009738,Sol Outdoor Toys Model-739,Toys & Games,Outdoor Toys,Sol,26.17,51.45,1
9739,SKU-HOM-009739,Pulse Cookware Model-740,Home & Kitchen,Cookware,Pulse,105.75,139.19,1
9740,SKU-ELE-009740,Titan Smart Home Model-741,Electronics,Smart Home,Titan,163.07,253.98,1
9741,SKU-GRO-009741,Echo Condiments Model-742,Grocery & Pantry,Condiments,Echo,93.41,142.28,1
9742,SKU-GRO-009742,Pulse Breakfast Model-743,Grocery & Pantry,Breakfast,Pulse,434.22,688.13,0
9743,SKU-GRO-009743,Sol Beverages Model-744,Grocery & Pantry,Beverages,Sol,159.3,286,1
9744,SKU-TOY-009744,Pulse Action Figures Model-745,Toys & Games,Action Figures,Pulse,214.27,448.71,1
9745,SKU-BEA-009745,Titan Cosmetics Model-746,Beauty & Care,Cosmetics,Titan,404.32,811.18,1
9746,SKU-ELE-009746,Apex Smartphones Model-747,Electronics,Smartphones,Apex,390.98,961.26,1
9747,SKU-AUT-009747,Vortex Interior Accessories Model-748,Automotive,Interior Accessories,Vortex,30.14,42.65,1
9748,SKU-AUT-009748,Titan Car Care Model-749,Automotive,Car Care,Titan,382.37,715.24,1
9749,SKU-HOM-009749,Zenith Decor Model-750,Home & Kitchen,Decor,Zenith,132.04,241.49,1
9750,SKU-AUT-009750,Horizon Tools & Equipment Model-751,Automotive,Tools & Equipment,Horizon,143.89,181.95,1
9751,SKU-AUT-009751,Prism Tools & Equipment Model-752,Automotive,Tools & Equipment,Prism,330.88,431.37,1
9752,SKU-TOY-009752,Apex Puzzles Model-753,Toys & Games,Puzzles,Apex,400.64,877.9,1
9753,SKU-TOY-009753,Aura Outdoor Toys Model-754,Toys & Games,Outdoor Toys,Aura,364.66,586.89,1
9754,SKU-BEA-009754,Velocity Skincare Model-755,Beauty & Care,Skincare,Velocity,345.98,668.36,1
9755,SKU-TOY-009755,Vortex Board Games Model-756,Toys & Games,Board Games,Vortex,90.68,167.31,1
9756,SKU-AUT-009756,Lumina Interior Accessories Model-757,Automotive,Interior Accessories,Lumina,9.86,15.23,1
9757,SKU-HOM-009757,Horizon Storage Model-758,Home & Kitchen,Storage,Horizon,97.23,124.72,1
9758,SKU-SPO-009758,Sol Water Sports Model-759,Sports & Outdoors,Water Sports,Sol,438.51,647.65,1
9759,SKU-AUT-009759,Velocity Oils & Fluids Model-760,Automotive,Oils & Fluids,Velocity,170.31,279.28,1
9760,SKU-ELE-009760,Lumina Wearables Model-761,Electronics,Wearables,Lumina,434.35,568.73,1
9761,SKU-GRO-009761,Summit Condiments Model-762,Grocery & Pantry,Condiments,Summit,43.59,75.38,0
9762,SKU-TOY-009762,Horizon Action Figures Model-763,Toys & Games,Action Figures,Horizon,211.72,320.86,1
9763,SKU-APP-009763,Matrix Men's Clothing Model-764,Apparel,Men's Clothing,Matrix,137.65,184,1
9764,SKU-TOY-009764,Aura Action Figures Model-765,Toys & Games,Action Figures,Aura,333.14,820.89,1
9765,SKU-TOY-009765,Velocity Outdoor Toys Model-766,Toys & Games,Outdoor Toys,Velocity,53.6,91.51,1
9766,SKU-TOY-009766,Summit Board Games Model-767,Toys & Games,Board Games,Summit,282.46,511.04,0
9767,SKU-BEA-009767,Titan Personal Care Model-768,Beauty & Care,Personal Care,Titan,296.68,669.61,1
9768,SKU-ELE-009768,Pulse Audio & Headphones Model-769,Electronics,Audio & Headphones,Pulse,220.17,349.53,1
9769,SKU-GRO-009769,Zenith Beverages Model-770,Grocery & Pantry,Beverages,Zenith,195.96,441.96,1
9770,SKU-ELE-009770,Aura Smart Home Model-771,Electronics,Smart Home,Aura,422.1,846.06,0
9771,SKU-ELE-009771,Echo Laptops Model-772,Electronics,Laptops,Echo,281.91,683.62,1
9772,SKU-GRO-009772,Vortex Snacks Model-773,Grocery & Pantry,Snacks,Vortex,132.67,316.56,1
9773,SKU-TOY-009773,Summit Puzzles Model-774,Toys & Games,Puzzles,Summit,152.03,332.05,1
9774,SKU-GRO-009774,Titan Snacks Model-775,Grocery & Pantry,Snacks,Titan,87.87,120.44,1
9775,SKU-SPO-009775,Aura Fitness Gear Model-776,Sports & Outdoors,Fitness Gear,Aura,125.8,188.6,1
9776,SKU-SPO-009776,Nova Water Sports Model-777,Sports & Outdoors,Water Sports,Nova,46.32,103.88,1
9777,SKU-GRO-009777,Vortex Organic Foods Model-778,Grocery & Pantry,Organic Foods,Vortex,184.05,402.92,1
9778,SKU-BEA-009778,Lumina Fragrances Model-779,Beauty & Care,Fragrances,Lumina,212.68,299.02,1
9779,SKU-GRO-009779,Horizon Condiments Model-780,Grocery & Pantry,Condiments,Horizon,261.84,341.26,1
9780,SKU-ELE-009780,Apex Smartphones Model-781,Electronics,Smartphones,Apex,132.84,328.75,1
9781,SKU-SPO-009781,Aura Water Sports Model-782,Sports & Outdoors,Water Sports,Aura,101.1,215.07,1
9782,SKU-APP-009782,Aura Outerwear Model-783,Apparel,Outerwear,Aura,86.02,212.06,1
9783,SKU-HOM-009783,Prism Decor Model-784,Home & Kitchen,Decor,Prism,175.69,381.6,1
9784,SKU-HOM-009784,Aura Bedding Model-785,Home & Kitchen,Bedding,Aura,120.68,201.17,1
9785,SKU-ELE-009785,Zenith Smart Home Model-786,Electronics,Smart Home,Zenith,311.59,454.53,1
9786,SKU-GRO-009786,Titan Beverages Model-787,Grocery & Pantry,Beverages,Titan,205.98,468.2,1
9787,SKU-ELE-009787,Prism Wearables Model-788,Electronics,Wearables,Prism,168.35,410.67,1
9788,SKU-HOM-009788,Sol Small Appliances Model-789,Home & Kitchen,Small Appliances,Sol,406.5,945.35,1
9789,SKU-ELE-009789,Horizon Audio & Headphones Model-790,Electronics,Audio & Headphones,Horizon,209.12,438.73,1
9790,SKU-HOM-009790,Velocity Bedding Model-791,Home & Kitchen,Bedding,Velocity,197.65,476.03,1
9791,SKU-HOM-009791,Aura Furniture Model-792,Home & Kitchen,Furniture,Aura,119.61,265.29,1
9792,SKU-BEA-009792,Vortex Fragrances Model-793,Beauty & Care,Fragrances,Vortex,150.69,293.67,1
9793,SKU-SPO-009793,Aura Team Sports Model-794,Sports & Outdoors,Team Sports,Aura,146.95,216.34,1
9794,SKU-BEA-009794,Velocity Skincare Model-795,Beauty & Care,Skincare,Velocity,55.8,100.83,1
9795,SKU-GRO-009795,Velocity Beverages Model-796,Grocery & Pantry,Beverages,Velocity,142.75,304.72,1
9796,SKU-ELE-009796,Prism Audio & Headphones Model-797,Electronics,Audio & Headphones,Prism,202.81,304.86,1
9797,SKU-AUT-009797,Pulse Interior Accessories Model-798,Automotive,Interior Accessories,Pulse,357.44,641.2,1
9798,SKU-AUT-009798,Sol Interior Accessories Model-799,Automotive,Interior Accessories,Sol,310.63,642.57,1
9799,SKU-AUT-009799,Summit Tools & Equipment Model-800,Automotive,Tools & Equipment,Summit,365.45,909.12,1
9800,SKU-ELE-009800,Pulse Accessories Model-801,Electronics,Accessories,Pulse,365.25,597.07,1
9801,SKU-GRO-009801,Echo Condiments Model-802,Grocery & Pantry,Condiments,Echo,90.8,136.69,1
9802,SKU-HOM-009802,Lumina Bedding Model-803,Home & Kitchen,Bedding,Lumina,24.72,52.87,1
9803,SKU-APP-009803,Pulse Accessories Model-804,Apparel,Accessories,Pulse,395.11,571.98,0
9804,SKU-APP-009804,Nova Footwear Model-805,Apparel,Footwear,Nova,210.88,434.04,1
9805,SKU-HOM-009805,Matrix Decor Model-806,Home & Kitchen,Decor,Matrix,238.44,553.84,1
9806,SKU-SPO-009806,Zenith Cycling Model-807,Sports & Outdoors,Cycling,Zenith,181.7,437.68,1
9807,SKU-HOM-009807,Nova Small Appliances Model-808,Home & Kitchen,Small Appliances,Nova,193.73,270.95,1
9808,SKU-GRO-009808,Vortex Snacks Model-809,Grocery & Pantry,Snacks,Vortex,140.37,293.73,1
9809,SKU-APP-009809,Apex Accessories Model-810,Apparel,Accessories,Apex,12.04,25.18,1
9810,SKU-BEA-009810,Zenith Skincare Model-811,Beauty & Care,Skincare,Zenith,443.77,879.96,1
9811,SKU-SPO-009811,Echo Team Sports Model-812,Sports & Outdoors,Team Sports,Echo,442.59,1045.33,1
9812,SKU-TOY-009812,Velocity Outdoor Toys Model-813,Toys & Games,Outdoor Toys,Velocity,71.34,120.08,1
9813,SKU-TOY-009813,Apex Outdoor Toys Model-814,Toys & Games,Outdoor Toys,Apex,137.16,316.71,1
9814,SKU-GRO-009814,Summit Breakfast Model-815,Grocery & Pantry,Breakfast,Summit,332.54,600.93,1
9815,SKU-TOY-009815,Titan Board Games Model-816,Toys & Games,Board Games,Titan,212.8,349.17,1
9816,SKU-SPO-009816,Horizon Cycling Model-817,Sports & Outdoors,Cycling,Horizon,408.07,991.61,1
9817,SKU-AUT-009817,Apex Car Care Model-818,Automotive,Car Care,Apex,102.33,199.24,1
9818,SKU-HOM-009818,Titan Storage Model-819,Home & Kitchen,Storage,Titan,306.19,484.37,1
9819,SKU-AUT-009819,Pulse Oils & Fluids Model-820,Automotive,Oils & Fluids,Pulse,345.31,614.54,1
9820,SKU-ELE-009820,Prism Smart Home Model-821,Electronics,Smart Home,Prism,272.87,441.78,1
9821,SKU-SPO-009821,Summit Fitness Gear Model-822,Sports & Outdoors,Fitness Gear,Summit,352.58,866.34,1
9822,SKU-APP-009822,Horizon Outerwear Model-823,Apparel,Outerwear,Horizon,80.64,169,1
9823,SKU-APP-009823,Pulse Men's Clothing Model-824,Apparel,Men's Clothing,Pulse,376.36,482.38,1
9824,SKU-BEA-009824,Titan Fragrances Model-825,Beauty & Care,Fragrances,Titan,435.91,697.76,1
9825,SKU-ELE-009825,Apex Laptops Model-826,Electronics,Laptops,Apex,405.62,672.17,1
9826,SKU-BEA-009826,Matrix Haircare Model-827,Beauty & Care,Haircare,Matrix,27.51,66.31,1
9827,SKU-HOM-009827,Velocity Cookware Model-828,Home & Kitchen,Cookware,Velocity,191.14,284.41,1
9828,SKU-APP-009828,Sol Accessories Model-829,Apparel,Accessories,Sol,72.72,94.52,1
9829,SKU-SPO-009829,Matrix Team Sports Model-830,Sports & Outdoors,Team Sports,Matrix,98.65,135.17,1
9830,SKU-BEA-009830,Aura Personal Care Model-831,Beauty & Care,Personal Care,Aura,333.71,768.68,1
9831,SKU-GRO-009831,Summit Canned Goods Model-832,Grocery & Pantry,Canned Goods,Summit,42.29,62.59,1
9832,SKU-ELE-009832,Echo Smartphones Model-833,Electronics,Smartphones,Echo,230.42,424.33,1
9833,SKU-HOM-009833,Sol Storage Model-834,Home & Kitchen,Storage,Sol,423.03,743.7,1
9834,SKU-SPO-009834,Titan Camping & Hiking Model-835,Sports & Outdoors,Camping & Hiking,Titan,165.59,383.7,1
9835,SKU-ELE-009835,Zenith Accessories Model-836,Electronics,Accessories,Zenith,185.71,246.12,1
9836,SKU-TOY-009836,Titan Puzzles Model-837,Toys & Games,Puzzles,Titan,247.49,317.37,1
9837,SKU-GRO-009837,Summit Condiments Model-838,Grocery & Pantry,Condiments,Summit,374.1,619.49,1
9838,SKU-TOY-009838,Titan Outdoor Toys Model-839,Toys & Games,Outdoor Toys,Titan,111.83,198.73,1
9839,SKU-AUT-009839,Vortex Interior Accessories Model-840,Automotive,Interior Accessories,Vortex,89.17,178.61,1
9840,SKU-APP-009840,Summit Women's Clothing Model-841,Apparel,Women's Clothing,Summit,252.73,405.96,1
9841,SKU-HOM-009841,Echo Bedding Model-842,Home & Kitchen,Bedding,Echo,203.91,360.37,1
9842,SKU-GRO-009842,Nova Organic Foods Model-843,Grocery & Pantry,Organic Foods,Nova,32.5,66.52,1
9843,SKU-ELE-009843,Velocity Smartphones Model-844,Electronics,Smartphones,Velocity,409.68,851.87,1
9844,SKU-TOY-009844,Echo Action Figures Model-845,Toys & Games,Action Figures,Echo,199.02,480.48,1
9845,SKU-TOY-009845,Nova Outdoor Toys Model-846,Toys & Games,Outdoor Toys,Nova,267.56,534.24,1
9846,SKU-ELE-009846,Lumina Accessories Model-847,Electronics,Accessories,Lumina,56.51,76.38,1
9847,SKU-AUT-009847,Titan Interior Accessories Model-848,Automotive,Interior Accessories,Titan,38.53,57.16,1
9848,SKU-GRO-009848,Echo Canned Goods Model-849,Grocery & Pantry,Canned Goods,Echo,123.18,289.23,1
9849,SKU-HOM-009849,Echo Cookware Model-850,Home & Kitchen,Cookware,Echo,419.52,595.93,1
9850,SKU-GRO-009850,Sol Condiments Model-851,Grocery & Pantry,Condiments,Sol,331.49,798.14,1
9851,SKU-TOY-009851,Lumina Action Figures Model-852,Toys & Games,Action Figures,Lumina,372.25,467.83,1
9852,SKU-SPO-009852,Pulse Water Sports Model-853,Sports & Outdoors,Water Sports,Pulse,103.51,208.12,1
9853,SKU-SPO-009853,Velocity Water Sports Model-854,Sports & Outdoors,Water Sports,Velocity,207.57,347.71,1
9854,SKU-SPO-009854,Horizon Fitness Gear Model-855,Sports & Outdoors,Fitness Gear,Horizon,293.23,573.42,1
9855,SKU-TOY-009855,Echo Outdoor Toys Model-856,Toys & Games,Outdoor Toys,Echo,124.43,246.59,1
9856,SKU-HOM-009856,Matrix Storage Model-857,Home & Kitchen,Storage,Matrix,341.16,537.28,1
9857,SKU-GRO-009857,Titan Breakfast Model-858,Grocery & Pantry,Breakfast,Titan,13.98,20.02,1
9858,SKU-ELE-009858,Matrix Laptops Model-859,Electronics,Laptops,Matrix,141.24,279.17,1
9859,SKU-APP-009859,Nova Outerwear Model-860,Apparel,Outerwear,Nova,368.75,627.76,0
9860,SKU-AUT-009860,Sol Tools & Equipment Model-861,Automotive,Tools & Equipment,Sol,156.92,273.84,1
9861,SKU-SPO-009861,Vortex Team Sports Model-862,Sports & Outdoors,Team Sports,Vortex,67.56,93.38,1
9862,SKU-AUT-009862,Velocity Oils & Fluids Model-863,Automotive,Oils & Fluids,Velocity,161.68,264.7,1
9863,SKU-TOY-009863,Velocity Educational Toys Model-864,Toys & Games,Educational Toys,Velocity,162.8,340.47,1
9864,SKU-SPO-009864,Zenith Cycling Model-865,Sports & Outdoors,Cycling,Zenith,270.9,673.09,1
9865,SKU-SPO-009865,Lumina Water Sports Model-866,Sports & Outdoors,Water Sports,Lumina,391.05,624.12,1
9866,SKU-APP-009866,Summit Men's Clothing Model-867,Apparel,Men's Clothing,Summit,174.67,278.04,1
9867,SKU-SPO-009867,Lumina Team Sports Model-868,Sports & Outdoors,Team Sports,Lumina,154.43,321.02,1
9868,SKU-TOY-009868,Nova Action Figures Model-869,Toys & Games,Action Figures,Nova,373.74,926.16,1
9869,SKU-GRO-009869,Apex Beverages Model-870,Grocery & Pantry,Beverages,Apex,224.01,312.68,1
9870,SKU-GRO-009870,Velocity Breakfast Model-871,Grocery & Pantry,Breakfast,Velocity,299.21,653.36,1
9871,SKU-AUT-009871,Echo Car Care Model-872,Automotive,Car Care,Echo,316.85,585.91,1
9872,SKU-HOM-009872,Horizon Decor Model-873,Home & Kitchen,Decor,Horizon,95.39,230.81,1
9873,SKU-TOY-009873,Nova Board Games Model-874,Toys & Games,Board Games,Nova,354.22,667.82,1
9874,SKU-TOY-009874,Summit Outdoor Toys Model-875,Toys & Games,Outdoor Toys,Summit,236.26,388.52,1
9875,SKU-APP-009875,Vortex Men's Clothing Model-876,Apparel,Men's Clothing,Vortex,402.58,979.83,1
9876,SKU-GRO-009876,Vortex Beverages Model-877,Grocery & Pantry,Beverages,Vortex,162.6,362.67,1
9877,SKU-ELE-009877,Echo Accessories Model-878,Electronics,Accessories,Echo,355.07,498.03,1
9878,SKU-BEA-009878,Velocity Skincare Model-879,Beauty & Care,Skincare,Velocity,36.72,58.57,1
9879,SKU-SPO-009879,Nova Camping & Hiking Model-880,Sports & Outdoors,Camping & Hiking,Nova,233.48,482.21,1
9880,SKU-SPO-009880,Lumina Water Sports Model-881,Sports & Outdoors,Water Sports,Lumina,448.7,903.04,1
9881,SKU-SPO-009881,Zenith Camping & Hiking Model-882,Sports & Outdoors,Camping & Hiking,Zenith,415.84,952.43,1
9882,SKU-BEA-009882,Lumina Haircare Model-883,Beauty & Care,Haircare,Lumina,105.71,204.33,1
9883,SKU-TOY-009883,Vortex Puzzles Model-884,Toys & Games,Puzzles,Vortex,237.7,447.55,1
9884,SKU-HOM-009884,Velocity Bedding Model-885,Home & Kitchen,Bedding,Velocity,8.55,14,1
9885,SKU-SPO-009885,Lumina Team Sports Model-886,Sports & Outdoors,Team Sports,Lumina,166.57,215.24,1
9886,SKU-HOM-009886,Echo Bedding Model-887,Home & Kitchen,Bedding,Echo,168.5,239.56,1
9887,SKU-SPO-009887,Echo Team Sports Model-888,Sports & Outdoors,Team Sports,Echo,146.81,211.03,1
9888,SKU-AUT-009888,Titan Tools & Equipment Model-889,Automotive,Tools & Equipment,Titan,31.71,58.21,1
9889,SKU-SPO-009889,Lumina Team Sports Model-890,Sports & Outdoors,Team Sports,Lumina,224.2,333.49,1
9890,SKU-BEA-009890,Vortex Haircare Model-891,Beauty & Care,Haircare,Vortex,253.44,560.43,1
9891,SKU-BEA-009891,Summit Haircare Model-892,Beauty & Care,Haircare,Summit,402.66,887.48,1
9892,SKU-HOM-009892,Velocity Small Appliances Model-893,Home & Kitchen,Small Appliances,Velocity,16.48,33.82,1
9893,SKU-BEA-009893,Horizon Cosmetics Model-894,Beauty & Care,Cosmetics,Horizon,24.89,61.88,1
9894,SKU-AUT-009894,Aura Car Care Model-895,Automotive,Car Care,Aura,445.16,674.48,1
9895,SKU-BEA-009895,Summit Personal Care Model-896,Beauty & Care,Personal Care,Summit,42.35,82.53,1
9896,SKU-GRO-009896,Sol Breakfast Model-897,Grocery & Pantry,Breakfast,Sol,281.05,513.35,1
9897,SKU-SPO-009897,Sol Team Sports Model-898,Sports & Outdoors,Team Sports,Sol,447.06,967.18,1
9898,SKU-TOY-009898,Summit Educational Toys Model-899,Toys & Games,Educational Toys,Summit,440.84,789.42,1
9899,SKU-AUT-009899,Summit Interior Accessories Model-900,Automotive,Interior Accessories,Summit,178.33,268.82,1
9900,SKU-HOM-009900,Vortex Decor Model-901,Home & Kitchen,Decor,Vortex,140.98,184.29,1
9901,SKU-TOY-009901,Pulse Board Games Model-902,Toys & Games,Board Games,Pulse,285.84,580.36,1
9902,SKU-HOM-009902,Horizon Small Appliances Model-903,Home & Kitchen,Small Appliances,Horizon,264.33,505.41,1
9903,SKU-APP-009903,Velocity Sportswear Model-904,Apparel,Sportswear,Velocity,184.57,316.93,1
9904,SKU-ELE-009904,Apex Audio & Headphones Model-905,Electronics,Audio & Headphones,Apex,287.1,447.67,1
9905,SKU-AUT-009905,Zenith Tools & Equipment Model-906,Automotive,Tools & Equipment,Zenith,110.08,253.24,1
9906,SKU-ELE-009906,Lumina Accessories Model-907,Electronics,Accessories,Lumina,19.21,42.23,1
9907,SKU-APP-009907,Echo Men's Clothing Model-908,Apparel,Men's Clothing,Echo,387.45,966.03,1
9908,SKU-GRO-009908,Velocity Canned Goods Model-909,Grocery & Pantry,Canned Goods,Velocity,322.57,577.56,1
9909,SKU-APP-009909,Nova Men's Clothing Model-910,Apparel,Men's Clothing,Nova,394.82,501.85,1
9910,SKU-APP-009910,Echo Sportswear Model-911,Apparel,Sportswear,Echo,402.99,664.85,1
9911,SKU-SPO-009911,Pulse Cycling Model-912,Sports & Outdoors,Cycling,Pulse,204.54,454.65,1
9912,SKU-AUT-009912,Apex Oils & Fluids Model-913,Automotive,Oils & Fluids,Apex,94.78,154.78,1
9913,SKU-GRO-009913,Apex Breakfast Model-914,Grocery & Pantry,Breakfast,Apex,16.12,25.16,1
9914,SKU-SPO-009914,Echo Team Sports Model-915,Sports & Outdoors,Team Sports,Echo,360.42,518.47,1
9915,SKU-ELE-009915,Aura Audio & Headphones Model-916,Electronics,Audio & Headphones,Aura,54.43,82.42,1
9916,SKU-APP-009916,Velocity Footwear Model-917,Apparel,Footwear,Velocity,7.16,9.19,1
9917,SKU-BEA-009917,Horizon Haircare Model-918,Beauty & Care,Haircare,Horizon,65.63,113.41,1
9918,SKU-HOM-009918,Nova Decor Model-919,Home & Kitchen,Decor,Nova,106.7,255.65,1
9919,SKU-GRO-009919,Prism Canned Goods Model-920,Grocery & Pantry,Canned Goods,Prism,161.8,237.68,1
9920,SKU-AUT-009920,Summit Car Care Model-921,Automotive,Car Care,Summit,139.36,196.29,1
9921,SKU-HOM-009921,Summit Cookware Model-922,Home & Kitchen,Cookware,Summit,49.91,121.41,1
9922,SKU-GRO-009922,Titan Organic Foods Model-923,Grocery & Pantry,Organic Foods,Titan,189.27,295.49,1
9923,SKU-SPO-009923,Summit Team Sports Model-924,Sports & Outdoors,Team Sports,Summit,44.86,59.85,1
9924,SKU-ELE-009924,Pulse Audio & Headphones Model-925,Electronics,Audio & Headphones,Pulse,81.31,175.87,1
9925,SKU-BEA-009925,Aura Personal Care Model-926,Beauty & Care,Personal Care,Aura,255.51,402.71,1
9926,SKU-ELE-009926,Horizon Smartphones Model-927,Electronics,Smartphones,Horizon,236.62,442.27,1
9927,SKU-BEA-009927,Prism Cosmetics Model-928,Beauty & Care,Cosmetics,Prism,220.73,524.07,1
9928,SKU-GRO-009928,Lumina Breakfast Model-929,Grocery & Pantry,Breakfast,Lumina,255.7,393.89,1
9929,SKU-APP-009929,Horizon Footwear Model-930,Apparel,Footwear,Horizon,307.47,649.01,1
9930,SKU-GRO-009930,Vortex Organic Foods Model-931,Grocery & Pantry,Organic Foods,Vortex,391.81,974.61,1
9931,SKU-HOM-009931,Pulse Cookware Model-932,Home & Kitchen,Cookware,Pulse,104.39,184.21,1
9932,SKU-HOM-009932,Lumina Cookware Model-933,Home & Kitchen,Cookware,Lumina,430.76,706.21,1
9933,SKU-TOY-009933,Aura Puzzles Model-934,Toys & Games,Puzzles,Aura,55.36,86.49,1
9934,SKU-SPO-009934,Titan Team Sports Model-935,Sports & Outdoors,Team Sports,Titan,329.77,501.88,1
9935,SKU-TOY-009935,Pulse Outdoor Toys Model-936,Toys & Games,Outdoor Toys,Pulse,97.56,140.87,1
9936,SKU-APP-009936,Sol Sportswear Model-937,Apparel,Sportswear,Sol,13.01,23.51,1
9937,SKU-BEA-009937,Pulse Fragrances Model-938,Beauty & Care,Fragrances,Pulse,247.94,615.53,1
9938,SKU-SPO-009938,Lumina Water Sports Model-939,Sports & Outdoors,Water Sports,Lumina,127.54,166.76,1
9939,SKU-TOY-009939,Velocity Outdoor Toys Model-940,Toys & Games,Outdoor Toys,Velocity,86.68,121.77,1
9940,SKU-ELE-009940,Aura Laptops Model-941,Electronics,Laptops,Aura,59.08,123.81,1
9941,SKU-HOM-009941,Nova Bedding Model-942,Home & Kitchen,Bedding,Nova,312.48,776.28,1
9942,SKU-HOM-009942,Echo Cookware Model-943,Home & Kitchen,Cookware,Echo,30.1,45.24,1
9943,SKU-BEA-009943,Lumina Personal Care Model-944,Beauty & Care,Personal Care,Lumina,233.1,351.16,1
9944,SKU-BEA-009944,Aura Skincare Model-945,Beauty & Care,Skincare,Aura,195.94,282.29,0
9945,SKU-TOY-009945,Echo Educational Toys Model-946,Toys & Games,Educational Toys,Echo,85.85,177.11,1
9946,SKU-SPO-009946,Lumina Cycling Model-947,Sports & Outdoors,Cycling,Lumina,359.35,664.59,1
9947,SKU-HOM-009947,Echo Cookware Model-948,Home & Kitchen,Cookware,Echo,405.8,999.82,1
9948,SKU-SPO-009948,Velocity Cycling Model-949,Sports & Outdoors,Cycling,Velocity,338.26,728.54,1
9949,SKU-BEA-009949,Matrix Skincare Model-950,Beauty & Care,Skincare,Matrix,385.93,581.23,1
9950,SKU-AUT-009950,Prism Tools & Equipment Model-951,Automotive,Tools & Equipment,Prism,232.82,457.25,1
9951,SKU-GRO-009951,Nova Breakfast Model-952,Grocery & Pantry,Breakfast,Nova,364.6,513.6,1
9952,SKU-BEA-009952,Aura Haircare Model-953,Beauty & Care,Haircare,Aura,398.49,536.81,1
9953,SKU-HOM-009953,Horizon Storage Model-954,Home & Kitchen,Storage,Horizon,106.16,246.1,1
9954,SKU-BEA-009954,Vortex Cosmetics Model-955,Beauty & Care,Cosmetics,Vortex,245.58,606.33,1
9955,SKU-TOY-009955,Matrix Action Figures Model-956,Toys & Games,Action Figures,Matrix,417.63,708.56,1
9956,SKU-TOY-009956,Vortex Educational Toys Model-957,Toys & Games,Educational Toys,Vortex,77.76,181.37,1
9957,SKU-BEA-009957,Velocity Personal Care Model-958,Beauty & Care,Personal Care,Velocity,161.65,245.95,1
9958,SKU-GRO-009958,Vortex Snacks Model-959,Grocery & Pantry,Snacks,Vortex,199.34,382.38,1
9959,SKU-BEA-009959,Titan Cosmetics Model-960,Beauty & Care,Cosmetics,Titan,338.24,842.33,1
9960,SKU-SPO-009960,Aura Camping & Hiking Model-961,Sports & Outdoors,Camping & Hiking,Aura,152.51,321.5,1
9961,SKU-HOM-009961,Velocity Small Appliances Model-962,Home & Kitchen,Small Appliances,Velocity,151.2,245.11,1
9962,SKU-HOM-009962,Matrix Bedding Model-963,Home & Kitchen,Bedding,Matrix,447.12,571.18,1
9963,SKU-APP-009963,Prism Women's Clothing Model-964,Apparel,Women's Clothing,Prism,247.61,398.71,1
9964,SKU-ELE-009964,Summit Smart Home Model-965,Electronics,Smart Home,Summit,204.5,487.3,1
9965,SKU-APP-009965,Titan Accessories Model-966,Apparel,Accessories,Titan,423.24,759.1,1
9966,SKU-ELE-009966,Aura Laptops Model-967,Electronics,Laptops,Aura,294.89,485.61,1
9967,SKU-ELE-009967,Nova Smartphones Model-968,Electronics,Smartphones,Nova,310.49,689.03,1
9968,SKU-SPO-009968,Matrix Fitness Gear Model-969,Sports & Outdoors,Fitness Gear,Matrix,254.05,342.81,0
9969,SKU-GRO-009969,Sol Organic Foods Model-970,Grocery & Pantry,Organic Foods,Sol,119.2,253.33,1
9970,SKU-BEA-009970,Pulse Haircare Model-971,Beauty & Care,Haircare,Pulse,190.54,395.09,1
9971,SKU-HOM-009971,Velocity Furniture Model-972,Home & Kitchen,Furniture,Velocity,276.11,349.16,1
9972,SKU-BEA-009972,Lumina Fragrances Model-973,Beauty & Care,Fragrances,Lumina,115.68,221.06,0
9973,SKU-GRO-009973,Aura Canned Goods Model-974,Grocery & Pantry,Canned Goods,Aura,355.75,663.26,1
9974,SKU-APP-009974,Vortex Accessories Model-975,Apparel,Accessories,Vortex,104.75,200.81,1
9975,SKU-HOM-009975,Echo Storage Model-976,Home & Kitchen,Storage,Echo,265.86,580.72,0
9976,SKU-APP-009976,Vortex Men's Clothing Model-977,Apparel,Men's Clothing,Vortex,125.78,186.31,1
9977,SKU-HOM-009977,Pulse Decor Model-978,Home & Kitchen,Decor,Pulse,209.35,403.83,1
9978,SKU-APP-009978,Pulse Women's Clothing Model-979,Apparel,Women's Clothing,Pulse,319.82,680.74,1
9979,SKU-TOY-009979,Prism Action Figures Model-980,Toys & Games,Action Figures,Prism,25.95,40.58,1
9980,SKU-ELE-009980,Nova Laptops Model-981,Electronics,Laptops,Nova,320.13,436.5,1
9981,SKU-APP-009981,Echo Sportswear Model-982,Apparel,Sportswear,Echo,54.1,69.95,1
9982,SKU-HOM-009982,Horizon Storage Model-983,Home & Kitchen,Storage,Horizon,338.61,506.5,1
9983,SKU-GRO-009983,Echo Beverages Model-984,Grocery & Pantry,Beverages,Echo,160.07,262.14,1
9984,SKU-BEA-009984,Vortex Fragrances Model-985,Beauty & Care,Fragrances,Vortex,23.22,43.93,1
9985,SKU-ELE-009985,Apex Laptops Model-986,Electronics,Laptops,Apex,410.25,834.72,1
9986,SKU-APP-009986,Aura Outerwear Model-987,Apparel,Outerwear,Aura,23.68,54.09,1
9987,SKU-AUT-009987,Velocity Car Care Model-988,Automotive,Car Care,Velocity,127.74,232.82,1
9988,SKU-GRO-009988,Titan Canned Goods Model-989,Grocery & Pantry,Canned Goods,Titan,350.25,731.51,1
9989,SKU-ELE-009989,Vortex Audio & Headphones Model-990,Electronics,Audio & Headphones,Vortex,139.57,250.99,1
9990,SKU-GRO-009990,Velocity Snacks Model-991,Grocery & Pantry,Snacks,Velocity,410.69,1006.9,1
9991,SKU-GRO-009991,Sol Organic Foods Model-992,Grocery & Pantry,Organic Foods,Sol,434.31,905.35,1
9992,SKU-GRO-009992,Pulse Condiments Model-993,Grocery & Pantry,Condiments,Pulse,328.63,546.49,1
9993,SKU-SPO-009993,Summit Water Sports Model-994,Sports & Outdoors,Water Sports,Summit,377.13,847.94,1
9994,SKU-AUT-009994,Pulse Interior Accessories Model-995,Automotive,Interior Accessories,Pulse,44.32,57.52,1
9995,SKU-APP-009995,Velocity Women's Clothing Model-996,Apparel,Women's Clothing,Velocity,345.09,723.5,1
9996,SKU-GRO-009996,Prism Canned Goods Model-997,Grocery & Pantry,Canned Goods,Prism,286.67,365.24,1
9997,SKU-AUT-009997,Aura Interior Accessories Model-998,Automotive,Interior Accessories,Aura,434.94,893.12,1
9998,SKU-AUT-009998,Nova Car Care Model-999,Automotive,Car Care,Nova,283.36,356.6,1
9999,SKU-HOM-009999,Aura Bedding Model-1000,Home & Kitchen,Bedding,Aura,109.32,252.55,1
10000,SKU-TOY-010000,Matrix Puzzles Model-001,Toys & Games,Puzzles,Matrix,128.34,320.11,1
