product_id,sku,product_name,category,subcategory,brand,unit_cost,unit_price,is_active
1,SKU-HOM-000001,Apex Bedding Model-002,Home & Kitchen,Bedding,Apex,55.79,89.36,1
2,SKU-GRO-000002,Titan Canned Goods Model-003,Grocery & Pantry,Canned Goods,Titan,340.94,465.72,1
3,SKU-SPO-000003,Velocity Water Sports Model-004,Sports & Outdoors,Water Sports,Velocity,216.9,536.72,1
4,SKU-TOY-000004,Velocity Educational Toys Model-005,Toys & Games,Educational Toys,Velocity,231.23,529.77,1
5,SKU-TOY-000005,Prism Puzzles Model-006,Toys & Games,Puzzles,Prism,146.47,199.48,1
6,SKU-SPO-000006,Aura Water Sports Model-007,Sports & Outdoors,Water Sports,Aura,430.88,561.33,1
7,SKU-TOY-000007,Lumina Puzzles Model-008,Toys & Games,Puzzles,Lumina,426.18,830.99,1
8,SKU-BEA-000008,Summit Cosmetics Model-009,Beauty & Care,Cosmetics,Summit,252.76,512.26,1
9,SKU-SPO-000009,Summit Water Sports Model-010,Sports & Outdoors,Water Sports,Summit,424.56,834.62,1
10,SKU-BEA-000010,Horizon Fragrances Model-011,Beauty & Care,Fragrances,Horizon,70.85,124.19,1
11,SKU-BEA-000011,Aura Skincare Model-012,Beauty & Care,Skincare,Aura,433.14,759.91,1
12,SKU-HOM-000012,Aura Furniture Model-013,Home & Kitchen,Furniture,Aura,411.4,682.1,1
13,SKU-BEA-000013,Sol Haircare Model-014,Beauty & Care,Haircare,Sol,330.69,416.46,1
14,SKU-HOM-000014,Zenith Decor Model-015,Home & Kitchen,Decor,Zenith,283.29,515.7,1
15,SKU-BEA-000015,Zenith Personal Care Model-016,Beauty & Care,Personal Care,Zenith,432.02,806.04,1
16,SKU-ELE-000016,Aura Smart Home Model-017,Electronics,Smart Home,Aura,167.83,264.98,1
17,SKU-BEA-000017,Sol Haircare Model-018,Beauty & Care,Haircare,Sol,343.87,497.8,1
18,SKU-ELE-000018,Velocity Smartphones Model-019,Electronics,Smartphones,Velocity,262.19,403.52,1
19,SKU-SPO-000019,Nova Camping & Hiking Model-020,Sports & Outdoors,Camping & Hiking,Nova,80.79,154.77,1
20,SKU-ELE-000020,Prism Laptops Model-021,Electronics,Laptops,Prism,160.5,291.22,1
21,SKU-HOM-000021,Echo Bedding Model-022,Home & Kitchen,Bedding,Echo,185.43,246.58,1
22,SKU-HOM-000022,Matrix Cookware Model-023,Home & Kitchen,Cookware,Matrix,363.32,541.73,1
23,SKU-BEA-000023,Prism Haircare Model-024,Beauty & Care,Haircare,Prism,106.61,193.67,1
24,SKU-TOY-000024,Prism Action Figures Model-025,Toys & Games,Action Figures,Prism,350.42,633,1
25,SKU-ELE-000025,Titan Audio & Headphones Model-026,Electronics,Audio & Headphones,Titan,357.31,863.42,1
26,SKU-BEA-000026,Lumina Personal Care Model-027,Beauty & Care,Personal Care,Lumina,309.57,403.56,1
27,SKU-BEA-000027,Vortex Fragrances Model-028,Beauty & Care,Fragrances,Vortex,288.28,633.91,1
28,SKU-APP-000028,Pulse Women's Clothing Model-029,Apparel,Women's Clothing,Pulse,262.72,374.25,1
29,SKU-SPO-000029,Pulse Cycling Model-030,Sports & Outdoors,Cycling,Pulse,160.25,260.65,1
30,SKU-TOY-000030,Apex Outdoor Toys Model-031,Toys & Games,Outdoor Toys,Apex,119.69,179.67,1
31,SKU-TOY-000031,Pulse Puzzles Model-032,Toys & Games,Puzzles,Pulse,202.14,482.18,1
32,SKU-HOM-000032,Titan Bedding Model-033,Home & Kitchen,Bedding,Titan,312.79,424.73,1
33,SKU-BEA-000033,Apex Personal Care Model-034,Beauty & Care,Personal Care,Apex,273.45,608.04,1
34,SKU-HOM-000034,Matrix Storage Model-035,Home & Kitchen,Storage,Matrix,390.35,645.47,0
35,SKU-ELE-000035,Prism Smartphones Model-036,Electronics,Smartphones,Prism,118.11,285.64,1
36,SKU-SPO-000036,Velocity Camping & Hiking Model-037,Sports & Outdoors,Camping & Hiking,Velocity,169.47,288.3,1
37,SKU-APP-000037,Velocity Footwear Model-038,Apparel,Footwear,Velocity,90.69,220.64,0
38,SKU-TOY-000038,Echo Board Games Model-039,Toys & Games,Board Games,Echo,165.7,296.26,1
39,SKU-GRO-000039,Summit Organic Foods Model-040,Grocery & Pantry,Organic Foods,Summit,169.53,238.12,1
40,SKU-SPO-000040,Vortex Team Sports Model-041,Sports & Outdoors,Team Sports,Vortex,32.26,65.44,1
41,SKU-SPO-000041,Lumina Camping & Hiking Model-042,Sports & Outdoors,Camping & Hiking,Lumina,254.46,476.65,1
42,SKU-BEA-000042,Velocity Haircare Model-043,Beauty & Care,Haircare,Velocity,301.22,457.11,1
43,SKU-SPO-000043,Summit Team Sports Model-044,Sports & Outdoors,Team Sports,Summit,127.77,293.29,1
44,SKU-HOM-000044,Prism Decor Model-045,Home & Kitchen,Decor,Prism,236.61,357.43,1
45,SKU-APP-000045,Pulse Footwear Model-046,Apparel,Footwear,Pulse,289.58,466.9,1
46,SKU-APP-000046,Nova Accessories Model-047,Apparel,Accessories,Nova,312.74,777.98,1
47,SKU-TOY-000047,Nova Outdoor Toys Model-048,Toys & Games,Outdoor Toys,Nova,313.23,683.54,1
48,SKU-TOY-000048,Echo Action Figures Model-049,Toys & Games,Action Figures,Echo,273.81,426.74,1
49,SKU-HOM-000049,Velocity Small Appliances Model-050,Home & Kitchen,Small Appliances,Velocity,237.75,441.21,1
50,SKU-AUT-000050,Aura Oils & Fluids Model-051,Automotive,Oils & Fluids,Aura,261.01,469.99,1
51,SKU-ELE-000051,Prism Laptops Model-052,Electronics,Laptops,Prism,369.08,657.7,1
52,SKU-BEA-000052,Prism Cosmetics Model-053,Beauty & Care,Cosmetics,Prism,200.71,490.66,1
53,SKU-HOM-000053,Matrix Cookware Model-054,Home & Kitchen,Cookware,Matrix,365.77,597.4,1
54,SKU-AUT-000054,Lumina Interior Accessories Model-055,Automotive,Interior Accessories,Lumina,276.95,681.69,1
55,SKU-BEA-000055,Summit Skincare Model-056,Beauty & Care,Skincare,Summit,427.63,540.76,1
56,SKU-ELE-000056,Matrix Laptops Model-057,Electronics,Laptops,Matrix,378.35,702.07,1
57,SKU-AUT-000057,Echo Interior Accessories Model-058,Automotive,Interior Accessories,Echo,351.78,570.42,1
58,SKU-TOY-000058,Vortex Educational Toys Model-059,Toys & Games,Educational Toys,Vortex,79.16,166.92,1
59,SKU-BEA-000059,Horizon Personal Care Model-060,Beauty & Care,Personal Care,Horizon,377.97,911.7,0
60,SKU-GRO-000060,Summit Breakfast Model-061,Grocery & Pantry,Breakfast,Summit,269.65,562.4,1
61,SKU-AUT-000061,Velocity Tools & Equipment Model-062,Automotive,Tools & Equipment,Velocity,414.64,854.28,1
62,SKU-TOY-000062,Prism Educational Toys Model-063,Toys & Games,Educational Toys,Prism,432.16,950.08,1
63,SKU-HOM-000063,Titan Cookware Model-064,Home & Kitchen,Cookware,Titan,211.93,306.16,1
64,SKU-AUT-000064,Sol Oils & Fluids Model-065,Automotive,Oils & Fluids,Sol,77.3,189.42,1
65,SKU-ELE-000065,Prism Smartphones Model-066,Electronics,Smartphones,Prism,223.53,346.12,1
66,SKU-APP-000066,Echo Men's Clothing Model-067,Apparel,Men's Clothing,Echo,213.37,327.69,1
67,SKU-APP-000067,Prism Women's Clothing Model-068,Apparel,Women's Clothing,Prism,12.01,24.96,1
68,SKU-AUT-000068,Velocity Tools & Equipment Model-069,Automotive,Tools & Equipment,Velocity,301.4,718.22,1
69,SKU-APP-000069,Horizon Men's Clothing Model-070,Apparel,Men's Clothing,Horizon,121.68,220.05,1
70,SKU-SPO-000070,Summit Fitness Gear Model-071,Sports & Outdoors,Fitness Gear,Summit,11.01,22.88,1
71,SKU-APP-000071,Titan Women's Clothing Model-072,Apparel,Women's Clothing,Titan,339.97,746.33,1
72,SKU-TOY-000072,Sol Board Games Model-073,Toys & Games,Board Games,Sol,136.92,307.54,1
73,SKU-APP-000073,Prism Women's Clothing Model-074,Apparel,Women's Clothing,Prism,174.74,423.89,1
74,SKU-AUT-000074,Vortex Tools & Equipment Model-075,Automotive,Tools & Equipment,Vortex,176.3,363.86,1
75,SKU-BEA-000075,Prism Skincare Model-076,Beauty & Care,Skincare,Prism,239.05,504.66,1
76,SKU-APP-000076,Nova Accessories Model-077,Apparel,Accessories,Nova,448.23,1074.43,1
77,SKU-BEA-000077,Vortex Haircare Model-078,Beauty & Care,Haircare,Vortex,204.45,288.72,1
78,SKU-ELE-000078,Lumina Smart Home Model-079,Electronics,Smart Home,Lumina,50.93,66.3,0
79,SKU-TOY-000079,Pulse Action Figures Model-080,Toys & Games,Action Figures,Pulse,262.01,643.68,1
80,SKU-AUT-000080,Velocity Interior Accessories Model-081,Automotive,Interior Accessories,Velocity,157.08,303.21,1
81,SKU-GRO-000081,Apex Organic Foods Model-082,Grocery & Pantry,Organic Foods,Apex,244.19,592.98,1
82,SKU-HOM-000082,Velocity Bedding Model-083,Home & Kitchen,Bedding,Velocity,150.76,354.89,1
83,SKU-SPO-000083,Echo Cycling Model-084,Sports & Outdoors,Cycling,Echo,208.08,477.91,1
84,SKU-ELE-000084,Lumina Audio & Headphones Model-085,Electronics,Audio & Headphones,Lumina,359,527.49,1
85,SKU-AUT-000085,Horizon Tools & Equipment Model-086,Automotive,Tools & Equipment,Horizon,412.55,999.23,1
86,SKU-AUT-000086,Sol Interior Accessories Model-087,Automotive,Interior Accessories,Sol,143.19,330.51,1
87,SKU-APP-000087,Prism Women's Clothing Model-088,Apparel,Women's Clothing,Prism,42.18,72.26,0
88,SKU-SPO-000088,Summit Team Sports Model-089,Sports & Outdoors,Team Sports,Summit,336.74,683.63,1
89,SKU-BEA-000089,Horizon Personal Care Model-090,Beauty & Care,Personal Care,Horizon,119.38,264.39,1
90,SKU-TOY-000090,Zenith Board Games Model-091,Toys & Games,Board Games,Zenith,371.66,652.55,1
91,SKU-ELE-000091,Apex Audio & Headphones Model-092,Electronics,Audio & Headphones,Apex,75.88,143.41,1
92,SKU-BEA-000092,Apex Fragrances Model-093,Beauty & Care,Fragrances,Apex,270.14,471.1,1
93,SKU-BEA-000093,Lumina Skincare Model-094,Beauty & Care,Skincare,Lumina,306.03,736.37,1
94,SKU-TOY-000094,Vortex Puzzles Model-095,Toys & Games,Puzzles,Vortex,430.94,861.16,1
95,SKU-BEA-000095,Nova Personal Care Model-096,Beauty & Care,Personal Care,Nova,406.33,538.74,1
96,SKU-BEA-000096,Apex Cosmetics Model-097,Beauty & Care,Cosmetics,Apex,73.62,121.01,1
97,SKU-HOM-000097,Nova Cookware Model-098,Home & Kitchen,Cookware,Nova,305.79,654.65,1
98,SKU-BEA-000098,Vortex Haircare Model-099,Beauty & Care,Haircare,Vortex,92.05,137,1
99,SKU-GRO-000099,Zenith Snacks Model-100,Grocery & Pantry,Snacks,Zenith,292.62,575.54,1
100,SKU-SPO-000100,Prism Camping & Hiking Model-101,Sports & Outdoors,Camping & Hiking,Prism,173.57,256.42,1
101,SKU-AUT-000101,Vortex Car Care Model-102,Automotive,Car Care,Vortex,54.26,131.26,1
102,SKU-AUT-000102,Apex Interior Accessories Model-103,Automotive,Interior Accessories,Apex,175.5,282.51,1
103,SKU-GRO-000103,Velocity Condiments Model-104,Grocery & Pantry,Condiments,Velocity,33.03,49.85,1
104,SKU-AUT-000104,Horizon Oils & Fluids Model-105,Automotive,Oils & Fluids,Horizon,187.1,281.7,1
105,SKU-SPO-000105,Lumina Camping & Hiking Model-106,Sports & Outdoors,Camping & Hiking,Lumina,141.27,234.46,1
106,SKU-TOY-000106,Prism Educational Toys Model-107,Toys & Games,Educational Toys,Prism,192.89,345.93,1
107,SKU-ELE-000107,Nova Smartphones Model-108,Electronics,Smartphones,Nova,448.5,773.33,1
108,SKU-ELE-000108,Vortex Accessories Model-109,Electronics,Accessories,Vortex,384.56,615.37,1
109,SKU-APP-000109,Sol Sportswear Model-110,Apparel,Sportswear,Sol,164.4,367.5,1
110,SKU-APP-000110,Horizon Outerwear Model-111,Apparel,Outerwear,Horizon,207.18,429.53,1
111,SKU-BEA-000111,Titan Skincare Model-112,Beauty & Care,Skincare,Titan,117.16,227.44,1
112,SKU-AUT-000112,Apex Oils & Fluids Model-113,Automotive,Oils & Fluids,Apex,424.13,621.19,1
113,SKU-APP-000113,Apex Men's Clothing Model-114,Apparel,Men's Clothing,Apex,24.03,35.4,1
114,SKU-TOY-000114,Nova Action Figures Model-115,Toys & Games,Action Figures,Nova,279.89,693.87,0
115,SKU-TOY-000115,Apex Board Games Model-116,Toys & Games,Board Games,Apex,272.16,496.04,1
116,SKU-ELE-000116,Matrix Smart Home Model-117,Electronics,Smart Home,Matrix,197.51,252.7,1
117,SKU-SPO-000117,Horizon Fitness Gear Model-118,Sports & Outdoors,Fitness Gear,Horizon,120.78,246.88,1
118,SKU-APP-000118,Prism Outerwear Model-119,Apparel,Outerwear,Prism,360.66,793.6,1
119,SKU-AUT-000119,Velocity Car Care Model-120,Automotive,Car Care,Velocity,303.79,689.31,1
120,SKU-SPO-000120,Sol Camping & Hiking Model-121,Sports & Outdoors,Camping & Hiking,Sol,399.75,524.08,1
121,SKU-HOM-000121,Matrix Bedding Model-122,Home & Kitchen,Bedding,Matrix,272.95,361.27,1
122,SKU-APP-000122,Pulse Women's Clothing Model-123,Apparel,Women's Clothing,Pulse,410.78,544.54,1
123,SKU-BEA-000123,Echo Cosmetics Model-124,Beauty & Care,Cosmetics,Echo,312.93,690.68,1
124,SKU-APP-000124,Lumina Accessories Model-125,Apparel,Accessories,Lumina,193.97,397.47,1
125,SKU-BEA-000125,Matrix Fragrances Model-126,Beauty & Care,Fragrances,Matrix,300.72,593.95,1
126,SKU-TOY-000126,Apex Action Figures Model-127,Toys & Games,Action Figures,Apex,155.32,246.18,1
127,SKU-GRO-000127,Vortex Snacks Model-128,Grocery & Pantry,Snacks,Vortex,131.28,290.92,0
128,SKU-AUT-000128,Lumina Interior Accessories Model-129,Automotive,Interior Accessories,Lumina,262.09,623.84,1
129,SKU-TOY-000129,Matrix Action Figures Model-130,Toys & Games,Action Figures,Matrix,425.42,553.19,0
130,SKU-HOM-000130,Matrix Bedding Model-131,Home & Kitchen,Bedding,Matrix,349.98,688.47,1
131,SKU-GRO-000131,Lumina Snacks Model-132,Grocery & Pantry,Snacks,Lumina,362.06,717.11,1
132,SKU-AUT-000132,Matrix Interior Accessories Model-133,Automotive,Interior Accessories,Matrix,404.86,884.93,1
133,SKU-TOY-000133,Horizon Educational Toys Model-134,Toys & Games,Educational Toys,Horizon,335.02,473.01,1
134,SKU-BEA-000134,Matrix Cosmetics Model-135,Beauty & Care,Cosmetics,Matrix,20.96,35.96,0
135,SKU-AUT-000135,Titan Interior Accessories Model-136,Automotive,Interior Accessories,Titan,147.82,275.77,1
136,SKU-TOY-000136,Aura Outdoor Toys Model-137,Toys & Games,Outdoor Toys,Aura,197.61,460.32,1
137,SKU-TOY-000137,Titan Puzzles Model-138,Toys & Games,Puzzles,Titan,335.65,476.54,1
138,SKU-APP-000138,Zenith Footwear Model-139,Apparel,Footwear,Zenith,299.73,738.11,1
139,SKU-AUT-000139,Prism Interior Accessories Model-140,Automotive,Interior Accessories,Prism,132.68,235.56,1
140,SKU-TOY-000140,Horizon Puzzles Model-141,Toys & Games,Puzzles,Horizon,137.09,298.95,1
141,SKU-AUT-000141,Echo Oils & Fluids Model-142,Automotive,Oils & Fluids,Echo,312.63,394.21,1
142,SKU-APP-000142,Lumina Footwear Model-143,Apparel,Footwear,Lumina,227.14,313.56,1
143,SKU-TOY-000143,Lumina Outdoor Toys Model-144,Toys & Games,Outdoor Toys,Lumina,119.64,205.83,1
144,SKU-AUT-000144,Vortex Oils & Fluids Model-145,Automotive,Oils & Fluids,Vortex,194.36,274.48,1
145,SKU-HOM-000145,Apex Storage Model-146,Home & Kitchen,Storage,Apex,225.99,528.49,1
146,SKU-BEA-000146,Lumina Fragrances Model-147,Beauty & Care,Fragrances,Lumina,167.49,402.1,1
147,SKU-ELE-000147,Horizon Smartphones Model-148,Electronics,Smartphones,Horizon,37.26,78.55,1
148,SKU-HOM-000148,Lumina Decor Model-149,Home & Kitchen,Decor,Lumina,100.2,188.55,1
149,SKU-HOM-000149,Horizon Storage Model-150,Home & Kitchen,Storage,Horizon,62.03,102.13,1
150,SKU-GRO-000150,Echo Beverages Model-151,Grocery & Pantry,Beverages,Echo,72.91,166.74,1
151,SKU-ELE-000151,Lumina Accessories Model-152,Electronics,Accessories,Lumina,163.44,250.8,1
152,SKU-ELE-000152,Nova Smart Home Model-153,Electronics,Smart Home,Nova,404.61,754.4,1
153,SKU-AUT-000153,Sol Interior Accessories Model-154,Automotive,Interior Accessories,Sol,25.15,47.09,1
154,SKU-SPO-000154,Summit Camping & Hiking Model-155,Sports & Outdoors,Camping & Hiking,Summit,28.94,49.97,0
155,SKU-GRO-000155,Nova Breakfast Model-156,Grocery & Pantry,Breakfast,Nova,117.53,292.9,0
156,SKU-TOY-000156,Apex Board Games Model-157,Toys & Games,Board Games,Apex,247.04,597.74,1
157,SKU-ELE-000157,Apex Laptops Model-158,Electronics,Laptops,Apex,225.5,540.64,1
158,SKU-GRO-000158,Horizon Organic Foods Model-159,Grocery & Pantry,Organic Foods,Horizon,11.06,25.89,1
159,SKU-TOY-000159,Pulse Puzzles Model-160,Toys & Games,Puzzles,Pulse,316.31,407.44,1
160,SKU-ELE-000160,Prism Smartphones Model-161,Electronics,Smartphones,Prism,195.32,450.99,1
161,SKU-HOM-000161,Vortex Cookware Model-162,Home & Kitchen,Cookware,Vortex,192.49,258.48,1
162,SKU-TOY-000162,Echo Board Games Model-163,Toys & Games,Board Games,Echo,121.93,199.25,1
163,SKU-TOY-000163,Sol Board Games Model-164,Toys & Games,Board Games,Sol,339.59,790.86,1
164,SKU-GRO-000164,Vortex Condiments Model-165,Grocery & Pantry,Condiments,Vortex,442.42,777.78,1
165,SKU-GRO-000165,Matrix Organic Foods Model-166,Grocery & Pantry,Organic Foods,Matrix,166.11,267.9,1
166,SKU-BEA-000166,Nova Haircare Model-167,Beauty & Care,Haircare,Nova,259.36,570.01,0
167,SKU-TOY-000167,Zenith Educational Toys Model-168,Toys & Games,Educational Toys,Zenith,159.43,308.2,1
168,SKU-BEA-000168,Sol Fragrances Model-169,Beauty & Care,Fragrances,Sol,8.21,13.82,1
169,SKU-HOM-000169,Zenith Furniture Model-170,Home & Kitchen,Furniture,Zenith,421.29,758.74,1
170,SKU-HOM-000170,Aura Storage Model-171,Home & Kitchen,Storage,Aura,241.52,599.13,1
171,SKU-TOY-000171,Nova Educational Toys Model-172,Toys & Games,Educational Toys,Nova,196.94,298.74,1
172,SKU-AUT-000172,Apex Interior Accessories Model-173,Automotive,Interior Accessories,Apex,393.11,857.56,1
173,SKU-BEA-000173,Apex Haircare Model-174,Beauty & Care,Haircare,Apex,212.86,274.49,1
174,SKU-HOM-000174,Matrix Storage Model-175,Home & Kitchen,Storage,Matrix,95.36,172.72,1
175,SKU-ELE-000175,Nova Audio & Headphones Model-176,Electronics,Audio & Headphones,Nova,127.79,175.85,1
176,SKU-TOY-000176,Summit Outdoor Toys Model-177,Toys & Games,Outdoor Toys,Summit,425.42,623.57,1
177,SKU-AUT-000177,Sol Interior Accessories Model-178,Automotive,Interior Accessories,Sol,139.39,197.88,1
178,SKU-BEA-000178,Nova Personal Care Model-179,Beauty & Care,Personal Care,Nova,274.81,569.39,1
179,SKU-HOM-000179,Velocity Small Appliances Model-180,Home & Kitchen,Small Appliances,Velocity,166.01,247.61,1
180,SKU-SPO-000180,Summit Cycling Model-181,Sports & Outdoors,Cycling,Summit,167.32,282.81,0
181,SKU-GRO-000181,Echo Organic Foods Model-182,Grocery & Pantry,Organic Foods,Echo,141.13,342.97,1
182,SKU-BEA-000182,Apex Fragrances Model-183,Beauty & Care,Fragrances,Apex,198.98,274.91,0
183,SKU-AUT-000183,Horizon Interior Accessories Model-184,Automotive,Interior Accessories,Horizon,370.88,789.59,1
184,SKU-HOM-000184,Prism Storage Model-185,Home & Kitchen,Storage,Prism,290.66,476.39,1
185,SKU-BEA-000185,Pulse Skincare Model-186,Beauty & Care,Skincare,Pulse,37.43,67.98,1
186,SKU-HOM-000186,Nova Bedding Model-187,Home & Kitchen,Bedding,Nova,181.58,386.87,1
187,SKU-APP-000187,Prism Outerwear Model-188,Apparel,Outerwear,Prism,443.25,572.48,1
188,SKU-APP-000188,Velocity Men's Clothing Model-189,Apparel,Men's Clothing,Velocity,256.83,447.03,1
189,SKU-GRO-000189,Titan Condiments Model-190,Grocery & Pantry,Condiments,Titan,80.14,103.04,1
190,SKU-APP-000190,Vortex Accessories Model-191,Apparel,Accessories,Vortex,117.19,253.61,1
191,SKU-BEA-000191,Nova Haircare Model-192,Beauty & Care,Haircare,Nova,213.46,439.84,1
192,SKU-GRO-000192,Nova Snacks Model-193,Grocery & Pantry,Snacks,Nova,137.95,192.99,1
193,SKU-GRO-000193,Vortex Canned Goods Model-194,Grocery & Pantry,Canned Goods,Vortex,348.94,615.13,1
194,SKU-TOY-000194,Horizon Action Figures Model-195,Toys & Games,Action Figures,Horizon,62.4,89.75,1
195,SKU-HOM-000195,Titan Cookware Model-196,Home & Kitchen,Cookware,Titan,383.41,768,1
196,SKU-GRO-000196,Pulse Breakfast Model-197,Grocery & Pantry,Breakfast,Pulse,242.36,510.05,1
197,SKU-TOY-000197,Prism Action Figures Model-198,Toys & Games,Action Figures,Prism,438.66,970.96,1
198,SKU-TOY-000198,Velocity Outdoor Toys Model-199,Toys & Games,Outdoor Toys,Velocity,401.3,712.88,1
199,SKU-APP-000199,Horizon Footwear Model-200,Apparel,Footwear,Horizon,375.48,571.45,1
200,SKU-ELE-000200,Pulse Laptops Model-201,Electronics,Laptops,Pulse,330.32,655.05,1
201,SKU-AUT-000201,Velocity Tools & Equipment Model-202,Automotive,Tools & Equipment,Velocity,69.11,116.35,0
202,SKU-GRO-000202,Velocity Condiments Model-203,Grocery & Pantry,Condiments,Velocity,89.85,197.49,1
203,SKU-TOY-000203,Sol Action Figures Model-204,Toys & Games,Action Figures,Sol,87.29,167.67,1
204,SKU-AUT-000204,Velocity Interior Accessories Model-205,Automotive,Interior Accessories,Velocity,87.69,121.27,1
205,SKU-TOY-000205,Pulse Outdoor Toys Model-206,Toys & Games,Outdoor Toys,Pulse,298.32,703.83,1
206,SKU-TOY-000206,Titan Board Games Model-207,Toys & Games,Board Games,Titan,353.67,453.77,1
207,SKU-SPO-000207,Aura Team Sports Model-208,Sports & Outdoors,Team Sports,Aura,331.97,781.57,1
208,SKU-SPO-000208,Velocity Cycling Model-209,Sports & Outdoors,Cycling,Velocity,52.37,130.9,1
209,SKU-SPO-000209,Titan Cycling Model-210,Sports & Outdoors,Cycling,Titan,370.96,694.44,1
210,SKU-SPO-000210,Vortex Fitness Gear Model-211,Sports & Outdoors,Fitness Gear,Vortex,63.76,97.3,1
211,SKU-AUT-000211,Sol Interior Accessories Model-212,Automotive,Interior Accessories,Sol,81.6,172.02,1
212,SKU-HOM-000212,Apex Storage Model-213,Home & Kitchen,Storage,Apex,203.4,386.02,1
213,SKU-AUT-000213,Matrix Car Care Model-214,Automotive,Car Care,Matrix,362.59,827.32,1
214,SKU-SPO-000214,Aura Water Sports Model-215,Sports & Outdoors,Water Sports,Aura,374.52,524.16,1
215,SKU-TOY-000215,Sol Puzzles Model-216,Toys & Games,Puzzles,Sol,81.08,150.94,1
216,SKU-TOY-000216,Lumina Puzzles Model-217,Toys & Games,Puzzles,Lumina,231.52,342.93,1
217,SKU-ELE-000217,Vortex Smartphones Model-218,Electronics,Smartphones,Vortex,360.56,725.76,1
218,SKU-ELE-000218,Zenith Accessories Model-219,Electronics,Accessories,Zenith,442.92,634.54,1
219,SKU-ELE-000219,Prism Smart Home Model-220,Electronics,Smart Home,Prism,107.31,179.65,1
220,SKU-HOM-000220,Aura Small Appliances Model-221,Home & Kitchen,Small Appliances,Aura,241.82,500.4,1
221,SKU-BEA-000221,Pulse Fragrances Model-222,Beauty & Care,Fragrances,Pulse,301.74,507.49,1
222,SKU-BEA-000222,Echo Personal Care Model-223,Beauty & Care,Personal Care,Echo,376.1,800.43,1
223,SKU-AUT-000223,Velocity Car Care Model-224,Automotive,Car Care,Velocity,125.38,213.99,1
224,SKU-BEA-000224,Lumina Fragrances Model-225,Beauty & Care,Fragrances,Lumina,294.99,660.09,1
225,SKU-SPO-000225,Nova Cycling Model-226,Sports & Outdoors,Cycling,Nova,280.42,448.84,1
226,SKU-APP-000226,Echo Outerwear Model-227,Apparel,Outerwear,Echo,439.91,621.98,1
227,SKU-TOY-000227,Nova Puzzles Model-228,Toys & Games,Puzzles,Nova,78.25,130.12,1
228,SKU-TOY-000228,Horizon Board Games Model-229,Toys & Games,Board Games,Horizon,428.9,733.75,0
229,SKU-ELE-000229,Titan Smart Home Model-230,Electronics,Smart Home,Titan,11.33,21.06,1
230,SKU-GRO-000230,Pulse Organic Foods Model-231,Grocery & Pantry,Organic Foods,Pulse,119.2,165.8,1
231,SKU-AUT-000231,Echo Car Care Model-232,Automotive,Car Care,Echo,152.45,242.32,0
232,SKU-SPO-000232,Sol Fitness Gear Model-233,Sports & Outdoors,Fitness Gear,Sol,436.31,1052.28,1
233,SKU-APP-000233,Pulse Footwear Model-234,Apparel,Footwear,Pulse,397.64,686.38,1
234,SKU-TOY-000234,Apex Puzzles Model-235,Toys & Games,Puzzles,Apex,57.34,130.5,1
235,SKU-HOM-000235,Lumina Bedding Model-236,Home & Kitchen,Bedding,Lumina,144.84,254.87,1
236,SKU-GRO-000236,Nova Snacks Model-237,Grocery & Pantry,Snacks,Nova,314.92,618.46,0
237,SKU-ELE-000237,Pulse Audio & Headphones Model-238,Electronics,Audio & Headphones,Pulse,36.7,70.19,1
238,SKU-AUT-000238,Apex Interior Accessories Model-239,Automotive,Interior Accessories,Apex,97.2,174.1,1
239,SKU-APP-000239,Prism Outerwear Model-240,Apparel,Outerwear,Prism,103.24,212.68,1
240,SKU-SPO-000240,Matrix Team Sports Model-241,Sports & Outdoors,Team Sports,Matrix,135.29,231.4,0
241,SKU-HOM-000241,Lumina Cookware Model-242,Home & Kitchen,Cookware,Lumina,224.96,408.34,1
242,SKU-BEA-000242,Prism Fragrances Model-243,Beauty & Care,Fragrances,Prism,388.39,672.07,1
243,SKU-GRO-000243,Nova Beverages Model-244,Grocery & Pantry,Beverages,Nova,114.72,275.53,1
244,SKU-TOY-000244,Apex Puzzles Model-245,Toys & Games,Puzzles,Apex,343.11,574.47,1
245,SKU-SPO-000245,Horizon Team Sports Model-246,Sports & Outdoors,Team Sports,Horizon,69.39,137.66,1
246,SKU-GRO-000246,Apex Canned Goods Model-247,Grocery & Pantry,Canned Goods,Apex,434.82,1035.8,1
247,SKU-ELE-000247,Sol Wearables Model-248,Electronics,Wearables,Sol,420.58,781.13,1
248,SKU-SPO-000248,Nova Fitness Gear Model-249,Sports & Outdoors,Fitness Gear,Nova,344.25,788.96,1
249,SKU-AUT-000249,Matrix Interior Accessories Model-250,Automotive,Interior Accessories,Matrix,290.91,574.28,1
250,SKU-APP-000250,Matrix Sportswear Model-251,Apparel,Sportswear,Matrix,13.6,28.94,1
251,SKU-GRO-000251,Matrix Canned Goods Model-252,Grocery & Pantry,Canned Goods,Matrix,99.73,241.56,1
252,SKU-BEA-000252,Prism Cosmetics Model-253,Beauty & Care,Cosmetics,Prism,64.55,128.88,1
253,SKU-ELE-000253,Velocity Smart Home Model-254,Electronics,Smart Home,Velocity,262.58,556.63,1
254,SKU-HOM-000254,Summit Storage Model-255,Home & Kitchen,Storage,Summit,197.87,471.42,1
255,SKU-GRO-000255,Lumina Breakfast Model-256,Grocery & Pantry,Breakfast,Lumina,126.57,265.71,1
256,SKU-HOM-000256,Lumina Decor Model-257,Home & Kitchen,Decor,Lumina,171.17,390.56,1
257,SKU-SPO-000257,Vortex Fitness Gear Model-258,Sports & Outdoors,Fitness Gear,Vortex,331.38,530.9,1
258,SKU-AUT-000258,Pulse Interior Accessories Model-259,Automotive,Interior Accessories,Pulse,358.53,456.48,0
259,SKU-TOY-000259,Nova Puzzles Model-260,Toys & Games,Puzzles,Nova,261.55,405.25,1
260,SKU-GRO-000260,Titan Beverages Model-261,Grocery & Pantry,Beverages,Titan,103.02,135.77,1
261,SKU-HOM-000261,Apex Decor Model-262,Home & Kitchen,Decor,Apex,207.89,264.81,1
262,SKU-ELE-000262,Lumina Wearables Model-263,Electronics,Wearables,Lumina,351.69,743.7,1
263,SKU-GRO-000263,Nova Beverages Model-264,Grocery & Pantry,Beverages,Nova,161.61,332.25,1
264,SKU-ELE-000264,Matrix Audio & Headphones Model-265,Electronics,Audio & Headphones,Matrix,27.7,40.85,0
265,SKU-TOY-000265,Echo Educational Toys Model-266,Toys & Games,Educational Toys,Echo,417.14,845.02,1
266,SKU-TOY-000266,Titan Educational Toys Model-267,Toys & Games,Educational Toys,Titan,199.13,443.13,1
267,SKU-ELE-000267,Velocity Accessories Model-268,Electronics,Accessories,Velocity,71.8,117.62,1
268,SKU-SPO-000268,Pulse Water Sports Model-269,Sports & Outdoors,Water Sports,Pulse,35.89,57.34,0
269,SKU-GRO-000269,Lumina Condiments Model-270,Grocery & Pantry,Condiments,Lumina,278.09,623.51,1
270,SKU-TOY-000270,Sol Action Figures Model-271,Toys & Games,Action Figures,Sol,226.31,505.33,1
271,SKU-HOM-000271,Matrix Small Appliances Model-272,Home & Kitchen,Small Appliances,Matrix,133.07,277.82,1
272,SKU-APP-000272,Echo Sportswear Model-273,Apparel,Sportswear,Echo,48.58,98.88,0
273,SKU-SPO-000273,Prism Water Sports Model-274,Sports & Outdoors,Water Sports,Prism,17.29,36.9,1
274,SKU-ELE-000274,Nova Smartphones Model-275,Electronics,Smartphones,Nova,239.2,578.63,1
275,SKU-TOY-000275,Prism Educational Toys Model-276,Toys & Games,Educational Toys,Prism,165.35,264.4,1
276,SKU-ELE-000276,Vortex Laptops Model-277,Electronics,Laptops,Vortex,129.52,317.19,1
277,SKU-APP-000277,Prism Accessories Model-278,Apparel,Accessories,Prism,12.77,29.96,0
278,SKU-TOY-000278,Nova Puzzles Model-279,Toys & Games,Puzzles,Nova,236.74,423.62,1
279,SKU-BEA-000279,Nova Skincare Model-280,Beauty & Care,Skincare,Nova,314.33,705.2,1
280,SKU-BEA-000280,Matrix Skincare Model-281,Beauty & Care,Skincare,Matrix,272.73,506.57,1
281,SKU-HOM-000281,Horizon Small Appliances Model-282,Home & Kitchen,Small Appliances,Horizon,79.02,168.88,1
282,SKU-TOY-000282,Vortex Board Games Model-283,Toys & Games,Board Games,Vortex,147.53,321.31,1
283,SKU-TOY-000283,Matrix Educational Toys Model-284,Toys & Games,Educational Toys,Matrix,332.71,556.7,1
284,SKU-SPO-000284,Aura Fitness Gear Model-285,Sports & Outdoors,Fitness Gear,Aura,190.72,369.83,1
285,SKU-APP-000285,Vortex Women's Clothing Model-286,Apparel,Women's Clothing,Vortex,202.97,452.87,1
286,SKU-TOY-000286,Apex Action Figures Model-287,Toys & Games,Action Figures,Apex,13.81,28.8,1
287,SKU-APP-000287,Titan Footwear Model-288,Apparel,Footwear,Titan,123.14,250.95,1
288,SKU-BEA-000288,Prism Cosmetics Model-289,Beauty & Care,Cosmetics,Prism,58.95,93.37,1
289,SKU-APP-000289,Apex Accessories Model-290,Apparel,Accessories,Apex,317.02,494.24,1
290,SKU-GRO-000290,Velocity Condiments Model-291,Grocery & Pantry,Condiments,Velocity,422.48,570.58,1
291,SKU-GRO-000291,Vortex Condiments Model-292,Grocery & Pantry,Condiments,Vortex,175.28,420.86,1
292,SKU-APP-000292,Matrix Men's Clothing Model-293,Apparel,Men's Clothing,Matrix,199.66,347.26,1
293,SKU-AUT-000293,Zenith Interior Accessories Model-294,Automotive,Interior Accessories,Zenith,431.08,873.46,1
294,SKU-SPO-000294,Nova Water Sports Model-295,Sports & Outdoors,Water Sports,Nova,304.89,734.9,1
295,SKU-GRO-000295,Vortex Organic Foods Model-296,Grocery & Pantry,Organic Foods,Vortex,301.36,446.56,1
296,SKU-GRO-000296,Apex Canned Goods Model-297,Grocery & Pantry,Canned Goods,Apex,190.06,329.14,1
297,SKU-HOM-000297,Prism Furniture Model-298,Home & Kitchen,Furniture,Prism,326.25,675.84,0
298,SKU-APP-000298,Vortex Men's Clothing Model-299,Apparel,Men's Clothing,Vortex,153.59,321.13,1
299,SKU-SPO-000299,Aura Team Sports Model-300,Sports & Outdoors,Team Sports,Aura,285.55,545.28,1
300,SKU-GRO-000300,Summit Breakfast Model-301,Grocery & Pantry,Breakfast,Summit,363.02,459.94,1
301,SKU-TOY-000301,Horizon Puzzles Model-302,Toys & Games,Puzzles,Horizon,177.28,429.73,1
302,SKU-AUT-000302,Summit Oils & Fluids Model-303,Automotive,Oils & Fluids,Summit,366.96,559.44,1
303,SKU-APP-000303,Vortex Footwear Model-304,Apparel,Footwear,Vortex,125.58,243.28,1
304,SKU-TOY-000304,Zenith Board Games Model-305,Toys & Games,Board Games,Zenith,391.19,680.87,1
305,SKU-HOM-000305,Velocity Small Appliances Model-306,Home & Kitchen,Small Appliances,Velocity,256.55,565.9,0
306,SKU-GRO-000306,Horizon Canned Goods Model-307,Grocery & Pantry,Canned Goods,Horizon,257.07,599.01,0
307,SKU-AUT-000307,Velocity Interior Accessories Model-308,Automotive,Interior Accessories,Velocity,78.19,166.62,1
308,SKU-AUT-000308,Aura Interior Accessories Model-309,Automotive,Interior Accessories,Aura,51.97,108.43,1
309,SKU-BEA-000309,Horizon Haircare Model-310,Beauty & Care,Haircare,Horizon,269.75,434.62,1
310,SKU-ELE-000310,Sol Wearables Model-311,Electronics,Wearables,Sol,290.13,609.89,1
311,SKU-BEA-000311,Echo Cosmetics Model-312,Beauty & Care,Cosmetics,Echo,398.27,529.41,1
312,SKU-SPO-000312,Lumina Camping & Hiking Model-313,Sports & Outdoors,Camping & Hiking,Lumina,306.53,617.93,1
313,SKU-SPO-000313,Summit Camping & Hiking Model-314,Sports & Outdoors,Camping & Hiking,Summit,331.84,505.27,1
314,SKU-BEA-000314,Velocity Fragrances Model-315,Beauty & Care,Fragrances,Velocity,196.59,319.82,1
315,SKU-TOY-000315,Apex Action Figures Model-316,Toys & Games,Action Figures,Apex,444.8,730.27,1
316,SKU-AUT-000316,Titan Car Care Model-317,Automotive,Car Care,Titan,353.3,468.61,1
317,SKU-APP-000317,Sol Men's Clothing Model-318,Apparel,Men's Clothing,Sol,172.64,226.48,1
318,SKU-TOY-000318,Echo Board Games Model-319,Toys & Games,Board Games,Echo,273.54,651.1,1
319,SKU-HOM-000319,Lumina Decor Model-320,Home & Kitchen,Decor,Lumina,30.75,60.36,1
320,SKU-GRO-000320,Prism Beverages Model-321,Grocery & Pantry,Beverages,Prism,437.51,1026.76,1
321,SKU-TOY-000321,Nova Outdoor Toys Model-322,Toys & Games,Outdoor Toys,Nova,158.27,327.7,1
322,SKU-SPO-000322,Matrix Team Sports Model-323,Sports & Outdoors,Team Sports,Matrix,343.88,847.47,1
323,SKU-APP-000323,Horizon Outerwear Model-324,Apparel,Outerwear,Horizon,83.23,119.02,1
324,SKU-AUT-000324,Velocity Tools & Equipment Model-325,Automotive,Tools & Equipment,Velocity,35.55,88.36,1
325,SKU-APP-000325,Summit Men's Clothing Model-326,Apparel,Men's Clothing,Summit,158.49,352.47,1
326,SKU-AUT-000326,Sol Tools & Equipment Model-327,Automotive,Tools & Equipment,Sol,24.79,40.86,1
327,SKU-APP-000327,Sol Outerwear Model-328,Apparel,Outerwear,Sol,11.28,26.63,1
328,SKU-GRO-000328,Echo Condiments Model-329,Grocery & Pantry,Condiments,Echo,447.15,966.4,0
329,SKU-ELE-000329,Lumina Laptops Model-330,Electronics,Laptops,Lumina,245.09,318.18,1
330,SKU-TOY-000330,Horizon Outdoor Toys Model-331,Toys & Games,Outdoor Toys,Horizon,386.87,687.66,1
331,SKU-AUT-000331,Prism Tools & Equipment Model-332,Automotive,Tools & Equipment,Prism,342.67,779.12,1
332,SKU-ELE-000332,Zenith Audio & Headphones Model-333,Electronics,Audio & Headphones,Zenith,67.63,120.69,0
333,SKU-SPO-000333,Zenith Fitness Gear Model-334,Sports & Outdoors,Fitness Gear,Zenith,123.38,212.88,1
334,SKU-APP-000334,Lumina Outerwear Model-335,Apparel,Outerwear,Lumina,22.72,29.05,1
335,SKU-TOY-000335,Nova Educational Toys Model-336,Toys & Games,Educational Toys,Nova,63.65,85.89,1
336,SKU-ELE-000336,Apex Laptops Model-337,Electronics,Laptops,Apex,33.87,75.49,1
337,SKU-AUT-000337,Prism Car Care Model-338,Automotive,Car Care,Prism,447.52,673.74,1
338,SKU-ELE-000338,Nova Smart Home Model-339,Electronics,Smart Home,Nova,416.54,751.53,1
339,SKU-HOM-000339,Lumina Decor Model-340,Home & Kitchen,Decor,Lumina,360.85,554.25,1
340,SKU-SPO-000340,Zenith Cycling Model-341,Sports & Outdoors,Cycling,Zenith,256.37,407.02,1
341,SKU-GRO-000341,Summit Beverages Model-342,Grocery & Pantry,Beverages,Summit,348.62,471.77,0
342,SKU-HOM-000342,Lumina Furniture Model-343,Home & Kitchen,Furniture,Lumina,124.24,167.36,1
343,SKU-GRO-000343,Velocity Beverages Model-344,Grocery & Pantry,Beverages,Velocity,312.84,435.52,1
344,SKU-BEA-000344,Echo Haircare Model-345,Beauty & Care,Haircare,Echo,344.9,793.38,1
345,SKU-ELE-000345,Matrix Wearables Model-346,Electronics,Wearables,Matrix,273.96,355.89,1
346,SKU-TOY-000346,Zenith Puzzles Model-347,Toys & Games,Puzzles,Zenith,89.29,198.31,1
347,SKU-ELE-000347,Zenith Accessories Model-348,Electronics,Accessories,Zenith,102.3,168.25,1
348,SKU-SPO-000348,Velocity Water Sports Model-349,Sports & Outdoors,Water Sports,Velocity,69.12,88.59,1
349,SKU-AUT-000349,Prism Car Care Model-350,Automotive,Car Care,Prism,243.92,549.29,1
350,SKU-TOY-000350,Aura Outdoor Toys Model-351,Toys & Games,Outdoor Toys,Aura,342.89,553.12,1
351,SKU-BEA-000351,Lumina Cosmetics Model-352,Beauty & Care,Cosmetics,Lumina,445.15,686.43,1
352,SKU-APP-000352,Echo Women's Clothing Model-353,Apparel,Women's Clothing,Echo,377.48,735.21,1
353,SKU-GRO-000353,Horizon Beverages Model-354,Grocery & Pantry,Beverages,Horizon,433.55,720.12,0
354,SKU-GRO-000354,Pulse Organic Foods Model-355,Grocery & Pantry,Organic Foods,Pulse,173.67,380.31,1
355,SKU-SPO-000355,Summit Cycling Model-356,Sports & Outdoors,Cycling,Summit,102.95,149.1,1
356,SKU-ELE-000356,Pulse Wearables Model-357,Electronics,Wearables,Pulse,331.31,713.37,1
357,SKU-TOY-000357,Titan Puzzles Model-358,Toys & Games,Puzzles,Titan,160.55,250.93,1
358,SKU-HOM-000358,Apex Storage Model-359,Home & Kitchen,Storage,Apex,356.13,677.8,1
359,SKU-GRO-000359,Echo Snacks Model-360,Grocery & Pantry,Snacks,Echo,291.38,386.1,1
360,SKU-TOY-000360,Nova Board Games Model-361,Toys & Games,Board Games,Nova,40.67,90.02,1
361,SKU-AUT-000361,Zenith Tools & Equipment Model-362,Automotive,Tools & Equipment,Zenith,176.06,318.96,1
362,SKU-TOY-000362,Titan Board Games Model-363,Toys & Games,Board Games,Titan,267.39,490.91,1
363,SKU-AUT-000363,Apex Interior Accessories Model-364,Automotive,Interior Accessories,Apex,85.79,194.43,1
364,SKU-SPO-000364,Apex Camping & Hiking Model-365,Sports & Outdoors,Camping & Hiking,Apex,135.61,212.58,1
365,SKU-TOY-000365,Prism Board Games Model-366,Toys & Games,Board Games,Prism,305.05,642.99,1
366,SKU-HOM-000366,Titan Cookware Model-367,Home & Kitchen,Cookware,Titan,101.65,243.1,1
367,SKU-HOM-000367,Prism Furniture Model-368,Home & Kitchen,Furniture,Prism,104.04,252.32,1
368,SKU-GRO-000368,Aura Condiments Model-369,Grocery & Pantry,Condiments,Aura,151.17,248.87,0
369,SKU-GRO-000369,Pulse Condiments Model-370,Grocery & Pantry,Condiments,Pulse,281.16,421.26,1
370,SKU-ELE-000370,Nova Audio & Headphones Model-371,Electronics,Audio & Headphones,Nova,115.62,208.65,1
371,SKU-BEA-000371,Matrix Personal Care Model-372,Beauty & Care,Personal Care,Matrix,113,202.45,1
372,SKU-GRO-000372,Pulse Snacks Model-373,Grocery & Pantry,Snacks,Pulse,37.12,90.1,1
373,SKU-ELE-000373,Prism Smartphones Model-374,Electronics,Smartphones,Prism,306.13,538.5,1
374,SKU-BEA-000374,Velocity Cosmetics Model-375,Beauty & Care,Cosmetics,Velocity,115.78,171.59,1
375,SKU-SPO-000375,Echo Cycling Model-376,Sports & Outdoors,Cycling,Echo,266.92,606.35,1
376,SKU-GRO-000376,Sol Snacks Model-377,Grocery & Pantry,Snacks,Sol,441.22,993.65,1
377,SKU-BEA-000377,Titan Cosmetics Model-378,Beauty & Care,Cosmetics,Titan,423.68,1052.34,1
378,SKU-BEA-000378,Aura Cosmetics Model-379,Beauty & Care,Cosmetics,Aura,424.78,962.14,1
379,SKU-APP-000379,Velocity Outerwear Model-380,Apparel,Outerwear,Velocity,350.14,440.93,1
380,SKU-AUT-000380,Sol Car Care Model-381,Automotive,Car Care,Sol,268.55,625.63,1
381,SKU-APP-000381,Sol Sportswear Model-382,Apparel,Sportswear,Sol,141.55,296.5,1
382,SKU-GRO-000382,Pulse Canned Goods Model-383,Grocery & Pantry,Canned Goods,Pulse,90.32,169.58,1
383,SKU-TOY-000383,Summit Educational Toys Model-384,Toys & Games,Educational Toys,Summit,324.41,758.05,1
384,SKU-BEA-000384,Pulse Personal Care Model-385,Beauty & Care,Personal Care,Pulse,63.8,150.87,1
385,SKU-GRO-000385,Echo Snacks Model-386,Grocery & Pantry,Snacks,Echo,208.56,333,1
386,SKU-HOM-000386,Summit Cookware Model-387,Home & Kitchen,Cookware,Summit,372.09,770.06,1
387,SKU-BEA-000387,Matrix Cosmetics Model-388,Beauty & Care,Cosmetics,Matrix,205.63,405.02,1
388,SKU-TOY-000388,Prism Board Games Model-389,Toys & Games,Board Games,Prism,268.04,360.42,1
389,SKU-TOY-000389,Apex Board Games Model-390,Toys & Games,Board Games,Apex,92.8,227.7,1
390,SKU-GRO-000390,Sol Canned Goods Model-391,Grocery & Pantry,Canned Goods,Sol,337.1,449.2,1
391,SKU-TOY-000391,Pulse Educational Toys Model-392,Toys & Games,Educational Toys,Pulse,216.39,446.3,1
392,SKU-HOM-000392,Pulse Storage Model-393,Home & Kitchen,Storage,Pulse,113.72,250.15,1
393,SKU-AUT-000393,Aura Oils & Fluids Model-394,Automotive,Oils & Fluids,Aura,374.49,814.63,1
394,SKU-GRO-000394,Velocity Beverages Model-395,Grocery & Pantry,Beverages,Velocity,37.04,68.74,1
395,SKU-APP-000395,Aura Men's Clothing Model-396,Apparel,Men's Clothing,Aura,10.44,23.67,1
396,SKU-SPO-000396,Horizon Cycling Model-397,Sports & Outdoors,Cycling,Horizon,17.56,26.35,1
397,SKU-HOM-000397,Zenith Small Appliances Model-398,Home & Kitchen,Small Appliances,Zenith,166.03,248.87,1
398,SKU-TOY-000398,Zenith Action Figures Model-399,Toys & Games,Action Figures,Zenith,338.71,556.04,1
399,SKU-HOM-000399,Zenith Decor Model-400,Home & Kitchen,Decor,Zenith,290.98,719.43,1
400,SKU-TOY-000400,Prism Outdoor Toys Model-401,Toys & Games,Outdoor Toys,Prism,16.61,31.31,1
401,SKU-ELE-000401,Zenith Smartphones Model-402,Electronics,Smartphones,Zenith,72.4,125.21,1
402,SKU-SPO-000402,Pulse Water Sports Model-403,Sports & Outdoors,Water Sports,Pulse,415.17,701.2,1
403,SKU-ELE-000403,Aura Laptops Model-404,Electronics,Laptops,Aura,294.83,583.59,1
404,SKU-AUT-000404,Matrix Oils & Fluids Model-405,Automotive,Oils & Fluids,Matrix,441.51,884.05,1
405,SKU-TOY-000405,Zenith Puzzles Model-406,Toys & Games,Puzzles,Zenith,58.46,106.57,1
406,SKU-GRO-000406,Aura Snacks Model-407,Grocery & Pantry,Snacks,Aura,289.47,604.91,0
407,SKU-HOM-000407,Pulse Small Appliances Model-408,Home & Kitchen,Small Appliances,Pulse,128.8,228.17,1
408,SKU-ELE-000408,Aura Accessories Model-409,Electronics,Accessories,Aura,321.9,528.43,1
409,SKU-GRO-000409,Lumina Condiments Model-410,Grocery & Pantry,Condiments,Lumina,306.28,724.31,1
410,SKU-AUT-000410,Prism Oils & Fluids Model-411,Automotive,Oils & Fluids,Prism,273.05,402.11,1
411,SKU-HOM-000411,Prism Storage Model-412,Home & Kitchen,Storage,Prism,149.02,317.25,1
412,SKU-GRO-000412,Echo Snacks Model-413,Grocery & Pantry,Snacks,Echo,371.56,683.32,0
413,SKU-APP-000413,Prism Women's Clothing Model-414,Apparel,Women's Clothing,Prism,195.74,427.41,1
414,SKU-APP-000414,Matrix Women's Clothing Model-415,Apparel,Women's Clothing,Matrix,446.41,685.51,1
415,SKU-GRO-000415,Velocity Condiments Model-416,Grocery & Pantry,Condiments,Velocity,151.38,308.14,0
416,SKU-AUT-000416,Matrix Tools & Equipment Model-417,Automotive,Tools & Equipment,Matrix,324.95,703.66,1
417,SKU-AUT-000417,Horizon Interior Accessories Model-418,Automotive,Interior Accessories,Horizon,305.52,535.31,1
418,SKU-SPO-000418,Titan Water Sports Model-419,Sports & Outdoors,Water Sports,Titan,388.62,822.51,1
419,SKU-SPO-000419,Summit Camping & Hiking Model-420,Sports & Outdoors,Camping & Hiking,Summit,67.88,113.57,1
420,SKU-ELE-000420,Sol Laptops Model-421,Electronics,Laptops,Sol,191.24,279.19,1
421,SKU-GRO-000421,Pulse Beverages Model-422,Grocery & Pantry,Beverages,Pulse,73.91,104.33,1
422,SKU-APP-000422,Vortex Sportswear Model-423,Apparel,Sportswear,Vortex,107.48,248.88,1
423,SKU-ELE-000423,Horizon Audio & Headphones Model-424,Electronics,Audio & Headphones,Horizon,28.65,69.56,1
424,SKU-TOY-000424,Summit Board Games Model-425,Toys & Games,Board Games,Summit,235.2,301.48,1
425,SKU-ELE-000425,Zenith Laptops Model-426,Electronics,Laptops,Zenith,417.55,594.14,1
426,SKU-AUT-000426,Prism Tools & Equipment Model-427,Automotive,Tools & Equipment,Prism,208.23,275.89,1
427,SKU-SPO-000427,Matrix Team Sports Model-428,Sports & Outdoors,Team Sports,Matrix,176.59,339.76,1
428,SKU-GRO-000428,Titan Breakfast Model-429,Grocery & Pantry,Breakfast,Titan,405.76,975.29,1
429,SKU-ELE-000429,Vortex Smart Home Model-430,Electronics,Smart Home,Vortex,183.54,354.75,1
430,SKU-APP-000430,Velocity Sportswear Model-431,Apparel,Sportswear,Velocity,47.62,103.33,1
431,SKU-ELE-000431,Aura Smartphones Model-432,Electronics,Smartphones,Aura,405.94,949.03,1
432,SKU-SPO-000432,Horizon Water Sports Model-433,Sports & Outdoors,Water Sports,Horizon,140.54,209.72,1
433,SKU-APP-000433,Velocity Outerwear Model-434,Apparel,Outerwear,Velocity,138.59,218.22,1
434,SKU-GRO-000434,Lumina Organic Foods Model-435,Grocery & Pantry,Organic Foods,Lumina,213.49,454.51,1
435,SKU-SPO-000435,Vortex Team Sports Model-436,Sports & Outdoors,Team Sports,Vortex,174.35,269.66,1
436,SKU-APP-000436,Aura Sportswear Model-437,Apparel,Sportswear,Aura,230.15,303.88,1
437,SKU-BEA-000437,Prism Skincare Model-438,Beauty & Care,Skincare,Prism,5.28,7.34,1
438,SKU-ELE-000438,Velocity Accessories Model-439,Electronics,Accessories,Velocity,311.41,590.64,1
439,SKU-AUT-000439,Prism Car Care Model-440,Automotive,Car Care,Prism,275.13,602.94,1
440,SKU-GRO-000440,Zenith Organic Foods Model-441,Grocery & Pantry,Organic Foods,Zenith,103.34,185.3,1
441,SKU-AUT-000441,Horizon Car Care Model-442,Automotive,Car Care,Horizon,146.04,356.21,1
442,SKU-SPO-000442,Summit Camping & Hiking Model-443,Sports & Outdoors,Camping & Hiking,Summit,368.08,591.58,1
443,SKU-SPO-000443,Titan Fitness Gear Model-444,Sports & Outdoors,Fitness Gear,Titan,393.54,730.46,1
444,SKU-AUT-000444,Echo Car Care Model-445,Automotive,Car Care,Echo,101.56,214,1
445,SKU-AUT-000445,Horizon Oils & Fluids Model-446,Automotive,Oils & Fluids,Horizon,443.01,897.01,1
446,SKU-BEA-000446,Summit Cosmetics Model-447,Beauty & Care,Cosmetics,Summit,419.42,860.28,1
447,SKU-AUT-000447,Horizon Oils & Fluids Model-448,Automotive,Oils & Fluids,Horizon,233.8,535.13,1
448,SKU-BEA-000448,Echo Cosmetics Model-449,Beauty & Care,Cosmetics,Echo,186.9,366.87,1
449,SKU-TOY-000449,Aura Puzzles Model-450,Toys & Games,Puzzles,Aura,146.68,200.85,1
450,SKU-SPO-000450,Sol Camping & Hiking Model-451,Sports & Outdoors,Camping & Hiking,Sol,79.56,126.93,1
451,SKU-AUT-000451,Aura Car Care Model-452,Automotive,Car Care,Aura,31.92,74.44,0
452,SKU-SPO-000452,Aura Team Sports Model-453,Sports & Outdoors,Team Sports,Aura,68.86,124.16,1
453,SKU-APP-000453,Zenith Accessories Model-454,Apparel,Accessories,Zenith,33.02,58.51,1
454,SKU-BEA-000454,Aura Fragrances Model-455,Beauty & Care,Fragrances,Aura,332.37,428.24,1
455,SKU-SPO-000455,Pulse Camping & Hiking Model-456,Sports & Outdoors,Camping & Hiking,Pulse,26.05,58.97,1
456,SKU-BEA-000456,Echo Skincare Model-457,Beauty & Care,Skincare,Echo,386.62,938.7,1
457,SKU-GRO-000457,Vortex Beverages Model-458,Grocery & Pantry,Beverages,Vortex,191.64,295.27,1
458,SKU-HOM-000458,Prism Decor Model-459,Home & Kitchen,Decor,Prism,185.73,379.18,1
459,SKU-HOM-000459,Sol Furniture Model-460,Home & Kitchen,Furniture,Sol,411.79,764.41,1
460,SKU-AUT-000460,Horizon Car Care Model-461,Automotive,Car Care,Horizon,136.77,312.46,1
461,SKU-BEA-000461,Apex Cosmetics Model-462,Beauty & Care,Cosmetics,Apex,188.45,440.82,1
462,SKU-APP-000462,Echo Sportswear Model-463,Apparel,Sportswear,Echo,437.53,724,1
463,SKU-APP-000463,Titan Accessories Model-464,Apparel,Accessories,Titan,428,925.33,1
464,SKU-ELE-000464,Vortex Smart Home Model-465,Electronics,Smart Home,Vortex,18.19,34.9,1
465,SKU-AUT-000465,Summit Interior Accessories Model-466,Automotive,Interior Accessories,Summit,359.36,680.14,0
466,SKU-AUT-000466,Lumina Oils & Fluids Model-467,Automotive,Oils & Fluids,Lumina,372.75,690.58,1
467,SKU-BEA-000467,Lumina Skincare Model-468,Beauty & Care,Skincare,Lumina,123.93,206.12,1
468,SKU-GRO-000468,Echo Canned Goods Model-469,Grocery & Pantry,Canned Goods,Echo,360.26,727.18,1
469,SKU-APP-000469,Zenith Footwear Model-470,Apparel,Footwear,Zenith,275.74,405.05,1
470,SKU-SPO-000470,Zenith Cycling Model-471,Sports & Outdoors,Cycling,Zenith,380.52,579.25,1
471,SKU-BEA-000471,Aura Haircare Model-472,Beauty & Care,Haircare,Aura,341.09,634.68,0
472,SKU-APP-000472,Lumina Accessories Model-473,Apparel,Accessories,Lumina,82.39,144.3,0
473,SKU-TOY-000473,Aura Action Figures Model-474,Toys & Games,Action Figures,Aura,175.43,349.78,1
474,SKU-GRO-000474,Apex Canned Goods Model-475,Grocery & Pantry,Canned Goods,Apex,304.29,504.83,1
475,SKU-GRO-000475,Horizon Beverages Model-476,Grocery & Pantry,Beverages,Horizon,167.56,345.35,1
476,SKU-APP-000476,Zenith Sportswear Model-477,Apparel,Sportswear,Zenith,349.7,850.83,1
477,SKU-HOM-000477,Vortex Decor Model-478,Home & Kitchen,Decor,Vortex,281.47,442.94,1
478,SKU-TOY-000478,Summit Action Figures Model-479,Toys & Games,Action Figures,Summit,224.61,325.6,1
479,SKU-SPO-000479,Prism Cycling Model-480,Sports & Outdoors,Cycling,Prism,182.4,308.44,1
480,SKU-TOY-000480,Aura Puzzles Model-481,Toys & Games,Puzzles,Aura,106.02,167.46,1
481,SKU-HOM-000481,Titan Bedding Model-482,Home & Kitchen,Bedding,Titan,308.15,690.09,1
482,SKU-SPO-000482,Matrix Team Sports Model-483,Sports & Outdoors,Team Sports,Matrix,394.02,596.42,1
483,SKU-BEA-000483,Nova Skincare Model-484,Beauty & Care,Skincare,Nova,199,303.55,0
484,SKU-GRO-000484,Prism Organic Foods Model-485,Grocery & Pantry,Organic Foods,Prism,303.23,402.56,1
485,SKU-GRO-000485,Velocity Beverages Model-486,Grocery & Pantry,Beverages,Velocity,226.58,465.08,1
486,SKU-ELE-000486,Velocity Smartphones Model-487,Electronics,Smartphones,Velocity,99.06,225.53,0
487,SKU-ELE-000487,Vortex Smartphones Model-488,Electronics,Smartphones,Vortex,424.61,701.92,1
488,SKU-HOM-000488,Sol Cookware Model-489,Home & Kitchen,Cookware,Sol,307.81,744.83,1
489,SKU-BEA-000489,Horizon Skincare Model-490,Beauty & Care,Skincare,Horizon,178.78,290.14,1
490,SKU-APP-000490,Apex Men's Clothing Model-491,Apparel,Men's Clothing,Apex,274.87,486.76,1
491,SKU-SPO-000491,Nova Fitness Gear Model-492,Sports & Outdoors,Fitness Gear,Nova,207.85,302.06,1
492,SKU-ELE-000492,Velocity Wearables Model-493,Electronics,Wearables,Velocity,56.35,87.41,1
493,SKU-SPO-000493,Pulse Water Sports Model-494,Sports & Outdoors,Water Sports,Pulse,318.32,689.41,1
494,SKU-HOM-000494,Echo Small Appliances Model-495,Home & Kitchen,Small Appliances,Echo,192.07,272.05,1
495,SKU-ELE-000495,Prism Accessories Model-496,Electronics,Accessories,Prism,84.05,185.39,1
496,SKU-APP-000496,Vortex Accessories Model-497,Apparel,Accessories,Vortex,98.1,234.06,1
497,SKU-SPO-000497,Pulse Cycling Model-498,Sports & Outdoors,Cycling,Pulse,241.82,350.71,0
498,SKU-APP-000498,Prism Women's Clothing Model-499,Apparel,Women's Clothing,Prism,426.02,562.97,1
499,SKU-GRO-000499,Horizon Snacks Model-500,Grocery & Pantry,Snacks,Horizon,87.88,115.34,1
500,SKU-GRO-000500,Vortex Breakfast Model-501,Grocery & Pantry,Breakfast,Vortex,238.85,440.26,1
501,SKU-SPO-000501,Summit Team Sports Model-502,Sports & Outdoors,Team Sports,Summit,306.83,542.29,1
502,SKU-HOM-000502,Lumina Small Appliances Model-503,Home & Kitchen,Small Appliances,Lumina,247.78,417.3,1
503,SKU-SPO-000503,Aura Team Sports Model-504,Sports & Outdoors,Team Sports,Aura,35.97,65.1,1
504,SKU-BEA-000504,Lumina Personal Care Model-505,Beauty & Care,Personal Care,Lumina,133.57,238.35,1
505,SKU-AUT-000505,Apex Oils & Fluids Model-506,Automotive,Oils & Fluids,Apex,37.28,66.25,1
506,SKU-SPO-000506,Prism Team Sports Model-507,Sports & Outdoors,Team Sports,Prism,57.57,114.13,1
507,SKU-BEA-000507,Horizon Personal Care Model-508,Beauty & Care,Personal Care,Horizon,333.46,476.03,1
508,SKU-TOY-000508,Summit Puzzles Model-509,Toys & Games,Puzzles,Summit,248.32,569.96,1
509,SKU-SPO-000509,Prism Fitness Gear Model-510,Sports & Outdoors,Fitness Gear,Prism,193.04,400.58,1
510,SKU-SPO-000510,Apex Camping & Hiking Model-511,Sports & Outdoors,Camping & Hiking,Apex,61.79,148,1
511,SKU-TOY-000511,Summit Action Figures Model-512,Toys & Games,Action Figures,Summit,220.64,519.02,1
512,SKU-GRO-000512,Matrix Breakfast Model-513,Grocery & Pantry,Breakfast,Matrix,229.88,563,1
513,SKU-ELE-000513,Echo Wearables Model-514,Electronics,Wearables,Echo,397.25,836.96,1
514,SKU-APP-000514,Echo Outerwear Model-515,Apparel,Outerwear,Echo,358.9,515.25,1
515,SKU-BEA-000515,Velocity Fragrances Model-516,Beauty & Care,Fragrances,Velocity,87.7,137.06,1
516,SKU-BEA-000516,Apex Haircare Model-517,Beauty & Care,Haircare,Apex,390.91,948,1
517,SKU-AUT-000517,Sol Car Care Model-518,Automotive,Car Care,Sol,340.97,705.61,1
518,SKU-APP-000518,Lumina Accessories Model-519,Apparel,Accessories,Lumina,39.3,86.15,1
519,SKU-ELE-000519,Matrix Smartphones Model-520,Electronics,Smartphones,Matrix,209.82,277.33,1
520,SKU-AUT-000520,Echo Tools & Equipment Model-521,Automotive,Tools & Equipment,Echo,146.16,267.17,1
521,SKU-AUT-000521,Zenith Oils & Fluids Model-522,Automotive,Oils & Fluids,Zenith,231.9,400.99,1
522,SKU-APP-000522,Vortex Women's Clothing Model-523,Apparel,Women's Clothing,Vortex,37.65,87.18,1
523,SKU-ELE-000523,Lumina Wearables Model-524,Electronics,Wearables,Lumina,14.68,32.6,1
524,SKU-SPO-000524,Matrix Camping & Hiking Model-525,Sports & Outdoors,Camping & Hiking,Matrix,210.11,357.98,1
525,SKU-GRO-000525,Echo Organic Foods Model-526,Grocery & Pantry,Organic Foods,Echo,243.54,481.95,0
526,SKU-AUT-000526,Lumina Oils & Fluids Model-527,Automotive,Oils & Fluids,Lumina,356.74,599.37,0
527,SKU-GRO-000527,Matrix Organic Foods Model-528,Grocery & Pantry,Organic Foods,Matrix,78.31,172.37,1
528,SKU-BEA-000528,Lumina Skincare Model-529,Beauty & Care,Skincare,Lumina,303.49,624.57,1
529,SKU-SPO-000529,Sol Cycling Model-530,Sports & Outdoors,Cycling,Sol,357,735.33,1
530,SKU-BEA-000530,Pulse Fragrances Model-531,Beauty & Care,Fragrances,Pulse,153.76,311.19,1
531,SKU-AUT-000531,Titan Car Care Model-532,Automotive,Car Care,Titan,395.84,818.25,0
532,SKU-GRO-000532,Echo Breakfast Model-533,Grocery & Pantry,Breakfast,Echo,222.68,406.45,1
533,SKU-TOY-000533,Apex Outdoor Toys Model-534,Toys & Games,Outdoor Toys,Apex,399.95,801.95,1
534,SKU-AUT-000534,Summit Interior Accessories Model-535,Automotive,Interior Accessories,Summit,334.76,707.59,1
535,SKU-GRO-000535,Sol Breakfast Model-536,Grocery & Pantry,Breakfast,Sol,300.6,615.85,1
536,SKU-HOM-000536,Vortex Bedding Model-537,Home & Kitchen,Bedding,Vortex,239.24,382.8,1
537,SKU-TOY-000537,Prism Puzzles Model-538,Toys & Games,Puzzles,Prism,213.97,400.66,1
538,SKU-ELE-000538,Titan Wearables Model-539,Electronics,Wearables,Titan,281.85,401.69,1
539,SKU-BEA-000539,Pulse Cosmetics Model-540,Beauty & Care,Cosmetics,Pulse,151.77,277.91,1
540,SKU-AUT-000540,Apex Tools & Equipment Model-541,Automotive,Tools & Equipment,Apex,336.4,475.31,1
541,SKU-TOY-000541,Vortex Action Figures Model-542,Toys & Games,Action Figures,Vortex,408.34,650.38,1
542,SKU-AUT-000542,Summit Interior Accessories Model-543,Automotive,Interior Accessories,Summit,113.82,180.14,1
543,SKU-TOY-000543,Velocity Outdoor Toys Model-544,Toys & Games,Outdoor Toys,Velocity,437.08,854.27,1
544,SKU-HOM-000544,Aura Furniture Model-545,Home & Kitchen,Furniture,Aura,415.35,978.62,1
545,SKU-ELE-000545,Nova Laptops Model-546,Electronics,Laptops,Nova,80.18,154.07,1
546,SKU-TOY-000546,Horizon Puzzles Model-547,Toys & Games,Puzzles,Horizon,289.13,517.22,1
547,SKU-APP-000547,Lumina Outerwear Model-548,Apparel,Outerwear,Lumina,241.93,506.78,1
548,SKU-BEA-000548,Apex Personal Care Model-549,Beauty & Care,Personal Care,Apex,229.04,314.91,1
549,SKU-APP-000549,Vortex Men's Clothing Model-550,Apparel,Men's Clothing,Vortex,121.7,265.64,1
550,SKU-HOM-000550,Titan Decor Model-551,Home & Kitchen,Decor,Titan,323.01,500.41,1
551,SKU-AUT-000551,Pulse Oils & Fluids Model-552,Automotive,Oils & Fluids,Pulse,8.97,13.5,1
552,SKU-GRO-000552,Vortex Condiments Model-553,Grocery & Pantry,Condiments,Vortex,390.4,907.12,1
553,SKU-ELE-000553,Titan Laptops Model-554,Electronics,Laptops,Titan,413.83,630.98,1
554,SKU-ELE-000554,Velocity Accessories Model-555,Electronics,Accessories,Velocity,177.82,287.59,1
555,SKU-SPO-000555,Prism Camping & Hiking Model-556,Sports & Outdoors,Camping & Hiking,Prism,403.24,990.41,1
556,SKU-SPO-000556,Titan Water Sports Model-557,Sports & Outdoors,Water Sports,Titan,367.44,732.52,1
557,SKU-SPO-000557,Echo Water Sports Model-558,Sports & Outdoors,Water Sports,Echo,230.76,520.31,1
558,SKU-HOM-000558,Prism Small Appliances Model-559,Home & Kitchen,Small Appliances,Prism,322.77,558.57,1
559,SKU-AUT-000559,Apex Oils & Fluids Model-560,Automotive,Oils & Fluids,Apex,198.88,440.07,1
560,SKU-HOM-000560,Summit Decor Model-561,Home & Kitchen,Decor,Summit,448.42,996.22,1
561,SKU-BEA-000561,Lumina Haircare Model-562,Beauty & Care,Haircare,Lumina,443.38,555.25,1
562,SKU-HOM-000562,Zenith Decor Model-563,Home & Kitchen,Decor,Zenith,381.4,569.72,1
563,SKU-ELE-000563,Titan Accessories Model-564,Electronics,Accessories,Titan,244.41,427.22,1
564,SKU-TOY-000564,Echo Educational Toys Model-565,Toys & Games,Educational Toys,Echo,95.1,122.23,1
565,SKU-HOM-000565,Pulse Small Appliances Model-566,Home & Kitchen,Small Appliances,Pulse,179.84,328.01,1
566,SKU-BEA-000566,Nova Personal Care Model-567,Beauty & Care,Personal Care,Nova,11.29,16.46,1
567,SKU-GRO-000567,Horizon Condiments Model-568,Grocery & Pantry,Condiments,Horizon,116.7,256.66,1
568,SKU-GRO-000568,Aura Condiments Model-569,Grocery & Pantry,Condiments,Aura,382.91,924.19,1
569,SKU-TOY-000569,Apex Educational Toys Model-570,Toys & Games,Educational Toys,Apex,42.17,99.43,1
570,SKU-HOM-000570,Matrix Decor Model-571,Home & Kitchen,Decor,Matrix,419.81,954.33,1
571,SKU-AUT-000571,Aura Tools & Equipment Model-572,Automotive,Tools & Equipment,Aura,142.71,238.32,1
572,SKU-AUT-000572,Velocity Tools & Equipment Model-573,Automotive,Tools & Equipment,Velocity,438.13,967.67,1
573,SKU-ELE-000573,Sol Accessories Model-574,Electronics,Accessories,Sol,151.09,283.07,1
574,SKU-APP-000574,Apex Accessories Model-575,Apparel,Accessories,Apex,136.27,174.76,1
575,SKU-SPO-000575,Zenith Cycling Model-576,Sports & Outdoors,Cycling,Zenith,415.96,882.59,1
576,SKU-SPO-000576,Vortex Camping & Hiking Model-577,Sports & Outdoors,Camping & Hiking,Vortex,48.66,85.23,1
577,SKU-TOY-000577,Pulse Action Figures Model-578,Toys & Games,Action Figures,Pulse,342.59,675.13,1
578,SKU-ELE-000578,Sol Smartphones Model-579,Electronics,Smartphones,Sol,99.05,201.61,1
579,SKU-ELE-000579,Apex Audio & Headphones Model-580,Electronics,Audio & Headphones,Apex,251.26,344.6,1
580,SKU-GRO-000580,Vortex Organic Foods Model-581,Grocery & Pantry,Organic Foods,Vortex,285.41,678.89,1
581,SKU-TOY-000581,Summit Educational Toys Model-582,Toys & Games,Educational Toys,Summit,175.19,394.54,1
582,SKU-SPO-000582,Pulse Team Sports Model-583,Sports & Outdoors,Team Sports,Pulse,328.65,691.39,1
583,SKU-HOM-000583,Aura Storage Model-584,Home & Kitchen,Storage,Aura,136.27,231.17,1
584,SKU-GRO-000584,Summit Organic Foods Model-585,Grocery & Pantry,Organic Foods,Summit,239.17,515.98,1
585,SKU-HOM-000585,Zenith Cookware Model-586,Home & Kitchen,Cookware,Zenith,264.5,444.64,1
586,SKU-HOM-000586,Zenith Cookware Model-587,Home & Kitchen,Cookware,Zenith,158.65,380.8,1
587,SKU-BEA-000587,Apex Personal Care Model-588,Beauty & Care,Personal Care,Apex,363.55,825.55,1
588,SKU-AUT-000588,Zenith Oils & Fluids Model-589,Automotive,Oils & Fluids,Zenith,435.8,692.05,1
589,SKU-HOM-000589,Pulse Furniture Model-590,Home & Kitchen,Furniture,Pulse,158.81,218.14,1
590,SKU-ELE-000590,Nova Laptops Model-591,Electronics,Laptops,Nova,192.54,369.98,1
591,SKU-HOM-000591,Sol Cookware Model-592,Home & Kitchen,Cookware,Sol,184.25,402.57,1
592,SKU-BEA-000592,Summit Haircare Model-593,Beauty & Care,Haircare,Summit,362.99,789.88,1
593,SKU-TOY-000593,Matrix Educational Toys Model-594,Toys & Games,Educational Toys,Matrix,131.81,318.71,1
594,SKU-HOM-000594,Velocity Bedding Model-595,Home & Kitchen,Bedding,Velocity,413.14,592.08,1
595,SKU-ELE-000595,Aura Wearables Model-596,Electronics,Wearables,Aura,144.63,220.42,1
596,SKU-ELE-000596,Velocity Smartphones Model-597,Electronics,Smartphones,Velocity,411.01,771.07,1
597,SKU-GRO-000597,Echo Organic Foods Model-598,Grocery & Pantry,Organic Foods,Echo,117.34,199.29,1
598,SKU-SPO-000598,Velocity Team Sports Model-599,Sports & Outdoors,Team Sports,Velocity,267.98,437.18,1
599,SKU-GRO-000599,Velocity Snacks Model-600,Grocery & Pantry,Snacks,Velocity,202.35,307.7,1
600,SKU-TOY-000600,Vortex Board Games Model-601,Toys & Games,Board Games,Vortex,90.69,197.73,1
601,SKU-APP-000601,Matrix Accessories Model-602,Apparel,Accessories,Matrix,192.47,307.91,1
602,SKU-ELE-000602,Titan Laptops Model-603,Electronics,Laptops,Titan,111.86,146.14,1
603,SKU-BEA-000603,Echo Fragrances Model-604,Beauty & Care,Fragrances,Echo,305.68,715.25,1
604,SKU-APP-000604,Sol Outerwear Model-605,Apparel,Outerwear,Sol,53.06,119.04,1
605,SKU-HOM-000605,Lumina Storage Model-606,Home & Kitchen,Storage,Lumina,34.61,57.93,1
606,SKU-SPO-000606,Apex Team Sports Model-607,Sports & Outdoors,Team Sports,Apex,429.12,1023.5,1
607,SKU-ELE-000607,Vortex Accessories Model-608,Electronics,Accessories,Vortex,96.16,224.28,1
608,SKU-ELE-000608,Sol Accessories Model-609,Electronics,Accessories,Sol,30.98,59.18,1
609,SKU-TOY-000609,Prism Action Figures Model-610,Toys & Games,Action Figures,Prism,273.25,527.79,1
610,SKU-HOM-000610,Echo Decor Model-611,Home & Kitchen,Decor,Echo,150.19,265.09,1
611,SKU-GRO-000611,Lumina Snacks Model-612,Grocery & Pantry,Snacks,Lumina,154.74,344.01,1
612,SKU-BEA-000612,Lumina Personal Care Model-613,Beauty & Care,Personal Care,Lumina,403.52,822.07,1
613,SKU-SPO-000613,Vortex Cycling Model-614,Sports & Outdoors,Cycling,Vortex,397.94,528.75,1
614,SKU-AUT-000614,Lumina Car Care Model-615,Automotive,Car Care,Lumina,68.28,136.68,1
615,SKU-GRO-000615,Pulse Beverages Model-616,Grocery & Pantry,Beverages,Pulse,163.37,339.06,1
616,SKU-SPO-000616,Aura Camping & Hiking Model-617,Sports & Outdoors,Camping & Hiking,Aura,173.76,257.44,1
617,SKU-APP-000617,Summit Outerwear Model-618,Apparel,Outerwear,Summit,233.92,446.88,1
618,SKU-APP-000618,Sol Men's Clothing Model-619,Apparel,Men's Clothing,Sol,205.35,325.53,1
619,SKU-HOM-000619,Matrix Furniture Model-620,Home & Kitchen,Furniture,Matrix,314.15,646.78,1
620,SKU-BEA-000620,Aura Fragrances Model-621,Beauty & Care,Fragrances,Aura,266.17,463.23,1
621,SKU-AUT-000621,Matrix Car Care Model-622,Automotive,Car Care,Matrix,228.01,493.38,1
622,SKU-HOM-000622,Velocity Small Appliances Model-623,Home & Kitchen,Small Appliances,Velocity,327.43,732.41,1
623,SKU-AUT-000623,Apex Oils & Fluids Model-624,Automotive,Oils & Fluids,Apex,303.94,703.35,1
624,SKU-BEA-000624,Vortex Cosmetics Model-625,Beauty & Care,Cosmetics,Vortex,42.33,76.08,1
625,SKU-ELE-000625,Sol Wearables Model-626,Electronics,Wearables,Sol,155.08,250.83,1
626,SKU-HOM-000626,Vortex Furniture Model-627,Home & Kitchen,Furniture,Vortex,119.62,244.99,1
627,SKU-APP-000627,Velocity Footwear Model-628,Apparel,Footwear,Velocity,123.3,190.89,1
628,SKU-GRO-000628,Echo Beverages Model-629,Grocery & Pantry,Beverages,Echo,399.47,510.25,1
629,SKU-APP-000629,Summit Men's Clothing Model-630,Apparel,Men's Clothing,Summit,86.83,108.72,1
630,SKU-APP-000630,Summit Men's Clothing Model-631,Apparel,Men's Clothing,Summit,143.41,203.19,1
631,SKU-TOY-000631,Titan Puzzles Model-632,Toys & Games,Puzzles,Titan,224.58,492.15,1
632,SKU-GRO-000632,Vortex Organic Foods Model-633,Grocery & Pantry,Organic Foods,Vortex,40.57,54.28,1
633,SKU-TOY-000633,Pulse Board Games Model-634,Toys & Games,Board Games,Pulse,116.11,272.2,1
634,SKU-AUT-000634,Prism Tools & Equipment Model-635,Automotive,Tools & Equipment,Prism,248.1,440.74,1
635,SKU-ELE-000635,Lumina Smart Home Model-636,Electronics,Smart Home,Lumina,431,714.37,1
636,SKU-BEA-000636,Summit Personal Care Model-637,Beauty & Care,Personal Care,Summit,358.21,460.71,1
637,SKU-ELE-000637,Echo Smart Home Model-638,Electronics,Smart Home,Echo,183.73,380.48,1
638,SKU-TOY-000638,Prism Educational Toys Model-639,Toys & Games,Educational Toys,Prism,122.07,173.35,1
639,SKU-AUT-000639,Sol Oils & Fluids Model-640,Automotive,Oils & Fluids,Sol,40.83,51.14,1
640,SKU-GRO-000640,Prism Beverages Model-641,Grocery & Pantry,Beverages,Prism,8.51,13.99,1
641,SKU-BEA-000641,Vortex Personal Care Model-642,Beauty & Care,Personal Care,Vortex,360.61,843.2,1
642,SKU-ELE-000642,Echo Laptops Model-643,Electronics,Laptops,Echo,443.99,567.15,1
643,SKU-GRO-000643,Vortex Beverages Model-644,Grocery & Pantry,Beverages,Vortex,23.85,59.31,1
644,SKU-TOY-000644,Sol Puzzles Model-645,Toys & Games,Puzzles,Sol,385.27,690.71,1
645,SKU-GRO-000645,Pulse Canned Goods Model-646,Grocery & Pantry,Canned Goods,Pulse,11.47,16.97,1
646,SKU-GRO-000646,Horizon Beverages Model-647,Grocery & Pantry,Beverages,Horizon,355.63,882.54,1
647,SKU-BEA-000647,Zenith Skincare Model-648,Beauty & Care,Skincare,Zenith,179.98,415,1
648,SKU-AUT-000648,Lumina Tools & Equipment Model-649,Automotive,Tools & Equipment,Lumina,70.25,104.65,1
649,SKU-BEA-000649,Sol Cosmetics Model-650,Beauty & Care,Cosmetics,Sol,50.14,123.33,0
650,SKU-SPO-000650,Prism Fitness Gear Model-651,Sports & Outdoors,Fitness Gear,Prism,405.45,831.28,1
651,SKU-SPO-000651,Horizon Camping & Hiking Model-652,Sports & Outdoors,Camping & Hiking,Horizon,283.75,586.17,1
652,SKU-APP-000652,Velocity Outerwear Model-653,Apparel,Outerwear,Velocity,427.3,829.81,1
653,SKU-GRO-000653,Nova Beverages Model-654,Grocery & Pantry,Beverages,Nova,215.45,388.68,1
654,SKU-APP-000654,Echo Sportswear Model-655,Apparel,Sportswear,Echo,427.49,880.82,1
655,SKU-AUT-000655,Sol Oils & Fluids Model-656,Automotive,Oils & Fluids,Sol,146.08,288.4,1
656,SKU-ELE-000656,Echo Audio & Headphones Model-657,Electronics,Audio & Headphones,Echo,165.5,401.39,1
657,SKU-SPO-000657,Velocity Camping & Hiking Model-658,Sports & Outdoors,Camping & Hiking,Velocity,116.34,253.06,1
658,SKU-AUT-000658,Lumina Oils & Fluids Model-659,Automotive,Oils & Fluids,Lumina,406.88,905.98,1
659,SKU-GRO-000659,Matrix Snacks Model-660,Grocery & Pantry,Snacks,Matrix,186.17,427,1
660,SKU-GRO-000660,Velocity Snacks Model-661,Grocery & Pantry,Snacks,Velocity,37.34,78.49,1
661,SKU-ELE-000661,Echo Accessories Model-662,Electronics,Accessories,Echo,94.73,134.55,1
662,SKU-AUT-000662,Zenith Car Care Model-663,Automotive,Car Care,Zenith,265.15,579.23,1
663,SKU-SPO-000663,Horizon Camping & Hiking Model-664,Sports & Outdoors,Camping & Hiking,Horizon,57.23,100.72,1
664,SKU-HOM-000664,Titan Cookware Model-665,Home & Kitchen,Cookware,Titan,41.17,98.45,1
665,SKU-APP-000665,Aura Accessories Model-666,Apparel,Accessories,Aura,427.05,961.83,0
666,SKU-ELE-000666,Matrix Laptops Model-667,Electronics,Laptops,Matrix,63.99,140.06,1
667,SKU-AUT-000667,Titan Car Care Model-668,Automotive,Car Care,Titan,271.68,575.28,1
668,SKU-TOY-000668,Aura Puzzles Model-669,Toys & Games,Puzzles,Aura,203.69,287.76,1
669,SKU-HOM-000669,Vortex Decor Model-670,Home & Kitchen,Decor,Vortex,293.58,450.32,1
670,SKU-HOM-000670,Pulse Bedding Model-671,Home & Kitchen,Bedding,Pulse,52.92,128.16,1
671,SKU-GRO-000671,Sol Snacks Model-672,Grocery & Pantry,Snacks,Sol,96.7,162.72,1
672,SKU-SPO-000672,Velocity Team Sports Model-673,Sports & Outdoors,Team Sports,Velocity,436.39,778.72,1
673,SKU-SPO-000673,Aura Water Sports Model-674,Sports & Outdoors,Water Sports,Aura,203.4,287.21,1
674,SKU-APP-000674,Summit Accessories Model-675,Apparel,Accessories,Summit,37.79,56.81,1
675,SKU-GRO-000675,Sol Organic Foods Model-676,Grocery & Pantry,Organic Foods,Sol,288.79,679.94,1
676,SKU-BEA-000676,Summit Cosmetics Model-677,Beauty & Care,Cosmetics,Summit,83.59,161.21,1
677,SKU-TOY-000677,Zenith Outdoor Toys Model-678,Toys & Games,Outdoor Toys,Zenith,414.69,995.36,1
678,SKU-BEA-000678,Summit Fragrances Model-679,Beauty & Care,Fragrances,Summit,360.46,561.19,1
679,SKU-AUT-000679,Titan Interior Accessories Model-680,Automotive,Interior Accessories,Titan,31.89,54.8,1
680,SKU-TOY-000680,Vortex Educational Toys Model-681,Toys & Games,Educational Toys,Vortex,226.99,375.97,1
681,SKU-TOY-000681,Sol Board Games Model-682,Toys & Games,Board Games,Sol,76.46,122.53,1
682,SKU-ELE-000682,Sol Audio & Headphones Model-683,Electronics,Audio & Headphones,Sol,304.7,697.08,1
683,SKU-HOM-000683,Vortex Furniture Model-684,Home & Kitchen,Furniture,Vortex,71.68,172.7,1
684,SKU-SPO-000684,Titan Camping & Hiking Model-685,Sports & Outdoors,Camping & Hiking,Titan,318.35,640.34,1
685,SKU-AUT-000685,Summit Car Care Model-686,Automotive,Car Care,Summit,251.58,421.23,1
686,SKU-ELE-000686,Sol Audio & Headphones Model-687,Electronics,Audio & Headphones,Sol,216.96,519.34,1
687,SKU-AUT-000687,Velocity Car Care Model-688,Automotive,Car Care,Velocity,116.48,162.79,1
688,SKU-SPO-000688,Nova Water Sports Model-689,Sports & Outdoors,Water Sports,Nova,406.02,792.92,1
689,SKU-APP-000689,Titan Sportswear Model-690,Apparel,Sportswear,Titan,224.37,323.24,1
690,SKU-AUT-000690,Vortex Interior Accessories Model-691,Automotive,Interior Accessories,Vortex,266.76,617.3,1
691,SKU-BEA-000691,Horizon Haircare Model-692,Beauty & Care,Haircare,Horizon,260.73,643.02,1
692,SKU-TOY-000692,Aura Outdoor Toys Model-693,Toys & Games,Outdoor Toys,Aura,268.83,600.36,1
693,SKU-SPO-000693,Vortex Water Sports Model-694,Sports & Outdoors,Water Sports,Vortex,405.07,613.08,1
694,SKU-HOM-000694,Pulse Decor Model-695,Home & Kitchen,Decor,Pulse,199.74,318.47,1
695,SKU-AUT-000695,Aura Car Care Model-696,Automotive,Car Care,Aura,174.57,244,1
696,SKU-APP-000696,Zenith Women's Clothing Model-697,Apparel,Women's Clothing,Zenith,169.76,318.16,1
697,SKU-ELE-000697,Pulse Smartphones Model-698,Electronics,Smartphones,Pulse,262.32,481.48,1
698,SKU-BEA-000698,Aura Fragrances Model-699,Beauty & Care,Fragrances,Aura,293.35,470.75,1
699,SKU-SPO-000699,Matrix Fitness Gear Model-700,Sports & Outdoors,Fitness Gear,Matrix,259.97,378.77,1
700,SKU-APP-000700,Lumina Men's Clothing Model-701,Apparel,Men's Clothing,Lumina,126.72,248.79,1
701,SKU-SPO-000701,Zenith Water Sports Model-702,Sports & Outdoors,Water Sports,Zenith,93.64,205.78,1
702,SKU-BEA-000702,Sol Fragrances Model-703,Beauty & Care,Fragrances,Sol,12.09,15.9,1
703,SKU-APP-000703,Matrix Footwear Model-704,Apparel,Footwear,Matrix,82.62,129.44,1
704,SKU-ELE-000704,Zenith Accessories Model-705,Electronics,Accessories,Zenith,275.39,652.96,1
705,SKU-HOM-000705,Titan Furniture Model-706,Home & Kitchen,Furniture,Titan,189.48,237.54,1
706,SKU-HOM-000706,Velocity Bedding Model-707,Home & Kitchen,Bedding,Velocity,121.78,277.97,1
707,SKU-ELE-000707,Sol Accessories Model-708,Electronics,Accessories,Sol,437.14,635.95,1
708,SKU-BEA-000708,Velocity Cosmetics Model-709,Beauty & Care,Cosmetics,Velocity,369.98,704.38,1
709,SKU-TOY-000709,Apex Educational Toys Model-710,Toys & Games,Educational Toys,Apex,402.28,978.22,1
710,SKU-ELE-000710,Titan Wearables Model-711,Electronics,Wearables,Titan,286.88,419.68,1
711,SKU-AUT-000711,Pulse Oils & Fluids Model-712,Automotive,Oils & Fluids,Pulse,397.76,897.98,1
712,SKU-ELE-000712,Apex Accessories Model-713,Electronics,Accessories,Apex,255.86,636.17,1
713,SKU-ELE-000713,Vortex Smartphones Model-714,Electronics,Smartphones,Vortex,252.12,562.62,1
714,SKU-APP-000714,Horizon Outerwear Model-715,Apparel,Outerwear,Horizon,186.09,324.04,1
715,SKU-ELE-000715,Titan Smart Home Model-716,Electronics,Smart Home,Titan,349.81,442.58,1
716,SKU-APP-000716,Summit Sportswear Model-717,Apparel,Sportswear,Summit,85.96,176.1,1
717,SKU-TOY-000717,Nova Outdoor Toys Model-718,Toys & Games,Outdoor Toys,Nova,333.67,479.7,0
718,SKU-BEA-000718,Vortex Haircare Model-719,Beauty & Care,Haircare,Vortex,112.44,232.4,1
719,SKU-GRO-000719,Aura Organic Foods Model-720,Grocery & Pantry,Organic Foods,Aura,56.94,134.66,1
720,SKU-GRO-000720,Sol Beverages Model-721,Grocery & Pantry,Beverages,Sol,367.82,880.03,1
721,SKU-ELE-000721,Apex Smart Home Model-722,Electronics,Smart Home,Apex,288.3,484.05,1
722,SKU-BEA-000722,Apex Cosmetics Model-723,Beauty & Care,Cosmetics,Apex,107.53,243.17,1
723,SKU-BEA-000723,Lumina Skincare Model-724,Beauty & Care,Skincare,Lumina,311.43,692.77,1
724,SKU-SPO-000724,Echo Cycling Model-725,Sports & Outdoors,Cycling,Echo,30.88,40.62,1
725,SKU-BEA-000725,Horizon Fragrances Model-726,Beauty & Care,Fragrances,Horizon,51.65,81.66,1
726,SKU-BEA-000726,Pulse Haircare Model-727,Beauty & Care,Haircare,Pulse,49.72,69.4,1
727,SKU-ELE-000727,Pulse Smart Home Model-728,Electronics,Smart Home,Pulse,124.51,221.63,1
728,SKU-TOY-000728,Horizon Puzzles Model-729,Toys & Games,Puzzles,Horizon,167.02,401.24,1
729,SKU-BEA-000729,Pulse Personal Care Model-730,Beauty & Care,Personal Care,Pulse,69.63,130.37,1
730,SKU-GRO-000730,Velocity Organic Foods Model-731,Grocery & Pantry,Organic Foods,Velocity,440.71,797.94,0
731,SKU-ELE-000731,Prism Smart Home Model-732,Electronics,Smart Home,Prism,271.93,380.5,1
732,SKU-SPO-000732,Titan Cycling Model-733,Sports & Outdoors,Cycling,Titan,403.22,843.88,1
733,SKU-HOM-000733,Sol Bedding Model-734,Home & Kitchen,Bedding,Sol,394.93,721.52,1
734,SKU-APP-000734,Summit Sportswear Model-735,Apparel,Sportswear,Summit,437.01,1083.99,0
735,SKU-APP-000735,Matrix Men's Clothing Model-736,Apparel,Men's Clothing,Matrix,196.73,486.28,1
736,SKU-APP-000736,Sol Sportswear Model-737,Apparel,Sportswear,Sol,169.85,271.58,1
737,SKU-AUT-000737,Lumina Oils & Fluids Model-738,Automotive,Oils & Fluids,Lumina,133.99,236.29,1
738,SKU-APP-000738,Titan Men's Clothing Model-739,Apparel,Men's Clothing,Titan,221.51,393.77,1
739,SKU-HOM-000739,Pulse Cookware Model-740,Home & Kitchen,Cookware,Pulse,168.17,309.7,1
740,SKU-GRO-000740,Lumina Condiments Model-741,Grocery & Pantry,Condiments,Lumina,292.32,561.51,1
741,SKU-TOY-000741,Lumina Outdoor Toys Model-742,Toys & Games,Outdoor Toys,Lumina,91.75,218.03,1
742,SKU-ELE-000742,Nova Laptops Model-743,Electronics,Laptops,Nova,392.82,669.7,1
743,SKU-HOM-000743,Matrix Cookware Model-744,Home & Kitchen,Cookware,Matrix,155.06,362.93,1
744,SKU-APP-000744,Echo Women's Clothing Model-745,Apparel,Women's Clothing,Echo,378.8,767.33,1
745,SKU-AUT-000745,Velocity Tools & Equipment Model-746,Automotive,Tools & Equipment,Velocity,17.03,22.02,1
746,SKU-APP-000746,Echo Men's Clothing Model-747,Apparel,Men's Clothing,Echo,190.33,322.56,1
747,SKU-APP-000747,Horizon Men's Clothing Model-748,Apparel,Men's Clothing,Horizon,328.43,763.93,1
748,SKU-BEA-000748,Matrix Fragrances Model-749,Beauty & Care,Fragrances,Matrix,206.24,442.4,1
749,SKU-TOY-000749,Summit Outdoor Toys Model-750,Toys & Games,Outdoor Toys,Summit,61.87,136.58,1
750,SKU-SPO-000750,Sol Team Sports Model-751,Sports & Outdoors,Team Sports,Sol,353.02,822.6,1
751,SKU-HOM-000751,Pulse Cookware Model-752,Home & Kitchen,Cookware,Pulse,138.49,226.54,1
752,SKU-GRO-000752,Matrix Condiments Model-753,Grocery & Pantry,Condiments,Matrix,84.18,148.06,1
753,SKU-BEA-000753,Prism Haircare Model-754,Beauty & Care,Haircare,Prism,269.19,580.3,0
754,SKU-APP-000754,Lumina Footwear Model-755,Apparel,Footwear,Lumina,178.11,388.31,1
755,SKU-AUT-000755,Apex Car Care Model-756,Automotive,Car Care,Apex,297.03,412.67,1
756,SKU-BEA-000756,Echo Haircare Model-757,Beauty & Care,Haircare,Echo,196.26,290.3,1
757,SKU-SPO-000757,Velocity Camping & Hiking Model-758,Sports & Outdoors,Camping & Hiking,Velocity,130.81,264.94,1
758,SKU-GRO-000758,Sol Beverages Model-759,Grocery & Pantry,Beverages,Sol,157.17,297.94,1
759,SKU-BEA-000759,Horizon Personal Care Model-760,Beauty & Care,Personal Care,Horizon,118.62,263.43,1
760,SKU-ELE-000760,Apex Wearables Model-761,Electronics,Wearables,Apex,326.08,811.78,1
761,SKU-HOM-000761,Lumina Small Appliances Model-762,Home & Kitchen,Small Appliances,Lumina,401.17,822.86,0
762,SKU-ELE-000762,Vortex Smart Home Model-763,Electronics,Smart Home,Vortex,352.5,805.97,1
763,SKU-HOM-000763,Vortex Cookware Model-764,Home & Kitchen,Cookware,Vortex,225.27,417.03,1
764,SKU-SPO-000764,Aura Team Sports Model-765,Sports & Outdoors,Team Sports,Aura,391.78,968.76,1
765,SKU-TOY-000765,Zenith Educational Toys Model-766,Toys & Games,Educational Toys,Zenith,377.21,713.81,1
766,SKU-TOY-000766,Apex Educational Toys Model-767,Toys & Games,Educational Toys,Apex,152.01,297.18,1
767,SKU-APP-000767,Pulse Footwear Model-768,Apparel,Footwear,Pulse,94.05,225.47,1
768,SKU-GRO-000768,Velocity Beverages Model-769,Grocery & Pantry,Beverages,Velocity,369.26,675.97,1
769,SKU-BEA-000769,Nova Fragrances Model-770,Beauty & Care,Fragrances,Nova,45.39,59.85,1
770,SKU-HOM-000770,Summit Bedding Model-771,Home & Kitchen,Bedding,Summit,324.41,436.05,1
771,SKU-TOY-000771,Nova Board Games Model-772,Toys & Games,Board Games,Nova,387.36,534.58,1
772,SKU-GRO-000772,Summit Snacks Model-773,Grocery & Pantry,Snacks,Summit,389.21,695.19,1
773,SKU-GRO-000773,Pulse Organic Foods Model-774,Grocery & Pantry,Organic Foods,Pulse,420.41,1028.43,1
774,SKU-TOY-000774,Titan Outdoor Toys Model-775,Toys & Games,Outdoor Toys,Titan,150.91,236.44,1
775,SKU-GRO-000775,Summit Canned Goods Model-776,Grocery & Pantry,Canned Goods,Summit,446.62,847.25,1
776,SKU-HOM-000776,Titan Cookware Model-777,Home & Kitchen,Cookware,Titan,230.88,416.75,1
777,SKU-AUT-000777,Sol Car Care Model-778,Automotive,Car Care,Sol,35.7,47.38,1
778,SKU-AUT-000778,Titan Interior Accessories Model-779,Automotive,Interior Accessories,Titan,302.43,690.87,1
779,SKU-HOM-000779,Apex Bedding Model-780,Home & Kitchen,Bedding,Apex,337.95,560.39,1
780,SKU-BEA-000780,Lumina Cosmetics Model-781,Beauty & Care,Cosmetics,Lumina,334.36,718.5,1
781,SKU-APP-000781,Horizon Outerwear Model-782,Apparel,Outerwear,Horizon,99.31,172.79,1
782,SKU-APP-000782,Pulse Outerwear Model-783,Apparel,Outerwear,Pulse,16.45,39.35,1
783,SKU-BEA-000783,Zenith Cosmetics Model-784,Beauty & Care,Cosmetics,Zenith,133.88,319.13,1
784,SKU-SPO-000784,Vortex Team Sports Model-785,Sports & Outdoors,Team Sports,Vortex,129.29,207.61,1
785,SKU-TOY-000785,Vortex Educational Toys Model-786,Toys & Games,Educational Toys,Vortex,10.44,18.14,1
786,SKU-BEA-000786,Summit Cosmetics Model-787,Beauty & Care,Cosmetics,Summit,225.56,329.62,1
787,SKU-AUT-000787,Horizon Oils & Fluids Model-788,Automotive,Oils & Fluids,Horizon,19.94,42.41,1
788,SKU-HOM-000788,Horizon Furniture Model-789,Home & Kitchen,Furniture,Horizon,60.29,92.59,1
789,SKU-GRO-000789,Titan Canned Goods Model-790,Grocery & Pantry,Canned Goods,Titan,335.84,612.01,1
790,SKU-ELE-000790,Apex Laptops Model-791,Electronics,Laptops,Apex,390.75,563.59,1
791,SKU-SPO-000791,Echo Cycling Model-792,Sports & Outdoors,Cycling,Echo,268.98,649.48,1
792,SKU-SPO-000792,Horizon Water Sports Model-793,Sports & Outdoors,Water Sports,Horizon,112.05,225.74,0
793,SKU-APP-000793,Summit Women's Clothing Model-794,Apparel,Women's Clothing,Summit,212.86,443.09,1
794,SKU-GRO-000794,Vortex Condiments Model-795,Grocery & Pantry,Condiments,Vortex,45.4,79.02,1
795,SKU-TOY-000795,Horizon Action Figures Model-796,Toys & Games,Action Figures,Horizon,299.87,671.19,1
796,SKU-TOY-000796,Zenith Educational Toys Model-797,Toys & Games,Educational Toys,Zenith,305.68,421.69,0
797,SKU-HOM-000797,Vortex Decor Model-798,Home & Kitchen,Decor,Vortex,65.47,149.42,1
798,SKU-BEA-000798,Titan Haircare Model-799,Beauty & Care,Haircare,Titan,123.51,255.7,1
799,SKU-GRO-000799,Prism Beverages Model-800,Grocery & Pantry,Beverages,Prism,144.11,313.58,1
800,SKU-ELE-000800,Titan Laptops Model-801,Electronics,Laptops,Titan,49.09,99.87,1
801,SKU-APP-000801,Velocity Footwear Model-802,Apparel,Footwear,Velocity,162.78,269.57,1
802,SKU-APP-000802,Summit Women's Clothing Model-803,Apparel,Women's Clothing,Summit,153.08,336.21,1
803,SKU-AUT-000803,Prism Interior Accessories Model-804,Automotive,Interior Accessories,Prism,81.33,195.39,1
804,SKU-ELE-000804,Echo Wearables Model-805,Electronics,Wearables,Echo,213.1,435.97,1
805,SKU-GRO-000805,Lumina Breakfast Model-806,Grocery & Pantry,Breakfast,Lumina,44.68,57.61,1
806,SKU-APP-000806,Nova Women's Clothing Model-807,Apparel,Women's Clothing,Nova,368.01,908.52,1
807,SKU-SPO-000807,Velocity Cycling Model-808,Sports & Outdoors,Cycling,Velocity,281.68,662.63,1
808,SKU-SPO-000808,Horizon Team Sports Model-809,Sports & Outdoors,Team Sports,Horizon,264.92,363.96,1
809,SKU-AUT-000809,Echo Car Care Model-810,Automotive,Car Care,Echo,359.55,735.39,1
810,SKU-HOM-000810,Aura Cookware Model-811,Home & Kitchen,Cookware,Aura,394.85,894.38,1
811,SKU-TOY-000811,Sol Action Figures Model-812,Toys & Games,Action Figures,Sol,90.9,133.44,1
812,SKU-GRO-000812,Titan Organic Foods Model-813,Grocery & Pantry,Organic Foods,Titan,199.01,346.33,1
813,SKU-GRO-000813,Horizon Breakfast Model-814,Grocery & Pantry,Breakfast,Horizon,250,490.14,1
814,SKU-SPO-000814,Prism Fitness Gear Model-815,Sports & Outdoors,Fitness Gear,Prism,117.03,195.95,1
815,SKU-BEA-000815,Matrix Personal Care Model-816,Beauty & Care,Personal Care,Matrix,380.62,726.69,1
816,SKU-AUT-000816,Pulse Interior Accessories Model-817,Automotive,Interior Accessories,Pulse,397.57,663,1
817,SKU-GRO-000817,Lumina Organic Foods Model-818,Grocery & Pantry,Organic Foods,Lumina,286.35,534.69,1
818,SKU-HOM-000818,Aura Small Appliances Model-819,Home & Kitchen,Small Appliances,Aura,120.88,281,1
819,SKU-ELE-000819,Titan Smart Home Model-820,Electronics,Smart Home,Titan,158.65,220.09,1
820,SKU-GRO-000820,Sol Beverages Model-821,Grocery & Pantry,Beverages,Sol,144.38,204.15,1
821,SKU-SPO-000821,Matrix Water Sports Model-822,Sports & Outdoors,Water Sports,Matrix,380.79,541.66,1
822,SKU-GRO-000822,Horizon Condiments Model-823,Grocery & Pantry,Condiments,Horizon,45.55,84.56,1
823,SKU-BEA-000823,Matrix Fragrances Model-824,Beauty & Care,Fragrances,Matrix,182.66,228.97,1
824,SKU-GRO-000824,Matrix Snacks Model-825,Grocery & Pantry,Snacks,Matrix,334.97,607.37,1
825,SKU-AUT-000825,Matrix Car Care Model-826,Automotive,Car Care,Matrix,96.07,163.99,1
826,SKU-BEA-000826,Pulse Haircare Model-827,Beauty & Care,Haircare,Pulse,128.15,291.29,1
827,SKU-HOM-000827,Titan Cookware Model-828,Home & Kitchen,Cookware,Titan,401.04,837.75,1
828,SKU-SPO-000828,Horizon Team Sports Model-829,Sports & Outdoors,Team Sports,Horizon,36.3,87.42,1
829,SKU-SPO-000829,Vortex Cycling Model-830,Sports & Outdoors,Cycling,Vortex,387.51,914.39,1
830,SKU-GRO-000830,Horizon Condiments Model-831,Grocery & Pantry,Condiments,Horizon,413.63,696.3,1
831,SKU-HOM-000831,Echo Bedding Model-832,Home & Kitchen,Bedding,Echo,406.76,738.75,1
832,SKU-HOM-000832,Prism Cookware Model-833,Home & Kitchen,Cookware,Prism,80.44,147.03,0
833,SKU-SPO-000833,Apex Camping & Hiking Model-834,Sports & Outdoors,Camping & Hiking,Apex,310.24,497.27,1
834,SKU-ELE-000834,Lumina Wearables Model-835,Electronics,Wearables,Lumina,412.13,705.85,0
835,SKU-ELE-000835,Zenith Laptops Model-836,Electronics,Laptops,Zenith,301.7,733.27,1
836,SKU-APP-000836,Zenith Men's Clothing Model-837,Apparel,Men's Clothing,Zenith,379.31,761.91,1
837,SKU-TOY-000837,Aura Outdoor Toys Model-838,Toys & Games,Outdoor Toys,Aura,407.71,530.19,0
838,SKU-GRO-000838,Sol Condiments Model-839,Grocery & Pantry,Condiments,Sol,259.45,508.59,1
839,SKU-AUT-000839,Summit Car Care Model-840,Automotive,Car Care,Summit,146.28,286.72,0
840,SKU-AUT-000840,Summit Tools & Equipment Model-841,Automotive,Tools & Equipment,Summit,306.92,439.73,0
841,SKU-GRO-000841,Pulse Snacks Model-842,Grocery & Pantry,Snacks,Pulse,223.98,509.79,1
842,SKU-AUT-000842,Sol Car Care Model-843,Automotive,Car Care,Sol,8.04,12.21,1
843,SKU-BEA-000843,Lumina Cosmetics Model-844,Beauty & Care,Cosmetics,Lumina,356.97,660.8,1
844,SKU-AUT-000844,Summit Oils & Fluids Model-845,Automotive,Oils & Fluids,Summit,246.81,557.35,1
845,SKU-GRO-000845,Prism Breakfast Model-846,Grocery & Pantry,Breakfast,Prism,356.99,766.42,1
846,SKU-HOM-000846,Summit Small Appliances Model-847,Home & Kitchen,Small Appliances,Summit,420.67,1023.96,1
847,SKU-TOY-000847,Lumina Educational Toys Model-848,Toys & Games,Educational Toys,Lumina,79,187.58,1
848,SKU-HOM-000848,Matrix Storage Model-849,Home & Kitchen,Storage,Matrix,76.97,107.21,1
849,SKU-GRO-000849,Matrix Snacks Model-850,Grocery & Pantry,Snacks,Matrix,102.48,188.87,1
850,SKU-GRO-000850,Pulse Beverages Model-851,Grocery & Pantry,Beverages,Pulse,54.21,108.56,1
851,SKU-AUT-000851,Summit Interior Accessories Model-852,Automotive,Interior Accessories,Summit,301.24,651.11,0
852,SKU-TOY-000852,Echo Outdoor Toys Model-853,Toys & Games,Outdoor Toys,Echo,42.11,92.12,1
853,SKU-SPO-000853,Pulse Team Sports Model-854,Sports & Outdoors,Team Sports,Pulse,177.81,351.45,1
854,SKU-TOY-000854,Zenith Action Figures Model-855,Toys & Games,Action Figures,Zenith,152.54,224.22,1
855,SKU-BEA-000855,Lumina Cosmetics Model-856,Beauty & Care,Cosmetics,Lumina,319.37,629.13,1
856,SKU-ELE-000856,Sol Laptops Model-857,Electronics,Laptops,Sol,335.83,442.13,1
857,SKU-BEA-000857,Summit Cosmetics Model-858,Beauty & Care,Cosmetics,Summit,286.24,682.84,1
858,SKU-AUT-000858,Horizon Oils & Fluids Model-859,Automotive,Oils & Fluids,Horizon,271.82,602.93,1
859,SKU-SPO-000859,Titan Water Sports Model-860,Sports & Outdoors,Water Sports,Titan,36.55,74.17,1
860,SKU-BEA-000860,Zenith Skincare Model-861,Beauty & Care,Skincare,Zenith,184.73,271.5,1
861,SKU-GRO-000861,Prism Organic Foods Model-862,Grocery & Pantry,Organic Foods,Prism,380.8,726.55,1
862,SKU-ELE-000862,Summit Laptops Model-863,Electronics,Laptops,Summit,142.73,255.44,1
863,SKU-APP-000863,Prism Footwear Model-864,Apparel,Footwear,Prism,25.02,59.41,1
864,SKU-BEA-000864,Aura Personal Care Model-865,Beauty & Care,Personal Care,Aura,148.97,309.64,1
865,SKU-SPO-000865,Sol Cycling Model-866,Sports & Outdoors,Cycling,Sol,99.38,168.58,1
866,SKU-GRO-000866,Summit Organic Foods Model-867,Grocery & Pantry,Organic Foods,Summit,389.35,803.05,1
867,SKU-APP-000867,Apex Women's Clothing Model-868,Apparel,Women's Clothing,Apex,115.25,278.35,1
868,SKU-ELE-000868,Nova Laptops Model-869,Electronics,Laptops,Nova,214.45,297.58,1
869,SKU-APP-000869,Aura Outerwear Model-870,Apparel,Outerwear,Aura,359.69,633.17,1
870,SKU-SPO-000870,Apex Fitness Gear Model-871,Sports & Outdoors,Fitness Gear,Apex,409.97,621.04,1
871,SKU-SPO-000871,Velocity Team Sports Model-872,Sports & Outdoors,Team Sports,Velocity,184.14,394.15,1
872,SKU-GRO-000872,Apex Snacks Model-873,Grocery & Pantry,Snacks,Apex,84.44,205.66,1
873,SKU-TOY-000873,Zenith Board Games Model-874,Toys & Games,Board Games,Zenith,22.66,39.02,0
874,SKU-GRO-000874,Horizon Beverages Model-875,Grocery & Pantry,Beverages,Horizon,365.31,697.92,1
875,SKU-AUT-000875,Prism Car Care Model-876,Automotive,Car Care,Prism,152.91,259.91,1
876,SKU-ELE-000876,Lumina Accessories Model-877,Electronics,Accessories,Lumina,148.81,313.67,0
877,SKU-ELE-000877,Summit Wearables Model-878,Electronics,Wearables,Summit,289.03,596.46,1
878,SKU-TOY-000878,Titan Puzzles Model-879,Toys & Games,Puzzles,Titan,109.44,213.27,1
879,SKU-HOM-000879,Horizon Bedding Model-880,Home & Kitchen,Bedding,Horizon,196.28,420.25,1
880,SKU-BEA-000880,Titan Fragrances Model-881,Beauty & Care,Fragrances,Titan,168.16,413.76,1
881,SKU-BEA-000881,Horizon Personal Care Model-882,Beauty & Care,Personal Care,Horizon,249.32,621.6,1
882,SKU-TOY-000882,Matrix Educational Toys Model-883,Toys & Games,Educational Toys,Matrix,240.99,600.8,1
883,SKU-TOY-000883,Titan Action Figures Model-884,Toys & Games,Action Figures,Titan,5.84,14.02,1
884,SKU-GRO-000884,Prism Breakfast Model-885,Grocery & Pantry,Breakfast,Prism,448.32,1080.98,1
885,SKU-GRO-000885,Prism Canned Goods Model-886,Grocery & Pantry,Canned Goods,Prism,339.74,696.78,1
886,SKU-TOY-000886,Matrix Outdoor Toys Model-887,Toys & Games,Outdoor Toys,Matrix,281.29,554.05,1
887,SKU-ELE-000887,Echo Smart Home Model-888,Electronics,Smart Home,Echo,204.09,394.62,1
888,SKU-APP-000888,Prism Sportswear Model-889,Apparel,Sportswear,Prism,392.08,716.31,0
889,SKU-AUT-000889,Zenith Oils & Fluids Model-890,Automotive,Oils & Fluids,Zenith,141.32,288.93,1
890,SKU-BEA-000890,Summit Personal Care Model-891,Beauty & Care,Personal Care,Summit,264.05,512.7,1
891,SKU-TOY-000891,Titan Educational Toys Model-892,Toys & Games,Educational Toys,Titan,133.25,266.87,1
892,SKU-GRO-000892,Echo Breakfast Model-893,Grocery & Pantry,Breakfast,Echo,403.7,574.05,1
893,SKU-AUT-000893,Titan Car Care Model-894,Automotive,Car Care,Titan,26.85,36.99,1
894,SKU-SPO-000894,Aura Camping & Hiking Model-895,Sports & Outdoors,Camping & Hiking,Aura,53.56,86.34,1
895,SKU-ELE-000895,Echo Wearables Model-896,Electronics,Wearables,Echo,35.04,68.24,0
896,SKU-SPO-000896,Zenith Water Sports Model-897,Sports & Outdoors,Water Sports,Zenith,47.88,94.64,1
897,SKU-BEA-000897,Aura Haircare Model-898,Beauty & Care,Haircare,Aura,208.82,329.81,1
898,SKU-ELE-000898,Aura Wearables Model-899,Electronics,Wearables,Aura,264.1,373.92,1
899,SKU-APP-000899,Prism Men's Clothing Model-900,Apparel,Men's Clothing,Prism,71.11,163.75,1
900,SKU-ELE-000900,Prism Wearables Model-901,Electronics,Wearables,Prism,71.98,121.49,1
901,SKU-TOY-000901,Prism Educational Toys Model-902,Toys & Games,Educational Toys,Prism,386.36,855.98,1
902,SKU-ELE-000902,Zenith Smart Home Model-903,Electronics,Smart Home,Zenith,267.62,356.69,1
903,SKU-APP-000903,Aura Women's Clothing Model-904,Apparel,Women's Clothing,Aura,414.03,839.46,1
904,SKU-ELE-000904,Summit Laptops Model-905,Electronics,Laptops,Summit,279.85,394.66,1
905,SKU-SPO-000905,Velocity Fitness Gear Model-906,Sports & Outdoors,Fitness Gear,Velocity,295.39,477.62,1
906,SKU-GRO-000906,Matrix Organic Foods Model-907,Grocery & Pantry,Organic Foods,Matrix,291.77,600.35,1
907,SKU-AUT-000907,Pulse Oils & Fluids Model-908,Automotive,Oils & Fluids,Pulse,434.05,547.18,1
908,SKU-TOY-000908,Matrix Outdoor Toys Model-909,Toys & Games,Outdoor Toys,Matrix,37.77,64.53,1
909,SKU-BEA-000909,Aura Skincare Model-910,Beauty & Care,Skincare,Aura,418.91,992.29,1
910,SKU-APP-000910,Pulse Sportswear Model-911,Apparel,Sportswear,Pulse,40.2,87.56,1
911,SKU-TOY-000911,Nova Action Figures Model-912,Toys & Games,Action Figures,Nova,32.32,59.88,1
912,SKU-APP-000912,Horizon Outerwear Model-913,Apparel,Outerwear,Horizon,277.32,624.2,1
913,SKU-HOM-000913,Summit Bedding Model-914,Home & Kitchen,Bedding,Summit,51.44,73.59,1
914,SKU-ELE-000914,Zenith Audio & Headphones Model-915,Electronics,Audio & Headphones,Zenith,233.21,356.3,1
915,SKU-APP-000915,Horizon Women's Clothing Model-916,Apparel,Women's Clothing,Horizon,68.77,135.06,1
916,SKU-ELE-000916,Pulse Accessories Model-917,Electronics,Accessories,Pulse,344.19,464.48,1
917,SKU-GRO-000917,Lumina Beverages Model-918,Grocery & Pantry,Beverages,Lumina,296.02,729.11,1
918,SKU-GRO-000918,Matrix Breakfast Model-919,Grocery & Pantry,Breakfast,Matrix,306.5,701.76,1
919,SKU-HOM-000919,Matrix Decor Model-920,Home & Kitchen,Decor,Matrix,77.67,101.26,1
920,SKU-APP-000920,Sol Outerwear Model-921,Apparel,Outerwear,Sol,230.89,467.79,1
921,SKU-TOY-000921,Pulse Educational Toys Model-922,Toys & Games,Educational Toys,Pulse,59.06,127.69,0
922,SKU-HOM-000922,Vortex Cookware Model-923,Home & Kitchen,Cookware,Vortex,274.64,400.71,1
923,SKU-BEA-000923,Summit Cosmetics Model-924,Beauty & Care,Cosmetics,Summit,37.21,62.11,1
924,SKU-APP-000924,Velocity Accessories Model-925,Apparel,Accessories,Velocity,99.49,220.31,1
925,SKU-BEA-000925,Nova Cosmetics Model-926,Beauty & Care,Cosmetics,Nova,145.44,314.58,1
926,SKU-ELE-000926,Echo Smartphones Model-927,Electronics,Smartphones,Echo,417.02,785.29,1
927,SKU-APP-000927,Prism Footwear Model-928,Apparel,Footwear,Prism,411.6,879.01,1
928,SKU-GRO-000928,Zenith Snacks Model-929,Grocery & Pantry,Snacks,Zenith,357.45,759.82,1
929,SKU-HOM-000929,Matrix Furniture Model-930,Home & Kitchen,Furniture,Matrix,388.14,494.65,1
930,SKU-SPO-000930,Pulse Camping & Hiking Model-931,Sports & Outdoors,Camping & Hiking,Pulse,327.07,540.98,1
931,SKU-GRO-000931,Sol Condiments Model-932,Grocery & Pantry,Condiments,Sol,48.02,90.54,1
932,SKU-APP-000932,Zenith Accessories Model-933,Apparel,Accessories,Zenith,58.54,109.53,1
933,SKU-TOY-000933,Pulse Action Figures Model-934,Toys & Games,Action Figures,Pulse,331.23,760.7,1
934,SKU-APP-000934,Prism Footwear Model-935,Apparel,Footwear,Prism,367.72,645.7,0
935,SKU-APP-000935,Summit Accessories Model-936,Apparel,Accessories,Summit,229.54,514.22,1
936,SKU-ELE-000936,Apex Laptops Model-937,Electronics,Laptops,Apex,82.31,199.84,1
937,SKU-ELE-000937,Echo Smartphones Model-938,Electronics,Smartphones,Echo,175.49,226.47,1
938,SKU-HOM-000938,Prism Cookware Model-939,Home & Kitchen,Cookware,Prism,401.21,788.86,1
939,SKU-ELE-000939,Zenith Smart Home Model-940,Electronics,Smart Home,Zenith,166.08,330.3,1
940,SKU-BEA-000940,Horizon Personal Care Model-941,Beauty & Care,Personal Care,Horizon,160.29,376.28,1
941,SKU-HOM-000941,Matrix Decor Model-942,Home & Kitchen,Decor,Matrix,368.75,626.56,1
942,SKU-AUT-000942,Aura Car Care Model-943,Automotive,Car Care,Aura,51.1,121.2,1
943,SKU-AUT-000943,Apex Oils & Fluids Model-944,Automotive,Oils & Fluids,Apex,17.67,30.48,1
944,SKU-GRO-000944,Sol Breakfast Model-945,Grocery & Pantry,Breakfast,Sol,186.68,307.84,0
945,SKU-SPO-000945,Vortex Water Sports Model-946,Sports & Outdoors,Water Sports,Vortex,441.76,802.26,1
946,SKU-SPO-000946,Vortex Water Sports Model-947,Sports & Outdoors,Water Sports,Vortex,116.43,290.83,1
947,SKU-APP-000947,Vortex Accessories Model-948,Apparel,Accessories,Vortex,84.37,201.26,1
948,SKU-ELE-000948,Matrix Audio & Headphones Model-949,Electronics,Audio & Headphones,Matrix,55.39,137.65,1
949,SKU-APP-000949,Matrix Sportswear Model-950,Apparel,Sportswear,Matrix,359.95,485.31,1
950,SKU-AUT-000950,Apex Oils & Fluids Model-951,Automotive,Oils & Fluids,Apex,396.89,680.7,1
951,SKU-AUT-000951,Apex Car Care Model-952,Automotive,Car Care,Apex,318.03,457.29,1
952,SKU-SPO-000952,Echo Team Sports Model-953,Sports & Outdoors,Team Sports,Echo,31.43,67.82,1
953,SKU-GRO-000953,Horizon Beverages Model-954,Grocery & Pantry,Beverages,Horizon,128.29,317.49,1
954,SKU-SPO-000954,Lumina Fitness Gear Model-955,Sports & Outdoors,Fitness Gear,Lumina,385.48,890.53,1
955,SKU-ELE-000955,Zenith Laptops Model-956,Electronics,Laptops,Zenith,143.48,298.39,1
956,SKU-APP-000956,Echo Footwear Model-957,Apparel,Footwear,Echo,394.86,957.27,1
957,SKU-GRO-000957,Pulse Canned Goods Model-958,Grocery & Pantry,Canned Goods,Pulse,380.1,594,1
958,SKU-BEA-000958,Echo Personal Care Model-959,Beauty & Care,Personal Care,Echo,184.13,284.63,1
959,SKU-SPO-000959,Summit Team Sports Model-960,Sports & Outdoors,Team Sports,Summit,260.49,439.79,1
960,SKU-HOM-000960,Horizon Furniture Model-961,Home & Kitchen,Furniture,Horizon,366.18,573.3,1
961,SKU-BEA-000961,Vortex Cosmetics Model-962,Beauty & Care,Cosmetics,Vortex,77.99,126.59,0
962,SKU-ELE-000962,Titan Smartphones Model-963,Electronics,Smartphones,Titan,344.92,526.86,1
963,SKU-APP-000963,Lumina Outerwear Model-964,Apparel,Outerwear,Lumina,388.53,676.21,1
964,SKU-AUT-000964,Vortex Oils & Fluids Model-965,Automotive,Oils & Fluids,Vortex,321.66,575.05,1
965,SKU-BEA-000965,Vortex Personal Care Model-966,Beauty & Care,Personal Care,Vortex,99.99,227.2,1
966,SKU-ELE-000966,Aura Wearables Model-967,Electronics,Wearables,Aura,187.03,434.11,1
967,SKU-ELE-000967,Lumina Accessories Model-968,Electronics,Accessories,Lumina,256.02,472.75,1
968,SKU-SPO-000968,Prism Team Sports Model-969,Sports & Outdoors,Team Sports,Prism,351.64,596.86,1
969,SKU-BEA-000969,Matrix Fragrances Model-970,Beauty & Care,Fragrances,Matrix,314.06,457.11,1
970,SKU-BEA-000970,Apex Personal Care Model-971,Beauty & Care,Personal Care,Apex,371.57,842.33,1
971,SKU-AUT-000971,Prism Oils & Fluids Model-972,Automotive,Oils & Fluids,Prism,283.4,397.52,1
972,SKU-AUT-000972,Zenith Tools & Equipment Model-973,Automotive,Tools & Equipment,Zenith,374.43,833.85,1
973,SKU-APP-000973,Titan Sportswear Model-974,Apparel,Sportswear,Titan,71.58,129.06,1
974,SKU-AUT-000974,Velocity Interior Accessories Model-975,Automotive,Interior Accessories,Velocity,38.46,94.12,1
975,SKU-ELE-000975,Zenith Smart Home Model-976,Electronics,Smart Home,Zenith,291,724.67,0
976,SKU-TOY-000976,Titan Outdoor Toys Model-977,Toys & Games,Outdoor Toys,Titan,155.6,356.31,1
977,SKU-HOM-000977,Velocity Small Appliances Model-978,Home & Kitchen,Small Appliances,Velocity,16.13,22.42,1
978,SKU-GRO-000978,Prism Condiments Model-979,Grocery & Pantry,Condiments,Prism,401.6,955.22,1
979,SKU-BEA-000979,Summit Personal Care Model-980,Beauty & Care,Personal Care,Summit,77.54,122.43,1
980,SKU-GRO-000980,Aura Breakfast Model-981,Grocery & Pantry,Breakfast,Aura,291.23,392.61,1
981,SKU-SPO-000981,Vortex Water Sports Model-982,Sports & Outdoors,Water Sports,Vortex,60.15,117.37,1
982,SKU-BEA-000982,Nova Fragrances Model-983,Beauty & Care,Fragrances,Nova,441.05,727.06,1
983,SKU-GRO-000983,Matrix Condiments Model-984,Grocery & Pantry,Condiments,Matrix,319.16,418.75,1
984,SKU-GRO-000984,Vortex Breakfast Model-985,Grocery & Pantry,Breakfast,Vortex,443.41,1001.31,1
985,SKU-TOY-000985,Echo Outdoor Toys Model-986,Toys & Games,Outdoor Toys,Echo,98.73,187.83,1
986,SKU-AUT-000986,Zenith Car Care Model-987,Automotive,Car Care,Zenith,99.07,131.83,1
987,SKU-GRO-000987,Aura Organic Foods Model-988,Grocery & Pantry,Organic Foods,Aura,430.58,1058.74,0
988,SKU-TOY-000988,Summit Outdoor Toys Model-989,Toys & Games,Outdoor Toys,Summit,180.25,359.53,1
989,SKU-ELE-000989,Zenith Wearables Model-990,Electronics,Wearables,Zenith,262.18,539.63,1
990,SKU-TOY-000990,Titan Puzzles Model-991,Toys & Games,Puzzles,Titan,6.32,8.2,1
991,SKU-SPO-000991,Sol Camping & Hiking Model-992,Sports & Outdoors,Camping & Hiking,Sol,298.42,472.76,1
992,SKU-APP-000992,Titan Sportswear Model-993,Apparel,Sportswear,Titan,346.07,843.72,1
993,SKU-HOM-000993,Horizon Storage Model-994,Home & Kitchen,Storage,Horizon,330.23,753.23,1
994,SKU-SPO-000994,Lumina Team Sports Model-995,Sports & Outdoors,Team Sports,Lumina,207.66,342.66,1
995,SKU-ELE-000995,Sol Audio & Headphones Model-996,Electronics,Audio & Headphones,Sol,442.14,1092.79,1
996,SKU-TOY-000996,Velocity Educational Toys Model-997,Toys & Games,Educational Toys,Velocity,109.77,270.94,0
997,SKU-SPO-000997,Apex Camping & Hiking Model-998,Sports & Outdoors,Camping & Hiking,Apex,128.56,247.82,1
998,SKU-APP-000998,Pulse Outerwear Model-999,Apparel,Outerwear,Pulse,50.03,119.9,1
999,SKU-HOM-000999,Vortex Storage Model-1000,Home & Kitchen,Storage,Vortex,364.81,777.5,1
1000,SKU-APP-001000,Matrix Sportswear Model-001,Apparel,Sportswear,Matrix,79.66,190.63,1
1001,SKU-TOY-001001,Zenith Educational Toys Model-002,Toys & Games,Educational Toys,Zenith,162.09,316.11,1
1002,SKU-TOY-001002,Pulse Puzzles Model-003,Toys & Games,Puzzles,Pulse,45.19,104.84,1
1003,SKU-TOY-001003,Titan Educational Toys Model-004,Toys & Games,Educational Toys,Titan,307.51,387.56,1
1004,SKU-APP-001004,Matrix Sportswear Model-005,Apparel,Sportswear,Matrix,305.54,485.08,1
1005,SKU-SPO-001005,Titan Cycling Model-006,Sports & Outdoors,Cycling,Titan,360.42,587.26,1
1006,SKU-BEA-001006,Matrix Cosmetics Model-007,Beauty & Care,Cosmetics,Matrix,221.02,523.34,1
1007,SKU-BEA-001007,Velocity Cosmetics Model-008,Beauty & Care,Cosmetics,Velocity,420.67,838.6,1
1008,SKU-HOM-001008,Zenith Small Appliances Model-009,Home & Kitchen,Small Appliances,Zenith,28.59,54.91,1
1009,SKU-TOY-001009,Pulse Outdoor Toys Model-010,Toys & Games,Outdoor Toys,Pulse,448.36,1017.93,1
1010,SKU-ELE-001010,Nova Accessories Model-011,Electronics,Accessories,Nova,240.41,307.31,1
1011,SKU-TOY-001011,Echo Board Games Model-012,Toys & Games,Board Games,Echo,439.61,803.66,1
1012,SKU-TOY-001012,Echo Board Games Model-013,Toys & Games,Board Games,Echo,286.61,611.24,1
1013,SKU-APP-001013,Nova Accessories Model-014,Apparel,Accessories,Nova,292.32,458.7,1
1014,SKU-GRO-001014,Sol Canned Goods Model-015,Grocery & Pantry,Canned Goods,Sol,146.13,354.17,1
1015,SKU-GRO-001015,Vortex Canned Goods Model-016,Grocery & Pantry,Canned Goods,Vortex,389.73,671.5,1
1016,SKU-ELE-001016,Apex Smart Home Model-017,Electronics,Smart Home,Apex,153.86,304.44,1
1017,SKU-SPO-001017,Matrix Team Sports Model-018,Sports & Outdoors,Team Sports,Matrix,30.9,41.84,1
1018,SKU-APP-001018,Sol Women's Clothing Model-019,Apparel,Women's Clothing,Sol,232.58,539.26,1
1019,SKU-AUT-001019,Summit Oils & Fluids Model-020,Automotive,Oils & Fluids,Summit,253.39,618.89,1
1020,SKU-SPO-001020,Aura Cycling Model-021,Sports & Outdoors,Cycling,Aura,63.15,147.58,1
1021,SKU-AUT-001021,Nova Oils & Fluids Model-022,Automotive,Oils & Fluids,Nova,78.59,174.23,1
1022,SKU-ELE-001022,Vortex Accessories Model-023,Electronics,Accessories,Vortex,252.7,486.97,1
1023,SKU-GRO-001023,Zenith Canned Goods Model-024,Grocery & Pantry,Canned Goods,Zenith,21.18,39.72,1
1024,SKU-AUT-001024,Horizon Interior Accessories Model-025,Automotive,Interior Accessories,Horizon,22.68,37.66,0
1025,SKU-BEA-001025,Titan Personal Care Model-026,Beauty & Care,Personal Care,Titan,130.58,254.07,1
1026,SKU-SPO-001026,Velocity Camping & Hiking Model-027,Sports & Outdoors,Camping & Hiking,Velocity,196.02,254.99,1
1027,SKU-TOY-001027,Lumina Outdoor Toys Model-028,Toys & Games,Outdoor Toys,Lumina,413.88,619.41,1
1028,SKU-TOY-001028,Summit Board Games Model-029,Toys & Games,Board Games,Summit,284.75,446.45,1
1029,SKU-TOY-001029,Nova Educational Toys Model-030,Toys & Games,Educational Toys,Nova,54.07,76,1
1030,SKU-BEA-001030,Echo Personal Care Model-031,Beauty & Care,Personal Care,Echo,380.82,543.09,1
1031,SKU-BEA-001031,Matrix Fragrances Model-032,Beauty & Care,Fragrances,Matrix,307.35,520.6,0
1032,SKU-ELE-001032,Summit Laptops Model-033,Electronics,Laptops,Summit,56.73,80.41,1
1033,SKU-TOY-001033,Zenith Board Games Model-034,Toys & Games,Board Games,Zenith,398.87,759.47,1
1034,SKU-AUT-001034,Velocity Interior Accessories Model-035,Automotive,Interior Accessories,Velocity,430.28,931.34,0
1035,SKU-HOM-001035,Horizon Storage Model-036,Home & Kitchen,Storage,Horizon,342.43,456.51,1
1036,SKU-HOM-001036,Lumina Furniture Model-037,Home & Kitchen,Furniture,Lumina,398.09,598.26,1
1037,SKU-TOY-001037,Nova Board Games Model-038,Toys & Games,Board Games,Nova,123.68,168.45,1
1038,SKU-APP-001038,Sol Sportswear Model-039,Apparel,Sportswear,Sol,84.98,166.69,1
1039,SKU-ELE-001039,Matrix Laptops Model-040,Electronics,Laptops,Matrix,63.19,156.02,1
1040,SKU-GRO-001040,Sol Condiments Model-041,Grocery & Pantry,Condiments,Sol,402.58,802.63,1
1041,SKU-AUT-001041,Matrix Tools & Equipment Model-042,Automotive,Tools & Equipment,Matrix,449.34,679.05,1
1042,SKU-ELE-001042,Aura Smart Home Model-043,Electronics,Smart Home,Aura,345.28,658.08,1
1043,SKU-GRO-001043,Matrix Breakfast Model-044,Grocery & Pantry,Breakfast,Matrix,216.83,476.8,1
1044,SKU-BEA-001044,Velocity Fragrances Model-045,Beauty & Care,Fragrances,Velocity,308.68,510.09,1
1045,SKU-GRO-001045,Nova Organic Foods Model-046,Grocery & Pantry,Organic Foods,Nova,279.33,668.79,1
1046,SKU-BEA-001046,Pulse Cosmetics Model-047,Beauty & Care,Cosmetics,Pulse,402.21,662.79,1
1047,SKU-APP-001047,Nova Sportswear Model-048,Apparel,Sportswear,Nova,234.63,578.59,1
1048,SKU-GRO-001048,Vortex Snacks Model-049,Grocery & Pantry,Snacks,Vortex,334,727.22,1
1049,SKU-SPO-001049,Zenith Cycling Model-050,Sports & Outdoors,Cycling,Zenith,318.16,430.91,1
1050,SKU-APP-001050,Aura Outerwear Model-051,Apparel,Outerwear,Aura,75.14,104.72,1
1051,SKU-HOM-001051,Zenith Small Appliances Model-052,Home & Kitchen,Small Appliances,Zenith,365.17,691.73,1
1052,SKU-BEA-001052,Vortex Skincare Model-053,Beauty & Care,Skincare,Vortex,205.88,404.5,1
1053,SKU-ELE-001053,Apex Smartphones Model-054,Electronics,Smartphones,Apex,229.73,484.39,1
1054,SKU-TOY-001054,Vortex Puzzles Model-055,Toys & Games,Puzzles,Vortex,296.48,708.08,1
1055,SKU-AUT-001055,Vortex Tools & Equipment Model-056,Automotive,Tools & Equipment,Vortex,22.31,38.67,1
1056,SKU-HOM-001056,Nova Furniture Model-057,Home & Kitchen,Furniture,Nova,22.03,37.43,1
1057,SKU-APP-001057,Prism Women's Clothing Model-058,Apparel,Women's Clothing,Prism,225.76,361.99,1
1058,SKU-TOY-001058,Apex Outdoor Toys Model-059,Toys & Games,Outdoor Toys,Apex,178.93,350.28,0
1059,SKU-GRO-001059,Echo Beverages Model-060,Grocery & Pantry,Beverages,Echo,104.85,154.78,1
1060,SKU-SPO-001060,Nova Fitness Gear Model-061,Sports & Outdoors,Fitness Gear,Nova,55.05,98.79,1
1061,SKU-AUT-001061,Echo Interior Accessories Model-062,Automotive,Interior Accessories,Echo,55.66,103.16,1
1062,SKU-TOY-001062,Summit Educational Toys Model-063,Toys & Games,Educational Toys,Summit,90.21,209.17,1
1063,SKU-HOM-001063,Nova Decor Model-064,Home & Kitchen,Decor,Nova,316.88,749.27,1
1064,SKU-APP-001064,Lumina Men's Clothing Model-065,Apparel,Men's Clothing,Lumina,10.46,22.58,1
1065,SKU-AUT-001065,Pulse Oils & Fluids Model-066,Automotive,Oils & Fluids,Pulse,35.29,86.14,1
1066,SKU-APP-001066,Vortex Men's Clothing Model-067,Apparel,Men's Clothing,Vortex,250.61,476.1,1
1067,SKU-ELE-001067,Aura Audio & Headphones Model-068,Electronics,Audio & Headphones,Aura,251.83,622.43,1
1068,SKU-HOM-001068,Titan Furniture Model-069,Home & Kitchen,Furniture,Titan,88.55,158.96,1
1069,SKU-AUT-001069,Echo Car Care Model-070,Automotive,Car Care,Echo,266.77,473.4,1
1070,SKU-AUT-001070,Nova Interior Accessories Model-071,Automotive,Interior Accessories,Nova,158.62,252.97,1
1071,SKU-TOY-001071,Summit Puzzles Model-072,Toys & Games,Puzzles,Summit,141.3,320.19,1
1072,SKU-SPO-001072,Vortex Camping & Hiking Model-073,Sports & Outdoors,Camping & Hiking,Vortex,222.72,436.46,1
1073,SKU-AUT-001073,Apex Car Care Model-074,Automotive,Car Care,Apex,106.41,259.18,1
1074,SKU-ELE-001074,Vortex Audio & Headphones Model-075,Electronics,Audio & Headphones,Vortex,156.58,348.39,1
1075,SKU-APP-001075,Prism Women's Clothing Model-076,Apparel,Women's Clothing,Prism,23.94,54.77,1
1076,SKU-APP-001076,Vortex Men's Clothing Model-077,Apparel,Men's Clothing,Vortex,236.69,517.74,1
1077,SKU-AUT-001077,Velocity Interior Accessories Model-078,Automotive,Interior Accessories,Velocity,165.39,354.55,1
1078,SKU-TOY-001078,Prism Action Figures Model-079,Toys & Games,Action Figures,Prism,10.44,24.77,1
1079,SKU-TOY-001079,Velocity Action Figures Model-080,Toys & Games,Action Figures,Velocity,68.43,122.34,1
1080,SKU-SPO-001080,Vortex Water Sports Model-081,Sports & Outdoors,Water Sports,Vortex,230.06,520.6,1
1081,SKU-GRO-001081,Lumina Condiments Model-082,Grocery & Pantry,Condiments,Lumina,445.67,790.24,1
1082,SKU-HOM-001082,Echo Storage Model-083,Home & Kitchen,Storage,Echo,213.27,377.67,1
1083,SKU-GRO-001083,Sol Breakfast Model-084,Grocery & Pantry,Breakfast,Sol,368.01,709.16,1
1084,SKU-SPO-001084,Summit Cycling Model-085,Sports & Outdoors,Cycling,Summit,362.3,785.39,1
1085,SKU-AUT-001085,Zenith Tools & Equipment Model-086,Automotive,Tools & Equipment,Zenith,334.54,610.07,1
1086,SKU-SPO-001086,Lumina Team Sports Model-087,Sports & Outdoors,Team Sports,Lumina,340.41,782.33,1
1087,SKU-ELE-001087,Apex Audio & Headphones Model-088,Electronics,Audio & Headphones,Apex,310.15,595.27,1
1088,SKU-ELE-001088,Aura Smartphones Model-089,Electronics,Smartphones,Aura,84.65,115.38,1
1089,SKU-TOY-001089,Prism Action Figures Model-090,Toys & Games,Action Figures,Prism,339.01,591.73,0
1090,SKU-TOY-001090,Vortex Outdoor Toys Model-091,Toys & Games,Outdoor Toys,Vortex,327.02,811.58,1
1091,SKU-HOM-001091,Zenith Decor Model-092,Home & Kitchen,Decor,Zenith,443.35,610.38,0
1092,SKU-GRO-001092,Zenith Organic Foods Model-093,Grocery & Pantry,Organic Foods,Zenith,410.3,1001.25,1
1093,SKU-ELE-001093,Titan Smartphones Model-094,Electronics,Smartphones,Titan,391.77,536.37,1
1094,SKU-GRO-001094,Echo Canned Goods Model-095,Grocery & Pantry,Canned Goods,Echo,448.16,597.55,1
1095,SKU-ELE-001095,Lumina Smart Home Model-096,Electronics,Smart Home,Lumina,167.58,237.37,1
1096,SKU-ELE-001096,Aura Laptops Model-097,Electronics,Laptops,Aura,281.3,537.46,1
1097,SKU-TOY-001097,Apex Educational Toys Model-098,Toys & Games,Educational Toys,Apex,247.01,557.35,1
1098,SKU-GRO-001098,Nova Condiments Model-099,Grocery & Pantry,Condiments,Nova,169.19,410.88,1
1099,SKU-SPO-001099,Zenith Team Sports Model-100,Sports & Outdoors,Team Sports,Zenith,284.07,389.67,1
1100,SKU-APP-001100,Matrix Sportswear Model-101,Apparel,Sportswear,Matrix,210.66,299.3,1
1101,SKU-APP-001101,Aura Men's Clothing Model-102,Apparel,Men's Clothing,Aura,372.55,678.81,1
1102,SKU-ELE-001102,Sol Audio & Headphones Model-103,Electronics,Audio & Headphones,Sol,99.5,210.82,1
1103,SKU-GRO-001103,Aura Breakfast Model-104,Grocery & Pantry,Breakfast,Aura,59.76,123.68,1
1104,SKU-ELE-001104,Echo Laptops Model-105,Electronics,Laptops,Echo,196.46,468.21,1
1105,SKU-BEA-001105,Summit Haircare Model-106,Beauty & Care,Haircare,Summit,37.95,87.49,1
1106,SKU-HOM-001106,Aura Cookware Model-107,Home & Kitchen,Cookware,Aura,26.82,46.94,0
1107,SKU-ELE-001107,Lumina Wearables Model-108,Electronics,Wearables,Lumina,361.32,843.49,1
1108,SKU-TOY-001108,Aura Outdoor Toys Model-109,Toys & Games,Outdoor Toys,Aura,411.09,1023.47,1
1109,SKU-AUT-001109,Lumina Car Care Model-110,Automotive,Car Care,Lumina,131.02,298.44,1
1110,SKU-AUT-001110,Apex Tools & Equipment Model-111,Automotive,Tools & Equipment,Apex,409.54,687.48,1
1111,SKU-AUT-001111,Matrix Oils & Fluids Model-112,Automotive,Oils & Fluids,Matrix,55.24,118.28,1
1112,SKU-ELE-001112,Aura Wearables Model-113,Electronics,Wearables,Aura,297.87,684.71,1
1113,SKU-BEA-001113,Matrix Skincare Model-114,Beauty & Care,Skincare,Matrix,223.49,475.63,1
1114,SKU-SPO-001114,Nova Team Sports Model-115,Sports & Outdoors,Team Sports,Nova,270.62,453.55,1
1115,SKU-ELE-001115,Summit Laptops Model-116,Electronics,Laptops,Summit,437.65,623.43,1
1116,SKU-APP-001116,Prism Accessories Model-117,Apparel,Accessories,Prism,374.98,769.9,1
1117,SKU-BEA-001117,Horizon Haircare Model-118,Beauty & Care,Haircare,Horizon,322.05,708.09,1
1118,SKU-ELE-001118,Lumina Smart Home Model-119,Electronics,Smart Home,Lumina,130.36,265.02,1
1119,SKU-GRO-001119,Echo Beverages Model-120,Grocery & Pantry,Beverages,Echo,99.42,190.53,1
1120,SKU-GRO-001120,Vortex Condiments Model-121,Grocery & Pantry,Condiments,Vortex,74.23,131.41,1
1121,SKU-APP-001121,Nova Footwear Model-122,Apparel,Footwear,Nova,110.05,170.23,1
1122,SKU-ELE-001122,Echo Smartphones Model-123,Electronics,Smartphones,Echo,195.28,286.22,1
1123,SKU-HOM-001123,Lumina Decor Model-124,Home & Kitchen,Decor,Lumina,331.63,538.22,1
1124,SKU-HOM-001124,Aura Furniture Model-125,Home & Kitchen,Furniture,Aura,70.01,166.77,1
1125,SKU-BEA-001125,Apex Haircare Model-126,Beauty & Care,Haircare,Apex,368.56,530.65,1
1126,SKU-GRO-001126,Horizon Organic Foods Model-127,Grocery & Pantry,Organic Foods,Horizon,119.83,227.31,1
1127,SKU-GRO-001127,Pulse Beverages Model-128,Grocery & Pantry,Beverages,Pulse,257.45,512.29,1
1128,SKU-ELE-001128,Sol Smart Home Model-129,Electronics,Smart Home,Sol,305.25,761.12,1
1129,SKU-ELE-001129,Pulse Smartphones Model-130,Electronics,Smartphones,Pulse,73.25,163.56,1
1130,SKU-ELE-001130,Zenith Smartphones Model-131,Electronics,Smartphones,Zenith,413.8,810,1
1131,SKU-GRO-001131,Summit Condiments Model-132,Grocery & Pantry,Condiments,Summit,200.33,436.46,1
1132,SKU-TOY-001132,Nova Action Figures Model-133,Toys & Games,Action Figures,Nova,172.32,310.79,1
1133,SKU-SPO-001133,Sol Fitness Gear Model-134,Sports & Outdoors,Fitness Gear,Sol,357.1,464.31,1
1134,SKU-AUT-001134,Titan Oils & Fluids Model-135,Automotive,Oils & Fluids,Titan,354.71,466.18,1
1135,SKU-BEA-001135,Zenith Personal Care Model-136,Beauty & Care,Personal Care,Zenith,31.52,44.08,1
1136,SKU-SPO-001136,Vortex Team Sports Model-137,Sports & Outdoors,Team Sports,Vortex,46.61,93.54,1
1137,SKU-APP-001137,Echo Women's Clothing Model-138,Apparel,Women's Clothing,Echo,354.12,682.81,1
1138,SKU-TOY-001138,Lumina Action Figures Model-139,Toys & Games,Action Figures,Lumina,357.05,699.01,1
1139,SKU-GRO-001139,Lumina Condiments Model-140,Grocery & Pantry,Condiments,Lumina,186.92,375.53,1
1140,SKU-APP-001140,Sol Men's Clothing Model-141,Apparel,Men's Clothing,Sol,237.26,485.99,1
1141,SKU-SPO-001141,Zenith Cycling Model-142,Sports & Outdoors,Cycling,Zenith,55,117.48,1
1142,SKU-BEA-001142,Zenith Haircare Model-143,Beauty & Care,Haircare,Zenith,88.95,143.72,1
1143,SKU-APP-001143,Nova Outerwear Model-144,Apparel,Outerwear,Nova,361.22,834.5,1
1144,SKU-APP-001144,Matrix Women's Clothing Model-145,Apparel,Women's Clothing,Matrix,57.27,92.31,1
1145,SKU-HOM-001145,Prism Storage Model-146,Home & Kitchen,Storage,Prism,351.37,540.17,1
1146,SKU-ELE-001146,Prism Laptops Model-147,Electronics,Laptops,Prism,16.53,26.44,1
1147,SKU-APP-001147,Horizon Sportswear Model-148,Apparel,Sportswear,Horizon,229.64,566.77,1
1148,SKU-APP-001148,Nova Men's Clothing Model-149,Apparel,Men's Clothing,Nova,81.76,196.92,1
1149,SKU-BEA-001149,Titan Fragrances Model-150,Beauty & Care,Fragrances,Titan,231.4,516.57,1
1150,SKU-TOY-001150,Pulse Action Figures Model-151,Toys & Games,Action Figures,Pulse,15.92,30.02,1
1151,SKU-AUT-001151,Aura Interior Accessories Model-152,Automotive,Interior Accessories,Aura,361.95,596.74,1
1152,SKU-SPO-001152,Aura Cycling Model-153,Sports & Outdoors,Cycling,Aura,208.46,494.4,1
1153,SKU-APP-001153,Horizon Accessories Model-154,Apparel,Accessories,Horizon,36.94,74.63,1
1154,SKU-GRO-001154,Sol Canned Goods Model-155,Grocery & Pantry,Canned Goods,Sol,123.03,259.59,1
1155,SKU-ELE-001155,Titan Laptops Model-156,Electronics,Laptops,Titan,333.77,537.73,1
1156,SKU-GRO-001156,Lumina Breakfast Model-157,Grocery & Pantry,Breakfast,Lumina,359.87,522.75,1
1157,SKU-HOM-001157,Aura Cookware Model-158,Home & Kitchen,Cookware,Aura,412.66,555.59,1
1158,SKU-SPO-001158,Matrix Camping & Hiking Model-159,Sports & Outdoors,Camping & Hiking,Matrix,448.41,591.72,1
1159,SKU-HOM-001159,Nova Decor Model-160,Home & Kitchen,Decor,Nova,46.4,58.07,1
1160,SKU-APP-001160,Velocity Outerwear Model-161,Apparel,Outerwear,Velocity,405.4,582.01,1
1161,SKU-TOY-001161,Velocity Educational Toys Model-162,Toys & Games,Educational Toys,Velocity,58.18,124.99,1
1162,SKU-SPO-001162,Sol Water Sports Model-163,Sports & Outdoors,Water Sports,Sol,385.84,736.33,1
1163,SKU-APP-001163,Velocity Outerwear Model-164,Apparel,Outerwear,Velocity,298.64,569.5,1
1164,SKU-TOY-001164,Prism Outdoor Toys Model-165,Toys & Games,Outdoor Toys,Prism,423.52,848.92,1
1165,SKU-GRO-001165,Apex Condiments Model-166,Grocery & Pantry,Condiments,Apex,269.76,567.59,1
1166,SKU-TOY-001166,Horizon Puzzles Model-167,Toys & Games,Puzzles,Horizon,205.08,414.09,1
1167,SKU-SPO-001167,Aura Cycling Model-168,Sports & Outdoors,Cycling,Aura,343.29,442.9,1
1168,SKU-ELE-001168,Apex Accessories Model-169,Electronics,Accessories,Apex,202.74,477.31,1
1169,SKU-AUT-001169,Zenith Oils & Fluids Model-170,Automotive,Oils & Fluids,Zenith,434.82,940,1
1170,SKU-APP-001170,Titan Footwear Model-171,Apparel,Footwear,Titan,301.34,605.24,1
1171,SKU-HOM-001171,Zenith Furniture Model-172,Home & Kitchen,Furniture,Zenith,15.12,37.3,1
1172,SKU-APP-001172,Matrix Accessories Model-173,Apparel,Accessories,Matrix,139.16,284.92,1
1173,SKU-HOM-001173,Apex Small Appliances Model-174,Home & Kitchen,Small Appliances,Apex,218.65,376.5,1
1174,SKU-HOM-001174,Apex Small Appliances Model-175,Home & Kitchen,Small Appliances,Apex,101.71,213.51,1
1175,SKU-ELE-001175,Velocity Smart Home Model-176,Electronics,Smart Home,Velocity,381.22,857.93,1
1176,SKU-TOY-001176,Prism Puzzles Model-177,Toys & Games,Puzzles,Prism,305.27,527.81,1
1177,SKU-BEA-001177,Pulse Personal Care Model-178,Beauty & Care,Personal Care,Pulse,166.98,223.55,1
1178,SKU-AUT-001178,Summit Car Care Model-179,Automotive,Car Care,Summit,161.95,243.96,1
1179,SKU-TOY-001179,Zenith Educational Toys Model-180,Toys & Games,Educational Toys,Zenith,145.52,204.17,1
1180,SKU-SPO-001180,Apex Fitness Gear Model-181,Sports & Outdoors,Fitness Gear,Apex,168.08,387.96,1
1181,SKU-APP-001181,Lumina Outerwear Model-182,Apparel,Outerwear,Lumina,131.09,237.15,0
1182,SKU-APP-001182,Aura Women's Clothing Model-183,Apparel,Women's Clothing,Aura,14.34,28.49,1
1183,SKU-AUT-001183,Prism Interior Accessories Model-184,Automotive,Interior Accessories,Prism,162.11,390.02,1
1184,SKU-HOM-001184,Titan Furniture Model-185,Home & Kitchen,Furniture,Titan,259.85,478.99,1
1185,SKU-ELE-001185,Velocity Audio & Headphones Model-186,Electronics,Audio & Headphones,Velocity,279.54,424.74,1
1186,SKU-SPO-001186,Pulse Cycling Model-187,Sports & Outdoors,Cycling,Pulse,33.74,57.34,0
1187,SKU-TOY-001187,Zenith Action Figures Model-188,Toys & Games,Action Figures,Zenith,437.45,963.8,1
1188,SKU-SPO-001188,Lumina Water Sports Model-189,Sports & Outdoors,Water Sports,Lumina,43.69,81.32,1
1189,SKU-BEA-001189,Aura Cosmetics Model-190,Beauty & Care,Cosmetics,Aura,185.01,347.57,1
1190,SKU-ELE-001190,Sol Accessories Model-191,Electronics,Accessories,Sol,173.33,334.23,1
1191,SKU-TOY-001191,Pulse Outdoor Toys Model-192,Toys & Games,Outdoor Toys,Pulse,99.39,155.96,1
1192,SKU-HOM-001192,Lumina Storage Model-193,Home & Kitchen,Storage,Lumina,30.56,49.45,1
1193,SKU-SPO-001193,Lumina Team Sports Model-194,Sports & Outdoors,Team Sports,Lumina,436.53,700.19,1
1194,SKU-SPO-001194,Apex Water Sports Model-195,Sports & Outdoors,Water Sports,Apex,89.7,157.09,1
1195,SKU-ELE-001195,Zenith Smart Home Model-196,Electronics,Smart Home,Zenith,209.47,403.38,1
1196,SKU-BEA-001196,Aura Skincare Model-197,Beauty & Care,Skincare,Aura,333.07,758.12,1
1197,SKU-ELE-001197,Aura Laptops Model-198,Electronics,Laptops,Aura,225.91,509.59,1
1198,SKU-APP-001198,Summit Footwear Model-199,Apparel,Footwear,Summit,368.74,905.11,1
1199,SKU-GRO-001199,Summit Canned Goods Model-200,Grocery & Pantry,Canned Goods,Summit,41.61,72.35,1
1200,SKU-SPO-001200,Velocity Camping & Hiking Model-201,Sports & Outdoors,Camping & Hiking,Velocity,28.8,39.35,1
1201,SKU-ELE-001201,Prism Wearables Model-202,Electronics,Wearables,Prism,282.63,680.45,1
1202,SKU-AUT-001202,Matrix Tools & Equipment Model-203,Automotive,Tools & Equipment,Matrix,445.2,584.05,1
1203,SKU-AUT-001203,Titan Interior Accessories Model-204,Automotive,Interior Accessories,Titan,398.06,902.34,1
1204,SKU-BEA-001204,Summit Cosmetics Model-205,Beauty & Care,Cosmetics,Summit,277.95,353.38,1
1205,SKU-GRO-001205,Sol Beverages Model-206,Grocery & Pantry,Beverages,Sol,245.38,333.6,1
1206,SKU-APP-001206,Horizon Sportswear Model-207,Apparel,Sportswear,Horizon,148.99,272.57,1
1207,SKU-HOM-001207,Aura Storage Model-208,Home & Kitchen,Storage,Aura,411.66,793.64,1
1208,SKU-GRO-001208,Apex Snacks Model-209,Grocery & Pantry,Snacks,Apex,27,36.05,1
1209,SKU-ELE-001209,Horizon Audio & Headphones Model-210,Electronics,Audio & Headphones,Horizon,363.63,467.21,1
1210,SKU-APP-001210,Summit Women's Clothing Model-211,Apparel,Women's Clothing,Summit,102.68,180.15,1
1211,SKU-APP-001211,Velocity Women's Clothing Model-212,Apparel,Women's Clothing,Velocity,32.34,62.65,1
1212,SKU-GRO-001212,Lumina Condiments Model-213,Grocery & Pantry,Condiments,Lumina,120.87,204.63,1
1213,SKU-AUT-001213,Horizon Car Care Model-214,Automotive,Car Care,Horizon,371.35,772.94,1
1214,SKU-BEA-001214,Sol Fragrances Model-215,Beauty & Care,Fragrances,Sol,60.66,119.05,1
1215,SKU-BEA-001215,Lumina Personal Care Model-216,Beauty & Care,Personal Care,Lumina,205.57,429.87,1
1216,SKU-AUT-001216,Summit Oils & Fluids Model-217,Automotive,Oils & Fluids,Summit,29.65,52.13,1
1217,SKU-TOY-001217,Horizon Board Games Model-218,Toys & Games,Board Games,Horizon,343.23,658.66,1
1218,SKU-APP-001218,Horizon Women's Clothing Model-219,Apparel,Women's Clothing,Horizon,25.03,32.77,1
1219,SKU-HOM-001219,Summit Small Appliances Model-220,Home & Kitchen,Small Appliances,Summit,44.7,103.52,1
1220,SKU-ELE-001220,Velocity Wearables Model-221,Electronics,Wearables,Velocity,33.7,63.19,1
1221,SKU-AUT-001221,Zenith Oils & Fluids Model-222,Automotive,Oils & Fluids,Zenith,36.91,60.37,1
1222,SKU-ELE-001222,Velocity Accessories Model-223,Electronics,Accessories,Velocity,49.02,81.13,1
1223,SKU-SPO-001223,Lumina Cycling Model-224,Sports & Outdoors,Cycling,Lumina,209.94,416.29,1
1224,SKU-HOM-001224,Summit Furniture Model-225,Home & Kitchen,Furniture,Summit,96.96,175.43,1
1225,SKU-GRO-001225,Vortex Canned Goods Model-226,Grocery & Pantry,Canned Goods,Vortex,60.48,142.93,1
1226,SKU-GRO-001226,Summit Snacks Model-227,Grocery & Pantry,Snacks,Summit,301.18,489.02,1
1227,SKU-ELE-001227,Echo Wearables Model-228,Electronics,Wearables,Echo,342.36,521.06,1
1228,SKU-AUT-001228,Vortex Tools & Equipment Model-229,Automotive,Tools & Equipment,Vortex,85.61,171.93,1
1229,SKU-ELE-001229,Vortex Smartphones Model-230,Electronics,Smartphones,Vortex,366.19,704.22,1
1230,SKU-BEA-001230,Apex Fragrances Model-231,Beauty & Care,Fragrances,Apex,402.67,563.73,1
1231,SKU-GRO-001231,Titan Canned Goods Model-232,Grocery & Pantry,Canned Goods,Titan,289.65,559.69,1
1232,SKU-AUT-001232,Matrix Oils & Fluids Model-233,Automotive,Oils & Fluids,Matrix,256.03,596.8,1
1233,SKU-GRO-001233,Prism Beverages Model-234,Grocery & Pantry,Beverages,Prism,33.2,75.78,1
1234,SKU-HOM-001234,Zenith Cookware Model-235,Home & Kitchen,Cookware,Zenith,337.03,546.77,1
1235,SKU-SPO-001235,Summit Water Sports Model-236,Sports & Outdoors,Water Sports,Summit,232.18,440.21,1
1236,SKU-ELE-001236,Velocity Smart Home Model-237,Electronics,Smart Home,Velocity,134.91,177.37,1
1237,SKU-APP-001237,Sol Accessories Model-238,Apparel,Accessories,Sol,43.24,56.72,1
1238,SKU-SPO-001238,Velocity Water Sports Model-239,Sports & Outdoors,Water Sports,Velocity,349.74,659.19,1
1239,SKU-GRO-001239,Apex Canned Goods Model-240,Grocery & Pantry,Canned Goods,Apex,218.76,360.2,1
1240,SKU-TOY-001240,Zenith Puzzles Model-241,Toys & Games,Puzzles,Zenith,120.35,194.37,0
1241,SKU-AUT-001241,Nova Tools & Equipment Model-242,Automotive,Tools & Equipment,Nova,21.71,30.79,1
1242,SKU-AUT-001242,Prism Car Care Model-243,Automotive,Car Care,Prism,210.72,431.95,1
1243,SKU-BEA-001243,Lumina Cosmetics Model-244,Beauty & Care,Cosmetics,Lumina,402.96,652.27,1
1244,SKU-GRO-001244,Echo Beverages Model-245,Grocery & Pantry,Beverages,Echo,200.12,434.15,1
1245,SKU-BEA-001245,Matrix Skincare Model-246,Beauty & Care,Skincare,Matrix,197.08,450.68,1
1246,SKU-AUT-001246,Summit Car Care Model-247,Automotive,Car Care,Summit,153.38,246.69,1
1247,SKU-TOY-001247,Prism Puzzles Model-248,Toys & Games,Puzzles,Prism,261.44,336.58,1
1248,SKU-ELE-001248,Echo Wearables Model-249,Electronics,Wearables,Echo,432.75,611.73,1
1249,SKU-HOM-001249,Prism Furniture Model-250,Home & Kitchen,Furniture,Prism,333.46,732.37,1
1250,SKU-BEA-001250,Pulse Skincare Model-251,Beauty & Care,Skincare,Pulse,161.8,225.93,1
1251,SKU-TOY-001251,Prism Puzzles Model-252,Toys & Games,Puzzles,Prism,88.66,202.22,1
1252,SKU-APP-001252,Pulse Outerwear Model-253,Apparel,Outerwear,Pulse,78.94,106.58,1
1253,SKU-GRO-001253,Lumina Condiments Model-254,Grocery & Pantry,Condiments,Lumina,262.31,506.68,1
1254,SKU-APP-001254,Matrix Women's Clothing Model-255,Apparel,Women's Clothing,Matrix,184.65,453.38,1
1255,SKU-APP-001255,Matrix Outerwear Model-256,Apparel,Outerwear,Matrix,403.79,842.37,1
1256,SKU-AUT-001256,Echo Car Care Model-257,Automotive,Car Care,Echo,411.03,743.05,1
1257,SKU-BEA-001257,Zenith Haircare Model-258,Beauty & Care,Haircare,Zenith,386.95,835.01,1
1258,SKU-TOY-001258,Lumina Puzzles Model-259,Toys & Games,Puzzles,Lumina,62.08,141.83,1
1259,SKU-BEA-001259,Lumina Skincare Model-260,Beauty & Care,Skincare,Lumina,284.97,639.32,1
1260,SKU-TOY-001260,Apex Board Games Model-261,Toys & Games,Board Games,Apex,91.7,177.17,1
1261,SKU-TOY-001261,Zenith Puzzles Model-262,Toys & Games,Puzzles,Zenith,289.13,372.98,1
1262,SKU-TOY-001262,Apex Action Figures Model-263,Toys & Games,Action Figures,Apex,265.06,533.8,1
1263,SKU-AUT-001263,Summit Interior Accessories Model-264,Automotive,Interior Accessories,Summit,227.89,320.41,1
1264,SKU-AUT-001264,Echo Oils & Fluids Model-265,Automotive,Oils & Fluids,Echo,187.25,340.31,1
1265,SKU-GRO-001265,Echo Organic Foods Model-266,Grocery & Pantry,Organic Foods,Echo,309.75,689.64,1
1266,SKU-TOY-001266,Matrix Puzzles Model-267,Toys & Games,Puzzles,Matrix,441.62,781.18,1
1267,SKU-BEA-001267,Matrix Fragrances Model-268,Beauty & Care,Fragrances,Matrix,295.58,726.47,1
1268,SKU-AUT-001268,Echo Tools & Equipment Model-269,Automotive,Tools & Equipment,Echo,71.59,106.3,1
1269,SKU-GRO-001269,Prism Organic Foods Model-270,Grocery & Pantry,Organic Foods,Prism,393.15,683.77,1
1270,SKU-TOY-001270,Lumina Outdoor Toys Model-271,Toys & Games,Outdoor Toys,Lumina,349.66,580.95,1
1271,SKU-SPO-001271,Matrix Cycling Model-272,Sports & Outdoors,Cycling,Matrix,105.86,241.74,1
1272,SKU-APP-001272,Prism Outerwear Model-273,Apparel,Outerwear,Prism,32.19,55.03,1
1273,SKU-SPO-001273,Sol Team Sports Model-274,Sports & Outdoors,Team Sports,Sol,203.7,460.02,1
1274,SKU-GRO-001274,Sol Condiments Model-275,Grocery & Pantry,Condiments,Sol,250.18,586.76,1
1275,SKU-HOM-001275,Velocity Storage Model-276,Home & Kitchen,Storage,Velocity,71.11,89.57,1
1276,SKU-TOY-001276,Aura Action Figures Model-277,Toys & Games,Action Figures,Aura,159.84,397.34,1
1277,SKU-TOY-001277,Aura Educational Toys Model-278,Toys & Games,Educational Toys,Aura,217.78,428.33,1
1278,SKU-BEA-001278,Echo Personal Care Model-279,Beauty & Care,Personal Care,Echo,400.47,931.52,1
1279,SKU-HOM-001279,Summit Bedding Model-280,Home & Kitchen,Bedding,Summit,217.33,321.98,1
1280,SKU-GRO-001280,Pulse Breakfast Model-281,Grocery & Pantry,Breakfast,Pulse,392.74,972.09,1
1281,SKU-AUT-001281,Lumina Car Care Model-282,Automotive,Car Care,Lumina,399.05,922.87,0
1282,SKU-BEA-001282,Apex Haircare Model-283,Beauty & Care,Haircare,Apex,65.26,92.24,1
1283,SKU-BEA-001283,Velocity Haircare Model-284,Beauty & Care,Haircare,Velocity,102.15,151.24,1
1284,SKU-ELE-001284,Horizon Smart Home Model-285,Electronics,Smart Home,Horizon,75.24,176.46,1
1285,SKU-AUT-001285,Pulse Interior Accessories Model-286,Automotive,Interior Accessories,Pulse,119.71,173.6,1
1286,SKU-HOM-001286,Zenith Storage Model-287,Home & Kitchen,Storage,Zenith,66.43,128.71,1
1287,SKU-APP-001287,Matrix Sportswear Model-288,Apparel,Sportswear,Matrix,11.74,28.6,1
1288,SKU-GRO-001288,Aura Beverages Model-289,Grocery & Pantry,Beverages,Aura,110.82,232.61,1
1289,SKU-APP-001289,Velocity Outerwear Model-290,Apparel,Outerwear,Velocity,327.73,695.7,1
1290,SKU-TOY-001290,Aura Puzzles Model-291,Toys & Games,Puzzles,Aura,81.45,202.29,1
1291,SKU-BEA-001291,Prism Cosmetics Model-292,Beauty & Care,Cosmetics,Prism,313.11,649.44,0
1292,SKU-GRO-001292,Nova Breakfast Model-293,Grocery & Pantry,Breakfast,Nova,424,723.64,1
1293,SKU-SPO-001293,Vortex Fitness Gear Model-294,Sports & Outdoors,Fitness Gear,Vortex,318.58,642.91,1
1294,SKU-AUT-001294,Nova Oils & Fluids Model-295,Automotive,Oils & Fluids,Nova,14.87,33.66,1
1295,SKU-GRO-001295,Apex Canned Goods Model-296,Grocery & Pantry,Canned Goods,Apex,283.61,590.25,1
1296,SKU-HOM-001296,Zenith Bedding Model-297,Home & Kitchen,Bedding,Zenith,237.21,530.56,1
1297,SKU-AUT-001297,Pulse Interior Accessories Model-298,Automotive,Interior Accessories,Pulse,299.14,647,0
1298,SKU-APP-001298,Velocity Men's Clothing Model-299,Apparel,Men's Clothing,Velocity,114.8,154.24,1
1299,SKU-BEA-001299,Nova Haircare Model-300,Beauty & Care,Haircare,Nova,7.64,12.06,1
1300,SKU-SPO-001300,Apex Team Sports Model-301,Sports & Outdoors,Team Sports,Apex,439.11,640.68,1
1301,SKU-HOM-001301,Echo Decor Model-302,Home & Kitchen,Decor,Echo,127.83,192.33,1
1302,SKU-APP-001302,Apex Accessories Model-303,Apparel,Accessories,Apex,240.98,312.26,1
1303,SKU-BEA-001303,Summit Personal Care Model-304,Beauty & Care,Personal Care,Summit,366.43,650.41,1
1304,SKU-TOY-001304,Pulse Board Games Model-305,Toys & Games,Board Games,Pulse,418.43,669.47,1
1305,SKU-TOY-001305,Matrix Action Figures Model-306,Toys & Games,Action Figures,Matrix,297.73,644.45,0
1306,SKU-ELE-001306,Zenith Smart Home Model-307,Electronics,Smart Home,Zenith,147.46,339.63,1
1307,SKU-AUT-001307,Matrix Car Care Model-308,Automotive,Car Care,Matrix,306.37,494.24,1
1308,SKU-TOY-001308,Sol Puzzles Model-309,Toys & Games,Puzzles,Sol,17.27,23.88,1
1309,SKU-ELE-001309,Pulse Laptops Model-310,Electronics,Laptops,Pulse,342.68,758.68,1
1310,SKU-TOY-001310,Lumina Outdoor Toys Model-311,Toys & Games,Outdoor Toys,Lumina,169.71,231.79,1
1311,SKU-ELE-001311,Lumina Smart Home Model-312,Electronics,Smart Home,Lumina,417.29,1022.72,1
1312,SKU-GRO-001312,Pulse Snacks Model-313,Grocery & Pantry,Snacks,Pulse,106.57,190.11,1
1313,SKU-ELE-001313,Sol Wearables Model-314,Electronics,Wearables,Sol,287.09,522.11,1
1314,SKU-AUT-001314,Aura Interior Accessories Model-315,Automotive,Interior Accessories,Aura,115.76,163.69,1
1315,SKU-BEA-001315,Pulse Fragrances Model-316,Beauty & Care,Fragrances,Pulse,370.55,632.11,1
1316,SKU-AUT-001316,Matrix Tools & Equipment Model-317,Automotive,Tools & Equipment,Matrix,400.07,512.83,1
1317,SKU-GRO-001317,Zenith Beverages Model-318,Grocery & Pantry,Beverages,Zenith,358.97,545.02,1
1318,SKU-ELE-001318,Nova Laptops Model-319,Electronics,Laptops,Nova,437.74,696.7,1
1319,SKU-AUT-001319,Matrix Interior Accessories Model-320,Automotive,Interior Accessories,Matrix,252.32,333.36,1
1320,SKU-SPO-001320,Zenith Fitness Gear Model-321,Sports & Outdoors,Fitness Gear,Zenith,115.11,220.42,1
1321,SKU-ELE-001321,Pulse Accessories Model-322,Electronics,Accessories,Pulse,303.21,449.07,1
1322,SKU-APP-001322,Apex Women's Clothing Model-323,Apparel,Women's Clothing,Apex,187.24,328.52,1
1323,SKU-SPO-001323,Zenith Cycling Model-324,Sports & Outdoors,Cycling,Zenith,19.66,41.01,1
1324,SKU-HOM-001324,Pulse Bedding Model-325,Home & Kitchen,Bedding,Pulse,321.11,666.74,0
1325,SKU-SPO-001325,Apex Fitness Gear Model-326,Sports & Outdoors,Fitness Gear,Apex,346.19,525.86,1
1326,SKU-HOM-001326,Horizon Small Appliances Model-327,Home & Kitchen,Small Appliances,Horizon,433.14,916.24,1
1327,SKU-HOM-001327,Lumina Cookware Model-328,Home & Kitchen,Cookware,Lumina,48.84,120.25,1
1328,SKU-AUT-001328,Zenith Interior Accessories Model-329,Automotive,Interior Accessories,Zenith,161.38,205.57,1
1329,SKU-HOM-001329,Aura Furniture Model-330,Home & Kitchen,Furniture,Aura,141.2,341.59,1
1330,SKU-BEA-001330,Velocity Personal Care Model-331,Beauty & Care,Personal Care,Velocity,271.32,549.16,1
1331,SKU-AUT-001331,Summit Interior Accessories Model-332,Automotive,Interior Accessories,Summit,273.07,490.27,1
1332,SKU-APP-001332,Summit Sportswear Model-333,Apparel,Sportswear,Summit,75.24,181.63,1
1333,SKU-APP-001333,Apex Accessories Model-334,Apparel,Accessories,Apex,159.33,269.48,1
1334,SKU-HOM-001334,Nova Small Appliances Model-335,Home & Kitchen,Small Appliances,Nova,135.76,252.57,1
1335,SKU-BEA-001335,Lumina Cosmetics Model-336,Beauty & Care,Cosmetics,Lumina,217.18,404.56,1
1336,SKU-AUT-001336,Titan Oils & Fluids Model-337,Automotive,Oils & Fluids,Titan,155.12,244.82,1
1337,SKU-APP-001337,Nova Sportswear Model-338,Apparel,Sportswear,Nova,59.16,97.23,1
1338,SKU-APP-001338,Vortex Sportswear Model-339,Apparel,Sportswear,Vortex,112.91,145.16,1
1339,SKU-APP-001339,Aura Sportswear Model-340,Apparel,Sportswear,Aura,203.51,297.94,1
1340,SKU-TOY-001340,Sol Board Games Model-341,Toys & Games,Board Games,Sol,87.64,116.73,1
1341,SKU-ELE-001341,Vortex Laptops Model-342,Electronics,Laptops,Vortex,32.34,76.7,1
1342,SKU-HOM-001342,Prism Furniture Model-343,Home & Kitchen,Furniture,Prism,416.76,881.49,1
1343,SKU-APP-001343,Vortex Accessories Model-344,Apparel,Accessories,Vortex,395.32,547.06,1
1344,SKU-SPO-001344,Matrix Team Sports Model-345,Sports & Outdoors,Team Sports,Matrix,380.68,814.38,1
1345,SKU-ELE-001345,Prism Smart Home Model-346,Electronics,Smart Home,Prism,237.98,571.35,1
1346,SKU-ELE-001346,Apex Smartphones Model-347,Electronics,Smartphones,Apex,275.2,378.36,1
1347,SKU-ELE-001347,Vortex Smart Home Model-348,Electronics,Smart Home,Vortex,129.6,238.25,1
1348,SKU-AUT-001348,Lumina Interior Accessories Model-349,Automotive,Interior Accessories,Lumina,231.28,510.24,1
1349,SKU-SPO-001349,Velocity Camping & Hiking Model-350,Sports & Outdoors,Camping & Hiking,Velocity,61.68,87.34,1
1350,SKU-ELE-001350,Pulse Smart Home Model-351,Electronics,Smart Home,Pulse,88.28,157.98,1
1351,SKU-ELE-001351,Pulse Audio & Headphones Model-352,Electronics,Audio & Headphones,Pulse,214.03,405.64,1
1352,SKU-SPO-001352,Nova Cycling Model-353,Sports & Outdoors,Cycling,Nova,64.5,92.07,1
1353,SKU-HOM-001353,Pulse Cookware Model-354,Home & Kitchen,Cookware,Pulse,354.27,757.48,1
1354,SKU-APP-001354,Prism Outerwear Model-355,Apparel,Outerwear,Prism,225.77,372.66,1
1355,SKU-GRO-001355,Prism Organic Foods Model-356,Grocery & Pantry,Organic Foods,Prism,217.86,313.98,1
1356,SKU-TOY-001356,Nova Action Figures Model-357,Toys & Games,Action Figures,Nova,352.8,815,1
1357,SKU-TOY-001357,Echo Action Figures Model-358,Toys & Games,Action Figures,Echo,289.18,383.71,1
1358,SKU-ELE-001358,Pulse Laptops Model-359,Electronics,Laptops,Pulse,422.82,642.43,1
1359,SKU-SPO-001359,Horizon Team Sports Model-360,Sports & Outdoors,Team Sports,Horizon,145.93,343.06,1
1360,SKU-APP-001360,Lumina Accessories Model-361,Apparel,Accessories,Lumina,186.02,285.9,1
1361,SKU-TOY-001361,Horizon Outdoor Toys Model-362,Toys & Games,Outdoor Toys,Horizon,313.91,586.91,1
1362,SKU-GRO-001362,Summit Canned Goods Model-363,Grocery & Pantry,Canned Goods,Summit,263.82,644.07,1
1363,SKU-TOY-001363,Pulse Outdoor Toys Model-364,Toys & Games,Outdoor Toys,Pulse,197.58,389.35,1
1364,SKU-BEA-001364,Summit Fragrances Model-365,Beauty & Care,Fragrances,Summit,391.45,593.63,1
1365,SKU-BEA-001365,Sol Cosmetics Model-366,Beauty & Care,Cosmetics,Sol,136.57,309.48,1
1366,SKU-SPO-001366,Summit Water Sports Model-367,Sports & Outdoors,Water Sports,Summit,189.28,416.48,1
1367,SKU-TOY-001367,Velocity Action Figures Model-368,Toys & Games,Action Figures,Velocity,363.11,806.39,1
1368,SKU-SPO-001368,Prism Camping & Hiking Model-369,Sports & Outdoors,Camping & Hiking,Prism,9.91,19.26,1
1369,SKU-GRO-001369,Pulse Beverages Model-370,Grocery & Pantry,Beverages,Pulse,275.41,473.49,1
1370,SKU-HOM-001370,Zenith Storage Model-371,Home & Kitchen,Storage,Zenith,317.37,660.28,1
1371,SKU-APP-001371,Apex Outerwear Model-372,Apparel,Outerwear,Apex,213.73,440.54,1
1372,SKU-HOM-001372,Sol Bedding Model-373,Home & Kitchen,Bedding,Sol,114.95,213.2,1
1373,SKU-HOM-001373,Aura Decor Model-374,Home & Kitchen,Decor,Aura,164.56,348.74,0
1374,SKU-SPO-001374,Summit Cycling Model-375,Sports & Outdoors,Cycling,Summit,85.71,187.62,1
1375,SKU-SPO-001375,Pulse Water Sports Model-376,Sports & Outdoors,Water Sports,Pulse,332.27,438.15,1
1376,SKU-ELE-001376,Vortex Wearables Model-377,Electronics,Wearables,Vortex,190.01,286.69,1
1377,SKU-TOY-001377,Echo Action Figures Model-378,Toys & Games,Action Figures,Echo,243.99,369.61,1
1378,SKU-BEA-001378,Lumina Fragrances Model-379,Beauty & Care,Fragrances,Lumina,91.45,134.21,1
1379,SKU-SPO-001379,Aura Camping & Hiking Model-380,Sports & Outdoors,Camping & Hiking,Aura,94.9,198.28,1
1380,SKU-APP-001380,Zenith Accessories Model-381,Apparel,Accessories,Zenith,38.17,51.73,1
1381,SKU-AUT-001381,Horizon Interior Accessories Model-382,Automotive,Interior Accessories,Horizon,186.81,344.58,1
1382,SKU-APP-001382,Matrix Men's Clothing Model-383,Apparel,Men's Clothing,Matrix,126.77,262.94,0
1383,SKU-ELE-001383,Echo Accessories Model-384,Electronics,Accessories,Echo,189.05,406.43,1
1384,SKU-HOM-001384,Summit Cookware Model-385,Home & Kitchen,Cookware,Summit,309.75,391.52,1
1385,SKU-HOM-001385,Pulse Storage Model-386,Home & Kitchen,Storage,Pulse,283.69,702.34,1
1386,SKU-HOM-001386,Apex Decor Model-387,Home & Kitchen,Decor,Apex,430.77,544.83,1
1387,SKU-HOM-001387,Vortex Furniture Model-388,Home & Kitchen,Furniture,Vortex,372.94,820.82,1
1388,SKU-GRO-001388,Horizon Snacks Model-389,Grocery & Pantry,Snacks,Horizon,77.82,163.91,1
1389,SKU-BEA-001389,Nova Skincare Model-390,Beauty & Care,Skincare,Nova,81.14,201.44,1
1390,SKU-TOY-001390,Echo Educational Toys Model-391,Toys & Games,Educational Toys,Echo,29.33,57.53,1
1391,SKU-GRO-001391,Pulse Condiments Model-392,Grocery & Pantry,Condiments,Pulse,180.26,252.63,1
1392,SKU-HOM-001392,Vortex Small Appliances Model-393,Home & Kitchen,Small Appliances,Vortex,262.89,604.57,1
1393,SKU-BEA-001393,Matrix Fragrances Model-394,Beauty & Care,Fragrances,Matrix,256.55,623.31,1
1394,SKU-APP-001394,Sol Men's Clothing Model-395,Apparel,Men's Clothing,Sol,306.76,597.79,1
1395,SKU-APP-001395,Matrix Accessories Model-396,Apparel,Accessories,Matrix,343.48,604.31,1
1396,SKU-APP-001396,Matrix Footwear Model-397,Apparel,Footwear,Matrix,317.58,718.97,0
1397,SKU-GRO-001397,Echo Breakfast Model-398,Grocery & Pantry,Breakfast,Echo,441.58,769.65,1
1398,SKU-BEA-001398,Horizon Skincare Model-399,Beauty & Care,Skincare,Horizon,106.15,209.96,1
1399,SKU-BEA-001399,Apex Cosmetics Model-400,Beauty & Care,Cosmetics,Apex,232.93,566.01,1
1400,SKU-GRO-001400,Titan Condiments Model-401,Grocery & Pantry,Condiments,Titan,137.18,240.63,1
1401,SKU-TOY-001401,Echo Outdoor Toys Model-402,Toys & Games,Outdoor Toys,Echo,195.27,403.63,1
1402,SKU-GRO-001402,Echo Breakfast Model-403,Grocery & Pantry,Breakfast,Echo,172.39,335.16,1
1403,SKU-GRO-001403,Matrix Breakfast Model-404,Grocery & Pantry,Breakfast,Matrix,137.87,302.49,1
1404,SKU-ELE-001404,Aura Laptops Model-405,Electronics,Laptops,Aura,104.37,166.23,1
1405,SKU-BEA-001405,Summit Skincare Model-406,Beauty & Care,Skincare,Summit,289.83,588.1,1
1406,SKU-APP-001406,Pulse Women's Clothing Model-407,Apparel,Women's Clothing,Pulse,170.24,373.63,1
1407,SKU-BEA-001407,Sol Cosmetics Model-408,Beauty & Care,Cosmetics,Sol,156.53,363.06,1
1408,SKU-TOY-001408,Lumina Educational Toys Model-409,Toys & Games,Educational Toys,Lumina,334.62,758.3,1
1409,SKU-HOM-001409,Titan Storage Model-410,Home & Kitchen,Storage,Titan,438.23,625.14,1
1410,SKU-HOM-001410,Aura Furniture Model-411,Home & Kitchen,Furniture,Aura,129.9,286.36,1
1411,SKU-SPO-001411,Titan Camping & Hiking Model-412,Sports & Outdoors,Camping & Hiking,Titan,296,536.21,1
1412,SKU-APP-001412,Summit Accessories Model-413,Apparel,Accessories,Summit,224.83,407.82,1
1413,SKU-HOM-001413,Horizon Bedding Model-414,Home & Kitchen,Bedding,Horizon,150.92,357.73,1
1414,SKU-AUT-001414,Aura Interior Accessories Model-415,Automotive,Interior Accessories,Aura,356.84,716.07,1
1415,SKU-BEA-001415,Nova Cosmetics Model-416,Beauty & Care,Cosmetics,Nova,14.34,20.7,1
1416,SKU-ELE-001416,Zenith Smart Home Model-417,Electronics,Smart Home,Zenith,159.95,292.53,1
1417,SKU-HOM-001417,Summit Decor Model-418,Home & Kitchen,Decor,Summit,432.54,920,1
1418,SKU-AUT-001418,Titan Interior Accessories Model-419,Automotive,Interior Accessories,Titan,253.37,507.88,1
1419,SKU-SPO-001419,Apex Cycling Model-420,Sports & Outdoors,Cycling,Apex,203.76,360.48,0
1420,SKU-TOY-001420,Matrix Educational Toys Model-421,Toys & Games,Educational Toys,Matrix,348.73,449.19,1
1421,SKU-SPO-001421,Matrix Cycling Model-422,Sports & Outdoors,Cycling,Matrix,296.95,713.07,1
1422,SKU-TOY-001422,Matrix Puzzles Model-423,Toys & Games,Puzzles,Matrix,372.12,907.01,1
1423,SKU-SPO-001423,Apex Water Sports Model-424,Sports & Outdoors,Water Sports,Apex,109.31,215.07,1
1424,SKU-TOY-001424,Velocity Action Figures Model-425,Toys & Games,Action Figures,Velocity,286.71,400,1
1425,SKU-APP-001425,Nova Outerwear Model-426,Apparel,Outerwear,Nova,93.83,158.14,1
1426,SKU-APP-001426,Prism Men's Clothing Model-427,Apparel,Men's Clothing,Prism,316.91,708.5,1
1427,SKU-GRO-001427,Lumina Breakfast Model-428,Grocery & Pantry,Breakfast,Lumina,300,630.95,1
1428,SKU-HOM-001428,Pulse Decor Model-429,Home & Kitchen,Decor,Pulse,346.79,456.52,1
1429,SKU-BEA-001429,Aura Cosmetics Model-430,Beauty & Care,Cosmetics,Aura,388.32,857.27,1
1430,SKU-BEA-001430,Velocity Cosmetics Model-431,Beauty & Care,Cosmetics,Velocity,403.64,954.75,1
1431,SKU-TOY-001431,Echo Educational Toys Model-432,Toys & Games,Educational Toys,Echo,83.89,137.21,1
1432,SKU-APP-001432,Aura Sportswear Model-433,Apparel,Sportswear,Aura,348.72,446.13,1
1433,SKU-AUT-001433,Lumina Tools & Equipment Model-434,Automotive,Tools & Equipment,Lumina,15.85,27.37,1
1434,SKU-AUT-001434,Titan Oils & Fluids Model-435,Automotive,Oils & Fluids,Titan,96.89,133.32,1
1435,SKU-HOM-001435,Prism Storage Model-436,Home & Kitchen,Storage,Prism,246.91,423.89,1
1436,SKU-APP-001436,Pulse Men's Clothing Model-437,Apparel,Men's Clothing,Pulse,360.03,724.59,1
1437,SKU-BEA-001437,Matrix Skincare Model-438,Beauty & Care,Skincare,Matrix,109.47,156.59,1
1438,SKU-AUT-001438,Zenith Car Care Model-439,Automotive,Car Care,Zenith,40.36,92.81,1
1439,SKU-BEA-001439,Lumina Cosmetics Model-440,Beauty & Care,Cosmetics,Lumina,195.35,273.8,1
1440,SKU-GRO-001440,Prism Condiments Model-441,Grocery & Pantry,Condiments,Prism,360.96,616.19,1
1441,SKU-APP-001441,Matrix Women's Clothing Model-442,Apparel,Women's Clothing,Matrix,149.26,349.47,1
1442,SKU-TOY-001442,Apex Board Games Model-443,Toys & Games,Board Games,Apex,52.95,77.75,1
1443,SKU-AUT-001443,Prism Car Care Model-444,Automotive,Car Care,Prism,199.13,254.45,1
1444,SKU-TOY-001444,Prism Outdoor Toys Model-445,Toys & Games,Outdoor Toys,Prism,384.08,660.94,1
1445,SKU-APP-001445,Pulse Footwear Model-446,Apparel,Footwear,Pulse,291.64,529.31,1
1446,SKU-AUT-001446,Vortex Tools & Equipment Model-447,Automotive,Tools & Equipment,Vortex,349.62,806.88,1
1447,SKU-HOM-001447,Prism Storage Model-448,Home & Kitchen,Storage,Prism,105.49,215.26,1
1448,SKU-ELE-001448,Lumina Laptops Model-449,Electronics,Laptops,Lumina,200.89,474.66,1
1449,SKU-ELE-001449,Apex Smart Home Model-450,Electronics,Smart Home,Apex,343.04,466.79,1
1450,SKU-HOM-001450,Prism Decor Model-451,Home & Kitchen,Decor,Prism,426.97,620.79,1
1451,SKU-HOM-001451,Aura Furniture Model-452,Home & Kitchen,Furniture,Aura,166.17,397.22,1
1452,SKU-AUT-001452,Echo Oils & Fluids Model-453,Automotive,Oils & Fluids,Echo,177.62,229.86,1
1453,SKU-SPO-001453,Echo Water Sports Model-454,Sports & Outdoors,Water Sports,Echo,189.23,399.2,1
1454,SKU-GRO-001454,Apex Canned Goods Model-455,Grocery & Pantry,Canned Goods,Apex,24.39,31.98,1
1455,SKU-APP-001455,Vortex Footwear Model-456,Apparel,Footwear,Vortex,416.99,979.98,1
1456,SKU-BEA-001456,Velocity Fragrances Model-457,Beauty & Care,Fragrances,Velocity,124.43,296.08,1
1457,SKU-TOY-001457,Summit Educational Toys Model-458,Toys & Games,Educational Toys,Summit,11.55,28.79,0
1458,SKU-ELE-001458,Zenith Wearables Model-459,Electronics,Wearables,Zenith,211.63,353.76,1
1459,SKU-GRO-001459,Pulse Canned Goods Model-460,Grocery & Pantry,Canned Goods,Pulse,274.33,535.44,1
1460,SKU-TOY-001460,Prism Educational Toys Model-461,Toys & Games,Educational Toys,Prism,88.84,205.08,1
1461,SKU-ELE-001461,Summit Wearables Model-462,Electronics,Wearables,Summit,47.38,97.12,1
1462,SKU-AUT-001462,Apex Interior Accessories Model-463,Automotive,Interior Accessories,Apex,55.24,120.6,1
1463,SKU-BEA-001463,Prism Cosmetics Model-464,Beauty & Care,Cosmetics,Prism,302.78,382.09,1
1464,SKU-HOM-001464,Echo Small Appliances Model-465,Home & Kitchen,Small Appliances,Echo,445.94,710.16,0
1465,SKU-BEA-001465,Vortex Cosmetics Model-466,Beauty & Care,Cosmetics,Vortex,430.68,948.16,1
1466,SKU-SPO-001466,Summit Fitness Gear Model-467,Sports & Outdoors,Fitness Gear,Summit,449.75,960.05,1
1467,SKU-AUT-001467,Sol Interior Accessories Model-468,Automotive,Interior Accessories,Sol,258.59,408.74,1
1468,SKU-TOY-001468,Titan Action Figures Model-469,Toys & Games,Action Figures,Titan,428.34,778.11,1
1469,SKU-GRO-001469,Summit Canned Goods Model-470,Grocery & Pantry,Canned Goods,Summit,359.96,635.76,1
1470,SKU-TOY-001470,Nova Educational Toys Model-471,Toys & Games,Educational Toys,Nova,376.45,904.77,1
1471,SKU-SPO-001471,Horizon Fitness Gear Model-472,Sports & Outdoors,Fitness Gear,Horizon,197.12,262.18,1
1472,SKU-ELE-001472,Horizon Smart Home Model-473,Electronics,Smart Home,Horizon,106.15,175.25,1
1473,SKU-BEA-001473,Titan Skincare Model-474,Beauty & Care,Skincare,Titan,419.01,525.63,1
1474,SKU-HOM-001474,Vortex Storage Model-475,Home & Kitchen,Storage,Vortex,125.53,241.71,1
1475,SKU-AUT-001475,Vortex Tools & Equipment Model-476,Automotive,Tools & Equipment,Vortex,23.23,38.39,1
1476,SKU-ELE-001476,Pulse Smartphones Model-477,Electronics,Smartphones,Pulse,141.11,344.87,1
1477,SKU-APP-001477,Aura Accessories Model-478,Apparel,Accessories,Aura,269.62,428.27,1
1478,SKU-BEA-001478,Sol Skincare Model-479,Beauty & Care,Skincare,Sol,80.41,101.42,1
1479,SKU-GRO-001479,Apex Organic Foods Model-480,Grocery & Pantry,Organic Foods,Apex,181.98,246.08,1
1480,SKU-SPO-001480,Matrix Water Sports Model-481,Sports & Outdoors,Water Sports,Matrix,351.46,476.45,1
1481,SKU-BEA-001481,Prism Cosmetics Model-482,Beauty & Care,Cosmetics,Prism,320.11,577.06,1
1482,SKU-TOY-001482,Matrix Board Games Model-483,Toys & Games,Board Games,Matrix,311.58,707.13,1
1483,SKU-APP-001483,Matrix Accessories Model-484,Apparel,Accessories,Matrix,225.45,385.97,1
1484,SKU-ELE-001484,Sol Accessories Model-485,Electronics,Accessories,Sol,330.98,616.87,1
1485,SKU-SPO-001485,Titan Water Sports Model-486,Sports & Outdoors,Water Sports,Titan,90.79,131.38,1
1486,SKU-SPO-001486,Nova Camping & Hiking Model-487,Sports & Outdoors,Camping & Hiking,Nova,197.18,397.45,1
1487,SKU-HOM-001487,Nova Storage Model-488,Home & Kitchen,Storage,Nova,337.8,514.49,1
1488,SKU-GRO-001488,Echo Breakfast Model-489,Grocery & Pantry,Breakfast,Echo,149.52,268.91,1
1489,SKU-SPO-001489,Zenith Team Sports Model-490,Sports & Outdoors,Team Sports,Zenith,125.64,295.06,1
1490,SKU-ELE-001490,Velocity Smart Home Model-491,Electronics,Smart Home,Velocity,195.43,362.37,1
1491,SKU-ELE-001491,Velocity Audio & Headphones Model-492,Electronics,Audio & Headphones,Velocity,317.04,563.72,1
1492,SKU-AUT-001492,Sol Oils & Fluids Model-493,Automotive,Oils & Fluids,Sol,229.31,413.16,1
1493,SKU-ELE-001493,Horizon Laptops Model-494,Electronics,Laptops,Horizon,259.12,627.15,1
1494,SKU-GRO-001494,Prism Organic Foods Model-495,Grocery & Pantry,Organic Foods,Prism,69.15,154.26,1
1495,SKU-TOY-001495,Nova Puzzles Model-496,Toys & Games,Puzzles,Nova,315.37,599.39,1
1496,SKU-BEA-001496,Lumina Cosmetics Model-497,Beauty & Care,Cosmetics,Lumina,63.71,157.16,1
1497,SKU-GRO-001497,Titan Canned Goods Model-498,Grocery & Pantry,Canned Goods,Titan,389.27,553.37,1
1498,SKU-TOY-001498,Zenith Outdoor Toys Model-499,Toys & Games,Outdoor Toys,Zenith,117.96,156.45,0
1499,SKU-AUT-001499,Summit Interior Accessories Model-500,Automotive,Interior Accessories,Summit,347.91,532.83,1
1500,SKU-ELE-001500,Prism Laptops Model-501,Electronics,Laptops,Prism,28.17,52.19,1
1501,SKU-ELE-001501,Matrix Smart Home Model-502,Electronics,Smart Home,Matrix,100.06,228.88,1
1502,SKU-SPO-001502,Prism Fitness Gear Model-503,Sports & Outdoors,Fitness Gear,Prism,175.13,334,1
1503,SKU-ELE-001503,Zenith Laptops Model-504,Electronics,Laptops,Zenith,15.65,32.64,1
1504,SKU-ELE-001504,Pulse Laptops Model-505,Electronics,Laptops,Pulse,359.22,456.01,1
1505,SKU-HOM-001505,Aura Small Appliances Model-506,Home & Kitchen,Small Appliances,Aura,10.27,16.57,1
1506,SKU-GRO-001506,Vortex Breakfast Model-507,Grocery & Pantry,Breakfast,Vortex,387,693.34,1
1507,SKU-APP-001507,Pulse Outerwear Model-508,Apparel,Outerwear,Pulse,104.75,181.22,1
1508,SKU-AUT-001508,Matrix Oils & Fluids Model-509,Automotive,Oils & Fluids,Matrix,391.39,580.55,1
1509,SKU-AUT-001509,Horizon Car Care Model-510,Automotive,Car Care,Horizon,182.92,360.91,1
1510,SKU-ELE-001510,Pulse Wearables Model-511,Electronics,Wearables,Pulse,442.68,1075.35,1
1511,SKU-AUT-001511,Vortex Interior Accessories Model-512,Automotive,Interior Accessories,Vortex,325.44,473.77,0
1512,SKU-APP-001512,Matrix Footwear Model-513,Apparel,Footwear,Matrix,123.46,158.78,1
1513,SKU-BEA-001513,Titan Cosmetics Model-514,Beauty & Care,Cosmetics,Titan,236.45,425.23,1
1514,SKU-GRO-001514,Aura Breakfast Model-515,Grocery & Pantry,Breakfast,Aura,263.58,502.43,1
1515,SKU-BEA-001515,Zenith Haircare Model-516,Beauty & Care,Haircare,Zenith,370.53,570.82,1
1516,SKU-TOY-001516,Echo Outdoor Toys Model-517,Toys & Games,Outdoor Toys,Echo,344.06,493.84,1
1517,SKU-ELE-001517,Titan Smartphones Model-518,Electronics,Smartphones,Titan,418.13,759.12,1
1518,SKU-ELE-001518,Prism Accessories Model-519,Electronics,Accessories,Prism,195.56,356.1,1
1519,SKU-GRO-001519,Zenith Organic Foods Model-520,Grocery & Pantry,Organic Foods,Zenith,76.55,103.85,1
1520,SKU-BEA-001520,Titan Fragrances Model-521,Beauty & Care,Fragrances,Titan,283.46,404.33,1
1521,SKU-ELE-001521,Summit Smart Home Model-522,Electronics,Smart Home,Summit,374.9,510.42,1
1522,SKU-AUT-001522,Lumina Oils & Fluids Model-523,Automotive,Oils & Fluids,Lumina,402.96,613.27,1
1523,SKU-ELE-001523,Zenith Smart Home Model-524,Electronics,Smart Home,Zenith,258.52,607.89,1
1524,SKU-SPO-001524,Prism Cycling Model-525,Sports & Outdoors,Cycling,Prism,357.61,470.8,1
1525,SKU-HOM-001525,Prism Small Appliances Model-526,Home & Kitchen,Small Appliances,Prism,119.15,223.56,1
1526,SKU-TOY-001526,Zenith Action Figures Model-527,Toys & Games,Action Figures,Zenith,46.26,107.44,1
1527,SKU-AUT-001527,Lumina Oils & Fluids Model-528,Automotive,Oils & Fluids,Lumina,319.05,489.76,1
1528,SKU-SPO-001528,Prism Water Sports Model-529,Sports & Outdoors,Water Sports,Prism,272.86,659.26,1
1529,SKU-AUT-001529,Prism Tools & Equipment Model-530,Automotive,Tools & Equipment,Prism,96.97,138.87,1
1530,SKU-BEA-001530,Prism Fragrances Model-531,Beauty & Care,Fragrances,Prism,34.15,55.23,1
1531,SKU-GRO-001531,Vortex Condiments Model-532,Grocery & Pantry,Condiments,Vortex,68.14,87.49,1
1532,SKU-SPO-001532,Apex Water Sports Model-533,Sports & Outdoors,Water Sports,Apex,43,67.93,1
1533,SKU-HOM-001533,Vortex Furniture Model-534,Home & Kitchen,Furniture,Vortex,280.62,558.24,1
1534,SKU-BEA-001534,Summit Personal Care Model-535,Beauty & Care,Personal Care,Summit,175.05,412.93,1
1535,SKU-BEA-001535,Apex Cosmetics Model-536,Beauty & Care,Cosmetics,Apex,410.08,901.89,1
1536,SKU-SPO-001536,Vortex Camping & Hiking Model-537,Sports & Outdoors,Camping & Hiking,Vortex,188.32,335.9,1
1537,SKU-ELE-001537,Velocity Laptops Model-538,Electronics,Laptops,Velocity,201.18,493.79,1
1538,SKU-HOM-001538,Sol Small Appliances Model-539,Home & Kitchen,Small Appliances,Sol,263.45,639.66,1
1539,SKU-TOY-001539,Zenith Board Games Model-540,Toys & Games,Board Games,Zenith,216.56,514.34,1
1540,SKU-BEA-001540,Apex Haircare Model-541,Beauty & Care,Haircare,Apex,442.27,665.65,0
1541,SKU-ELE-001541,Apex Laptops Model-542,Electronics,Laptops,Apex,101.79,233.51,1
1542,SKU-ELE-001542,Zenith Smartphones Model-543,Electronics,Smartphones,Zenith,210.86,352.93,1
1543,SKU-TOY-001543,Aura Puzzles Model-544,Toys & Games,Puzzles,Aura,203.95,502.18,1
1544,SKU-APP-001544,Horizon Accessories Model-545,Apparel,Accessories,Horizon,386.59,828.68,1
1545,SKU-GRO-001545,Echo Canned Goods Model-546,Grocery & Pantry,Canned Goods,Echo,335.64,486.48,1
1546,SKU-APP-001546,Summit Sportswear Model-547,Apparel,Sportswear,Summit,47.61,67.32,1
1547,SKU-GRO-001547,Horizon Canned Goods Model-548,Grocery & Pantry,Canned Goods,Horizon,131.16,227.44,1
1548,SKU-ELE-001548,Summit Audio & Headphones Model-549,Electronics,Audio & Headphones,Summit,315.52,414.2,1
1549,SKU-APP-001549,Matrix Accessories Model-550,Apparel,Accessories,Matrix,75.72,156.34,1
1550,SKU-APP-001550,Apex Sportswear Model-551,Apparel,Sportswear,Apex,351.71,597.62,1
1551,SKU-HOM-001551,Prism Decor Model-552,Home & Kitchen,Decor,Prism,173.12,421.95,1
1552,SKU-ELE-001552,Echo Wearables Model-553,Electronics,Wearables,Echo,389.68,511.93,1
1553,SKU-SPO-001553,Horizon Camping & Hiking Model-554,Sports & Outdoors,Camping & Hiking,Horizon,269.57,502.59,1
1554,SKU-TOY-001554,Echo Educational Toys Model-555,Toys & Games,Educational Toys,Echo,407.93,888.24,1
1555,SKU-SPO-001555,Nova Cycling Model-556,Sports & Outdoors,Cycling,Nova,26.22,51.46,1
1556,SKU-TOY-001556,Velocity Outdoor Toys Model-557,Toys & Games,Outdoor Toys,Velocity,404.19,685.17,1
1557,SKU-AUT-001557,Velocity Interior Accessories Model-558,Automotive,Interior Accessories,Velocity,32.41,76.44,1
1558,SKU-AUT-001558,Vortex Car Care Model-559,Automotive,Car Care,Vortex,289.01,617.6,1
1559,SKU-TOY-001559,Prism Action Figures Model-560,Toys & Games,Action Figures,Prism,438.31,838.41,1
1560,SKU-AUT-001560,Nova Car Care Model-561,Automotive,Car Care,Nova,356.81,606.43,1
1561,SKU-SPO-001561,Apex Fitness Gear Model-562,Sports & Outdoors,Fitness Gear,Apex,355.55,706.09,1
1562,SKU-AUT-001562,Titan Car Care Model-563,Automotive,Car Care,Titan,15.06,35.71,1
1563,SKU-SPO-001563,Apex Team Sports Model-564,Sports & Outdoors,Team Sports,Apex,135.32,237.92,1
1564,SKU-TOY-001564,Prism Board Games Model-565,Toys & Games,Board Games,Prism,101.51,170.78,1
1565,SKU-BEA-001565,Horizon Haircare Model-566,Beauty & Care,Haircare,Horizon,192.53,373.01,1
1566,SKU-HOM-001566,Vortex Cookware Model-567,Home & Kitchen,Cookware,Vortex,40.32,78.89,1
1567,SKU-AUT-001567,Lumina Tools & Equipment Model-568,Automotive,Tools & Equipment,Lumina,10.67,14.13,1
1568,SKU-ELE-001568,Velocity Smart Home Model-569,Electronics,Smart Home,Velocity,318.27,680.72,1
1569,SKU-ELE-001569,Horizon Laptops Model-570,Electronics,Laptops,Horizon,175.83,357.25,1
1570,SKU-SPO-001570,Matrix Team Sports Model-571,Sports & Outdoors,Team Sports,Matrix,7.12,14.82,1
1571,SKU-TOY-001571,Aura Board Games Model-572,Toys & Games,Board Games,Aura,58.2,140.28,1
1572,SKU-APP-001572,Zenith Footwear Model-573,Apparel,Footwear,Zenith,335.13,497.28,1
1573,SKU-ELE-001573,Zenith Smart Home Model-574,Electronics,Smart Home,Zenith,295.52,566.18,1
1574,SKU-APP-001574,Lumina Women's Clothing Model-575,Apparel,Women's Clothing,Lumina,36.85,59.15,1
1575,SKU-ELE-001575,Summit Smart Home Model-576,Electronics,Smart Home,Summit,363.1,719.2,1
1576,SKU-APP-001576,Summit Sportswear Model-577,Apparel,Sportswear,Summit,373.67,719.6,1
1577,SKU-BEA-001577,Aura Personal Care Model-578,Beauty & Care,Personal Care,Aura,339.25,827.64,1
1578,SKU-BEA-001578,Apex Cosmetics Model-579,Beauty & Care,Cosmetics,Apex,412.04,947.69,0
1579,SKU-ELE-001579,Titan Laptops Model-580,Electronics,Laptops,Titan,272.56,393.42,1
1580,SKU-TOY-001580,Matrix Board Games Model-581,Toys & Games,Board Games,Matrix,396.77,815.13,1
1581,SKU-BEA-001581,Zenith Personal Care Model-582,Beauty & Care,Personal Care,Zenith,283.65,404.31,1
1582,SKU-HOM-001582,Pulse Storage Model-583,Home & Kitchen,Storage,Pulse,190.49,285.42,1
1583,SKU-ELE-001583,Aura Smartphones Model-584,Electronics,Smartphones,Aura,86.38,117.56,1
1584,SKU-ELE-001584,Zenith Laptops Model-585,Electronics,Laptops,Zenith,217.71,434.25,1
1585,SKU-HOM-001585,Lumina Small Appliances Model-586,Home & Kitchen,Small Appliances,Lumina,16.03,39.47,1
1586,SKU-TOY-001586,Lumina Board Games Model-587,Toys & Games,Board Games,Lumina,168.83,281.84,0
1587,SKU-ELE-001587,Velocity Wearables Model-588,Electronics,Wearables,Velocity,262.72,511.35,1
1588,SKU-AUT-001588,Lumina Interior Accessories Model-589,Automotive,Interior Accessories,Lumina,351.51,531.69,1
1589,SKU-SPO-001589,Sol Team Sports Model-590,Sports & Outdoors,Team Sports,Sol,162.52,323.98,1
1590,SKU-AUT-001590,Horizon Tools & Equipment Model-591,Automotive,Tools & Equipment,Horizon,449.18,1075.22,1
1591,SKU-ELE-001591,Titan Accessories Model-592,Electronics,Accessories,Titan,96.82,151.33,1
1592,SKU-ELE-001592,Matrix Smart Home Model-593,Electronics,Smart Home,Matrix,124.56,230.27,1
1593,SKU-TOY-001593,Sol Educational Toys Model-594,Toys & Games,Educational Toys,Sol,415.98,801.19,1
1594,SKU-HOM-001594,Prism Decor Model-595,Home & Kitchen,Decor,Prism,243.76,577.09,1
1595,SKU-SPO-001595,Nova Water Sports Model-596,Sports & Outdoors,Water Sports,Nova,443.79,834.62,1
1596,SKU-ELE-001596,Vortex Wearables Model-597,Electronics,Wearables,Vortex,253.49,631.43,1
1597,SKU-BEA-001597,Summit Skincare Model-598,Beauty & Care,Skincare,Summit,137.54,308.96,1
1598,SKU-GRO-001598,Summit Canned Goods Model-599,Grocery & Pantry,Canned Goods,Summit,107.02,221.64,1
1599,SKU-GRO-001599,Nova Condiments Model-600,Grocery & Pantry,Condiments,Nova,427.71,645.46,1
1600,SKU-GRO-001600,Matrix Condiments Model-601,Grocery & Pantry,Condiments,Matrix,365.49,820.53,1
1601,SKU-BEA-001601,Zenith Personal Care Model-602,Beauty & Care,Personal Care,Zenith,46.22,107.2,1
1602,SKU-AUT-001602,Vortex Tools & Equipment Model-603,Automotive,Tools & Equipment,Vortex,120.71,190.56,1
1603,SKU-HOM-001603,Horizon Bedding Model-604,Home & Kitchen,Bedding,Horizon,57.15,122.68,1
1604,SKU-APP-001604,Sol Outerwear Model-605,Apparel,Outerwear,Sol,74.96,114.32,1
1605,SKU-ELE-001605,Sol Accessories Model-606,Electronics,Accessories,Sol,271.73,652.47,1
1606,SKU-AUT-001606,Prism Car Care Model-607,Automotive,Car Care,Prism,143.59,185.39,1
1607,SKU-GRO-001607,Pulse Condiments Model-608,Grocery & Pantry,Condiments,Pulse,156.82,287.65,1
1608,SKU-HOM-001608,Pulse Bedding Model-609,Home & Kitchen,Bedding,Pulse,271.04,672.5,1
1609,SKU-HOM-001609,Velocity Cookware Model-610,Home & Kitchen,Cookware,Velocity,356.67,569.98,1
1610,SKU-GRO-001610,Lumina Organic Foods Model-611,Grocery & Pantry,Organic Foods,Lumina,280.85,641.16,1
1611,SKU-ELE-001611,Prism Smartphones Model-612,Electronics,Smartphones,Prism,273.94,660.28,1
1612,SKU-ELE-001612,Velocity Laptops Model-613,Electronics,Laptops,Velocity,106.84,234.64,1
1613,SKU-ELE-001613,Sol Accessories Model-614,Electronics,Accessories,Sol,356.95,821.43,1
1614,SKU-BEA-001614,Nova Cosmetics Model-615,Beauty & Care,Cosmetics,Nova,432.07,1056.09,1
1615,SKU-SPO-001615,Lumina Team Sports Model-616,Sports & Outdoors,Team Sports,Lumina,239.6,588.53,1
1616,SKU-GRO-001616,Matrix Breakfast Model-617,Grocery & Pantry,Breakfast,Matrix,400.37,986.27,1
1617,SKU-BEA-001617,Echo Cosmetics Model-618,Beauty & Care,Cosmetics,Echo,193.25,376,1
1618,SKU-SPO-001618,Horizon Water Sports Model-619,Sports & Outdoors,Water Sports,Horizon,52.26,129.34,1
1619,SKU-TOY-001619,Zenith Outdoor Toys Model-620,Toys & Games,Outdoor Toys,Zenith,165.29,409.54,1
1620,SKU-ELE-001620,Apex Audio & Headphones Model-621,Electronics,Audio & Headphones,Apex,139.12,230.83,1
1621,SKU-HOM-001621,Velocity Furniture Model-622,Home & Kitchen,Furniture,Velocity,252,434.39,1
1622,SKU-BEA-001622,Nova Skincare Model-623,Beauty & Care,Skincare,Nova,177.41,283.83,1
1623,SKU-TOY-001623,Prism Board Games Model-624,Toys & Games,Board Games,Prism,162.77,204.62,1
1624,SKU-ELE-001624,Lumina Audio & Headphones Model-625,Electronics,Audio & Headphones,Lumina,239,584.22,1
1625,SKU-ELE-001625,Vortex Wearables Model-626,Electronics,Wearables,Vortex,250.48,346.67,1
1626,SKU-AUT-001626,Nova Oils & Fluids Model-627,Automotive,Oils & Fluids,Nova,402.41,918.86,1
1627,SKU-APP-001627,Titan Outerwear Model-628,Apparel,Outerwear,Titan,445.02,645.32,1
1628,SKU-BEA-001628,Nova Cosmetics Model-629,Beauty & Care,Cosmetics,Nova,423.26,746.26,0
1629,SKU-SPO-001629,Zenith Water Sports Model-630,Sports & Outdoors,Water Sports,Zenith,71.78,172.24,1
1630,SKU-APP-001630,Matrix Women's Clothing Model-631,Apparel,Women's Clothing,Matrix,5.26,7.36,1
1631,SKU-GRO-001631,Vortex Condiments Model-632,Grocery & Pantry,Condiments,Vortex,237.97,427.02,1
1632,SKU-AUT-001632,Summit Interior Accessories Model-633,Automotive,Interior Accessories,Summit,53.29,76.38,1
1633,SKU-TOY-001633,Zenith Outdoor Toys Model-634,Toys & Games,Outdoor Toys,Zenith,27.04,35.73,1
1634,SKU-AUT-001634,Matrix Car Care Model-635,Automotive,Car Care,Matrix,306.37,753.96,1
1635,SKU-ELE-001635,Echo Smart Home Model-636,Electronics,Smart Home,Echo,94.74,168.69,1
1636,SKU-APP-001636,Aura Men's Clothing Model-637,Apparel,Men's Clothing,Aura,443.35,936.88,1
1637,SKU-SPO-001637,Matrix Fitness Gear Model-638,Sports & Outdoors,Fitness Gear,Matrix,30.94,64.74,1
1638,SKU-HOM-001638,Velocity Furniture Model-639,Home & Kitchen,Furniture,Velocity,258.07,375.91,1
1639,SKU-HOM-001639,Velocity Decor Model-640,Home & Kitchen,Decor,Velocity,319.92,519.04,1
1640,SKU-GRO-001640,Velocity Snacks Model-641,Grocery & Pantry,Snacks,Velocity,412.17,790.43,1
1641,SKU-SPO-001641,Zenith Cycling Model-642,Sports & Outdoors,Cycling,Zenith,91.12,144.77,1
1642,SKU-ELE-001642,Pulse Wearables Model-643,Electronics,Wearables,Pulse,248.58,400.59,1
1643,SKU-GRO-001643,Pulse Snacks Model-644,Grocery & Pantry,Snacks,Pulse,212.44,449.12,1
1644,SKU-GRO-001644,Echo Organic Foods Model-645,Grocery & Pantry,Organic Foods,Echo,318.66,703.12,1
1645,SKU-GRO-001645,Sol Beverages Model-646,Grocery & Pantry,Beverages,Sol,107.49,206.8,1
1646,SKU-APP-001646,Matrix Men's Clothing Model-647,Apparel,Men's Clothing,Matrix,284.19,522.99,1
1647,SKU-BEA-001647,Nova Fragrances Model-648,Beauty & Care,Fragrances,Nova,57.55,115.25,1
1648,SKU-GRO-001648,Titan Organic Foods Model-649,Grocery & Pantry,Organic Foods,Titan,373.45,543.64,1
1649,SKU-TOY-001649,Prism Board Games Model-650,Toys & Games,Board Games,Prism,421.37,783.59,1
1650,SKU-APP-001650,Echo Footwear Model-651,Apparel,Footwear,Echo,216.89,488.67,1
1651,SKU-APP-001651,Summit Sportswear Model-652,Apparel,Sportswear,Summit,360.22,880.69,1
1652,SKU-GRO-001652,Summit Organic Foods Model-653,Grocery & Pantry,Organic Foods,Summit,304.06,610.92,1
1653,SKU-GRO-001653,Echo Breakfast Model-654,Grocery & Pantry,Breakfast,Echo,49.9,115.03,1
1654,SKU-GRO-001654,Summit Condiments Model-655,Grocery & Pantry,Condiments,Summit,106.31,257.29,1
1655,SKU-HOM-001655,Zenith Cookware Model-656,Home & Kitchen,Cookware,Zenith,434.7,682.36,1
1656,SKU-APP-001656,Aura Men's Clothing Model-657,Apparel,Men's Clothing,Aura,171.29,248.96,1
1657,SKU-TOY-001657,Sol Educational Toys Model-658,Toys & Games,Educational Toys,Sol,148.62,296.97,1
1658,SKU-SPO-001658,Sol Fitness Gear Model-659,Sports & Outdoors,Fitness Gear,Sol,120.46,174.71,1
1659,SKU-SPO-001659,Lumina Camping & Hiking Model-660,Sports & Outdoors,Camping & Hiking,Lumina,271.25,545.74,1
1660,SKU-AUT-001660,Lumina Tools & Equipment Model-661,Automotive,Tools & Equipment,Lumina,375.07,529.97,1
1661,SKU-TOY-001661,Nova Puzzles Model-662,Toys & Games,Puzzles,Nova,312.53,733.88,1
1662,SKU-AUT-001662,Apex Tools & Equipment Model-663,Automotive,Tools & Equipment,Apex,277.29,426.99,1
1663,SKU-APP-001663,Vortex Accessories Model-664,Apparel,Accessories,Vortex,102.49,176.25,1
1664,SKU-TOY-001664,Zenith Outdoor Toys Model-665,Toys & Games,Outdoor Toys,Zenith,56.65,136.41,1
1665,SKU-TOY-001665,Sol Action Figures Model-666,Toys & Games,Action Figures,Sol,334.32,634.57,1
1666,SKU-GRO-001666,Velocity Breakfast Model-667,Grocery & Pantry,Breakfast,Velocity,302.02,449.39,1
1667,SKU-BEA-001667,Zenith Skincare Model-668,Beauty & Care,Skincare,Zenith,175.56,340.31,0
1668,SKU-GRO-001668,Summit Breakfast Model-669,Grocery & Pantry,Breakfast,Summit,242.8,390.85,1
1669,SKU-AUT-001669,Summit Interior Accessories Model-670,Automotive,Interior Accessories,Summit,335.26,525.78,1
1670,SKU-TOY-001670,Sol Outdoor Toys Model-671,Toys & Games,Outdoor Toys,Sol,434.54,650.71,1
1671,SKU-SPO-001671,Sol Team Sports Model-672,Sports & Outdoors,Team Sports,Sol,108.97,172.67,1
1672,SKU-GRO-001672,Prism Snacks Model-673,Grocery & Pantry,Snacks,Prism,374.5,814.03,1
1673,SKU-GRO-001673,Pulse Canned Goods Model-674,Grocery & Pantry,Canned Goods,Pulse,104.13,171.11,1
1674,SKU-GRO-001674,Velocity Breakfast Model-675,Grocery & Pantry,Breakfast,Velocity,7.05,17.45,1
1675,SKU-ELE-001675,Horizon Smartphones Model-676,Electronics,Smartphones,Horizon,229.07,509.53,1
1676,SKU-ELE-001676,Echo Accessories Model-677,Electronics,Accessories,Echo,104.77,220.48,1
1677,SKU-ELE-001677,Aura Accessories Model-678,Electronics,Accessories,Aura,16.13,36.69,1
1678,SKU-APP-001678,Sol Accessories Model-679,Apparel,Accessories,Sol,206.01,448.58,1
1679,SKU-BEA-001679,Velocity Cosmetics Model-680,Beauty & Care,Cosmetics,Velocity,202.79,406.31,1
1680,SKU-SPO-001680,Matrix Cycling Model-681,Sports & Outdoors,Cycling,Matrix,62.94,109.57,1
1681,SKU-APP-001681,Titan Men's Clothing Model-682,Apparel,Men's Clothing,Titan,285.34,686.02,1
1682,SKU-GRO-001682,Matrix Breakfast Model-683,Grocery & Pantry,Breakfast,Matrix,130.37,262.6,1
1683,SKU-SPO-001683,Matrix Camping & Hiking Model-684,Sports & Outdoors,Camping & Hiking,Matrix,226.89,339.79,1
1684,SKU-GRO-001684,Titan Organic Foods Model-685,Grocery & Pantry,Organic Foods,Titan,201.57,399.01,1
1685,SKU-BEA-001685,Matrix Fragrances Model-686,Beauty & Care,Fragrances,Matrix,405.95,628.81,1
1686,SKU-ELE-001686,Matrix Accessories Model-687,Electronics,Accessories,Matrix,160.07,201.26,1
1687,SKU-TOY-001687,Velocity Puzzles Model-688,Toys & Games,Puzzles,Velocity,181.77,302.99,1
1688,SKU-BEA-001688,Aura Cosmetics Model-689,Beauty & Care,Cosmetics,Aura,334.65,572.2,1
1689,SKU-APP-001689,Velocity Footwear Model-690,Apparel,Footwear,Velocity,45.47,76.89,1
1690,SKU-SPO-001690,Aura Camping & Hiking Model-691,Sports & Outdoors,Camping & Hiking,Aura,196.64,423.6,1
1691,SKU-APP-001691,Apex Women's Clothing Model-692,Apparel,Women's Clothing,Apex,135.81,223.04,1
1692,SKU-GRO-001692,Zenith Beverages Model-693,Grocery & Pantry,Beverages,Zenith,99.47,135.05,1
1693,SKU-TOY-001693,Pulse Action Figures Model-694,Toys & Games,Action Figures,Pulse,91.46,201.04,1
1694,SKU-APP-001694,Zenith Women's Clothing Model-695,Apparel,Women's Clothing,Zenith,367.93,788.4,1
1695,SKU-APP-001695,Titan Sportswear Model-696,Apparel,Sportswear,Titan,295.74,700.76,1
1696,SKU-TOY-001696,Summit Action Figures Model-697,Toys & Games,Action Figures,Summit,433.26,729.77,1
1697,SKU-TOY-001697,Apex Outdoor Toys Model-698,Toys & Games,Outdoor Toys,Apex,91.47,163.76,1
1698,SKU-TOY-001698,Prism Action Figures Model-699,Toys & Games,Action Figures,Prism,269.7,586.02,1
1699,SKU-TOY-001699,Pulse Board Games Model-700,Toys & Games,Board Games,Pulse,16.14,37.69,1
1700,SKU-ELE-001700,Lumina Accessories Model-701,Electronics,Accessories,Lumina,350.37,556.81,1
1701,SKU-SPO-001701,Echo Water Sports Model-702,Sports & Outdoors,Water Sports,Echo,275.85,458.37,1
1702,SKU-HOM-001702,Lumina Storage Model-703,Home & Kitchen,Storage,Lumina,178.89,371.88,1
1703,SKU-SPO-001703,Summit Water Sports Model-704,Sports & Outdoors,Water Sports,Summit,249.29,526.32,1
1704,SKU-AUT-001704,Prism Oils & Fluids Model-705,Automotive,Oils & Fluids,Prism,25.75,62.84,0
1705,SKU-ELE-001705,Echo Laptops Model-706,Electronics,Laptops,Echo,383.96,668.49,0
1706,SKU-HOM-001706,Titan Furniture Model-707,Home & Kitchen,Furniture,Titan,253.39,391.71,1
1707,SKU-AUT-001707,Sol Interior Accessories Model-708,Automotive,Interior Accessories,Sol,310.75,744.28,1
1708,SKU-BEA-001708,Vortex Haircare Model-709,Beauty & Care,Haircare,Vortex,275.23,509.12,1
1709,SKU-TOY-001709,Apex Board Games Model-710,Toys & Games,Board Games,Apex,328.91,607.86,1
1710,SKU-BEA-001710,Apex Cosmetics Model-711,Beauty & Care,Cosmetics,Apex,58.19,87.32,1
1711,SKU-GRO-001711,Apex Snacks Model-712,Grocery & Pantry,Snacks,Apex,416.81,1016.44,1
1712,SKU-APP-001712,Zenith Footwear Model-713,Apparel,Footwear,Zenith,444.6,1028.14,1
1713,SKU-GRO-001713,Apex Snacks Model-714,Grocery & Pantry,Snacks,Apex,91.68,222.62,1
1714,SKU-TOY-001714,Zenith Action Figures Model-715,Toys & Games,Action Figures,Zenith,73.91,93.07,1
1715,SKU-HOM-001715,Echo Cookware Model-716,Home & Kitchen,Cookware,Echo,36.02,66.53,1
1716,SKU-SPO-001716,Apex Fitness Gear Model-717,Sports & Outdoors,Fitness Gear,Apex,53.71,124.88,1
1717,SKU-SPO-001717,Apex Team Sports Model-718,Sports & Outdoors,Team Sports,Apex,440.65,731.91,1
1718,SKU-ELE-001718,Matrix Wearables Model-719,Electronics,Wearables,Matrix,219.96,296.19,1
1719,SKU-SPO-001719,Velocity Cycling Model-720,Sports & Outdoors,Cycling,Velocity,418.89,554.58,1
1720,SKU-TOY-001720,Aura Puzzles Model-721,Toys & Games,Puzzles,Aura,217.68,309.77,1
1721,SKU-SPO-001721,Zenith Fitness Gear Model-722,Sports & Outdoors,Fitness Gear,Zenith,239.53,452.34,1
1722,SKU-ELE-001722,Sol Laptops Model-723,Electronics,Laptops,Sol,384.14,711.36,1
1723,SKU-HOM-001723,Matrix Furniture Model-724,Home & Kitchen,Furniture,Matrix,159.01,297.63,1
1724,SKU-HOM-001724,Matrix Bedding Model-725,Home & Kitchen,Bedding,Matrix,90.03,114.56,1
1725,SKU-AUT-001725,Lumina Car Care Model-726,Automotive,Car Care,Lumina,92.25,127.03,1
1726,SKU-TOY-001726,Sol Educational Toys Model-727,Toys & Games,Educational Toys,Sol,335.66,673.42,1
1727,SKU-APP-001727,Titan Men's Clothing Model-728,Apparel,Men's Clothing,Titan,91.01,128.84,1
1728,SKU-TOY-001728,Horizon Educational Toys Model-729,Toys & Games,Educational Toys,Horizon,13.71,20.46,1
1729,SKU-HOM-001729,Vortex Small Appliances Model-730,Home & Kitchen,Small Appliances,Vortex,421.52,614.77,1
1730,SKU-GRO-001730,Titan Condiments Model-731,Grocery & Pantry,Condiments,Titan,259.89,381.1,1
1731,SKU-TOY-001731,Horizon Outdoor Toys Model-732,Toys & Games,Outdoor Toys,Horizon,131.66,303.04,1
1732,SKU-HOM-001732,Vortex Small Appliances Model-733,Home & Kitchen,Small Appliances,Vortex,90.18,193.17,1
1733,SKU-SPO-001733,Horizon Team Sports Model-734,Sports & Outdoors,Team Sports,Horizon,126.65,279.79,0
1734,SKU-BEA-001734,Prism Haircare Model-735,Beauty & Care,Haircare,Prism,234.35,316.76,1
1735,SKU-AUT-001735,Titan Car Care Model-736,Automotive,Car Care,Titan,53.5,77.51,1
1736,SKU-GRO-001736,Zenith Snacks Model-737,Grocery & Pantry,Snacks,Zenith,141.87,184.3,1
1737,SKU-HOM-001737,Echo Small Appliances Model-738,Home & Kitchen,Small Appliances,Echo,96.63,137.39,1
1738,SKU-ELE-001738,Horizon Audio & Headphones Model-739,Electronics,Audio & Headphones,Horizon,427.05,706.09,1
1739,SKU-AUT-001739,Apex Car Care Model-740,Automotive,Car Care,Apex,415.1,799.74,1
1740,SKU-SPO-001740,Horizon Team Sports Model-741,Sports & Outdoors,Team Sports,Horizon,43.28,98.67,1
1741,SKU-HOM-001741,Horizon Cookware Model-742,Home & Kitchen,Cookware,Horizon,78.76,105.81,1
1742,SKU-AUT-001742,Lumina Tools & Equipment Model-743,Automotive,Tools & Equipment,Lumina,405.97,695.66,1
1743,SKU-BEA-001743,Prism Personal Care Model-744,Beauty & Care,Personal Care,Prism,297.51,546.08,1
1744,SKU-APP-001744,Apex Accessories Model-745,Apparel,Accessories,Apex,164.11,205.21,1
1745,SKU-APP-001745,Prism Sportswear Model-746,Apparel,Sportswear,Prism,373.99,875.28,1
1746,SKU-TOY-001746,Matrix Action Figures Model-747,Toys & Games,Action Figures,Matrix,257.43,431.14,1
1747,SKU-BEA-001747,Nova Fragrances Model-748,Beauty & Care,Fragrances,Nova,313.7,552.63,1
1748,SKU-HOM-001748,Prism Decor Model-749,Home & Kitchen,Decor,Prism,40.01,97.76,1
1749,SKU-ELE-001749,Echo Smart Home Model-750,Electronics,Smart Home,Echo,135.14,249.51,1
1750,SKU-HOM-001750,Summit Decor Model-751,Home & Kitchen,Decor,Summit,348.28,580.12,0
1751,SKU-GRO-001751,Apex Condiments Model-752,Grocery & Pantry,Condiments,Apex,216.91,446.42,1
1752,SKU-BEA-001752,Matrix Personal Care Model-753,Beauty & Care,Personal Care,Matrix,91.52,122.14,0
1753,SKU-TOY-001753,Zenith Educational Toys Model-754,Toys & Games,Educational Toys,Zenith,37.86,90.43,1
1754,SKU-HOM-001754,Velocity Bedding Model-755,Home & Kitchen,Bedding,Velocity,15.18,37.03,1
1755,SKU-HOM-001755,Matrix Bedding Model-756,Home & Kitchen,Bedding,Matrix,135.24,239.69,1
1756,SKU-SPO-001756,Pulse Water Sports Model-757,Sports & Outdoors,Water Sports,Pulse,117.97,252.1,1
1757,SKU-GRO-001757,Matrix Canned Goods Model-758,Grocery & Pantry,Canned Goods,Matrix,394.79,640.38,1
1758,SKU-GRO-001758,Matrix Breakfast Model-759,Grocery & Pantry,Breakfast,Matrix,56.23,77.1,1
1759,SKU-HOM-001759,Sol Decor Model-760,Home & Kitchen,Decor,Sol,257.8,573.12,0
1760,SKU-SPO-001760,Aura Fitness Gear Model-761,Sports & Outdoors,Fitness Gear,Aura,260.41,431.09,1
1761,SKU-AUT-001761,Echo Oils & Fluids Model-762,Automotive,Oils & Fluids,Echo,98.33,213.32,1
1762,SKU-SPO-001762,Pulse Water Sports Model-763,Sports & Outdoors,Water Sports,Pulse,354.78,492.3,0
1763,SKU-AUT-001763,Pulse Tools & Equipment Model-764,Automotive,Tools & Equipment,Pulse,257.41,476.17,1
1764,SKU-TOY-001764,Zenith Action Figures Model-765,Toys & Games,Action Figures,Zenith,414.63,892.63,1
1765,SKU-TOY-001765,Sol Educational Toys Model-766,Toys & Games,Educational Toys,Sol,412.3,722.82,1
1766,SKU-BEA-001766,Echo Skincare Model-767,Beauty & Care,Skincare,Echo,216.08,521.71,0
1767,SKU-HOM-001767,Lumina Cookware Model-768,Home & Kitchen,Cookware,Lumina,321.63,622.95,1
1768,SKU-APP-001768,Lumina Women's Clothing Model-769,Apparel,Women's Clothing,Lumina,337.91,559.58,1
1769,SKU-SPO-001769,Vortex Team Sports Model-770,Sports & Outdoors,Team Sports,Vortex,162.73,225.97,1
1770,SKU-BEA-001770,Vortex Haircare Model-771,Beauty & Care,Haircare,Vortex,245.06,477.01,1
1771,SKU-SPO-001771,Vortex Camping & Hiking Model-772,Sports & Outdoors,Camping & Hiking,Vortex,320.99,426.78,1
1772,SKU-ELE-001772,Apex Smart Home Model-773,Electronics,Smart Home,Apex,428.95,576.15,1
1773,SKU-APP-001773,Matrix Sportswear Model-774,Apparel,Sportswear,Matrix,332.46,773.93,1
1774,SKU-BEA-001774,Horizon Fragrances Model-775,Beauty & Care,Fragrances,Horizon,421.03,672.75,1
1775,SKU-GRO-001775,Lumina Organic Foods Model-776,Grocery & Pantry,Organic Foods,Lumina,204.01,264.76,1
1776,SKU-TOY-001776,Sol Outdoor Toys Model-777,Toys & Games,Outdoor Toys,Sol,438.68,880.27,1
1777,SKU-GRO-001777,Zenith Snacks Model-778,Grocery & Pantry,Snacks,Zenith,308.57,581.58,1
1778,SKU-AUT-001778,Apex Tools & Equipment Model-779,Automotive,Tools & Equipment,Apex,139.89,287.89,1
1779,SKU-APP-001779,Lumina Outerwear Model-780,Apparel,Outerwear,Lumina,340.17,470.39,1
1780,SKU-HOM-001780,Matrix Small Appliances Model-781,Home & Kitchen,Small Appliances,Matrix,290.06,467.31,1
1781,SKU-SPO-001781,Aura Water Sports Model-782,Sports & Outdoors,Water Sports,Aura,155.5,225.02,1
1782,SKU-AUT-001782,Nova Tools & Equipment Model-783,Automotive,Tools & Equipment,Nova,421.04,630.46,1
1783,SKU-SPO-001783,Aura Team Sports Model-784,Sports & Outdoors,Team Sports,Aura,278.95,573.29,1
1784,SKU-GRO-001784,Prism Beverages Model-785,Grocery & Pantry,Beverages,Prism,324.18,627.16,1
1785,SKU-GRO-001785,Titan Breakfast Model-786,Grocery & Pantry,Breakfast,Titan,229.68,542.93,1
1786,SKU-GRO-001786,Aura Snacks Model-787,Grocery & Pantry,Snacks,Aura,437.53,874.36,1
1787,SKU-TOY-001787,Prism Puzzles Model-788,Toys & Games,Puzzles,Prism,143.04,238.68,1
1788,SKU-GRO-001788,Nova Snacks Model-789,Grocery & Pantry,Snacks,Nova,40.08,69.32,1
1789,SKU-TOY-001789,Summit Outdoor Toys Model-790,Toys & Games,Outdoor Toys,Summit,400.16,951.42,1
1790,SKU-TOY-001790,Echo Puzzles Model-791,Toys & Games,Puzzles,Echo,215.32,419.23,1
1791,SKU-ELE-001791,Pulse Smartphones Model-792,Electronics,Smartphones,Pulse,288.35,703.3,1
1792,SKU-AUT-001792,Matrix Tools & Equipment Model-793,Automotive,Tools & Equipment,Matrix,167.71,283.69,1
1793,SKU-APP-001793,Apex Men's Clothing Model-794,Apparel,Men's Clothing,Apex,337.06,796.92,1
1794,SKU-SPO-001794,Zenith Fitness Gear Model-795,Sports & Outdoors,Fitness Gear,Zenith,273.9,431.78,1
1795,SKU-SPO-001795,Horizon Cycling Model-796,Sports & Outdoors,Cycling,Horizon,342.35,527.59,1
1796,SKU-APP-001796,Pulse Women's Clothing Model-797,Apparel,Women's Clothing,Pulse,237.2,374.63,1
1797,SKU-SPO-001797,Matrix Team Sports Model-798,Sports & Outdoors,Team Sports,Matrix,209.67,426.76,1
1798,SKU-TOY-001798,Apex Outdoor Toys Model-799,Toys & Games,Outdoor Toys,Apex,444.58,920.8,1
1799,SKU-APP-001799,Zenith Footwear Model-800,Apparel,Footwear,Zenith,350.69,591.94,1
1800,SKU-GRO-001800,Aura Condiments Model-801,Grocery & Pantry,Condiments,Aura,213,532.07,1
1801,SKU-SPO-001801,Pulse Camping & Hiking Model-802,Sports & Outdoors,Camping & Hiking,Pulse,40.07,100.15,1
1802,SKU-AUT-001802,Lumina Interior Accessories Model-803,Automotive,Interior Accessories,Lumina,412.79,1005.94,1
1803,SKU-TOY-001803,Titan Educational Toys Model-804,Toys & Games,Educational Toys,Titan,418.05,1002.02,1
1804,SKU-BEA-001804,Apex Cosmetics Model-805,Beauty & Care,Cosmetics,Apex,392.14,852.16,1
1805,SKU-GRO-001805,Sol Breakfast Model-806,Grocery & Pantry,Breakfast,Sol,395.97,713.46,1
1806,SKU-SPO-001806,Vortex Fitness Gear Model-807,Sports & Outdoors,Fitness Gear,Vortex,5.44,9.15,1
1807,SKU-ELE-001807,Apex Smartphones Model-808,Electronics,Smartphones,Apex,314.07,544.68,1
1808,SKU-SPO-001808,Sol Cycling Model-809,Sports & Outdoors,Cycling,Sol,96.12,155.4,1
1809,SKU-SPO-001809,Horizon Fitness Gear Model-810,Sports & Outdoors,Fitness Gear,Horizon,168.92,372.92,1
1810,SKU-AUT-001810,Prism Car Care Model-811,Automotive,Car Care,Prism,401.46,883.28,1
1811,SKU-AUT-001811,Sol Car Care Model-812,Automotive,Car Care,Sol,333.28,449.62,1
1812,SKU-SPO-001812,Nova Water Sports Model-813,Sports & Outdoors,Water Sports,Nova,322.77,518.47,1
1813,SKU-APP-001813,Nova Footwear Model-814,Apparel,Footwear,Nova,313.51,630.93,1
1814,SKU-AUT-001814,Summit Tools & Equipment Model-815,Automotive,Tools & Equipment,Summit,401.9,882.46,1
1815,SKU-SPO-001815,Pulse Fitness Gear Model-816,Sports & Outdoors,Fitness Gear,Pulse,290.33,563.16,1
1816,SKU-AUT-001816,Horizon Car Care Model-817,Automotive,Car Care,Horizon,130.04,285.37,1
1817,SKU-SPO-001817,Prism Camping & Hiking Model-818,Sports & Outdoors,Camping & Hiking,Prism,216.47,505.33,1
1818,SKU-HOM-001818,Velocity Small Appliances Model-819,Home & Kitchen,Small Appliances,Velocity,292.51,441.57,1
1819,SKU-APP-001819,Lumina Accessories Model-820,Apparel,Accessories,Lumina,223.53,296.68,1
1820,SKU-APP-001820,Vortex Women's Clothing Model-821,Apparel,Women's Clothing,Vortex,14.06,28.62,1
1821,SKU-TOY-001821,Lumina Outdoor Toys Model-822,Toys & Games,Outdoor Toys,Lumina,189.5,362.36,1
1822,SKU-APP-001822,Vortex Outerwear Model-823,Apparel,Outerwear,Vortex,99.19,153.49,1
1823,SKU-GRO-001823,Sol Canned Goods Model-824,Grocery & Pantry,Canned Goods,Sol,408.95,648.74,1
1824,SKU-ELE-001824,Titan Accessories Model-825,Electronics,Accessories,Titan,270.23,441.93,1
1825,SKU-HOM-001825,Sol Furniture Model-826,Home & Kitchen,Furniture,Sol,161.17,253.01,1
1826,SKU-SPO-001826,Vortex Team Sports Model-827,Sports & Outdoors,Team Sports,Vortex,398.41,662.38,1
1827,SKU-TOY-001827,Prism Outdoor Toys Model-828,Toys & Games,Outdoor Toys,Prism,288.81,510.28,1
1828,SKU-SPO-001828,Aura Fitness Gear Model-829,Sports & Outdoors,Fitness Gear,Aura,335.92,557.68,1
1829,SKU-APP-001829,Sol Men's Clothing Model-830,Apparel,Men's Clothing,Sol,56.77,120.94,1
1830,SKU-AUT-001830,Velocity Car Care Model-831,Automotive,Car Care,Velocity,218,278.94,1
1831,SKU-HOM-001831,Lumina Bedding Model-832,Home & Kitchen,Bedding,Lumina,282.65,638.47,1
1832,SKU-TOY-001832,Lumina Board Games Model-833,Toys & Games,Board Games,Lumina,140.1,349.62,1
1833,SKU-ELE-001833,Velocity Audio & Headphones Model-834,Electronics,Audio & Headphones,Velocity,216.34,538.64,0
1834,SKU-SPO-001834,Sol Cycling Model-835,Sports & Outdoors,Cycling,Sol,338.82,712.69,0
1835,SKU-ELE-001835,Vortex Laptops Model-836,Electronics,Laptops,Vortex,323.13,627.01,1
1836,SKU-GRO-001836,Apex Beverages Model-837,Grocery & Pantry,Beverages,Apex,395.46,909.15,1
1837,SKU-TOY-001837,Sol Puzzles Model-838,Toys & Games,Puzzles,Sol,418.78,591.83,1
1838,SKU-HOM-001838,Pulse Furniture Model-839,Home & Kitchen,Furniture,Pulse,361.63,597.48,1
1839,SKU-AUT-001839,Lumina Interior Accessories Model-840,Automotive,Interior Accessories,Lumina,209.29,419.44,1
1840,SKU-APP-001840,Lumina Men's Clothing Model-841,Apparel,Men's Clothing,Lumina,439.55,670.01,1
1841,SKU-TOY-001841,Pulse Board Games Model-842,Toys & Games,Board Games,Pulse,219.77,388.29,1
1842,SKU-AUT-001842,Horizon Tools & Equipment Model-843,Automotive,Tools & Equipment,Horizon,414.49,914.33,1
1843,SKU-AUT-001843,Pulse Oils & Fluids Model-844,Automotive,Oils & Fluids,Pulse,145.25,308.94,1
1844,SKU-BEA-001844,Prism Fragrances Model-845,Beauty & Care,Fragrances,Prism,23.62,53.13,1
1845,SKU-TOY-001845,Summit Puzzles Model-846,Toys & Games,Puzzles,Summit,187.85,283.53,1
1846,SKU-SPO-001846,Horizon Cycling Model-847,Sports & Outdoors,Cycling,Horizon,80.9,133.71,1
1847,SKU-AUT-001847,Horizon Oils & Fluids Model-848,Automotive,Oils & Fluids,Horizon,120.22,253.73,1
1848,SKU-AUT-001848,Aura Tools & Equipment Model-849,Automotive,Tools & Equipment,Aura,32.91,59.81,1
1849,SKU-BEA-001849,Pulse Fragrances Model-850,Beauty & Care,Fragrances,Pulse,253.96,617.6,1
1850,SKU-GRO-001850,Summit Organic Foods Model-851,Grocery & Pantry,Organic Foods,Summit,209.24,272.58,1
1851,SKU-HOM-001851,Summit Furniture Model-852,Home & Kitchen,Furniture,Summit,31.59,54.07,1
1852,SKU-AUT-001852,Prism Oils & Fluids Model-853,Automotive,Oils & Fluids,Prism,88.61,148.15,1
1853,SKU-SPO-001853,Aura Cycling Model-854,Sports & Outdoors,Cycling,Aura,323.7,781.07,1
1854,SKU-GRO-001854,Apex Organic Foods Model-855,Grocery & Pantry,Organic Foods,Apex,428.87,1008.53,1
1855,SKU-ELE-001855,Horizon Accessories Model-856,Electronics,Accessories,Horizon,350.69,799.91,1
1856,SKU-APP-001856,Aura Women's Clothing Model-857,Apparel,Women's Clothing,Aura,358.14,747.78,1
1857,SKU-SPO-001857,Velocity Camping & Hiking Model-858,Sports & Outdoors,Camping & Hiking,Velocity,48.29,72.42,1
1858,SKU-TOY-001858,Echo Outdoor Toys Model-859,Toys & Games,Outdoor Toys,Echo,231.02,417.5,0
1859,SKU-BEA-001859,Vortex Haircare Model-860,Beauty & Care,Haircare,Vortex,362.93,492.26,1
1860,SKU-HOM-001860,Summit Storage Model-861,Home & Kitchen,Storage,Summit,265.53,456.35,1
1861,SKU-APP-001861,Sol Accessories Model-862,Apparel,Accessories,Sol,344.31,858.68,1
1862,SKU-AUT-001862,Echo Car Care Model-863,Automotive,Car Care,Echo,8.67,11.69,1
1863,SKU-BEA-001863,Zenith Fragrances Model-864,Beauty & Care,Fragrances,Zenith,348.48,780.79,1
1864,SKU-GRO-001864,Matrix Snacks Model-865,Grocery & Pantry,Snacks,Matrix,310.7,441.63,1
1865,SKU-AUT-001865,Echo Interior Accessories Model-866,Automotive,Interior Accessories,Echo,396.63,707.5,0
1866,SKU-BEA-001866,Titan Haircare Model-867,Beauty & Care,Haircare,Titan,45.44,81.69,1
1867,SKU-BEA-001867,Echo Cosmetics Model-868,Beauty & Care,Cosmetics,Echo,45.12,57.97,1
1868,SKU-GRO-001868,Prism Canned Goods Model-869,Grocery & Pantry,Canned Goods,Prism,28.77,49.14,1
1869,SKU-TOY-001869,Horizon Educational Toys Model-870,Toys & Games,Educational Toys,Horizon,75.44,106.56,1
1870,SKU-TOY-001870,Prism Board Games Model-871,Toys & Games,Board Games,Prism,258.59,431.69,1
1871,SKU-SPO-001871,Zenith Camping & Hiking Model-872,Sports & Outdoors,Camping & Hiking,Zenith,447.53,1037.85,1
1872,SKU-HOM-001872,Echo Decor Model-873,Home & Kitchen,Decor,Echo,84.06,140.66,1
1873,SKU-SPO-001873,Matrix Cycling Model-874,Sports & Outdoors,Cycling,Matrix,287.91,679.83,1
1874,SKU-HOM-001874,Matrix Cookware Model-875,Home & Kitchen,Cookware,Matrix,436.95,969.17,1
1875,SKU-ELE-001875,Aura Audio & Headphones Model-876,Electronics,Audio & Headphones,Aura,158.27,288.35,1
1876,SKU-APP-001876,Horizon Accessories Model-877,Apparel,Accessories,Horizon,257.46,422.95,1
1877,SKU-HOM-001877,Aura Bedding Model-878,Home & Kitchen,Bedding,Aura,142.71,278.01,1
1878,SKU-SPO-001878,Apex Water Sports Model-879,Sports & Outdoors,Water Sports,Apex,400.61,625.32,1
1879,SKU-BEA-001879,Horizon Haircare Model-880,Beauty & Care,Haircare,Horizon,137.15,179.81,1
1880,SKU-GRO-001880,Vortex Condiments Model-881,Grocery & Pantry,Condiments,Vortex,40.37,77.92,1
1881,SKU-BEA-001881,Summit Personal Care Model-882,Beauty & Care,Personal Care,Summit,373.77,476.16,1
1882,SKU-ELE-001882,Pulse Smart Home Model-883,Electronics,Smart Home,Pulse,245.54,412.28,1
1883,SKU-GRO-001883,Sol Organic Foods Model-884,Grocery & Pantry,Organic Foods,Sol,183.42,323.35,1
1884,SKU-AUT-001884,Horizon Tools & Equipment Model-885,Automotive,Tools & Equipment,Horizon,252.11,600.63,1
1885,SKU-APP-001885,Prism Sportswear Model-886,Apparel,Sportswear,Prism,23.79,47.28,1
1886,SKU-GRO-001886,Velocity Snacks Model-887,Grocery & Pantry,Snacks,Velocity,345.22,506.42,1
1887,SKU-GRO-001887,Vortex Snacks Model-888,Grocery & Pantry,Snacks,Vortex,414.24,592.97,1
1888,SKU-HOM-001888,Titan Bedding Model-889,Home & Kitchen,Bedding,Titan,98.98,176.04,1
1889,SKU-BEA-001889,Vortex Fragrances Model-890,Beauty & Care,Fragrances,Vortex,434.17,819.73,1
1890,SKU-APP-001890,Aura Footwear Model-891,Apparel,Footwear,Aura,123.33,251.32,1
1891,SKU-AUT-001891,Nova Oils & Fluids Model-892,Automotive,Oils & Fluids,Nova,108.13,251.81,1
1892,SKU-HOM-001892,Nova Bedding Model-893,Home & Kitchen,Bedding,Nova,159.51,320.57,1
1893,SKU-AUT-001893,Summit Car Care Model-894,Automotive,Car Care,Summit,203.97,356.21,1
1894,SKU-APP-001894,Vortex Sportswear Model-895,Apparel,Sportswear,Vortex,436.17,978.57,1
1895,SKU-HOM-001895,Lumina Furniture Model-896,Home & Kitchen,Furniture,Lumina,281.22,692.87,1
1896,SKU-TOY-001896,Apex Puzzles Model-897,Toys & Games,Puzzles,Apex,35.6,59.49,1
1897,SKU-SPO-001897,Summit Team Sports Model-898,Sports & Outdoors,Team Sports,Summit,367.5,692.4,1
1898,SKU-SPO-001898,Prism Cycling Model-899,Sports & Outdoors,Cycling,Prism,105.02,187.95,1
1899,SKU-APP-001899,Titan Footwear Model-900,Apparel,Footwear,Titan,62.7,120.42,1
1900,SKU-GRO-001900,Nova Condiments Model-901,Grocery & Pantry,Condiments,Nova,388.68,651.77,1
1901,SKU-HOM-001901,Summit Cookware Model-902,Home & Kitchen,Cookware,Summit,312.69,737.85,1
1902,SKU-BEA-001902,Pulse Personal Care Model-903,Beauty & Care,Personal Care,Pulse,70,123.2,1
1903,SKU-SPO-001903,Vortex Team Sports Model-904,Sports & Outdoors,Team Sports,Vortex,319.49,770.39,1
1904,SKU-APP-001904,Lumina Women's Clothing Model-905,Apparel,Women's Clothing,Lumina,349.83,703.32,1
1905,SKU-APP-001905,Echo Sportswear Model-906,Apparel,Sportswear,Echo,425.55,881.53,1
1906,SKU-AUT-001906,Lumina Car Care Model-907,Automotive,Car Care,Lumina,412.73,894.58,1
1907,SKU-ELE-001907,Apex Audio & Headphones Model-908,Electronics,Audio & Headphones,Apex,82.9,116.57,1
1908,SKU-APP-001908,Prism Footwear Model-909,Apparel,Footwear,Prism,354.23,611.94,1
1909,SKU-SPO-001909,Summit Water Sports Model-910,Sports & Outdoors,Water Sports,Summit,10.94,27.07,1
1910,SKU-ELE-001910,Velocity Accessories Model-911,Electronics,Accessories,Velocity,269.76,442.39,1
1911,SKU-GRO-001911,Nova Snacks Model-912,Grocery & Pantry,Snacks,Nova,17.51,29.63,1
1912,SKU-ELE-001912,Echo Laptops Model-913,Electronics,Laptops,Echo,37.9,83.6,1
1913,SKU-APP-001913,Apex Women's Clothing Model-914,Apparel,Women's Clothing,Apex,121.34,176.87,1
1914,SKU-HOM-001914,Aura Bedding Model-915,Home & Kitchen,Bedding,Aura,210.59,410.88,1
1915,SKU-SPO-001915,Zenith Camping & Hiking Model-916,Sports & Outdoors,Camping & Hiking,Zenith,203.85,330.55,1
1916,SKU-SPO-001916,Apex Fitness Gear Model-917,Sports & Outdoors,Fitness Gear,Apex,422.02,581.35,1
1917,SKU-HOM-001917,Echo Storage Model-918,Home & Kitchen,Storage,Echo,335.13,533.77,1
1918,SKU-GRO-001918,Titan Snacks Model-919,Grocery & Pantry,Snacks,Titan,44.6,74.88,1
1919,SKU-SPO-001919,Zenith Camping & Hiking Model-920,Sports & Outdoors,Camping & Hiking,Zenith,210.42,335.96,0
1920,SKU-AUT-001920,Matrix Tools & Equipment Model-921,Automotive,Tools & Equipment,Matrix,102.87,153.11,0
1921,SKU-BEA-001921,Matrix Fragrances Model-922,Beauty & Care,Fragrances,Matrix,412,771.59,1
1922,SKU-GRO-001922,Titan Beverages Model-923,Grocery & Pantry,Beverages,Titan,122.52,298.91,1
1923,SKU-ELE-001923,Echo Smart Home Model-924,Electronics,Smart Home,Echo,244.66,592.83,1
1924,SKU-AUT-001924,Sol Car Care Model-925,Automotive,Car Care,Sol,173.07,282.04,1
1925,SKU-BEA-001925,Nova Haircare Model-926,Beauty & Care,Haircare,Nova,90.23,143.11,1
1926,SKU-BEA-001926,Echo Haircare Model-927,Beauty & Care,Haircare,Echo,279.36,512.81,1
1927,SKU-ELE-001927,Echo Wearables Model-928,Electronics,Wearables,Echo,415.54,1007.75,1
1928,SKU-HOM-001928,Lumina Small Appliances Model-929,Home & Kitchen,Small Appliances,Lumina,364.76,637.45,1
1929,SKU-GRO-001929,Sol Breakfast Model-930,Grocery & Pantry,Breakfast,Sol,134.76,258.36,1
1930,SKU-APP-001930,Vortex Accessories Model-931,Apparel,Accessories,Vortex,207.27,479.26,1
1931,SKU-ELE-001931,Lumina Laptops Model-932,Electronics,Laptops,Lumina,369.93,884.36,1
1932,SKU-ELE-001932,Zenith Audio & Headphones Model-933,Electronics,Audio & Headphones,Zenith,51.07,111.45,1
1933,SKU-BEA-001933,Nova Cosmetics Model-934,Beauty & Care,Cosmetics,Nova,282.69,633.55,0
1934,SKU-TOY-001934,Lumina Action Figures Model-935,Toys & Games,Action Figures,Lumina,85.14,195.67,0
1935,SKU-ELE-001935,Sol Laptops Model-936,Electronics,Laptops,Sol,272.62,527.48,1
1936,SKU-ELE-001936,Echo Audio & Headphones Model-937,Electronics,Audio & Headphones,Echo,133.14,211.16,1
1937,SKU-GRO-001937,Velocity Organic Foods Model-938,Grocery & Pantry,Organic Foods,Velocity,64.3,87.02,1
1938,SKU-SPO-001938,Horizon Team Sports Model-939,Sports & Outdoors,Team Sports,Horizon,99.35,191.57,1
1939,SKU-HOM-001939,Nova Storage Model-940,Home & Kitchen,Storage,Nova,218.82,485.72,1
1940,SKU-BEA-001940,Vortex Personal Care Model-941,Beauty & Care,Personal Care,Vortex,229.46,404.45,1
1941,SKU-GRO-001941,Titan Breakfast Model-942,Grocery & Pantry,Breakfast,Titan,395.55,965.55,1
1942,SKU-GRO-001942,Vortex Condiments Model-943,Grocery & Pantry,Condiments,Vortex,438.91,813.21,1
1943,SKU-APP-001943,Velocity Men's Clothing Model-944,Apparel,Men's Clothing,Velocity,163.8,327.65,1
1944,SKU-APP-001944,Zenith Footwear Model-945,Apparel,Footwear,Zenith,313.88,631.96,1
1945,SKU-GRO-001945,Horizon Canned Goods Model-946,Grocery & Pantry,Canned Goods,Horizon,241.81,578.53,1
1946,SKU-SPO-001946,Zenith Camping & Hiking Model-947,Sports & Outdoors,Camping & Hiking,Zenith,139.1,188.06,1
1947,SKU-TOY-001947,Echo Educational Toys Model-948,Toys & Games,Educational Toys,Echo,126.78,273.08,1
1948,SKU-HOM-001948,Summit Decor Model-949,Home & Kitchen,Decor,Summit,225.41,417.38,1
1949,SKU-ELE-001949,Pulse Audio & Headphones Model-950,Electronics,Audio & Headphones,Pulse,317.94,440.17,1
1950,SKU-SPO-001950,Nova Team Sports Model-951,Sports & Outdoors,Team Sports,Nova,279.42,385.76,0
1951,SKU-HOM-001951,Horizon Decor Model-952,Home & Kitchen,Decor,Horizon,416.49,803.59,1
1952,SKU-GRO-001952,Titan Snacks Model-953,Grocery & Pantry,Snacks,Titan,138.3,256.41,1
1953,SKU-TOY-001953,Horizon Board Games Model-954,Toys & Games,Board Games,Horizon,309.46,460.73,1
1954,SKU-TOY-001954,Aura Educational Toys Model-955,Toys & Games,Educational Toys,Aura,147.44,297.37,1
1955,SKU-TOY-001955,Zenith Action Figures Model-956,Toys & Games,Action Figures,Zenith,135.61,198.72,1
1956,SKU-GRO-001956,Zenith Organic Foods Model-957,Grocery & Pantry,Organic Foods,Zenith,141.42,217.13,1
1957,SKU-TOY-001957,Summit Action Figures Model-958,Toys & Games,Action Figures,Summit,253.95,614.71,1
1958,SKU-TOY-001958,Matrix Action Figures Model-959,Toys & Games,Action Figures,Matrix,376.25,767.06,1
1959,SKU-GRO-001959,Lumina Breakfast Model-960,Grocery & Pantry,Breakfast,Lumina,244.51,519.08,1
1960,SKU-ELE-001960,Pulse Accessories Model-961,Electronics,Accessories,Pulse,237.36,300.26,1
1961,SKU-GRO-001961,Apex Breakfast Model-962,Grocery & Pantry,Breakfast,Apex,366.82,542.2,1
1962,SKU-BEA-001962,Matrix Skincare Model-963,Beauty & Care,Skincare,Matrix,232.99,360.49,1
1963,SKU-AUT-001963,Lumina Oils & Fluids Model-964,Automotive,Oils & Fluids,Lumina,160.48,237.51,1
1964,SKU-APP-001964,Nova Sportswear Model-965,Apparel,Sportswear,Nova,81.04,191.29,1
1965,SKU-GRO-001965,Echo Snacks Model-966,Grocery & Pantry,Snacks,Echo,159.01,385.83,1
1966,SKU-APP-001966,Nova Sportswear Model-967,Apparel,Sportswear,Nova,412.49,534,1
1967,SKU-SPO-001967,Aura Water Sports Model-968,Sports & Outdoors,Water Sports,Aura,267.83,455.53,1
1968,SKU-GRO-001968,Apex Breakfast Model-969,Grocery & Pantry,Breakfast,Apex,312.16,724.13,1
1969,SKU-ELE-001969,Titan Wearables Model-970,Electronics,Wearables,Titan,306.37,719.7,1
1970,SKU-ELE-001970,Summit Wearables Model-971,Electronics,Wearables,Summit,329.75,466.69,1
1971,SKU-TOY-001971,Lumina Educational Toys Model-972,Toys & Games,Educational Toys,Lumina,402.43,988.5,1
1972,SKU-TOY-001972,Zenith Action Figures Model-973,Toys & Games,Action Figures,Zenith,253.65,459.69,1
1973,SKU-APP-001973,Vortex Accessories Model-974,Apparel,Accessories,Vortex,99.26,171.66,1
1974,SKU-SPO-001974,Velocity Cycling Model-975,Sports & Outdoors,Cycling,Velocity,8.72,17.02,1
1975,SKU-HOM-001975,Vortex Furniture Model-976,Home & Kitchen,Furniture,Vortex,293.95,408.35,1
1976,SKU-APP-001976,Aura Outerwear Model-977,Apparel,Outerwear,Aura,271.74,594.51,1
1977,SKU-AUT-001977,Aura Car Care Model-978,Automotive,Car Care,Aura,154.96,345.03,1
1978,SKU-GRO-001978,Matrix Beverages Model-979,Grocery & Pantry,Beverages,Matrix,138.17,236.36,1
1979,SKU-HOM-001979,Vortex Cookware Model-980,Home & Kitchen,Cookware,Vortex,218.79,401.93,1
1980,SKU-SPO-001980,Echo Team Sports Model-981,Sports & Outdoors,Team Sports,Echo,420.99,1000.63,1
1981,SKU-BEA-001981,Echo Skincare Model-982,Beauty & Care,Skincare,Echo,312.53,403.14,1
1982,SKU-AUT-001982,Vortex Tools & Equipment Model-983,Automotive,Tools & Equipment,Vortex,302.9,480.47,1
1983,SKU-BEA-001983,Titan Skincare Model-984,Beauty & Care,Skincare,Titan,422.54,565.35,1
1984,SKU-TOY-001984,Prism Outdoor Toys Model-985,Toys & Games,Outdoor Toys,Prism,182.04,448.96,1
1985,SKU-SPO-001985,Titan Water Sports Model-986,Sports & Outdoors,Water Sports,Titan,330.23,598.99,1
1986,SKU-APP-001986,Sol Accessories Model-987,Apparel,Accessories,Sol,75.77,162.62,1
1987,SKU-SPO-001987,Zenith Fitness Gear Model-988,Sports & Outdoors,Fitness Gear,Zenith,432.05,861.74,1
1988,SKU-ELE-001988,Echo Laptops Model-989,Electronics,Laptops,Echo,373.6,521.42,1
1989,SKU-APP-001989,Lumina Footwear Model-990,Apparel,Footwear,Lumina,224.83,431.69,1
1990,SKU-SPO-001990,Pulse Cycling Model-991,Sports & Outdoors,Cycling,Pulse,295.3,588.2,1
1991,SKU-APP-001991,Prism Footwear Model-992,Apparel,Footwear,Prism,15.7,34.97,1
1992,SKU-HOM-001992,Lumina Small Appliances Model-993,Home & Kitchen,Small Appliances,Lumina,87.47,190.79,1
1993,SKU-HOM-001993,Velocity Storage Model-994,Home & Kitchen,Storage,Velocity,278.77,378.38,1
1994,SKU-APP-001994,Aura Accessories Model-995,Apparel,Accessories,Aura,208.7,344.11,1
1995,SKU-AUT-001995,Vortex Car Care Model-996,Automotive,Car Care,Vortex,301.41,675.22,1
1996,SKU-BEA-001996,Sol Skincare Model-997,Beauty & Care,Skincare,Sol,186.17,310.84,1
1997,SKU-BEA-001997,Echo Fragrances Model-998,Beauty & Care,Fragrances,Echo,46.43,110.59,1
1998,SKU-AUT-001998,Echo Car Care Model-999,Automotive,Car Care,Echo,428.54,575.95,1
1999,SKU-GRO-001999,Sol Organic Foods Model-1000,Grocery & Pantry,Organic Foods,Sol,383.26,816.66,1
2000,SKU-AUT-002000,Matrix Oils & Fluids Model-001,Automotive,Oils & Fluids,Matrix,300.08,720.73,1
2001,SKU-GRO-002001,Pulse Condiments Model-002,Grocery & Pantry,Condiments,Pulse,86.05,160.98,1
2002,SKU-AUT-002002,Nova Oils & Fluids Model-003,Automotive,Oils & Fluids,Nova,217.31,300.03,1
2003,SKU-ELE-002003,Lumina Smart Home Model-004,Electronics,Smart Home,Lumina,213.96,288.46,1
2004,SKU-APP-002004,Vortex Women's Clothing Model-005,Apparel,Women's Clothing,Vortex,381.45,546.01,1
2005,SKU-BEA-002005,Summit Haircare Model-006,Beauty & Care,Haircare,Summit,421.49,929.15,1
2006,SKU-APP-002006,Sol Accessories Model-007,Apparel,Accessories,Sol,405.19,793.12,1
2007,SKU-ELE-002007,Vortex Laptops Model-008,Electronics,Laptops,Vortex,437.82,694.6,1
2008,SKU-HOM-002008,Zenith Bedding Model-009,Home & Kitchen,Bedding,Zenith,60.95,95.31,1
2009,SKU-BEA-002009,Lumina Haircare Model-010,Beauty & Care,Haircare,Lumina,223.22,556.45,1
2010,SKU-AUT-002010,Lumina Oils & Fluids Model-011,Automotive,Oils & Fluids,Lumina,406.25,962.53,1
2011,SKU-TOY-002011,Lumina Board Games Model-012,Toys & Games,Board Games,Lumina,22.46,29.42,1
2012,SKU-AUT-002012,Aura Car Care Model-013,Automotive,Car Care,Aura,200.31,406.96,1
2013,SKU-GRO-002013,Prism Breakfast Model-014,Grocery & Pantry,Breakfast,Prism,83.16,110.8,1
2014,SKU-AUT-002014,Titan Oils & Fluids Model-015,Automotive,Oils & Fluids,Titan,107.53,245.24,1
2015,SKU-APP-002015,Prism Women's Clothing Model-016,Apparel,Women's Clothing,Prism,350.93,525.32,1
2016,SKU-GRO-002016,Titan Canned Goods Model-017,Grocery & Pantry,Canned Goods,Titan,54.21,73.28,1
2017,SKU-ELE-002017,Lumina Laptops Model-018,Electronics,Laptops,Lumina,109.08,145.51,0
2018,SKU-TOY-002018,Lumina Board Games Model-019,Toys & Games,Board Games,Lumina,362.09,455.33,1
2019,SKU-TOY-002019,Horizon Board Games Model-020,Toys & Games,Board Games,Horizon,439.19,809.58,1
2020,SKU-AUT-002020,Horizon Oils & Fluids Model-021,Automotive,Oils & Fluids,Horizon,77.72,179.85,1
2021,SKU-BEA-002021,Prism Personal Care Model-022,Beauty & Care,Personal Care,Prism,400.76,645.7,1
2022,SKU-GRO-002022,Prism Beverages Model-023,Grocery & Pantry,Beverages,Prism,20.81,39.16,1
2023,SKU-TOY-002023,Aura Action Figures Model-024,Toys & Games,Action Figures,Aura,30.69,39.13,1
2024,SKU-TOY-002024,Velocity Action Figures Model-025,Toys & Games,Action Figures,Velocity,276.34,452.04,1
2025,SKU-SPO-002025,Titan Camping & Hiking Model-026,Sports & Outdoors,Camping & Hiking,Titan,264.92,425.97,1
2026,SKU-GRO-002026,Lumina Beverages Model-027,Grocery & Pantry,Beverages,Lumina,427.17,568.39,1
2027,SKU-GRO-002027,Zenith Snacks Model-028,Grocery & Pantry,Snacks,Zenith,171.89,386.78,1
2028,SKU-GRO-002028,Zenith Breakfast Model-029,Grocery & Pantry,Breakfast,Zenith,70.24,107.25,1
2029,SKU-HOM-002029,Matrix Cookware Model-030,Home & Kitchen,Cookware,Matrix,241.04,403.8,1
2030,SKU-GRO-002030,Prism Canned Goods Model-031,Grocery & Pantry,Canned Goods,Prism,37.25,54.35,1
2031,SKU-AUT-002031,Apex Car Care Model-032,Automotive,Car Care,Apex,173.47,219.82,1
2032,SKU-BEA-002032,Nova Cosmetics Model-033,Beauty & Care,Cosmetics,Nova,54.21,123.7,1
2033,SKU-APP-002033,Lumina Outerwear Model-034,Apparel,Outerwear,Lumina,425.76,696.03,1
2034,SKU-APP-002034,Echo Sportswear Model-035,Apparel,Sportswear,Echo,245.82,601.49,1
2035,SKU-GRO-002035,Lumina Canned Goods Model-036,Grocery & Pantry,Canned Goods,Lumina,46.14,89.22,1
2036,SKU-APP-002036,Matrix Accessories Model-037,Apparel,Accessories,Matrix,148.55,320.04,1
2037,SKU-HOM-002037,Pulse Storage Model-038,Home & Kitchen,Storage,Pulse,171.11,290.35,1
2038,SKU-GRO-002038,Nova Canned Goods Model-039,Grocery & Pantry,Canned Goods,Nova,225.59,521.63,1
2039,SKU-APP-002039,Vortex Outerwear Model-040,Apparel,Outerwear,Vortex,249.8,521.09,1
2040,SKU-ELE-002040,Velocity Accessories Model-041,Electronics,Accessories,Velocity,195.38,431.96,1
2041,SKU-HOM-002041,Prism Small Appliances Model-042,Home & Kitchen,Small Appliances,Prism,51.02,114.43,1
2042,SKU-AUT-002042,Vortex Car Care Model-043,Automotive,Car Care,Vortex,60.46,83.55,1
2043,SKU-HOM-002043,Zenith Small Appliances Model-044,Home & Kitchen,Small Appliances,Zenith,379.78,949.29,1
2044,SKU-TOY-002044,Apex Educational Toys Model-045,Toys & Games,Educational Toys,Apex,41.73,91.18,1
2045,SKU-APP-002045,Lumina Outerwear Model-046,Apparel,Outerwear,Lumina,63.43,92.21,1
2046,SKU-APP-002046,Horizon Accessories Model-047,Apparel,Accessories,Horizon,18.03,42.72,1
2047,SKU-GRO-002047,Velocity Organic Foods Model-048,Grocery & Pantry,Organic Foods,Velocity,269.98,576.37,1
2048,SKU-GRO-002048,Echo Canned Goods Model-049,Grocery & Pantry,Canned Goods,Echo,352.62,827.83,1
2049,SKU-TOY-002049,Apex Puzzles Model-050,Toys & Games,Puzzles,Apex,255.96,372.85,1
2050,SKU-GRO-002050,Matrix Breakfast Model-051,Grocery & Pantry,Breakfast,Matrix,309.1,571.65,1
2051,SKU-BEA-002051,Matrix Personal Care Model-052,Beauty & Care,Personal Care,Matrix,247.79,474.55,1
2052,SKU-HOM-002052,Vortex Small Appliances Model-053,Home & Kitchen,Small Appliances,Vortex,189.25,312.21,1
2053,SKU-APP-002053,Titan Outerwear Model-054,Apparel,Outerwear,Titan,41.46,90.88,1
2054,SKU-BEA-002054,Apex Cosmetics Model-055,Beauty & Care,Cosmetics,Apex,327.91,490.07,1
2055,SKU-SPO-002055,Prism Cycling Model-056,Sports & Outdoors,Cycling,Prism,157.42,318.82,1
2056,SKU-TOY-002056,Nova Educational Toys Model-057,Toys & Games,Educational Toys,Nova,405.41,1008.76,1
2057,SKU-SPO-002057,Zenith Team Sports Model-058,Sports & Outdoors,Team Sports,Zenith,154.96,343.64,1
2058,SKU-APP-002058,Velocity Outerwear Model-059,Apparel,Outerwear,Velocity,212.07,306.37,1
2059,SKU-GRO-002059,Apex Condiments Model-060,Grocery & Pantry,Condiments,Apex,202.34,418.45,0
2060,SKU-TOY-002060,Vortex Board Games Model-061,Toys & Games,Board Games,Vortex,260.42,400.85,1
2061,SKU-GRO-002061,Nova Beverages Model-062,Grocery & Pantry,Beverages,Nova,366.16,555.03,1
2062,SKU-HOM-002062,Vortex Small Appliances Model-063,Home & Kitchen,Small Appliances,Vortex,114.02,191.26,1
2063,SKU-SPO-002063,Lumina Team Sports Model-064,Sports & Outdoors,Team Sports,Lumina,149.82,283.67,1
2064,SKU-AUT-002064,Horizon Interior Accessories Model-065,Automotive,Interior Accessories,Horizon,37.73,50.89,1
2065,SKU-AUT-002065,Pulse Car Care Model-066,Automotive,Car Care,Pulse,316.57,703.8,1
2066,SKU-TOY-002066,Aura Educational Toys Model-067,Toys & Games,Educational Toys,Aura,410.37,1021.36,1
2067,SKU-BEA-002067,Zenith Haircare Model-068,Beauty & Care,Haircare,Zenith,17.14,28.79,1
2068,SKU-TOY-002068,Matrix Outdoor Toys Model-069,Toys & Games,Outdoor Toys,Matrix,343.12,540.32,1
2069,SKU-TOY-002069,Echo Action Figures Model-070,Toys & Games,Action Figures,Echo,11.62,26.22,1
2070,SKU-GRO-002070,Matrix Condiments Model-071,Grocery & Pantry,Condiments,Matrix,79.1,128.57,1
2071,SKU-SPO-002071,Nova Camping & Hiking Model-072,Sports & Outdoors,Camping & Hiking,Nova,341.67,497.3,1
2072,SKU-AUT-002072,Summit Interior Accessories Model-073,Automotive,Interior Accessories,Summit,210.59,394.11,0
2073,SKU-BEA-002073,Vortex Haircare Model-074,Beauty & Care,Haircare,Vortex,392.53,632.96,1
2074,SKU-GRO-002074,Zenith Breakfast Model-075,Grocery & Pantry,Breakfast,Zenith,101.61,198.75,1
2075,SKU-BEA-002075,Sol Fragrances Model-076,Beauty & Care,Fragrances,Sol,413.35,935.2,1
2076,SKU-ELE-002076,Vortex Smart Home Model-077,Electronics,Smart Home,Vortex,11.51,25.89,0
2077,SKU-HOM-002077,Apex Bedding Model-078,Home & Kitchen,Bedding,Apex,113.92,259.03,1
2078,SKU-SPO-002078,Horizon Camping & Hiking Model-079,Sports & Outdoors,Camping & Hiking,Horizon,324.6,453.7,1
2079,SKU-TOY-002079,Summit Puzzles Model-080,Toys & Games,Puzzles,Summit,327.36,586.59,1
2080,SKU-AUT-002080,Aura Tools & Equipment Model-081,Automotive,Tools & Equipment,Aura,156.46,213.29,0
2081,SKU-HOM-002081,Horizon Furniture Model-082,Home & Kitchen,Furniture,Horizon,90.4,220.24,1
2082,SKU-APP-002082,Matrix Accessories Model-083,Apparel,Accessories,Matrix,171.31,254.19,1
2083,SKU-TOY-002083,Nova Board Games Model-084,Toys & Games,Board Games,Nova,316.22,598.09,1
2084,SKU-ELE-002084,Vortex Accessories Model-085,Electronics,Accessories,Vortex,159.93,223.01,1
2085,SKU-SPO-002085,Pulse Fitness Gear Model-086,Sports & Outdoors,Fitness Gear,Pulse,447.2,959.49,1
2086,SKU-SPO-002086,Titan Camping & Hiking Model-087,Sports & Outdoors,Camping & Hiking,Titan,92.7,206.76,1
2087,SKU-SPO-002087,Velocity Team Sports Model-088,Sports & Outdoors,Team Sports,Velocity,40.33,83.2,1
2088,SKU-ELE-002088,Echo Audio & Headphones Model-089,Electronics,Audio & Headphones,Echo,398.39,759.66,1
2089,SKU-APP-002089,Zenith Sportswear Model-090,Apparel,Sportswear,Zenith,370.18,668.18,1
2090,SKU-BEA-002090,Horizon Haircare Model-091,Beauty & Care,Haircare,Horizon,427.65,735.38,1
2091,SKU-APP-002091,Matrix Accessories Model-092,Apparel,Accessories,Matrix,108.15,182.05,1
2092,SKU-BEA-002092,Prism Skincare Model-093,Beauty & Care,Skincare,Prism,91.83,222.25,1
2093,SKU-HOM-002093,Horizon Small Appliances Model-094,Home & Kitchen,Small Appliances,Horizon,405.56,801.31,1
2094,SKU-APP-002094,Summit Footwear Model-095,Apparel,Footwear,Summit,248.17,361.26,1
2095,SKU-HOM-002095,Pulse Cookware Model-096,Home & Kitchen,Cookware,Pulse,253.75,344.69,1
2096,SKU-ELE-002096,Lumina Smart Home Model-097,Electronics,Smart Home,Lumina,292,729.78,1
2097,SKU-AUT-002097,Sol Interior Accessories Model-098,Automotive,Interior Accessories,Sol,122.21,213.32,1
2098,SKU-APP-002098,Sol Women's Clothing Model-099,Apparel,Women's Clothing,Sol,187.85,294.77,1
2099,SKU-GRO-002099,Nova Beverages Model-100,Grocery & Pantry,Beverages,Nova,194.7,481.55,1
2100,SKU-BEA-002100,Sol Cosmetics Model-101,Beauty & Care,Cosmetics,Sol,403.58,978.02,1
2101,SKU-BEA-002101,Matrix Haircare Model-102,Beauty & Care,Haircare,Matrix,381.18,754.66,1
2102,SKU-BEA-002102,Lumina Fragrances Model-103,Beauty & Care,Fragrances,Lumina,397.31,892.33,1
2103,SKU-GRO-002103,Velocity Breakfast Model-104,Grocery & Pantry,Breakfast,Velocity,78.48,144.99,1
2104,SKU-AUT-002104,Horizon Tools & Equipment Model-105,Automotive,Tools & Equipment,Horizon,196.59,344.03,1
2105,SKU-APP-002105,Pulse Footwear Model-106,Apparel,Footwear,Pulse,384.66,605.21,1
2106,SKU-GRO-002106,Lumina Condiments Model-107,Grocery & Pantry,Condiments,Lumina,330.97,550.87,1
2107,SKU-AUT-002107,Apex Interior Accessories Model-108,Automotive,Interior Accessories,Apex,265.48,649.1,1
2108,SKU-GRO-002108,Titan Organic Foods Model-109,Grocery & Pantry,Organic Foods,Titan,180.53,361.12,1
2109,SKU-AUT-002109,Pulse Car Care Model-110,Automotive,Car Care,Pulse,237.59,381.95,1
2110,SKU-HOM-002110,Prism Cookware Model-111,Home & Kitchen,Cookware,Prism,74.67,103.11,1
2111,SKU-TOY-002111,Zenith Action Figures Model-112,Toys & Games,Action Figures,Zenith,320.47,771.51,1
2112,SKU-BEA-002112,Matrix Skincare Model-113,Beauty & Care,Skincare,Matrix,290.84,589.98,1
2113,SKU-BEA-002113,Apex Cosmetics Model-114,Beauty & Care,Cosmetics,Apex,280.31,681.36,1
2114,SKU-SPO-002114,Velocity Team Sports Model-115,Sports & Outdoors,Team Sports,Velocity,254.81,478.68,1
2115,SKU-GRO-002115,Nova Snacks Model-116,Grocery & Pantry,Snacks,Nova,231.53,478.57,1
2116,SKU-APP-002116,Sol Footwear Model-117,Apparel,Footwear,Sol,74.51,144.6,1
2117,SKU-BEA-002117,Vortex Skincare Model-118,Beauty & Care,Skincare,Vortex,382.22,653.35,1
2118,SKU-AUT-002118,Apex Tools & Equipment Model-119,Automotive,Tools & Equipment,Apex,402.21,733.43,1
2119,SKU-ELE-002119,Lumina Smartphones Model-120,Electronics,Smartphones,Lumina,85.23,116.23,1
2120,SKU-AUT-002120,Pulse Interior Accessories Model-121,Automotive,Interior Accessories,Pulse,36.82,71.41,1
2121,SKU-APP-002121,Pulse Footwear Model-122,Apparel,Footwear,Pulse,155.52,222.76,1
2122,SKU-GRO-002122,Aura Breakfast Model-123,Grocery & Pantry,Breakfast,Aura,317,762.46,1
2123,SKU-SPO-002123,Nova Fitness Gear Model-124,Sports & Outdoors,Fitness Gear,Nova,96.06,191.24,1
2124,SKU-APP-002124,Apex Accessories Model-125,Apparel,Accessories,Apex,203.8,342.16,1
2125,SKU-BEA-002125,Horizon Haircare Model-126,Beauty & Care,Haircare,Horizon,194.56,374.44,1
2126,SKU-HOM-002126,Prism Cookware Model-127,Home & Kitchen,Cookware,Prism,97.58,216.44,1
2127,SKU-BEA-002127,Titan Personal Care Model-128,Beauty & Care,Personal Care,Titan,199.9,334,1
2128,SKU-AUT-002128,Apex Interior Accessories Model-129,Automotive,Interior Accessories,Apex,351.97,454.48,1
2129,SKU-BEA-002129,Echo Cosmetics Model-130,Beauty & Care,Cosmetics,Echo,385.55,596.46,0
2130,SKU-BEA-002130,Sol Fragrances Model-131,Beauty & Care,Fragrances,Sol,202.18,378.32,1
2131,SKU-GRO-002131,Apex Condiments Model-132,Grocery & Pantry,Condiments,Apex,273.29,386.6,1
2132,SKU-ELE-002132,Sol Laptops Model-133,Electronics,Laptops,Sol,391.96,611.74,1
2133,SKU-BEA-002133,Apex Cosmetics Model-134,Beauty & Care,Cosmetics,Apex,54.17,97.79,1
2134,SKU-HOM-002134,Apex Cookware Model-135,Home & Kitchen,Cookware,Apex,344.15,828.13,1
2135,SKU-ELE-002135,Titan Wearables Model-136,Electronics,Wearables,Titan,340.46,683.65,1
2136,SKU-BEA-002136,Zenith Haircare Model-137,Beauty & Care,Haircare,Zenith,121.45,256.16,1
2137,SKU-ELE-002137,Apex Audio & Headphones Model-138,Electronics,Audio & Headphones,Apex,22.35,48.95,1
2138,SKU-SPO-002138,Prism Water Sports Model-139,Sports & Outdoors,Water Sports,Prism,102.74,205.65,1
2139,SKU-APP-002139,Lumina Outerwear Model-140,Apparel,Outerwear,Lumina,186.37,452.94,1
2140,SKU-SPO-002140,Matrix Team Sports Model-141,Sports & Outdoors,Team Sports,Matrix,18.59,24.53,1
2141,SKU-AUT-002141,Aura Tools & Equipment Model-142,Automotive,Tools & Equipment,Aura,329.89,784.62,1
2142,SKU-ELE-002142,Echo Accessories Model-143,Electronics,Accessories,Echo,350.7,540.02,1
2143,SKU-APP-002143,Sol Outerwear Model-144,Apparel,Outerwear,Sol,391.31,825.82,0
2144,SKU-GRO-002144,Summit Snacks Model-145,Grocery & Pantry,Snacks,Summit,46.41,96.16,1
2145,SKU-SPO-002145,Pulse Fitness Gear Model-146,Sports & Outdoors,Fitness Gear,Pulse,356.77,467.87,1
2146,SKU-TOY-002146,Titan Action Figures Model-147,Toys & Games,Action Figures,Titan,234.69,482.78,1
2147,SKU-HOM-002147,Summit Small Appliances Model-148,Home & Kitchen,Small Appliances,Summit,144.44,240.93,1
2148,SKU-HOM-002148,Vortex Furniture Model-149,Home & Kitchen,Furniture,Vortex,148.91,216.71,1
2149,SKU-HOM-002149,Summit Bedding Model-150,Home & Kitchen,Bedding,Summit,36.43,64.9,1
2150,SKU-SPO-002150,Velocity Water Sports Model-151,Sports & Outdoors,Water Sports,Velocity,7.35,16.8,0
2151,SKU-GRO-002151,Zenith Canned Goods Model-152,Grocery & Pantry,Canned Goods,Zenith,325.56,420.44,1
2152,SKU-SPO-002152,Velocity Camping & Hiking Model-153,Sports & Outdoors,Camping & Hiking,Velocity,328.75,488.1,1
2153,SKU-TOY-002153,Lumina Educational Toys Model-154,Toys & Games,Educational Toys,Lumina,383,743.3,1
2154,SKU-ELE-002154,Apex Wearables Model-155,Electronics,Wearables,Apex,313.98,681.63,1
2155,SKU-APP-002155,Apex Accessories Model-156,Apparel,Accessories,Apex,258.77,543.76,1
2156,SKU-TOY-002156,Apex Outdoor Toys Model-157,Toys & Games,Outdoor Toys,Apex,314.57,503.42,1
2157,SKU-TOY-002157,Echo Action Figures Model-158,Toys & Games,Action Figures,Echo,158.91,336.51,1
2158,SKU-GRO-002158,Prism Organic Foods Model-159,Grocery & Pantry,Organic Foods,Prism,291.48,676.62,1
2159,SKU-TOY-002159,Zenith Puzzles Model-160,Toys & Games,Puzzles,Zenith,346.32,741.39,1
2160,SKU-ELE-002160,Apex Wearables Model-161,Electronics,Wearables,Apex,79.79,169.79,1
2161,SKU-AUT-002161,Nova Oils & Fluids Model-162,Automotive,Oils & Fluids,Nova,271.83,398.7,1
2162,SKU-BEA-002162,Titan Fragrances Model-163,Beauty & Care,Fragrances,Titan,352.81,460.89,1
2163,SKU-AUT-002163,Lumina Car Care Model-164,Automotive,Car Care,Lumina,30.19,40.03,1
2164,SKU-BEA-002164,Prism Personal Care Model-165,Beauty & Care,Personal Care,Prism,385.21,875.44,1
2165,SKU-APP-002165,Sol Outerwear Model-166,Apparel,Outerwear,Sol,369.09,827.75,1
2166,SKU-TOY-002166,Aura Action Figures Model-167,Toys & Games,Action Figures,Aura,253.5,562.32,1
2167,SKU-ELE-002167,Titan Audio & Headphones Model-168,Electronics,Audio & Headphones,Titan,240.94,527.67,1
2168,SKU-APP-002168,Velocity Accessories Model-169,Apparel,Accessories,Velocity,133.66,288.01,1
2169,SKU-ELE-002169,Prism Smart Home Model-170,Electronics,Smart Home,Prism,408.44,750.3,1
2170,SKU-SPO-002170,Prism Water Sports Model-171,Sports & Outdoors,Water Sports,Prism,231.16,453.91,1
2171,SKU-HOM-002171,Summit Storage Model-172,Home & Kitchen,Storage,Summit,12.97,29.67,1
2172,SKU-TOY-002172,Prism Educational Toys Model-173,Toys & Games,Educational Toys,Prism,243.22,367.96,1
2173,SKU-BEA-002173,Titan Skincare Model-174,Beauty & Care,Skincare,Titan,341.46,559.19,1
2174,SKU-AUT-002174,Nova Car Care Model-175,Automotive,Car Care,Nova,111.37,153.03,1
2175,SKU-SPO-002175,Summit Fitness Gear Model-176,Sports & Outdoors,Fitness Gear,Summit,343.08,815.32,1
2176,SKU-AUT-002176,Sol Oils & Fluids Model-177,Automotive,Oils & Fluids,Sol,426.3,615.04,1
2177,SKU-BEA-002177,Apex Cosmetics Model-178,Beauty & Care,Cosmetics,Apex,356.61,760.41,1
2178,SKU-HOM-002178,Horizon Bedding Model-179,Home & Kitchen,Bedding,Horizon,420.11,967.24,0
2179,SKU-BEA-002179,Zenith Cosmetics Model-180,Beauty & Care,Cosmetics,Zenith,321.27,578.65,0
2180,SKU-SPO-002180,Aura Fitness Gear Model-181,Sports & Outdoors,Fitness Gear,Aura,152.52,337.55,1
2181,SKU-APP-002181,Prism Men's Clothing Model-182,Apparel,Men's Clothing,Prism,103.67,258.48,1
2182,SKU-TOY-002182,Zenith Board Games Model-183,Toys & Games,Board Games,Zenith,89.02,136.91,1
2183,SKU-GRO-002183,Zenith Condiments Model-184,Grocery & Pantry,Condiments,Zenith,399.48,564.87,1
2184,SKU-GRO-002184,Nova Condiments Model-185,Grocery & Pantry,Condiments,Nova,447.32,892.16,1
2185,SKU-GRO-002185,Vortex Beverages Model-186,Grocery & Pantry,Beverages,Vortex,254.96,506.94,1
2186,SKU-SPO-002186,Zenith Camping & Hiking Model-187,Sports & Outdoors,Camping & Hiking,Zenith,266.18,630.7,1
2187,SKU-AUT-002187,Velocity Oils & Fluids Model-188,Automotive,Oils & Fluids,Velocity,323.47,595.02,1
2188,SKU-GRO-002188,Zenith Snacks Model-189,Grocery & Pantry,Snacks,Zenith,447.38,737.51,1
2189,SKU-BEA-002189,Vortex Fragrances Model-190,Beauty & Care,Fragrances,Vortex,295.72,658.48,1
2190,SKU-GRO-002190,Prism Breakfast Model-191,Grocery & Pantry,Breakfast,Prism,317.34,557.03,1
2191,SKU-HOM-002191,Prism Cookware Model-192,Home & Kitchen,Cookware,Prism,419.17,627.47,1
2192,SKU-AUT-002192,Aura Tools & Equipment Model-193,Automotive,Tools & Equipment,Aura,332.84,590.06,1
2193,SKU-TOY-002193,Prism Outdoor Toys Model-194,Toys & Games,Outdoor Toys,Prism,336,695.71,1
2194,SKU-ELE-002194,Sol Smartphones Model-195,Electronics,Smartphones,Sol,300.73,401.45,1
2195,SKU-HOM-002195,Apex Small Appliances Model-196,Home & Kitchen,Small Appliances,Apex,40.05,97.29,1
2196,SKU-BEA-002196,Nova Personal Care Model-197,Beauty & Care,Personal Care,Nova,80.71,179.01,1
2197,SKU-GRO-002197,Echo Snacks Model-198,Grocery & Pantry,Snacks,Echo,436.88,766.42,1
2198,SKU-HOM-002198,Aura Small Appliances Model-199,Home & Kitchen,Small Appliances,Aura,175.68,364.75,1
2199,SKU-APP-002199,Lumina Footwear Model-200,Apparel,Footwear,Lumina,398.34,513.77,1
2200,SKU-TOY-002200,Horizon Outdoor Toys Model-201,Toys & Games,Outdoor Toys,Horizon,178.72,247.95,1
2201,SKU-GRO-002201,Vortex Breakfast Model-202,Grocery & Pantry,Breakfast,Vortex,170.84,414.09,0
2202,SKU-AUT-002202,Sol Car Care Model-203,Automotive,Car Care,Sol,402.37,568.36,1
2203,SKU-ELE-002203,Velocity Accessories Model-204,Electronics,Accessories,Velocity,164.07,359.16,1
2204,SKU-GRO-002204,Prism Organic Foods Model-205,Grocery & Pantry,Organic Foods,Prism,332.12,566.78,1
2205,SKU-APP-002205,Apex Sportswear Model-206,Apparel,Sportswear,Apex,387.4,838.78,1
2206,SKU-GRO-002206,Aura Canned Goods Model-207,Grocery & Pantry,Canned Goods,Aura,35.03,66.25,1
2207,SKU-AUT-002207,Nova Interior Accessories Model-208,Automotive,Interior Accessories,Nova,37.37,77.53,1
2208,SKU-GRO-002208,Sol Snacks Model-209,Grocery & Pantry,Snacks,Sol,58.41,101.94,1
2209,SKU-AUT-002209,Echo Car Care Model-210,Automotive,Car Care,Echo,186.52,430.97,1
2210,SKU-SPO-002210,Zenith Camping & Hiking Model-211,Sports & Outdoors,Camping & Hiking,Zenith,410.89,1012.49,1
2211,SKU-BEA-002211,Vortex Cosmetics Model-212,Beauty & Care,Cosmetics,Vortex,400.82,704.82,1
2212,SKU-GRO-002212,Summit Beverages Model-213,Grocery & Pantry,Beverages,Summit,229.72,522.27,1
2213,SKU-AUT-002213,Horizon Car Care Model-214,Automotive,Car Care,Horizon,256.44,388.39,1
2214,SKU-APP-002214,Nova Outerwear Model-215,Apparel,Outerwear,Nova,70.01,125.79,1
2215,SKU-SPO-002215,Apex Cycling Model-216,Sports & Outdoors,Cycling,Apex,118.82,185.79,1
2216,SKU-GRO-002216,Echo Canned Goods Model-217,Grocery & Pantry,Canned Goods,Echo,129.17,171.11,1
2217,SKU-APP-002217,Zenith Outerwear Model-218,Apparel,Outerwear,Zenith,18.5,40.32,1
2218,SKU-BEA-002218,Titan Personal Care Model-219,Beauty & Care,Personal Care,Titan,246.73,312.88,1
2219,SKU-TOY-002219,Prism Outdoor Toys Model-220,Toys & Games,Outdoor Toys,Prism,5.47,13.33,0
2220,SKU-ELE-002220,Pulse Laptops Model-221,Electronics,Laptops,Pulse,130.07,181.24,1
2221,SKU-AUT-002221,Nova Oils & Fluids Model-222,Automotive,Oils & Fluids,Nova,78.67,184.51,1
2222,SKU-APP-002222,Pulse Outerwear Model-223,Apparel,Outerwear,Pulse,331.16,590.12,0
2223,SKU-ELE-002223,Summit Smart Home Model-224,Electronics,Smart Home,Summit,280.66,644.17,1
2224,SKU-AUT-002224,Aura Oils & Fluids Model-225,Automotive,Oils & Fluids,Aura,224.66,386.51,1
2225,SKU-GRO-002225,Velocity Beverages Model-226,Grocery & Pantry,Beverages,Velocity,124.79,176.05,1
2226,SKU-SPO-002226,Aura Fitness Gear Model-227,Sports & Outdoors,Fitness Gear,Aura,218.53,516.26,1
2227,SKU-SPO-002227,Prism Water Sports Model-228,Sports & Outdoors,Water Sports,Prism,50.33,104.52,1
2228,SKU-GRO-002228,Echo Organic Foods Model-229,Grocery & Pantry,Organic Foods,Echo,215.48,329.93,1
2229,SKU-TOY-002229,Matrix Puzzles Model-230,Toys & Games,Puzzles,Matrix,390.05,862.13,1
2230,SKU-SPO-002230,Lumina Team Sports Model-231,Sports & Outdoors,Team Sports,Lumina,209.69,262.54,1
2231,SKU-APP-002231,Zenith Footwear Model-232,Apparel,Footwear,Zenith,11.32,14.19,1
2232,SKU-BEA-002232,Velocity Fragrances Model-233,Beauty & Care,Fragrances,Velocity,298.69,701.87,1
2233,SKU-HOM-002233,Zenith Decor Model-234,Home & Kitchen,Decor,Zenith,361.83,845.86,1
2234,SKU-GRO-002234,Sol Beverages Model-235,Grocery & Pantry,Beverages,Sol,259.33,595.02,1
2235,SKU-HOM-002235,Nova Furniture Model-236,Home & Kitchen,Furniture,Nova,11.88,22.79,1
2236,SKU-GRO-002236,Summit Snacks Model-237,Grocery & Pantry,Snacks,Summit,21.9,30.34,1
2237,SKU-SPO-002237,Horizon Cycling Model-238,Sports & Outdoors,Cycling,Horizon,17.6,22.34,1
2238,SKU-HOM-002238,Sol Decor Model-239,Home & Kitchen,Decor,Sol,243.96,358.94,1
2239,SKU-TOY-002239,Lumina Action Figures Model-240,Toys & Games,Action Figures,Lumina,218.73,451.19,1
2240,SKU-ELE-002240,Velocity Smart Home Model-241,Electronics,Smart Home,Velocity,111.76,149.63,1
2241,SKU-SPO-002241,Summit Fitness Gear Model-242,Sports & Outdoors,Fitness Gear,Summit,331.59,520.02,1
2242,SKU-APP-002242,Titan Women's Clothing Model-243,Apparel,Women's Clothing,Titan,23.12,32.41,0
2243,SKU-ELE-002243,Nova Laptops Model-244,Electronics,Laptops,Nova,368.98,505.56,1
2244,SKU-SPO-002244,Zenith Team Sports Model-245,Sports & Outdoors,Team Sports,Zenith,57.13,109.73,1
2245,SKU-ELE-002245,Summit Smart Home Model-246,Electronics,Smart Home,Summit,140.42,226.48,1
2246,SKU-ELE-002246,Matrix Smartphones Model-247,Electronics,Smartphones,Matrix,263.59,626.82,1
2247,SKU-APP-002247,Echo Outerwear Model-248,Apparel,Outerwear,Echo,50.25,91.56,1
2248,SKU-SPO-002248,Horizon Fitness Gear Model-249,Sports & Outdoors,Fitness Gear,Horizon,437.26,589.19,1
2249,SKU-TOY-002249,Summit Action Figures Model-250,Toys & Games,Action Figures,Summit,211.04,383.32,1
2250,SKU-TOY-002250,Titan Board Games Model-251,Toys & Games,Board Games,Titan,160.3,261.68,1
2251,SKU-TOY-002251,Sol Educational Toys Model-252,Toys & Games,Educational Toys,Sol,253.63,428.43,1
2252,SKU-BEA-002252,Matrix Personal Care Model-253,Beauty & Care,Personal Care,Matrix,161.87,341.17,1
2253,SKU-GRO-002253,Summit Breakfast Model-254,Grocery & Pantry,Breakfast,Summit,137.09,238.41,1
2254,SKU-BEA-002254,Vortex Cosmetics Model-255,Beauty & Care,Cosmetics,Vortex,126.97,186.95,1
2255,SKU-APP-002255,Summit Accessories Model-256,Apparel,Accessories,Summit,443.05,590.06,0
2256,SKU-GRO-002256,Vortex Beverages Model-257,Grocery & Pantry,Beverages,Vortex,106.55,220.28,1
2257,SKU-BEA-002257,Velocity Personal Care Model-258,Beauty & Care,Personal Care,Velocity,11.04,25.6,1
2258,SKU-GRO-002258,Zenith Organic Foods Model-259,Grocery & Pantry,Organic Foods,Zenith,43.31,75.15,1
2259,SKU-HOM-002259,Velocity Small Appliances Model-260,Home & Kitchen,Small Appliances,Velocity,382.78,713.7,1
2260,SKU-GRO-002260,Matrix Canned Goods Model-261,Grocery & Pantry,Canned Goods,Matrix,449.42,912.49,1
2261,SKU-GRO-002261,Summit Snacks Model-262,Grocery & Pantry,Snacks,Summit,333.93,822.05,1
2262,SKU-HOM-002262,Pulse Bedding Model-263,Home & Kitchen,Bedding,Pulse,209.57,505.59,1
2263,SKU-APP-002263,Matrix Footwear Model-264,Apparel,Footwear,Matrix,26.13,53.52,0
2264,SKU-TOY-002264,Lumina Action Figures Model-265,Toys & Games,Action Figures,Lumina,111.98,273.92,1
2265,SKU-AUT-002265,Nova Car Care Model-266,Automotive,Car Care,Nova,82.97,108.34,1
2266,SKU-AUT-002266,Echo Car Care Model-267,Automotive,Car Care,Echo,34.1,42.81,1
2267,SKU-APP-002267,Velocity Accessories Model-268,Apparel,Accessories,Velocity,132.7,279.97,1
2268,SKU-SPO-002268,Zenith Team Sports Model-269,Sports & Outdoors,Team Sports,Zenith,392.54,572.58,1
2269,SKU-TOY-002269,Matrix Board Games Model-270,Toys & Games,Board Games,Matrix,282.35,459.85,1
2270,SKU-APP-002270,Echo Footwear Model-271,Apparel,Footwear,Echo,109.69,196.8,1
2271,SKU-ELE-002271,Titan Wearables Model-272,Electronics,Wearables,Titan,27.04,45.7,1
2272,SKU-TOY-002272,Sol Educational Toys Model-273,Toys & Games,Educational Toys,Sol,436.71,986.23,1
2273,SKU-SPO-002273,Matrix Team Sports Model-274,Sports & Outdoors,Team Sports,Matrix,41.5,73.23,1
2274,SKU-BEA-002274,Velocity Personal Care Model-275,Beauty & Care,Personal Care,Velocity,387.44,534.93,1
2275,SKU-APP-002275,Zenith Footwear Model-276,Apparel,Footwear,Zenith,358.73,740.76,1
2276,SKU-GRO-002276,Apex Snacks Model-277,Grocery & Pantry,Snacks,Apex,207.35,339.1,1
2277,SKU-BEA-002277,Sol Personal Care Model-278,Beauty & Care,Personal Care,Sol,142.47,341.88,1
2278,SKU-APP-002278,Prism Accessories Model-279,Apparel,Accessories,Prism,261.23,339.53,1
2279,SKU-APP-002279,Aura Outerwear Model-280,Apparel,Outerwear,Aura,203.29,392.3,1
2280,SKU-AUT-002280,Sol Tools & Equipment Model-281,Automotive,Tools & Equipment,Sol,298.27,440.11,1
2281,SKU-AUT-002281,Titan Interior Accessories Model-282,Automotive,Interior Accessories,Titan,193.09,382.59,1
2282,SKU-GRO-002282,Vortex Condiments Model-283,Grocery & Pantry,Condiments,Vortex,346.4,639.11,1
2283,SKU-TOY-002283,Zenith Educational Toys Model-284,Toys & Games,Educational Toys,Zenith,151.4,223.97,1
2284,SKU-ELE-002284,Echo Wearables Model-285,Electronics,Wearables,Echo,120.61,251.35,1
2285,SKU-BEA-002285,Lumina Personal Care Model-286,Beauty & Care,Personal Care,Lumina,326.81,448.16,1
2286,SKU-ELE-002286,Echo Accessories Model-287,Electronics,Accessories,Echo,147.45,365.97,1
2287,SKU-APP-002287,Velocity Men's Clothing Model-288,Apparel,Men's Clothing,Velocity,218.57,378.64,1
2288,SKU-GRO-002288,Lumina Canned Goods Model-289,Grocery & Pantry,Canned Goods,Lumina,32.89,49.99,1
2289,SKU-SPO-002289,Aura Team Sports Model-290,Sports & Outdoors,Team Sports,Aura,15.78,35.89,1
2290,SKU-GRO-002290,Lumina Condiments Model-291,Grocery & Pantry,Condiments,Lumina,325.37,730.55,1
2291,SKU-HOM-002291,Matrix Cookware Model-292,Home & Kitchen,Cookware,Matrix,352.29,690.95,1
2292,SKU-BEA-002292,Horizon Skincare Model-293,Beauty & Care,Skincare,Horizon,144.76,270.72,1
2293,SKU-TOY-002293,Matrix Action Figures Model-294,Toys & Games,Action Figures,Matrix,241.21,361.68,1
2294,SKU-AUT-002294,Nova Interior Accessories Model-295,Automotive,Interior Accessories,Nova,111.19,250.78,1
2295,SKU-ELE-002295,Pulse Audio & Headphones Model-296,Electronics,Audio & Headphones,Pulse,194.41,437.33,1
2296,SKU-ELE-002296,Sol Wearables Model-297,Electronics,Wearables,Sol,379.17,557.06,1
2297,SKU-BEA-002297,Sol Personal Care Model-298,Beauty & Care,Personal Care,Sol,338.57,672.17,1
2298,SKU-TOY-002298,Vortex Puzzles Model-299,Toys & Games,Puzzles,Vortex,43.51,83.55,1
2299,SKU-HOM-002299,Lumina Small Appliances Model-300,Home & Kitchen,Small Appliances,Lumina,160.69,271.05,1
2300,SKU-TOY-002300,Aura Educational Toys Model-301,Toys & Games,Educational Toys,Aura,330.35,514.05,1
2301,SKU-BEA-002301,Sol Skincare Model-302,Beauty & Care,Skincare,Sol,431.76,729.56,1
2302,SKU-HOM-002302,Pulse Small Appliances Model-303,Home & Kitchen,Small Appliances,Pulse,53.23,70.54,1
2303,SKU-TOY-002303,Aura Action Figures Model-304,Toys & Games,Action Figures,Aura,109.42,164.31,1
2304,SKU-APP-002304,Aura Accessories Model-305,Apparel,Accessories,Aura,96.88,241.32,1
2305,SKU-HOM-002305,Prism Storage Model-306,Home & Kitchen,Storage,Prism,19.85,27.69,1
2306,SKU-TOY-002306,Sol Board Games Model-307,Toys & Games,Board Games,Sol,374.39,848.48,1
2307,SKU-ELE-002307,Titan Wearables Model-308,Electronics,Wearables,Titan,176.24,380.18,1
2308,SKU-HOM-002308,Aura Bedding Model-309,Home & Kitchen,Bedding,Aura,37.69,66.58,1
2309,SKU-BEA-002309,Apex Personal Care Model-310,Beauty & Care,Personal Care,Apex,329.07,427.49,1
2310,SKU-TOY-002310,Horizon Educational Toys Model-311,Toys & Games,Educational Toys,Horizon,276.66,535.26,1
2311,SKU-GRO-002311,Lumina Organic Foods Model-312,Grocery & Pantry,Organic Foods,Lumina,435.4,694.83,1
2312,SKU-AUT-002312,Zenith Tools & Equipment Model-313,Automotive,Tools & Equipment,Zenith,242.67,514.89,1
2313,SKU-HOM-002313,Apex Decor Model-314,Home & Kitchen,Decor,Apex,246.74,405.24,1
2314,SKU-GRO-002314,Aura Condiments Model-315,Grocery & Pantry,Condiments,Aura,296.44,559.53,1
2315,SKU-GRO-002315,Aura Beverages Model-316,Grocery & Pantry,Beverages,Aura,230.11,498.89,1
2316,SKU-BEA-002316,Apex Fragrances Model-317,Beauty & Care,Fragrances,Apex,344.05,595.42,1
2317,SKU-TOY-002317,Titan Board Games Model-318,Toys & Games,Board Games,Titan,202.14,394.64,0
2318,SKU-GRO-002318,Aura Snacks Model-319,Grocery & Pantry,Snacks,Aura,61.39,78.47,1
2319,SKU-BEA-002319,Lumina Haircare Model-320,Beauty & Care,Haircare,Lumina,304.11,646.75,1
2320,SKU-AUT-002320,Summit Oils & Fluids Model-321,Automotive,Oils & Fluids,Summit,132.91,288.76,1
2321,SKU-ELE-002321,Horizon Wearables Model-322,Electronics,Wearables,Horizon,336.81,708.17,1
2322,SKU-HOM-002322,Titan Small Appliances Model-323,Home & Kitchen,Small Appliances,Titan,267.71,401.96,1
2323,SKU-ELE-002323,Nova Smartphones Model-324,Electronics,Smartphones,Nova,214.07,477.33,1
2324,SKU-APP-002324,Zenith Sportswear Model-325,Apparel,Sportswear,Zenith,340.95,516.23,1
2325,SKU-SPO-002325,Summit Camping & Hiking Model-326,Sports & Outdoors,Camping & Hiking,Summit,310.09,401.59,1
2326,SKU-APP-002326,Lumina Accessories Model-327,Apparel,Accessories,Lumina,227.81,530.39,1
2327,SKU-ELE-002327,Lumina Accessories Model-328,Electronics,Accessories,Lumina,136.28,326.22,1
2328,SKU-HOM-002328,Titan Bedding Model-329,Home & Kitchen,Bedding,Titan,406.62,712.01,1
2329,SKU-GRO-002329,Apex Organic Foods Model-330,Grocery & Pantry,Organic Foods,Apex,7.36,14.11,1
2330,SKU-GRO-002330,Horizon Organic Foods Model-331,Grocery & Pantry,Organic Foods,Horizon,319.28,594.71,1
2331,SKU-GRO-002331,Zenith Condiments Model-332,Grocery & Pantry,Condiments,Zenith,294.03,398.2,1
2332,SKU-SPO-002332,Apex Camping & Hiking Model-333,Sports & Outdoors,Camping & Hiking,Apex,134.88,218.59,1
2333,SKU-AUT-002333,Titan Car Care Model-334,Automotive,Car Care,Titan,58.28,80.31,1
2334,SKU-ELE-002334,Vortex Audio & Headphones Model-335,Electronics,Audio & Headphones,Vortex,122.48,170.22,1
2335,SKU-APP-002335,Matrix Men's Clothing Model-336,Apparel,Men's Clothing,Matrix,115.25,164.53,1
2336,SKU-TOY-002336,Summit Educational Toys Model-337,Toys & Games,Educational Toys,Summit,292.32,399.97,1
2337,SKU-APP-002337,Lumina Women's Clothing Model-338,Apparel,Women's Clothing,Lumina,205.05,419.21,1
2338,SKU-APP-002338,Aura Footwear Model-339,Apparel,Footwear,Aura,349.09,527.96,1
2339,SKU-BEA-002339,Matrix Haircare Model-340,Beauty & Care,Haircare,Matrix,263.69,647.4,1
2340,SKU-AUT-002340,Pulse Car Care Model-341,Automotive,Car Care,Pulse,76.76,165.44,1
2341,SKU-HOM-002341,Horizon Small Appliances Model-342,Home & Kitchen,Small Appliances,Horizon,326.06,642.02,1
2342,SKU-ELE-002342,Summit Smart Home Model-343,Electronics,Smart Home,Summit,289.38,650.9,1
2343,SKU-ELE-002343,Vortex Accessories Model-344,Electronics,Accessories,Vortex,329.66,669.16,1
2344,SKU-BEA-002344,Summit Personal Care Model-345,Beauty & Care,Personal Care,Summit,95,226.25,1
2345,SKU-AUT-002345,Matrix Car Care Model-346,Automotive,Car Care,Matrix,151.95,307.96,1
2346,SKU-BEA-002346,Summit Cosmetics Model-347,Beauty & Care,Cosmetics,Summit,126.73,190.63,1
2347,SKU-AUT-002347,Pulse Car Care Model-348,Automotive,Car Care,Pulse,42.77,71.77,1
2348,SKU-TOY-002348,Vortex Outdoor Toys Model-349,Toys & Games,Outdoor Toys,Vortex,384.26,795.48,1
2349,SKU-SPO-002349,Sol Water Sports Model-350,Sports & Outdoors,Water Sports,Sol,233.91,329.56,1
2350,SKU-GRO-002350,Summit Beverages Model-351,Grocery & Pantry,Beverages,Summit,68.76,94.51,1
2351,SKU-SPO-002351,Horizon Camping & Hiking Model-352,Sports & Outdoors,Camping & Hiking,Horizon,313.53,448.92,1
2352,SKU-ELE-002352,Matrix Smart Home Model-353,Electronics,Smart Home,Matrix,373.51,583.04,1
2353,SKU-HOM-002353,Horizon Bedding Model-354,Home & Kitchen,Bedding,Horizon,29.16,70.94,1
2354,SKU-APP-002354,Lumina Outerwear Model-355,Apparel,Outerwear,Lumina,424.68,538.96,1
2355,SKU-ELE-002355,Apex Smart Home Model-356,Electronics,Smart Home,Apex,405.54,747.17,1
2356,SKU-TOY-002356,Apex Outdoor Toys Model-357,Toys & Games,Outdoor Toys,Apex,231.74,375.5,1
2357,SKU-HOM-002357,Velocity Furniture Model-358,Home & Kitchen,Furniture,Velocity,132.12,244.36,0
2358,SKU-HOM-002358,Pulse Small Appliances Model-359,Home & Kitchen,Small Appliances,Pulse,290.38,716.54,1
2359,SKU-APP-002359,Nova Men's Clothing Model-360,Apparel,Men's Clothing,Nova,224.83,288.14,1
2360,SKU-APP-002360,Apex Accessories Model-361,Apparel,Accessories,Apex,387.46,742.61,1
2361,SKU-TOY-002361,Titan Board Games Model-362,Toys & Games,Board Games,Titan,111.89,221.46,1
2362,SKU-APP-002362,Summit Women's Clothing Model-363,Apparel,Women's Clothing,Summit,6.16,10.08,1
2363,SKU-ELE-002363,Summit Smartphones Model-364,Electronics,Smartphones,Summit,377.17,507.16,1
2364,SKU-HOM-002364,Titan Decor Model-365,Home & Kitchen,Decor,Titan,387.32,549.16,1
2365,SKU-HOM-002365,Summit Cookware Model-366,Home & Kitchen,Cookware,Summit,442.09,589.58,1
2366,SKU-HOM-002366,Echo Bedding Model-367,Home & Kitchen,Bedding,Echo,405.89,913.09,1
2367,SKU-AUT-002367,Vortex Tools & Equipment Model-368,Automotive,Tools & Equipment,Vortex,26.59,59.19,1
2368,SKU-SPO-002368,Echo Water Sports Model-369,Sports & Outdoors,Water Sports,Echo,85.54,180.06,1
2369,SKU-AUT-002369,Horizon Car Care Model-370,Automotive,Car Care,Horizon,273.87,407.25,1
2370,SKU-TOY-002370,Vortex Outdoor Toys Model-371,Toys & Games,Outdoor Toys,Vortex,322.21,580.31,1
2371,SKU-AUT-002371,Apex Oils & Fluids Model-372,Automotive,Oils & Fluids,Apex,38.08,67.57,1
2372,SKU-ELE-002372,Summit Audio & Headphones Model-373,Electronics,Audio & Headphones,Summit,323.52,804.69,1
2373,SKU-SPO-002373,Summit Camping & Hiking Model-374,Sports & Outdoors,Camping & Hiking,Summit,318.99,498.97,1
2374,SKU-APP-002374,Summit Sportswear Model-375,Apparel,Sportswear,Summit,114.44,250.68,1
2375,SKU-SPO-002375,Pulse Water Sports Model-376,Sports & Outdoors,Water Sports,Pulse,287.69,696.21,1
2376,SKU-GRO-002376,Titan Condiments Model-377,Grocery & Pantry,Condiments,Titan,152.87,292.73,1
2377,SKU-GRO-002377,Nova Canned Goods Model-378,Grocery & Pantry,Canned Goods,Nova,177.39,296.8,0
2378,SKU-ELE-002378,Vortex Smart Home Model-379,Electronics,Smart Home,Vortex,24.52,43.28,1
2379,SKU-AUT-002379,Velocity Car Care Model-380,Automotive,Car Care,Velocity,297.71,707.8,1
2380,SKU-BEA-002380,Echo Fragrances Model-381,Beauty & Care,Fragrances,Echo,282.92,682.38,1
2381,SKU-AUT-002381,Zenith Interior Accessories Model-382,Automotive,Interior Accessories,Zenith,389.94,740.07,1
2382,SKU-TOY-002382,Pulse Educational Toys Model-383,Toys & Games,Educational Toys,Pulse,223.54,518.3,1
2383,SKU-APP-002383,Prism Men's Clothing Model-384,Apparel,Men's Clothing,Prism,230.72,417.05,0
2384,SKU-ELE-002384,Aura Smart Home Model-385,Electronics,Smart Home,Aura,372.27,640,1
2385,SKU-AUT-002385,Matrix Car Care Model-386,Automotive,Car Care,Matrix,374.05,646.72,1
2386,SKU-ELE-002386,Summit Audio & Headphones Model-387,Electronics,Audio & Headphones,Summit,33.03,77.84,1
2387,SKU-ELE-002387,Titan Smart Home Model-388,Electronics,Smart Home,Titan,155.11,314.42,1
2388,SKU-GRO-002388,Zenith Beverages Model-389,Grocery & Pantry,Beverages,Zenith,323.2,774.32,0
2389,SKU-BEA-002389,Summit Fragrances Model-390,Beauty & Care,Fragrances,Summit,438.33,708.09,1
2390,SKU-BEA-002390,Nova Skincare Model-391,Beauty & Care,Skincare,Nova,365.61,833.08,1
2391,SKU-SPO-002391,Apex Water Sports Model-392,Sports & Outdoors,Water Sports,Apex,229.07,336.88,1
2392,SKU-GRO-002392,Prism Canned Goods Model-393,Grocery & Pantry,Canned Goods,Prism,65.81,155.82,0
2393,SKU-GRO-002393,Pulse Condiments Model-394,Grocery & Pantry,Condiments,Pulse,355.64,596.9,1
2394,SKU-GRO-002394,Sol Beverages Model-395,Grocery & Pantry,Beverages,Sol,374.31,617.1,0
2395,SKU-TOY-002395,Aura Puzzles Model-396,Toys & Games,Puzzles,Aura,382.68,876.85,1
2396,SKU-ELE-002396,Nova Smart Home Model-397,Electronics,Smart Home,Nova,169.94,338.11,1
2397,SKU-GRO-002397,Summit Beverages Model-398,Grocery & Pantry,Beverages,Summit,411.91,993.69,1
2398,SKU-HOM-002398,Echo Furniture Model-399,Home & Kitchen,Furniture,Echo,391.86,564.6,1
2399,SKU-APP-002399,Summit Footwear Model-400,Apparel,Footwear,Summit,54.42,88.46,1
2400,SKU-APP-002400,Summit Sportswear Model-401,Apparel,Sportswear,Summit,368.86,528.64,1
2401,SKU-GRO-002401,Vortex Canned Goods Model-402,Grocery & Pantry,Canned Goods,Vortex,25.01,49.78,1
2402,SKU-AUT-002402,Matrix Car Care Model-403,Automotive,Car Care,Matrix,80.72,200.91,1
2403,SKU-SPO-002403,Titan Team Sports Model-404,Sports & Outdoors,Team Sports,Titan,181.79,373.06,1
2404,SKU-ELE-002404,Lumina Accessories Model-405,Electronics,Accessories,Lumina,211.83,282.66,1
2405,SKU-BEA-002405,Prism Fragrances Model-406,Beauty & Care,Fragrances,Prism,337.21,555.76,1
2406,SKU-ELE-002406,Zenith Smartphones Model-407,Electronics,Smartphones,Zenith,43.58,86.66,1
2407,SKU-GRO-002407,Horizon Canned Goods Model-408,Grocery & Pantry,Canned Goods,Horizon,412.27,859.53,1
2408,SKU-AUT-002408,Summit Tools & Equipment Model-409,Automotive,Tools & Equipment,Summit,415.22,688.56,1
2409,SKU-APP-002409,Lumina Outerwear Model-410,Apparel,Outerwear,Lumina,263.4,331.48,1
2410,SKU-SPO-002410,Summit Cycling Model-411,Sports & Outdoors,Cycling,Summit,245.23,441.96,1
2411,SKU-HOM-002411,Lumina Cookware Model-412,Home & Kitchen,Cookware,Lumina,416.27,578.79,1
2412,SKU-BEA-002412,Matrix Cosmetics Model-413,Beauty & Care,Cosmetics,Matrix,264.08,469.58,1
2413,SKU-HOM-002413,Nova Bedding Model-414,Home & Kitchen,Bedding,Nova,147.86,293.73,1
2414,SKU-APP-002414,Summit Outerwear Model-415,Apparel,Outerwear,Summit,244.77,586.43,1
2415,SKU-SPO-002415,Prism Cycling Model-416,Sports & Outdoors,Cycling,Prism,104.97,183.31,1
2416,SKU-APP-002416,Velocity Sportswear Model-417,Apparel,Sportswear,Velocity,153.49,205.62,1
2417,SKU-APP-002417,Matrix Sportswear Model-418,Apparel,Sportswear,Matrix,228.65,313.91,1
2418,SKU-BEA-002418,Summit Skincare Model-419,Beauty & Care,Skincare,Summit,184.61,398.47,1
2419,SKU-HOM-002419,Apex Small Appliances Model-420,Home & Kitchen,Small Appliances,Apex,205.13,421.93,1
2420,SKU-AUT-002420,Velocity Oils & Fluids Model-421,Automotive,Oils & Fluids,Velocity,245.74,492,1
2421,SKU-HOM-002421,Apex Furniture Model-422,Home & Kitchen,Furniture,Apex,78.5,114.16,1
2422,SKU-BEA-002422,Titan Skincare Model-423,Beauty & Care,Skincare,Titan,68.51,157.19,1
2423,SKU-TOY-002423,Horizon Puzzles Model-424,Toys & Games,Puzzles,Horizon,351.72,844.5,1
2424,SKU-SPO-002424,Echo Camping & Hiking Model-425,Sports & Outdoors,Camping & Hiking,Echo,410.79,710.3,1
2425,SKU-SPO-002425,Aura Team Sports Model-426,Sports & Outdoors,Team Sports,Aura,430.89,724.89,1
2426,SKU-AUT-002426,Pulse Interior Accessories Model-427,Automotive,Interior Accessories,Pulse,178.59,437.96,1
2427,SKU-TOY-002427,Zenith Board Games Model-428,Toys & Games,Board Games,Zenith,212.16,443.22,1
2428,SKU-GRO-002428,Matrix Organic Foods Model-429,Grocery & Pantry,Organic Foods,Matrix,146.27,334.74,0
2429,SKU-ELE-002429,Lumina Smart Home Model-430,Electronics,Smart Home,Lumina,440.74,896.43,0
2430,SKU-GRO-002430,Vortex Snacks Model-431,Grocery & Pantry,Snacks,Vortex,349.14,454.38,1
2431,SKU-AUT-002431,Prism Interior Accessories Model-432,Automotive,Interior Accessories,Prism,437.55,896.57,1
2432,SKU-SPO-002432,Nova Fitness Gear Model-433,Sports & Outdoors,Fitness Gear,Nova,368.13,546.39,1
2433,SKU-TOY-002433,Nova Board Games Model-434,Toys & Games,Board Games,Nova,193.79,354.68,1
2434,SKU-HOM-002434,Velocity Storage Model-435,Home & Kitchen,Storage,Velocity,177.39,237.82,1
2435,SKU-APP-002435,Matrix Sportswear Model-436,Apparel,Sportswear,Matrix,107.17,173.26,1
2436,SKU-SPO-002436,Nova Water Sports Model-437,Sports & Outdoors,Water Sports,Nova,355.4,530.54,1
2437,SKU-TOY-002437,Zenith Board Games Model-438,Toys & Games,Board Games,Zenith,80.36,129.12,1
2438,SKU-APP-002438,Echo Men's Clothing Model-439,Apparel,Men's Clothing,Echo,395.3,628.36,1
2439,SKU-GRO-002439,Summit Snacks Model-440,Grocery & Pantry,Snacks,Summit,223.58,445.69,1
2440,SKU-BEA-002440,Vortex Skincare Model-441,Beauty & Care,Skincare,Vortex,176.38,326.63,1
2441,SKU-AUT-002441,Aura Tools & Equipment Model-442,Automotive,Tools & Equipment,Aura,444.45,1041.27,0
2442,SKU-SPO-002442,Lumina Cycling Model-443,Sports & Outdoors,Cycling,Lumina,236.65,571.76,1
2443,SKU-GRO-002443,Velocity Beverages Model-444,Grocery & Pantry,Beverages,Velocity,188.76,256.11,1
2444,SKU-AUT-002444,Summit Tools & Equipment Model-445,Automotive,Tools & Equipment,Summit,409.33,773.13,1
2445,SKU-TOY-002445,Summit Educational Toys Model-446,Toys & Games,Educational Toys,Summit,35.17,46.96,1
2446,SKU-BEA-002446,Sol Personal Care Model-447,Beauty & Care,Personal Care,Sol,62.63,106.35,1
2447,SKU-BEA-002447,Titan Personal Care Model-448,Beauty & Care,Personal Care,Titan,92.18,194.35,1
2448,SKU-HOM-002448,Prism Storage Model-449,Home & Kitchen,Storage,Prism,129.84,303.1,1
2449,SKU-SPO-002449,Matrix Team Sports Model-450,Sports & Outdoors,Team Sports,Matrix,323.14,802.07,0
2450,SKU-GRO-002450,Vortex Breakfast Model-451,Grocery & Pantry,Breakfast,Vortex,318.67,737.18,1
2451,SKU-SPO-002451,Zenith Water Sports Model-452,Sports & Outdoors,Water Sports,Zenith,267.73,609.78,1
2452,SKU-HOM-002452,Prism Furniture Model-453,Home & Kitchen,Furniture,Prism,408,647.89,1
2453,SKU-AUT-002453,Horizon Oils & Fluids Model-454,Automotive,Oils & Fluids,Horizon,437.86,623.23,1
2454,SKU-TOY-002454,Lumina Outdoor Toys Model-455,Toys & Games,Outdoor Toys,Lumina,94.1,154.25,1
2455,SKU-HOM-002455,Matrix Decor Model-456,Home & Kitchen,Decor,Matrix,182.32,244.02,0
2456,SKU-TOY-002456,Echo Board Games Model-457,Toys & Games,Board Games,Echo,287.25,405.21,1
2457,SKU-ELE-002457,Apex Smart Home Model-458,Electronics,Smart Home,Apex,323.93,641.3,1
2458,SKU-BEA-002458,Summit Fragrances Model-459,Beauty & Care,Fragrances,Summit,427.35,789.72,1
2459,SKU-AUT-002459,Aura Car Care Model-460,Automotive,Car Care,Aura,181.29,355.4,1
2460,SKU-GRO-002460,Sol Beverages Model-461,Grocery & Pantry,Beverages,Sol,105.8,258.81,1
2461,SKU-AUT-002461,Prism Oils & Fluids Model-462,Automotive,Oils & Fluids,Prism,339.95,697,1
2462,SKU-BEA-002462,Lumina Skincare Model-463,Beauty & Care,Skincare,Lumina,221,536.99,1
2463,SKU-APP-002463,Vortex Outerwear Model-464,Apparel,Outerwear,Vortex,272.2,347.46,1
2464,SKU-GRO-002464,Echo Snacks Model-465,Grocery & Pantry,Snacks,Echo,197.35,489.61,0
2465,SKU-ELE-002465,Apex Smart Home Model-466,Electronics,Smart Home,Apex,337.33,714.3,1
2466,SKU-GRO-002466,Matrix Snacks Model-467,Grocery & Pantry,Snacks,Matrix,369.42,490.05,1
2467,SKU-BEA-002467,Nova Fragrances Model-468,Beauty & Care,Fragrances,Nova,433.81,594.35,1
2468,SKU-AUT-002468,Matrix Interior Accessories Model-469,Automotive,Interior Accessories,Matrix,94.32,125.94,1
2469,SKU-HOM-002469,Nova Bedding Model-470,Home & Kitchen,Bedding,Nova,361.75,622.18,1
2470,SKU-AUT-002470,Horizon Interior Accessories Model-471,Automotive,Interior Accessories,Horizon,48.07,73.46,1
2471,SKU-TOY-002471,Pulse Puzzles Model-472,Toys & Games,Puzzles,Pulse,320.42,757.46,1
2472,SKU-AUT-002472,Summit Car Care Model-473,Automotive,Car Care,Summit,245.27,590.37,1
2473,SKU-AUT-002473,Lumina Tools & Equipment Model-474,Automotive,Tools & Equipment,Lumina,206.08,399.45,1
2474,SKU-HOM-002474,Prism Furniture Model-475,Home & Kitchen,Furniture,Prism,368.59,478.06,1
2475,SKU-APP-002475,Aura Sportswear Model-476,Apparel,Sportswear,Aura,223.84,431.79,0
2476,SKU-GRO-002476,Titan Condiments Model-477,Grocery & Pantry,Condiments,Titan,347.02,467.08,1
2477,SKU-GRO-002477,Horizon Breakfast Model-478,Grocery & Pantry,Breakfast,Horizon,24.96,41.94,1
2478,SKU-APP-002478,Pulse Accessories Model-479,Apparel,Accessories,Pulse,38.36,93.13,1
2479,SKU-BEA-002479,Sol Cosmetics Model-480,Beauty & Care,Cosmetics,Sol,239.1,438.46,1
2480,SKU-AUT-002480,Aura Car Care Model-481,Automotive,Car Care,Aura,176.53,346.8,1
2481,SKU-SPO-002481,Aura Camping & Hiking Model-482,Sports & Outdoors,Camping & Hiking,Aura,316.91,525.6,1
2482,SKU-AUT-002482,Apex Interior Accessories Model-483,Automotive,Interior Accessories,Apex,389.57,854.78,1
2483,SKU-TOY-002483,Velocity Educational Toys Model-484,Toys & Games,Educational Toys,Velocity,400.97,840.19,1
2484,SKU-GRO-002484,Prism Canned Goods Model-485,Grocery & Pantry,Canned Goods,Prism,315.55,636.05,1
2485,SKU-ELE-002485,Apex Laptops Model-486,Electronics,Laptops,Apex,181.13,351.35,1
2486,SKU-APP-002486,Matrix Accessories Model-487,Apparel,Accessories,Matrix,241.79,540.76,1
2487,SKU-APP-002487,Lumina Accessories Model-488,Apparel,Accessories,Lumina,408.62,824.79,1
2488,SKU-APP-002488,Velocity Footwear Model-489,Apparel,Footwear,Velocity,133.24,245.29,1
2489,SKU-TOY-002489,Velocity Board Games Model-490,Toys & Games,Board Games,Velocity,444.01,1034.11,1
2490,SKU-SPO-002490,Matrix Water Sports Model-491,Sports & Outdoors,Water Sports,Matrix,308.97,606.06,1
2491,SKU-TOY-002491,Nova Outdoor Toys Model-492,Toys & Games,Outdoor Toys,Nova,232.87,579.37,1
2492,SKU-APP-002492,Summit Accessories Model-493,Apparel,Accessories,Summit,234.36,439.85,1
2493,SKU-BEA-002493,Sol Skincare Model-494,Beauty & Care,Skincare,Sol,94.65,160.4,1
2494,SKU-AUT-002494,Sol Oils & Fluids Model-495,Automotive,Oils & Fluids,Sol,328.8,417.15,1
2495,SKU-APP-002495,Vortex Outerwear Model-496,Apparel,Outerwear,Vortex,166.27,392.73,1
2496,SKU-AUT-002496,Echo Tools & Equipment Model-497,Automotive,Tools & Equipment,Echo,200.28,329.4,1
2497,SKU-AUT-002497,Prism Car Care Model-498,Automotive,Car Care,Prism,185.82,421.05,1
2498,SKU-BEA-002498,Titan Cosmetics Model-499,Beauty & Care,Cosmetics,Titan,252.82,599.62,0
2499,SKU-AUT-002499,Vortex Tools & Equipment Model-500,Automotive,Tools & Equipment,Vortex,70.51,146.78,1
2500,SKU-ELE-002500,Aura Smartphones Model-501,Electronics,Smartphones,Aura,61.52,130.23,1
2501,SKU-GRO-002501,Nova Condiments Model-502,Grocery & Pantry,Condiments,Nova,277.18,557.24,1
2502,SKU-APP-002502,Echo Footwear Model-503,Apparel,Footwear,Echo,401.25,805.9,1
2503,SKU-HOM-002503,Sol Bedding Model-504,Home & Kitchen,Bedding,Sol,106.7,150.2,1
2504,SKU-GRO-002504,Sol Canned Goods Model-505,Grocery & Pantry,Canned Goods,Sol,266.44,401.73,0
2505,SKU-GRO-002505,Horizon Snacks Model-506,Grocery & Pantry,Snacks,Horizon,162.49,297.16,1
2506,SKU-TOY-002506,Lumina Action Figures Model-507,Toys & Games,Action Figures,Lumina,241.7,602.09,1
2507,SKU-AUT-002507,Lumina Tools & Equipment Model-508,Automotive,Tools & Equipment,Lumina,78.7,104.33,1
2508,SKU-BEA-002508,Aura Skincare Model-509,Beauty & Care,Skincare,Aura,109.65,256.16,1
2509,SKU-HOM-002509,Aura Decor Model-510,Home & Kitchen,Decor,Aura,378.68,912.53,1
2510,SKU-ELE-002510,Apex Smartphones Model-511,Electronics,Smartphones,Apex,200.37,447.48,1
2511,SKU-TOY-002511,Vortex Action Figures Model-512,Toys & Games,Action Figures,Vortex,182.4,449.87,1
2512,SKU-APP-002512,Zenith Footwear Model-513,Apparel,Footwear,Zenith,292.49,726.71,1
2513,SKU-APP-002513,Velocity Outerwear Model-514,Apparel,Outerwear,Velocity,324.77,693.54,1
2514,SKU-ELE-002514,Titan Smart Home Model-515,Electronics,Smart Home,Titan,234.99,473.09,1
2515,SKU-TOY-002515,Vortex Educational Toys Model-516,Toys & Games,Educational Toys,Vortex,16.48,34.38,1
2516,SKU-HOM-002516,Zenith Storage Model-517,Home & Kitchen,Storage,Zenith,157.94,250.26,1
2517,SKU-HOM-002517,Pulse Cookware Model-518,Home & Kitchen,Cookware,Pulse,192.21,376.19,1
2518,SKU-BEA-002518,Matrix Cosmetics Model-519,Beauty & Care,Cosmetics,Matrix,20.62,26,1
2519,SKU-APP-002519,Pulse Outerwear Model-520,Apparel,Outerwear,Pulse,409.61,536.17,1
2520,SKU-AUT-002520,Aura Tools & Equipment Model-521,Automotive,Tools & Equipment,Aura,264.34,404.1,1
2521,SKU-SPO-002521,Apex Camping & Hiking Model-522,Sports & Outdoors,Camping & Hiking,Apex,127.2,166.4,1
2522,SKU-TOY-002522,Zenith Educational Toys Model-523,Toys & Games,Educational Toys,Zenith,350.66,560.73,1
2523,SKU-GRO-002523,Zenith Canned Goods Model-524,Grocery & Pantry,Canned Goods,Zenith,101.25,204.62,1
2524,SKU-HOM-002524,Matrix Storage Model-525,Home & Kitchen,Storage,Matrix,339.29,769.65,1
2525,SKU-GRO-002525,Matrix Beverages Model-526,Grocery & Pantry,Beverages,Matrix,316.24,779.65,1
2526,SKU-SPO-002526,Sol Camping & Hiking Model-527,Sports & Outdoors,Camping & Hiking,Sol,265.43,362.93,1
2527,SKU-BEA-002527,Titan Fragrances Model-528,Beauty & Care,Fragrances,Titan,43.26,64.92,1
2528,SKU-GRO-002528,Titan Snacks Model-529,Grocery & Pantry,Snacks,Titan,15.01,31.28,0
2529,SKU-GRO-002529,Matrix Snacks Model-530,Grocery & Pantry,Snacks,Matrix,147.08,217.63,1
2530,SKU-GRO-002530,Apex Canned Goods Model-531,Grocery & Pantry,Canned Goods,Apex,65.02,111.12,1
2531,SKU-GRO-002531,Sol Beverages Model-532,Grocery & Pantry,Beverages,Sol,285.74,402.9,1
2532,SKU-BEA-002532,Vortex Skincare Model-533,Beauty & Care,Skincare,Vortex,435.35,875.88,1
2533,SKU-BEA-002533,Nova Personal Care Model-534,Beauty & Care,Personal Care,Nova,305.87,401.86,1
2534,SKU-HOM-002534,Titan Small Appliances Model-535,Home & Kitchen,Small Appliances,Titan,160.32,259.85,0
2535,SKU-SPO-002535,Matrix Camping & Hiking Model-536,Sports & Outdoors,Camping & Hiking,Matrix,265.36,377.39,1
2536,SKU-BEA-002536,Echo Personal Care Model-537,Beauty & Care,Personal Care,Echo,226.86,564.1,1
2537,SKU-HOM-002537,Lumina Cookware Model-538,Home & Kitchen,Cookware,Lumina,56.72,75.83,1
2538,SKU-ELE-002538,Pulse Smart Home Model-539,Electronics,Smart Home,Pulse,13.74,30.68,1
2539,SKU-APP-002539,Prism Women's Clothing Model-540,Apparel,Women's Clothing,Prism,277.67,577.29,1
2540,SKU-HOM-002540,Summit Bedding Model-541,Home & Kitchen,Bedding,Summit,75.32,117.91,1
2541,SKU-HOM-002541,Titan Storage Model-542,Home & Kitchen,Storage,Titan,25.67,55.27,1
2542,SKU-TOY-002542,Zenith Puzzles Model-543,Toys & Games,Puzzles,Zenith,315.08,399.46,1
2543,SKU-HOM-002543,Apex Furniture Model-544,Home & Kitchen,Furniture,Apex,395.43,564.03,1
2544,SKU-APP-002544,Lumina Footwear Model-545,Apparel,Footwear,Lumina,37.23,91.02,1
2545,SKU-APP-002545,Prism Footwear Model-546,Apparel,Footwear,Prism,98.58,199.24,1
2546,SKU-TOY-002546,Horizon Educational Toys Model-547,Toys & Games,Educational Toys,Horizon,36.87,70.12,1
2547,SKU-GRO-002547,Sol Organic Foods Model-548,Grocery & Pantry,Organic Foods,Sol,318.59,662.98,1
2548,SKU-ELE-002548,Sol Laptops Model-549,Electronics,Laptops,Sol,57.76,78.48,1
2549,SKU-ELE-002549,Titan Laptops Model-550,Electronics,Laptops,Titan,408.48,926.33,1
2550,SKU-AUT-002550,Apex Oils & Fluids Model-551,Automotive,Oils & Fluids,Apex,97.75,177.07,0
2551,SKU-GRO-002551,Nova Canned Goods Model-552,Grocery & Pantry,Canned Goods,Nova,399.05,697.2,1
2552,SKU-AUT-002552,Lumina Car Care Model-553,Automotive,Car Care,Lumina,443.76,806.49,1
2553,SKU-AUT-002553,Aura Oils & Fluids Model-554,Automotive,Oils & Fluids,Aura,313.89,773.41,1
2554,SKU-HOM-002554,Aura Cookware Model-555,Home & Kitchen,Cookware,Aura,276.64,647.86,1
2555,SKU-GRO-002555,Zenith Breakfast Model-556,Grocery & Pantry,Breakfast,Zenith,405.27,992.02,0
2556,SKU-AUT-002556,Echo Oils & Fluids Model-557,Automotive,Oils & Fluids,Echo,334.56,836.22,1
2557,SKU-GRO-002557,Matrix Organic Foods Model-558,Grocery & Pantry,Organic Foods,Matrix,84.98,108.86,1
2558,SKU-GRO-002558,Apex Beverages Model-559,Grocery & Pantry,Beverages,Apex,412.81,926.43,1
2559,SKU-ELE-002559,Apex Accessories Model-560,Electronics,Accessories,Apex,47.93,83.73,1
2560,SKU-TOY-002560,Pulse Puzzles Model-561,Toys & Games,Puzzles,Pulse,416.67,759.74,1
2561,SKU-AUT-002561,Velocity Interior Accessories Model-562,Automotive,Interior Accessories,Velocity,315.22,636.8,1
2562,SKU-HOM-002562,Zenith Decor Model-563,Home & Kitchen,Decor,Zenith,219.79,394.98,1
2563,SKU-ELE-002563,Apex Laptops Model-564,Electronics,Laptops,Apex,39.03,83.42,1
2564,SKU-SPO-002564,Zenith Fitness Gear Model-565,Sports & Outdoors,Fitness Gear,Zenith,208.42,345.19,1
2565,SKU-TOY-002565,Prism Puzzles Model-566,Toys & Games,Puzzles,Prism,46.23,88.83,1
2566,SKU-HOM-002566,Summit Small Appliances Model-567,Home & Kitchen,Small Appliances,Summit,156.57,233.51,1
2567,SKU-HOM-002567,Matrix Bedding Model-568,Home & Kitchen,Bedding,Matrix,93.47,229.81,1
2568,SKU-BEA-002568,Aura Fragrances Model-569,Beauty & Care,Fragrances,Aura,210.18,521.9,1
2569,SKU-HOM-002569,Pulse Bedding Model-570,Home & Kitchen,Bedding,Pulse,391.98,868.34,0
2570,SKU-AUT-002570,Horizon Tools & Equipment Model-571,Automotive,Tools & Equipment,Horizon,411.52,704.15,1
2571,SKU-ELE-002571,Aura Accessories Model-572,Electronics,Accessories,Aura,183.01,419.19,1
2572,SKU-APP-002572,Horizon Women's Clothing Model-573,Apparel,Women's Clothing,Horizon,272.23,565.43,1
2573,SKU-ELE-002573,Pulse Laptops Model-574,Electronics,Laptops,Pulse,122.45,283.67,1
2574,SKU-ELE-002574,Titan Smart Home Model-575,Electronics,Smart Home,Titan,155.48,285.57,0
2575,SKU-GRO-002575,Summit Breakfast Model-576,Grocery & Pantry,Breakfast,Summit,346.08,605.92,1
2576,SKU-ELE-002576,Velocity Smart Home Model-577,Electronics,Smart Home,Velocity,27.22,37.45,1
2577,SKU-AUT-002577,Titan Car Care Model-578,Automotive,Car Care,Titan,408.28,829.49,1
2578,SKU-GRO-002578,Apex Beverages Model-579,Grocery & Pantry,Beverages,Apex,214.39,454.32,1
2579,SKU-HOM-002579,Apex Small Appliances Model-580,Home & Kitchen,Small Appliances,Apex,83.15,137.66,1
2580,SKU-GRO-002580,Titan Snacks Model-581,Grocery & Pantry,Snacks,Titan,292.07,522.27,1
2581,SKU-APP-002581,Pulse Accessories Model-582,Apparel,Accessories,Pulse,355.28,799.65,1
2582,SKU-TOY-002582,Titan Outdoor Toys Model-583,Toys & Games,Outdoor Toys,Titan,403.55,841.8,1
2583,SKU-ELE-002583,Nova Wearables Model-584,Electronics,Wearables,Nova,360.76,850.42,1
2584,SKU-BEA-002584,Titan Skincare Model-585,Beauty & Care,Skincare,Titan,306.91,724.47,1
2585,SKU-SPO-002585,Sol Cycling Model-586,Sports & Outdoors,Cycling,Sol,208.08,265.08,1
2586,SKU-ELE-002586,Zenith Smartphones Model-587,Electronics,Smartphones,Zenith,343.96,653.55,1
2587,SKU-GRO-002587,Pulse Breakfast Model-588,Grocery & Pantry,Breakfast,Pulse,23.64,44.6,1
2588,SKU-BEA-002588,Matrix Personal Care Model-589,Beauty & Care,Personal Care,Matrix,58.05,116.82,1
2589,SKU-SPO-002589,Zenith Cycling Model-590,Sports & Outdoors,Cycling,Zenith,139.74,275.61,1
2590,SKU-BEA-002590,Aura Skincare Model-591,Beauty & Care,Skincare,Aura,74.37,173.91,1
2591,SKU-APP-002591,Vortex Footwear Model-592,Apparel,Footwear,Vortex,314.82,779.16,1
2592,SKU-BEA-002592,Velocity Personal Care Model-593,Beauty & Care,Personal Care,Velocity,47.62,91.83,1
2593,SKU-GRO-002593,Titan Breakfast Model-594,Grocery & Pantry,Breakfast,Titan,228.13,389.21,1
2594,SKU-BEA-002594,Matrix Haircare Model-595,Beauty & Care,Haircare,Matrix,184.64,244.43,1
2595,SKU-AUT-002595,Titan Car Care Model-596,Automotive,Car Care,Titan,449.35,839.41,1
2596,SKU-APP-002596,Zenith Women's Clothing Model-597,Apparel,Women's Clothing,Zenith,41.09,96.08,1
2597,SKU-GRO-002597,Aura Beverages Model-598,Grocery & Pantry,Beverages,Aura,284.5,658.75,1
2598,SKU-HOM-002598,Apex Bedding Model-599,Home & Kitchen,Bedding,Apex,77.78,182.39,1
2599,SKU-HOM-002599,Lumina Bedding Model-600,Home & Kitchen,Bedding,Lumina,184.69,285.18,1
2600,SKU-SPO-002600,Prism Camping & Hiking Model-601,Sports & Outdoors,Camping & Hiking,Prism,153.98,319.63,1
2601,SKU-APP-002601,Summit Men's Clothing Model-602,Apparel,Men's Clothing,Summit,8.23,20.55,1
2602,SKU-HOM-002602,Lumina Bedding Model-603,Home & Kitchen,Bedding,Lumina,76.41,102.42,1
2603,SKU-HOM-002603,Titan Storage Model-604,Home & Kitchen,Storage,Titan,348.33,450.78,0
2604,SKU-GRO-002604,Apex Condiments Model-605,Grocery & Pantry,Condiments,Apex,265.83,635.25,1
2605,SKU-TOY-002605,Pulse Educational Toys Model-606,Toys & Games,Educational Toys,Pulse,432.47,954.47,1
2606,SKU-SPO-002606,Apex Cycling Model-607,Sports & Outdoors,Cycling,Apex,428.62,916.36,1
2607,SKU-ELE-002607,Prism Accessories Model-608,Electronics,Accessories,Prism,308.13,432.13,0
2608,SKU-BEA-002608,Nova Skincare Model-609,Beauty & Care,Skincare,Nova,375.92,624.97,1
2609,SKU-HOM-002609,Matrix Storage Model-610,Home & Kitchen,Storage,Matrix,181.98,232.68,1
2610,SKU-TOY-002610,Titan Outdoor Toys Model-611,Toys & Games,Outdoor Toys,Titan,153.67,326.66,1
2611,SKU-TOY-002611,Lumina Outdoor Toys Model-612,Toys & Games,Outdoor Toys,Lumina,208.15,377.21,1
2612,SKU-BEA-002612,Aura Personal Care Model-613,Beauty & Care,Personal Care,Aura,291.04,418.73,1
2613,SKU-GRO-002613,Vortex Organic Foods Model-614,Grocery & Pantry,Organic Foods,Vortex,141.38,241.79,1
2614,SKU-AUT-002614,Echo Oils & Fluids Model-615,Automotive,Oils & Fluids,Echo,217.52,499.33,1
2615,SKU-HOM-002615,Aura Storage Model-616,Home & Kitchen,Storage,Aura,284.06,383.73,1
2616,SKU-TOY-002616,Prism Educational Toys Model-617,Toys & Games,Educational Toys,Prism,368.92,609.4,1
2617,SKU-APP-002617,Nova Sportswear Model-618,Apparel,Sportswear,Nova,274.16,379.64,0
2618,SKU-HOM-002618,Aura Small Appliances Model-619,Home & Kitchen,Small Appliances,Aura,80.36,138.53,1
2619,SKU-AUT-002619,Nova Car Care Model-620,Automotive,Car Care,Nova,177.87,240.73,1
2620,SKU-GRO-002620,Sol Snacks Model-621,Grocery & Pantry,Snacks,Sol,201.68,348.84,1
2621,SKU-TOY-002621,Titan Outdoor Toys Model-622,Toys & Games,Outdoor Toys,Titan,102.39,153.06,1
2622,SKU-HOM-002622,Prism Furniture Model-623,Home & Kitchen,Furniture,Prism,351.63,761.15,1
2623,SKU-TOY-002623,Aura Action Figures Model-624,Toys & Games,Action Figures,Aura,300.48,499.88,1
2624,SKU-BEA-002624,Matrix Fragrances Model-625,Beauty & Care,Fragrances,Matrix,406.41,700.92,1
2625,SKU-APP-002625,Prism Accessories Model-626,Apparel,Accessories,Prism,90.98,139.71,1
2626,SKU-SPO-002626,Pulse Cycling Model-627,Sports & Outdoors,Cycling,Pulse,360.23,851.85,1
2627,SKU-HOM-002627,Apex Small Appliances Model-628,Home & Kitchen,Small Appliances,Apex,339.56,583.74,1
2628,SKU-ELE-002628,Nova Wearables Model-629,Electronics,Wearables,Nova,145.33,361.39,1
2629,SKU-GRO-002629,Sol Condiments Model-630,Grocery & Pantry,Condiments,Sol,194.32,436.83,1
2630,SKU-BEA-002630,Lumina Fragrances Model-631,Beauty & Care,Fragrances,Lumina,333.27,432.89,1
2631,SKU-HOM-002631,Echo Furniture Model-632,Home & Kitchen,Furniture,Echo,337.41,536.03,1
2632,SKU-SPO-002632,Summit Cycling Model-633,Sports & Outdoors,Cycling,Summit,434.64,1063.15,1
2633,SKU-SPO-002633,Horizon Cycling Model-634,Sports & Outdoors,Cycling,Horizon,23.87,58.86,1
2634,SKU-GRO-002634,Apex Breakfast Model-635,Grocery & Pantry,Breakfast,Apex,392.66,746.67,1
2635,SKU-SPO-002635,Echo Fitness Gear Model-636,Sports & Outdoors,Fitness Gear,Echo,89.9,171.52,1
2636,SKU-SPO-002636,Matrix Cycling Model-637,Sports & Outdoors,Cycling,Matrix,217.46,447.6,1
2637,SKU-APP-002637,Prism Outerwear Model-638,Apparel,Outerwear,Prism,207.89,485.04,1
2638,SKU-GRO-002638,Aura Beverages Model-639,Grocery & Pantry,Beverages,Aura,402.65,977.18,1
2639,SKU-SPO-002639,Velocity Fitness Gear Model-640,Sports & Outdoors,Fitness Gear,Velocity,53.8,97.54,1
2640,SKU-APP-002640,Nova Men's Clothing Model-641,Apparel,Men's Clothing,Nova,232.75,498.32,1
2641,SKU-APP-002641,Titan Sportswear Model-642,Apparel,Sportswear,Titan,197.67,429,1
2642,SKU-ELE-002642,Zenith Laptops Model-643,Electronics,Laptops,Zenith,396.99,609.22,1
2643,SKU-BEA-002643,Matrix Fragrances Model-644,Beauty & Care,Fragrances,Matrix,327.06,581.6,1
2644,SKU-HOM-002644,Lumina Storage Model-645,Home & Kitchen,Storage,Lumina,448.9,802.35,1
2645,SKU-APP-002645,Nova Men's Clothing Model-646,Apparel,Men's Clothing,Nova,134.58,251.38,1
2646,SKU-BEA-002646,Summit Haircare Model-647,Beauty & Care,Haircare,Summit,159.81,204.56,1
2647,SKU-APP-002647,Horizon Outerwear Model-648,Apparel,Outerwear,Horizon,10.1,12.91,1
2648,SKU-APP-002648,Lumina Accessories Model-649,Apparel,Accessories,Lumina,433.69,600.63,0
2649,SKU-APP-002649,Vortex Outerwear Model-650,Apparel,Outerwear,Vortex,378.98,492.6,1
2650,SKU-HOM-002650,Vortex Decor Model-651,Home & Kitchen,Decor,Vortex,173.8,388.11,1
2651,SKU-HOM-002651,Vortex Decor Model-652,Home & Kitchen,Decor,Vortex,118.14,168.14,1
2652,SKU-HOM-002652,Matrix Bedding Model-653,Home & Kitchen,Bedding,Matrix,17.4,41.48,1
2653,SKU-APP-002653,Aura Outerwear Model-654,Apparel,Outerwear,Aura,215.35,293.62,1
2654,SKU-SPO-002654,Apex Camping & Hiking Model-655,Sports & Outdoors,Camping & Hiking,Apex,312.28,571.39,1
2655,SKU-SPO-002655,Prism Team Sports Model-656,Sports & Outdoors,Team Sports,Prism,375.6,613.09,1
2656,SKU-SPO-002656,Matrix Fitness Gear Model-657,Sports & Outdoors,Fitness Gear,Matrix,77.19,185.81,0
2657,SKU-TOY-002657,Horizon Action Figures Model-658,Toys & Games,Action Figures,Horizon,372.41,903.9,1
2658,SKU-TOY-002658,Echo Action Figures Model-659,Toys & Games,Action Figures,Echo,303.95,755.61,1
2659,SKU-TOY-002659,Velocity Educational Toys Model-660,Toys & Games,Educational Toys,Velocity,404.08,1007.47,1
2660,SKU-BEA-002660,Pulse Skincare Model-661,Beauty & Care,Skincare,Pulse,270.49,571.93,1
2661,SKU-ELE-002661,Apex Laptops Model-662,Electronics,Laptops,Apex,189.32,348.1,1
2662,SKU-GRO-002662,Pulse Canned Goods Model-663,Grocery & Pantry,Canned Goods,Pulse,427.78,964,1
2663,SKU-HOM-002663,Velocity Cookware Model-664,Home & Kitchen,Cookware,Velocity,410.8,616.34,1
2664,SKU-TOY-002664,Nova Outdoor Toys Model-665,Toys & Games,Outdoor Toys,Nova,162.98,281.51,1
2665,SKU-SPO-002665,Pulse Team Sports Model-666,Sports & Outdoors,Team Sports,Pulse,124.11,243.68,1
2666,SKU-APP-002666,Aura Accessories Model-667,Apparel,Accessories,Aura,42.8,76.74,1
2667,SKU-SPO-002667,Matrix Camping & Hiking Model-668,Sports & Outdoors,Camping & Hiking,Matrix,279.05,566.22,1
2668,SKU-TOY-002668,Prism Outdoor Toys Model-669,Toys & Games,Outdoor Toys,Prism,271.88,641.53,1
2669,SKU-GRO-002669,Velocity Breakfast Model-670,Grocery & Pantry,Breakfast,Velocity,443.46,945.27,1
2670,SKU-TOY-002670,Summit Puzzles Model-671,Toys & Games,Puzzles,Summit,421.13,935.44,1
2671,SKU-HOM-002671,Apex Furniture Model-672,Home & Kitchen,Furniture,Apex,365.29,884.07,1
2672,SKU-AUT-002672,Nova Tools & Equipment Model-673,Automotive,Tools & Equipment,Nova,264.68,488.31,1
2673,SKU-APP-002673,Nova Outerwear Model-674,Apparel,Outerwear,Nova,359.2,600.88,1
2674,SKU-ELE-002674,Aura Accessories Model-675,Electronics,Accessories,Aura,213.18,389.51,1
2675,SKU-BEA-002675,Summit Skincare Model-676,Beauty & Care,Skincare,Summit,108.46,207.62,1
2676,SKU-APP-002676,Velocity Sportswear Model-677,Apparel,Sportswear,Velocity,341.89,587.39,1
2677,SKU-AUT-002677,Titan Tools & Equipment Model-678,Automotive,Tools & Equipment,Titan,20.35,28.4,1
2678,SKU-TOY-002678,Horizon Educational Toys Model-679,Toys & Games,Educational Toys,Horizon,44.65,58.59,1
2679,SKU-TOY-002679,Horizon Outdoor Toys Model-680,Toys & Games,Outdoor Toys,Horizon,305.79,623.46,1
2680,SKU-ELE-002680,Pulse Audio & Headphones Model-681,Electronics,Audio & Headphones,Pulse,408.48,997.1,1
2681,SKU-AUT-002681,Pulse Tools & Equipment Model-682,Automotive,Tools & Equipment,Pulse,439.11,990.47,1
2682,SKU-ELE-002682,Zenith Smart Home Model-683,Electronics,Smart Home,Zenith,258.68,520.33,1
2683,SKU-AUT-002683,Pulse Interior Accessories Model-684,Automotive,Interior Accessories,Pulse,205.77,352.89,1
2684,SKU-APP-002684,Velocity Footwear Model-685,Apparel,Footwear,Velocity,365.51,692.36,1
2685,SKU-TOY-002685,Nova Puzzles Model-686,Toys & Games,Puzzles,Nova,22.15,48.02,1
2686,SKU-SPO-002686,Velocity Water Sports Model-687,Sports & Outdoors,Water Sports,Velocity,97.16,205.12,1
2687,SKU-AUT-002687,Horizon Oils & Fluids Model-688,Automotive,Oils & Fluids,Horizon,397.07,959.2,1
2688,SKU-HOM-002688,Pulse Bedding Model-689,Home & Kitchen,Bedding,Pulse,331.58,712.68,1
2689,SKU-SPO-002689,Matrix Water Sports Model-690,Sports & Outdoors,Water Sports,Matrix,361.62,712.16,1
2690,SKU-APP-002690,Zenith Outerwear Model-691,Apparel,Outerwear,Zenith,378.85,800.35,1
2691,SKU-ELE-002691,Aura Wearables Model-692,Electronics,Wearables,Aura,293.34,522.52,1
2692,SKU-ELE-002692,Horizon Smart Home Model-693,Electronics,Smart Home,Horizon,311.3,542.48,1
2693,SKU-SPO-002693,Aura Water Sports Model-694,Sports & Outdoors,Water Sports,Aura,117.93,218.1,1
2694,SKU-HOM-002694,Apex Bedding Model-695,Home & Kitchen,Bedding,Apex,384.14,855.49,1
2695,SKU-SPO-002695,Summit Team Sports Model-696,Sports & Outdoors,Team Sports,Summit,121.27,203.92,1
2696,SKU-BEA-002696,Horizon Skincare Model-697,Beauty & Care,Skincare,Horizon,265.62,615.13,1
2697,SKU-SPO-002697,Pulse Team Sports Model-698,Sports & Outdoors,Team Sports,Pulse,57.97,93.89,1
2698,SKU-APP-002698,Aura Outerwear Model-699,Apparel,Outerwear,Aura,103.54,155.66,1
2699,SKU-TOY-002699,Horizon Action Figures Model-700,Toys & Games,Action Figures,Horizon,346.56,438.88,1
2700,SKU-AUT-002700,Lumina Car Care Model-701,Automotive,Car Care,Lumina,206.32,391.41,0
2701,SKU-APP-002701,Apex Footwear Model-702,Apparel,Footwear,Apex,447.57,694.34,1
2702,SKU-ELE-002702,Nova Accessories Model-703,Electronics,Accessories,Nova,297.26,426.36,1
2703,SKU-APP-002703,Zenith Women's Clothing Model-704,Apparel,Women's Clothing,Zenith,75.21,115.57,1
2704,SKU-GRO-002704,Pulse Canned Goods Model-705,Grocery & Pantry,Canned Goods,Pulse,441.79,821.8,1
2705,SKU-ELE-002705,Velocity Laptops Model-706,Electronics,Laptops,Velocity,222.11,356.93,1
2706,SKU-SPO-002706,Zenith Camping & Hiking Model-707,Sports & Outdoors,Camping & Hiking,Zenith,65.47,157.47,1
2707,SKU-TOY-002707,Lumina Educational Toys Model-708,Toys & Games,Educational Toys,Lumina,418.57,641.29,1
2708,SKU-APP-002708,Apex Men's Clothing Model-709,Apparel,Men's Clothing,Apex,145.03,306.37,1
2709,SKU-GRO-002709,Pulse Canned Goods Model-710,Grocery & Pantry,Canned Goods,Pulse,177.32,223.78,1
2710,SKU-ELE-002710,Prism Smart Home Model-711,Electronics,Smart Home,Prism,341.9,475.04,1
2711,SKU-APP-002711,Echo Men's Clothing Model-712,Apparel,Men's Clothing,Echo,167.28,380.13,1
2712,SKU-AUT-002712,Nova Car Care Model-713,Automotive,Car Care,Nova,152.2,313.99,1
2713,SKU-APP-002713,Velocity Men's Clothing Model-714,Apparel,Men's Clothing,Velocity,101.32,192.28,1
2714,SKU-APP-002714,Aura Accessories Model-715,Apparel,Accessories,Aura,352.74,528.81,1
2715,SKU-ELE-002715,Aura Audio & Headphones Model-716,Electronics,Audio & Headphones,Aura,268.5,427.51,1
2716,SKU-ELE-002716,Titan Audio & Headphones Model-717,Electronics,Audio & Headphones,Titan,190.28,336.74,1
2717,SKU-AUT-002717,Titan Tools & Equipment Model-718,Automotive,Tools & Equipment,Titan,24.92,58.74,1
2718,SKU-AUT-002718,Vortex Tools & Equipment Model-719,Automotive,Tools & Equipment,Vortex,115.67,287.22,1
2719,SKU-AUT-002719,Lumina Car Care Model-720,Automotive,Car Care,Lumina,397.5,885.22,1
2720,SKU-SPO-002720,Echo Fitness Gear Model-721,Sports & Outdoors,Fitness Gear,Echo,412.51,516.85,1
2721,SKU-ELE-002721,Titan Smartphones Model-722,Electronics,Smartphones,Titan,34.79,57.24,1
2722,SKU-ELE-002722,Lumina Smartphones Model-723,Electronics,Smartphones,Lumina,308.42,497.98,1
2723,SKU-AUT-002723,Vortex Interior Accessories Model-724,Automotive,Interior Accessories,Vortex,377.1,515.49,0
2724,SKU-HOM-002724,Sol Storage Model-725,Home & Kitchen,Storage,Sol,153.84,228.79,1
2725,SKU-BEA-002725,Matrix Skincare Model-726,Beauty & Care,Skincare,Matrix,177.42,327.97,1
2726,SKU-GRO-002726,Matrix Breakfast Model-727,Grocery & Pantry,Breakfast,Matrix,104.96,133.73,1
2727,SKU-SPO-002727,Aura Team Sports Model-728,Sports & Outdoors,Team Sports,Aura,60.92,138.19,1
2728,SKU-HOM-002728,Lumina Bedding Model-729,Home & Kitchen,Bedding,Lumina,438.77,800.1,1
2729,SKU-APP-002729,Nova Accessories Model-730,Apparel,Accessories,Nova,289.35,710.34,1
2730,SKU-SPO-002730,Sol Fitness Gear Model-731,Sports & Outdoors,Fitness Gear,Sol,138.14,331.02,1
2731,SKU-BEA-002731,Velocity Skincare Model-732,Beauty & Care,Skincare,Velocity,153.88,219.64,1
2732,SKU-HOM-002732,Velocity Small Appliances Model-733,Home & Kitchen,Small Appliances,Velocity,348.46,869.03,1
2733,SKU-GRO-002733,Velocity Snacks Model-734,Grocery & Pantry,Snacks,Velocity,359.61,622.49,1
2734,SKU-HOM-002734,Prism Bedding Model-735,Home & Kitchen,Bedding,Prism,218.9,290.29,1
2735,SKU-GRO-002735,Apex Condiments Model-736,Grocery & Pantry,Condiments,Apex,295.85,615.24,1
2736,SKU-SPO-002736,Vortex Cycling Model-737,Sports & Outdoors,Cycling,Vortex,135.71,276.09,1
2737,SKU-TOY-002737,Nova Board Games Model-738,Toys & Games,Board Games,Nova,116.33,245.75,1
2738,SKU-SPO-002738,Zenith Camping & Hiking Model-739,Sports & Outdoors,Camping & Hiking,Zenith,270.1,629.13,1
2739,SKU-APP-002739,Apex Outerwear Model-740,Apparel,Outerwear,Apex,378.13,924.87,1
2740,SKU-AUT-002740,Prism Interior Accessories Model-741,Automotive,Interior Accessories,Prism,88.06,209.98,1
2741,SKU-HOM-002741,Vortex Decor Model-742,Home & Kitchen,Decor,Vortex,279.61,545.97,1
2742,SKU-APP-002742,Apex Footwear Model-743,Apparel,Footwear,Apex,260.33,348.82,1
2743,SKU-HOM-002743,Aura Small Appliances Model-744,Home & Kitchen,Small Appliances,Aura,423.68,651.47,1
2744,SKU-BEA-002744,Vortex Personal Care Model-745,Beauty & Care,Personal Care,Vortex,115.8,208.35,1
2745,SKU-GRO-002745,Matrix Breakfast Model-746,Grocery & Pantry,Breakfast,Matrix,352.41,678.31,1
2746,SKU-BEA-002746,Nova Cosmetics Model-747,Beauty & Care,Cosmetics,Nova,285.46,483.06,1
2747,SKU-ELE-002747,Velocity Smart Home Model-748,Electronics,Smart Home,Velocity,151.71,305.13,1
2748,SKU-APP-002748,Vortex Accessories Model-749,Apparel,Accessories,Vortex,30.31,68.75,1
2749,SKU-APP-002749,Vortex Outerwear Model-750,Apparel,Outerwear,Vortex,319.97,603.48,1
2750,SKU-BEA-002750,Lumina Fragrances Model-751,Beauty & Care,Fragrances,Lumina,130.47,176.03,1
2751,SKU-AUT-002751,Titan Tools & Equipment Model-752,Automotive,Tools & Equipment,Titan,192.72,318.92,1
2752,SKU-BEA-002752,Horizon Skincare Model-753,Beauty & Care,Skincare,Horizon,10.99,19.16,1
2753,SKU-GRO-002753,Nova Breakfast Model-754,Grocery & Pantry,Breakfast,Nova,24.9,54.68,1
2754,SKU-TOY-002754,Nova Outdoor Toys Model-755,Toys & Games,Outdoor Toys,Nova,110.35,209.29,1
2755,SKU-APP-002755,Summit Accessories Model-756,Apparel,Accessories,Summit,231.71,529.87,1
2756,SKU-AUT-002756,Prism Oils & Fluids Model-757,Automotive,Oils & Fluids,Prism,25.4,40.58,1
2757,SKU-GRO-002757,Titan Snacks Model-758,Grocery & Pantry,Snacks,Titan,341.52,733.27,1
2758,SKU-TOY-002758,Prism Puzzles Model-759,Toys & Games,Puzzles,Prism,154,349.02,1
2759,SKU-GRO-002759,Zenith Canned Goods Model-760,Grocery & Pantry,Canned Goods,Zenith,443.82,893.04,1
2760,SKU-SPO-002760,Prism Cycling Model-761,Sports & Outdoors,Cycling,Prism,249.56,372.3,1
2761,SKU-GRO-002761,Apex Canned Goods Model-762,Grocery & Pantry,Canned Goods,Apex,446.53,590.55,1
2762,SKU-APP-002762,Aura Sportswear Model-763,Apparel,Sportswear,Aura,393.88,775.74,1
2763,SKU-GRO-002763,Nova Condiments Model-764,Grocery & Pantry,Condiments,Nova,29.64,68.36,1
2764,SKU-BEA-002764,Aura Personal Care Model-765,Beauty & Care,Personal Care,Aura,407.61,804.57,1
2765,SKU-AUT-002765,Horizon Interior Accessories Model-766,Automotive,Interior Accessories,Horizon,317.45,511.98,1
2766,SKU-SPO-002766,Pulse Fitness Gear Model-767,Sports & Outdoors,Fitness Gear,Pulse,167.34,321.38,1
2767,SKU-ELE-002767,Lumina Smartphones Model-768,Electronics,Smartphones,Lumina,337.78,434.12,1
2768,SKU-HOM-002768,Nova Storage Model-769,Home & Kitchen,Storage,Nova,37.7,93.3,1
2769,SKU-TOY-002769,Velocity Outdoor Toys Model-770,Toys & Games,Outdoor Toys,Velocity,136.54,308.21,1
2770,SKU-HOM-002770,Nova Small Appliances Model-771,Home & Kitchen,Small Appliances,Nova,191.77,285.58,1
2771,SKU-AUT-002771,Lumina Oils & Fluids Model-772,Automotive,Oils & Fluids,Lumina,181.38,423.44,1
2772,SKU-APP-002772,Vortex Outerwear Model-773,Apparel,Outerwear,Vortex,368.08,898.3,1
2773,SKU-AUT-002773,Horizon Oils & Fluids Model-774,Automotive,Oils & Fluids,Horizon,175.63,300.9,1
2774,SKU-HOM-002774,Aura Storage Model-775,Home & Kitchen,Storage,Aura,127.18,282.68,1
2775,SKU-GRO-002775,Horizon Snacks Model-776,Grocery & Pantry,Snacks,Horizon,414.7,927.58,1
2776,SKU-HOM-002776,Vortex Decor Model-777,Home & Kitchen,Decor,Vortex,51.3,122.67,1
2777,SKU-BEA-002777,Pulse Personal Care Model-778,Beauty & Care,Personal Care,Pulse,238.1,384.68,1
2778,SKU-BEA-002778,Lumina Haircare Model-779,Beauty & Care,Haircare,Lumina,403.57,813.52,1
2779,SKU-TOY-002779,Pulse Outdoor Toys Model-780,Toys & Games,Outdoor Toys,Pulse,256.17,417.96,1
2780,SKU-SPO-002780,Horizon Water Sports Model-781,Sports & Outdoors,Water Sports,Horizon,314.21,396.49,1
2781,SKU-HOM-002781,Lumina Cookware Model-782,Home & Kitchen,Cookware,Lumina,231.19,563.56,1
2782,SKU-APP-002782,Titan Footwear Model-783,Apparel,Footwear,Titan,174.24,255.96,1
2783,SKU-SPO-002783,Apex Camping & Hiking Model-784,Sports & Outdoors,Camping & Hiking,Apex,298.76,376.92,1
2784,SKU-APP-002784,Aura Men's Clothing Model-785,Apparel,Men's Clothing,Aura,58.59,110.1,1
2785,SKU-GRO-002785,Sol Beverages Model-786,Grocery & Pantry,Beverages,Sol,273.68,520.39,1
2786,SKU-BEA-002786,Pulse Fragrances Model-787,Beauty & Care,Fragrances,Pulse,335.84,508.25,1
2787,SKU-BEA-002787,Aura Cosmetics Model-788,Beauty & Care,Cosmetics,Aura,353.15,562.82,1
2788,SKU-BEA-002788,Zenith Cosmetics Model-789,Beauty & Care,Cosmetics,Zenith,327.19,454.68,1
2789,SKU-ELE-002789,Titan Smartphones Model-790,Electronics,Smartphones,Titan,354.58,875.37,0
2790,SKU-APP-002790,Matrix Footwear Model-791,Apparel,Footwear,Matrix,173.4,348.43,1
2791,SKU-HOM-002791,Titan Bedding Model-792,Home & Kitchen,Bedding,Titan,179.23,341,1
2792,SKU-AUT-002792,Nova Tools & Equipment Model-793,Automotive,Tools & Equipment,Nova,99.56,128.54,1
2793,SKU-TOY-002793,Nova Board Games Model-794,Toys & Games,Board Games,Nova,317.82,781.85,1
2794,SKU-APP-002794,Horizon Men's Clothing Model-795,Apparel,Men's Clothing,Horizon,301.13,597.59,1
2795,SKU-SPO-002795,Lumina Camping & Hiking Model-796,Sports & Outdoors,Camping & Hiking,Lumina,144.99,203.63,1
2796,SKU-GRO-002796,Sol Organic Foods Model-797,Grocery & Pantry,Organic Foods,Sol,75.52,148.28,1
2797,SKU-ELE-002797,Titan Laptops Model-798,Electronics,Laptops,Titan,364.33,619.97,1
2798,SKU-SPO-002798,Velocity Fitness Gear Model-799,Sports & Outdoors,Fitness Gear,Velocity,226.04,510.83,1
2799,SKU-AUT-002799,Titan Car Care Model-800,Automotive,Car Care,Titan,267.92,669.2,1
2800,SKU-SPO-002800,Velocity Fitness Gear Model-801,Sports & Outdoors,Fitness Gear,Velocity,119.57,258.48,1
2801,SKU-SPO-002801,Lumina Cycling Model-802,Sports & Outdoors,Cycling,Lumina,78.1,186.79,1
2802,SKU-HOM-002802,Pulse Cookware Model-803,Home & Kitchen,Cookware,Pulse,143.16,287.08,1
2803,SKU-ELE-002803,Aura Audio & Headphones Model-804,Electronics,Audio & Headphones,Aura,411.74,721.73,1
2804,SKU-SPO-002804,Titan Camping & Hiking Model-805,Sports & Outdoors,Camping & Hiking,Titan,321.33,467.61,1
2805,SKU-TOY-002805,Lumina Board Games Model-806,Toys & Games,Board Games,Lumina,8.1,14.88,1
2806,SKU-APP-002806,Zenith Sportswear Model-807,Apparel,Sportswear,Zenith,34.38,49.04,1
2807,SKU-ELE-002807,Summit Laptops Model-808,Electronics,Laptops,Summit,358.43,855.84,1
2808,SKU-GRO-002808,Aura Beverages Model-809,Grocery & Pantry,Beverages,Aura,106.72,157.23,1
2809,SKU-BEA-002809,Zenith Cosmetics Model-810,Beauty & Care,Cosmetics,Zenith,437.14,1018.17,1
2810,SKU-BEA-002810,Echo Cosmetics Model-811,Beauty & Care,Cosmetics,Echo,272.31,491.91,1
2811,SKU-GRO-002811,Echo Beverages Model-812,Grocery & Pantry,Beverages,Echo,181.81,398.45,1
2812,SKU-AUT-002812,Horizon Oils & Fluids Model-813,Automotive,Oils & Fluids,Horizon,286.22,653.58,1
2813,SKU-SPO-002813,Prism Fitness Gear Model-814,Sports & Outdoors,Fitness Gear,Prism,198.11,306.01,1
2814,SKU-SPO-002814,Echo Camping & Hiking Model-815,Sports & Outdoors,Camping & Hiking,Echo,215.13,457.83,1
2815,SKU-BEA-002815,Matrix Cosmetics Model-816,Beauty & Care,Cosmetics,Matrix,365.27,648.48,1
2816,SKU-ELE-002816,Titan Accessories Model-817,Electronics,Accessories,Titan,180.98,361.15,1
2817,SKU-BEA-002817,Sol Haircare Model-818,Beauty & Care,Haircare,Sol,10.01,13.55,1
2818,SKU-ELE-002818,Apex Laptops Model-819,Electronics,Laptops,Apex,90.11,197.09,1
2819,SKU-HOM-002819,Zenith Cookware Model-820,Home & Kitchen,Cookware,Zenith,437.78,953.08,1
2820,SKU-GRO-002820,Summit Breakfast Model-821,Grocery & Pantry,Breakfast,Summit,289.96,636.6,1
2821,SKU-SPO-002821,Horizon Water Sports Model-822,Sports & Outdoors,Water Sports,Horizon,416.73,831.46,1
2822,SKU-GRO-002822,Echo Canned Goods Model-823,Grocery & Pantry,Canned Goods,Echo,66.14,147.14,1
2823,SKU-APP-002823,Sol Women's Clothing Model-824,Apparel,Women's Clothing,Sol,274.69,572.07,1
2824,SKU-BEA-002824,Lumina Fragrances Model-825,Beauty & Care,Fragrances,Lumina,253.95,599.8,1
2825,SKU-ELE-002825,Matrix Wearables Model-826,Electronics,Wearables,Matrix,282.9,493.7,1
2826,SKU-SPO-002826,Zenith Water Sports Model-827,Sports & Outdoors,Water Sports,Zenith,45.43,87.78,1
2827,SKU-APP-002827,Nova Accessories Model-828,Apparel,Accessories,Nova,433.72,745.84,1
2828,SKU-HOM-002828,Sol Decor Model-829,Home & Kitchen,Decor,Sol,194.17,426.65,1
2829,SKU-AUT-002829,Aura Tools & Equipment Model-830,Automotive,Tools & Equipment,Aura,115.38,247.84,1
2830,SKU-TOY-002830,Lumina Educational Toys Model-831,Toys & Games,Educational Toys,Lumina,173.2,299.25,1
2831,SKU-GRO-002831,Summit Canned Goods Model-832,Grocery & Pantry,Canned Goods,Summit,368.52,736,1
2832,SKU-HOM-002832,Aura Decor Model-833,Home & Kitchen,Decor,Aura,426.71,982.12,1
2833,SKU-SPO-002833,Lumina Cycling Model-834,Sports & Outdoors,Cycling,Lumina,244.54,533.22,1
2834,SKU-SPO-002834,Lumina Water Sports Model-835,Sports & Outdoors,Water Sports,Lumina,384.79,623.49,1
2835,SKU-SPO-002835,Lumina Team Sports Model-836,Sports & Outdoors,Team Sports,Lumina,429.72,791.53,0
2836,SKU-AUT-002836,Nova Oils & Fluids Model-837,Automotive,Oils & Fluids,Nova,65.74,101.45,1
2837,SKU-BEA-002837,Summit Skincare Model-838,Beauty & Care,Skincare,Summit,222.21,305.49,1
2838,SKU-AUT-002838,Vortex Tools & Equipment Model-839,Automotive,Tools & Equipment,Vortex,209.67,395.77,1
2839,SKU-TOY-002839,Prism Puzzles Model-840,Toys & Games,Puzzles,Prism,26.56,60.88,1
2840,SKU-HOM-002840,Horizon Bedding Model-841,Home & Kitchen,Bedding,Horizon,208.87,504,0
2841,SKU-ELE-002841,Echo Wearables Model-842,Electronics,Wearables,Echo,292.32,384.58,1
2842,SKU-ELE-002842,Aura Accessories Model-843,Electronics,Accessories,Aura,377.74,743.21,1
2843,SKU-GRO-002843,Horizon Condiments Model-844,Grocery & Pantry,Condiments,Horizon,354.48,653.34,1
2844,SKU-GRO-002844,Summit Canned Goods Model-845,Grocery & Pantry,Canned Goods,Summit,369.91,502.76,0
2845,SKU-APP-002845,Pulse Outerwear Model-846,Apparel,Outerwear,Pulse,82.72,149.86,1
2846,SKU-SPO-002846,Prism Fitness Gear Model-847,Sports & Outdoors,Fitness Gear,Prism,29.68,41.41,1
2847,SKU-HOM-002847,Prism Storage Model-848,Home & Kitchen,Storage,Prism,440.68,669.24,1
2848,SKU-SPO-002848,Apex Fitness Gear Model-849,Sports & Outdoors,Fitness Gear,Apex,56.72,106.79,1
2849,SKU-TOY-002849,Zenith Outdoor Toys Model-850,Toys & Games,Outdoor Toys,Zenith,391.04,941.25,1
2850,SKU-TOY-002850,Zenith Puzzles Model-851,Toys & Games,Puzzles,Zenith,367.82,640.33,1
2851,SKU-AUT-002851,Pulse Interior Accessories Model-852,Automotive,Interior Accessories,Pulse,434.53,721.03,0
2852,SKU-GRO-002852,Summit Beverages Model-853,Grocery & Pantry,Beverages,Summit,426.84,585.61,1
2853,SKU-HOM-002853,Vortex Cookware Model-854,Home & Kitchen,Cookware,Vortex,347.33,840.62,1
2854,SKU-GRO-002854,Velocity Snacks Model-855,Grocery & Pantry,Snacks,Velocity,133.51,184.55,1
2855,SKU-ELE-002855,Apex Wearables Model-856,Electronics,Wearables,Apex,187.67,281.26,1
2856,SKU-BEA-002856,Aura Personal Care Model-857,Beauty & Care,Personal Care,Aura,331.09,628.07,1
2857,SKU-BEA-002857,Horizon Cosmetics Model-858,Beauty & Care,Cosmetics,Horizon,239.34,584.89,1
2858,SKU-HOM-002858,Horizon Small Appliances Model-859,Home & Kitchen,Small Appliances,Horizon,150.56,367.16,1
2859,SKU-SPO-002859,Velocity Fitness Gear Model-860,Sports & Outdoors,Fitness Gear,Velocity,227.58,330.25,1
2860,SKU-TOY-002860,Velocity Puzzles Model-861,Toys & Games,Puzzles,Velocity,325.71,693.14,1
2861,SKU-SPO-002861,Horizon Camping & Hiking Model-862,Sports & Outdoors,Camping & Hiking,Horizon,286.53,708.76,1
2862,SKU-GRO-002862,Horizon Organic Foods Model-863,Grocery & Pantry,Organic Foods,Horizon,34.36,85.74,1
2863,SKU-AUT-002863,Nova Tools & Equipment Model-864,Automotive,Tools & Equipment,Nova,65.39,147.13,1
2864,SKU-ELE-002864,Pulse Smartphones Model-865,Electronics,Smartphones,Pulse,339.19,584.7,1
2865,SKU-SPO-002865,Aura Fitness Gear Model-866,Sports & Outdoors,Fitness Gear,Aura,409.12,788.13,1
2866,SKU-SPO-002866,Aura Camping & Hiking Model-867,Sports & Outdoors,Camping & Hiking,Aura,282.25,564.32,1
2867,SKU-AUT-002867,Horizon Interior Accessories Model-868,Automotive,Interior Accessories,Horizon,427.3,822.85,1
2868,SKU-GRO-002868,Prism Snacks Model-869,Grocery & Pantry,Snacks,Prism,246.56,507.64,1
2869,SKU-AUT-002869,Lumina Tools & Equipment Model-870,Automotive,Tools & Equipment,Lumina,57.68,92.12,1
2870,SKU-ELE-002870,Aura Accessories Model-871,Electronics,Accessories,Aura,199.37,403.37,1
2871,SKU-APP-002871,Velocity Outerwear Model-872,Apparel,Outerwear,Velocity,306.43,586.65,1
2872,SKU-TOY-002872,Echo Educational Toys Model-873,Toys & Games,Educational Toys,Echo,270.1,566.49,1
2873,SKU-TOY-002873,Prism Action Figures Model-874,Toys & Games,Action Figures,Prism,9.21,15.5,0
2874,SKU-BEA-002874,Aura Personal Care Model-875,Beauty & Care,Personal Care,Aura,318.81,663.73,1
2875,SKU-ELE-002875,Vortex Laptops Model-876,Electronics,Laptops,Vortex,188.39,395.25,1
2876,SKU-APP-002876,Lumina Accessories Model-877,Apparel,Accessories,Lumina,293.76,653.28,1
2877,SKU-ELE-002877,Apex Accessories Model-878,Electronics,Accessories,Apex,401.68,581.9,1
2878,SKU-TOY-002878,Lumina Action Figures Model-879,Toys & Games,Action Figures,Lumina,301.25,614.66,1
2879,SKU-SPO-002879,Matrix Camping & Hiking Model-880,Sports & Outdoors,Camping & Hiking,Matrix,40.58,94.57,1
2880,SKU-APP-002880,Aura Sportswear Model-881,Apparel,Sportswear,Aura,280.76,441.15,1
2881,SKU-APP-002881,Nova Accessories Model-882,Apparel,Accessories,Nova,382.92,748.69,1
2882,SKU-AUT-002882,Echo Car Care Model-883,Automotive,Car Care,Echo,394.23,872.67,1
2883,SKU-HOM-002883,Sol Decor Model-884,Home & Kitchen,Decor,Sol,64.06,88.98,1
2884,SKU-AUT-002884,Titan Car Care Model-885,Automotive,Car Care,Titan,157.17,197.76,1
2885,SKU-APP-002885,Vortex Footwear Model-886,Apparel,Footwear,Vortex,290.17,664.97,1
2886,SKU-GRO-002886,Prism Breakfast Model-887,Grocery & Pantry,Breakfast,Prism,105.12,133.85,1
2887,SKU-GRO-002887,Echo Beverages Model-888,Grocery & Pantry,Beverages,Echo,296.22,430.44,1
2888,SKU-ELE-002888,Nova Laptops Model-889,Electronics,Laptops,Nova,246.98,331.58,0
2889,SKU-BEA-002889,Vortex Personal Care Model-890,Beauty & Care,Personal Care,Vortex,305.24,655.56,1
2890,SKU-APP-002890,Prism Sportswear Model-891,Apparel,Sportswear,Prism,213.06,417.28,1
2891,SKU-TOY-002891,Echo Puzzles Model-892,Toys & Games,Puzzles,Echo,9.79,12.94,1
2892,SKU-GRO-002892,Aura Beverages Model-893,Grocery & Pantry,Beverages,Aura,308.51,713.23,1
2893,SKU-ELE-002893,Nova Wearables Model-894,Electronics,Wearables,Nova,335.73,455.45,1
2894,SKU-APP-002894,Titan Outerwear Model-895,Apparel,Outerwear,Titan,315.61,663.33,1
2895,SKU-TOY-002895,Lumina Educational Toys Model-896,Toys & Games,Educational Toys,Lumina,158.81,394.67,1
2896,SKU-BEA-002896,Aura Skincare Model-897,Beauty & Care,Skincare,Aura,111.2,200.56,1
2897,SKU-APP-002897,Nova Women's Clothing Model-898,Apparel,Women's Clothing,Nova,22.05,39.3,1
2898,SKU-TOY-002898,Vortex Outdoor Toys Model-899,Toys & Games,Outdoor Toys,Vortex,81.05,115.7,1
2899,SKU-BEA-002899,Prism Cosmetics Model-900,Beauty & Care,Cosmetics,Prism,364.42,500.83,1
2900,SKU-GRO-002900,Pulse Breakfast Model-901,Grocery & Pantry,Breakfast,Pulse,372,702.64,1
2901,SKU-ELE-002901,Apex Smart Home Model-902,Electronics,Smart Home,Apex,66.71,129.32,1
2902,SKU-GRO-002902,Nova Snacks Model-903,Grocery & Pantry,Snacks,Nova,181.44,298.14,1
2903,SKU-SPO-002903,Titan Water Sports Model-904,Sports & Outdoors,Water Sports,Titan,102.36,146.28,1
2904,SKU-GRO-002904,Nova Breakfast Model-905,Grocery & Pantry,Breakfast,Nova,201.03,306.82,1
2905,SKU-GRO-002905,Pulse Organic Foods Model-906,Grocery & Pantry,Organic Foods,Pulse,201.79,313.07,1
2906,SKU-BEA-002906,Matrix Cosmetics Model-907,Beauty & Care,Cosmetics,Matrix,109.5,273.67,1
2907,SKU-GRO-002907,Velocity Condiments Model-908,Grocery & Pantry,Condiments,Velocity,12.87,17.92,1
2908,SKU-TOY-002908,Aura Action Figures Model-909,Toys & Games,Action Figures,Aura,443.26,982.81,1
2909,SKU-AUT-002909,Velocity Interior Accessories Model-910,Automotive,Interior Accessories,Velocity,108.11,192.47,1
2910,SKU-SPO-002910,Pulse Cycling Model-911,Sports & Outdoors,Cycling,Pulse,89.29,133.59,1
2911,SKU-BEA-002911,Sol Haircare Model-912,Beauty & Care,Haircare,Sol,299.68,663.57,1
2912,SKU-ELE-002912,Echo Accessories Model-913,Electronics,Accessories,Echo,59.43,105.06,1
2913,SKU-BEA-002913,Aura Personal Care Model-914,Beauty & Care,Personal Care,Aura,156.15,313.69,1
2914,SKU-SPO-002914,Echo Fitness Gear Model-915,Sports & Outdoors,Fitness Gear,Echo,161.24,281.84,1
2915,SKU-BEA-002915,Horizon Haircare Model-916,Beauty & Care,Haircare,Horizon,19.01,38.61,1
2916,SKU-AUT-002916,Vortex Interior Accessories Model-917,Automotive,Interior Accessories,Vortex,337.89,821.3,1
2917,SKU-TOY-002917,Prism Action Figures Model-918,Toys & Games,Action Figures,Prism,78.65,114.45,1
2918,SKU-GRO-002918,Prism Canned Goods Model-919,Grocery & Pantry,Canned Goods,Prism,250.1,540.5,1
2919,SKU-AUT-002919,Velocity Tools & Equipment Model-920,Automotive,Tools & Equipment,Velocity,107.81,140.29,1
2920,SKU-SPO-002920,Velocity Cycling Model-921,Sports & Outdoors,Cycling,Velocity,337.33,792.08,1
2921,SKU-TOY-002921,Titan Board Games Model-922,Toys & Games,Board Games,Titan,144.17,247.78,1
2922,SKU-SPO-002922,Lumina Team Sports Model-923,Sports & Outdoors,Team Sports,Lumina,210.46,264.1,1
2923,SKU-SPO-002923,Vortex Fitness Gear Model-924,Sports & Outdoors,Fitness Gear,Vortex,225.89,329.22,1
2924,SKU-BEA-002924,Apex Personal Care Model-925,Beauty & Care,Personal Care,Apex,38.89,81.92,1
2925,SKU-GRO-002925,Velocity Canned Goods Model-926,Grocery & Pantry,Canned Goods,Velocity,10.1,22.09,1
2926,SKU-GRO-002926,Echo Condiments Model-927,Grocery & Pantry,Condiments,Echo,131.53,209.96,1
2927,SKU-HOM-002927,Zenith Bedding Model-928,Home & Kitchen,Bedding,Zenith,117.85,222.32,1
2928,SKU-ELE-002928,Echo Laptops Model-929,Electronics,Laptops,Echo,89.11,175.15,1
2929,SKU-ELE-002929,Nova Accessories Model-930,Electronics,Accessories,Nova,429.73,815.2,1
2930,SKU-GRO-002930,Prism Beverages Model-931,Grocery & Pantry,Beverages,Prism,317.19,765.1,1
2931,SKU-GRO-002931,Zenith Snacks Model-932,Grocery & Pantry,Snacks,Zenith,9.45,19.82,1
2932,SKU-SPO-002932,Horizon Camping & Hiking Model-933,Sports & Outdoors,Camping & Hiking,Horizon,305.48,717.48,0
2933,SKU-APP-002933,Matrix Outerwear Model-934,Apparel,Outerwear,Matrix,43.6,85.47,1
2934,SKU-APP-002934,Summit Accessories Model-935,Apparel,Accessories,Summit,27.99,39.34,0
2935,SKU-TOY-002935,Summit Outdoor Toys Model-936,Toys & Games,Outdoor Toys,Summit,336.12,426.97,1
2936,SKU-TOY-002936,Summit Outdoor Toys Model-937,Toys & Games,Outdoor Toys,Summit,339.91,573.73,1
2937,SKU-GRO-002937,Echo Canned Goods Model-938,Grocery & Pantry,Canned Goods,Echo,362.23,726.88,1
2938,SKU-TOY-002938,Titan Outdoor Toys Model-939,Toys & Games,Outdoor Toys,Titan,368.88,678.54,1
2939,SKU-APP-002939,Matrix Outerwear Model-940,Apparel,Outerwear,Matrix,428.94,945.02,0
2940,SKU-BEA-002940,Lumina Skincare Model-941,Beauty & Care,Skincare,Lumina,60.48,125.74,1
2941,SKU-ELE-002941,Horizon Laptops Model-942,Electronics,Laptops,Horizon,182.93,348.52,1
2942,SKU-SPO-002942,Vortex Camping & Hiking Model-943,Sports & Outdoors,Camping & Hiking,Vortex,234.22,470.07,1
2943,SKU-APP-002943,Apex Footwear Model-944,Apparel,Footwear,Apex,179.26,442.9,1
2944,SKU-APP-002944,Prism Sportswear Model-945,Apparel,Sportswear,Prism,431.7,815.4,1
2945,SKU-BEA-002945,Horizon Haircare Model-946,Beauty & Care,Haircare,Horizon,28.82,47.31,1
2946,SKU-SPO-002946,Echo Water Sports Model-947,Sports & Outdoors,Water Sports,Echo,174.43,254.4,1
2947,SKU-BEA-002947,Prism Fragrances Model-948,Beauty & Care,Fragrances,Prism,285.9,434.22,1
2948,SKU-GRO-002948,Matrix Snacks Model-949,Grocery & Pantry,Snacks,Matrix,279.69,589.82,1
2949,SKU-HOM-002949,Zenith Small Appliances Model-950,Home & Kitchen,Small Appliances,Zenith,176.06,281.9,1
2950,SKU-TOY-002950,Nova Outdoor Toys Model-951,Toys & Games,Outdoor Toys,Nova,392.9,696.31,1
2951,SKU-APP-002951,Prism Footwear Model-952,Apparel,Footwear,Prism,205.49,489.68,1
2952,SKU-HOM-002952,Prism Small Appliances Model-953,Home & Kitchen,Small Appliances,Prism,282.77,640.03,1
2953,SKU-ELE-002953,Titan Accessories Model-954,Electronics,Accessories,Titan,340.43,703.88,1
2954,SKU-GRO-002954,Matrix Organic Foods Model-955,Grocery & Pantry,Organic Foods,Matrix,437.62,994.8,1
2955,SKU-APP-002955,Titan Men's Clothing Model-956,Apparel,Men's Clothing,Titan,403.13,702.11,1
2956,SKU-HOM-002956,Lumina Furniture Model-957,Home & Kitchen,Furniture,Lumina,274.32,645.53,1
2957,SKU-HOM-002957,Matrix Cookware Model-958,Home & Kitchen,Cookware,Matrix,63.07,105.53,1
2958,SKU-HOM-002958,Titan Cookware Model-959,Home & Kitchen,Cookware,Titan,7.06,10.56,0
2959,SKU-GRO-002959,Vortex Condiments Model-960,Grocery & Pantry,Condiments,Vortex,97.46,242.44,1
2960,SKU-GRO-002960,Lumina Organic Foods Model-961,Grocery & Pantry,Organic Foods,Lumina,242.82,566.22,1
2961,SKU-GRO-002961,Pulse Beverages Model-962,Grocery & Pantry,Beverages,Pulse,62.62,92.37,1
2962,SKU-AUT-002962,Echo Oils & Fluids Model-963,Automotive,Oils & Fluids,Echo,392.03,602.63,1
2963,SKU-APP-002963,Sol Sportswear Model-964,Apparel,Sportswear,Sol,235.43,511.86,1
2964,SKU-TOY-002964,Echo Outdoor Toys Model-965,Toys & Games,Outdoor Toys,Echo,295.12,570.72,1
2965,SKU-HOM-002965,Titan Furniture Model-966,Home & Kitchen,Furniture,Titan,136.88,207.04,1
2966,SKU-TOY-002966,Pulse Board Games Model-967,Toys & Games,Board Games,Pulse,183.04,294.92,1
2967,SKU-SPO-002967,Summit Cycling Model-968,Sports & Outdoors,Cycling,Summit,413.94,753.24,1
2968,SKU-HOM-002968,Echo Decor Model-969,Home & Kitchen,Decor,Echo,21.79,29.06,0
2969,SKU-TOY-002969,Prism Action Figures Model-970,Toys & Games,Action Figures,Prism,48.53,96.15,1
2970,SKU-APP-002970,Aura Outerwear Model-971,Apparel,Outerwear,Aura,430.29,803.86,1
2971,SKU-BEA-002971,Aura Fragrances Model-972,Beauty & Care,Fragrances,Aura,229.36,298.81,1
2972,SKU-SPO-002972,Zenith Team Sports Model-973,Sports & Outdoors,Team Sports,Zenith,172.83,272.23,1
2973,SKU-HOM-002973,Matrix Small Appliances Model-974,Home & Kitchen,Small Appliances,Matrix,164.85,396.42,1
2974,SKU-GRO-002974,Zenith Condiments Model-975,Grocery & Pantry,Condiments,Zenith,23.07,36.17,0
2975,SKU-APP-002975,Matrix Outerwear Model-976,Apparel,Outerwear,Matrix,35.13,67.55,1
2976,SKU-APP-002976,Velocity Men's Clothing Model-977,Apparel,Men's Clothing,Velocity,142.26,352.49,1
2977,SKU-TOY-002977,Pulse Puzzles Model-978,Toys & Games,Puzzles,Pulse,362.6,501.33,1
2978,SKU-GRO-002978,Lumina Organic Foods Model-979,Grocery & Pantry,Organic Foods,Lumina,443.12,935.52,1
2979,SKU-GRO-002979,Matrix Snacks Model-980,Grocery & Pantry,Snacks,Matrix,181.3,263.15,1
2980,SKU-GRO-002980,Velocity Breakfast Model-981,Grocery & Pantry,Breakfast,Velocity,58.57,74.46,1
2981,SKU-TOY-002981,Sol Action Figures Model-982,Toys & Games,Action Figures,Sol,279.78,687.2,1
2982,SKU-APP-002982,Zenith Sportswear Model-983,Apparel,Sportswear,Zenith,390.05,673.9,1
2983,SKU-APP-002983,Lumina Footwear Model-984,Apparel,Footwear,Lumina,276.63,615.85,1
2984,SKU-APP-002984,Lumina Sportswear Model-985,Apparel,Sportswear,Lumina,241.48,476.81,1
2985,SKU-SPO-002985,Prism Camping & Hiking Model-986,Sports & Outdoors,Camping & Hiking,Prism,389.65,628.58,1
2986,SKU-AUT-002986,Sol Interior Accessories Model-987,Automotive,Interior Accessories,Sol,27.53,63.92,1
2987,SKU-APP-002987,Summit Footwear Model-988,Apparel,Footwear,Summit,355.3,651.15,1
2988,SKU-TOY-002988,Aura Board Games Model-989,Toys & Games,Board Games,Aura,421.2,644.91,1
2989,SKU-APP-002989,Zenith Footwear Model-990,Apparel,Footwear,Zenith,291.49,463.68,0
2990,SKU-BEA-002990,Prism Haircare Model-991,Beauty & Care,Haircare,Prism,146.31,208.84,1
2991,SKU-TOY-002991,Prism Puzzles Model-992,Toys & Games,Puzzles,Prism,445.64,678.21,1
2992,SKU-SPO-002992,Zenith Water Sports Model-993,Sports & Outdoors,Water Sports,Zenith,213.59,339.77,1
2993,SKU-APP-002993,Pulse Footwear Model-994,Apparel,Footwear,Pulse,359.96,586.5,1
2994,SKU-GRO-002994,Titan Organic Foods Model-995,Grocery & Pantry,Organic Foods,Titan,283.92,547.31,1
2995,SKU-HOM-002995,Titan Furniture Model-996,Home & Kitchen,Furniture,Titan,115.39,193.76,1
2996,SKU-GRO-002996,Aura Snacks Model-997,Grocery & Pantry,Snacks,Aura,128.41,231.97,1
2997,SKU-HOM-002997,Apex Bedding Model-998,Home & Kitchen,Bedding,Apex,408.22,1016.93,1
2998,SKU-HOM-002998,Echo Bedding Model-999,Home & Kitchen,Bedding,Echo,67.66,103.08,1
2999,SKU-AUT-002999,Prism Interior Accessories Model-1000,Automotive,Interior Accessories,Prism,396.51,743.63,1
3000,SKU-TOY-003000,Matrix Board Games Model-001,Toys & Games,Board Games,Matrix,149.24,333.05,1
3001,SKU-ELE-003001,Horizon Smartphones Model-002,Electronics,Smartphones,Horizon,104.59,142.13,1
3002,SKU-GRO-003002,Matrix Organic Foods Model-003,Grocery & Pantry,Organic Foods,Matrix,359.43,479.63,1
3003,SKU-HOM-003003,Matrix Small Appliances Model-004,Home & Kitchen,Small Appliances,Matrix,88.74,152.29,1
3004,SKU-TOY-003004,Lumina Outdoor Toys Model-005,Toys & Games,Outdoor Toys,Lumina,159.55,261.14,1
3005,SKU-AUT-003005,Zenith Tools & Equipment Model-006,Automotive,Tools & Equipment,Zenith,50.08,82.87,1
3006,SKU-APP-003006,Pulse Accessories Model-007,Apparel,Accessories,Pulse,65.52,89.27,1
3007,SKU-TOY-003007,Horizon Action Figures Model-008,Toys & Games,Action Figures,Horizon,16.65,23.19,1
3008,SKU-BEA-003008,Prism Personal Care Model-009,Beauty & Care,Personal Care,Prism,159.87,372.03,1
3009,SKU-APP-003009,Prism Women's Clothing Model-010,Apparel,Women's Clothing,Prism,252.69,498.51,1
3010,SKU-AUT-003010,Prism Car Care Model-011,Automotive,Car Care,Prism,399.44,661.33,1
3011,SKU-GRO-003011,Prism Breakfast Model-012,Grocery & Pantry,Breakfast,Prism,126.78,278,1
3012,SKU-BEA-003012,Sol Personal Care Model-013,Beauty & Care,Personal Care,Sol,276.22,497.6,1
3013,SKU-HOM-003013,Horizon Cookware Model-014,Home & Kitchen,Cookware,Horizon,449.96,919.44,1
3014,SKU-SPO-003014,Apex Fitness Gear Model-015,Sports & Outdoors,Fitness Gear,Apex,178.48,232.04,1
3015,SKU-HOM-003015,Titan Small Appliances Model-016,Home & Kitchen,Small Appliances,Titan,13.6,33.93,1
3016,SKU-APP-003016,Zenith Footwear Model-017,Apparel,Footwear,Zenith,15.96,26.29,1
3017,SKU-HOM-003017,Velocity Small Appliances Model-018,Home & Kitchen,Small Appliances,Velocity,368.12,797.27,1
3018,SKU-TOY-003018,Horizon Board Games Model-019,Toys & Games,Board Games,Horizon,356.93,711.31,1
3019,SKU-BEA-003019,Summit Haircare Model-020,Beauty & Care,Haircare,Summit,381.15,816.71,1
3020,SKU-GRO-003020,Sol Beverages Model-021,Grocery & Pantry,Beverages,Sol,166.79,409.41,1
3021,SKU-SPO-003021,Titan Camping & Hiking Model-022,Sports & Outdoors,Camping & Hiking,Titan,254.13,478.18,1
3022,SKU-APP-003022,Summit Accessories Model-023,Apparel,Accessories,Summit,223.66,535.92,1
3023,SKU-HOM-003023,Prism Decor Model-024,Home & Kitchen,Decor,Prism,391.57,888.74,1
3024,SKU-TOY-003024,Prism Board Games Model-025,Toys & Games,Board Games,Prism,350.89,730.28,1
3025,SKU-SPO-003025,Nova Water Sports Model-026,Sports & Outdoors,Water Sports,Nova,61.36,82.99,1
3026,SKU-GRO-003026,Lumina Organic Foods Model-027,Grocery & Pantry,Organic Foods,Lumina,155.73,195.38,1
3027,SKU-APP-003027,Sol Men's Clothing Model-028,Apparel,Men's Clothing,Sol,359.11,732.09,1
3028,SKU-SPO-003028,Titan Team Sports Model-029,Sports & Outdoors,Team Sports,Titan,334.53,535.56,1
3029,SKU-HOM-003029,Apex Bedding Model-030,Home & Kitchen,Bedding,Apex,97.7,160.14,1
3030,SKU-AUT-003030,Titan Tools & Equipment Model-031,Automotive,Tools & Equipment,Titan,283.11,417.42,1
3031,SKU-ELE-003031,Aura Smartphones Model-032,Electronics,Smartphones,Aura,318.34,417.68,1
3032,SKU-AUT-003032,Summit Car Care Model-033,Automotive,Car Care,Summit,123.93,228.44,1
3033,SKU-APP-003033,Velocity Women's Clothing Model-034,Apparel,Women's Clothing,Velocity,340.75,681.37,1
3034,SKU-SPO-003034,Prism Camping & Hiking Model-035,Sports & Outdoors,Camping & Hiking,Prism,180.74,391.13,1
3035,SKU-ELE-003035,Echo Laptops Model-036,Electronics,Laptops,Echo,307.45,425.93,1
3036,SKU-APP-003036,Prism Footwear Model-037,Apparel,Footwear,Prism,92.59,224.31,1
3037,SKU-GRO-003037,Zenith Beverages Model-038,Grocery & Pantry,Beverages,Zenith,427.43,803.25,0
3038,SKU-HOM-003038,Vortex Storage Model-039,Home & Kitchen,Storage,Vortex,236.84,344.64,0
3039,SKU-SPO-003039,Titan Cycling Model-040,Sports & Outdoors,Cycling,Titan,141.4,188.18,1
3040,SKU-AUT-003040,Sol Tools & Equipment Model-041,Automotive,Tools & Equipment,Sol,410.14,754.28,1
3041,SKU-AUT-003041,Matrix Car Care Model-042,Automotive,Car Care,Matrix,333.91,465.06,1
3042,SKU-SPO-003042,Titan Team Sports Model-043,Sports & Outdoors,Team Sports,Titan,281.44,517.6,1
3043,SKU-APP-003043,Zenith Accessories Model-044,Apparel,Accessories,Zenith,188.18,320.46,1
3044,SKU-BEA-003044,Horizon Cosmetics Model-045,Beauty & Care,Cosmetics,Horizon,246.7,406.7,1
3045,SKU-ELE-003045,Lumina Smart Home Model-046,Electronics,Smart Home,Lumina,136.37,250.56,1
3046,SKU-BEA-003046,Velocity Cosmetics Model-047,Beauty & Care,Cosmetics,Velocity,291.89,416.13,1
3047,SKU-ELE-003047,Summit Accessories Model-048,Electronics,Accessories,Summit,12.81,30.36,1
3048,SKU-HOM-003048,Sol Decor Model-049,Home & Kitchen,Decor,Sol,19.59,41.57,1
3049,SKU-BEA-003049,Aura Skincare Model-050,Beauty & Care,Skincare,Aura,432.03,769.12,1
3050,SKU-SPO-003050,Vortex Cycling Model-051,Sports & Outdoors,Cycling,Vortex,169.04,308.34,1
3051,SKU-ELE-003051,Pulse Smartphones Model-052,Electronics,Smartphones,Pulse,247.3,501.99,1
3052,SKU-APP-003052,Horizon Outerwear Model-053,Apparel,Outerwear,Horizon,129.4,196.72,1
3053,SKU-APP-003053,Velocity Footwear Model-054,Apparel,Footwear,Velocity,409.27,627.47,1
3054,SKU-HOM-003054,Horizon Bedding Model-055,Home & Kitchen,Bedding,Horizon,226.62,381.89,1
3055,SKU-ELE-003055,Zenith Smartphones Model-056,Electronics,Smartphones,Zenith,354.41,574.17,1
3056,SKU-ELE-003056,Prism Smart Home Model-057,Electronics,Smart Home,Prism,147.33,193.28,1
3057,SKU-BEA-003057,Sol Fragrances Model-058,Beauty & Care,Fragrances,Sol,86.08,118.56,1
3058,SKU-APP-003058,Zenith Women's Clothing Model-059,Apparel,Women's Clothing,Zenith,143.56,224.87,1
3059,SKU-TOY-003059,Sol Outdoor Toys Model-060,Toys & Games,Outdoor Toys,Sol,26.92,41.45,1
3060,SKU-BEA-003060,Prism Personal Care Model-061,Beauty & Care,Personal Care,Prism,84.33,200.98,1
3061,SKU-GRO-003061,Horizon Breakfast Model-062,Grocery & Pantry,Breakfast,Horizon,64.97,85.99,1
3062,SKU-BEA-003062,Zenith Haircare Model-063,Beauty & Care,Haircare,Zenith,392.63,933.3,1
3063,SKU-BEA-003063,Velocity Personal Care Model-064,Beauty & Care,Personal Care,Velocity,77.77,124.42,1
3064,SKU-HOM-003064,Titan Decor Model-065,Home & Kitchen,Decor,Titan,411.04,915.34,1
3065,SKU-TOY-003065,Prism Puzzles Model-066,Toys & Games,Puzzles,Prism,409.85,886.36,1
3066,SKU-APP-003066,Vortex Accessories Model-067,Apparel,Accessories,Vortex,241.18,336.43,1
3067,SKU-TOY-003067,Apex Puzzles Model-068,Toys & Games,Puzzles,Apex,29.44,44.33,1
3068,SKU-APP-003068,Echo Footwear Model-069,Apparel,Footwear,Echo,416.54,830.86,1
3069,SKU-AUT-003069,Summit Car Care Model-070,Automotive,Car Care,Summit,173.08,277.69,1
3070,SKU-BEA-003070,Prism Cosmetics Model-071,Beauty & Care,Cosmetics,Prism,162.67,307.62,1
3071,SKU-AUT-003071,Pulse Car Care Model-072,Automotive,Car Care,Pulse,389.74,521.14,1
3072,SKU-SPO-003072,Nova Fitness Gear Model-073,Sports & Outdoors,Fitness Gear,Nova,164.23,267.81,1
3073,SKU-HOM-003073,Nova Furniture Model-074,Home & Kitchen,Furniture,Nova,155.39,354.25,1
3074,SKU-ELE-003074,Echo Audio & Headphones Model-075,Electronics,Audio & Headphones,Echo,162.97,400.91,1
3075,SKU-ELE-003075,Horizon Laptops Model-076,Electronics,Laptops,Horizon,418.81,765.95,1
3076,SKU-TOY-003076,Titan Action Figures Model-077,Toys & Games,Action Figures,Titan,433.88,857.83,1
3077,SKU-APP-003077,Vortex Outerwear Model-078,Apparel,Outerwear,Vortex,74.63,137.53,1
3078,SKU-GRO-003078,Nova Organic Foods Model-079,Grocery & Pantry,Organic Foods,Nova,441.65,933.17,1
3079,SKU-SPO-003079,Sol Fitness Gear Model-080,Sports & Outdoors,Fitness Gear,Sol,371.15,476.06,1
3080,SKU-ELE-003080,Matrix Audio & Headphones Model-081,Electronics,Audio & Headphones,Matrix,402.81,703.01,1
3081,SKU-TOY-003081,Nova Action Figures Model-082,Toys & Games,Action Figures,Nova,129.75,296.38,1
3082,SKU-APP-003082,Lumina Women's Clothing Model-083,Apparel,Women's Clothing,Lumina,291.34,612.43,1
3083,SKU-AUT-003083,Matrix Car Care Model-084,Automotive,Car Care,Matrix,368.12,807.53,1
3084,SKU-SPO-003084,Zenith Cycling Model-085,Sports & Outdoors,Cycling,Zenith,19.53,36.8,1
3085,SKU-TOY-003085,Vortex Educational Toys Model-086,Toys & Games,Educational Toys,Vortex,322.96,721.51,1
3086,SKU-HOM-003086,Zenith Cookware Model-087,Home & Kitchen,Cookware,Zenith,345.39,793.31,1
3087,SKU-APP-003087,Apex Footwear Model-088,Apparel,Footwear,Apex,178.06,323.15,1
3088,SKU-GRO-003088,Titan Condiments Model-089,Grocery & Pantry,Condiments,Titan,255.48,570.66,1
3089,SKU-APP-003089,Summit Outerwear Model-090,Apparel,Outerwear,Summit,95.15,194.79,1
3090,SKU-ELE-003090,Zenith Accessories Model-091,Electronics,Accessories,Zenith,95.02,145.79,1
3091,SKU-TOY-003091,Lumina Action Figures Model-092,Toys & Games,Action Figures,Lumina,250.47,374.01,1
3092,SKU-ELE-003092,Lumina Accessories Model-093,Electronics,Accessories,Lumina,217.58,317.99,1
3093,SKU-TOY-003093,Echo Puzzles Model-094,Toys & Games,Puzzles,Echo,316.04,674.47,1
3094,SKU-BEA-003094,Zenith Haircare Model-095,Beauty & Care,Haircare,Zenith,377.22,740.01,1
3095,SKU-ELE-003095,Velocity Audio & Headphones Model-096,Electronics,Audio & Headphones,Velocity,88.96,190.18,1
3096,SKU-TOY-003096,Aura Puzzles Model-097,Toys & Games,Puzzles,Aura,268.04,477.06,1
3097,SKU-AUT-003097,Summit Car Care Model-098,Automotive,Car Care,Summit,219.57,320.57,1
3098,SKU-SPO-003098,Zenith Fitness Gear Model-099,Sports & Outdoors,Fitness Gear,Zenith,28.98,44.57,1
3099,SKU-APP-003099,Echo Sportswear Model-100,Apparel,Sportswear,Echo,216.82,376.47,1
3100,SKU-ELE-003100,Zenith Smartphones Model-101,Electronics,Smartphones,Zenith,102.72,197.53,1
3101,SKU-HOM-003101,Summit Furniture Model-102,Home & Kitchen,Furniture,Summit,364.86,514.55,0
3102,SKU-SPO-003102,Echo Water Sports Model-103,Sports & Outdoors,Water Sports,Echo,415.18,930.44,1
3103,SKU-SPO-003103,Echo Cycling Model-104,Sports & Outdoors,Cycling,Echo,386.03,580.91,0
3104,SKU-GRO-003104,Zenith Beverages Model-105,Grocery & Pantry,Beverages,Zenith,311.24,698.87,1
3105,SKU-APP-003105,Apex Sportswear Model-106,Apparel,Sportswear,Apex,150.01,243.76,1
3106,SKU-HOM-003106,Titan Cookware Model-107,Home & Kitchen,Cookware,Titan,86.79,168.98,1
3107,SKU-AUT-003107,Lumina Car Care Model-108,Automotive,Car Care,Lumina,232.29,359.15,1
3108,SKU-ELE-003108,Aura Laptops Model-109,Electronics,Laptops,Aura,319.38,714.08,1
3109,SKU-HOM-003109,Lumina Cookware Model-110,Home & Kitchen,Cookware,Lumina,131.61,257.45,1
3110,SKU-ELE-003110,Summit Wearables Model-111,Electronics,Wearables,Summit,305.14,663.47,1
3111,SKU-SPO-003111,Apex Fitness Gear Model-112,Sports & Outdoors,Fitness Gear,Apex,413.85,659.66,1
3112,SKU-SPO-003112,Horizon Camping & Hiking Model-113,Sports & Outdoors,Camping & Hiking,Horizon,97.05,186.23,1
3113,SKU-GRO-003113,Sol Condiments Model-114,Grocery & Pantry,Condiments,Sol,124.17,284.59,1
3114,SKU-SPO-003114,Horizon Team Sports Model-115,Sports & Outdoors,Team Sports,Horizon,337.03,511.02,1
3115,SKU-TOY-003115,Titan Board Games Model-116,Toys & Games,Board Games,Titan,402.48,525.59,1
3116,SKU-APP-003116,Pulse Women's Clothing Model-117,Apparel,Women's Clothing,Pulse,420.98,773.37,1
3117,SKU-SPO-003117,Horizon Cycling Model-118,Sports & Outdoors,Cycling,Horizon,405.48,620.97,1
3118,SKU-TOY-003118,Velocity Action Figures Model-119,Toys & Games,Action Figures,Velocity,366.78,626.38,1
3119,SKU-GRO-003119,Pulse Beverages Model-120,Grocery & Pantry,Beverages,Pulse,111.02,212.08,1
3120,SKU-AUT-003120,Sol Car Care Model-121,Automotive,Car Care,Sol,61.2,111.6,1
3121,SKU-APP-003121,Titan Women's Clothing Model-122,Apparel,Women's Clothing,Titan,35.7,51.89,1
3122,SKU-AUT-003122,Horizon Oils & Fluids Model-123,Automotive,Oils & Fluids,Horizon,413.28,696.75,1
3123,SKU-ELE-003123,Prism Laptops Model-124,Electronics,Laptops,Prism,185.29,297.3,1
3124,SKU-TOY-003124,Pulse Puzzles Model-125,Toys & Games,Puzzles,Pulse,7.37,12.7,1
3125,SKU-AUT-003125,Vortex Car Care Model-126,Automotive,Car Care,Vortex,46.77,101.36,1
3126,SKU-HOM-003126,Echo Cookware Model-127,Home & Kitchen,Cookware,Echo,51.9,69.98,1
3127,SKU-APP-003127,Velocity Sportswear Model-128,Apparel,Sportswear,Velocity,400.53,852.99,1
3128,SKU-SPO-003128,Horizon Camping & Hiking Model-129,Sports & Outdoors,Camping & Hiking,Horizon,221.67,353.86,1
3129,SKU-BEA-003129,Prism Haircare Model-130,Beauty & Care,Haircare,Prism,24.39,45.48,1
3130,SKU-SPO-003130,Matrix Team Sports Model-131,Sports & Outdoors,Team Sports,Matrix,264.58,554.26,0
3131,SKU-BEA-003131,Sol Cosmetics Model-132,Beauty & Care,Cosmetics,Sol,148.76,192.62,1
3132,SKU-APP-003132,Vortex Accessories Model-133,Apparel,Accessories,Vortex,142.64,227.54,1
3133,SKU-AUT-003133,Prism Interior Accessories Model-134,Automotive,Interior Accessories,Prism,134.73,194.04,1
3134,SKU-SPO-003134,Velocity Cycling Model-135,Sports & Outdoors,Cycling,Velocity,262.43,363.04,1
3135,SKU-AUT-003135,Lumina Interior Accessories Model-136,Automotive,Interior Accessories,Lumina,348.45,536.81,1
3136,SKU-GRO-003136,Prism Beverages Model-137,Grocery & Pantry,Beverages,Prism,210.2,322.5,1
3137,SKU-BEA-003137,Lumina Cosmetics Model-138,Beauty & Care,Cosmetics,Lumina,99.17,175.68,1
3138,SKU-BEA-003138,Lumina Cosmetics Model-139,Beauty & Care,Cosmetics,Lumina,142.69,323.98,1
3139,SKU-AUT-003139,Horizon Tools & Equipment Model-140,Automotive,Tools & Equipment,Horizon,296.87,737.76,1
3140,SKU-BEA-003140,Horizon Cosmetics Model-141,Beauty & Care,Cosmetics,Horizon,373.09,688.36,1
3141,SKU-TOY-003141,Lumina Action Figures Model-142,Toys & Games,Action Figures,Lumina,379.08,627.91,1
3142,SKU-TOY-003142,Apex Board Games Model-143,Toys & Games,Board Games,Apex,302.18,713.19,1
3143,SKU-HOM-003143,Velocity Decor Model-144,Home & Kitchen,Decor,Velocity,386.51,544.9,1
3144,SKU-BEA-003144,Echo Fragrances Model-145,Beauty & Care,Fragrances,Echo,230.4,449.54,1
3145,SKU-ELE-003145,Summit Audio & Headphones Model-146,Electronics,Audio & Headphones,Summit,244.4,560.43,1
3146,SKU-HOM-003146,Titan Furniture Model-147,Home & Kitchen,Furniture,Titan,241.71,496.47,0
3147,SKU-ELE-003147,Sol Laptops Model-148,Electronics,Laptops,Sol,356,650.27,0
3148,SKU-HOM-003148,Vortex Small Appliances Model-149,Home & Kitchen,Small Appliances,Vortex,147.27,224.96,1
3149,SKU-SPO-003149,Horizon Cycling Model-150,Sports & Outdoors,Cycling,Horizon,179.35,285.34,1
3150,SKU-SPO-003150,Pulse Fitness Gear Model-151,Sports & Outdoors,Fitness Gear,Pulse,252.8,489.83,1
3151,SKU-GRO-003151,Titan Breakfast Model-152,Grocery & Pantry,Breakfast,Titan,397.06,498.58,1
3152,SKU-APP-003152,Lumina Women's Clothing Model-153,Apparel,Women's Clothing,Lumina,187.8,453.2,1
3153,SKU-AUT-003153,Prism Oils & Fluids Model-154,Automotive,Oils & Fluids,Prism,118.64,169.84,1
3154,SKU-APP-003154,Pulse Footwear Model-155,Apparel,Footwear,Pulse,17.47,37.55,1
3155,SKU-SPO-003155,Horizon Cycling Model-156,Sports & Outdoors,Cycling,Horizon,167.86,392.59,1
3156,SKU-BEA-003156,Matrix Fragrances Model-157,Beauty & Care,Fragrances,Matrix,159.63,394.28,1
3157,SKU-APP-003157,Zenith Footwear Model-158,Apparel,Footwear,Zenith,215.11,313.92,1
3158,SKU-BEA-003158,Horizon Personal Care Model-159,Beauty & Care,Personal Care,Horizon,154.53,356.75,1
3159,SKU-GRO-003159,Nova Beverages Model-160,Grocery & Pantry,Beverages,Nova,370.69,735.9,1
3160,SKU-AUT-003160,Nova Interior Accessories Model-161,Automotive,Interior Accessories,Nova,239.48,370.85,1
3161,SKU-SPO-003161,Aura Camping & Hiking Model-162,Sports & Outdoors,Camping & Hiking,Aura,304.43,620.24,1
3162,SKU-APP-003162,Prism Sportswear Model-163,Apparel,Sportswear,Prism,182.14,302.09,1
3163,SKU-BEA-003163,Summit Personal Care Model-164,Beauty & Care,Personal Care,Summit,53.27,73.9,1
3164,SKU-BEA-003164,Pulse Personal Care Model-165,Beauty & Care,Personal Care,Pulse,130.93,269.21,1
3165,SKU-APP-003165,Velocity Footwear Model-166,Apparel,Footwear,Velocity,76.73,189.67,1
3166,SKU-SPO-003166,Aura Camping & Hiking Model-167,Sports & Outdoors,Camping & Hiking,Aura,363.23,486.4,1
3167,SKU-ELE-003167,Velocity Smart Home Model-168,Electronics,Smart Home,Velocity,359.43,749.67,1
3168,SKU-ELE-003168,Apex Accessories Model-169,Electronics,Accessories,Apex,46.89,73.05,1
3169,SKU-BEA-003169,Summit Cosmetics Model-170,Beauty & Care,Cosmetics,Summit,407.02,960.8,1
3170,SKU-ELE-003170,Pulse Audio & Headphones Model-171,Electronics,Audio & Headphones,Pulse,187.85,242.52,1
3171,SKU-SPO-003171,Titan Fitness Gear Model-172,Sports & Outdoors,Fitness Gear,Titan,110.78,190.07,1
3172,SKU-GRO-003172,Summit Snacks Model-173,Grocery & Pantry,Snacks,Summit,218.54,308.54,1
3173,SKU-APP-003173,Pulse Footwear Model-174,Apparel,Footwear,Pulse,119.45,190.85,1
3174,SKU-AUT-003174,Aura Car Care Model-175,Automotive,Car Care,Aura,53.45,117.62,1
3175,SKU-HOM-003175,Zenith Small Appliances Model-176,Home & Kitchen,Small Appliances,Zenith,325.68,565.73,1
3176,SKU-TOY-003176,Velocity Action Figures Model-177,Toys & Games,Action Figures,Velocity,259.01,599.12,1
3177,SKU-APP-003177,Zenith Footwear Model-178,Apparel,Footwear,Zenith,191.81,283.54,0
3178,SKU-APP-003178,Horizon Women's Clothing Model-179,Apparel,Women's Clothing,Horizon,232.2,341.84,1
3179,SKU-AUT-003179,Echo Car Care Model-180,Automotive,Car Care,Echo,192.06,412.64,1
3180,SKU-BEA-003180,Pulse Skincare Model-181,Beauty & Care,Skincare,Pulse,266.68,498.3,1
3181,SKU-BEA-003181,Titan Haircare Model-182,Beauty & Care,Haircare,Titan,115.7,243.83,1
3182,SKU-ELE-003182,Vortex Audio & Headphones Model-183,Electronics,Audio & Headphones,Vortex,192.19,331.66,1
3183,SKU-SPO-003183,Matrix Fitness Gear Model-184,Sports & Outdoors,Fitness Gear,Matrix,34.53,47.91,1
3184,SKU-TOY-003184,Zenith Puzzles Model-185,Toys & Games,Puzzles,Zenith,165.2,375.7,1
3185,SKU-HOM-003185,Zenith Small Appliances Model-186,Home & Kitchen,Small Appliances,Zenith,35.24,58.58,1
3186,SKU-TOY-003186,Velocity Action Figures Model-187,Toys & Games,Action Figures,Velocity,255.17,483.59,1
3187,SKU-BEA-003187,Titan Fragrances Model-188,Beauty & Care,Fragrances,Titan,377.21,835.91,1
3188,SKU-TOY-003188,Horizon Puzzles Model-189,Toys & Games,Puzzles,Horizon,203.01,435.77,1
3189,SKU-SPO-003189,Velocity Team Sports Model-190,Sports & Outdoors,Team Sports,Velocity,108.19,216.25,1
3190,SKU-ELE-003190,Titan Smartphones Model-191,Electronics,Smartphones,Titan,447.91,582.35,1
3191,SKU-APP-003191,Vortex Accessories Model-192,Apparel,Accessories,Vortex,425.69,874.18,1
3192,SKU-SPO-003192,Prism Fitness Gear Model-193,Sports & Outdoors,Fitness Gear,Prism,373.83,879.41,1
3193,SKU-APP-003193,Apex Footwear Model-194,Apparel,Footwear,Apex,56.36,121.56,1
3194,SKU-APP-003194,Apex Footwear Model-195,Apparel,Footwear,Apex,196.41,253.5,1
3195,SKU-HOM-003195,Summit Cookware Model-196,Home & Kitchen,Cookware,Summit,143.62,318.4,1
3196,SKU-ELE-003196,Lumina Accessories Model-197,Electronics,Accessories,Lumina,129.76,176.09,1
3197,SKU-GRO-003197,Matrix Organic Foods Model-198,Grocery & Pantry,Organic Foods,Matrix,111.5,227.32,1
3198,SKU-TOY-003198,Matrix Action Figures Model-199,Toys & Games,Action Figures,Matrix,341.34,791.57,1
3199,SKU-APP-003199,Zenith Sportswear Model-200,Apparel,Sportswear,Zenith,394.23,848.44,0
3200,SKU-TOY-003200,Titan Outdoor Toys Model-201,Toys & Games,Outdoor Toys,Titan,11.12,27.37,1
3201,SKU-BEA-003201,Summit Cosmetics Model-202,Beauty & Care,Cosmetics,Summit,415.89,848.14,1
3202,SKU-SPO-003202,Zenith Fitness Gear Model-203,Sports & Outdoors,Fitness Gear,Zenith,189.41,442.46,1
3203,SKU-BEA-003203,Vortex Skincare Model-204,Beauty & Care,Skincare,Vortex,314.44,414.38,1
3204,SKU-ELE-003204,Prism Smartphones Model-205,Electronics,Smartphones,Prism,105.02,233.4,1
3205,SKU-APP-003205,Aura Footwear Model-206,Apparel,Footwear,Aura,302.44,456.89,0
3206,SKU-TOY-003206,Matrix Educational Toys Model-207,Toys & Games,Educational Toys,Matrix,18,37.32,1
3207,SKU-HOM-003207,Sol Cookware Model-208,Home & Kitchen,Cookware,Sol,44.41,85.38,1
3208,SKU-APP-003208,Pulse Accessories Model-209,Apparel,Accessories,Pulse,250.11,479.19,1
3209,SKU-SPO-003209,Titan Team Sports Model-210,Sports & Outdoors,Team Sports,Titan,167.96,225.61,1
3210,SKU-GRO-003210,Summit Canned Goods Model-211,Grocery & Pantry,Canned Goods,Summit,257.29,421.04,1
3211,SKU-TOY-003211,Echo Outdoor Toys Model-212,Toys & Games,Outdoor Toys,Echo,101.26,218.59,1
3212,SKU-BEA-003212,Echo Cosmetics Model-213,Beauty & Care,Cosmetics,Echo,190.34,389.8,1
3213,SKU-GRO-003213,Sol Condiments Model-214,Grocery & Pantry,Condiments,Sol,257.1,526.73,1
3214,SKU-ELE-003214,Summit Laptops Model-215,Electronics,Laptops,Summit,115.06,260.54,1
3215,SKU-ELE-003215,Velocity Smartphones Model-216,Electronics,Smartphones,Velocity,91.09,178.72,1
3216,SKU-APP-003216,Prism Women's Clothing Model-217,Apparel,Women's Clothing,Prism,67.49,148.59,1
3217,SKU-SPO-003217,Vortex Water Sports Model-218,Sports & Outdoors,Water Sports,Vortex,420.15,957.07,1
3218,SKU-BEA-003218,Nova Cosmetics Model-219,Beauty & Care,Cosmetics,Nova,20.48,50.92,1
3219,SKU-APP-003219,Zenith Outerwear Model-220,Apparel,Outerwear,Zenith,18.78,42.69,1
3220,SKU-HOM-003220,Velocity Decor Model-221,Home & Kitchen,Decor,Velocity,45.26,101.27,1
3221,SKU-HOM-003221,Zenith Storage Model-222,Home & Kitchen,Storage,Zenith,222.45,353.92,1
3222,SKU-APP-003222,Prism Footwear Model-223,Apparel,Footwear,Prism,226.14,446.13,1
3223,SKU-GRO-003223,Titan Canned Goods Model-224,Grocery & Pantry,Canned Goods,Titan,196.57,288.06,1
3224,SKU-GRO-003224,Velocity Beverages Model-225,Grocery & Pantry,Beverages,Velocity,414.01,595.11,1
3225,SKU-ELE-003225,Zenith Audio & Headphones Model-226,Electronics,Audio & Headphones,Zenith,408.24,654.08,1
3226,SKU-HOM-003226,Vortex Decor Model-227,Home & Kitchen,Decor,Vortex,426.16,1018.69,1
3227,SKU-HOM-003227,Velocity Storage Model-228,Home & Kitchen,Storage,Velocity,64.88,135.91,1
3228,SKU-SPO-003228,Matrix Camping & Hiking Model-229,Sports & Outdoors,Camping & Hiking,Matrix,188.44,260.08,1
3229,SKU-ELE-003229,Apex Laptops Model-230,Electronics,Laptops,Apex,280.21,501.36,1
3230,SKU-ELE-003230,Prism Wearables Model-231,Electronics,Wearables,Prism,402.01,574.82,0
3231,SKU-AUT-003231,Summit Tools & Equipment Model-232,Automotive,Tools & Equipment,Summit,432.48,685.15,1
3232,SKU-APP-003232,Nova Women's Clothing Model-233,Apparel,Women's Clothing,Nova,384.38,852.58,1
3233,SKU-AUT-003233,Titan Tools & Equipment Model-234,Automotive,Tools & Equipment,Titan,81.2,155.03,0
3234,SKU-ELE-003234,Pulse Wearables Model-235,Electronics,Wearables,Pulse,397,906.26,1
3235,SKU-AUT-003235,Nova Oils & Fluids Model-236,Automotive,Oils & Fluids,Nova,211.96,350.07,1
3236,SKU-TOY-003236,Aura Educational Toys Model-237,Toys & Games,Educational Toys,Aura,220.18,533.25,1
3237,SKU-AUT-003237,Velocity Oils & Fluids Model-238,Automotive,Oils & Fluids,Velocity,265.23,503.87,1
3238,SKU-SPO-003238,Echo Water Sports Model-239,Sports & Outdoors,Water Sports,Echo,7.37,9.85,1
3239,SKU-ELE-003239,Aura Wearables Model-240,Electronics,Wearables,Aura,9.94,15.73,1
3240,SKU-AUT-003240,Titan Oils & Fluids Model-241,Automotive,Oils & Fluids,Titan,324.64,464.72,1
3241,SKU-GRO-003241,Velocity Snacks Model-242,Grocery & Pantry,Snacks,Velocity,54.01,101.07,1
3242,SKU-BEA-003242,Prism Haircare Model-243,Beauty & Care,Haircare,Prism,118.06,269.3,0
3243,SKU-SPO-003243,Apex Fitness Gear Model-244,Sports & Outdoors,Fitness Gear,Apex,407.88,615.86,0
3244,SKU-APP-003244,Summit Women's Clothing Model-245,Apparel,Women's Clothing,Summit,415.83,531.66,1
3245,SKU-ELE-003245,Matrix Smartphones Model-246,Electronics,Smartphones,Matrix,228.91,539.26,1
3246,SKU-BEA-003246,Lumina Cosmetics Model-247,Beauty & Care,Cosmetics,Lumina,353.15,696.95,1
3247,SKU-GRO-003247,Aura Condiments Model-248,Grocery & Pantry,Condiments,Aura,448.03,835.03,1
3248,SKU-AUT-003248,Lumina Car Care Model-249,Automotive,Car Care,Lumina,279.68,529.44,1
3249,SKU-TOY-003249,Echo Action Figures Model-250,Toys & Games,Action Figures,Echo,145.53,345.07,1
3250,SKU-GRO-003250,Summit Canned Goods Model-251,Grocery & Pantry,Canned Goods,Summit,105.83,195.12,1
3251,SKU-APP-003251,Nova Footwear Model-252,Apparel,Footwear,Nova,178.02,313.17,1
3252,SKU-ELE-003252,Lumina Accessories Model-253,Electronics,Accessories,Lumina,131.39,175.63,1
3253,SKU-GRO-003253,Pulse Snacks Model-254,Grocery & Pantry,Snacks,Pulse,124.59,243.79,1
3254,SKU-APP-003254,Titan Accessories Model-255,Apparel,Accessories,Titan,386.03,828.22,1
3255,SKU-APP-003255,Velocity Sportswear Model-256,Apparel,Sportswear,Velocity,195.62,266.22,1
3256,SKU-SPO-003256,Nova Fitness Gear Model-257,Sports & Outdoors,Fitness Gear,Nova,422.72,692.57,1
3257,SKU-GRO-003257,Titan Condiments Model-258,Grocery & Pantry,Condiments,Titan,189.92,342,1
3258,SKU-HOM-003258,Nova Bedding Model-259,Home & Kitchen,Bedding,Nova,361.54,859.06,1
3259,SKU-BEA-003259,Apex Cosmetics Model-260,Beauty & Care,Cosmetics,Apex,319.98,779.45,1
3260,SKU-HOM-003260,Matrix Cookware Model-261,Home & Kitchen,Cookware,Matrix,307.58,743.63,1
3261,SKU-SPO-003261,Aura Fitness Gear Model-262,Sports & Outdoors,Fitness Gear,Aura,401.5,554.64,1
3262,SKU-HOM-003262,Prism Furniture Model-263,Home & Kitchen,Furniture,Prism,344.41,740.94,1
3263,SKU-SPO-003263,Pulse Water Sports Model-264,Sports & Outdoors,Water Sports,Pulse,119.35,243.01,0
3264,SKU-HOM-003264,Pulse Small Appliances Model-265,Home & Kitchen,Small Appliances,Pulse,351.77,613.89,1
3265,SKU-AUT-003265,Summit Car Care Model-266,Automotive,Car Care,Summit,436.69,607.03,1
3266,SKU-GRO-003266,Titan Beverages Model-267,Grocery & Pantry,Beverages,Titan,186.1,366.18,1
3267,SKU-GRO-003267,Summit Breakfast Model-268,Grocery & Pantry,Breakfast,Summit,256.81,380.01,1
3268,SKU-BEA-003268,Velocity Cosmetics Model-269,Beauty & Care,Cosmetics,Velocity,341.1,561.94,1
3269,SKU-GRO-003269,Horizon Canned Goods Model-270,Grocery & Pantry,Canned Goods,Horizon,77.36,142.88,1
3270,SKU-HOM-003270,Sol Cookware Model-271,Home & Kitchen,Cookware,Sol,341.86,523.39,1
3271,SKU-SPO-003271,Pulse Camping & Hiking Model-272,Sports & Outdoors,Camping & Hiking,Pulse,287.6,632.71,1
3272,SKU-GRO-003272,Aura Canned Goods Model-273,Grocery & Pantry,Canned Goods,Aura,416.65,830.63,1
3273,SKU-TOY-003273,Zenith Action Figures Model-274,Toys & Games,Action Figures,Zenith,125.51,288.98,1
3274,SKU-BEA-003274,Velocity Personal Care Model-275,Beauty & Care,Personal Care,Velocity,205.93,395.69,1
3275,SKU-SPO-003275,Sol Camping & Hiking Model-276,Sports & Outdoors,Camping & Hiking,Sol,191.34,319.03,1
3276,SKU-SPO-003276,Titan Cycling Model-277,Sports & Outdoors,Cycling,Titan,108.03,218.31,1
3277,SKU-GRO-003277,Horizon Condiments Model-278,Grocery & Pantry,Condiments,Horizon,72,103.69,1
3278,SKU-BEA-003278,Prism Fragrances Model-279,Beauty & Care,Fragrances,Prism,45.67,74.16,1
3279,SKU-AUT-003279,Titan Car Care Model-280,Automotive,Car Care,Titan,289.02,601.63,1
3280,SKU-APP-003280,Nova Outerwear Model-281,Apparel,Outerwear,Nova,77.16,123.11,1
3281,SKU-TOY-003281,Pulse Action Figures Model-282,Toys & Games,Action Figures,Pulse,207.78,438.17,1
3282,SKU-APP-003282,Vortex Sportswear Model-283,Apparel,Sportswear,Vortex,307.97,442.27,1
3283,SKU-ELE-003283,Matrix Audio & Headphones Model-284,Electronics,Audio & Headphones,Matrix,215.12,445.9,1
3284,SKU-GRO-003284,Zenith Canned Goods Model-285,Grocery & Pantry,Canned Goods,Zenith,190.12,394.96,1
3285,SKU-GRO-003285,Prism Organic Foods Model-286,Grocery & Pantry,Organic Foods,Prism,74,140.2,1
3286,SKU-AUT-003286,Aura Tools & Equipment Model-287,Automotive,Tools & Equipment,Aura,135.49,185.47,1
3287,SKU-GRO-003287,Summit Breakfast Model-288,Grocery & Pantry,Breakfast,Summit,216.6,330.32,1
3288,SKU-GRO-003288,Titan Organic Foods Model-289,Grocery & Pantry,Organic Foods,Titan,146.45,186.21,1
3289,SKU-ELE-003289,Summit Wearables Model-290,Electronics,Wearables,Summit,368.21,691.19,1
3290,SKU-APP-003290,Horizon Women's Clothing Model-291,Apparel,Women's Clothing,Horizon,288.66,610.51,1
3291,SKU-BEA-003291,Apex Haircare Model-292,Beauty & Care,Haircare,Apex,305.17,418.7,1
3292,SKU-GRO-003292,Zenith Canned Goods Model-293,Grocery & Pantry,Canned Goods,Zenith,357.43,599.14,1
3293,SKU-AUT-003293,Echo Car Care Model-294,Automotive,Car Care,Echo,385.95,740.84,1
3294,SKU-HOM-003294,Vortex Storage Model-295,Home & Kitchen,Storage,Vortex,185.63,378.77,1
3295,SKU-TOY-003295,Echo Outdoor Toys Model-296,Toys & Games,Outdoor Toys,Echo,69.71,113.51,1
3296,SKU-HOM-003296,Nova Bedding Model-297,Home & Kitchen,Bedding,Nova,366.89,682.29,1
3297,SKU-SPO-003297,Vortex Camping & Hiking Model-298,Sports & Outdoors,Camping & Hiking,Vortex,9.01,14.09,0
3298,SKU-ELE-003298,Apex Smart Home Model-299,Electronics,Smart Home,Apex,191.66,451.48,1
3299,SKU-BEA-003299,Vortex Cosmetics Model-300,Beauty & Care,Cosmetics,Vortex,260.08,418.46,1
3300,SKU-GRO-003300,Nova Breakfast Model-301,Grocery & Pantry,Breakfast,Nova,212.1,452.88,1
3301,SKU-ELE-003301,Titan Audio & Headphones Model-302,Electronics,Audio & Headphones,Titan,445.76,566.18,1
3302,SKU-AUT-003302,Aura Tools & Equipment Model-303,Automotive,Tools & Equipment,Aura,342.73,541.23,1
3303,SKU-SPO-003303,Titan Fitness Gear Model-304,Sports & Outdoors,Fitness Gear,Titan,64.58,123.91,1
3304,SKU-GRO-003304,Pulse Organic Foods Model-305,Grocery & Pantry,Organic Foods,Pulse,105.27,205.71,1
3305,SKU-TOY-003305,Nova Outdoor Toys Model-306,Toys & Games,Outdoor Toys,Nova,391.89,719.58,1
3306,SKU-ELE-003306,Apex Smartphones Model-307,Electronics,Smartphones,Apex,230.5,300.57,1
3307,SKU-TOY-003307,Matrix Educational Toys Model-308,Toys & Games,Educational Toys,Matrix,370.78,898.38,1
3308,SKU-AUT-003308,Pulse Oils & Fluids Model-309,Automotive,Oils & Fluids,Pulse,401.42,825.56,1
3309,SKU-TOY-003309,Titan Puzzles Model-310,Toys & Games,Puzzles,Titan,334.78,678.69,1
3310,SKU-SPO-003310,Sol Camping & Hiking Model-311,Sports & Outdoors,Camping & Hiking,Sol,23.3,48.59,1
3311,SKU-TOY-003311,Lumina Action Figures Model-312,Toys & Games,Action Figures,Lumina,348.42,439.24,1
3312,SKU-BEA-003312,Horizon Personal Care Model-313,Beauty & Care,Personal Care,Horizon,35.55,50.63,1
3313,SKU-BEA-003313,Pulse Haircare Model-314,Beauty & Care,Haircare,Pulse,184.02,364.72,1
3314,SKU-BEA-003314,Aura Skincare Model-315,Beauty & Care,Skincare,Aura,400.87,550.94,1
3315,SKU-TOY-003315,Vortex Board Games Model-316,Toys & Games,Board Games,Vortex,283.43,365.64,1
3316,SKU-APP-003316,Velocity Sportswear Model-317,Apparel,Sportswear,Velocity,50.03,80.2,1
3317,SKU-GRO-003317,Zenith Condiments Model-318,Grocery & Pantry,Condiments,Zenith,284.72,644.04,1
3318,SKU-ELE-003318,Zenith Smartphones Model-319,Electronics,Smartphones,Zenith,57.19,137.47,1
3319,SKU-BEA-003319,Lumina Cosmetics Model-320,Beauty & Care,Cosmetics,Lumina,232.48,434.56,1
3320,SKU-AUT-003320,Matrix Car Care Model-321,Automotive,Car Care,Matrix,348.68,608.22,1
3321,SKU-GRO-003321,Apex Snacks Model-322,Grocery & Pantry,Snacks,Apex,347.5,785.96,1
3322,SKU-SPO-003322,Horizon Water Sports Model-323,Sports & Outdoors,Water Sports,Horizon,214.22,372.16,1
3323,SKU-TOY-003323,Pulse Puzzles Model-324,Toys & Games,Puzzles,Pulse,350.96,732.52,1
3324,SKU-BEA-003324,Velocity Personal Care Model-325,Beauty & Care,Personal Care,Velocity,336.2,682.58,1
3325,SKU-HOM-003325,Horizon Furniture Model-326,Home & Kitchen,Furniture,Horizon,138.49,307.76,1
3326,SKU-BEA-003326,Velocity Haircare Model-327,Beauty & Care,Haircare,Velocity,171.68,344.27,1
3327,SKU-BEA-003327,Aura Skincare Model-328,Beauty & Care,Skincare,Aura,345.18,593.83,1
3328,SKU-GRO-003328,Lumina Condiments Model-329,Grocery & Pantry,Condiments,Lumina,228.26,524.6,1
3329,SKU-HOM-003329,Lumina Small Appliances Model-330,Home & Kitchen,Small Appliances,Lumina,398.56,918.02,1
3330,SKU-ELE-003330,Lumina Audio & Headphones Model-331,Electronics,Audio & Headphones,Lumina,190.61,451.58,1
3331,SKU-HOM-003331,Matrix Cookware Model-332,Home & Kitchen,Cookware,Matrix,162.06,281.55,1
3332,SKU-TOY-003332,Summit Board Games Model-333,Toys & Games,Board Games,Summit,137.26,282.35,1
3333,SKU-SPO-003333,Velocity Water Sports Model-334,Sports & Outdoors,Water Sports,Velocity,234.86,459.8,1
3334,SKU-ELE-003334,Matrix Laptops Model-335,Electronics,Laptops,Matrix,447.15,882.39,1
3335,SKU-BEA-003335,Zenith Cosmetics Model-336,Beauty & Care,Cosmetics,Zenith,399.66,659.23,1
3336,SKU-ELE-003336,Vortex Smartphones Model-337,Electronics,Smartphones,Vortex,344.77,690.7,1
3337,SKU-BEA-003337,Echo Cosmetics Model-338,Beauty & Care,Cosmetics,Echo,21.37,41.3,1
3338,SKU-APP-003338,Aura Sportswear Model-339,Apparel,Sportswear,Aura,397.93,993.12,1
3339,SKU-SPO-003339,Nova Water Sports Model-340,Sports & Outdoors,Water Sports,Nova,257.67,475.48,1
3340,SKU-TOY-003340,Vortex Board Games Model-341,Toys & Games,Board Games,Vortex,76,174.4,1
3341,SKU-AUT-003341,Nova Tools & Equipment Model-342,Automotive,Tools & Equipment,Nova,109.96,213.25,1
3342,SKU-BEA-003342,Apex Cosmetics Model-343,Beauty & Care,Cosmetics,Apex,279.29,668.32,1
3343,SKU-ELE-003343,Horizon Audio & Headphones Model-344,Electronics,Audio & Headphones,Horizon,445.5,946.55,1
3344,SKU-TOY-003344,Apex Outdoor Toys Model-345,Toys & Games,Outdoor Toys,Apex,137.93,261.43,1
3345,SKU-APP-003345,Apex Footwear Model-346,Apparel,Footwear,Apex,415.34,923.07,1
3346,SKU-TOY-003346,Summit Puzzles Model-347,Toys & Games,Puzzles,Summit,149.17,194.79,1
3347,SKU-AUT-003347,Titan Oils & Fluids Model-348,Automotive,Oils & Fluids,Titan,239.14,530.72,1
3348,SKU-TOY-003348,Nova Puzzles Model-349,Toys & Games,Puzzles,Nova,111.23,203.45,1
3349,SKU-APP-003349,Vortex Accessories Model-350,Apparel,Accessories,Vortex,263.79,435.4,1
3350,SKU-AUT-003350,Nova Oils & Fluids Model-351,Automotive,Oils & Fluids,Nova,135.49,333.05,1
3351,SKU-AUT-003351,Summit Tools & Equipment Model-352,Automotive,Tools & Equipment,Summit,312.52,518.01,1
3352,SKU-HOM-003352,Prism Storage Model-353,Home & Kitchen,Storage,Prism,294.31,655.09,1
3353,SKU-BEA-003353,Nova Fragrances Model-354,Beauty & Care,Fragrances,Nova,40.14,83.91,1
3354,SKU-BEA-003354,Lumina Skincare Model-355,Beauty & Care,Skincare,Lumina,64.53,89.7,1
3355,SKU-HOM-003355,Apex Storage Model-356,Home & Kitchen,Storage,Apex,49.44,64.45,1
3356,SKU-BEA-003356,Velocity Personal Care Model-357,Beauty & Care,Personal Care,Velocity,370.15,467.55,1
3357,SKU-AUT-003357,Lumina Tools & Equipment Model-358,Automotive,Tools & Equipment,Lumina,32.78,79.19,1
3358,SKU-AUT-003358,Aura Oils & Fluids Model-359,Automotive,Oils & Fluids,Aura,104.7,242.85,1
3359,SKU-HOM-003359,Zenith Furniture Model-360,Home & Kitchen,Furniture,Zenith,90.38,132.48,1
3360,SKU-SPO-003360,Velocity Water Sports Model-361,Sports & Outdoors,Water Sports,Velocity,134.62,186.65,1
3361,SKU-SPO-003361,Aura Water Sports Model-362,Sports & Outdoors,Water Sports,Aura,304.89,532.46,1
3362,SKU-GRO-003362,Vortex Canned Goods Model-363,Grocery & Pantry,Canned Goods,Vortex,142.1,214.47,1
3363,SKU-AUT-003363,Horizon Tools & Equipment Model-364,Automotive,Tools & Equipment,Horizon,429.25,593.74,1
3364,SKU-APP-003364,Matrix Women's Clothing Model-365,Apparel,Women's Clothing,Matrix,418.15,599.31,1
3365,SKU-ELE-003365,Sol Laptops Model-366,Electronics,Laptops,Sol,371.22,680.73,1
3366,SKU-GRO-003366,Zenith Organic Foods Model-367,Grocery & Pantry,Organic Foods,Zenith,264.16,445.19,1
3367,SKU-BEA-003367,Echo Skincare Model-368,Beauty & Care,Skincare,Echo,80.19,106.18,1
3368,SKU-BEA-003368,Aura Fragrances Model-369,Beauty & Care,Fragrances,Aura,292.81,617.52,1
3369,SKU-AUT-003369,Lumina Car Care Model-370,Automotive,Car Care,Lumina,303.89,457.65,1
3370,SKU-APP-003370,Nova Women's Clothing Model-371,Apparel,Women's Clothing,Nova,95.11,210.35,1
3371,SKU-APP-003371,Velocity Sportswear Model-372,Apparel,Sportswear,Velocity,405.55,526.32,1
3372,SKU-TOY-003372,Pulse Action Figures Model-373,Toys & Games,Action Figures,Pulse,151.99,206.92,1
3373,SKU-APP-003373,Nova Men's Clothing Model-374,Apparel,Men's Clothing,Nova,282.01,387.47,1
3374,SKU-SPO-003374,Nova Fitness Gear Model-375,Sports & Outdoors,Fitness Gear,Nova,370.41,701.33,1
3375,SKU-APP-003375,Lumina Sportswear Model-376,Apparel,Sportswear,Lumina,360.52,852.66,1
3376,SKU-HOM-003376,Apex Small Appliances Model-377,Home & Kitchen,Small Appliances,Apex,198.81,279.01,1
3377,SKU-HOM-003377,Lumina Cookware Model-378,Home & Kitchen,Cookware,Lumina,198.41,326.62,1
3378,SKU-TOY-003378,Summit Educational Toys Model-379,Toys & Games,Educational Toys,Summit,302.59,479.67,1
3379,SKU-APP-003379,Prism Women's Clothing Model-380,Apparel,Women's Clothing,Prism,66.37,96.49,1
3380,SKU-AUT-003380,Prism Tools & Equipment Model-381,Automotive,Tools & Equipment,Prism,72.72,139.4,1
3381,SKU-AUT-003381,Sol Oils & Fluids Model-382,Automotive,Oils & Fluids,Sol,408.64,744.58,0
3382,SKU-APP-003382,Vortex Sportswear Model-383,Apparel,Sportswear,Vortex,35.64,77.17,1
3383,SKU-APP-003383,Aura Outerwear Model-384,Apparel,Outerwear,Aura,406.4,579.83,1
3384,SKU-GRO-003384,Horizon Canned Goods Model-385,Grocery & Pantry,Canned Goods,Horizon,346.39,636.55,1
3385,SKU-SPO-003385,Prism Fitness Gear Model-386,Sports & Outdoors,Fitness Gear,Prism,329.55,471.05,1
3386,SKU-ELE-003386,Titan Audio & Headphones Model-387,Electronics,Audio & Headphones,Titan,257.68,356.7,1
3387,SKU-ELE-003387,Zenith Wearables Model-388,Electronics,Wearables,Zenith,114.56,156.76,1
3388,SKU-ELE-003388,Summit Wearables Model-389,Electronics,Wearables,Summit,17.5,38.54,1
3389,SKU-GRO-003389,Sol Beverages Model-390,Grocery & Pantry,Beverages,Sol,17.23,30.07,1
3390,SKU-ELE-003390,Echo Wearables Model-391,Electronics,Wearables,Echo,429.18,954.91,1
3391,SKU-SPO-003391,Velocity Fitness Gear Model-392,Sports & Outdoors,Fitness Gear,Velocity,328.96,716.89,0
3392,SKU-BEA-003392,Vortex Cosmetics Model-393,Beauty & Care,Cosmetics,Vortex,286.6,379.64,1
3393,SKU-ELE-003393,Apex Wearables Model-394,Electronics,Wearables,Apex,100.19,220.58,1
3394,SKU-TOY-003394,Zenith Board Games Model-395,Toys & Games,Board Games,Zenith,233.49,332.84,1
3395,SKU-SPO-003395,Zenith Water Sports Model-396,Sports & Outdoors,Water Sports,Zenith,404.1,642.97,0
3396,SKU-TOY-003396,Pulse Board Games Model-397,Toys & Games,Board Games,Pulse,384.67,883.37,1
3397,SKU-SPO-003397,Nova Fitness Gear Model-398,Sports & Outdoors,Fitness Gear,Nova,69.4,98.98,1
3398,SKU-TOY-003398,Velocity Outdoor Toys Model-399,Toys & Games,Outdoor Toys,Velocity,379.21,592.04,1
3399,SKU-SPO-003399,Titan Fitness Gear Model-400,Sports & Outdoors,Fitness Gear,Titan,76.38,156.14,1
3400,SKU-HOM-003400,Apex Decor Model-401,Home & Kitchen,Decor,Apex,197.03,376.64,1
3401,SKU-HOM-003401,Summit Storage Model-402,Home & Kitchen,Storage,Summit,158.09,394.38,1
3402,SKU-TOY-003402,Echo Puzzles Model-403,Toys & Games,Puzzles,Echo,60.65,144.08,1
3403,SKU-ELE-003403,Echo Smart Home Model-404,Electronics,Smart Home,Echo,143.08,209.65,1
3404,SKU-SPO-003404,Pulse Team Sports Model-405,Sports & Outdoors,Team Sports,Pulse,167.35,398.65,1
3405,SKU-GRO-003405,Titan Beverages Model-406,Grocery & Pantry,Beverages,Titan,31.67,59.97,1
3406,SKU-APP-003406,Titan Accessories Model-407,Apparel,Accessories,Titan,99.87,216.8,1
3407,SKU-SPO-003407,Echo Camping & Hiking Model-408,Sports & Outdoors,Camping & Hiking,Echo,75.6,165.49,1
3408,SKU-ELE-003408,Nova Wearables Model-409,Electronics,Wearables,Nova,182.41,449.01,1
3409,SKU-APP-003409,Pulse Men's Clothing Model-410,Apparel,Men's Clothing,Pulse,43.67,82.94,1
3410,SKU-APP-003410,Nova Men's Clothing Model-411,Apparel,Men's Clothing,Nova,97.61,243.06,1
3411,SKU-HOM-003411,Vortex Furniture Model-412,Home & Kitchen,Furniture,Vortex,415.6,827.33,1
3412,SKU-AUT-003412,Zenith Oils & Fluids Model-413,Automotive,Oils & Fluids,Zenith,381.88,927.04,1
3413,SKU-GRO-003413,Horizon Breakfast Model-414,Grocery & Pantry,Breakfast,Horizon,346.26,712.21,1
3414,SKU-SPO-003414,Apex Camping & Hiking Model-415,Sports & Outdoors,Camping & Hiking,Apex,83.64,104.92,1
3415,SKU-SPO-003415,Sol Fitness Gear Model-416,Sports & Outdoors,Fitness Gear,Sol,228.76,482.07,1
3416,SKU-HOM-003416,Prism Decor Model-417,Home & Kitchen,Decor,Prism,424.44,566.11,1
3417,SKU-GRO-003417,Apex Canned Goods Model-418,Grocery & Pantry,Canned Goods,Apex,27.04,51.48,1
3418,SKU-TOY-003418,Velocity Educational Toys Model-419,Toys & Games,Educational Toys,Velocity,98.98,129.98,1
3419,SKU-HOM-003419,Matrix Decor Model-420,Home & Kitchen,Decor,Matrix,34.75,79.57,1
3420,SKU-AUT-003420,Horizon Tools & Equipment Model-421,Automotive,Tools & Equipment,Horizon,355.02,709.54,1
3421,SKU-SPO-003421,Summit Water Sports Model-422,Sports & Outdoors,Water Sports,Summit,109.99,166.4,0
3422,SKU-HOM-003422,Apex Cookware Model-423,Home & Kitchen,Cookware,Apex,269.22,630.41,1
3423,SKU-SPO-003423,Matrix Team Sports Model-424,Sports & Outdoors,Team Sports,Matrix,79.89,183.21,1
3424,SKU-GRO-003424,Velocity Organic Foods Model-425,Grocery & Pantry,Organic Foods,Velocity,78.22,168.72,1
3425,SKU-AUT-003425,Summit Oils & Fluids Model-426,Automotive,Oils & Fluids,Summit,182.43,269.54,1
3426,SKU-AUT-003426,Matrix Car Care Model-427,Automotive,Car Care,Matrix,110.27,271.43,1
3427,SKU-HOM-003427,Velocity Small Appliances Model-428,Home & Kitchen,Small Appliances,Velocity,346.81,859.05,1
3428,SKU-HOM-003428,Zenith Decor Model-429,Home & Kitchen,Decor,Zenith,336.51,541.31,0
3429,SKU-SPO-003429,Sol Camping & Hiking Model-430,Sports & Outdoors,Camping & Hiking,Sol,42.7,57.86,0
3430,SKU-AUT-003430,Titan Interior Accessories Model-431,Automotive,Interior Accessories,Titan,242.38,351.6,1
3431,SKU-GRO-003431,Titan Breakfast Model-432,Grocery & Pantry,Breakfast,Titan,363.18,840.38,1
3432,SKU-SPO-003432,Titan Camping & Hiking Model-433,Sports & Outdoors,Camping & Hiking,Titan,78.4,105.04,1
3433,SKU-AUT-003433,Titan Car Care Model-434,Automotive,Car Care,Titan,338.35,488.55,1
3434,SKU-ELE-003434,Pulse Wearables Model-435,Electronics,Wearables,Pulse,338.28,836.99,0
3435,SKU-SPO-003435,Titan Camping & Hiking Model-436,Sports & Outdoors,Camping & Hiking,Titan,79.83,111.3,1
3436,SKU-BEA-003436,Velocity Haircare Model-437,Beauty & Care,Haircare,Velocity,196.51,412.99,1
3437,SKU-GRO-003437,Sol Snacks Model-438,Grocery & Pantry,Snacks,Sol,117.51,280.52,1
3438,SKU-AUT-003438,Lumina Oils & Fluids Model-439,Automotive,Oils & Fluids,Lumina,179.13,419.88,1
3439,SKU-HOM-003439,Vortex Bedding Model-440,Home & Kitchen,Bedding,Vortex,108.36,247.55,0
3440,SKU-ELE-003440,Velocity Audio & Headphones Model-441,Electronics,Audio & Headphones,Velocity,17.84,25.66,1
3441,SKU-ELE-003441,Horizon Wearables Model-442,Electronics,Wearables,Horizon,185.59,285.83,1
3442,SKU-BEA-003442,Lumina Haircare Model-443,Beauty & Care,Haircare,Lumina,364.08,530.97,1
3443,SKU-AUT-003443,Pulse Oils & Fluids Model-444,Automotive,Oils & Fluids,Pulse,331.07,735.2,1
3444,SKU-AUT-003444,Nova Oils & Fluids Model-445,Automotive,Oils & Fluids,Nova,421.11,923.91,1
3445,SKU-GRO-003445,Velocity Condiments Model-446,Grocery & Pantry,Condiments,Velocity,287.5,527.92,1
3446,SKU-BEA-003446,Zenith Personal Care Model-447,Beauty & Care,Personal Care,Zenith,443.53,690.05,1
3447,SKU-GRO-003447,Titan Snacks Model-448,Grocery & Pantry,Snacks,Titan,327.2,525.31,1
3448,SKU-SPO-003448,Titan Cycling Model-449,Sports & Outdoors,Cycling,Titan,170.36,354.41,1
3449,SKU-TOY-003449,Sol Puzzles Model-450,Toys & Games,Puzzles,Sol,403.21,513.15,1
3450,SKU-TOY-003450,Echo Board Games Model-451,Toys & Games,Board Games,Echo,358.82,561.27,1
3451,SKU-APP-003451,Summit Women's Clothing Model-452,Apparel,Women's Clothing,Summit,5.08,7.7,1
3452,SKU-AUT-003452,Matrix Car Care Model-453,Automotive,Car Care,Matrix,311.32,638.08,1
3453,SKU-GRO-003453,Velocity Condiments Model-454,Grocery & Pantry,Condiments,Velocity,61.34,146.98,1
3454,SKU-APP-003454,Titan Footwear Model-455,Apparel,Footwear,Titan,188,376.46,1
3455,SKU-GRO-003455,Echo Canned Goods Model-456,Grocery & Pantry,Canned Goods,Echo,345.43,714.56,1
3456,SKU-HOM-003456,Lumina Bedding Model-457,Home & Kitchen,Bedding,Lumina,214.98,489.28,1
3457,SKU-TOY-003457,Aura Action Figures Model-458,Toys & Games,Action Figures,Aura,199.84,396.81,1
3458,SKU-BEA-003458,Matrix Cosmetics Model-459,Beauty & Care,Cosmetics,Matrix,377.52,642.22,1
3459,SKU-AUT-003459,Pulse Car Care Model-460,Automotive,Car Care,Pulse,442.63,975.6,1
3460,SKU-TOY-003460,Horizon Puzzles Model-461,Toys & Games,Puzzles,Horizon,154.66,241.27,1
3461,SKU-GRO-003461,Summit Condiments Model-462,Grocery & Pantry,Condiments,Summit,441.19,949.22,1
3462,SKU-GRO-003462,Prism Beverages Model-463,Grocery & Pantry,Beverages,Prism,278.95,494.69,1
3463,SKU-AUT-003463,Vortex Tools & Equipment Model-464,Automotive,Tools & Equipment,Vortex,433.45,870.62,1
3464,SKU-TOY-003464,Lumina Educational Toys Model-465,Toys & Games,Educational Toys,Lumina,41.89,62.76,1
3465,SKU-BEA-003465,Nova Skincare Model-466,Beauty & Care,Skincare,Nova,366.82,892.12,1
3466,SKU-GRO-003466,Pulse Canned Goods Model-467,Grocery & Pantry,Canned Goods,Pulse,24.8,50.37,1
3467,SKU-SPO-003467,Titan Water Sports Model-468,Sports & Outdoors,Water Sports,Titan,348.23,754.58,1
3468,SKU-HOM-003468,Velocity Decor Model-469,Home & Kitchen,Decor,Velocity,99.55,180.62,1
3469,SKU-ELE-003469,Zenith Wearables Model-470,Electronics,Wearables,Zenith,393.19,506.46,1
3470,SKU-APP-003470,Echo Outerwear Model-471,Apparel,Outerwear,Echo,170.61,315.42,1
3471,SKU-BEA-003471,Titan Personal Care Model-472,Beauty & Care,Personal Care,Titan,18.79,39.9,1
3472,SKU-APP-003472,Velocity Accessories Model-473,Apparel,Accessories,Velocity,211.12,515.59,1
3473,SKU-AUT-003473,Aura Interior Accessories Model-474,Automotive,Interior Accessories,Aura,232.1,498.7,1
3474,SKU-HOM-003474,Sol Bedding Model-475,Home & Kitchen,Bedding,Sol,391.39,681.17,1
3475,SKU-ELE-003475,Zenith Accessories Model-476,Electronics,Accessories,Zenith,412.23,692.68,1
3476,SKU-SPO-003476,Echo Camping & Hiking Model-477,Sports & Outdoors,Camping & Hiking,Echo,331.59,474.78,1
3477,SKU-HOM-003477,Horizon Decor Model-478,Home & Kitchen,Decor,Horizon,322.09,590.2,1
3478,SKU-TOY-003478,Aura Outdoor Toys Model-479,Toys & Games,Outdoor Toys,Aura,21.25,37.88,1
3479,SKU-APP-003479,Vortex Men's Clothing Model-480,Apparel,Men's Clothing,Vortex,79.91,124.11,1
3480,SKU-TOY-003480,Vortex Action Figures Model-481,Toys & Games,Action Figures,Vortex,281.52,353.16,1
3481,SKU-SPO-003481,Vortex Cycling Model-482,Sports & Outdoors,Cycling,Vortex,294.84,649.03,1
3482,SKU-TOY-003482,Aura Action Figures Model-483,Toys & Games,Action Figures,Aura,289.69,558.6,1
3483,SKU-BEA-003483,Aura Skincare Model-484,Beauty & Care,Skincare,Aura,275.16,358.63,1
3484,SKU-TOY-003484,Lumina Board Games Model-485,Toys & Games,Board Games,Lumina,181.66,332.93,1
3485,SKU-HOM-003485,Prism Furniture Model-486,Home & Kitchen,Furniture,Prism,259.49,516.68,1
3486,SKU-BEA-003486,Echo Cosmetics Model-487,Beauty & Care,Cosmetics,Echo,272.26,624.27,1
3487,SKU-HOM-003487,Echo Storage Model-488,Home & Kitchen,Storage,Echo,89.36,211.91,1
3488,SKU-TOY-003488,Lumina Action Figures Model-489,Toys & Games,Action Figures,Lumina,134.8,211.35,1
3489,SKU-BEA-003489,Apex Haircare Model-490,Beauty & Care,Haircare,Apex,111.87,208.82,1
3490,SKU-BEA-003490,Echo Personal Care Model-491,Beauty & Care,Personal Care,Echo,21.51,39.88,0
3491,SKU-BEA-003491,Aura Fragrances Model-492,Beauty & Care,Fragrances,Aura,283.08,529.46,1
3492,SKU-GRO-003492,Summit Organic Foods Model-493,Grocery & Pantry,Organic Foods,Summit,435.65,1084.2,1
3493,SKU-GRO-003493,Matrix Condiments Model-494,Grocery & Pantry,Condiments,Matrix,186.14,455.07,1
3494,SKU-HOM-003494,Lumina Small Appliances Model-495,Home & Kitchen,Small Appliances,Lumina,97.24,235.13,0
3495,SKU-ELE-003495,Aura Smartphones Model-496,Electronics,Smartphones,Aura,449.1,817.42,1
3496,SKU-TOY-003496,Prism Board Games Model-497,Toys & Games,Board Games,Prism,306.2,763,1
3497,SKU-BEA-003497,Prism Fragrances Model-498,Beauty & Care,Fragrances,Prism,95.23,183.67,1
3498,SKU-AUT-003498,Matrix Oils & Fluids Model-499,Automotive,Oils & Fluids,Matrix,175.71,359.54,1
3499,SKU-AUT-003499,Aura Interior Accessories Model-500,Automotive,Interior Accessories,Aura,111.35,196.05,1
3500,SKU-APP-003500,Horizon Women's Clothing Model-501,Apparel,Women's Clothing,Horizon,208.18,339.66,1
3501,SKU-AUT-003501,Titan Oils & Fluids Model-502,Automotive,Oils & Fluids,Titan,195.7,315.37,1
3502,SKU-AUT-003502,Nova Interior Accessories Model-503,Automotive,Interior Accessories,Nova,122.65,252.09,1
3503,SKU-HOM-003503,Aura Furniture Model-504,Home & Kitchen,Furniture,Aura,221.65,302.27,1
3504,SKU-SPO-003504,Nova Cycling Model-505,Sports & Outdoors,Cycling,Nova,113.86,208.14,1
3505,SKU-SPO-003505,Nova Team Sports Model-506,Sports & Outdoors,Team Sports,Nova,288.12,713.17,1
3506,SKU-GRO-003506,Horizon Beverages Model-507,Grocery & Pantry,Beverages,Horizon,197.47,430.15,1
3507,SKU-BEA-003507,Titan Personal Care Model-508,Beauty & Care,Personal Care,Titan,394.7,534.98,1
3508,SKU-ELE-003508,Aura Laptops Model-509,Electronics,Laptops,Aura,385,565.54,1
3509,SKU-AUT-003509,Velocity Tools & Equipment Model-510,Automotive,Tools & Equipment,Velocity,244.01,530.24,1
3510,SKU-APP-003510,Pulse Men's Clothing Model-511,Apparel,Men's Clothing,Pulse,138.45,246.68,1
3511,SKU-GRO-003511,Sol Breakfast Model-512,Grocery & Pantry,Breakfast,Sol,280.69,577,1
3512,SKU-BEA-003512,Apex Haircare Model-513,Beauty & Care,Haircare,Apex,30.69,49.45,1
3513,SKU-BEA-003513,Lumina Haircare Model-514,Beauty & Care,Haircare,Lumina,309.65,635.44,1
3514,SKU-ELE-003514,Echo Accessories Model-515,Electronics,Accessories,Echo,133.12,289.95,1
3515,SKU-APP-003515,Matrix Sportswear Model-516,Apparel,Sportswear,Matrix,97.92,182.23,1
3516,SKU-HOM-003516,Echo Decor Model-517,Home & Kitchen,Decor,Echo,238.91,408.79,1
3517,SKU-ELE-003517,Titan Wearables Model-518,Electronics,Wearables,Titan,271.21,389.86,1
3518,SKU-ELE-003518,Pulse Accessories Model-519,Electronics,Accessories,Pulse,413.94,869.24,1
3519,SKU-APP-003519,Zenith Men's Clothing Model-520,Apparel,Men's Clothing,Zenith,78.27,165.54,1
3520,SKU-HOM-003520,Vortex Decor Model-521,Home & Kitchen,Decor,Vortex,170.18,220.15,1
3521,SKU-GRO-003521,Sol Organic Foods Model-522,Grocery & Pantry,Organic Foods,Sol,208.9,423.89,1
3522,SKU-SPO-003522,Titan Fitness Gear Model-523,Sports & Outdoors,Fitness Gear,Titan,203.12,463.2,1
3523,SKU-APP-003523,Zenith Men's Clothing Model-524,Apparel,Men's Clothing,Zenith,417.81,1036.84,1
3524,SKU-APP-003524,Titan Men's Clothing Model-525,Apparel,Men's Clothing,Titan,445.24,654.5,1
3525,SKU-HOM-003525,Zenith Bedding Model-526,Home & Kitchen,Bedding,Zenith,78.59,136.74,1
3526,SKU-TOY-003526,Titan Board Games Model-527,Toys & Games,Board Games,Titan,41.39,100.35,1
3527,SKU-TOY-003527,Summit Board Games Model-528,Toys & Games,Board Games,Summit,382,720.52,1
3528,SKU-TOY-003528,Zenith Action Figures Model-529,Toys & Games,Action Figures,Zenith,231.14,547.17,0
3529,SKU-AUT-003529,Echo Tools & Equipment Model-530,Automotive,Tools & Equipment,Echo,61.06,128.43,1
3530,SKU-APP-003530,Horizon Footwear Model-531,Apparel,Footwear,Horizon,393.67,618.28,1
3531,SKU-TOY-003531,Zenith Action Figures Model-532,Toys & Games,Action Figures,Zenith,106.35,224.16,1
3532,SKU-AUT-003532,Echo Car Care Model-533,Automotive,Car Care,Echo,435.15,1080.25,1
3533,SKU-HOM-003533,Echo Cookware Model-534,Home & Kitchen,Cookware,Echo,51.59,110.28,1
3534,SKU-GRO-003534,Pulse Organic Foods Model-535,Grocery & Pantry,Organic Foods,Pulse,442.15,767.51,1
3535,SKU-GRO-003535,Vortex Organic Foods Model-536,Grocery & Pantry,Organic Foods,Vortex,59.32,112.06,1
3536,SKU-GRO-003536,Zenith Condiments Model-537,Grocery & Pantry,Condiments,Zenith,181.78,348.05,1
3537,SKU-TOY-003537,Zenith Action Figures Model-538,Toys & Games,Action Figures,Zenith,120.22,235.17,1
3538,SKU-SPO-003538,Horizon Cycling Model-539,Sports & Outdoors,Cycling,Horizon,234.88,504.52,1
3539,SKU-AUT-003539,Matrix Tools & Equipment Model-540,Automotive,Tools & Equipment,Matrix,318.62,682.68,1
3540,SKU-BEA-003540,Nova Haircare Model-541,Beauty & Care,Haircare,Nova,197.44,472.27,1
3541,SKU-HOM-003541,Nova Furniture Model-542,Home & Kitchen,Furniture,Nova,139.59,272.47,1
3542,SKU-ELE-003542,Velocity Smart Home Model-543,Electronics,Smart Home,Velocity,232.6,457.34,1
3543,SKU-TOY-003543,Velocity Puzzles Model-544,Toys & Games,Puzzles,Velocity,199.48,385.14,1
3544,SKU-HOM-003544,Pulse Bedding Model-545,Home & Kitchen,Bedding,Pulse,371.34,609.87,1
3545,SKU-AUT-003545,Aura Interior Accessories Model-546,Automotive,Interior Accessories,Aura,424.13,611.48,1
3546,SKU-AUT-003546,Sol Oils & Fluids Model-547,Automotive,Oils & Fluids,Sol,441.41,640.17,1
3547,SKU-BEA-003547,Sol Personal Care Model-548,Beauty & Care,Personal Care,Sol,420.03,786.82,1
3548,SKU-TOY-003548,Matrix Board Games Model-549,Toys & Games,Board Games,Matrix,204.9,452.15,1
3549,SKU-BEA-003549,Echo Cosmetics Model-550,Beauty & Care,Cosmetics,Echo,220.43,437.45,1
3550,SKU-HOM-003550,Lumina Decor Model-551,Home & Kitchen,Decor,Lumina,232.96,327.72,1
3551,SKU-ELE-003551,Apex Smartphones Model-552,Electronics,Smartphones,Apex,86.37,131.59,1
3552,SKU-AUT-003552,Matrix Interior Accessories Model-553,Automotive,Interior Accessories,Matrix,39.24,64.76,1
3553,SKU-AUT-003553,Apex Tools & Equipment Model-554,Automotive,Tools & Equipment,Apex,306.84,580.48,0
3554,SKU-TOY-003554,Titan Puzzles Model-555,Toys & Games,Puzzles,Titan,226.82,365.34,0
3555,SKU-HOM-003555,Prism Cookware Model-556,Home & Kitchen,Cookware,Prism,10.88,25.18,1
3556,SKU-AUT-003556,Vortex Car Care Model-557,Automotive,Car Care,Vortex,200.67,393.03,1
3557,SKU-HOM-003557,Matrix Cookware Model-558,Home & Kitchen,Cookware,Matrix,63.72,135.38,1
3558,SKU-APP-003558,Matrix Footwear Model-559,Apparel,Footwear,Matrix,106.2,202.33,1
3559,SKU-AUT-003559,Nova Interior Accessories Model-560,Automotive,Interior Accessories,Nova,112.51,193.15,1
3560,SKU-BEA-003560,Zenith Skincare Model-561,Beauty & Care,Skincare,Zenith,250.94,397.89,1
3561,SKU-APP-003561,Aura Footwear Model-562,Apparel,Footwear,Aura,137.13,231.41,1
3562,SKU-GRO-003562,Zenith Organic Foods Model-563,Grocery & Pantry,Organic Foods,Zenith,216.1,303.02,1
3563,SKU-BEA-003563,Echo Personal Care Model-564,Beauty & Care,Personal Care,Echo,185.98,455.51,1
3564,SKU-HOM-003564,Horizon Bedding Model-565,Home & Kitchen,Bedding,Horizon,12.26,22.48,1
3565,SKU-ELE-003565,Titan Laptops Model-566,Electronics,Laptops,Titan,201.44,478.66,1
3566,SKU-APP-003566,Nova Accessories Model-567,Apparel,Accessories,Nova,180.12,253.39,1
3567,SKU-AUT-003567,Apex Car Care Model-568,Automotive,Car Care,Apex,145.7,209.16,1
3568,SKU-HOM-003568,Apex Furniture Model-569,Home & Kitchen,Furniture,Apex,430.01,872.99,1
3569,SKU-GRO-003569,Apex Breakfast Model-570,Grocery & Pantry,Breakfast,Apex,339.13,765.41,1
3570,SKU-ELE-003570,Horizon Wearables Model-571,Electronics,Wearables,Horizon,161.61,334.45,1
3571,SKU-APP-003571,Pulse Accessories Model-572,Apparel,Accessories,Pulse,386.79,826.77,1
3572,SKU-ELE-003572,Summit Smart Home Model-573,Electronics,Smart Home,Summit,130.14,286.53,1
3573,SKU-AUT-003573,Aura Tools & Equipment Model-574,Automotive,Tools & Equipment,Aura,288.63,541.51,1
3574,SKU-GRO-003574,Titan Snacks Model-575,Grocery & Pantry,Snacks,Titan,200.4,308.83,1
3575,SKU-AUT-003575,Matrix Interior Accessories Model-576,Automotive,Interior Accessories,Matrix,194.87,456.34,1
3576,SKU-AUT-003576,Sol Interior Accessories Model-577,Automotive,Interior Accessories,Sol,281.05,441.23,1
3577,SKU-ELE-003577,Summit Smartphones Model-578,Electronics,Smartphones,Summit,357.25,618.29,1
3578,SKU-HOM-003578,Echo Cookware Model-579,Home & Kitchen,Cookware,Echo,287.52,694.58,1
3579,SKU-GRO-003579,Apex Canned Goods Model-580,Grocery & Pantry,Canned Goods,Apex,349.62,648.68,1
3580,SKU-AUT-003580,Summit Car Care Model-581,Automotive,Car Care,Summit,253.81,516.51,1
3581,SKU-APP-003581,Sol Accessories Model-582,Apparel,Accessories,Sol,414.07,785.97,1
3582,SKU-TOY-003582,Aura Educational Toys Model-583,Toys & Games,Educational Toys,Aura,383.81,802.36,1
3583,SKU-AUT-003583,Lumina Car Care Model-584,Automotive,Car Care,Lumina,90.62,119.19,1
3584,SKU-HOM-003584,Zenith Cookware Model-585,Home & Kitchen,Cookware,Zenith,268.02,342.97,1
3585,SKU-AUT-003585,Zenith Tools & Equipment Model-586,Automotive,Tools & Equipment,Zenith,401.45,821.97,1
3586,SKU-GRO-003586,Velocity Canned Goods Model-587,Grocery & Pantry,Canned Goods,Velocity,144.59,224.78,1
3587,SKU-BEA-003587,Sol Personal Care Model-588,Beauty & Care,Personal Care,Sol,424.56,1021.86,1
3588,SKU-APP-003588,Nova Women's Clothing Model-589,Apparel,Women's Clothing,Nova,395.23,977.22,1
3589,SKU-HOM-003589,Pulse Cookware Model-590,Home & Kitchen,Cookware,Pulse,114.55,215.73,1
3590,SKU-ELE-003590,Matrix Laptops Model-591,Electronics,Laptops,Matrix,117.68,272.99,1
3591,SKU-AUT-003591,Velocity Car Care Model-592,Automotive,Car Care,Velocity,323.79,752.37,0
3592,SKU-HOM-003592,Velocity Bedding Model-593,Home & Kitchen,Bedding,Velocity,439.78,914.11,1
3593,SKU-BEA-003593,Pulse Skincare Model-594,Beauty & Care,Skincare,Pulse,347.75,849.76,1
3594,SKU-APP-003594,Zenith Men's Clothing Model-595,Apparel,Men's Clothing,Zenith,338.05,618.23,1
3595,SKU-AUT-003595,Nova Car Care Model-596,Automotive,Car Care,Nova,358.56,712,1
3596,SKU-APP-003596,Apex Accessories Model-597,Apparel,Accessories,Apex,57.22,103.41,1
3597,SKU-HOM-003597,Apex Furniture Model-598,Home & Kitchen,Furniture,Apex,139.19,251.99,1
3598,SKU-ELE-003598,Lumina Accessories Model-599,Electronics,Accessories,Lumina,65.76,91.59,1
3599,SKU-GRO-003599,Titan Beverages Model-600,Grocery & Pantry,Beverages,Titan,55.99,78.72,1
3600,SKU-HOM-003600,Matrix Furniture Model-601,Home & Kitchen,Furniture,Matrix,153.49,259.52,1
3601,SKU-TOY-003601,Summit Outdoor Toys Model-602,Toys & Games,Outdoor Toys,Summit,427.01,744.51,1
3602,SKU-BEA-003602,Velocity Fragrances Model-603,Beauty & Care,Fragrances,Velocity,355.64,803.47,1
3603,SKU-APP-003603,Echo Men's Clothing Model-604,Apparel,Men's Clothing,Echo,224.87,434.81,1
3604,SKU-APP-003604,Titan Men's Clothing Model-605,Apparel,Men's Clothing,Titan,86.9,113.88,1
3605,SKU-HOM-003605,Lumina Storage Model-606,Home & Kitchen,Storage,Lumina,403.7,590.94,1
3606,SKU-GRO-003606,Titan Organic Foods Model-607,Grocery & Pantry,Organic Foods,Titan,237.58,574.36,1
3607,SKU-SPO-003607,Prism Fitness Gear Model-608,Sports & Outdoors,Fitness Gear,Prism,250.48,606.51,1
3608,SKU-TOY-003608,Apex Action Figures Model-609,Toys & Games,Action Figures,Apex,73.5,102.92,1
3609,SKU-TOY-003609,Lumina Puzzles Model-610,Toys & Games,Puzzles,Lumina,19.15,46.9,1
3610,SKU-APP-003610,Summit Men's Clothing Model-611,Apparel,Men's Clothing,Summit,84.74,115.06,1
3611,SKU-ELE-003611,Sol Laptops Model-612,Electronics,Laptops,Sol,177.33,251.74,1
3612,SKU-SPO-003612,Titan Team Sports Model-613,Sports & Outdoors,Team Sports,Titan,54.84,92.89,1
3613,SKU-HOM-003613,Lumina Decor Model-614,Home & Kitchen,Decor,Lumina,309.6,665.2,1
3614,SKU-TOY-003614,Velocity Action Figures Model-615,Toys & Games,Action Figures,Velocity,344.75,811.26,1
3615,SKU-HOM-003615,Nova Small Appliances Model-616,Home & Kitchen,Small Appliances,Nova,366.05,506.42,1
3616,SKU-BEA-003616,Summit Skincare Model-617,Beauty & Care,Skincare,Summit,345.95,757.74,1
3617,SKU-GRO-003617,Vortex Beverages Model-618,Grocery & Pantry,Beverages,Vortex,129.12,226.01,1
3618,SKU-TOY-003618,Echo Educational Toys Model-619,Toys & Games,Educational Toys,Echo,226.95,454.15,1
3619,SKU-TOY-003619,Vortex Puzzles Model-620,Toys & Games,Puzzles,Vortex,29.55,57.44,0
3620,SKU-TOY-003620,Apex Board Games Model-621,Toys & Games,Board Games,Apex,372.07,487.66,1
3621,SKU-AUT-003621,Pulse Car Care Model-622,Automotive,Car Care,Pulse,421.51,563.34,1
3622,SKU-HOM-003622,Zenith Storage Model-623,Home & Kitchen,Storage,Zenith,161.74,205.47,1
3623,SKU-BEA-003623,Titan Cosmetics Model-624,Beauty & Care,Cosmetics,Titan,142.9,194.49,1
3624,SKU-AUT-003624,Apex Car Care Model-625,Automotive,Car Care,Apex,39.43,94.83,1
3625,SKU-AUT-003625,Velocity Car Care Model-626,Automotive,Car Care,Velocity,294.9,378.54,1
3626,SKU-HOM-003626,Horizon Cookware Model-627,Home & Kitchen,Cookware,Horizon,297.73,432.42,1
3627,SKU-AUT-003627,Vortex Interior Accessories Model-628,Automotive,Interior Accessories,Vortex,359.59,801.42,1
3628,SKU-GRO-003628,Summit Snacks Model-629,Grocery & Pantry,Snacks,Summit,265.09,633.66,1
3629,SKU-HOM-003629,Horizon Bedding Model-630,Home & Kitchen,Bedding,Horizon,399.56,745.03,1
3630,SKU-GRO-003630,Sol Canned Goods Model-631,Grocery & Pantry,Canned Goods,Sol,121.46,227.77,1
3631,SKU-BEA-003631,Sol Haircare Model-632,Beauty & Care,Haircare,Sol,433.34,1031.57,1
3632,SKU-BEA-003632,Sol Skincare Model-633,Beauty & Care,Skincare,Sol,238.12,399.15,0
3633,SKU-TOY-003633,Sol Educational Toys Model-634,Toys & Games,Educational Toys,Sol,420.19,808.76,1
3634,SKU-BEA-003634,Zenith Skincare Model-635,Beauty & Care,Skincare,Zenith,224.76,500.07,1
3635,SKU-HOM-003635,Matrix Decor Model-636,Home & Kitchen,Decor,Matrix,306.74,721.09,1
3636,SKU-BEA-003636,Titan Haircare Model-637,Beauty & Care,Haircare,Titan,161.45,386.56,1
3637,SKU-AUT-003637,Aura Car Care Model-638,Automotive,Car Care,Aura,87.52,188.14,1
3638,SKU-ELE-003638,Pulse Smart Home Model-639,Electronics,Smart Home,Pulse,38.44,54.6,0
3639,SKU-ELE-003639,Nova Smart Home Model-640,Electronics,Smart Home,Nova,274,558.6,1
3640,SKU-APP-003640,Matrix Outerwear Model-641,Apparel,Outerwear,Matrix,310.54,493.63,1
3641,SKU-HOM-003641,Prism Cookware Model-642,Home & Kitchen,Cookware,Prism,300.03,620.65,1
3642,SKU-BEA-003642,Sol Cosmetics Model-643,Beauty & Care,Cosmetics,Sol,446.59,875.4,1
3643,SKU-TOY-003643,Pulse Outdoor Toys Model-644,Toys & Games,Outdoor Toys,Pulse,259.95,527.81,1
3644,SKU-GRO-003644,Vortex Beverages Model-645,Grocery & Pantry,Beverages,Vortex,107.88,149.64,1
3645,SKU-HOM-003645,Vortex Cookware Model-646,Home & Kitchen,Cookware,Vortex,365.87,812.03,1
3646,SKU-GRO-003646,Echo Condiments Model-647,Grocery & Pantry,Condiments,Echo,281.48,478.64,1
3647,SKU-APP-003647,Vortex Sportswear Model-648,Apparel,Sportswear,Vortex,411.38,576.12,1
3648,SKU-BEA-003648,Nova Fragrances Model-649,Beauty & Care,Fragrances,Nova,424.25,817.33,1
3649,SKU-GRO-003649,Velocity Condiments Model-650,Grocery & Pantry,Condiments,Velocity,184.61,269.21,1
3650,SKU-AUT-003650,Zenith Interior Accessories Model-651,Automotive,Interior Accessories,Zenith,94.65,158.92,1
3651,SKU-ELE-003651,Apex Accessories Model-652,Electronics,Accessories,Apex,429.44,637,1
3652,SKU-HOM-003652,Horizon Small Appliances Model-653,Home & Kitchen,Small Appliances,Horizon,123.3,245.85,1
3653,SKU-SPO-003653,Nova Team Sports Model-654,Sports & Outdoors,Team Sports,Nova,295.4,398.87,1
3654,SKU-SPO-003654,Zenith Camping & Hiking Model-655,Sports & Outdoors,Camping & Hiking,Zenith,123.19,206.6,1
3655,SKU-TOY-003655,Nova Puzzles Model-656,Toys & Games,Puzzles,Nova,381.75,702.1,1
3656,SKU-APP-003656,Zenith Footwear Model-657,Apparel,Footwear,Zenith,448.28,590.43,1
3657,SKU-TOY-003657,Aura Action Figures Model-658,Toys & Games,Action Figures,Aura,351.56,728.17,1
3658,SKU-TOY-003658,Sol Educational Toys Model-659,Toys & Games,Educational Toys,Sol,262.12,447.64,1
3659,SKU-BEA-003659,Summit Haircare Model-660,Beauty & Care,Haircare,Summit,175.76,369.38,1
3660,SKU-HOM-003660,Vortex Bedding Model-661,Home & Kitchen,Bedding,Vortex,36.1,70.44,1
3661,SKU-HOM-003661,Sol Small Appliances Model-662,Home & Kitchen,Small Appliances,Sol,135.4,305.16,1
3662,SKU-AUT-003662,Vortex Interior Accessories Model-663,Automotive,Interior Accessories,Vortex,20.78,51.8,1
3663,SKU-ELE-003663,Aura Smart Home Model-664,Electronics,Smart Home,Aura,158.13,269.63,1
3664,SKU-HOM-003664,Nova Decor Model-665,Home & Kitchen,Decor,Nova,325.97,602.68,1
3665,SKU-ELE-003665,Matrix Laptops Model-666,Electronics,Laptops,Matrix,164.54,314.5,1
3666,SKU-TOY-003666,Titan Educational Toys Model-667,Toys & Games,Educational Toys,Titan,431.79,1012.5,1
3667,SKU-TOY-003667,Apex Educational Toys Model-668,Toys & Games,Educational Toys,Apex,160.79,286.82,1
3668,SKU-HOM-003668,Apex Bedding Model-669,Home & Kitchen,Bedding,Apex,416.88,945.46,1
3669,SKU-HOM-003669,Echo Cookware Model-670,Home & Kitchen,Cookware,Echo,112.12,253.46,1
3670,SKU-GRO-003670,Matrix Canned Goods Model-671,Grocery & Pantry,Canned Goods,Matrix,109.94,190.49,1
3671,SKU-TOY-003671,Velocity Action Figures Model-672,Toys & Games,Action Figures,Velocity,33.17,58.73,1
3672,SKU-TOY-003672,Pulse Educational Toys Model-673,Toys & Games,Educational Toys,Pulse,194.73,278.46,0
3673,SKU-SPO-003673,Zenith Cycling Model-674,Sports & Outdoors,Cycling,Zenith,54.03,98.7,1
3674,SKU-APP-003674,Matrix Women's Clothing Model-675,Apparel,Women's Clothing,Matrix,378.41,773.54,1
3675,SKU-AUT-003675,Sol Oils & Fluids Model-676,Automotive,Oils & Fluids,Sol,232.69,411.2,1
3676,SKU-TOY-003676,Vortex Educational Toys Model-677,Toys & Games,Educational Toys,Vortex,166.97,339.52,1
3677,SKU-BEA-003677,Zenith Cosmetics Model-678,Beauty & Care,Cosmetics,Zenith,77.97,114.95,1
3678,SKU-APP-003678,Pulse Footwear Model-679,Apparel,Footwear,Pulse,28.32,62.46,1
3679,SKU-AUT-003679,Lumina Interior Accessories Model-680,Automotive,Interior Accessories,Lumina,85.03,170.18,1
3680,SKU-AUT-003680,Pulse Car Care Model-681,Automotive,Car Care,Pulse,124.79,159.98,1
3681,SKU-HOM-003681,Titan Decor Model-682,Home & Kitchen,Decor,Titan,311.9,718.11,1
3682,SKU-GRO-003682,Summit Canned Goods Model-683,Grocery & Pantry,Canned Goods,Summit,330.76,696.76,1
3683,SKU-ELE-003683,Pulse Accessories Model-684,Electronics,Accessories,Pulse,381.75,676.51,1
3684,SKU-GRO-003684,Echo Condiments Model-685,Grocery & Pantry,Condiments,Echo,152.65,239.75,1
3685,SKU-APP-003685,Matrix Women's Clothing Model-686,Apparel,Women's Clothing,Matrix,337.14,504.56,1
3686,SKU-APP-003686,Matrix Women's Clothing Model-687,Apparel,Women's Clothing,Matrix,116.51,249.98,1
3687,SKU-GRO-003687,Echo Condiments Model-688,Grocery & Pantry,Condiments,Echo,375.17,660.42,1
3688,SKU-AUT-003688,Summit Oils & Fluids Model-689,Automotive,Oils & Fluids,Summit,124.66,245.74,1
3689,SKU-APP-003689,Horizon Men's Clothing Model-690,Apparel,Men's Clothing,Horizon,219.89,513.9,1
3690,SKU-HOM-003690,Zenith Small Appliances Model-691,Home & Kitchen,Small Appliances,Zenith,309.1,443.15,1
3691,SKU-TOY-003691,Horizon Outdoor Toys Model-692,Toys & Games,Outdoor Toys,Horizon,333.74,526.46,1
3692,SKU-APP-003692,Prism Outerwear Model-693,Apparel,Outerwear,Prism,326.86,737.86,1
3693,SKU-APP-003693,Vortex Footwear Model-694,Apparel,Footwear,Vortex,228.99,393.68,1
3694,SKU-GRO-003694,Nova Breakfast Model-695,Grocery & Pantry,Breakfast,Nova,413.27,913.6,1
3695,SKU-GRO-003695,Echo Breakfast Model-696,Grocery & Pantry,Breakfast,Echo,63.02,150.88,1
3696,SKU-APP-003696,Zenith Footwear Model-697,Apparel,Footwear,Zenith,25.89,48.66,1
3697,SKU-ELE-003697,Vortex Audio & Headphones Model-698,Electronics,Audio & Headphones,Vortex,296.36,533.02,1
3698,SKU-AUT-003698,Prism Interior Accessories Model-699,Automotive,Interior Accessories,Prism,429.94,874.08,1
3699,SKU-AUT-003699,Aura Interior Accessories Model-700,Automotive,Interior Accessories,Aura,347.8,846.06,1
3700,SKU-BEA-003700,Aura Personal Care Model-701,Beauty & Care,Personal Care,Aura,428.73,972.43,0
3701,SKU-APP-003701,Velocity Accessories Model-702,Apparel,Accessories,Velocity,135.98,198.43,1
3702,SKU-HOM-003702,Velocity Storage Model-703,Home & Kitchen,Storage,Velocity,184.36,241.5,1
3703,SKU-TOY-003703,Nova Board Games Model-704,Toys & Games,Board Games,Nova,334.71,500.15,1
3704,SKU-HOM-003704,Echo Bedding Model-705,Home & Kitchen,Bedding,Echo,197.34,425.21,1
3705,SKU-ELE-003705,Summit Wearables Model-706,Electronics,Wearables,Summit,108.72,264.66,1
3706,SKU-TOY-003706,Zenith Outdoor Toys Model-707,Toys & Games,Outdoor Toys,Zenith,392.92,658.75,1
3707,SKU-APP-003707,Summit Women's Clothing Model-708,Apparel,Women's Clothing,Summit,71.49,167.93,1
3708,SKU-BEA-003708,Lumina Cosmetics Model-709,Beauty & Care,Cosmetics,Lumina,86.94,196.16,1
3709,SKU-TOY-003709,Aura Action Figures Model-710,Toys & Games,Action Figures,Aura,378.11,491.79,1
3710,SKU-BEA-003710,Prism Haircare Model-711,Beauty & Care,Haircare,Prism,205.62,507.62,1
3711,SKU-BEA-003711,Horizon Haircare Model-712,Beauty & Care,Haircare,Horizon,228.4,432.33,1
3712,SKU-BEA-003712,Sol Haircare Model-713,Beauty & Care,Haircare,Sol,43.43,104.69,1
3713,SKU-AUT-003713,Apex Tools & Equipment Model-714,Automotive,Tools & Equipment,Apex,92.67,166.13,1
3714,SKU-AUT-003714,Horizon Tools & Equipment Model-715,Automotive,Tools & Equipment,Horizon,373.18,807.48,1
3715,SKU-APP-003715,Vortex Sportswear Model-716,Apparel,Sportswear,Vortex,249.98,480.6,1
3716,SKU-HOM-003716,Vortex Cookware Model-717,Home & Kitchen,Cookware,Vortex,324.64,506.04,1
3717,SKU-AUT-003717,Titan Tools & Equipment Model-718,Automotive,Tools & Equipment,Titan,178.66,276.46,1
3718,SKU-APP-003718,Pulse Outerwear Model-719,Apparel,Outerwear,Pulse,50.31,65.88,1
3719,SKU-ELE-003719,Prism Smartphones Model-720,Electronics,Smartphones,Prism,150.63,215.54,0
3720,SKU-HOM-003720,Lumina Cookware Model-721,Home & Kitchen,Cookware,Lumina,152.64,261.82,1
3721,SKU-GRO-003721,Matrix Condiments Model-722,Grocery & Pantry,Condiments,Matrix,24.93,51.98,1
3722,SKU-TOY-003722,Lumina Board Games Model-723,Toys & Games,Board Games,Lumina,136.27,249.61,1
3723,SKU-SPO-003723,Summit Cycling Model-724,Sports & Outdoors,Cycling,Summit,103.98,199.66,1
3724,SKU-BEA-003724,Aura Personal Care Model-725,Beauty & Care,Personal Care,Aura,244.5,596.41,1
3725,SKU-BEA-003725,Sol Personal Care Model-726,Beauty & Care,Personal Care,Sol,60.61,85.22,1
3726,SKU-ELE-003726,Pulse Accessories Model-727,Electronics,Accessories,Pulse,20.49,49.32,1
3727,SKU-ELE-003727,Titan Laptops Model-728,Electronics,Laptops,Titan,188.19,354.27,1
3728,SKU-GRO-003728,Echo Condiments Model-729,Grocery & Pantry,Condiments,Echo,23.94,32.48,0
3729,SKU-BEA-003729,Prism Personal Care Model-730,Beauty & Care,Personal Care,Prism,326.46,626.34,1
3730,SKU-TOY-003730,Velocity Educational Toys Model-731,Toys & Games,Educational Toys,Velocity,384.77,683.16,1
3731,SKU-APP-003731,Zenith Outerwear Model-732,Apparel,Outerwear,Zenith,121.87,163.86,1
3732,SKU-APP-003732,Vortex Men's Clothing Model-733,Apparel,Men's Clothing,Vortex,340.66,526.47,1
3733,SKU-ELE-003733,Summit Accessories Model-734,Electronics,Accessories,Summit,229.47,431.8,1
3734,SKU-ELE-003734,Horizon Audio & Headphones Model-735,Electronics,Audio & Headphones,Horizon,386.69,632.4,1
3735,SKU-GRO-003735,Lumina Canned Goods Model-736,Grocery & Pantry,Canned Goods,Lumina,82.22,103.35,1
3736,SKU-SPO-003736,Apex Cycling Model-737,Sports & Outdoors,Cycling,Apex,434.89,897.27,1
3737,SKU-BEA-003737,Summit Cosmetics Model-738,Beauty & Care,Cosmetics,Summit,158.3,207.59,1
3738,SKU-GRO-003738,Apex Beverages Model-739,Grocery & Pantry,Beverages,Apex,380.36,735.05,1
3739,SKU-HOM-003739,Echo Storage Model-740,Home & Kitchen,Storage,Echo,195.59,333.59,1
3740,SKU-GRO-003740,Nova Breakfast Model-741,Grocery & Pantry,Breakfast,Nova,262.16,456.15,1
3741,SKU-GRO-003741,Velocity Condiments Model-742,Grocery & Pantry,Condiments,Velocity,21.21,52.21,1
3742,SKU-BEA-003742,Aura Skincare Model-743,Beauty & Care,Skincare,Aura,10.2,19.57,1
3743,SKU-GRO-003743,Aura Snacks Model-744,Grocery & Pantry,Snacks,Aura,23.02,35.96,1
3744,SKU-AUT-003744,Nova Car Care Model-745,Automotive,Car Care,Nova,397.86,509.46,1
3745,SKU-APP-003745,Lumina Accessories Model-746,Apparel,Accessories,Lumina,210.84,313.4,0
3746,SKU-AUT-003746,Matrix Oils & Fluids Model-747,Automotive,Oils & Fluids,Matrix,118.73,220.93,1
3747,SKU-SPO-003747,Aura Water Sports Model-748,Sports & Outdoors,Water Sports,Aura,205.7,385.88,1
3748,SKU-GRO-003748,Matrix Condiments Model-749,Grocery & Pantry,Condiments,Matrix,206.66,427.22,1
3749,SKU-ELE-003749,Velocity Smartphones Model-750,Electronics,Smartphones,Velocity,92.02,162.4,1
3750,SKU-ELE-003750,Nova Accessories Model-751,Electronics,Accessories,Nova,101.86,177.7,1
3751,SKU-TOY-003751,Echo Puzzles Model-752,Toys & Games,Puzzles,Echo,141.98,322.98,1
3752,SKU-ELE-003752,Horizon Accessories Model-753,Electronics,Accessories,Horizon,320.44,463.11,1
3753,SKU-APP-003753,Apex Outerwear Model-754,Apparel,Outerwear,Apex,203.35,478.7,1
3754,SKU-SPO-003754,Matrix Water Sports Model-755,Sports & Outdoors,Water Sports,Matrix,413.36,678.11,1
3755,SKU-HOM-003755,Sol Furniture Model-756,Home & Kitchen,Furniture,Sol,14.51,21.44,1
3756,SKU-HOM-003756,Apex Cookware Model-757,Home & Kitchen,Cookware,Apex,17.21,36.55,1
3757,SKU-BEA-003757,Prism Personal Care Model-758,Beauty & Care,Personal Care,Prism,260.66,522.29,1
3758,SKU-GRO-003758,Apex Condiments Model-759,Grocery & Pantry,Condiments,Apex,82.02,178.01,1
3759,SKU-APP-003759,Matrix Accessories Model-760,Apparel,Accessories,Matrix,422.84,761.92,1
3760,SKU-ELE-003760,Zenith Wearables Model-761,Electronics,Wearables,Zenith,441.63,974.68,1
3761,SKU-TOY-003761,Lumina Educational Toys Model-762,Toys & Games,Educational Toys,Lumina,237.51,518.94,1
3762,SKU-GRO-003762,Apex Beverages Model-763,Grocery & Pantry,Beverages,Apex,431.22,1044.8,1
3763,SKU-APP-003763,Summit Accessories Model-764,Apparel,Accessories,Summit,112.86,257.6,1
3764,SKU-TOY-003764,Apex Outdoor Toys Model-765,Toys & Games,Outdoor Toys,Apex,348.48,818.68,0
3765,SKU-GRO-003765,Summit Condiments Model-766,Grocery & Pantry,Condiments,Summit,90.48,180.76,1
3766,SKU-APP-003766,Sol Sportswear Model-767,Apparel,Sportswear,Sol,252.77,326.96,1
3767,SKU-GRO-003767,Aura Organic Foods Model-768,Grocery & Pantry,Organic Foods,Aura,10.84,25.28,1
3768,SKU-SPO-003768,Lumina Team Sports Model-769,Sports & Outdoors,Team Sports,Lumina,78.77,129.15,1
3769,SKU-APP-003769,Pulse Men's Clothing Model-770,Apparel,Men's Clothing,Pulse,81.72,192.15,1
3770,SKU-SPO-003770,Aura Water Sports Model-771,Sports & Outdoors,Water Sports,Aura,224.42,531.63,1
3771,SKU-APP-003771,Nova Women's Clothing Model-772,Apparel,Women's Clothing,Nova,319.84,605.18,0
3772,SKU-BEA-003772,Nova Skincare Model-773,Beauty & Care,Skincare,Nova,76.83,187.78,1
3773,SKU-BEA-003773,Velocity Personal Care Model-774,Beauty & Care,Personal Care,Velocity,384.32,825.36,0
3774,SKU-AUT-003774,Lumina Tools & Equipment Model-775,Automotive,Tools & Equipment,Lumina,340.56,538.11,1
3775,SKU-GRO-003775,Titan Snacks Model-776,Grocery & Pantry,Snacks,Titan,30.62,65.82,1
3776,SKU-APP-003776,Titan Outerwear Model-777,Apparel,Outerwear,Titan,225.99,328.62,1
3777,SKU-TOY-003777,Aura Outdoor Toys Model-778,Toys & Games,Outdoor Toys,Aura,448.58,697.53,1
3778,SKU-SPO-003778,Prism Team Sports Model-779,Sports & Outdoors,Team Sports,Prism,89.36,153.07,0
3779,SKU-GRO-003779,Matrix Beverages Model-780,Grocery & Pantry,Beverages,Matrix,245.86,374.9,1
3780,SKU-SPO-003780,Matrix Water Sports Model-781,Sports & Outdoors,Water Sports,Matrix,81.98,132.9,1
3781,SKU-APP-003781,Horizon Footwear Model-782,Apparel,Footwear,Horizon,388.6,831.22,1
3782,SKU-APP-003782,Lumina Accessories Model-783,Apparel,Accessories,Lumina,331.32,614.81,1
3783,SKU-AUT-003783,Prism Car Care Model-784,Automotive,Car Care,Prism,193.62,423.35,1
3784,SKU-SPO-003784,Zenith Fitness Gear Model-785,Sports & Outdoors,Fitness Gear,Zenith,397.69,916.02,1
3785,SKU-TOY-003785,Vortex Board Games Model-786,Toys & Games,Board Games,Vortex,61.43,83.02,1
3786,SKU-SPO-003786,Summit Team Sports Model-787,Sports & Outdoors,Team Sports,Summit,347.62,609.23,1
3787,SKU-BEA-003787,Pulse Cosmetics Model-788,Beauty & Care,Cosmetics,Pulse,76.65,119.99,1
3788,SKU-HOM-003788,Matrix Furniture Model-789,Home & Kitchen,Furniture,Matrix,143.17,227.34,1
3789,SKU-GRO-003789,Zenith Organic Foods Model-790,Grocery & Pantry,Organic Foods,Zenith,392.7,541.99,1
3790,SKU-AUT-003790,Apex Interior Accessories Model-791,Automotive,Interior Accessories,Apex,147.94,236.21,1
3791,SKU-ELE-003791,Lumina Audio & Headphones Model-792,Electronics,Audio & Headphones,Lumina,41.57,79.59,1
3792,SKU-HOM-003792,Echo Bedding Model-793,Home & Kitchen,Bedding,Echo,262.87,501.05,1
3793,SKU-GRO-003793,Sol Breakfast Model-794,Grocery & Pantry,Breakfast,Sol,164,211.73,1
3794,SKU-TOY-003794,Vortex Educational Toys Model-795,Toys & Games,Educational Toys,Vortex,214.56,334.97,1
3795,SKU-SPO-003795,Summit Team Sports Model-796,Sports & Outdoors,Team Sports,Summit,284.76,449.96,1
3796,SKU-APP-003796,Zenith Outerwear Model-797,Apparel,Outerwear,Zenith,411.39,560.46,1
3797,SKU-ELE-003797,Titan Laptops Model-798,Electronics,Laptops,Titan,247.23,614.94,1
3798,SKU-APP-003798,Zenith Accessories Model-799,Apparel,Accessories,Zenith,265.73,473.79,1
3799,SKU-GRO-003799,Pulse Organic Foods Model-800,Grocery & Pantry,Organic Foods,Pulse,28.29,39.22,1
3800,SKU-BEA-003800,Aura Cosmetics Model-801,Beauty & Care,Cosmetics,Aura,410.21,561.07,1
3801,SKU-BEA-003801,Zenith Haircare Model-802,Beauty & Care,Haircare,Zenith,49.7,87.66,1
3802,SKU-APP-003802,Horizon Men's Clothing Model-803,Apparel,Men's Clothing,Horizon,291.87,713.75,1
3803,SKU-AUT-003803,Pulse Interior Accessories Model-804,Automotive,Interior Accessories,Pulse,61.06,122.64,1
3804,SKU-BEA-003804,Nova Cosmetics Model-805,Beauty & Care,Cosmetics,Nova,398.64,778.48,1
3805,SKU-APP-003805,Nova Men's Clothing Model-806,Apparel,Men's Clothing,Nova,224.84,364.19,1
3806,SKU-BEA-003806,Matrix Skincare Model-807,Beauty & Care,Skincare,Matrix,342.24,481.69,1
3807,SKU-GRO-003807,Nova Condiments Model-808,Grocery & Pantry,Condiments,Nova,116.43,183.41,1
3808,SKU-ELE-003808,Pulse Wearables Model-809,Electronics,Wearables,Pulse,133.68,308.61,1
3809,SKU-GRO-003809,Aura Organic Foods Model-810,Grocery & Pantry,Organic Foods,Aura,198.65,464.18,1
3810,SKU-AUT-003810,Nova Oils & Fluids Model-811,Automotive,Oils & Fluids,Nova,369,799.68,1
3811,SKU-TOY-003811,Aura Outdoor Toys Model-812,Toys & Games,Outdoor Toys,Aura,29.94,51.18,1
3812,SKU-AUT-003812,Lumina Car Care Model-813,Automotive,Car Care,Lumina,340.79,434.03,1
3813,SKU-ELE-003813,Titan Smart Home Model-814,Electronics,Smart Home,Titan,332.9,748.16,1
3814,SKU-GRO-003814,Pulse Snacks Model-815,Grocery & Pantry,Snacks,Pulse,197.95,454.6,1
3815,SKU-AUT-003815,Matrix Interior Accessories Model-816,Automotive,Interior Accessories,Matrix,174.18,361.63,1
3816,SKU-HOM-003816,Prism Furniture Model-817,Home & Kitchen,Furniture,Prism,254.01,441.97,0
3817,SKU-BEA-003817,Horizon Personal Care Model-818,Beauty & Care,Personal Care,Horizon,165.45,231.94,1
3818,SKU-SPO-003818,Summit Cycling Model-819,Sports & Outdoors,Cycling,Summit,152.82,311,1
3819,SKU-AUT-003819,Zenith Tools & Equipment Model-820,Automotive,Tools & Equipment,Zenith,98.16,205.55,1
3820,SKU-APP-003820,Summit Accessories Model-821,Apparel,Accessories,Summit,422.5,915.54,1
3821,SKU-AUT-003821,Zenith Oils & Fluids Model-822,Automotive,Oils & Fluids,Zenith,444.7,741.54,1
3822,SKU-HOM-003822,Sol Decor Model-823,Home & Kitchen,Decor,Sol,136.69,315.7,1
3823,SKU-BEA-003823,Vortex Cosmetics Model-824,Beauty & Care,Cosmetics,Vortex,25.29,33.14,1
3824,SKU-APP-003824,Summit Outerwear Model-825,Apparel,Outerwear,Summit,5.07,6.96,1
3825,SKU-SPO-003825,Aura Camping & Hiking Model-826,Sports & Outdoors,Camping & Hiking,Aura,172.15,271.79,1
3826,SKU-TOY-003826,Echo Outdoor Toys Model-827,Toys & Games,Outdoor Toys,Echo,159.09,271.52,1
3827,SKU-HOM-003827,Pulse Furniture Model-828,Home & Kitchen,Furniture,Pulse,226.12,465.94,1
3828,SKU-BEA-003828,Echo Cosmetics Model-829,Beauty & Care,Cosmetics,Echo,358.43,561.35,1
3829,SKU-BEA-003829,Aura Haircare Model-830,Beauty & Care,Haircare,Aura,290.4,524.36,1
3830,SKU-BEA-003830,Matrix Haircare Model-831,Beauty & Care,Haircare,Matrix,268.69,572.51,1
3831,SKU-BEA-003831,Velocity Personal Care Model-832,Beauty & Care,Personal Care,Velocity,93,183.62,1
3832,SKU-SPO-003832,Summit Cycling Model-833,Sports & Outdoors,Cycling,Summit,145.5,232.86,1
3833,SKU-AUT-003833,Lumina Interior Accessories Model-834,Automotive,Interior Accessories,Lumina,55.25,103.36,1
3834,SKU-SPO-003834,Nova Team Sports Model-835,Sports & Outdoors,Team Sports,Nova,287.41,446.57,1
3835,SKU-APP-003835,Vortex Sportswear Model-836,Apparel,Sportswear,Vortex,174.97,278.17,1
3836,SKU-ELE-003836,Echo Wearables Model-837,Electronics,Wearables,Echo,97.3,234.51,1
3837,SKU-GRO-003837,Echo Canned Goods Model-838,Grocery & Pantry,Canned Goods,Echo,254.71,596.85,1
3838,SKU-GRO-003838,Horizon Condiments Model-839,Grocery & Pantry,Condiments,Horizon,431.59,566.97,1
3839,SKU-HOM-003839,Nova Cookware Model-840,Home & Kitchen,Cookware,Nova,268.04,384.03,1
3840,SKU-ELE-003840,Velocity Accessories Model-841,Electronics,Accessories,Velocity,36.3,78.01,1
3841,SKU-SPO-003841,Velocity Camping & Hiking Model-842,Sports & Outdoors,Camping & Hiking,Velocity,84.62,127.38,1
3842,SKU-TOY-003842,Vortex Board Games Model-843,Toys & Games,Board Games,Vortex,232.79,403.72,1
3843,SKU-TOY-003843,Vortex Board Games Model-844,Toys & Games,Board Games,Vortex,281.73,694.37,1
3844,SKU-ELE-003844,Horizon Smart Home Model-845,Electronics,Smart Home,Horizon,358.85,729.41,1
3845,SKU-ELE-003845,Prism Accessories Model-846,Electronics,Accessories,Prism,437.71,967.99,1
3846,SKU-GRO-003846,Lumina Condiments Model-847,Grocery & Pantry,Condiments,Lumina,390.8,911.9,1
3847,SKU-APP-003847,Titan Footwear Model-848,Apparel,Footwear,Titan,365.17,692.9,1
3848,SKU-GRO-003848,Vortex Snacks Model-849,Grocery & Pantry,Snacks,Vortex,81.1,193.05,1
3849,SKU-SPO-003849,Titan Fitness Gear Model-850,Sports & Outdoors,Fitness Gear,Titan,127.1,214.51,1
3850,SKU-SPO-003850,Echo Fitness Gear Model-851,Sports & Outdoors,Fitness Gear,Echo,82.32,108.27,1
3851,SKU-AUT-003851,Pulse Tools & Equipment Model-852,Automotive,Tools & Equipment,Pulse,394.64,584.14,1
3852,SKU-ELE-003852,Matrix Smart Home Model-853,Electronics,Smart Home,Matrix,153.92,361.33,1
3853,SKU-HOM-003853,Sol Storage Model-854,Home & Kitchen,Storage,Sol,309.93,431,1
3854,SKU-ELE-003854,Horizon Smartphones Model-855,Electronics,Smartphones,Horizon,78.59,124.28,0
3855,SKU-AUT-003855,Echo Oils & Fluids Model-856,Automotive,Oils & Fluids,Echo,146.58,280.81,1
3856,SKU-ELE-003856,Vortex Smart Home Model-857,Electronics,Smart Home,Vortex,322.08,503.21,1
3857,SKU-TOY-003857,Pulse Puzzles Model-858,Toys & Games,Puzzles,Pulse,268.83,389.91,1
3858,SKU-SPO-003858,Horizon Fitness Gear Model-859,Sports & Outdoors,Fitness Gear,Horizon,176.94,406.12,1
3859,SKU-GRO-003859,Prism Beverages Model-860,Grocery & Pantry,Beverages,Prism,30.67,59.62,1
3860,SKU-GRO-003860,Horizon Snacks Model-861,Grocery & Pantry,Snacks,Horizon,218.66,504.11,1
3861,SKU-GRO-003861,Aura Organic Foods Model-862,Grocery & Pantry,Organic Foods,Aura,333.83,657.28,1
3862,SKU-APP-003862,Titan Footwear Model-863,Apparel,Footwear,Titan,27.42,57.78,1
3863,SKU-AUT-003863,Aura Interior Accessories Model-864,Automotive,Interior Accessories,Aura,292.98,637.83,1
3864,SKU-GRO-003864,Pulse Organic Foods Model-865,Grocery & Pantry,Organic Foods,Pulse,239.07,589.22,1
3865,SKU-APP-003865,Titan Men's Clothing Model-866,Apparel,Men's Clothing,Titan,5.22,6.55,1
3866,SKU-GRO-003866,Lumina Snacks Model-867,Grocery & Pantry,Snacks,Lumina,333.63,585.45,1
3867,SKU-ELE-003867,Summit Accessories Model-868,Electronics,Accessories,Summit,129.71,198.17,1
3868,SKU-APP-003868,Matrix Footwear Model-869,Apparel,Footwear,Matrix,314.2,644.07,1
3869,SKU-HOM-003869,Pulse Storage Model-870,Home & Kitchen,Storage,Pulse,330.37,437.37,1
3870,SKU-GRO-003870,Sol Snacks Model-871,Grocery & Pantry,Snacks,Sol,413.73,963.8,1
3871,SKU-BEA-003871,Horizon Personal Care Model-872,Beauty & Care,Personal Care,Horizon,267.62,510.21,1
3872,SKU-GRO-003872,Pulse Organic Foods Model-873,Grocery & Pantry,Organic Foods,Pulse,365.29,656.88,1
3873,SKU-APP-003873,Nova Accessories Model-874,Apparel,Accessories,Nova,224.81,376.28,1
3874,SKU-TOY-003874,Summit Puzzles Model-875,Toys & Games,Puzzles,Summit,230.24,324.41,1
3875,SKU-HOM-003875,Vortex Furniture Model-876,Home & Kitchen,Furniture,Vortex,431.67,685.59,1
3876,SKU-TOY-003876,Lumina Board Games Model-877,Toys & Games,Board Games,Lumina,49.84,76.94,0
3877,SKU-HOM-003877,Matrix Decor Model-878,Home & Kitchen,Decor,Matrix,418.36,833.94,1
3878,SKU-AUT-003878,Apex Car Care Model-879,Automotive,Car Care,Apex,276.16,383.92,0
3879,SKU-APP-003879,Matrix Women's Clothing Model-880,Apparel,Women's Clothing,Matrix,40.55,72.78,1
3880,SKU-AUT-003880,Apex Oils & Fluids Model-881,Automotive,Oils & Fluids,Apex,302.58,684.53,1
3881,SKU-SPO-003881,Sol Fitness Gear Model-882,Sports & Outdoors,Fitness Gear,Sol,419.01,792.02,1
3882,SKU-ELE-003882,Prism Audio & Headphones Model-883,Electronics,Audio & Headphones,Prism,30.84,70.4,1
3883,SKU-AUT-003883,Nova Interior Accessories Model-884,Automotive,Interior Accessories,Nova,443.64,1066.65,1
3884,SKU-AUT-003884,Horizon Tools & Equipment Model-885,Automotive,Tools & Equipment,Horizon,79.88,114.42,1
3885,SKU-AUT-003885,Nova Tools & Equipment Model-886,Automotive,Tools & Equipment,Nova,279.16,549.41,1
3886,SKU-BEA-003886,Lumina Skincare Model-887,Beauty & Care,Skincare,Lumina,269.38,511.85,1
3887,SKU-ELE-003887,Horizon Accessories Model-888,Electronics,Accessories,Horizon,74.87,96.84,1
3888,SKU-TOY-003888,Nova Educational Toys Model-889,Toys & Games,Educational Toys,Nova,191.23,431.3,1
3889,SKU-ELE-003889,Titan Smart Home Model-890,Electronics,Smart Home,Titan,180.56,418.84,1
3890,SKU-GRO-003890,Pulse Beverages Model-891,Grocery & Pantry,Beverages,Pulse,213.09,512.49,1
3891,SKU-HOM-003891,Summit Decor Model-892,Home & Kitchen,Decor,Summit,103.55,206.52,1
3892,SKU-AUT-003892,Lumina Tools & Equipment Model-893,Automotive,Tools & Equipment,Lumina,445.55,793.41,1
3893,SKU-GRO-003893,Prism Organic Foods Model-894,Grocery & Pantry,Organic Foods,Prism,380.75,922.38,1
3894,SKU-AUT-003894,Echo Oils & Fluids Model-895,Automotive,Oils & Fluids,Echo,318.19,460.68,1
3895,SKU-HOM-003895,Lumina Cookware Model-896,Home & Kitchen,Cookware,Lumina,44.31,69.9,1
3896,SKU-BEA-003896,Zenith Cosmetics Model-897,Beauty & Care,Cosmetics,Zenith,383.45,731.23,1
3897,SKU-TOY-003897,Apex Educational Toys Model-898,Toys & Games,Educational Toys,Apex,394.4,690.44,1
3898,SKU-BEA-003898,Matrix Fragrances Model-899,Beauty & Care,Fragrances,Matrix,390.96,965.76,1
3899,SKU-ELE-003899,Nova Accessories Model-900,Electronics,Accessories,Nova,436.23,585.55,1
3900,SKU-TOY-003900,Velocity Educational Toys Model-901,Toys & Games,Educational Toys,Velocity,278.04,454.77,1
3901,SKU-HOM-003901,Nova Storage Model-902,Home & Kitchen,Storage,Nova,47.74,109.68,1
3902,SKU-GRO-003902,Nova Organic Foods Model-903,Grocery & Pantry,Organic Foods,Nova,368.47,705.27,1
3903,SKU-AUT-003903,Lumina Tools & Equipment Model-904,Automotive,Tools & Equipment,Lumina,279.22,598.69,1
3904,SKU-TOY-003904,Apex Action Figures Model-905,Toys & Games,Action Figures,Apex,168.13,282.79,1
3905,SKU-GRO-003905,Velocity Snacks Model-906,Grocery & Pantry,Snacks,Velocity,51.02,71.01,1
3906,SKU-BEA-003906,Summit Personal Care Model-907,Beauty & Care,Personal Care,Summit,113.65,166.53,1
3907,SKU-SPO-003907,Nova Camping & Hiking Model-908,Sports & Outdoors,Camping & Hiking,Nova,33,46.04,1
3908,SKU-ELE-003908,Nova Accessories Model-909,Electronics,Accessories,Nova,90.16,114.63,1
3909,SKU-APP-003909,Nova Men's Clothing Model-910,Apparel,Men's Clothing,Nova,272.94,649.89,1
3910,SKU-BEA-003910,Aura Skincare Model-911,Beauty & Care,Skincare,Aura,199.1,259.96,1
3911,SKU-AUT-003911,Apex Interior Accessories Model-912,Automotive,Interior Accessories,Apex,319.94,586.04,1
3912,SKU-ELE-003912,Apex Audio & Headphones Model-913,Electronics,Audio & Headphones,Apex,277.11,375.7,1
3913,SKU-TOY-003913,Prism Puzzles Model-914,Toys & Games,Puzzles,Prism,138.99,253.05,1
3914,SKU-GRO-003914,Vortex Canned Goods Model-915,Grocery & Pantry,Canned Goods,Vortex,177.27,425.88,1
3915,SKU-ELE-003915,Pulse Smartphones Model-916,Electronics,Smartphones,Pulse,282.37,660.45,1
3916,SKU-TOY-003916,Horizon Outdoor Toys Model-917,Toys & Games,Outdoor Toys,Horizon,387.18,505.4,1
3917,SKU-APP-003917,Aura Men's Clothing Model-918,Apparel,Men's Clothing,Aura,218.01,370.23,1
3918,SKU-GRO-003918,Prism Condiments Model-919,Grocery & Pantry,Condiments,Prism,145.08,217.77,1
3919,SKU-TOY-003919,Sol Educational Toys Model-920,Toys & Games,Educational Toys,Sol,49.17,98.81,1
3920,SKU-BEA-003920,Summit Fragrances Model-921,Beauty & Care,Fragrances,Summit,442.4,710.67,1
3921,SKU-SPO-003921,Matrix Team Sports Model-922,Sports & Outdoors,Team Sports,Matrix,180.02,394.85,1
3922,SKU-GRO-003922,Lumina Breakfast Model-923,Grocery & Pantry,Breakfast,Lumina,67.73,89.43,1
3923,SKU-HOM-003923,Horizon Bedding Model-924,Home & Kitchen,Bedding,Horizon,395.91,919.48,1
3924,SKU-APP-003924,Sol Women's Clothing Model-925,Apparel,Women's Clothing,Sol,190.35,348.23,1
3925,SKU-AUT-003925,Horizon Car Care Model-926,Automotive,Car Care,Horizon,21.55,53.78,1
3926,SKU-TOY-003926,Horizon Puzzles Model-927,Toys & Games,Puzzles,Horizon,157.94,268.84,1
3927,SKU-SPO-003927,Nova Team Sports Model-928,Sports & Outdoors,Team Sports,Nova,65.4,105.62,1
3928,SKU-BEA-003928,Summit Haircare Model-929,Beauty & Care,Haircare,Summit,388.44,905.96,1
3929,SKU-BEA-003929,Sol Personal Care Model-930,Beauty & Care,Personal Care,Sol,48.51,78.62,1
3930,SKU-AUT-003930,Lumina Oils & Fluids Model-931,Automotive,Oils & Fluids,Lumina,69.69,105.75,1
3931,SKU-ELE-003931,Lumina Smartphones Model-932,Electronics,Smartphones,Lumina,81.64,122.62,1
3932,SKU-HOM-003932,Apex Furniture Model-933,Home & Kitchen,Furniture,Apex,154.47,286.39,1
3933,SKU-AUT-003933,Velocity Car Care Model-934,Automotive,Car Care,Velocity,114.73,281.93,1
3934,SKU-GRO-003934,Prism Snacks Model-935,Grocery & Pantry,Snacks,Prism,401.73,858.94,1
3935,SKU-BEA-003935,Velocity Cosmetics Model-936,Beauty & Care,Cosmetics,Velocity,65.23,90.68,1
3936,SKU-HOM-003936,Sol Small Appliances Model-937,Home & Kitchen,Small Appliances,Sol,366.67,578.02,1
3937,SKU-HOM-003937,Aura Furniture Model-938,Home & Kitchen,Furniture,Aura,69.14,127.19,1
3938,SKU-GRO-003938,Nova Beverages Model-939,Grocery & Pantry,Beverages,Nova,339.72,797.85,1
3939,SKU-ELE-003939,Summit Accessories Model-940,Electronics,Accessories,Summit,159.08,380.47,1
3940,SKU-ELE-003940,Apex Accessories Model-941,Electronics,Accessories,Apex,54.52,73.76,1
3941,SKU-SPO-003941,Nova Water Sports Model-942,Sports & Outdoors,Water Sports,Nova,329.27,730.51,1
3942,SKU-BEA-003942,Sol Skincare Model-943,Beauty & Care,Skincare,Sol,348.68,639.17,1
3943,SKU-TOY-003943,Vortex Educational Toys Model-944,Toys & Games,Educational Toys,Vortex,336.72,556.18,1
3944,SKU-BEA-003944,Echo Personal Care Model-945,Beauty & Care,Personal Care,Echo,214.71,520.27,1
3945,SKU-AUT-003945,Vortex Tools & Equipment Model-946,Automotive,Tools & Equipment,Vortex,375,684.76,1
3946,SKU-APP-003946,Pulse Outerwear Model-947,Apparel,Outerwear,Pulse,120.41,241.69,1
3947,SKU-AUT-003947,Nova Oils & Fluids Model-948,Automotive,Oils & Fluids,Nova,5.85,10.73,1
3948,SKU-APP-003948,Aura Outerwear Model-949,Apparel,Outerwear,Aura,165.89,275.8,1
3949,SKU-AUT-003949,Prism Tools & Equipment Model-950,Automotive,Tools & Equipment,Prism,352.42,526.23,1
3950,SKU-AUT-003950,Pulse Oils & Fluids Model-951,Automotive,Oils & Fluids,Pulse,354.07,717.22,1
3951,SKU-HOM-003951,Summit Furniture Model-952,Home & Kitchen,Furniture,Summit,92.83,216.1,1
3952,SKU-HOM-003952,Apex Cookware Model-953,Home & Kitchen,Cookware,Apex,80.36,111.89,1
3953,SKU-TOY-003953,Echo Educational Toys Model-954,Toys & Games,Educational Toys,Echo,145.3,326.06,1
3954,SKU-GRO-003954,Velocity Organic Foods Model-955,Grocery & Pantry,Organic Foods,Velocity,297.57,615.19,1
3955,SKU-APP-003955,Matrix Sportswear Model-956,Apparel,Sportswear,Matrix,384.79,883.42,1
3956,SKU-AUT-003956,Summit Tools & Equipment Model-957,Automotive,Tools & Equipment,Summit,410.14,632.56,1
3957,SKU-SPO-003957,Aura Team Sports Model-958,Sports & Outdoors,Team Sports,Aura,358.22,717.75,1
3958,SKU-TOY-003958,Lumina Educational Toys Model-959,Toys & Games,Educational Toys,Lumina,33.57,77.38,1
3959,SKU-HOM-003959,Titan Decor Model-960,Home & Kitchen,Decor,Titan,160.23,335.94,0
3960,SKU-BEA-003960,Matrix Fragrances Model-961,Beauty & Care,Fragrances,Matrix,25.18,53.5,1
3961,SKU-AUT-003961,Sol Car Care Model-962,Automotive,Car Care,Sol,45.28,87.64,1
3962,SKU-ELE-003962,Nova Laptops Model-963,Electronics,Laptops,Nova,335.04,785.27,1
3963,SKU-APP-003963,Velocity Sportswear Model-964,Apparel,Sportswear,Velocity,276.29,621.58,1
3964,SKU-ELE-003964,Summit Audio & Headphones Model-965,Electronics,Audio & Headphones,Summit,393.43,736.4,1
3965,SKU-SPO-003965,Matrix Water Sports Model-966,Sports & Outdoors,Water Sports,Matrix,329.76,596.27,1
3966,SKU-HOM-003966,Prism Bedding Model-967,Home & Kitchen,Bedding,Prism,335.86,837.85,1
3967,SKU-BEA-003967,Lumina Skincare Model-968,Beauty & Care,Skincare,Lumina,290.35,386.43,1
3968,SKU-SPO-003968,Prism Water Sports Model-969,Sports & Outdoors,Water Sports,Prism,232.38,578.01,1
3969,SKU-HOM-003969,Horizon Small Appliances Model-970,Home & Kitchen,Small Appliances,Horizon,298.85,439.5,1
3970,SKU-AUT-003970,Summit Tools & Equipment Model-971,Automotive,Tools & Equipment,Summit,146.91,329.3,1
3971,SKU-HOM-003971,Nova Bedding Model-972,Home & Kitchen,Bedding,Nova,38.59,63.25,1
3972,SKU-SPO-003972,Sol Team Sports Model-973,Sports & Outdoors,Team Sports,Sol,449.14,789.38,1
3973,SKU-AUT-003973,Matrix Car Care Model-974,Automotive,Car Care,Matrix,415.12,783.61,1
3974,SKU-BEA-003974,Velocity Fragrances Model-975,Beauty & Care,Fragrances,Velocity,77.71,104.73,1
3975,SKU-APP-003975,Velocity Outerwear Model-976,Apparel,Outerwear,Velocity,409.35,589.92,1
3976,SKU-TOY-003976,Lumina Action Figures Model-977,Toys & Games,Action Figures,Lumina,405.91,654.71,1
3977,SKU-HOM-003977,Aura Small Appliances Model-978,Home & Kitchen,Small Appliances,Aura,304.14,490.22,1
3978,SKU-TOY-003978,Summit Puzzles Model-979,Toys & Games,Puzzles,Summit,444.5,690.42,1
3979,SKU-BEA-003979,Aura Personal Care Model-980,Beauty & Care,Personal Care,Aura,344.74,591.41,1
3980,SKU-APP-003980,Matrix Men's Clothing Model-981,Apparel,Men's Clothing,Matrix,103.81,226.15,1
3981,SKU-AUT-003981,Vortex Tools & Equipment Model-982,Automotive,Tools & Equipment,Vortex,287.31,563.86,1
3982,SKU-ELE-003982,Sol Audio & Headphones Model-983,Electronics,Audio & Headphones,Sol,118.45,289.54,1
3983,SKU-APP-003983,Lumina Accessories Model-984,Apparel,Accessories,Lumina,323.11,804.39,1
3984,SKU-HOM-003984,Apex Bedding Model-985,Home & Kitchen,Bedding,Apex,13,21.23,1
3985,SKU-TOY-003985,Lumina Puzzles Model-986,Toys & Games,Puzzles,Lumina,404.41,851.93,1
3986,SKU-APP-003986,Horizon Outerwear Model-987,Apparel,Outerwear,Horizon,384.16,817.75,1
3987,SKU-SPO-003987,Zenith Camping & Hiking Model-988,Sports & Outdoors,Camping & Hiking,Zenith,378.89,634.02,1
3988,SKU-SPO-003988,Lumina Fitness Gear Model-989,Sports & Outdoors,Fitness Gear,Lumina,352.09,751.69,0
3989,SKU-ELE-003989,Echo Smart Home Model-990,Electronics,Smart Home,Echo,283.25,404.07,1
3990,SKU-ELE-003990,Lumina Accessories Model-991,Electronics,Accessories,Lumina,118.42,201.05,1
3991,SKU-APP-003991,Velocity Accessories Model-992,Apparel,Accessories,Velocity,149.14,317.1,1
3992,SKU-HOM-003992,Echo Cookware Model-993,Home & Kitchen,Cookware,Echo,442.47,1023.77,1
3993,SKU-TOY-003993,Zenith Board Games Model-994,Toys & Games,Board Games,Zenith,55.77,72.98,1
3994,SKU-AUT-003994,Prism Interior Accessories Model-995,Automotive,Interior Accessories,Prism,280.01,682.38,1
3995,SKU-HOM-003995,Sol Decor Model-996,Home & Kitchen,Decor,Sol,416.22,1025.31,1
3996,SKU-BEA-003996,Summit Skincare Model-997,Beauty & Care,Skincare,Summit,64.24,110.15,1
3997,SKU-HOM-003997,Pulse Decor Model-998,Home & Kitchen,Decor,Pulse,158.31,207.39,1
3998,SKU-HOM-003998,Apex Storage Model-999,Home & Kitchen,Storage,Apex,408.7,677.03,1
3999,SKU-HOM-003999,Velocity Decor Model-1000,Home & Kitchen,Decor,Velocity,262.09,342.28,1
4000,SKU-HOM-004000,Apex Small Appliances Model-001,Home & Kitchen,Small Appliances,Apex,74.2,137.04,1
4001,SKU-TOY-004001,Sol Board Games Model-002,Toys & Games,Board Games,Sol,240.52,399.82,1
4002,SKU-SPO-004002,Apex Water Sports Model-003,Sports & Outdoors,Water Sports,Apex,43.7,102.37,0
4003,SKU-TOY-004003,Echo Board Games Model-004,Toys & Games,Board Games,Echo,109.29,273.12,1
4004,SKU-ELE-004004,Apex Smartphones Model-005,Electronics,Smartphones,Apex,413.48,668.92,1
4005,SKU-SPO-004005,Vortex Water Sports Model-006,Sports & Outdoors,Water Sports,Vortex,120.81,157.46,1
4006,SKU-HOM-004006,Summit Decor Model-007,Home & Kitchen,Decor,Summit,387.43,726.52,1
4007,SKU-GRO-004007,Sol Condiments Model-008,Grocery & Pantry,Condiments,Sol,57.75,130.18,1
4008,SKU-BEA-004008,Prism Cosmetics Model-009,Beauty & Care,Cosmetics,Prism,198.18,278.41,1
4009,SKU-AUT-004009,Echo Tools & Equipment Model-010,Automotive,Tools & Equipment,Echo,191.22,412.78,1
4010,SKU-SPO-004010,Matrix Camping & Hiking Model-011,Sports & Outdoors,Camping & Hiking,Matrix,302.1,585.55,1
4011,SKU-HOM-004011,Velocity Small Appliances Model-012,Home & Kitchen,Small Appliances,Velocity,9.08,22.4,1
4012,SKU-BEA-004012,Velocity Skincare Model-013,Beauty & Care,Skincare,Velocity,133.87,262.27,1
4013,SKU-GRO-004013,Prism Organic Foods Model-014,Grocery & Pantry,Organic Foods,Prism,269.96,444.26,1
4014,SKU-HOM-004014,Prism Bedding Model-015,Home & Kitchen,Bedding,Prism,35.52,57.97,1
4015,SKU-APP-004015,Aura Footwear Model-016,Apparel,Footwear,Aura,317.57,673.1,1
4016,SKU-AUT-004016,Velocity Oils & Fluids Model-017,Automotive,Oils & Fluids,Velocity,275.64,533.71,1
4017,SKU-APP-004017,Matrix Sportswear Model-018,Apparel,Sportswear,Matrix,15.27,29.01,1
4018,SKU-ELE-004018,Nova Smartphones Model-019,Electronics,Smartphones,Nova,169.95,251.52,1
4019,SKU-SPO-004019,Prism Fitness Gear Model-020,Sports & Outdoors,Fitness Gear,Prism,50.62,121.18,1
4020,SKU-SPO-004020,Aura Cycling Model-021,Sports & Outdoors,Cycling,Aura,225.99,563.39,1
4021,SKU-BEA-004021,Prism Cosmetics Model-022,Beauty & Care,Cosmetics,Prism,55.2,130.26,1
4022,SKU-GRO-004022,Summit Breakfast Model-023,Grocery & Pantry,Breakfast,Summit,21.23,40.1,1
4023,SKU-TOY-004023,Zenith Board Games Model-024,Toys & Games,Board Games,Zenith,83.68,201.6,1
4024,SKU-TOY-004024,Prism Educational Toys Model-025,Toys & Games,Educational Toys,Prism,410.32,835.38,1
4025,SKU-GRO-004025,Zenith Condiments Model-026,Grocery & Pantry,Condiments,Zenith,342.95,641.84,1
4026,SKU-GRO-004026,Sol Organic Foods Model-027,Grocery & Pantry,Organic Foods,Sol,88.84,145.76,1
4027,SKU-ELE-004027,Summit Audio & Headphones Model-028,Electronics,Audio & Headphones,Summit,335.45,763.78,1
4028,SKU-GRO-004028,Summit Organic Foods Model-029,Grocery & Pantry,Organic Foods,Summit,418.11,742.71,1
4029,SKU-BEA-004029,Lumina Fragrances Model-030,Beauty & Care,Fragrances,Lumina,152.72,373.32,1
4030,SKU-HOM-004030,Zenith Bedding Model-031,Home & Kitchen,Bedding,Zenith,426.21,822.34,1
4031,SKU-ELE-004031,Pulse Audio & Headphones Model-032,Electronics,Audio & Headphones,Pulse,84.22,198.45,1
4032,SKU-GRO-004032,Zenith Breakfast Model-033,Grocery & Pantry,Breakfast,Zenith,56.23,124.87,1
4033,SKU-SPO-004033,Pulse Fitness Gear Model-034,Sports & Outdoors,Fitness Gear,Pulse,153.71,280.87,1
4034,SKU-APP-004034,Lumina Men's Clothing Model-035,Apparel,Men's Clothing,Lumina,380.29,835.97,1
4035,SKU-SPO-004035,Apex Cycling Model-036,Sports & Outdoors,Cycling,Apex,119.65,180.91,1
4036,SKU-TOY-004036,Lumina Puzzles Model-037,Toys & Games,Puzzles,Lumina,266.7,453.21,1
4037,SKU-GRO-004037,Nova Organic Foods Model-038,Grocery & Pantry,Organic Foods,Nova,353.85,695.02,1
4038,SKU-SPO-004038,Lumina Cycling Model-039,Sports & Outdoors,Cycling,Lumina,17.63,42.69,1
4039,SKU-SPO-004039,Aura Fitness Gear Model-040,Sports & Outdoors,Fitness Gear,Aura,436.61,920.05,1
4040,SKU-TOY-004040,Titan Educational Toys Model-041,Toys & Games,Educational Toys,Titan,186.73,276.3,1
4041,SKU-BEA-004041,Lumina Skincare Model-042,Beauty & Care,Skincare,Lumina,164.2,363.38,1
4042,SKU-AUT-004042,Velocity Oils & Fluids Model-043,Automotive,Oils & Fluids,Velocity,436.29,755.86,1
4043,SKU-TOY-004043,Matrix Outdoor Toys Model-044,Toys & Games,Outdoor Toys,Matrix,390.14,920.01,1
4044,SKU-SPO-004044,Zenith Camping & Hiking Model-045,Sports & Outdoors,Camping & Hiking,Zenith,364.25,742.52,1
4045,SKU-HOM-004045,Sol Decor Model-046,Home & Kitchen,Decor,Sol,135.34,295.15,1
4046,SKU-TOY-004046,Titan Board Games Model-047,Toys & Games,Board Games,Titan,218.37,308.66,1
4047,SKU-TOY-004047,Summit Action Figures Model-048,Toys & Games,Action Figures,Summit,279.3,372.6,1
4048,SKU-SPO-004048,Pulse Camping & Hiking Model-049,Sports & Outdoors,Camping & Hiking,Pulse,320.84,556.24,1
4049,SKU-TOY-004049,Summit Educational Toys Model-050,Toys & Games,Educational Toys,Summit,298.79,509.68,1
4050,SKU-SPO-004050,Aura Water Sports Model-051,Sports & Outdoors,Water Sports,Aura,389.79,574.66,1
4051,SKU-BEA-004051,Summit Fragrances Model-052,Beauty & Care,Fragrances,Summit,148.49,347.84,1
4052,SKU-AUT-004052,Lumina Oils & Fluids Model-053,Automotive,Oils & Fluids,Lumina,21.42,29.94,1
4053,SKU-GRO-004053,Summit Condiments Model-054,Grocery & Pantry,Condiments,Summit,94.03,117.87,1
4054,SKU-SPO-004054,Sol Cycling Model-055,Sports & Outdoors,Cycling,Sol,329.9,653.31,1
4055,SKU-ELE-004055,Nova Accessories Model-056,Electronics,Accessories,Nova,122.98,169.33,1
4056,SKU-APP-004056,Sol Outerwear Model-057,Apparel,Outerwear,Sol,100.44,139.08,1
4057,SKU-TOY-004057,Sol Board Games Model-058,Toys & Games,Board Games,Sol,135.45,173.41,1
4058,SKU-HOM-004058,Aura Cookware Model-059,Home & Kitchen,Cookware,Aura,151.03,188.99,1
4059,SKU-APP-004059,Velocity Accessories Model-060,Apparel,Accessories,Velocity,227.05,530.6,1
4060,SKU-GRO-004060,Vortex Snacks Model-061,Grocery & Pantry,Snacks,Vortex,279.34,680.22,1
4061,SKU-SPO-004061,Titan Fitness Gear Model-062,Sports & Outdoors,Fitness Gear,Titan,300.06,625.42,1
4062,SKU-SPO-004062,Aura Water Sports Model-063,Sports & Outdoors,Water Sports,Aura,393.52,797.54,1
4063,SKU-ELE-004063,Titan Smartphones Model-064,Electronics,Smartphones,Titan,191.63,296.99,1
4064,SKU-GRO-004064,Apex Snacks Model-065,Grocery & Pantry,Snacks,Apex,415.09,766.01,1
4065,SKU-ELE-004065,Zenith Wearables Model-066,Electronics,Wearables,Zenith,314.53,590.44,1
4066,SKU-AUT-004066,Pulse Interior Accessories Model-067,Automotive,Interior Accessories,Pulse,68.02,125.83,1
4067,SKU-AUT-004067,Prism Interior Accessories Model-068,Automotive,Interior Accessories,Prism,158.34,314.4,1
4068,SKU-AUT-004068,Horizon Car Care Model-069,Automotive,Car Care,Horizon,436.09,929.81,1
4069,SKU-BEA-004069,Summit Personal Care Model-070,Beauty & Care,Personal Care,Summit,315.14,690.37,0
4070,SKU-AUT-004070,Pulse Tools & Equipment Model-071,Automotive,Tools & Equipment,Pulse,421.07,934.08,1
4071,SKU-GRO-004071,Pulse Organic Foods Model-072,Grocery & Pantry,Organic Foods,Pulse,139.87,244.61,1
4072,SKU-AUT-004072,Lumina Tools & Equipment Model-073,Automotive,Tools & Equipment,Lumina,35.01,60.16,1
4073,SKU-TOY-004073,Titan Board Games Model-074,Toys & Games,Board Games,Titan,112.49,221.56,1
4074,SKU-HOM-004074,Nova Storage Model-075,Home & Kitchen,Storage,Nova,229.4,482.18,1
4075,SKU-TOY-004075,Vortex Puzzles Model-076,Toys & Games,Puzzles,Vortex,371.59,818.86,1
4076,SKU-GRO-004076,Vortex Condiments Model-077,Grocery & Pantry,Condiments,Vortex,333,492.5,1
4077,SKU-SPO-004077,Echo Fitness Gear Model-078,Sports & Outdoors,Fitness Gear,Echo,366.39,710.55,1
4078,SKU-AUT-004078,Nova Interior Accessories Model-079,Automotive,Interior Accessories,Nova,87.33,199.29,1
4079,SKU-SPO-004079,Apex Cycling Model-080,Sports & Outdoors,Cycling,Apex,184.65,306.7,1
4080,SKU-APP-004080,Prism Footwear Model-081,Apparel,Footwear,Prism,153.42,303.07,1
4081,SKU-APP-004081,Pulse Sportswear Model-082,Apparel,Sportswear,Pulse,7.73,19.21,1
4082,SKU-SPO-004082,Sol Camping & Hiking Model-083,Sports & Outdoors,Camping & Hiking,Sol,8.72,19.16,1
4083,SKU-AUT-004083,Summit Car Care Model-084,Automotive,Car Care,Summit,161.47,378.24,1
4084,SKU-BEA-004084,Aura Skincare Model-085,Beauty & Care,Skincare,Aura,204.03,293.65,1
4085,SKU-APP-004085,Lumina Men's Clothing Model-086,Apparel,Men's Clothing,Lumina,287.64,538.76,1
4086,SKU-TOY-004086,Zenith Outdoor Toys Model-087,Toys & Games,Outdoor Toys,Zenith,97.33,133.04,1
4087,SKU-BEA-004087,Nova Fragrances Model-088,Beauty & Care,Fragrances,Nova,368.42,594.15,1
4088,SKU-ELE-004088,Echo Wearables Model-089,Electronics,Wearables,Echo,426.27,602.69,1
4089,SKU-GRO-004089,Nova Beverages Model-090,Grocery & Pantry,Beverages,Nova,228.85,297.7,1
4090,SKU-BEA-004090,Nova Cosmetics Model-091,Beauty & Care,Cosmetics,Nova,163.44,222.53,1
4091,SKU-SPO-004091,Apex Camping & Hiking Model-092,Sports & Outdoors,Camping & Hiking,Apex,104.64,239.6,1
4092,SKU-HOM-004092,Horizon Decor Model-093,Home & Kitchen,Decor,Horizon,61.29,141.49,1
4093,SKU-HOM-004093,Nova Bedding Model-094,Home & Kitchen,Bedding,Nova,138.54,327.12,1
4094,SKU-AUT-004094,Titan Tools & Equipment Model-095,Automotive,Tools & Equipment,Titan,105.01,163.71,1
4095,SKU-HOM-004095,Vortex Storage Model-096,Home & Kitchen,Storage,Vortex,68.13,138.89,1
4096,SKU-ELE-004096,Velocity Laptops Model-097,Electronics,Laptops,Velocity,266.31,586.73,1
4097,SKU-ELE-004097,Aura Accessories Model-098,Electronics,Accessories,Aura,396.93,743.45,1
4098,SKU-GRO-004098,Vortex Condiments Model-099,Grocery & Pantry,Condiments,Vortex,14.98,30.72,1
4099,SKU-TOY-004099,Matrix Educational Toys Model-100,Toys & Games,Educational Toys,Matrix,410.06,867.81,1
4100,SKU-TOY-004100,Apex Educational Toys Model-101,Toys & Games,Educational Toys,Apex,314.64,419.43,1
4101,SKU-AUT-004101,Aura Interior Accessories Model-102,Automotive,Interior Accessories,Aura,7.25,11.68,1
4102,SKU-TOY-004102,Prism Action Figures Model-103,Toys & Games,Action Figures,Prism,6.37,10.34,1
4103,SKU-ELE-004103,Titan Wearables Model-104,Electronics,Wearables,Titan,158.37,353.51,1
4104,SKU-BEA-004104,Zenith Cosmetics Model-105,Beauty & Care,Cosmetics,Zenith,295.48,523.48,1
4105,SKU-GRO-004105,Nova Organic Foods Model-106,Grocery & Pantry,Organic Foods,Nova,430.58,1056.73,1
4106,SKU-AUT-004106,Sol Interior Accessories Model-107,Automotive,Interior Accessories,Sol,11.07,26.5,1
4107,SKU-BEA-004107,Vortex Fragrances Model-108,Beauty & Care,Fragrances,Vortex,426.74,961.49,0
4108,SKU-GRO-004108,Summit Organic Foods Model-109,Grocery & Pantry,Organic Foods,Summit,324.3,503.34,1
4109,SKU-APP-004109,Horizon Outerwear Model-110,Apparel,Outerwear,Horizon,408.26,994.34,1
4110,SKU-APP-004110,Velocity Footwear Model-111,Apparel,Footwear,Velocity,89.95,147.52,1
4111,SKU-BEA-004111,Zenith Fragrances Model-112,Beauty & Care,Fragrances,Zenith,67.44,156.25,1
4112,SKU-TOY-004112,Pulse Board Games Model-113,Toys & Games,Board Games,Pulse,214.88,365.7,1
4113,SKU-GRO-004113,Pulse Snacks Model-114,Grocery & Pantry,Snacks,Pulse,65.47,121.36,1
4114,SKU-ELE-004114,Lumina Smartphones Model-115,Electronics,Smartphones,Lumina,314.96,626.32,1
4115,SKU-BEA-004115,Matrix Cosmetics Model-116,Beauty & Care,Cosmetics,Matrix,147.06,350.67,1
4116,SKU-SPO-004116,Pulse Water Sports Model-117,Sports & Outdoors,Water Sports,Pulse,19.75,30.22,0
4117,SKU-HOM-004117,Vortex Small Appliances Model-118,Home & Kitchen,Small Appliances,Vortex,10.3,16.13,1
4118,SKU-HOM-004118,Summit Cookware Model-119,Home & Kitchen,Cookware,Summit,171.28,414.17,1
4119,SKU-SPO-004119,Summit Fitness Gear Model-120,Sports & Outdoors,Fitness Gear,Summit,211.71,346.72,1
4120,SKU-ELE-004120,Vortex Accessories Model-121,Electronics,Accessories,Vortex,113.48,251.47,1
4121,SKU-SPO-004121,Echo Cycling Model-122,Sports & Outdoors,Cycling,Echo,14.03,31.45,1
4122,SKU-SPO-004122,Velocity Cycling Model-123,Sports & Outdoors,Cycling,Velocity,371.15,564.45,1
4123,SKU-GRO-004123,Pulse Beverages Model-124,Grocery & Pantry,Beverages,Pulse,387.54,672.24,1
4124,SKU-BEA-004124,Aura Personal Care Model-125,Beauty & Care,Personal Care,Aura,255.09,506.19,1
4125,SKU-TOY-004125,Prism Puzzles Model-126,Toys & Games,Puzzles,Prism,433.59,826.33,1
4126,SKU-BEA-004126,Aura Skincare Model-127,Beauty & Care,Skincare,Aura,362.96,777.29,1
4127,SKU-GRO-004127,Apex Beverages Model-128,Grocery & Pantry,Beverages,Apex,5.49,8.05,1
4128,SKU-AUT-004128,Matrix Tools & Equipment Model-129,Automotive,Tools & Equipment,Matrix,396.21,785.66,1
4129,SKU-HOM-004129,Pulse Storage Model-130,Home & Kitchen,Storage,Pulse,177.29,322.41,1
4130,SKU-ELE-004130,Lumina Wearables Model-131,Electronics,Wearables,Lumina,358.34,554.68,1
4131,SKU-AUT-004131,Apex Interior Accessories Model-132,Automotive,Interior Accessories,Apex,210.57,499.04,1
4132,SKU-APP-004132,Apex Footwear Model-133,Apparel,Footwear,Apex,350.6,631.94,1
4133,SKU-SPO-004133,Horizon Fitness Gear Model-134,Sports & Outdoors,Fitness Gear,Horizon,321.58,802.86,1
4134,SKU-AUT-004134,Sol Car Care Model-135,Automotive,Car Care,Sol,424.84,1033.17,1
4135,SKU-APP-004135,Apex Men's Clothing Model-136,Apparel,Men's Clothing,Apex,82.57,187.08,1
4136,SKU-APP-004136,Titan Footwear Model-137,Apparel,Footwear,Titan,255.01,479.31,1
4137,SKU-GRO-004137,Echo Beverages Model-138,Grocery & Pantry,Beverages,Echo,99.93,182.81,1
4138,SKU-SPO-004138,Summit Cycling Model-139,Sports & Outdoors,Cycling,Summit,340.48,532.01,1
4139,SKU-ELE-004139,Zenith Audio & Headphones Model-140,Electronics,Audio & Headphones,Zenith,237.45,347.15,1
4140,SKU-GRO-004140,Prism Organic Foods Model-141,Grocery & Pantry,Organic Foods,Prism,408.31,563.18,1
4141,SKU-TOY-004141,Nova Puzzles Model-142,Toys & Games,Puzzles,Nova,350.51,591.26,1
4142,SKU-AUT-004142,Prism Tools & Equipment Model-143,Automotive,Tools & Equipment,Prism,222.94,380.7,1
4143,SKU-AUT-004143,Sol Tools & Equipment Model-144,Automotive,Tools & Equipment,Sol,349.83,633.17,1
4144,SKU-HOM-004144,Nova Furniture Model-145,Home & Kitchen,Furniture,Nova,95.58,167.13,1
4145,SKU-APP-004145,Prism Accessories Model-146,Apparel,Accessories,Prism,269.67,514.91,1
4146,SKU-ELE-004146,Zenith Wearables Model-147,Electronics,Wearables,Zenith,355.67,745.64,1
4147,SKU-ELE-004147,Velocity Laptops Model-148,Electronics,Laptops,Velocity,207.3,434.75,1
4148,SKU-AUT-004148,Prism Oils & Fluids Model-149,Automotive,Oils & Fluids,Prism,215.78,523.3,1
4149,SKU-GRO-004149,Aura Condiments Model-150,Grocery & Pantry,Condiments,Aura,350.22,863.19,1
4150,SKU-GRO-004150,Velocity Condiments Model-151,Grocery & Pantry,Condiments,Velocity,380.79,673.32,1
4151,SKU-GRO-004151,Echo Canned Goods Model-152,Grocery & Pantry,Canned Goods,Echo,400.9,888.61,1
4152,SKU-APP-004152,Apex Accessories Model-153,Apparel,Accessories,Apex,209.38,308.15,1
4153,SKU-ELE-004153,Pulse Smartphones Model-154,Electronics,Smartphones,Pulse,19.19,40.84,1
4154,SKU-BEA-004154,Velocity Haircare Model-155,Beauty & Care,Haircare,Velocity,436.8,665.33,1
4155,SKU-GRO-004155,Aura Snacks Model-156,Grocery & Pantry,Snacks,Aura,440.27,882.56,1
4156,SKU-ELE-004156,Summit Smart Home Model-157,Electronics,Smart Home,Summit,302.73,562.06,1
4157,SKU-APP-004157,Nova Outerwear Model-158,Apparel,Outerwear,Nova,181.9,447.78,0
4158,SKU-ELE-004158,Pulse Audio & Headphones Model-159,Electronics,Audio & Headphones,Pulse,216.19,533.82,1
4159,SKU-BEA-004159,Apex Haircare Model-160,Beauty & Care,Haircare,Apex,92.98,169.08,0
4160,SKU-TOY-004160,Horizon Board Games Model-161,Toys & Games,Board Games,Horizon,308.94,727.57,1
4161,SKU-HOM-004161,Echo Furniture Model-162,Home & Kitchen,Furniture,Echo,223.17,506.91,1
4162,SKU-APP-004162,Sol Outerwear Model-163,Apparel,Outerwear,Sol,397.27,678.68,1
4163,SKU-SPO-004163,Velocity Fitness Gear Model-164,Sports & Outdoors,Fitness Gear,Velocity,216.69,454.82,1
4164,SKU-GRO-004164,Pulse Organic Foods Model-165,Grocery & Pantry,Organic Foods,Pulse,412.73,954.17,1
4165,SKU-HOM-004165,Echo Small Appliances Model-166,Home & Kitchen,Small Appliances,Echo,123.13,190.59,0
4166,SKU-AUT-004166,Echo Interior Accessories Model-167,Automotive,Interior Accessories,Echo,125.08,285.67,1
4167,SKU-APP-004167,Echo Outerwear Model-168,Apparel,Outerwear,Echo,365.66,528.62,1
4168,SKU-BEA-004168,Horizon Fragrances Model-169,Beauty & Care,Fragrances,Horizon,417.59,627.29,1
4169,SKU-SPO-004169,Velocity Fitness Gear Model-170,Sports & Outdoors,Fitness Gear,Velocity,313.69,519.64,1
4170,SKU-AUT-004170,Matrix Interior Accessories Model-171,Automotive,Interior Accessories,Matrix,93.12,194.72,1
4171,SKU-GRO-004171,Apex Condiments Model-172,Grocery & Pantry,Condiments,Apex,56.07,94.67,1
4172,SKU-TOY-004172,Matrix Educational Toys Model-173,Toys & Games,Educational Toys,Matrix,405.34,593.01,1
4173,SKU-APP-004173,Pulse Sportswear Model-174,Apparel,Sportswear,Pulse,159.47,337.97,1
4174,SKU-GRO-004174,Echo Beverages Model-175,Grocery & Pantry,Beverages,Echo,54.3,115.33,1
4175,SKU-APP-004175,Velocity Outerwear Model-176,Apparel,Outerwear,Velocity,95,179.92,1
4176,SKU-HOM-004176,Matrix Small Appliances Model-177,Home & Kitchen,Small Appliances,Matrix,249.74,577.9,1
4177,SKU-APP-004177,Horizon Men's Clothing Model-178,Apparel,Men's Clothing,Horizon,250.44,351.88,1
4178,SKU-HOM-004178,Echo Storage Model-179,Home & Kitchen,Storage,Echo,31.37,60.53,1
4179,SKU-BEA-004179,Sol Haircare Model-180,Beauty & Care,Haircare,Sol,353.71,834.03,1
4180,SKU-APP-004180,Apex Footwear Model-181,Apparel,Footwear,Apex,440.43,861.53,1
4181,SKU-APP-004181,Lumina Outerwear Model-182,Apparel,Outerwear,Lumina,308.54,599.9,1
4182,SKU-AUT-004182,Lumina Car Care Model-183,Automotive,Car Care,Lumina,94.69,148.9,1
4183,SKU-TOY-004183,Sol Outdoor Toys Model-184,Toys & Games,Outdoor Toys,Sol,232.62,397.95,1
4184,SKU-BEA-004184,Aura Cosmetics Model-185,Beauty & Care,Cosmetics,Aura,23.75,35.03,1
4185,SKU-ELE-004185,Prism Laptops Model-186,Electronics,Laptops,Prism,58.02,136.16,1
4186,SKU-HOM-004186,Velocity Storage Model-187,Home & Kitchen,Storage,Velocity,339.17,501.82,1
4187,SKU-AUT-004187,Echo Interior Accessories Model-188,Automotive,Interior Accessories,Echo,145.11,284.05,0
4188,SKU-GRO-004188,Apex Breakfast Model-189,Grocery & Pantry,Breakfast,Apex,163.26,289.85,1
4189,SKU-BEA-004189,Horizon Skincare Model-190,Beauty & Care,Skincare,Horizon,200.12,338.05,1
4190,SKU-ELE-004190,Pulse Laptops Model-191,Electronics,Laptops,Pulse,90.28,122.53,1
4191,SKU-AUT-004191,Aura Car Care Model-192,Automotive,Car Care,Aura,87.11,209.01,0
4192,SKU-BEA-004192,Aura Personal Care Model-193,Beauty & Care,Personal Care,Aura,418.5,710.02,1
4193,SKU-HOM-004193,Apex Cookware Model-194,Home & Kitchen,Cookware,Apex,312.03,733.64,1
4194,SKU-AUT-004194,Prism Interior Accessories Model-195,Automotive,Interior Accessories,Prism,183.88,333.65,1
4195,SKU-HOM-004195,Apex Furniture Model-196,Home & Kitchen,Furniture,Apex,269.39,586.5,1
4196,SKU-TOY-004196,Matrix Outdoor Toys Model-197,Toys & Games,Outdoor Toys,Matrix,213.03,366.64,1
4197,SKU-GRO-004197,Echo Organic Foods Model-198,Grocery & Pantry,Organic Foods,Echo,183.47,323.68,1
4198,SKU-ELE-004198,Nova Accessories Model-199,Electronics,Accessories,Nova,111.89,224.43,1
4199,SKU-ELE-004199,Nova Smart Home Model-200,Electronics,Smart Home,Nova,359.86,747.41,1
4200,SKU-HOM-004200,Echo Small Appliances Model-201,Home & Kitchen,Small Appliances,Echo,6.13,9.39,1
4201,SKU-BEA-004201,Summit Cosmetics Model-202,Beauty & Care,Cosmetics,Summit,7.28,15.73,1
4202,SKU-APP-004202,Titan Footwear Model-203,Apparel,Footwear,Titan,330.4,819.91,1
4203,SKU-GRO-004203,Matrix Breakfast Model-204,Grocery & Pantry,Breakfast,Matrix,124.6,258.28,1
4204,SKU-SPO-004204,Aura Cycling Model-205,Sports & Outdoors,Cycling,Aura,215.64,455.17,1
4205,SKU-ELE-004205,Lumina Smart Home Model-206,Electronics,Smart Home,Lumina,333.9,417.4,1
4206,SKU-HOM-004206,Vortex Cookware Model-207,Home & Kitchen,Cookware,Vortex,202.93,432.45,1
4207,SKU-GRO-004207,Titan Snacks Model-208,Grocery & Pantry,Snacks,Titan,443.08,620.88,1
4208,SKU-AUT-004208,Lumina Interior Accessories Model-209,Automotive,Interior Accessories,Lumina,425.32,661.04,1
4209,SKU-GRO-004209,Sol Organic Foods Model-210,Grocery & Pantry,Organic Foods,Sol,146.86,350.26,1
4210,SKU-SPO-004210,Velocity Fitness Gear Model-211,Sports & Outdoors,Fitness Gear,Velocity,173.05,296.58,1
4211,SKU-AUT-004211,Zenith Interior Accessories Model-212,Automotive,Interior Accessories,Zenith,217.97,344.78,1
4212,SKU-BEA-004212,Lumina Cosmetics Model-213,Beauty & Care,Cosmetics,Lumina,66.93,160,1
4213,SKU-HOM-004213,Lumina Cookware Model-214,Home & Kitchen,Cookware,Lumina,168.37,232.89,1
4214,SKU-AUT-004214,Velocity Oils & Fluids Model-215,Automotive,Oils & Fluids,Velocity,39.05,81.25,1
4215,SKU-GRO-004215,Vortex Beverages Model-216,Grocery & Pantry,Beverages,Vortex,268.88,474.73,1
4216,SKU-HOM-004216,Velocity Decor Model-217,Home & Kitchen,Decor,Velocity,162.38,404.63,1
4217,SKU-TOY-004217,Apex Board Games Model-218,Toys & Games,Board Games,Apex,219.62,322.63,1
4218,SKU-ELE-004218,Horizon Smart Home Model-219,Electronics,Smart Home,Horizon,398.81,885.02,1
4219,SKU-APP-004219,Echo Women's Clothing Model-220,Apparel,Women's Clothing,Echo,154.43,345.58,1
4220,SKU-AUT-004220,Summit Interior Accessories Model-221,Automotive,Interior Accessories,Summit,332.32,650.82,0
4221,SKU-TOY-004221,Echo Outdoor Toys Model-222,Toys & Games,Outdoor Toys,Echo,393.85,626.75,1
4222,SKU-GRO-004222,Echo Beverages Model-223,Grocery & Pantry,Beverages,Echo,439.46,1003.28,1
4223,SKU-AUT-004223,Prism Oils & Fluids Model-224,Automotive,Oils & Fluids,Prism,30.28,53.21,1
4224,SKU-SPO-004224,Lumina Camping & Hiking Model-225,Sports & Outdoors,Camping & Hiking,Lumina,447.11,597.23,1
4225,SKU-HOM-004225,Pulse Bedding Model-226,Home & Kitchen,Bedding,Pulse,124.88,239.59,1
4226,SKU-TOY-004226,Lumina Educational Toys Model-227,Toys & Games,Educational Toys,Lumina,157.68,216.53,1
4227,SKU-AUT-004227,Echo Tools & Equipment Model-228,Automotive,Tools & Equipment,Echo,54.97,104.44,1
4228,SKU-GRO-004228,Echo Snacks Model-229,Grocery & Pantry,Snacks,Echo,203.78,459.97,1
4229,SKU-GRO-004229,Aura Canned Goods Model-230,Grocery & Pantry,Canned Goods,Aura,12.58,22.66,1
4230,SKU-GRO-004230,Summit Breakfast Model-231,Grocery & Pantry,Breakfast,Summit,80.04,173.09,1
4231,SKU-SPO-004231,Matrix Water Sports Model-232,Sports & Outdoors,Water Sports,Matrix,386.69,746.65,1
4232,SKU-AUT-004232,Lumina Tools & Equipment Model-233,Automotive,Tools & Equipment,Lumina,186.56,278.93,1
4233,SKU-AUT-004233,Lumina Car Care Model-234,Automotive,Car Care,Lumina,262.6,394.22,1
4234,SKU-HOM-004234,Matrix Small Appliances Model-235,Home & Kitchen,Small Appliances,Matrix,205.24,309.92,1
4235,SKU-GRO-004235,Lumina Snacks Model-236,Grocery & Pantry,Snacks,Lumina,158.64,352.2,1
4236,SKU-BEA-004236,Prism Cosmetics Model-237,Beauty & Care,Cosmetics,Prism,289.26,550.29,1
4237,SKU-AUT-004237,Titan Oils & Fluids Model-238,Automotive,Oils & Fluids,Titan,196.54,255.34,1
4238,SKU-HOM-004238,Sol Storage Model-239,Home & Kitchen,Storage,Sol,320.55,717.15,1
4239,SKU-TOY-004239,Echo Outdoor Toys Model-240,Toys & Games,Outdoor Toys,Echo,61.2,132.35,1
4240,SKU-APP-004240,Lumina Accessories Model-241,Apparel,Accessories,Lumina,24.07,59.53,1
4241,SKU-ELE-004241,Aura Smartphones Model-242,Electronics,Smartphones,Aura,167.37,215.49,1
4242,SKU-TOY-004242,Echo Outdoor Toys Model-243,Toys & Games,Outdoor Toys,Echo,49.07,64.18,1
4243,SKU-SPO-004243,Lumina Team Sports Model-244,Sports & Outdoors,Team Sports,Lumina,81.61,107.11,1
4244,SKU-AUT-004244,Zenith Car Care Model-245,Automotive,Car Care,Zenith,42.66,106.39,1
4245,SKU-HOM-004245,Matrix Bedding Model-246,Home & Kitchen,Bedding,Matrix,334.3,516.13,1
4246,SKU-SPO-004246,Summit Camping & Hiking Model-247,Sports & Outdoors,Camping & Hiking,Summit,423.62,726.79,1
4247,SKU-GRO-004247,Sol Breakfast Model-248,Grocery & Pantry,Breakfast,Sol,113.27,248.92,1
4248,SKU-GRO-004248,Aura Canned Goods Model-249,Grocery & Pantry,Canned Goods,Aura,437.84,842.27,1
4249,SKU-HOM-004249,Aura Cookware Model-250,Home & Kitchen,Cookware,Aura,152.45,248.12,1
4250,SKU-TOY-004250,Nova Outdoor Toys Model-251,Toys & Games,Outdoor Toys,Nova,342.39,817.25,1
4251,SKU-AUT-004251,Apex Tools & Equipment Model-252,Automotive,Tools & Equipment,Apex,166.14,408.82,1
4252,SKU-BEA-004252,Summit Fragrances Model-253,Beauty & Care,Fragrances,Summit,82.48,182.98,1
4253,SKU-BEA-004253,Nova Fragrances Model-254,Beauty & Care,Fragrances,Nova,248.58,606.94,1
4254,SKU-BEA-004254,Apex Personal Care Model-255,Beauty & Care,Personal Care,Apex,337.85,661.8,1
4255,SKU-TOY-004255,Aura Puzzles Model-256,Toys & Games,Puzzles,Aura,122.85,219.8,1
4256,SKU-GRO-004256,Horizon Canned Goods Model-257,Grocery & Pantry,Canned Goods,Horizon,132.95,234.31,1
4257,SKU-GRO-004257,Matrix Beverages Model-258,Grocery & Pantry,Beverages,Matrix,388.51,899.15,1
4258,SKU-APP-004258,Pulse Outerwear Model-259,Apparel,Outerwear,Pulse,118.63,159.03,1
4259,SKU-APP-004259,Lumina Sportswear Model-260,Apparel,Sportswear,Lumina,168.06,377.7,1
4260,SKU-TOY-004260,Horizon Educational Toys Model-261,Toys & Games,Educational Toys,Horizon,87.2,186.33,1
4261,SKU-HOM-004261,Vortex Bedding Model-262,Home & Kitchen,Bedding,Vortex,365.17,469.41,1
4262,SKU-TOY-004262,Sol Action Figures Model-263,Toys & Games,Action Figures,Sol,121.51,270.63,1
4263,SKU-AUT-004263,Nova Oils & Fluids Model-264,Automotive,Oils & Fluids,Nova,50.88,110.72,1
4264,SKU-HOM-004264,Apex Small Appliances Model-265,Home & Kitchen,Small Appliances,Apex,165.46,371.61,1
4265,SKU-SPO-004265,Aura Cycling Model-266,Sports & Outdoors,Cycling,Aura,435.45,687.97,1
4266,SKU-AUT-004266,Echo Car Care Model-267,Automotive,Car Care,Echo,164.9,337.68,1
4267,SKU-APP-004267,Echo Men's Clothing Model-268,Apparel,Men's Clothing,Echo,288.85,386.73,1
4268,SKU-AUT-004268,Prism Oils & Fluids Model-269,Automotive,Oils & Fluids,Prism,417.06,834.43,1
4269,SKU-BEA-004269,Pulse Haircare Model-270,Beauty & Care,Haircare,Pulse,300.4,525.58,1
4270,SKU-BEA-004270,Sol Fragrances Model-271,Beauty & Care,Fragrances,Sol,116.96,265.61,1
4271,SKU-ELE-004271,Sol Wearables Model-272,Electronics,Wearables,Sol,159.32,308.8,1
4272,SKU-ELE-004272,Matrix Smart Home Model-273,Electronics,Smart Home,Matrix,136.47,299.59,1
4273,SKU-HOM-004273,Vortex Storage Model-274,Home & Kitchen,Storage,Vortex,405.64,938.97,1
4274,SKU-HOM-004274,Horizon Furniture Model-275,Home & Kitchen,Furniture,Horizon,39.08,88.29,1
4275,SKU-ELE-004275,Sol Wearables Model-276,Electronics,Wearables,Sol,242.36,317.91,1
4276,SKU-ELE-004276,Prism Smartphones Model-277,Electronics,Smartphones,Prism,90.53,218.39,1
4277,SKU-AUT-004277,Vortex Interior Accessories Model-278,Automotive,Interior Accessories,Vortex,111.25,145.6,1
4278,SKU-HOM-004278,Zenith Decor Model-279,Home & Kitchen,Decor,Zenith,64.85,156.67,1
4279,SKU-BEA-004279,Summit Cosmetics Model-280,Beauty & Care,Cosmetics,Summit,216.79,453.73,1
4280,SKU-BEA-004280,Lumina Fragrances Model-281,Beauty & Care,Fragrances,Lumina,110.79,171.75,1
4281,SKU-SPO-004281,Titan Cycling Model-282,Sports & Outdoors,Cycling,Titan,337.81,766.56,1
4282,SKU-AUT-004282,Echo Oils & Fluids Model-283,Automotive,Oils & Fluids,Echo,328.24,686.36,1
4283,SKU-AUT-004283,Echo Car Care Model-284,Automotive,Car Care,Echo,324.63,672.57,1
4284,SKU-SPO-004284,Matrix Camping & Hiking Model-285,Sports & Outdoors,Camping & Hiking,Matrix,87.56,197.17,1
4285,SKU-BEA-004285,Zenith Personal Care Model-286,Beauty & Care,Personal Care,Zenith,350.59,728.44,1
4286,SKU-APP-004286,Prism Outerwear Model-287,Apparel,Outerwear,Prism,163.35,247.27,1
4287,SKU-GRO-004287,Lumina Condiments Model-288,Grocery & Pantry,Condiments,Lumina,301.27,670.07,1
4288,SKU-ELE-004288,Zenith Laptops Model-289,Electronics,Laptops,Zenith,170.62,377.2,1
4289,SKU-TOY-004289,Echo Board Games Model-290,Toys & Games,Board Games,Echo,225.35,476.73,1
4290,SKU-SPO-004290,Titan Cycling Model-291,Sports & Outdoors,Cycling,Titan,338.12,693.37,0
4291,SKU-SPO-004291,Apex Water Sports Model-292,Sports & Outdoors,Water Sports,Apex,371.85,685.62,1
4292,SKU-SPO-004292,Nova Cycling Model-293,Sports & Outdoors,Cycling,Nova,261.51,464.21,1
4293,SKU-SPO-004293,Matrix Cycling Model-294,Sports & Outdoors,Cycling,Matrix,302.36,575.06,1
4294,SKU-BEA-004294,Velocity Personal Care Model-295,Beauty & Care,Personal Care,Velocity,240.64,453.31,1
4295,SKU-ELE-004295,Lumina Laptops Model-296,Electronics,Laptops,Lumina,332.29,617.86,1
4296,SKU-SPO-004296,Apex Camping & Hiking Model-297,Sports & Outdoors,Camping & Hiking,Apex,40.96,70.8,1
4297,SKU-APP-004297,Titan Footwear Model-298,Apparel,Footwear,Titan,366.39,527.51,1
4298,SKU-TOY-004298,Prism Outdoor Toys Model-299,Toys & Games,Outdoor Toys,Prism,154.36,194.46,1
4299,SKU-TOY-004299,Titan Educational Toys Model-300,Toys & Games,Educational Toys,Titan,444.24,1033.82,1
4300,SKU-BEA-004300,Lumina Cosmetics Model-301,Beauty & Care,Cosmetics,Lumina,172.82,335.41,0
4301,SKU-APP-004301,Zenith Sportswear Model-302,Apparel,Sportswear,Zenith,296.22,553.42,1
4302,SKU-HOM-004302,Echo Cookware Model-303,Home & Kitchen,Cookware,Echo,262.62,559.82,1
4303,SKU-TOY-004303,Matrix Outdoor Toys Model-304,Toys & Games,Outdoor Toys,Matrix,309.45,502.2,1
4304,SKU-AUT-004304,Echo Car Care Model-305,Automotive,Car Care,Echo,235.96,561.16,1
4305,SKU-AUT-004305,Matrix Oils & Fluids Model-306,Automotive,Oils & Fluids,Matrix,353.53,482.94,1
4306,SKU-APP-004306,Prism Outerwear Model-307,Apparel,Outerwear,Prism,158.77,365.11,1
4307,SKU-HOM-004307,Lumina Small Appliances Model-308,Home & Kitchen,Small Appliances,Lumina,386.43,716.43,1
4308,SKU-TOY-004308,Velocity Board Games Model-309,Toys & Games,Board Games,Velocity,268.24,370.5,1
4309,SKU-GRO-004309,Titan Organic Foods Model-310,Grocery & Pantry,Organic Foods,Titan,410.02,560.03,1
4310,SKU-ELE-004310,Velocity Laptops Model-311,Electronics,Laptops,Velocity,398.46,616.11,1
4311,SKU-ELE-004311,Lumina Smart Home Model-312,Electronics,Smart Home,Lumina,104.16,221.48,1
4312,SKU-GRO-004312,Zenith Condiments Model-313,Grocery & Pantry,Condiments,Zenith,432.92,885.52,1
4313,SKU-GRO-004313,Titan Beverages Model-314,Grocery & Pantry,Beverages,Titan,254.8,347.98,1
4314,SKU-BEA-004314,Velocity Skincare Model-315,Beauty & Care,Skincare,Velocity,42.59,72.08,1
4315,SKU-HOM-004315,Nova Storage Model-316,Home & Kitchen,Storage,Nova,406.42,840.41,1
4316,SKU-ELE-004316,Matrix Laptops Model-317,Electronics,Laptops,Matrix,265.57,461.9,1
4317,SKU-HOM-004317,Velocity Decor Model-318,Home & Kitchen,Decor,Velocity,91.62,217.26,1
4318,SKU-ELE-004318,Zenith Smartphones Model-319,Electronics,Smartphones,Zenith,260.8,342.75,1
4319,SKU-HOM-004319,Nova Cookware Model-320,Home & Kitchen,Cookware,Nova,234.5,331.86,1
4320,SKU-SPO-004320,Apex Fitness Gear Model-321,Sports & Outdoors,Fitness Gear,Apex,220.13,345.03,1
4321,SKU-TOY-004321,Horizon Educational Toys Model-322,Toys & Games,Educational Toys,Horizon,125.46,193.8,1
4322,SKU-TOY-004322,Vortex Action Figures Model-323,Toys & Games,Action Figures,Vortex,69.38,110.35,1
4323,SKU-HOM-004323,Matrix Furniture Model-324,Home & Kitchen,Furniture,Matrix,18.88,36.51,1
4324,SKU-GRO-004324,Nova Canned Goods Model-325,Grocery & Pantry,Canned Goods,Nova,27.05,36.38,1
4325,SKU-AUT-004325,Vortex Interior Accessories Model-326,Automotive,Interior Accessories,Vortex,356.27,628.04,1
4326,SKU-GRO-004326,Pulse Condiments Model-327,Grocery & Pantry,Condiments,Pulse,286.29,471.32,1
4327,SKU-ELE-004327,Sol Audio & Headphones Model-328,Electronics,Audio & Headphones,Sol,123.9,181.42,1
4328,SKU-APP-004328,Lumina Sportswear Model-329,Apparel,Sportswear,Lumina,430.97,720.64,1
4329,SKU-APP-004329,Matrix Men's Clothing Model-330,Apparel,Men's Clothing,Matrix,89.06,161.42,1
4330,SKU-HOM-004330,Lumina Cookware Model-331,Home & Kitchen,Cookware,Lumina,389.92,606.43,1
4331,SKU-TOY-004331,Lumina Board Games Model-332,Toys & Games,Board Games,Lumina,401.22,886.48,1
4332,SKU-AUT-004332,Velocity Oils & Fluids Model-333,Automotive,Oils & Fluids,Velocity,8.13,14.17,1
4333,SKU-TOY-004333,Pulse Outdoor Toys Model-334,Toys & Games,Outdoor Toys,Pulse,433.53,666.02,1
4334,SKU-GRO-004334,Pulse Snacks Model-335,Grocery & Pantry,Snacks,Pulse,82.58,163.76,1
4335,SKU-AUT-004335,Velocity Oils & Fluids Model-336,Automotive,Oils & Fluids,Velocity,67.96,133,1
4336,SKU-APP-004336,Velocity Footwear Model-337,Apparel,Footwear,Velocity,270.03,660.06,1
4337,SKU-APP-004337,Zenith Footwear Model-338,Apparel,Footwear,Zenith,135.21,250.92,1
4338,SKU-GRO-004338,Apex Breakfast Model-339,Grocery & Pantry,Breakfast,Apex,398.49,935.13,1
4339,SKU-AUT-004339,Apex Tools & Equipment Model-340,Automotive,Tools & Equipment,Apex,246.37,392.04,1
4340,SKU-BEA-004340,Echo Personal Care Model-341,Beauty & Care,Personal Care,Echo,435.48,610.31,1
4341,SKU-GRO-004341,Zenith Snacks Model-342,Grocery & Pantry,Snacks,Zenith,111.78,217.05,1
4342,SKU-TOY-004342,Matrix Action Figures Model-343,Toys & Games,Action Figures,Matrix,281.66,662.47,1
4343,SKU-ELE-004343,Echo Smartphones Model-344,Electronics,Smartphones,Echo,188.46,307.85,1
4344,SKU-APP-004344,Echo Footwear Model-345,Apparel,Footwear,Echo,181.59,352.86,1
4345,SKU-HOM-004345,Nova Furniture Model-346,Home & Kitchen,Furniture,Nova,108.96,246.65,1
4346,SKU-ELE-004346,Zenith Wearables Model-347,Electronics,Wearables,Zenith,177.59,369.74,1
4347,SKU-GRO-004347,Lumina Canned Goods Model-348,Grocery & Pantry,Canned Goods,Lumina,434.82,838.88,1
4348,SKU-ELE-004348,Aura Smart Home Model-349,Electronics,Smart Home,Aura,178.86,254.89,1
4349,SKU-ELE-004349,Pulse Wearables Model-350,Electronics,Wearables,Pulse,270.27,558.62,1
4350,SKU-TOY-004350,Aura Outdoor Toys Model-351,Toys & Games,Outdoor Toys,Aura,86.87,186.55,1
4351,SKU-TOY-004351,Nova Outdoor Toys Model-352,Toys & Games,Outdoor Toys,Nova,448.5,1082.05,1
4352,SKU-APP-004352,Zenith Outerwear Model-353,Apparel,Outerwear,Zenith,172.69,413.41,1
4353,SKU-TOY-004353,Prism Outdoor Toys Model-354,Toys & Games,Outdoor Toys,Prism,101.34,143.55,1
4354,SKU-TOY-004354,Matrix Board Games Model-355,Toys & Games,Board Games,Matrix,206.04,463.64,1
4355,SKU-GRO-004355,Aura Beverages Model-356,Grocery & Pantry,Beverages,Aura,231.64,571.31,1
4356,SKU-HOM-004356,Pulse Decor Model-357,Home & Kitchen,Decor,Pulse,84.74,159.04,1
4357,SKU-APP-004357,Nova Accessories Model-358,Apparel,Accessories,Nova,393.02,516.09,0
4358,SKU-ELE-004358,Vortex Accessories Model-359,Electronics,Accessories,Vortex,286.29,682.87,1
4359,SKU-APP-004359,Apex Women's Clothing Model-360,Apparel,Women's Clothing,Apex,14.35,22.9,1
4360,SKU-AUT-004360,Pulse Car Care Model-361,Automotive,Car Care,Pulse,48.23,98.11,1
4361,SKU-HOM-004361,Zenith Small Appliances Model-362,Home & Kitchen,Small Appliances,Zenith,215.9,377.68,1
4362,SKU-GRO-004362,Horizon Breakfast Model-363,Grocery & Pantry,Breakfast,Horizon,42.76,74.67,1
4363,SKU-AUT-004363,Vortex Oils & Fluids Model-364,Automotive,Oils & Fluids,Vortex,250.17,466.23,1
4364,SKU-ELE-004364,Apex Laptops Model-365,Electronics,Laptops,Apex,89.33,213.18,1
4365,SKU-GRO-004365,Velocity Organic Foods Model-366,Grocery & Pantry,Organic Foods,Velocity,394.1,732.33,1
4366,SKU-TOY-004366,Matrix Puzzles Model-367,Toys & Games,Puzzles,Matrix,226.46,505.8,1
4367,SKU-TOY-004367,Velocity Educational Toys Model-368,Toys & Games,Educational Toys,Velocity,205.94,365.52,1
4368,SKU-BEA-004368,Zenith Haircare Model-369,Beauty & Care,Haircare,Zenith,136.32,268.63,1
4369,SKU-TOY-004369,Lumina Puzzles Model-370,Toys & Games,Puzzles,Lumina,215.9,414.51,1
4370,SKU-APP-004370,Echo Women's Clothing Model-371,Apparel,Women's Clothing,Echo,392.26,940.74,1
4371,SKU-APP-004371,Nova Women's Clothing Model-372,Apparel,Women's Clothing,Nova,83.96,138.94,1
4372,SKU-ELE-004372,Nova Laptops Model-373,Electronics,Laptops,Nova,386.65,952.25,1
4373,SKU-BEA-004373,Prism Skincare Model-374,Beauty & Care,Skincare,Prism,222.66,298.67,1
4374,SKU-ELE-004374,Apex Wearables Model-375,Electronics,Wearables,Apex,195.72,473.8,1
4375,SKU-TOY-004375,Titan Board Games Model-376,Toys & Games,Board Games,Titan,39.59,91.61,1
4376,SKU-APP-004376,Zenith Outerwear Model-377,Apparel,Outerwear,Zenith,382.68,871.29,1
4377,SKU-BEA-004377,Horizon Cosmetics Model-378,Beauty & Care,Cosmetics,Horizon,165.67,321.34,1
4378,SKU-APP-004378,Pulse Women's Clothing Model-379,Apparel,Women's Clothing,Pulse,59.03,94.04,1
4379,SKU-TOY-004379,Sol Puzzles Model-380,Toys & Games,Puzzles,Sol,27.17,63.49,1
4380,SKU-ELE-004380,Sol Smartphones Model-381,Electronics,Smartphones,Sol,387.11,939.25,1
4381,SKU-HOM-004381,Vortex Bedding Model-382,Home & Kitchen,Bedding,Vortex,117.74,262.77,1
4382,SKU-TOY-004382,Nova Puzzles Model-383,Toys & Games,Puzzles,Nova,439.75,842.87,1
4383,SKU-HOM-004383,Sol Furniture Model-384,Home & Kitchen,Furniture,Sol,161.94,296.96,1
4384,SKU-TOY-004384,Zenith Educational Toys Model-385,Toys & Games,Educational Toys,Zenith,398.45,787.98,1
4385,SKU-AUT-004385,Summit Interior Accessories Model-386,Automotive,Interior Accessories,Summit,188.55,253.19,1
4386,SKU-ELE-004386,Summit Smart Home Model-387,Electronics,Smart Home,Summit,71.77,136.56,1
4387,SKU-ELE-004387,Matrix Smart Home Model-388,Electronics,Smart Home,Matrix,368.72,486.15,1
4388,SKU-HOM-004388,Sol Furniture Model-389,Home & Kitchen,Furniture,Sol,105.11,146.95,1
4389,SKU-BEA-004389,Horizon Cosmetics Model-390,Beauty & Care,Cosmetics,Horizon,230.96,364.12,1
4390,SKU-TOY-004390,Sol Puzzles Model-391,Toys & Games,Puzzles,Sol,262.19,359.28,1
4391,SKU-TOY-004391,Pulse Puzzles Model-392,Toys & Games,Puzzles,Pulse,384.36,834.35,1
4392,SKU-HOM-004392,Prism Furniture Model-393,Home & Kitchen,Furniture,Prism,128.13,229.56,1
4393,SKU-APP-004393,Summit Sportswear Model-394,Apparel,Sportswear,Summit,116.79,197.57,1
4394,SKU-SPO-004394,Velocity Team Sports Model-395,Sports & Outdoors,Team Sports,Velocity,138.05,252.67,1
4395,SKU-ELE-004395,Echo Laptops Model-396,Electronics,Laptops,Echo,100.42,213.44,1
4396,SKU-APP-004396,Aura Footwear Model-397,Apparel,Footwear,Aura,417.73,626.91,1
4397,SKU-TOY-004397,Vortex Board Games Model-398,Toys & Games,Board Games,Vortex,219.12,482.61,1
4398,SKU-HOM-004398,Pulse Storage Model-399,Home & Kitchen,Storage,Pulse,241.73,477.15,1
4399,SKU-HOM-004399,Velocity Decor Model-400,Home & Kitchen,Decor,Velocity,100.51,221.1,1
4400,SKU-APP-004400,Velocity Women's Clothing Model-401,Apparel,Women's Clothing,Velocity,186.22,430.44,1
4401,SKU-TOY-004401,Aura Outdoor Toys Model-402,Toys & Games,Outdoor Toys,Aura,430.88,678.92,1
4402,SKU-TOY-004402,Zenith Action Figures Model-403,Toys & Games,Action Figures,Zenith,334.56,821.69,1
4403,SKU-HOM-004403,Summit Furniture Model-404,Home & Kitchen,Furniture,Summit,286.36,382.3,1
4404,SKU-BEA-004404,Matrix Haircare Model-405,Beauty & Care,Haircare,Matrix,429.35,661.83,1
4405,SKU-SPO-004405,Aura Camping & Hiking Model-406,Sports & Outdoors,Camping & Hiking,Aura,384.8,637.02,1
4406,SKU-AUT-004406,Echo Car Care Model-407,Automotive,Car Care,Echo,353.41,490.47,1
4407,SKU-AUT-004407,Zenith Oils & Fluids Model-408,Automotive,Oils & Fluids,Zenith,259.35,430.94,1
4408,SKU-ELE-004408,Echo Accessories Model-409,Electronics,Accessories,Echo,415.66,777.24,1
4409,SKU-ELE-004409,Velocity Smartphones Model-410,Electronics,Smartphones,Velocity,159.02,294.97,1
4410,SKU-BEA-004410,Matrix Cosmetics Model-411,Beauty & Care,Cosmetics,Matrix,65.87,141.85,1
4411,SKU-BEA-004411,Aura Cosmetics Model-412,Beauty & Care,Cosmetics,Aura,345.37,536.29,1
4412,SKU-AUT-004412,Apex Interior Accessories Model-413,Automotive,Interior Accessories,Apex,358.83,619.61,1
4413,SKU-APP-004413,Velocity Sportswear Model-414,Apparel,Sportswear,Velocity,279.18,582.76,1
4414,SKU-SPO-004414,Sol Team Sports Model-415,Sports & Outdoors,Team Sports,Sol,142.91,338.49,1
4415,SKU-GRO-004415,Vortex Condiments Model-416,Grocery & Pantry,Condiments,Vortex,172.69,362.37,0
4416,SKU-HOM-004416,Nova Furniture Model-417,Home & Kitchen,Furniture,Nova,356.61,616.41,1
4417,SKU-AUT-004417,Apex Interior Accessories Model-418,Automotive,Interior Accessories,Apex,181.75,425.3,1
4418,SKU-GRO-004418,Echo Canned Goods Model-419,Grocery & Pantry,Canned Goods,Echo,67.03,96.22,1
4419,SKU-ELE-004419,Pulse Laptops Model-420,Electronics,Laptops,Pulse,82.23,144.1,1
4420,SKU-SPO-004420,Vortex Cycling Model-421,Sports & Outdoors,Cycling,Vortex,20.32,26.4,1
4421,SKU-APP-004421,Horizon Footwear Model-422,Apparel,Footwear,Horizon,281.56,483.8,1
4422,SKU-HOM-004422,Lumina Decor Model-423,Home & Kitchen,Decor,Lumina,150.85,342.32,1
4423,SKU-HOM-004423,Vortex Bedding Model-424,Home & Kitchen,Bedding,Vortex,397.1,617.23,1
4424,SKU-APP-004424,Sol Outerwear Model-425,Apparel,Outerwear,Sol,171.94,246.35,1
4425,SKU-APP-004425,Vortex Outerwear Model-426,Apparel,Outerwear,Vortex,144.85,345.99,1
4426,SKU-BEA-004426,Horizon Haircare Model-427,Beauty & Care,Haircare,Horizon,211.21,344.83,1
4427,SKU-HOM-004427,Sol Small Appliances Model-428,Home & Kitchen,Small Appliances,Sol,72.33,120.52,1
4428,SKU-SPO-004428,Velocity Cycling Model-429,Sports & Outdoors,Cycling,Velocity,246.05,404.71,1
4429,SKU-SPO-004429,Horizon Fitness Gear Model-430,Sports & Outdoors,Fitness Gear,Horizon,334.88,455.46,1
4430,SKU-AUT-004430,Summit Car Care Model-431,Automotive,Car Care,Summit,369.2,502.61,1
4431,SKU-BEA-004431,Pulse Fragrances Model-432,Beauty & Care,Fragrances,Pulse,295.53,373.19,1
4432,SKU-HOM-004432,Lumina Decor Model-433,Home & Kitchen,Decor,Lumina,63.31,113.43,1
4433,SKU-AUT-004433,Sol Tools & Equipment Model-434,Automotive,Tools & Equipment,Sol,310.31,651.91,1
4434,SKU-BEA-004434,Vortex Personal Care Model-435,Beauty & Care,Personal Care,Vortex,135.56,219.27,1
4435,SKU-SPO-004435,Aura Camping & Hiking Model-436,Sports & Outdoors,Camping & Hiking,Aura,220.89,501.54,1
4436,SKU-GRO-004436,Horizon Canned Goods Model-437,Grocery & Pantry,Canned Goods,Horizon,213.48,500.98,1
4437,SKU-APP-004437,Prism Women's Clothing Model-438,Apparel,Women's Clothing,Prism,321.26,551.37,1
4438,SKU-TOY-004438,Sol Puzzles Model-439,Toys & Games,Puzzles,Sol,221.09,351.91,1
4439,SKU-BEA-004439,Zenith Cosmetics Model-440,Beauty & Care,Cosmetics,Zenith,411.62,867.64,1
4440,SKU-ELE-004440,Echo Wearables Model-441,Electronics,Wearables,Echo,180.85,423.3,1
4441,SKU-SPO-004441,Titan Water Sports Model-442,Sports & Outdoors,Water Sports,Titan,349.17,683.71,1
4442,SKU-GRO-004442,Vortex Snacks Model-443,Grocery & Pantry,Snacks,Vortex,284.57,438.16,1
4443,SKU-AUT-004443,Prism Oils & Fluids Model-444,Automotive,Oils & Fluids,Prism,56.3,118.76,1
4444,SKU-BEA-004444,Lumina Skincare Model-445,Beauty & Care,Skincare,Lumina,187.07,289.16,1
4445,SKU-GRO-004445,Echo Breakfast Model-446,Grocery & Pantry,Breakfast,Echo,195.81,386.56,1
4446,SKU-AUT-004446,Pulse Car Care Model-447,Automotive,Car Care,Pulse,278.13,451.81,1
4447,SKU-GRO-004447,Zenith Beverages Model-448,Grocery & Pantry,Beverages,Zenith,374.44,813.08,0
4448,SKU-BEA-004448,Aura Haircare Model-449,Beauty & Care,Haircare,Aura,282.74,409.28,1
4449,SKU-BEA-004449,Aura Haircare Model-450,Beauty & Care,Haircare,Aura,235.27,574.59,1
4450,SKU-HOM-004450,Pulse Storage Model-451,Home & Kitchen,Storage,Pulse,345.14,728.38,1
4451,SKU-GRO-004451,Echo Beverages Model-452,Grocery & Pantry,Beverages,Echo,307.8,472.78,1
4452,SKU-GRO-004452,Pulse Organic Foods Model-453,Grocery & Pantry,Organic Foods,Pulse,76.4,131.69,1
4453,SKU-GRO-004453,Vortex Snacks Model-454,Grocery & Pantry,Snacks,Vortex,23.71,48.75,1
4454,SKU-SPO-004454,Horizon Water Sports Model-455,Sports & Outdoors,Water Sports,Horizon,250.32,358.24,1
4455,SKU-GRO-004455,Horizon Organic Foods Model-456,Grocery & Pantry,Organic Foods,Horizon,421.21,1014.48,1
4456,SKU-AUT-004456,Prism Oils & Fluids Model-457,Automotive,Oils & Fluids,Prism,226.14,419.24,1
4457,SKU-APP-004457,Pulse Footwear Model-458,Apparel,Footwear,Pulse,78.52,162.59,1
4458,SKU-SPO-004458,Nova Water Sports Model-459,Sports & Outdoors,Water Sports,Nova,215.37,445.92,1
4459,SKU-ELE-004459,Sol Smart Home Model-460,Electronics,Smart Home,Sol,416.93,524.84,1
4460,SKU-ELE-004460,Pulse Audio & Headphones Model-461,Electronics,Audio & Headphones,Pulse,135.65,311.47,1
4461,SKU-AUT-004461,Matrix Oils & Fluids Model-462,Automotive,Oils & Fluids,Matrix,116.16,274.12,1
4462,SKU-HOM-004462,Horizon Cookware Model-463,Home & Kitchen,Cookware,Horizon,216.38,484.18,1
4463,SKU-APP-004463,Prism Outerwear Model-464,Apparel,Outerwear,Prism,375.64,650.98,1
4464,SKU-TOY-004464,Nova Outdoor Toys Model-465,Toys & Games,Outdoor Toys,Nova,307.16,482.45,0
4465,SKU-ELE-004465,Lumina Accessories Model-466,Electronics,Accessories,Lumina,24.98,40.82,1
4466,SKU-AUT-004466,Aura Car Care Model-467,Automotive,Car Care,Aura,115.14,173.17,1
4467,SKU-TOY-004467,Pulse Action Figures Model-468,Toys & Games,Action Figures,Pulse,73.76,156.44,1
4468,SKU-BEA-004468,Velocity Skincare Model-469,Beauty & Care,Skincare,Velocity,172.13,228.97,1
4469,SKU-ELE-004469,Apex Accessories Model-470,Electronics,Accessories,Apex,148.86,213.7,1
4470,SKU-BEA-004470,Matrix Cosmetics Model-471,Beauty & Care,Cosmetics,Matrix,174.48,394.49,1
4471,SKU-BEA-004471,Nova Cosmetics Model-472,Beauty & Care,Cosmetics,Nova,136.36,232.34,1
4472,SKU-AUT-004472,Horizon Oils & Fluids Model-473,Automotive,Oils & Fluids,Horizon,139.55,312.08,1
4473,SKU-ELE-004473,Sol Wearables Model-474,Electronics,Wearables,Sol,342.64,628.44,1
4474,SKU-TOY-004474,Apex Board Games Model-475,Toys & Games,Board Games,Apex,113.9,233.25,1
4475,SKU-GRO-004475,Echo Canned Goods Model-476,Grocery & Pantry,Canned Goods,Echo,37.44,50.6,1
4476,SKU-ELE-004476,Vortex Smart Home Model-477,Electronics,Smart Home,Vortex,446.55,839,1
4477,SKU-GRO-004477,Echo Canned Goods Model-478,Grocery & Pantry,Canned Goods,Echo,203.42,490.76,1
4478,SKU-TOY-004478,Prism Outdoor Toys Model-479,Toys & Games,Outdoor Toys,Prism,83.23,201.99,1
4479,SKU-HOM-004479,Pulse Decor Model-480,Home & Kitchen,Decor,Pulse,360.21,680.06,1
4480,SKU-BEA-004480,Titan Cosmetics Model-481,Beauty & Care,Cosmetics,Titan,416.4,569.91,1
4481,SKU-TOY-004481,Apex Board Games Model-482,Toys & Games,Board Games,Apex,271.47,612.93,1
4482,SKU-ELE-004482,Pulse Smartphones Model-483,Electronics,Smartphones,Pulse,351.81,518.58,1
4483,SKU-TOY-004483,Lumina Action Figures Model-484,Toys & Games,Action Figures,Lumina,156.12,295.39,1
4484,SKU-GRO-004484,Sol Snacks Model-485,Grocery & Pantry,Snacks,Sol,291.56,427.49,1
4485,SKU-HOM-004485,Nova Decor Model-486,Home & Kitchen,Decor,Nova,399.27,842.15,1
4486,SKU-APP-004486,Titan Accessories Model-487,Apparel,Accessories,Titan,286.92,443.25,1
4487,SKU-ELE-004487,Lumina Smart Home Model-488,Electronics,Smart Home,Lumina,173.48,342.76,1
4488,SKU-SPO-004488,Prism Team Sports Model-489,Sports & Outdoors,Team Sports,Prism,436.63,921.61,1
4489,SKU-AUT-004489,Lumina Tools & Equipment Model-490,Automotive,Tools & Equipment,Lumina,24.56,48.12,1
4490,SKU-AUT-004490,Zenith Car Care Model-491,Automotive,Car Care,Zenith,360.8,609.05,1
4491,SKU-AUT-004491,Pulse Interior Accessories Model-492,Automotive,Interior Accessories,Pulse,11.74,18.96,1
4492,SKU-AUT-004492,Titan Oils & Fluids Model-493,Automotive,Oils & Fluids,Titan,181.66,259.38,1
4493,SKU-GRO-004493,Titan Organic Foods Model-494,Grocery & Pantry,Organic Foods,Titan,302.24,507.18,1
4494,SKU-APP-004494,Matrix Women's Clothing Model-495,Apparel,Women's Clothing,Matrix,82.91,139.92,1
4495,SKU-AUT-004495,Apex Tools & Equipment Model-496,Automotive,Tools & Equipment,Apex,150.49,252.11,1
4496,SKU-ELE-004496,Lumina Wearables Model-497,Electronics,Wearables,Lumina,12.18,26.7,1
4497,SKU-AUT-004497,Zenith Oils & Fluids Model-498,Automotive,Oils & Fluids,Zenith,295.1,381.3,1
4498,SKU-SPO-004498,Matrix Team Sports Model-499,Sports & Outdoors,Team Sports,Matrix,390.65,682.85,1
4499,SKU-APP-004499,Apex Women's Clothing Model-500,Apparel,Women's Clothing,Apex,32.49,66.67,1
4500,SKU-ELE-004500,Pulse Wearables Model-501,Electronics,Wearables,Pulse,220.4,436.16,1
4501,SKU-ELE-004501,Vortex Wearables Model-502,Electronics,Wearables,Vortex,149.58,247.93,1
4502,SKU-SPO-004502,Nova Camping & Hiking Model-503,Sports & Outdoors,Camping & Hiking,Nova,380.84,617.99,1
4503,SKU-TOY-004503,Echo Action Figures Model-504,Toys & Games,Action Figures,Echo,368.65,471.85,1
4504,SKU-SPO-004504,Lumina Cycling Model-505,Sports & Outdoors,Cycling,Lumina,172.21,364.98,1
4505,SKU-AUT-004505,Apex Car Care Model-506,Automotive,Car Care,Apex,380.76,778.16,1
4506,SKU-TOY-004506,Horizon Educational Toys Model-507,Toys & Games,Educational Toys,Horizon,226.63,416.59,1
4507,SKU-ELE-004507,Matrix Laptops Model-508,Electronics,Laptops,Matrix,58.3,99.69,1
4508,SKU-GRO-004508,Matrix Breakfast Model-509,Grocery & Pantry,Breakfast,Matrix,157.16,364.84,1
4509,SKU-TOY-004509,Lumina Puzzles Model-510,Toys & Games,Puzzles,Lumina,363.35,635.66,1
4510,SKU-TOY-004510,Zenith Outdoor Toys Model-511,Toys & Games,Outdoor Toys,Zenith,404.09,622.17,1
4511,SKU-BEA-004511,Prism Personal Care Model-512,Beauty & Care,Personal Care,Prism,390.49,902.47,1
4512,SKU-GRO-004512,Vortex Condiments Model-513,Grocery & Pantry,Condiments,Vortex,398.24,685.58,0
4513,SKU-ELE-004513,Apex Audio & Headphones Model-514,Electronics,Audio & Headphones,Apex,116.27,151.88,1
4514,SKU-SPO-004514,Matrix Fitness Gear Model-515,Sports & Outdoors,Fitness Gear,Matrix,415.03,881.89,1
4515,SKU-ELE-004515,Echo Accessories Model-516,Electronics,Accessories,Echo,38.76,95.68,1
4516,SKU-APP-004516,Summit Outerwear Model-517,Apparel,Outerwear,Summit,178.14,292.28,1
4517,SKU-GRO-004517,Zenith Organic Foods Model-518,Grocery & Pantry,Organic Foods,Zenith,337.73,770.58,1
4518,SKU-SPO-004518,Aura Camping & Hiking Model-519,Sports & Outdoors,Camping & Hiking,Aura,298.64,676.5,1
4519,SKU-GRO-004519,Nova Snacks Model-520,Grocery & Pantry,Snacks,Nova,8.76,20.43,1
4520,SKU-SPO-004520,Summit Team Sports Model-521,Sports & Outdoors,Team Sports,Summit,415.89,997.37,0
4521,SKU-GRO-004521,Zenith Snacks Model-522,Grocery & Pantry,Snacks,Zenith,164.88,282.64,1
4522,SKU-GRO-004522,Sol Organic Foods Model-523,Grocery & Pantry,Organic Foods,Sol,133.51,192.21,1
4523,SKU-HOM-004523,Prism Small Appliances Model-524,Home & Kitchen,Small Appliances,Prism,83.14,168.98,0
4524,SKU-AUT-004524,Echo Tools & Equipment Model-525,Automotive,Tools & Equipment,Echo,355.02,620.15,1
4525,SKU-HOM-004525,Prism Furniture Model-526,Home & Kitchen,Furniture,Prism,88.66,141.4,1
4526,SKU-APP-004526,Horizon Footwear Model-527,Apparel,Footwear,Horizon,101.32,228.63,1
4527,SKU-APP-004527,Matrix Accessories Model-528,Apparel,Accessories,Matrix,286.46,638.23,1
4528,SKU-GRO-004528,Summit Condiments Model-529,Grocery & Pantry,Condiments,Summit,267.56,465.15,1
4529,SKU-GRO-004529,Lumina Condiments Model-530,Grocery & Pantry,Condiments,Lumina,326.05,683.55,1
4530,SKU-GRO-004530,Echo Condiments Model-531,Grocery & Pantry,Condiments,Echo,79.32,171.19,1
4531,SKU-SPO-004531,Horizon Cycling Model-532,Sports & Outdoors,Cycling,Horizon,427.44,601.72,1
4532,SKU-HOM-004532,Prism Storage Model-533,Home & Kitchen,Storage,Prism,420.24,870.38,1
4533,SKU-ELE-004533,Matrix Smart Home Model-534,Electronics,Smart Home,Matrix,431.58,1022.78,1
4534,SKU-AUT-004534,Lumina Car Care Model-535,Automotive,Car Care,Lumina,344.1,589.36,1
4535,SKU-GRO-004535,Vortex Beverages Model-536,Grocery & Pantry,Beverages,Vortex,409.71,708.01,1
4536,SKU-ELE-004536,Nova Laptops Model-537,Electronics,Laptops,Nova,75.58,175.89,1
4537,SKU-GRO-004537,Prism Organic Foods Model-538,Grocery & Pantry,Organic Foods,Prism,96.43,138.84,1
4538,SKU-BEA-004538,Summit Skincare Model-539,Beauty & Care,Skincare,Summit,184.33,272.04,1
4539,SKU-GRO-004539,Pulse Organic Foods Model-540,Grocery & Pantry,Organic Foods,Pulse,91.71,115.95,1
4540,SKU-ELE-004540,Vortex Wearables Model-541,Electronics,Wearables,Vortex,140.48,292.53,1
4541,SKU-SPO-004541,Zenith Camping & Hiking Model-542,Sports & Outdoors,Camping & Hiking,Zenith,59.64,118.42,1
4542,SKU-ELE-004542,Zenith Wearables Model-543,Electronics,Wearables,Zenith,390.16,828.17,1
4543,SKU-APP-004543,Vortex Footwear Model-544,Apparel,Footwear,Vortex,104.68,255.56,1
4544,SKU-TOY-004544,Apex Action Figures Model-545,Toys & Games,Action Figures,Apex,447.64,609.76,1
4545,SKU-BEA-004545,Pulse Personal Care Model-546,Beauty & Care,Personal Care,Pulse,120.02,294.48,1
4546,SKU-APP-004546,Nova Women's Clothing Model-547,Apparel,Women's Clothing,Nova,356.35,887.55,1
4547,SKU-GRO-004547,Horizon Breakfast Model-548,Grocery & Pantry,Breakfast,Horizon,348.44,859.32,1
4548,SKU-APP-004548,Prism Sportswear Model-549,Apparel,Sportswear,Prism,84.99,184.59,1
4549,SKU-SPO-004549,Lumina Fitness Gear Model-550,Sports & Outdoors,Fitness Gear,Lumina,414.28,690.73,1
4550,SKU-GRO-004550,Summit Canned Goods Model-551,Grocery & Pantry,Canned Goods,Summit,399.34,800.43,1
4551,SKU-ELE-004551,Zenith Accessories Model-552,Electronics,Accessories,Zenith,43.59,97.43,1
4552,SKU-GRO-004552,Vortex Canned Goods Model-553,Grocery & Pantry,Canned Goods,Vortex,211.19,398.77,1
4553,SKU-GRO-004553,Summit Breakfast Model-554,Grocery & Pantry,Breakfast,Summit,187.34,257.37,1
4554,SKU-ELE-004554,Summit Accessories Model-555,Electronics,Accessories,Summit,58.74,77.24,1
4555,SKU-TOY-004555,Apex Action Figures Model-556,Toys & Games,Action Figures,Apex,136.17,272.52,1
4556,SKU-SPO-004556,Velocity Water Sports Model-557,Sports & Outdoors,Water Sports,Velocity,187.98,456.2,1
4557,SKU-TOY-004557,Matrix Puzzles Model-558,Toys & Games,Puzzles,Matrix,405.05,936.93,1
4558,SKU-BEA-004558,Nova Haircare Model-559,Beauty & Care,Haircare,Nova,299.85,662.44,1
4559,SKU-GRO-004559,Matrix Condiments Model-560,Grocery & Pantry,Condiments,Matrix,219.07,516.54,1
4560,SKU-SPO-004560,Echo Water Sports Model-561,Sports & Outdoors,Water Sports,Echo,269.06,546.2,1
4561,SKU-SPO-004561,Lumina Water Sports Model-562,Sports & Outdoors,Water Sports,Lumina,288.48,399.03,1
4562,SKU-TOY-004562,Vortex Educational Toys Model-563,Toys & Games,Educational Toys,Vortex,98.09,129.23,1
4563,SKU-SPO-004563,Velocity Water Sports Model-564,Sports & Outdoors,Water Sports,Velocity,8.01,14.3,1
4564,SKU-APP-004564,Pulse Men's Clothing Model-565,Apparel,Men's Clothing,Pulse,285.35,387.78,1
4565,SKU-AUT-004565,Apex Car Care Model-566,Automotive,Car Care,Apex,68.62,170.25,1
4566,SKU-AUT-004566,Prism Oils & Fluids Model-567,Automotive,Oils & Fluids,Prism,299.09,512.09,1
4567,SKU-ELE-004567,Velocity Wearables Model-568,Electronics,Wearables,Velocity,233.82,547.38,1
4568,SKU-GRO-004568,Velocity Canned Goods Model-569,Grocery & Pantry,Canned Goods,Velocity,178.73,282.12,1
4569,SKU-TOY-004569,Matrix Action Figures Model-570,Toys & Games,Action Figures,Matrix,10.74,21.83,1
4570,SKU-APP-004570,Velocity Outerwear Model-571,Apparel,Outerwear,Velocity,417.71,960.86,1
4571,SKU-AUT-004571,Pulse Tools & Equipment Model-572,Automotive,Tools & Equipment,Pulse,134.09,327.79,1
4572,SKU-ELE-004572,Sol Smart Home Model-573,Electronics,Smart Home,Sol,260.85,496.74,0
4573,SKU-GRO-004573,Pulse Condiments Model-574,Grocery & Pantry,Condiments,Pulse,144.07,212.03,0
4574,SKU-ELE-004574,Vortex Laptops Model-575,Electronics,Laptops,Vortex,261.79,343.65,1
4575,SKU-APP-004575,Apex Women's Clothing Model-576,Apparel,Women's Clothing,Apex,325.23,697.81,1
4576,SKU-ELE-004576,Horizon Smart Home Model-577,Electronics,Smart Home,Horizon,188.16,377.87,1
4577,SKU-HOM-004577,Vortex Furniture Model-578,Home & Kitchen,Furniture,Vortex,421.92,717.43,1
4578,SKU-APP-004578,Aura Footwear Model-579,Apparel,Footwear,Aura,316.74,611.93,1
4579,SKU-GRO-004579,Vortex Canned Goods Model-580,Grocery & Pantry,Canned Goods,Vortex,96.41,193.66,1
4580,SKU-HOM-004580,Velocity Decor Model-581,Home & Kitchen,Decor,Velocity,303.28,550.51,0
4581,SKU-BEA-004581,Horizon Fragrances Model-582,Beauty & Care,Fragrances,Horizon,33.94,65.14,1
4582,SKU-HOM-004582,Zenith Furniture Model-583,Home & Kitchen,Furniture,Zenith,285.88,410.95,1
4583,SKU-ELE-004583,Aura Laptops Model-584,Electronics,Laptops,Aura,71.79,143.65,1
4584,SKU-SPO-004584,Echo Camping & Hiking Model-585,Sports & Outdoors,Camping & Hiking,Echo,285.25,549.63,1
4585,SKU-AUT-004585,Horizon Interior Accessories Model-586,Automotive,Interior Accessories,Horizon,303.54,567.68,1
4586,SKU-GRO-004586,Summit Organic Foods Model-587,Grocery & Pantry,Organic Foods,Summit,56.69,126.32,1
4587,SKU-BEA-004587,Zenith Haircare Model-588,Beauty & Care,Haircare,Zenith,314.42,535.09,1
4588,SKU-APP-004588,Prism Footwear Model-589,Apparel,Footwear,Prism,360.61,593.96,1
4589,SKU-ELE-004589,Sol Accessories Model-590,Electronics,Accessories,Sol,73.36,113.4,1
4590,SKU-SPO-004590,Vortex Cycling Model-591,Sports & Outdoors,Cycling,Vortex,424.75,675.76,1
4591,SKU-TOY-004591,Matrix Educational Toys Model-592,Toys & Games,Educational Toys,Matrix,330.91,476.96,1
4592,SKU-GRO-004592,Echo Snacks Model-593,Grocery & Pantry,Snacks,Echo,355.71,876.83,1
4593,SKU-TOY-004593,Apex Puzzles Model-594,Toys & Games,Puzzles,Apex,45.55,59.32,1
4594,SKU-TOY-004594,Nova Board Games Model-595,Toys & Games,Board Games,Nova,261.65,356.96,1
4595,SKU-SPO-004595,Apex Team Sports Model-596,Sports & Outdoors,Team Sports,Apex,84,176.55,1
4596,SKU-GRO-004596,Sol Beverages Model-597,Grocery & Pantry,Beverages,Sol,397.37,672.32,1
4597,SKU-ELE-004597,Lumina Smart Home Model-598,Electronics,Smart Home,Lumina,290.78,691.16,1
4598,SKU-TOY-004598,Aura Board Games Model-599,Toys & Games,Board Games,Aura,249.43,317.24,1
4599,SKU-BEA-004599,Sol Haircare Model-600,Beauty & Care,Haircare,Sol,155.05,377.25,1
4600,SKU-ELE-004600,Titan Audio & Headphones Model-601,Electronics,Audio & Headphones,Titan,351.93,700.85,1
4601,SKU-GRO-004601,Pulse Breakfast Model-602,Grocery & Pantry,Breakfast,Pulse,446.21,1071.62,1
4602,SKU-BEA-004602,Zenith Cosmetics Model-603,Beauty & Care,Cosmetics,Zenith,354.63,838.93,1
4603,SKU-HOM-004603,Matrix Decor Model-604,Home & Kitchen,Decor,Matrix,371.91,473.76,1
4604,SKU-TOY-004604,Prism Educational Toys Model-605,Toys & Games,Educational Toys,Prism,413.06,531.92,1
4605,SKU-HOM-004605,Aura Furniture Model-606,Home & Kitchen,Furniture,Aura,292.63,689.6,1
4606,SKU-TOY-004606,Velocity Puzzles Model-607,Toys & Games,Puzzles,Velocity,358.93,656.99,1
4607,SKU-TOY-004607,Velocity Puzzles Model-608,Toys & Games,Puzzles,Velocity,258.78,513.01,1
4608,SKU-HOM-004608,Echo Small Appliances Model-609,Home & Kitchen,Small Appliances,Echo,232.61,413.93,1
4609,SKU-TOY-004609,Matrix Outdoor Toys Model-610,Toys & Games,Outdoor Toys,Matrix,261.42,345.92,1
4610,SKU-TOY-004610,Summit Outdoor Toys Model-611,Toys & Games,Outdoor Toys,Summit,9.65,15.37,1
4611,SKU-TOY-004611,Velocity Action Figures Model-612,Toys & Games,Action Figures,Velocity,35.12,76.35,1
4612,SKU-SPO-004612,Velocity Fitness Gear Model-613,Sports & Outdoors,Fitness Gear,Velocity,438.75,1026.61,1
4613,SKU-SPO-004613,Titan Team Sports Model-614,Sports & Outdoors,Team Sports,Titan,325.96,589.87,1
4614,SKU-AUT-004614,Velocity Tools & Equipment Model-615,Automotive,Tools & Equipment,Velocity,184.19,355.41,1
4615,SKU-BEA-004615,Sol Fragrances Model-616,Beauty & Care,Fragrances,Sol,88.39,134.68,1
4616,SKU-SPO-004616,Velocity Camping & Hiking Model-617,Sports & Outdoors,Camping & Hiking,Velocity,268.1,557.09,1
4617,SKU-AUT-004617,Pulse Oils & Fluids Model-618,Automotive,Oils & Fluids,Pulse,280.05,551.85,1
4618,SKU-APP-004618,Nova Footwear Model-619,Apparel,Footwear,Nova,170.46,316.06,1
4619,SKU-APP-004619,Sol Men's Clothing Model-620,Apparel,Men's Clothing,Sol,366.31,866.1,0
4620,SKU-APP-004620,Summit Women's Clothing Model-621,Apparel,Women's Clothing,Summit,115.82,171.62,1
4621,SKU-TOY-004621,Prism Educational Toys Model-622,Toys & Games,Educational Toys,Prism,55.07,76.8,1
4622,SKU-ELE-004622,Prism Smartphones Model-623,Electronics,Smartphones,Prism,49.85,76.11,1
4623,SKU-ELE-004623,Lumina Accessories Model-624,Electronics,Accessories,Lumina,314.34,664.28,1
4624,SKU-ELE-004624,Pulse Accessories Model-625,Electronics,Accessories,Pulse,312.55,768.22,1
4625,SKU-APP-004625,Horizon Outerwear Model-626,Apparel,Outerwear,Horizon,181.54,364.77,1
4626,SKU-AUT-004626,Zenith Car Care Model-627,Automotive,Car Care,Zenith,392.56,637.86,1
4627,SKU-APP-004627,Vortex Outerwear Model-628,Apparel,Outerwear,Vortex,225.75,475.56,1
4628,SKU-BEA-004628,Vortex Haircare Model-629,Beauty & Care,Haircare,Vortex,413.8,818.8,1
4629,SKU-TOY-004629,Summit Puzzles Model-630,Toys & Games,Puzzles,Summit,313.92,768.49,1
4630,SKU-SPO-004630,Summit Team Sports Model-631,Sports & Outdoors,Team Sports,Summit,156.05,316.34,1
4631,SKU-APP-004631,Apex Women's Clothing Model-632,Apparel,Women's Clothing,Apex,68.73,138.26,1
4632,SKU-SPO-004632,Vortex Camping & Hiking Model-633,Sports & Outdoors,Camping & Hiking,Vortex,295.81,433.09,1
4633,SKU-APP-004633,Sol Footwear Model-634,Apparel,Footwear,Sol,264.13,567.96,1
4634,SKU-APP-004634,Sol Women's Clothing Model-635,Apparel,Women's Clothing,Sol,233.26,464.98,1
4635,SKU-TOY-004635,Horizon Puzzles Model-636,Toys & Games,Puzzles,Horizon,80.13,162.6,1
4636,SKU-GRO-004636,Matrix Snacks Model-637,Grocery & Pantry,Snacks,Matrix,13.57,23.12,1
4637,SKU-GRO-004637,Matrix Canned Goods Model-638,Grocery & Pantry,Canned Goods,Matrix,5.51,10.45,1
4638,SKU-BEA-004638,Matrix Fragrances Model-639,Beauty & Care,Fragrances,Matrix,187.44,244.87,1
4639,SKU-TOY-004639,Zenith Action Figures Model-640,Toys & Games,Action Figures,Zenith,422.11,641.79,0
4640,SKU-SPO-004640,Vortex Team Sports Model-641,Sports & Outdoors,Team Sports,Vortex,68.06,127.43,1
4641,SKU-APP-004641,Pulse Footwear Model-642,Apparel,Footwear,Pulse,126.46,219.79,1
4642,SKU-GRO-004642,Titan Organic Foods Model-643,Grocery & Pantry,Organic Foods,Titan,102.61,188.94,1
4643,SKU-AUT-004643,Prism Oils & Fluids Model-644,Automotive,Oils & Fluids,Prism,16.65,25.82,1
4644,SKU-GRO-004644,Apex Breakfast Model-645,Grocery & Pantry,Breakfast,Apex,305.96,638.08,1
4645,SKU-AUT-004645,Sol Oils & Fluids Model-646,Automotive,Oils & Fluids,Sol,318.98,413.72,1
4646,SKU-GRO-004646,Lumina Condiments Model-647,Grocery & Pantry,Condiments,Lumina,372.11,551.36,1
4647,SKU-APP-004647,Titan Outerwear Model-648,Apparel,Outerwear,Titan,245.25,393.86,1
4648,SKU-GRO-004648,Prism Canned Goods Model-649,Grocery & Pantry,Canned Goods,Prism,311.07,739.21,1
4649,SKU-SPO-004649,Sol Camping & Hiking Model-650,Sports & Outdoors,Camping & Hiking,Sol,432.15,812.69,1
4650,SKU-AUT-004650,Velocity Interior Accessories Model-651,Automotive,Interior Accessories,Velocity,335.36,522.42,1
4651,SKU-APP-004651,Pulse Women's Clothing Model-652,Apparel,Women's Clothing,Pulse,120.84,226.87,1
4652,SKU-TOY-004652,Velocity Puzzles Model-653,Toys & Games,Puzzles,Velocity,344.43,732.91,1
4653,SKU-APP-004653,Lumina Footwear Model-654,Apparel,Footwear,Lumina,79.61,151.6,0
4654,SKU-BEA-004654,Lumina Personal Care Model-655,Beauty & Care,Personal Care,Lumina,425.7,744.06,1
4655,SKU-BEA-004655,Sol Skincare Model-656,Beauty & Care,Skincare,Sol,390.97,623.6,1
4656,SKU-APP-004656,Pulse Women's Clothing Model-657,Apparel,Women's Clothing,Pulse,449.72,901.02,1
4657,SKU-HOM-004657,Titan Decor Model-658,Home & Kitchen,Decor,Titan,176.6,404.7,1
4658,SKU-GRO-004658,Sol Snacks Model-659,Grocery & Pantry,Snacks,Sol,318.84,783.98,1
4659,SKU-HOM-004659,Aura Decor Model-660,Home & Kitchen,Decor,Aura,308.61,539.49,1
4660,SKU-ELE-004660,Echo Smart Home Model-661,Electronics,Smart Home,Echo,69.84,159.61,1
4661,SKU-GRO-004661,Zenith Canned Goods Model-662,Grocery & Pantry,Canned Goods,Zenith,78.37,130.52,1
4662,SKU-AUT-004662,Apex Interior Accessories Model-663,Automotive,Interior Accessories,Apex,364.41,574.25,1
4663,SKU-BEA-004663,Summit Skincare Model-664,Beauty & Care,Skincare,Summit,226.63,436.7,1
4664,SKU-TOY-004664,Titan Outdoor Toys Model-665,Toys & Games,Outdoor Toys,Titan,78.21,143.16,1
4665,SKU-SPO-004665,Vortex Fitness Gear Model-666,Sports & Outdoors,Fitness Gear,Vortex,143.24,281.35,1
4666,SKU-AUT-004666,Zenith Tools & Equipment Model-667,Automotive,Tools & Equipment,Zenith,227.56,326.56,1
4667,SKU-TOY-004667,Vortex Outdoor Toys Model-668,Toys & Games,Outdoor Toys,Vortex,127.13,208.43,1
4668,SKU-BEA-004668,Echo Cosmetics Model-669,Beauty & Care,Cosmetics,Echo,147.96,202.49,1
4669,SKU-SPO-004669,Echo Cycling Model-670,Sports & Outdoors,Cycling,Echo,299.36,440.5,1
4670,SKU-HOM-004670,Summit Storage Model-671,Home & Kitchen,Storage,Summit,405.74,884.93,1
4671,SKU-GRO-004671,Horizon Condiments Model-672,Grocery & Pantry,Condiments,Horizon,99.14,193.6,1
4672,SKU-HOM-004672,Matrix Furniture Model-673,Home & Kitchen,Furniture,Matrix,137.04,337.85,1
4673,SKU-BEA-004673,Prism Haircare Model-674,Beauty & Care,Haircare,Prism,332.44,736.01,1
4674,SKU-TOY-004674,Nova Board Games Model-675,Toys & Games,Board Games,Nova,72.78,105.38,1
4675,SKU-SPO-004675,Vortex Team Sports Model-676,Sports & Outdoors,Team Sports,Vortex,77.97,111.92,1
4676,SKU-BEA-004676,Horizon Cosmetics Model-677,Beauty & Care,Cosmetics,Horizon,302.67,630.44,1
4677,SKU-AUT-004677,Prism Oils & Fluids Model-678,Automotive,Oils & Fluids,Prism,113.07,279.91,1
4678,SKU-HOM-004678,Sol Cookware Model-679,Home & Kitchen,Cookware,Sol,414.53,568.47,1
4679,SKU-APP-004679,Prism Women's Clothing Model-680,Apparel,Women's Clothing,Prism,234.52,529.06,1
4680,SKU-SPO-004680,Velocity Camping & Hiking Model-681,Sports & Outdoors,Camping & Hiking,Velocity,419.24,857.22,1
4681,SKU-APP-004681,Echo Outerwear Model-682,Apparel,Outerwear,Echo,143.72,206.74,1
4682,SKU-BEA-004682,Summit Personal Care Model-683,Beauty & Care,Personal Care,Summit,429.38,691.41,1
4683,SKU-SPO-004683,Lumina Fitness Gear Model-684,Sports & Outdoors,Fitness Gear,Lumina,361.38,605.33,1
4684,SKU-HOM-004684,Aura Small Appliances Model-685,Home & Kitchen,Small Appliances,Aura,277.14,457.97,1
4685,SKU-HOM-004685,Vortex Storage Model-686,Home & Kitchen,Storage,Vortex,419.7,823.25,1
4686,SKU-BEA-004686,Zenith Cosmetics Model-687,Beauty & Care,Cosmetics,Zenith,283.14,379.81,1
4687,SKU-TOY-004687,Matrix Action Figures Model-688,Toys & Games,Action Figures,Matrix,322.49,793.11,1
4688,SKU-TOY-004688,Apex Outdoor Toys Model-689,Toys & Games,Outdoor Toys,Apex,127.4,275.26,1
4689,SKU-ELE-004689,Aura Audio & Headphones Model-690,Electronics,Audio & Headphones,Aura,18.18,40.99,1
4690,SKU-APP-004690,Prism Men's Clothing Model-691,Apparel,Men's Clothing,Prism,174.78,430.99,1
4691,SKU-HOM-004691,Nova Bedding Model-692,Home & Kitchen,Bedding,Nova,125.72,256.9,1
4692,SKU-GRO-004692,Echo Organic Foods Model-693,Grocery & Pantry,Organic Foods,Echo,76.77,162.62,1
4693,SKU-GRO-004693,Matrix Canned Goods Model-694,Grocery & Pantry,Canned Goods,Matrix,51.51,105.38,1
4694,SKU-HOM-004694,Apex Storage Model-695,Home & Kitchen,Storage,Apex,68.5,116.41,1
4695,SKU-BEA-004695,Apex Cosmetics Model-696,Beauty & Care,Cosmetics,Apex,196.78,273.65,1
4696,SKU-TOY-004696,Pulse Educational Toys Model-697,Toys & Games,Educational Toys,Pulse,26.89,35.83,1
4697,SKU-APP-004697,Titan Outerwear Model-698,Apparel,Outerwear,Titan,409.74,947.8,1
4698,SKU-BEA-004698,Prism Haircare Model-699,Beauty & Care,Haircare,Prism,143.32,205.23,1
4699,SKU-SPO-004699,Sol Camping & Hiking Model-700,Sports & Outdoors,Camping & Hiking,Sol,76.61,109.73,1
4700,SKU-SPO-004700,Titan Cycling Model-701,Sports & Outdoors,Cycling,Titan,359.45,545.86,1
4701,SKU-APP-004701,Aura Sportswear Model-702,Apparel,Sportswear,Aura,415.66,863.49,1
4702,SKU-TOY-004702,Pulse Puzzles Model-703,Toys & Games,Puzzles,Pulse,5.94,12.39,1
4703,SKU-SPO-004703,Sol Camping & Hiking Model-704,Sports & Outdoors,Camping & Hiking,Sol,360.12,868.36,1
4704,SKU-TOY-004704,Summit Action Figures Model-705,Toys & Games,Action Figures,Summit,229.04,303.26,1
4705,SKU-AUT-004705,Summit Tools & Equipment Model-706,Automotive,Tools & Equipment,Summit,73.85,127.33,1
4706,SKU-SPO-004706,Zenith Water Sports Model-707,Sports & Outdoors,Water Sports,Zenith,37.58,60.51,1
4707,SKU-SPO-004707,Apex Cycling Model-708,Sports & Outdoors,Cycling,Apex,163.72,223.14,1
4708,SKU-BEA-004708,Matrix Skincare Model-709,Beauty & Care,Skincare,Matrix,72.54,157.67,1
4709,SKU-ELE-004709,Prism Accessories Model-710,Electronics,Accessories,Prism,91,208.45,1
4710,SKU-BEA-004710,Velocity Personal Care Model-711,Beauty & Care,Personal Care,Velocity,253.72,466.16,1
4711,SKU-TOY-004711,Sol Board Games Model-712,Toys & Games,Board Games,Sol,264.6,576.72,1
4712,SKU-SPO-004712,Vortex Water Sports Model-713,Sports & Outdoors,Water Sports,Vortex,401.67,535.06,1
4713,SKU-AUT-004713,Matrix Oils & Fluids Model-714,Automotive,Oils & Fluids,Matrix,425.2,758.92,0
4714,SKU-HOM-004714,Sol Cookware Model-715,Home & Kitchen,Cookware,Sol,370.99,908.88,1
4715,SKU-SPO-004715,Pulse Water Sports Model-716,Sports & Outdoors,Water Sports,Pulse,374.18,789.85,0
4716,SKU-BEA-004716,Nova Personal Care Model-717,Beauty & Care,Personal Care,Nova,346,852.21,1
4717,SKU-GRO-004717,Sol Condiments Model-718,Grocery & Pantry,Condiments,Sol,279,555.75,1
4718,SKU-APP-004718,Lumina Outerwear Model-719,Apparel,Outerwear,Lumina,240.08,322.71,1
4719,SKU-TOY-004719,Aura Educational Toys Model-720,Toys & Games,Educational Toys,Aura,397.74,613.9,1
4720,SKU-HOM-004720,Matrix Decor Model-721,Home & Kitchen,Decor,Matrix,204.19,473.51,1
4721,SKU-TOY-004721,Matrix Educational Toys Model-722,Toys & Games,Educational Toys,Matrix,293.29,381.08,1
4722,SKU-APP-004722,Summit Men's Clothing Model-723,Apparel,Men's Clothing,Summit,39.78,85.34,1
4723,SKU-ELE-004723,Summit Audio & Headphones Model-724,Electronics,Audio & Headphones,Summit,67.84,147.49,1
4724,SKU-ELE-004724,Pulse Smartphones Model-725,Electronics,Smartphones,Pulse,213.01,365.72,1
4725,SKU-ELE-004725,Aura Smart Home Model-726,Electronics,Smart Home,Aura,194.6,404.66,1
4726,SKU-SPO-004726,Summit Water Sports Model-727,Sports & Outdoors,Water Sports,Summit,403.01,777.46,1
4727,SKU-GRO-004727,Summit Beverages Model-728,Grocery & Pantry,Beverages,Summit,68.96,117.19,1
4728,SKU-TOY-004728,Lumina Puzzles Model-729,Toys & Games,Puzzles,Lumina,367.56,804.58,1
4729,SKU-TOY-004729,Sol Puzzles Model-730,Toys & Games,Puzzles,Sol,400.62,530.31,0
4730,SKU-APP-004730,Matrix Men's Clothing Model-731,Apparel,Men's Clothing,Matrix,181.41,272.7,1
4731,SKU-TOY-004731,Aura Puzzles Model-732,Toys & Games,Puzzles,Aura,270.38,562.61,1
4732,SKU-TOY-004732,Pulse Educational Toys Model-733,Toys & Games,Educational Toys,Pulse,428.95,619.48,1
4733,SKU-APP-004733,Echo Outerwear Model-734,Apparel,Outerwear,Echo,412.71,655.03,1
4734,SKU-BEA-004734,Nova Cosmetics Model-735,Beauty & Care,Cosmetics,Nova,390.29,731.26,1
4735,SKU-APP-004735,Velocity Women's Clothing Model-736,Apparel,Women's Clothing,Velocity,55.35,77.11,1
4736,SKU-HOM-004736,Lumina Furniture Model-737,Home & Kitchen,Furniture,Lumina,42.22,84.93,1
4737,SKU-ELE-004737,Sol Smartphones Model-738,Electronics,Smartphones,Sol,191.62,332.91,1
4738,SKU-SPO-004738,Summit Camping & Hiking Model-739,Sports & Outdoors,Camping & Hiking,Summit,231.48,535.02,1
4739,SKU-AUT-004739,Pulse Interior Accessories Model-740,Automotive,Interior Accessories,Pulse,219.18,472.91,1
4740,SKU-TOY-004740,Summit Outdoor Toys Model-741,Toys & Games,Outdoor Toys,Summit,370.77,765.21,1
4741,SKU-HOM-004741,Velocity Cookware Model-742,Home & Kitchen,Cookware,Velocity,290.81,650.36,1
4742,SKU-ELE-004742,Zenith Accessories Model-743,Electronics,Accessories,Zenith,81.21,106.24,1
4743,SKU-ELE-004743,Sol Laptops Model-744,Electronics,Laptops,Sol,69.63,171.08,1
4744,SKU-APP-004744,Zenith Sportswear Model-745,Apparel,Sportswear,Zenith,169.74,389.07,1
4745,SKU-GRO-004745,Summit Condiments Model-746,Grocery & Pantry,Condiments,Summit,304.26,398.22,1
4746,SKU-HOM-004746,Titan Small Appliances Model-747,Home & Kitchen,Small Appliances,Titan,265.52,627.98,1
4747,SKU-HOM-004747,Zenith Furniture Model-748,Home & Kitchen,Furniture,Zenith,11.71,17.63,1
4748,SKU-TOY-004748,Horizon Action Figures Model-749,Toys & Games,Action Figures,Horizon,267.15,596.72,1
4749,SKU-AUT-004749,Horizon Interior Accessories Model-750,Automotive,Interior Accessories,Horizon,161.18,226.77,1
4750,SKU-AUT-004750,Sol Oils & Fluids Model-751,Automotive,Oils & Fluids,Sol,100.76,131.79,1
4751,SKU-BEA-004751,Aura Haircare Model-752,Beauty & Care,Haircare,Aura,229.63,311.31,1
4752,SKU-TOY-004752,Aura Educational Toys Model-753,Toys & Games,Educational Toys,Aura,346.35,529.04,1
4753,SKU-BEA-004753,Prism Personal Care Model-754,Beauty & Care,Personal Care,Prism,440.68,580.2,1
4754,SKU-HOM-004754,Summit Cookware Model-755,Home & Kitchen,Cookware,Summit,263.51,643.26,1
4755,SKU-APP-004755,Titan Men's Clothing Model-756,Apparel,Men's Clothing,Titan,219.32,342.49,1
4756,SKU-AUT-004756,Apex Car Care Model-757,Automotive,Car Care,Apex,108.59,234.24,1
4757,SKU-GRO-004757,Apex Breakfast Model-758,Grocery & Pantry,Breakfast,Apex,340.99,526.22,1
4758,SKU-AUT-004758,Echo Oils & Fluids Model-759,Automotive,Oils & Fluids,Echo,397.31,903.01,1
4759,SKU-GRO-004759,Velocity Canned Goods Model-760,Grocery & Pantry,Canned Goods,Velocity,44.22,103.17,0
4760,SKU-AUT-004760,Zenith Tools & Equipment Model-761,Automotive,Tools & Equipment,Zenith,265.3,353.85,1
4761,SKU-BEA-004761,Apex Personal Care Model-762,Beauty & Care,Personal Care,Apex,50.23,79.56,1
4762,SKU-SPO-004762,Echo Water Sports Model-763,Sports & Outdoors,Water Sports,Echo,405.97,550.99,1
4763,SKU-TOY-004763,Titan Outdoor Toys Model-764,Toys & Games,Outdoor Toys,Titan,437.37,1054.9,0
4764,SKU-BEA-004764,Summit Cosmetics Model-765,Beauty & Care,Cosmetics,Summit,345.83,565.54,1
4765,SKU-AUT-004765,Summit Car Care Model-766,Automotive,Car Care,Summit,168.95,418.05,1
4766,SKU-SPO-004766,Zenith Camping & Hiking Model-767,Sports & Outdoors,Camping & Hiking,Zenith,213.94,343.77,1
4767,SKU-BEA-004767,Horizon Fragrances Model-768,Beauty & Care,Fragrances,Horizon,282.17,486.8,1
4768,SKU-GRO-004768,Pulse Snacks Model-769,Grocery & Pantry,Snacks,Pulse,42.91,55.48,1
4769,SKU-SPO-004769,Lumina Fitness Gear Model-770,Sports & Outdoors,Fitness Gear,Lumina,183.73,404.25,1
4770,SKU-ELE-004770,Apex Smartphones Model-771,Electronics,Smartphones,Apex,230.56,425.74,1
4771,SKU-BEA-004771,Zenith Cosmetics Model-772,Beauty & Care,Cosmetics,Zenith,234.61,320.65,0
4772,SKU-GRO-004772,Pulse Beverages Model-773,Grocery & Pantry,Beverages,Pulse,299.19,428.05,1
4773,SKU-AUT-004773,Nova Interior Accessories Model-774,Automotive,Interior Accessories,Nova,342.1,662.54,1
4774,SKU-TOY-004774,Matrix Board Games Model-775,Toys & Games,Board Games,Matrix,397.2,711.27,1
4775,SKU-AUT-004775,Summit Oils & Fluids Model-776,Automotive,Oils & Fluids,Summit,365.02,706.33,1
4776,SKU-BEA-004776,Aura Fragrances Model-777,Beauty & Care,Fragrances,Aura,149.59,242.43,1
4777,SKU-ELE-004777,Horizon Audio & Headphones Model-778,Electronics,Audio & Headphones,Horizon,80.21,164.61,1
4778,SKU-GRO-004778,Nova Condiments Model-779,Grocery & Pantry,Condiments,Nova,10.19,14.01,1
4779,SKU-SPO-004779,Prism Water Sports Model-780,Sports & Outdoors,Water Sports,Prism,11.95,21.37,1
4780,SKU-APP-004780,Horizon Women's Clothing Model-781,Apparel,Women's Clothing,Horizon,272.68,480.54,1
4781,SKU-BEA-004781,Prism Fragrances Model-782,Beauty & Care,Fragrances,Prism,438.36,818.52,1
4782,SKU-ELE-004782,Summit Accessories Model-783,Electronics,Accessories,Summit,341.62,582.03,1
4783,SKU-GRO-004783,Prism Breakfast Model-784,Grocery & Pantry,Breakfast,Prism,64.03,157.61,1
4784,SKU-APP-004784,Velocity Women's Clothing Model-785,Apparel,Women's Clothing,Velocity,115.45,148.06,1
4785,SKU-BEA-004785,Echo Haircare Model-786,Beauty & Care,Haircare,Echo,267.46,461.46,1
4786,SKU-ELE-004786,Horizon Smartphones Model-787,Electronics,Smartphones,Horizon,217.62,528.12,1
4787,SKU-TOY-004787,Vortex Action Figures Model-788,Toys & Games,Action Figures,Vortex,191.8,337.53,1
4788,SKU-AUT-004788,Sol Car Care Model-789,Automotive,Car Care,Sol,282.21,500.32,1
4789,SKU-ELE-004789,Velocity Accessories Model-790,Electronics,Accessories,Velocity,188.95,242,1
4790,SKU-TOY-004790,Summit Outdoor Toys Model-791,Toys & Games,Outdoor Toys,Summit,64.93,104.7,1
4791,SKU-ELE-004791,Summit Wearables Model-792,Electronics,Wearables,Summit,334.69,650.67,1
4792,SKU-SPO-004792,Velocity Water Sports Model-793,Sports & Outdoors,Water Sports,Velocity,267.84,427.42,0
4793,SKU-BEA-004793,Apex Personal Care Model-794,Beauty & Care,Personal Care,Apex,427.32,1067.33,1
4794,SKU-SPO-004794,Matrix Camping & Hiking Model-795,Sports & Outdoors,Camping & Hiking,Matrix,180.39,322.78,1
4795,SKU-BEA-004795,Prism Skincare Model-796,Beauty & Care,Skincare,Prism,226.74,430.26,1
4796,SKU-ELE-004796,Aura Laptops Model-797,Electronics,Laptops,Aura,189.08,329.76,1
4797,SKU-APP-004797,Zenith Accessories Model-798,Apparel,Accessories,Zenith,183.53,246.96,1
4798,SKU-BEA-004798,Zenith Skincare Model-799,Beauty & Care,Skincare,Zenith,79.25,118.3,1
4799,SKU-ELE-004799,Titan Smartphones Model-800,Electronics,Smartphones,Titan,303.24,677.82,1
4800,SKU-GRO-004800,Horizon Condiments Model-801,Grocery & Pantry,Condiments,Horizon,43.1,85.63,1
4801,SKU-GRO-004801,Prism Beverages Model-802,Grocery & Pantry,Beverages,Prism,238.74,517.01,1
4802,SKU-AUT-004802,Sol Tools & Equipment Model-803,Automotive,Tools & Equipment,Sol,10.34,25.07,1
4803,SKU-APP-004803,Sol Women's Clothing Model-804,Apparel,Women's Clothing,Sol,402.16,641.41,1
4804,SKU-ELE-004804,Pulse Accessories Model-805,Electronics,Accessories,Pulse,43.51,64.49,1
4805,SKU-AUT-004805,Horizon Interior Accessories Model-806,Automotive,Interior Accessories,Horizon,307.19,571.1,1
4806,SKU-GRO-004806,Vortex Organic Foods Model-807,Grocery & Pantry,Organic Foods,Vortex,141.26,227.97,1
4807,SKU-GRO-004807,Nova Organic Foods Model-808,Grocery & Pantry,Organic Foods,Nova,137.68,214.16,1
4808,SKU-GRO-004808,Echo Canned Goods Model-809,Grocery & Pantry,Canned Goods,Echo,241.25,599.23,1
4809,SKU-GRO-004809,Pulse Beverages Model-810,Grocery & Pantry,Beverages,Pulse,331.35,668.54,1
4810,SKU-HOM-004810,Nova Furniture Model-811,Home & Kitchen,Furniture,Nova,142.48,289.86,1
4811,SKU-APP-004811,Matrix Men's Clothing Model-812,Apparel,Men's Clothing,Matrix,54.02,88.93,1
4812,SKU-SPO-004812,Aura Water Sports Model-813,Sports & Outdoors,Water Sports,Aura,41.86,57.55,1
4813,SKU-TOY-004813,Lumina Educational Toys Model-814,Toys & Games,Educational Toys,Lumina,86.47,125.09,1
4814,SKU-SPO-004814,Aura Fitness Gear Model-815,Sports & Outdoors,Fitness Gear,Aura,448.51,590.18,1
4815,SKU-ELE-004815,Prism Smart Home Model-816,Electronics,Smart Home,Prism,85,145.41,1
4816,SKU-BEA-004816,Sol Haircare Model-817,Beauty & Care,Haircare,Sol,110.17,188.89,1
4817,SKU-SPO-004817,Nova Water Sports Model-818,Sports & Outdoors,Water Sports,Nova,57.86,133.15,1
4818,SKU-BEA-004818,Summit Cosmetics Model-819,Beauty & Care,Cosmetics,Summit,103.71,205.49,1
4819,SKU-TOY-004819,Zenith Outdoor Toys Model-820,Toys & Games,Outdoor Toys,Zenith,287.15,363.55,0
4820,SKU-TOY-004820,Aura Board Games Model-821,Toys & Games,Board Games,Aura,344.32,591.22,1
4821,SKU-SPO-004821,Vortex Camping & Hiking Model-822,Sports & Outdoors,Camping & Hiking,Vortex,321.27,447.85,1
4822,SKU-HOM-004822,Zenith Cookware Model-823,Home & Kitchen,Cookware,Zenith,101.98,249.05,1
4823,SKU-APP-004823,Apex Footwear Model-824,Apparel,Footwear,Apex,297.87,722.41,0
4824,SKU-APP-004824,Aura Sportswear Model-825,Apparel,Sportswear,Aura,259.11,377.41,1
4825,SKU-GRO-004825,Summit Breakfast Model-826,Grocery & Pantry,Breakfast,Summit,223.05,342.65,1
4826,SKU-TOY-004826,Nova Puzzles Model-827,Toys & Games,Puzzles,Nova,276.62,489.52,0
4827,SKU-SPO-004827,Aura Water Sports Model-828,Sports & Outdoors,Water Sports,Aura,312.56,447.3,1
4828,SKU-ELE-004828,Velocity Smart Home Model-829,Electronics,Smart Home,Velocity,84.31,127.16,1
4829,SKU-HOM-004829,Aura Cookware Model-830,Home & Kitchen,Cookware,Aura,343.93,489.62,1
4830,SKU-HOM-004830,Prism Cookware Model-831,Home & Kitchen,Cookware,Prism,251.01,334.88,1
4831,SKU-BEA-004831,Aura Skincare Model-832,Beauty & Care,Skincare,Aura,100.68,151.78,1
4832,SKU-BEA-004832,Pulse Personal Care Model-833,Beauty & Care,Personal Care,Pulse,232.89,533.79,0
4833,SKU-BEA-004833,Sol Skincare Model-834,Beauty & Care,Skincare,Sol,350.31,572.25,1
4834,SKU-AUT-004834,Pulse Oils & Fluids Model-835,Automotive,Oils & Fluids,Pulse,268.69,444.38,1
4835,SKU-TOY-004835,Aura Educational Toys Model-836,Toys & Games,Educational Toys,Aura,370.4,739.34,1
4836,SKU-TOY-004836,Lumina Outdoor Toys Model-837,Toys & Games,Outdoor Toys,Lumina,108.87,221.55,1
4837,SKU-TOY-004837,Summit Board Games Model-838,Toys & Games,Board Games,Summit,297.64,418.75,1
4838,SKU-BEA-004838,Zenith Cosmetics Model-839,Beauty & Care,Cosmetics,Zenith,10.75,26.14,1
4839,SKU-APP-004839,Vortex Accessories Model-840,Apparel,Accessories,Vortex,259.73,436.78,1
4840,SKU-SPO-004840,Pulse Fitness Gear Model-841,Sports & Outdoors,Fitness Gear,Pulse,171.99,223.88,1
4841,SKU-APP-004841,Horizon Men's Clothing Model-842,Apparel,Men's Clothing,Horizon,400.92,732.79,0
4842,SKU-AUT-004842,Sol Interior Accessories Model-843,Automotive,Interior Accessories,Sol,369.02,678.14,1
4843,SKU-ELE-004843,Pulse Smartphones Model-844,Electronics,Smartphones,Pulse,233.45,422.4,1
4844,SKU-GRO-004844,Zenith Beverages Model-845,Grocery & Pantry,Beverages,Zenith,325.12,732.82,1
4845,SKU-SPO-004845,Apex Camping & Hiking Model-846,Sports & Outdoors,Camping & Hiking,Apex,373.31,701.27,1
4846,SKU-ELE-004846,Zenith Smart Home Model-847,Electronics,Smart Home,Zenith,131.56,269.8,1
4847,SKU-SPO-004847,Nova Water Sports Model-848,Sports & Outdoors,Water Sports,Nova,444.08,670.13,1
4848,SKU-GRO-004848,Velocity Canned Goods Model-849,Grocery & Pantry,Canned Goods,Velocity,435.46,879.45,1
4849,SKU-APP-004849,Nova Men's Clothing Model-850,Apparel,Men's Clothing,Nova,307.94,462.33,1
4850,SKU-GRO-004850,Lumina Condiments Model-851,Grocery & Pantry,Condiments,Lumina,195.85,254.86,1
4851,SKU-AUT-004851,Velocity Car Care Model-852,Automotive,Car Care,Velocity,300.38,573.68,1
4852,SKU-GRO-004852,Apex Canned Goods Model-853,Grocery & Pantry,Canned Goods,Apex,290.76,724.78,1
4853,SKU-AUT-004853,Vortex Interior Accessories Model-854,Automotive,Interior Accessories,Vortex,58.05,138.88,1
4854,SKU-APP-004854,Apex Outerwear Model-855,Apparel,Outerwear,Apex,255.13,444.8,1
4855,SKU-SPO-004855,Matrix Cycling Model-856,Sports & Outdoors,Cycling,Matrix,183.75,317.87,0
4856,SKU-HOM-004856,Velocity Small Appliances Model-857,Home & Kitchen,Small Appliances,Velocity,323.06,688.74,1
4857,SKU-AUT-004857,Vortex Car Care Model-858,Automotive,Car Care,Vortex,211.65,369.1,1
4858,SKU-AUT-004858,Velocity Tools & Equipment Model-859,Automotive,Tools & Equipment,Velocity,132.56,306.4,1
4859,SKU-HOM-004859,Apex Storage Model-860,Home & Kitchen,Storage,Apex,354.68,725.33,1
4860,SKU-BEA-004860,Zenith Haircare Model-861,Beauty & Care,Haircare,Zenith,424.23,969.27,1
4861,SKU-BEA-004861,Vortex Haircare Model-862,Beauty & Care,Haircare,Vortex,323.36,695.01,1
4862,SKU-AUT-004862,Pulse Tools & Equipment Model-863,Automotive,Tools & Equipment,Pulse,328.92,760.09,1
4863,SKU-ELE-004863,Echo Audio & Headphones Model-864,Electronics,Audio & Headphones,Echo,350.66,868.35,1
4864,SKU-HOM-004864,Aura Decor Model-865,Home & Kitchen,Decor,Aura,339.24,713.59,1
4865,SKU-APP-004865,Velocity Footwear Model-866,Apparel,Footwear,Velocity,362.54,455.37,1
4866,SKU-GRO-004866,Echo Breakfast Model-867,Grocery & Pantry,Breakfast,Echo,120.91,212.09,0
4867,SKU-TOY-004867,Summit Educational Toys Model-868,Toys & Games,Educational Toys,Summit,193.02,482.46,1
4868,SKU-AUT-004868,Aura Tools & Equipment Model-869,Automotive,Tools & Equipment,Aura,335.23,711.14,1
4869,SKU-GRO-004869,Pulse Condiments Model-870,Grocery & Pantry,Condiments,Pulse,240.53,412.03,1
4870,SKU-ELE-004870,Zenith Laptops Model-871,Electronics,Laptops,Zenith,324.94,810.42,1
4871,SKU-TOY-004871,Apex Outdoor Toys Model-872,Toys & Games,Outdoor Toys,Apex,336.76,554.46,1
4872,SKU-HOM-004872,Horizon Decor Model-873,Home & Kitchen,Decor,Horizon,75.44,122.41,0
4873,SKU-GRO-004873,Summit Snacks Model-874,Grocery & Pantry,Snacks,Summit,102.27,174.83,1
4874,SKU-APP-004874,Aura Women's Clothing Model-875,Apparel,Women's Clothing,Aura,382.3,954.35,1
4875,SKU-SPO-004875,Velocity Camping & Hiking Model-876,Sports & Outdoors,Camping & Hiking,Velocity,251.88,351.61,0
4876,SKU-HOM-004876,Apex Furniture Model-877,Home & Kitchen,Furniture,Apex,177.86,380.33,1
4877,SKU-ELE-004877,Vortex Smartphones Model-878,Electronics,Smartphones,Vortex,124.87,212.41,1
4878,SKU-TOY-004878,Pulse Board Games Model-879,Toys & Games,Board Games,Pulse,127.04,312.89,1
4879,SKU-ELE-004879,Summit Wearables Model-880,Electronics,Wearables,Summit,9.94,16.5,1
4880,SKU-HOM-004880,Sol Decor Model-881,Home & Kitchen,Decor,Sol,381.23,731.31,1
4881,SKU-TOY-004881,Pulse Puzzles Model-882,Toys & Games,Puzzles,Pulse,176.99,422.89,1
4882,SKU-SPO-004882,Titan Fitness Gear Model-883,Sports & Outdoors,Fitness Gear,Titan,355.47,727.43,1
4883,SKU-APP-004883,Vortex Sportswear Model-884,Apparel,Sportswear,Vortex,410.87,1008.83,1
4884,SKU-SPO-004884,Prism Cycling Model-885,Sports & Outdoors,Cycling,Prism,373.76,904.89,1
4885,SKU-BEA-004885,Vortex Fragrances Model-886,Beauty & Care,Fragrances,Vortex,292.66,629.53,1
4886,SKU-HOM-004886,Prism Small Appliances Model-887,Home & Kitchen,Small Appliances,Prism,432.89,991.89,1
4887,SKU-GRO-004887,Vortex Organic Foods Model-888,Grocery & Pantry,Organic Foods,Vortex,183.32,437.52,1
4888,SKU-AUT-004888,Echo Car Care Model-889,Automotive,Car Care,Echo,90.84,127.79,1
4889,SKU-HOM-004889,Pulse Furniture Model-890,Home & Kitchen,Furniture,Pulse,306.92,754.04,1
4890,SKU-APP-004890,Matrix Outerwear Model-891,Apparel,Outerwear,Matrix,258.38,507.23,1
4891,SKU-HOM-004891,Horizon Cookware Model-892,Home & Kitchen,Cookware,Horizon,211.96,514.86,1
4892,SKU-GRO-004892,Nova Breakfast Model-893,Grocery & Pantry,Breakfast,Nova,379.66,660.6,1
4893,SKU-GRO-004893,Lumina Organic Foods Model-894,Grocery & Pantry,Organic Foods,Lumina,193.59,440.81,1
4894,SKU-TOY-004894,Prism Educational Toys Model-895,Toys & Games,Educational Toys,Prism,447.77,873.4,1
4895,SKU-BEA-004895,Velocity Fragrances Model-896,Beauty & Care,Fragrances,Velocity,140.82,287.47,1
4896,SKU-TOY-004896,Pulse Outdoor Toys Model-897,Toys & Games,Outdoor Toys,Pulse,112.11,212.36,0
4897,SKU-GRO-004897,Matrix Condiments Model-898,Grocery & Pantry,Condiments,Matrix,218.52,291.73,1
4898,SKU-AUT-004898,Velocity Tools & Equipment Model-899,Automotive,Tools & Equipment,Velocity,389.61,973.91,1
4899,SKU-GRO-004899,Matrix Snacks Model-900,Grocery & Pantry,Snacks,Matrix,427.34,581.73,1
4900,SKU-HOM-004900,Echo Bedding Model-901,Home & Kitchen,Bedding,Echo,315.63,699.23,1
4901,SKU-BEA-004901,Sol Skincare Model-902,Beauty & Care,Skincare,Sol,27.03,52.34,1
4902,SKU-APP-004902,Prism Men's Clothing Model-903,Apparel,Men's Clothing,Prism,421.86,945.92,1
4903,SKU-GRO-004903,Lumina Beverages Model-904,Grocery & Pantry,Beverages,Lumina,222.25,413.57,0
4904,SKU-HOM-004904,Zenith Furniture Model-905,Home & Kitchen,Furniture,Zenith,285.38,642.34,0
4905,SKU-APP-004905,Horizon Footwear Model-906,Apparel,Footwear,Horizon,171.78,322.31,1
4906,SKU-SPO-004906,Titan Camping & Hiking Model-907,Sports & Outdoors,Camping & Hiking,Titan,326.82,620.74,1
4907,SKU-AUT-004907,Sol Tools & Equipment Model-908,Automotive,Tools & Equipment,Sol,376.29,640.34,1
4908,SKU-TOY-004908,Matrix Educational Toys Model-909,Toys & Games,Educational Toys,Matrix,76.45,153.06,1
4909,SKU-BEA-004909,Velocity Personal Care Model-910,Beauty & Care,Personal Care,Velocity,28.86,60.39,1
4910,SKU-GRO-004910,Velocity Beverages Model-911,Grocery & Pantry,Beverages,Velocity,90.26,154.44,1
4911,SKU-ELE-004911,Apex Laptops Model-912,Electronics,Laptops,Apex,10.08,20.84,1
4912,SKU-BEA-004912,Summit Fragrances Model-913,Beauty & Care,Fragrances,Summit,58.35,110.04,1
4913,SKU-APP-004913,Pulse Footwear Model-914,Apparel,Footwear,Pulse,383.25,676.51,1
4914,SKU-SPO-004914,Lumina Cycling Model-915,Sports & Outdoors,Cycling,Lumina,167.98,211.86,1
4915,SKU-HOM-004915,Vortex Storage Model-916,Home & Kitchen,Storage,Vortex,141.92,350.04,1
4916,SKU-GRO-004916,Matrix Canned Goods Model-917,Grocery & Pantry,Canned Goods,Matrix,413.92,553.43,1
4917,SKU-SPO-004917,Nova Water Sports Model-918,Sports & Outdoors,Water Sports,Nova,210.95,479.22,0
4918,SKU-BEA-004918,Horizon Personal Care Model-919,Beauty & Care,Personal Care,Horizon,247.34,422.9,1
4919,SKU-BEA-004919,Sol Skincare Model-920,Beauty & Care,Skincare,Sol,293.46,428.87,1
4920,SKU-TOY-004920,Echo Outdoor Toys Model-921,Toys & Games,Outdoor Toys,Echo,309.97,481.58,1
4921,SKU-ELE-004921,Titan Accessories Model-922,Electronics,Accessories,Titan,437.39,1042.98,1
4922,SKU-AUT-004922,Nova Car Care Model-923,Automotive,Car Care,Nova,45.1,88.24,1
4923,SKU-GRO-004923,Echo Beverages Model-924,Grocery & Pantry,Beverages,Echo,131.12,283.57,1
4924,SKU-TOY-004924,Apex Board Games Model-925,Toys & Games,Board Games,Apex,83.12,177.33,1
4925,SKU-TOY-004925,Titan Educational Toys Model-926,Toys & Games,Educational Toys,Titan,352.44,455.71,1
4926,SKU-ELE-004926,Velocity Accessories Model-927,Electronics,Accessories,Velocity,134.15,207.34,1
4927,SKU-ELE-004927,Sol Audio & Headphones Model-928,Electronics,Audio & Headphones,Sol,441.82,722.42,1
4928,SKU-TOY-004928,Echo Puzzles Model-929,Toys & Games,Puzzles,Echo,407.45,957.01,1
4929,SKU-HOM-004929,Velocity Storage Model-930,Home & Kitchen,Storage,Velocity,178.57,371.55,0
4930,SKU-SPO-004930,Vortex Camping & Hiking Model-931,Sports & Outdoors,Camping & Hiking,Vortex,29.14,51.12,1
4931,SKU-AUT-004931,Prism Oils & Fluids Model-932,Automotive,Oils & Fluids,Prism,403.83,556.93,1
4932,SKU-HOM-004932,Titan Small Appliances Model-933,Home & Kitchen,Small Appliances,Titan,114.86,210.45,1
4933,SKU-HOM-004933,Summit Bedding Model-934,Home & Kitchen,Bedding,Summit,373.73,554.66,1
4934,SKU-HOM-004934,Echo Storage Model-935,Home & Kitchen,Storage,Echo,252.65,456.87,0
4935,SKU-BEA-004935,Pulse Cosmetics Model-936,Beauty & Care,Cosmetics,Pulse,351.37,658.39,1
4936,SKU-BEA-004936,Apex Skincare Model-937,Beauty & Care,Skincare,Apex,340.42,625.68,1
4937,SKU-HOM-004937,Nova Cookware Model-938,Home & Kitchen,Cookware,Nova,441.96,993.04,1
4938,SKU-BEA-004938,Matrix Personal Care Model-939,Beauty & Care,Personal Care,Matrix,121.73,258.63,1
4939,SKU-TOY-004939,Summit Action Figures Model-940,Toys & Games,Action Figures,Summit,61.39,103.46,1
4940,SKU-APP-004940,Zenith Men's Clothing Model-941,Apparel,Men's Clothing,Zenith,146.45,291.08,1
4941,SKU-HOM-004941,Zenith Small Appliances Model-942,Home & Kitchen,Small Appliances,Zenith,250.36,399.93,1
4942,SKU-HOM-004942,Sol Decor Model-943,Home & Kitchen,Decor,Sol,359.38,559.67,1
4943,SKU-ELE-004943,Sol Smartphones Model-944,Electronics,Smartphones,Sol,78.77,162.21,1
4944,SKU-HOM-004944,Titan Cookware Model-945,Home & Kitchen,Cookware,Titan,419.18,631.68,1
4945,SKU-GRO-004945,Velocity Condiments Model-946,Grocery & Pantry,Condiments,Velocity,25.96,64.28,1
4946,SKU-TOY-004946,Matrix Action Figures Model-947,Toys & Games,Action Figures,Matrix,328.27,652.35,1
4947,SKU-AUT-004947,Velocity Tools & Equipment Model-948,Automotive,Tools & Equipment,Velocity,217.29,520.8,1
4948,SKU-BEA-004948,Velocity Haircare Model-949,Beauty & Care,Haircare,Velocity,440.63,701.41,1
4949,SKU-TOY-004949,Apex Puzzles Model-950,Toys & Games,Puzzles,Apex,76.57,162.86,1
4950,SKU-BEA-004950,Aura Skincare Model-951,Beauty & Care,Skincare,Aura,36.03,60.61,1
4951,SKU-AUT-004951,Horizon Oils & Fluids Model-952,Automotive,Oils & Fluids,Horizon,224.92,365.94,1
4952,SKU-APP-004952,Nova Outerwear Model-953,Apparel,Outerwear,Nova,421.93,763.44,1
4953,SKU-AUT-004953,Pulse Tools & Equipment Model-954,Automotive,Tools & Equipment,Pulse,93.5,163.03,1
4954,SKU-ELE-004954,Horizon Laptops Model-955,Electronics,Laptops,Horizon,28.32,54.73,1
4955,SKU-HOM-004955,Pulse Cookware Model-956,Home & Kitchen,Cookware,Pulse,361.24,574.9,1
4956,SKU-TOY-004956,Matrix Outdoor Toys Model-957,Toys & Games,Outdoor Toys,Matrix,368.62,910.83,1
4957,SKU-TOY-004957,Titan Puzzles Model-958,Toys & Games,Puzzles,Titan,254.47,503.29,1
4958,SKU-AUT-004958,Lumina Tools & Equipment Model-959,Automotive,Tools & Equipment,Lumina,48.42,79.11,1
4959,SKU-APP-004959,Zenith Sportswear Model-960,Apparel,Sportswear,Zenith,37.58,62.43,1
4960,SKU-APP-004960,Echo Accessories Model-961,Apparel,Accessories,Echo,260.38,442.35,1
4961,SKU-SPO-004961,Titan Camping & Hiking Model-962,Sports & Outdoors,Camping & Hiking,Titan,428.78,616.13,1
4962,SKU-SPO-004962,Echo Water Sports Model-963,Sports & Outdoors,Water Sports,Echo,300.13,659.05,1
4963,SKU-GRO-004963,Matrix Beverages Model-964,Grocery & Pantry,Beverages,Matrix,144.94,356.97,1
4964,SKU-APP-004964,Velocity Accessories Model-965,Apparel,Accessories,Velocity,280.48,680.66,1
4965,SKU-BEA-004965,Vortex Personal Care Model-966,Beauty & Care,Personal Care,Vortex,270.34,605.71,1
4966,SKU-HOM-004966,Lumina Furniture Model-967,Home & Kitchen,Furniture,Lumina,380.26,754.59,1
4967,SKU-GRO-004967,Echo Snacks Model-968,Grocery & Pantry,Snacks,Echo,437.43,563.36,1
4968,SKU-GRO-004968,Horizon Canned Goods Model-969,Grocery & Pantry,Canned Goods,Horizon,95.18,169.63,1
4969,SKU-ELE-004969,Prism Audio & Headphones Model-970,Electronics,Audio & Headphones,Prism,398.19,704.75,1
4970,SKU-HOM-004970,Apex Decor Model-971,Home & Kitchen,Decor,Apex,95.47,148.38,1
4971,SKU-BEA-004971,Velocity Haircare Model-972,Beauty & Care,Haircare,Velocity,316.34,579.56,1
4972,SKU-APP-004972,Velocity Outerwear Model-973,Apparel,Outerwear,Velocity,142.27,286.87,1
4973,SKU-AUT-004973,Velocity Tools & Equipment Model-974,Automotive,Tools & Equipment,Velocity,222.86,321.96,1
4974,SKU-APP-004974,Vortex Outerwear Model-975,Apparel,Outerwear,Vortex,425.9,663.36,1
4975,SKU-SPO-004975,Vortex Cycling Model-976,Sports & Outdoors,Cycling,Vortex,378.99,640.71,1
4976,SKU-BEA-004976,Pulse Skincare Model-977,Beauty & Care,Skincare,Pulse,346.61,494.88,1
4977,SKU-SPO-004977,Vortex Cycling Model-978,Sports & Outdoors,Cycling,Vortex,246.06,508.72,1
4978,SKU-GRO-004978,Matrix Snacks Model-979,Grocery & Pantry,Snacks,Matrix,353.71,664.47,1
4979,SKU-GRO-004979,Matrix Condiments Model-980,Grocery & Pantry,Condiments,Matrix,30.74,40.93,1
4980,SKU-AUT-004980,Summit Tools & Equipment Model-981,Automotive,Tools & Equipment,Summit,97.37,181.08,1
4981,SKU-GRO-004981,Vortex Condiments Model-982,Grocery & Pantry,Condiments,Vortex,323.97,803.71,1
4982,SKU-AUT-004982,Apex Tools & Equipment Model-983,Automotive,Tools & Equipment,Apex,102.99,146.51,1
4983,SKU-BEA-004983,Echo Personal Care Model-984,Beauty & Care,Personal Care,Echo,135.31,196.9,1
4984,SKU-TOY-004984,Nova Outdoor Toys Model-985,Toys & Games,Outdoor Toys,Nova,82.14,165.09,1
4985,SKU-GRO-004985,Horizon Beverages Model-986,Grocery & Pantry,Beverages,Horizon,288.59,704.7,1
4986,SKU-ELE-004986,Pulse Laptops Model-987,Electronics,Laptops,Pulse,261.8,584.56,1
4987,SKU-APP-004987,Summit Accessories Model-988,Apparel,Accessories,Summit,161.93,285.85,1
4988,SKU-HOM-004988,Matrix Furniture Model-989,Home & Kitchen,Furniture,Matrix,380.74,795.95,1
4989,SKU-AUT-004989,Velocity Car Care Model-990,Automotive,Car Care,Velocity,54.92,125.58,1
4990,SKU-APP-004990,Lumina Men's Clothing Model-991,Apparel,Men's Clothing,Lumina,182.4,346.04,1
4991,SKU-APP-004991,Nova Men's Clothing Model-992,Apparel,Men's Clothing,Nova,46.3,88.38,1
4992,SKU-SPO-004992,Aura Water Sports Model-993,Sports & Outdoors,Water Sports,Aura,287.86,390.24,1
4993,SKU-TOY-004993,Lumina Outdoor Toys Model-994,Toys & Games,Outdoor Toys,Lumina,440.09,858.64,1
4994,SKU-APP-004994,Vortex Men's Clothing Model-995,Apparel,Men's Clothing,Vortex,276.92,501.52,1
4995,SKU-TOY-004995,Sol Puzzles Model-996,Toys & Games,Puzzles,Sol,100.27,167.42,1
4996,SKU-BEA-004996,Velocity Haircare Model-997,Beauty & Care,Haircare,Velocity,212.06,401.08,1
4997,SKU-APP-004997,Apex Outerwear Model-998,Apparel,Outerwear,Apex,376.71,794.01,1
4998,SKU-SPO-004998,Titan Fitness Gear Model-999,Sports & Outdoors,Fitness Gear,Titan,235.92,572.27,1
4999,SKU-APP-004999,Matrix Men's Clothing Model-1000,Apparel,Men's Clothing,Matrix,5.45,7.4,1
5000,SKU-SPO-005000,Zenith Cycling Model-001,Sports & Outdoors,Cycling,Zenith,206.15,261.2,1
5001,SKU-ELE-005001,Echo Wearables Model-002,Electronics,Wearables,Echo,320.18,792.35,1
5002,SKU-SPO-005002,Lumina Team Sports Model-003,Sports & Outdoors,Team Sports,Lumina,7.69,16.23,1
5003,SKU-BEA-005003,Prism Fragrances Model-004,Beauty & Care,Fragrances,Prism,328.35,789.34,1
5004,SKU-APP-005004,Prism Sportswear Model-005,Apparel,Sportswear,Prism,164.56,219.01,1
5005,SKU-TOY-005005,Velocity Puzzles Model-006,Toys & Games,Puzzles,Velocity,136.85,278.7,1
5006,SKU-GRO-005006,Matrix Breakfast Model-007,Grocery & Pantry,Breakfast,Matrix,137.47,335.82,1
5007,SKU-AUT-005007,Prism Oils & Fluids Model-008,Automotive,Oils & Fluids,Prism,18.94,33.11,0
5008,SKU-AUT-005008,Aura Tools & Equipment Model-009,Automotive,Tools & Equipment,Aura,69.1,101.17,1
5009,SKU-HOM-005009,Vortex Cookware Model-010,Home & Kitchen,Cookware,Vortex,117.29,275.85,1
5010,SKU-ELE-005010,Nova Accessories Model-011,Electronics,Accessories,Nova,74.51,106.96,1
5011,SKU-BEA-005011,Vortex Cosmetics Model-012,Beauty & Care,Cosmetics,Vortex,13.15,25.79,1
5012,SKU-GRO-005012,Horizon Snacks Model-013,Grocery & Pantry,Snacks,Horizon,332.91,686.89,1
5013,SKU-HOM-005013,Horizon Furniture Model-014,Home & Kitchen,Furniture,Horizon,182.73,387,1
5014,SKU-BEA-005014,Matrix Haircare Model-015,Beauty & Care,Haircare,Matrix,180.9,227.42,1
5015,SKU-GRO-005015,Nova Snacks Model-016,Grocery & Pantry,Snacks,Nova,133.09,278.99,1
5016,SKU-BEA-005016,Lumina Haircare Model-017,Beauty & Care,Haircare,Lumina,123.97,257.34,1
5017,SKU-TOY-005017,Horizon Outdoor Toys Model-018,Toys & Games,Outdoor Toys,Horizon,108.61,222.62,1
5018,SKU-HOM-005018,Summit Furniture Model-019,Home & Kitchen,Furniture,Summit,411,936.31,1
5019,SKU-APP-005019,Horizon Women's Clothing Model-020,Apparel,Women's Clothing,Horizon,309.34,547.49,1
5020,SKU-ELE-005020,Prism Accessories Model-021,Electronics,Accessories,Prism,83.42,105.68,1
5021,SKU-ELE-005021,Titan Laptops Model-022,Electronics,Laptops,Titan,220.13,304.77,1
5022,SKU-HOM-005022,Nova Small Appliances Model-023,Home & Kitchen,Small Appliances,Nova,59.25,131.25,1
5023,SKU-TOY-005023,Nova Outdoor Toys Model-024,Toys & Games,Outdoor Toys,Nova,126.75,258.19,1
5024,SKU-HOM-005024,Matrix Small Appliances Model-025,Home & Kitchen,Small Appliances,Matrix,83.86,144.64,1
5025,SKU-TOY-005025,Zenith Outdoor Toys Model-026,Toys & Games,Outdoor Toys,Zenith,47.02,63.42,1
5026,SKU-BEA-005026,Summit Skincare Model-027,Beauty & Care,Skincare,Summit,218.88,499.94,1
5027,SKU-ELE-005027,Lumina Accessories Model-028,Electronics,Accessories,Lumina,212.35,528.54,1
5028,SKU-AUT-005028,Prism Oils & Fluids Model-029,Automotive,Oils & Fluids,Prism,220.67,502.07,1
5029,SKU-ELE-005029,Apex Smartphones Model-030,Electronics,Smartphones,Apex,357.31,771.49,1
5030,SKU-GRO-005030,Lumina Beverages Model-031,Grocery & Pantry,Beverages,Lumina,159.34,207.83,1
5031,SKU-HOM-005031,Horizon Bedding Model-032,Home & Kitchen,Bedding,Horizon,89.49,189.41,1
5032,SKU-TOY-005032,Vortex Puzzles Model-033,Toys & Games,Puzzles,Vortex,241.71,352.53,1
5033,SKU-AUT-005033,Velocity Car Care Model-034,Automotive,Car Care,Velocity,242.08,437.1,1
5034,SKU-TOY-005034,Prism Educational Toys Model-035,Toys & Games,Educational Toys,Prism,293.05,415.2,1
5035,SKU-AUT-005035,Aura Tools & Equipment Model-036,Automotive,Tools & Equipment,Aura,90.63,134.34,1
5036,SKU-TOY-005036,Titan Board Games Model-037,Toys & Games,Board Games,Titan,106.77,219.41,1
5037,SKU-TOY-005037,Summit Educational Toys Model-038,Toys & Games,Educational Toys,Summit,307.09,516.16,1
5038,SKU-GRO-005038,Aura Snacks Model-039,Grocery & Pantry,Snacks,Aura,24.06,34.06,1
5039,SKU-AUT-005039,Pulse Car Care Model-040,Automotive,Car Care,Pulse,316.54,616.86,0
5040,SKU-AUT-005040,Sol Car Care Model-041,Automotive,Car Care,Sol,315.59,743.24,0
5041,SKU-GRO-005041,Apex Snacks Model-042,Grocery & Pantry,Snacks,Apex,130.04,287.77,1
5042,SKU-HOM-005042,Titan Small Appliances Model-043,Home & Kitchen,Small Appliances,Titan,5.37,13.21,1
5043,SKU-APP-005043,Horizon Accessories Model-044,Apparel,Accessories,Horizon,431.38,938.8,1
5044,SKU-TOY-005044,Prism Outdoor Toys Model-045,Toys & Games,Outdoor Toys,Prism,88.68,197.74,1
5045,SKU-TOY-005045,Lumina Board Games Model-046,Toys & Games,Board Games,Lumina,311.05,614.3,1
5046,SKU-AUT-005046,Velocity Tools & Equipment Model-047,Automotive,Tools & Equipment,Velocity,449.71,717.59,1
5047,SKU-ELE-005047,Prism Smartphones Model-048,Electronics,Smartphones,Prism,298.56,374.24,1
5048,SKU-HOM-005048,Vortex Small Appliances Model-049,Home & Kitchen,Small Appliances,Vortex,116.29,179.64,1
5049,SKU-GRO-005049,Horizon Beverages Model-050,Grocery & Pantry,Beverages,Horizon,431.55,1002.44,1
5050,SKU-HOM-005050,Aura Cookware Model-051,Home & Kitchen,Cookware,Aura,311.76,647.95,1
5051,SKU-ELE-005051,Sol Smartphones Model-052,Electronics,Smartphones,Sol,25.31,61.18,1
5052,SKU-AUT-005052,Matrix Car Care Model-053,Automotive,Car Care,Matrix,360.47,544.47,1
5053,SKU-GRO-005053,Lumina Beverages Model-054,Grocery & Pantry,Beverages,Lumina,34.73,64.22,1
5054,SKU-TOY-005054,Echo Outdoor Toys Model-055,Toys & Games,Outdoor Toys,Echo,67.9,138.53,1
5055,SKU-BEA-005055,Horizon Skincare Model-056,Beauty & Care,Skincare,Horizon,138.24,342.26,1
5056,SKU-ELE-005056,Velocity Accessories Model-057,Electronics,Accessories,Velocity,264.9,403.84,1
5057,SKU-BEA-005057,Horizon Cosmetics Model-058,Beauty & Care,Cosmetics,Horizon,236.1,583.1,1
5058,SKU-SPO-005058,Matrix Water Sports Model-059,Sports & Outdoors,Water Sports,Matrix,389.25,708.67,1
5059,SKU-SPO-005059,Nova Water Sports Model-060,Sports & Outdoors,Water Sports,Nova,138.21,321.14,1
5060,SKU-SPO-005060,Velocity Fitness Gear Model-061,Sports & Outdoors,Fitness Gear,Velocity,395.3,833.8,1
5061,SKU-ELE-005061,Titan Smartphones Model-062,Electronics,Smartphones,Titan,118.86,227.75,1
5062,SKU-AUT-005062,Zenith Car Care Model-063,Automotive,Car Care,Zenith,63.83,87.43,1
5063,SKU-GRO-005063,Sol Snacks Model-064,Grocery & Pantry,Snacks,Sol,9.45,12.41,1
5064,SKU-GRO-005064,Sol Canned Goods Model-065,Grocery & Pantry,Canned Goods,Sol,24.46,47.89,1
5065,SKU-BEA-005065,Matrix Personal Care Model-066,Beauty & Care,Personal Care,Matrix,72.22,171.31,1
5066,SKU-HOM-005066,Sol Decor Model-067,Home & Kitchen,Decor,Sol,418.09,691.07,0
5067,SKU-ELE-005067,Lumina Smartphones Model-068,Electronics,Smartphones,Lumina,302.72,660.35,1
5068,SKU-APP-005068,Echo Outerwear Model-069,Apparel,Outerwear,Echo,149.58,343.9,1
5069,SKU-SPO-005069,Apex Fitness Gear Model-070,Sports & Outdoors,Fitness Gear,Apex,102.95,131.6,1
5070,SKU-GRO-005070,Apex Breakfast Model-071,Grocery & Pantry,Breakfast,Apex,160.05,206.66,1
5071,SKU-GRO-005071,Prism Condiments Model-072,Grocery & Pantry,Condiments,Prism,251.74,558.7,1
5072,SKU-GRO-005072,Aura Condiments Model-073,Grocery & Pantry,Condiments,Aura,205.71,376.48,1
5073,SKU-TOY-005073,Sol Puzzles Model-074,Toys & Games,Puzzles,Sol,221.54,471.69,1
5074,SKU-APP-005074,Nova Men's Clothing Model-075,Apparel,Men's Clothing,Nova,73.87,100.21,1
5075,SKU-HOM-005075,Vortex Furniture Model-076,Home & Kitchen,Furniture,Vortex,385.41,792.08,1
5076,SKU-BEA-005076,Pulse Personal Care Model-077,Beauty & Care,Personal Care,Pulse,201.06,492.48,1
5077,SKU-APP-005077,Nova Outerwear Model-078,Apparel,Outerwear,Nova,218.99,535.73,1
5078,SKU-TOY-005078,Zenith Outdoor Toys Model-079,Toys & Games,Outdoor Toys,Zenith,295.97,507.53,1
5079,SKU-BEA-005079,Summit Haircare Model-080,Beauty & Care,Haircare,Summit,352.36,832.25,1
5080,SKU-TOY-005080,Horizon Puzzles Model-081,Toys & Games,Puzzles,Horizon,56.8,129.09,1
5081,SKU-SPO-005081,Nova Water Sports Model-082,Sports & Outdoors,Water Sports,Nova,56.74,122.15,1
5082,SKU-ELE-005082,Horizon Smartphones Model-083,Electronics,Smartphones,Horizon,196.62,329.7,1
5083,SKU-BEA-005083,Sol Fragrances Model-084,Beauty & Care,Fragrances,Sol,355.33,762.13,1
5084,SKU-TOY-005084,Horizon Puzzles Model-085,Toys & Games,Puzzles,Horizon,349.45,562.73,1
5085,SKU-SPO-005085,Zenith Fitness Gear Model-086,Sports & Outdoors,Fitness Gear,Zenith,380.53,705.69,1
5086,SKU-AUT-005086,Matrix Car Care Model-087,Automotive,Car Care,Matrix,26.48,40.5,1
5087,SKU-ELE-005087,Lumina Smartphones Model-088,Electronics,Smartphones,Lumina,337.28,496,1
5088,SKU-TOY-005088,Nova Action Figures Model-089,Toys & Games,Action Figures,Nova,193.63,347.81,0
5089,SKU-GRO-005089,Nova Canned Goods Model-090,Grocery & Pantry,Canned Goods,Nova,232.8,481.48,0
5090,SKU-GRO-005090,Nova Snacks Model-091,Grocery & Pantry,Snacks,Nova,256.29,599.32,1
5091,SKU-SPO-005091,Pulse Team Sports Model-092,Sports & Outdoors,Team Sports,Pulse,334.72,562.74,1
5092,SKU-HOM-005092,Echo Bedding Model-093,Home & Kitchen,Bedding,Echo,386.52,618.23,1
5093,SKU-BEA-005093,Aura Haircare Model-094,Beauty & Care,Haircare,Aura,198.92,435.78,1
5094,SKU-TOY-005094,Velocity Educational Toys Model-095,Toys & Games,Educational Toys,Velocity,301.26,590.91,1
5095,SKU-AUT-005095,Pulse Oils & Fluids Model-096,Automotive,Oils & Fluids,Pulse,179.34,381.77,1
5096,SKU-AUT-005096,Nova Car Care Model-097,Automotive,Car Care,Nova,383.73,739.69,1
5097,SKU-BEA-005097,Prism Skincare Model-098,Beauty & Care,Skincare,Prism,111.42,193.96,1
5098,SKU-GRO-005098,Prism Canned Goods Model-099,Grocery & Pantry,Canned Goods,Prism,14.86,23.49,1
5099,SKU-APP-005099,Sol Men's Clothing Model-100,Apparel,Men's Clothing,Sol,171.18,273.51,1
5100,SKU-TOY-005100,Echo Outdoor Toys Model-101,Toys & Games,Outdoor Toys,Echo,170.35,387.96,1
5101,SKU-BEA-005101,Velocity Personal Care Model-102,Beauty & Care,Personal Care,Velocity,45.62,80.95,1
5102,SKU-APP-005102,Sol Outerwear Model-103,Apparel,Outerwear,Sol,420.4,590.8,1
5103,SKU-GRO-005103,Sol Breakfast Model-104,Grocery & Pantry,Breakfast,Sol,235.47,392.28,1
5104,SKU-GRO-005104,Velocity Organic Foods Model-105,Grocery & Pantry,Organic Foods,Velocity,29.35,43.48,1
5105,SKU-BEA-005105,Pulse Fragrances Model-106,Beauty & Care,Fragrances,Pulse,232.21,539.87,1
5106,SKU-GRO-005106,Vortex Beverages Model-107,Grocery & Pantry,Beverages,Vortex,112.01,170.54,1
5107,SKU-APP-005107,Zenith Men's Clothing Model-108,Apparel,Men's Clothing,Zenith,356.86,795.35,1
5108,SKU-TOY-005108,Velocity Educational Toys Model-109,Toys & Games,Educational Toys,Velocity,392.93,864.1,1
5109,SKU-GRO-005109,Titan Snacks Model-110,Grocery & Pantry,Snacks,Titan,443.49,1057.92,1
5110,SKU-ELE-005110,Pulse Accessories Model-111,Electronics,Accessories,Pulse,256.25,363.39,1
5111,SKU-HOM-005111,Vortex Small Appliances Model-112,Home & Kitchen,Small Appliances,Vortex,295.96,651.13,1
5112,SKU-HOM-005112,Vortex Storage Model-113,Home & Kitchen,Storage,Vortex,374.93,569.78,1
5113,SKU-TOY-005113,Matrix Puzzles Model-114,Toys & Games,Puzzles,Matrix,170.97,419.81,1
5114,SKU-SPO-005114,Prism Fitness Gear Model-115,Sports & Outdoors,Fitness Gear,Prism,94.44,144.95,1
5115,SKU-TOY-005115,Velocity Educational Toys Model-116,Toys & Games,Educational Toys,Velocity,163.05,352.66,1
5116,SKU-GRO-005116,Summit Organic Foods Model-117,Grocery & Pantry,Organic Foods,Summit,366.15,712.47,1
5117,SKU-HOM-005117,Vortex Decor Model-118,Home & Kitchen,Decor,Vortex,193.18,425.51,1
5118,SKU-AUT-005118,Prism Car Care Model-119,Automotive,Car Care,Prism,28.01,61.66,1
5119,SKU-APP-005119,Lumina Sportswear Model-120,Apparel,Sportswear,Lumina,156.19,365.87,1
5120,SKU-AUT-005120,Velocity Interior Accessories Model-121,Automotive,Interior Accessories,Velocity,290.81,669.15,1
5121,SKU-SPO-005121,Matrix Cycling Model-122,Sports & Outdoors,Cycling,Matrix,62.52,88.93,1
5122,SKU-SPO-005122,Vortex Fitness Gear Model-123,Sports & Outdoors,Fitness Gear,Vortex,289.94,519.2,1
5123,SKU-AUT-005123,Pulse Tools & Equipment Model-124,Automotive,Tools & Equipment,Pulse,302.09,663.62,1
5124,SKU-HOM-005124,Velocity Cookware Model-125,Home & Kitchen,Cookware,Velocity,199.94,479.21,1
5125,SKU-APP-005125,Sol Outerwear Model-126,Apparel,Outerwear,Sol,194.78,358.23,1
5126,SKU-AUT-005126,Lumina Car Care Model-127,Automotive,Car Care,Lumina,12.82,20.63,1
5127,SKU-HOM-005127,Sol Cookware Model-128,Home & Kitchen,Cookware,Sol,61.48,101.93,1
5128,SKU-ELE-005128,Zenith Wearables Model-129,Electronics,Wearables,Zenith,23.82,43.45,1
5129,SKU-ELE-005129,Titan Accessories Model-130,Electronics,Accessories,Titan,430.23,946.11,1
5130,SKU-SPO-005130,Sol Camping & Hiking Model-131,Sports & Outdoors,Camping & Hiking,Sol,199.19,492.32,1
5131,SKU-AUT-005131,Lumina Car Care Model-132,Automotive,Car Care,Lumina,238.13,300.59,1
5132,SKU-SPO-005132,Titan Water Sports Model-133,Sports & Outdoors,Water Sports,Titan,152.68,362.57,1
5133,SKU-HOM-005133,Titan Cookware Model-134,Home & Kitchen,Cookware,Titan,373.16,726.46,1
5134,SKU-GRO-005134,Apex Organic Foods Model-135,Grocery & Pantry,Organic Foods,Apex,180.64,246.66,1
5135,SKU-APP-005135,Velocity Accessories Model-136,Apparel,Accessories,Velocity,171.52,375.29,1
5136,SKU-HOM-005136,Prism Decor Model-137,Home & Kitchen,Decor,Prism,75.86,152.95,1
5137,SKU-AUT-005137,Pulse Interior Accessories Model-138,Automotive,Interior Accessories,Pulse,126.91,226.98,1
5138,SKU-BEA-005138,Horizon Cosmetics Model-139,Beauty & Care,Cosmetics,Horizon,249.94,512.96,1
5139,SKU-APP-005139,Matrix Accessories Model-140,Apparel,Accessories,Matrix,53.26,129.58,1
5140,SKU-AUT-005140,Velocity Interior Accessories Model-141,Automotive,Interior Accessories,Velocity,412.71,632.96,1
5141,SKU-TOY-005141,Summit Outdoor Toys Model-142,Toys & Games,Outdoor Toys,Summit,302.34,539.29,1
5142,SKU-APP-005142,Aura Accessories Model-143,Apparel,Accessories,Aura,391.77,861.21,1
5143,SKU-SPO-005143,Echo Team Sports Model-144,Sports & Outdoors,Team Sports,Echo,179.24,244.63,1
5144,SKU-SPO-005144,Velocity Camping & Hiking Model-145,Sports & Outdoors,Camping & Hiking,Velocity,230.25,433.84,1
5145,SKU-SPO-005145,Titan Team Sports Model-146,Sports & Outdoors,Team Sports,Titan,36.86,78.55,1
5146,SKU-ELE-005146,Apex Smartphones Model-147,Electronics,Smartphones,Apex,108.46,143.1,1
5147,SKU-BEA-005147,Velocity Personal Care Model-148,Beauty & Care,Personal Care,Velocity,147.43,223.05,1
5148,SKU-ELE-005148,Zenith Smartphones Model-149,Electronics,Smartphones,Zenith,122.55,276.36,1
5149,SKU-AUT-005149,Titan Car Care Model-150,Automotive,Car Care,Titan,326.05,483.91,1
5150,SKU-BEA-005150,Echo Fragrances Model-151,Beauty & Care,Fragrances,Echo,57.79,95.83,1
5151,SKU-APP-005151,Apex Footwear Model-152,Apparel,Footwear,Apex,350.91,781.44,1
5152,SKU-AUT-005152,Lumina Tools & Equipment Model-153,Automotive,Tools & Equipment,Lumina,356.47,712.38,0
5153,SKU-SPO-005153,Lumina Fitness Gear Model-154,Sports & Outdoors,Fitness Gear,Lumina,28.43,59.71,1
5154,SKU-TOY-005154,Lumina Puzzles Model-155,Toys & Games,Puzzles,Lumina,252.41,401.97,0
5155,SKU-GRO-005155,Sol Breakfast Model-156,Grocery & Pantry,Breakfast,Sol,336.91,495.64,1
5156,SKU-GRO-005156,Apex Canned Goods Model-157,Grocery & Pantry,Canned Goods,Apex,208.97,395.14,1
5157,SKU-SPO-005157,Echo Fitness Gear Model-158,Sports & Outdoors,Fitness Gear,Echo,280.46,384.5,1
5158,SKU-GRO-005158,Lumina Organic Foods Model-159,Grocery & Pantry,Organic Foods,Lumina,337.25,642.21,1
5159,SKU-GRO-005159,Prism Breakfast Model-160,Grocery & Pantry,Breakfast,Prism,368.93,681.99,1
5160,SKU-APP-005160,Horizon Men's Clothing Model-161,Apparel,Men's Clothing,Horizon,430.28,703.21,1
5161,SKU-AUT-005161,Zenith Oils & Fluids Model-162,Automotive,Oils & Fluids,Zenith,336.95,651.11,1
5162,SKU-SPO-005162,Zenith Team Sports Model-163,Sports & Outdoors,Team Sports,Zenith,214.73,457.83,0
5163,SKU-SPO-005163,Summit Water Sports Model-164,Sports & Outdoors,Water Sports,Summit,145.33,295.66,1
5164,SKU-BEA-005164,Zenith Haircare Model-165,Beauty & Care,Haircare,Zenith,139.45,315.93,1
5165,SKU-HOM-005165,Prism Small Appliances Model-166,Home & Kitchen,Small Appliances,Prism,216.81,397.08,1
5166,SKU-ELE-005166,Zenith Smart Home Model-167,Electronics,Smart Home,Zenith,53.28,95.15,1
5167,SKU-GRO-005167,Echo Snacks Model-168,Grocery & Pantry,Snacks,Echo,371.62,736.02,1
5168,SKU-AUT-005168,Titan Oils & Fluids Model-169,Automotive,Oils & Fluids,Titan,356.46,639.44,1
5169,SKU-ELE-005169,Nova Laptops Model-170,Electronics,Laptops,Nova,41.23,92.77,1
5170,SKU-HOM-005170,Nova Decor Model-171,Home & Kitchen,Decor,Nova,135.86,305.86,1
5171,SKU-TOY-005171,Matrix Outdoor Toys Model-172,Toys & Games,Outdoor Toys,Matrix,265.72,493.45,1
5172,SKU-APP-005172,Aura Footwear Model-173,Apparel,Footwear,Aura,82.66,142.66,1
5173,SKU-SPO-005173,Matrix Fitness Gear Model-174,Sports & Outdoors,Fitness Gear,Matrix,361.17,874.47,1
5174,SKU-SPO-005174,Pulse Water Sports Model-175,Sports & Outdoors,Water Sports,Pulse,74.95,137.05,1
5175,SKU-BEA-005175,Horizon Cosmetics Model-176,Beauty & Care,Cosmetics,Horizon,47.52,87.7,1
5176,SKU-BEA-005176,Apex Fragrances Model-177,Beauty & Care,Fragrances,Apex,292.84,600.14,1
5177,SKU-TOY-005177,Sol Board Games Model-178,Toys & Games,Board Games,Sol,205.39,369.58,1
5178,SKU-ELE-005178,Aura Smartphones Model-179,Electronics,Smartphones,Aura,410.52,817.63,1
5179,SKU-BEA-005179,Aura Personal Care Model-180,Beauty & Care,Personal Care,Aura,232.53,339.04,1
5180,SKU-APP-005180,Prism Outerwear Model-181,Apparel,Outerwear,Prism,152.93,204.11,1
5181,SKU-ELE-005181,Sol Laptops Model-182,Electronics,Laptops,Sol,227.74,458.65,1
5182,SKU-ELE-005182,Sol Laptops Model-183,Electronics,Laptops,Sol,323.52,783.65,1
5183,SKU-ELE-005183,Sol Smartphones Model-184,Electronics,Smartphones,Sol,80.92,128.21,1
5184,SKU-AUT-005184,Zenith Car Care Model-185,Automotive,Car Care,Zenith,272.02,549.48,1
5185,SKU-AUT-005185,Titan Oils & Fluids Model-186,Automotive,Oils & Fluids,Titan,407.72,1003.51,0
5186,SKU-BEA-005186,Echo Haircare Model-187,Beauty & Care,Haircare,Echo,31.57,49.7,1
5187,SKU-HOM-005187,Pulse Cookware Model-188,Home & Kitchen,Cookware,Pulse,21.25,31.36,1
5188,SKU-AUT-005188,Lumina Tools & Equipment Model-189,Automotive,Tools & Equipment,Lumina,196.31,416.35,1
5189,SKU-APP-005189,Apex Men's Clothing Model-190,Apparel,Men's Clothing,Apex,311.85,686.37,1
5190,SKU-TOY-005190,Horizon Puzzles Model-191,Toys & Games,Puzzles,Horizon,314.48,703.45,1
5191,SKU-GRO-005191,Vortex Beverages Model-192,Grocery & Pantry,Beverages,Vortex,244.31,609.65,0
5192,SKU-AUT-005192,Summit Oils & Fluids Model-193,Automotive,Oils & Fluids,Summit,184.72,276.86,1
5193,SKU-SPO-005193,Matrix Fitness Gear Model-194,Sports & Outdoors,Fitness Gear,Matrix,51.36,91.2,1
5194,SKU-ELE-005194,Apex Accessories Model-195,Electronics,Accessories,Apex,412.05,710.5,1
5195,SKU-TOY-005195,Matrix Educational Toys Model-196,Toys & Games,Educational Toys,Matrix,138.69,301.93,1
5196,SKU-GRO-005196,Summit Snacks Model-197,Grocery & Pantry,Snacks,Summit,101.97,206.94,1
5197,SKU-HOM-005197,Pulse Furniture Model-198,Home & Kitchen,Furniture,Pulse,141.71,260.56,1
5198,SKU-TOY-005198,Summit Action Figures Model-199,Toys & Games,Action Figures,Summit,74.47,133.92,1
5199,SKU-BEA-005199,Titan Skincare Model-200,Beauty & Care,Skincare,Titan,51.01,87.47,1
5200,SKU-BEA-005200,Velocity Haircare Model-201,Beauty & Care,Haircare,Velocity,354.65,728.12,0
5201,SKU-ELE-005201,Lumina Wearables Model-202,Electronics,Wearables,Lumina,337.55,514,1
5202,SKU-APP-005202,Velocity Outerwear Model-203,Apparel,Outerwear,Velocity,193.45,277.89,1
5203,SKU-HOM-005203,Prism Storage Model-204,Home & Kitchen,Storage,Prism,367.85,681.98,1
5204,SKU-AUT-005204,Vortex Car Care Model-205,Automotive,Car Care,Vortex,335.06,706.48,1
5205,SKU-BEA-005205,Titan Fragrances Model-206,Beauty & Care,Fragrances,Titan,429.99,1071.18,1
5206,SKU-GRO-005206,Aura Condiments Model-207,Grocery & Pantry,Condiments,Aura,282.9,397.19,1
5207,SKU-ELE-005207,Vortex Laptops Model-208,Electronics,Laptops,Vortex,208.83,430.17,1
5208,SKU-ELE-005208,Vortex Wearables Model-209,Electronics,Wearables,Vortex,117.79,166.54,0
5209,SKU-SPO-005209,Horizon Team Sports Model-210,Sports & Outdoors,Team Sports,Horizon,236.58,574.85,1
5210,SKU-APP-005210,Zenith Women's Clothing Model-211,Apparel,Women's Clothing,Zenith,149.99,342.77,1
5211,SKU-SPO-005211,Matrix Team Sports Model-212,Sports & Outdoors,Team Sports,Matrix,434.69,990.85,1
5212,SKU-HOM-005212,Echo Bedding Model-213,Home & Kitchen,Bedding,Echo,437.5,948.1,1
5213,SKU-GRO-005213,Prism Beverages Model-214,Grocery & Pantry,Beverages,Prism,214.55,496.05,1
5214,SKU-HOM-005214,Matrix Decor Model-215,Home & Kitchen,Decor,Matrix,86.48,109.23,1
5215,SKU-ELE-005215,Sol Wearables Model-216,Electronics,Wearables,Sol,143.41,346.84,1
5216,SKU-APP-005216,Nova Women's Clothing Model-217,Apparel,Women's Clothing,Nova,401.48,796.49,1
5217,SKU-AUT-005217,Zenith Oils & Fluids Model-218,Automotive,Oils & Fluids,Zenith,206.31,471.24,1
5218,SKU-AUT-005218,Summit Car Care Model-219,Automotive,Car Care,Summit,298.14,531.78,1
5219,SKU-AUT-005219,Summit Interior Accessories Model-220,Automotive,Interior Accessories,Summit,123.66,231.8,1
5220,SKU-BEA-005220,Pulse Haircare Model-221,Beauty & Care,Haircare,Pulse,335.14,714.29,1
5221,SKU-ELE-005221,Zenith Wearables Model-222,Electronics,Wearables,Zenith,263.89,524.35,1
5222,SKU-GRO-005222,Sol Condiments Model-223,Grocery & Pantry,Condiments,Sol,375.73,638.59,0
5223,SKU-SPO-005223,Titan Fitness Gear Model-224,Sports & Outdoors,Fitness Gear,Titan,436.38,692.3,1
5224,SKU-ELE-005224,Sol Wearables Model-225,Electronics,Wearables,Sol,49.15,113.44,1
5225,SKU-TOY-005225,Lumina Outdoor Toys Model-226,Toys & Games,Outdoor Toys,Lumina,37.5,60.86,1
5226,SKU-AUT-005226,Prism Tools & Equipment Model-227,Automotive,Tools & Equipment,Prism,67.69,165.82,1
5227,SKU-BEA-005227,Matrix Personal Care Model-228,Beauty & Care,Personal Care,Matrix,225.39,382.18,1
5228,SKU-APP-005228,Apex Men's Clothing Model-229,Apparel,Men's Clothing,Apex,318.93,514.31,1
5229,SKU-ELE-005229,Summit Wearables Model-230,Electronics,Wearables,Summit,321.17,736.82,1
5230,SKU-TOY-005230,Titan Board Games Model-231,Toys & Games,Board Games,Titan,161.91,329.13,1
5231,SKU-ELE-005231,Aura Smartphones Model-232,Electronics,Smartphones,Aura,152.12,252.13,1
5232,SKU-ELE-005232,Sol Smartphones Model-233,Electronics,Smartphones,Sol,268.35,421.28,1
5233,SKU-APP-005233,Zenith Men's Clothing Model-234,Apparel,Men's Clothing,Zenith,218.93,363.82,1
5234,SKU-AUT-005234,Velocity Interior Accessories Model-235,Automotive,Interior Accessories,Velocity,13.21,28.22,1
5235,SKU-SPO-005235,Summit Fitness Gear Model-236,Sports & Outdoors,Fitness Gear,Summit,140.04,310.31,1
5236,SKU-BEA-005236,Velocity Personal Care Model-237,Beauty & Care,Personal Care,Velocity,144.79,248.11,1
5237,SKU-APP-005237,Horizon Accessories Model-238,Apparel,Accessories,Horizon,283.22,411.49,1
5238,SKU-BEA-005238,Lumina Skincare Model-239,Beauty & Care,Skincare,Lumina,261.16,426.28,1
5239,SKU-HOM-005239,Vortex Bedding Model-240,Home & Kitchen,Bedding,Vortex,88.39,210.37,1
5240,SKU-TOY-005240,Apex Puzzles Model-241,Toys & Games,Puzzles,Apex,84.79,163.5,1
5241,SKU-BEA-005241,Pulse Personal Care Model-242,Beauty & Care,Personal Care,Pulse,289.05,536.47,1
5242,SKU-APP-005242,Sol Sportswear Model-243,Apparel,Sportswear,Sol,111.98,189.3,1
5243,SKU-ELE-005243,Nova Accessories Model-244,Electronics,Accessories,Nova,324.27,777.92,1
5244,SKU-TOY-005244,Titan Outdoor Toys Model-245,Toys & Games,Outdoor Toys,Titan,293.9,593.2,1
5245,SKU-APP-005245,Summit Accessories Model-246,Apparel,Accessories,Summit,366.71,798.96,1
5246,SKU-ELE-005246,Prism Accessories Model-247,Electronics,Accessories,Prism,400.1,952.69,1
5247,SKU-HOM-005247,Prism Furniture Model-248,Home & Kitchen,Furniture,Prism,254.46,437.15,1
5248,SKU-APP-005248,Sol Accessories Model-249,Apparel,Accessories,Sol,58.81,107.86,1
5249,SKU-APP-005249,Pulse Accessories Model-250,Apparel,Accessories,Pulse,92.86,149.64,1
5250,SKU-APP-005250,Pulse Men's Clothing Model-251,Apparel,Men's Clothing,Pulse,142.51,205.11,1
5251,SKU-HOM-005251,Summit Bedding Model-252,Home & Kitchen,Bedding,Summit,79.03,117.13,1
5252,SKU-APP-005252,Vortex Footwear Model-253,Apparel,Footwear,Vortex,68.72,119.75,1
5253,SKU-HOM-005253,Nova Storage Model-254,Home & Kitchen,Storage,Nova,387.77,859.42,1
5254,SKU-APP-005254,Titan Outerwear Model-255,Apparel,Outerwear,Titan,99.11,222.56,1
5255,SKU-TOY-005255,Velocity Outdoor Toys Model-256,Toys & Games,Outdoor Toys,Velocity,157.09,307.33,1
5256,SKU-SPO-005256,Zenith Cycling Model-257,Sports & Outdoors,Cycling,Zenith,63.39,152.27,1
5257,SKU-ELE-005257,Horizon Audio & Headphones Model-258,Electronics,Audio & Headphones,Horizon,302.77,678.81,1
5258,SKU-GRO-005258,Sol Breakfast Model-259,Grocery & Pantry,Breakfast,Sol,37.23,48.89,0
5259,SKU-SPO-005259,Vortex Team Sports Model-260,Sports & Outdoors,Team Sports,Vortex,373.08,725.79,1
5260,SKU-ELE-005260,Lumina Smart Home Model-261,Electronics,Smart Home,Lumina,294.88,481.65,1
5261,SKU-ELE-005261,Prism Audio & Headphones Model-262,Electronics,Audio & Headphones,Prism,251.27,346.29,1
5262,SKU-HOM-005262,Nova Furniture Model-263,Home & Kitchen,Furniture,Nova,184.99,388.67,0
5263,SKU-APP-005263,Aura Accessories Model-264,Apparel,Accessories,Aura,41.34,59.99,1
5264,SKU-ELE-005264,Aura Laptops Model-265,Electronics,Laptops,Aura,233.7,518.09,1
5265,SKU-GRO-005265,Prism Breakfast Model-266,Grocery & Pantry,Breakfast,Prism,383.21,737.06,1
5266,SKU-SPO-005266,Prism Team Sports Model-267,Sports & Outdoors,Team Sports,Prism,414.16,874.08,1
5267,SKU-TOY-005267,Echo Action Figures Model-268,Toys & Games,Action Figures,Echo,75,131.14,1
5268,SKU-ELE-005268,Horizon Laptops Model-269,Electronics,Laptops,Horizon,436.73,1041.93,1
5269,SKU-APP-005269,Titan Sportswear Model-270,Apparel,Sportswear,Titan,158.9,376.62,1
5270,SKU-GRO-005270,Aura Organic Foods Model-271,Grocery & Pantry,Organic Foods,Aura,403.91,1003.34,1
5271,SKU-HOM-005271,Matrix Bedding Model-272,Home & Kitchen,Bedding,Matrix,159.81,285.85,1
5272,SKU-BEA-005272,Lumina Skincare Model-273,Beauty & Care,Skincare,Lumina,20.98,32.64,1
5273,SKU-BEA-005273,Zenith Skincare Model-274,Beauty & Care,Skincare,Zenith,36.5,45.8,1
5274,SKU-ELE-005274,Horizon Accessories Model-275,Electronics,Accessories,Horizon,339.91,684.17,0
5275,SKU-HOM-005275,Titan Furniture Model-276,Home & Kitchen,Furniture,Titan,99.28,146.04,1
5276,SKU-BEA-005276,Nova Skincare Model-277,Beauty & Care,Skincare,Nova,328.76,728.11,1
5277,SKU-AUT-005277,Apex Tools & Equipment Model-278,Automotive,Tools & Equipment,Apex,406.81,768.77,1
5278,SKU-HOM-005278,Zenith Bedding Model-279,Home & Kitchen,Bedding,Zenith,426.72,766.81,1
5279,SKU-AUT-005279,Apex Interior Accessories Model-280,Automotive,Interior Accessories,Apex,370.31,912.58,1
5280,SKU-HOM-005280,Titan Storage Model-281,Home & Kitchen,Storage,Titan,251.78,476.46,1
5281,SKU-AUT-005281,Prism Tools & Equipment Model-282,Automotive,Tools & Equipment,Prism,330.04,536.62,1
5282,SKU-AUT-005282,Prism Interior Accessories Model-283,Automotive,Interior Accessories,Prism,18.65,30.22,0
5283,SKU-ELE-005283,Lumina Laptops Model-284,Electronics,Laptops,Lumina,8.7,15.56,1
5284,SKU-ELE-005284,Echo Smart Home Model-285,Electronics,Smart Home,Echo,106.89,254.64,1
5285,SKU-TOY-005285,Nova Educational Toys Model-286,Toys & Games,Educational Toys,Nova,373.53,719.48,1
5286,SKU-APP-005286,Zenith Accessories Model-287,Apparel,Accessories,Zenith,185.99,440.44,1
5287,SKU-ELE-005287,Summit Smart Home Model-288,Electronics,Smart Home,Summit,208.91,388.12,1
5288,SKU-GRO-005288,Apex Organic Foods Model-289,Grocery & Pantry,Organic Foods,Apex,107.5,266.67,1
5289,SKU-GRO-005289,Pulse Breakfast Model-290,Grocery & Pantry,Breakfast,Pulse,262.79,401.36,1
5290,SKU-TOY-005290,Apex Board Games Model-291,Toys & Games,Board Games,Apex,380.4,531.69,1
5291,SKU-GRO-005291,Echo Condiments Model-292,Grocery & Pantry,Condiments,Echo,371.42,573.56,1
5292,SKU-BEA-005292,Apex Personal Care Model-293,Beauty & Care,Personal Care,Apex,70.91,100.47,1
5293,SKU-TOY-005293,Summit Action Figures Model-294,Toys & Games,Action Figures,Summit,372.88,551.5,1
5294,SKU-SPO-005294,Lumina Cycling Model-295,Sports & Outdoors,Cycling,Lumina,35.84,45.98,1
5295,SKU-ELE-005295,Aura Accessories Model-296,Electronics,Accessories,Aura,281.04,431.36,1
5296,SKU-BEA-005296,Prism Haircare Model-297,Beauty & Care,Haircare,Prism,408.52,537.94,1
5297,SKU-HOM-005297,Velocity Storage Model-298,Home & Kitchen,Storage,Velocity,184.64,397.09,1
5298,SKU-BEA-005298,Nova Haircare Model-299,Beauty & Care,Haircare,Nova,354.3,479.64,1
5299,SKU-TOY-005299,Nova Action Figures Model-300,Toys & Games,Action Figures,Nova,258.87,517.37,1
5300,SKU-HOM-005300,Vortex Storage Model-301,Home & Kitchen,Storage,Vortex,388.06,730.19,1
5301,SKU-AUT-005301,Vortex Oils & Fluids Model-302,Automotive,Oils & Fluids,Vortex,397.63,556.79,1
5302,SKU-HOM-005302,Aura Small Appliances Model-303,Home & Kitchen,Small Appliances,Aura,315.07,517.05,1
5303,SKU-AUT-005303,Prism Tools & Equipment Model-304,Automotive,Tools & Equipment,Prism,94.68,125.84,1
5304,SKU-BEA-005304,Nova Personal Care Model-305,Beauty & Care,Personal Care,Nova,140.6,265.76,1
5305,SKU-GRO-005305,Pulse Organic Foods Model-306,Grocery & Pantry,Organic Foods,Pulse,248.63,463.79,1
5306,SKU-SPO-005306,Titan Camping & Hiking Model-307,Sports & Outdoors,Camping & Hiking,Titan,107.58,195.69,1
5307,SKU-GRO-005307,Aura Canned Goods Model-308,Grocery & Pantry,Canned Goods,Aura,14.78,25.64,1
5308,SKU-BEA-005308,Titan Fragrances Model-309,Beauty & Care,Fragrances,Titan,192.76,398.79,1
5309,SKU-BEA-005309,Zenith Haircare Model-310,Beauty & Care,Haircare,Zenith,300.87,673.18,1
5310,SKU-GRO-005310,Aura Condiments Model-311,Grocery & Pantry,Condiments,Aura,369.48,806.75,1
5311,SKU-BEA-005311,Velocity Personal Care Model-312,Beauty & Care,Personal Care,Velocity,160.96,346.94,1
5312,SKU-BEA-005312,Echo Skincare Model-313,Beauty & Care,Skincare,Echo,357.51,634.89,1
5313,SKU-TOY-005313,Lumina Action Figures Model-314,Toys & Games,Action Figures,Lumina,280.6,526.12,1
5314,SKU-BEA-005314,Vortex Cosmetics Model-315,Beauty & Care,Cosmetics,Vortex,426.72,540.72,1
5315,SKU-ELE-005315,Nova Audio & Headphones Model-316,Electronics,Audio & Headphones,Nova,159.43,240.59,1
5316,SKU-GRO-005316,Aura Canned Goods Model-317,Grocery & Pantry,Canned Goods,Aura,154.29,213.46,1
5317,SKU-TOY-005317,Nova Board Games Model-318,Toys & Games,Board Games,Nova,236.59,302.12,1
5318,SKU-GRO-005318,Apex Condiments Model-319,Grocery & Pantry,Condiments,Apex,400.72,901.72,1
5319,SKU-GRO-005319,Velocity Organic Foods Model-320,Grocery & Pantry,Organic Foods,Velocity,258.02,393.68,1
5320,SKU-ELE-005320,Summit Wearables Model-321,Electronics,Wearables,Summit,35.71,49.4,1
5321,SKU-APP-005321,Pulse Women's Clothing Model-322,Apparel,Women's Clothing,Pulse,394.83,669.81,0
5322,SKU-BEA-005322,Horizon Skincare Model-323,Beauty & Care,Skincare,Horizon,209.13,314.04,1
5323,SKU-TOY-005323,Matrix Puzzles Model-324,Toys & Games,Puzzles,Matrix,187.42,297.46,0
5324,SKU-GRO-005324,Pulse Snacks Model-325,Grocery & Pantry,Snacks,Pulse,212.1,359.05,1
5325,SKU-TOY-005325,Sol Puzzles Model-326,Toys & Games,Puzzles,Sol,410.83,992.11,1
5326,SKU-BEA-005326,Apex Skincare Model-327,Beauty & Care,Skincare,Apex,47.08,90.14,1
5327,SKU-TOY-005327,Lumina Educational Toys Model-328,Toys & Games,Educational Toys,Lumina,10.35,18.8,1
5328,SKU-HOM-005328,Matrix Decor Model-329,Home & Kitchen,Decor,Matrix,187.2,290.12,1
5329,SKU-TOY-005329,Echo Educational Toys Model-330,Toys & Games,Educational Toys,Echo,92.08,187.81,1
5330,SKU-HOM-005330,Lumina Cookware Model-331,Home & Kitchen,Cookware,Lumina,9.32,19.13,1
5331,SKU-GRO-005331,Titan Snacks Model-332,Grocery & Pantry,Snacks,Titan,325.01,631.92,1
5332,SKU-AUT-005332,Horizon Tools & Equipment Model-333,Automotive,Tools & Equipment,Horizon,177.89,364.12,1
5333,SKU-GRO-005333,Sol Beverages Model-334,Grocery & Pantry,Beverages,Sol,55.4,72.23,1
5334,SKU-APP-005334,Matrix Footwear Model-335,Apparel,Footwear,Matrix,47.81,99.51,1
5335,SKU-TOY-005335,Titan Outdoor Toys Model-336,Toys & Games,Outdoor Toys,Titan,427.8,920.64,1
5336,SKU-BEA-005336,Apex Fragrances Model-337,Beauty & Care,Fragrances,Apex,281.58,526.42,1
5337,SKU-SPO-005337,Nova Water Sports Model-338,Sports & Outdoors,Water Sports,Nova,84.31,155.51,1
5338,SKU-HOM-005338,Pulse Furniture Model-339,Home & Kitchen,Furniture,Pulse,212.9,313.74,1
5339,SKU-APP-005339,Aura Footwear Model-340,Apparel,Footwear,Aura,76.41,101.8,1
5340,SKU-HOM-005340,Summit Small Appliances Model-341,Home & Kitchen,Small Appliances,Summit,429.34,1045.89,1
5341,SKU-AUT-005341,Pulse Tools & Equipment Model-342,Automotive,Tools & Equipment,Pulse,283.77,502.79,1
5342,SKU-ELE-005342,Vortex Smart Home Model-343,Electronics,Smart Home,Vortex,154.74,204.4,1
5343,SKU-SPO-005343,Lumina Camping & Hiking Model-344,Sports & Outdoors,Camping & Hiking,Lumina,85.79,160.44,1
5344,SKU-BEA-005344,Lumina Haircare Model-345,Beauty & Care,Haircare,Lumina,434,973.64,1
5345,SKU-TOY-005345,Velocity Board Games Model-346,Toys & Games,Board Games,Velocity,96.79,169.4,1
5346,SKU-HOM-005346,Velocity Cookware Model-347,Home & Kitchen,Cookware,Velocity,411.02,640.63,1
5347,SKU-AUT-005347,Nova Car Care Model-348,Automotive,Car Care,Nova,99.53,248.7,0
5348,SKU-TOY-005348,Vortex Educational Toys Model-349,Toys & Games,Educational Toys,Vortex,231.69,363.2,0
5349,SKU-GRO-005349,Aura Beverages Model-350,Grocery & Pantry,Beverages,Aura,449.01,880.22,1
5350,SKU-ELE-005350,Sol Audio & Headphones Model-351,Electronics,Audio & Headphones,Sol,31.35,48.7,1
5351,SKU-AUT-005351,Horizon Car Care Model-352,Automotive,Car Care,Horizon,151.54,299.1,1
5352,SKU-APP-005352,Apex Men's Clothing Model-353,Apparel,Men's Clothing,Apex,174.97,404.05,1
5353,SKU-BEA-005353,Apex Fragrances Model-354,Beauty & Care,Fragrances,Apex,361.67,505.01,0
5354,SKU-TOY-005354,Horizon Puzzles Model-355,Toys & Games,Puzzles,Horizon,211.79,293.27,0
5355,SKU-GRO-005355,Sol Breakfast Model-356,Grocery & Pantry,Breakfast,Sol,67.48,148.02,1
5356,SKU-AUT-005356,Aura Interior Accessories Model-357,Automotive,Interior Accessories,Aura,251.73,490.5,1
5357,SKU-APP-005357,Velocity Men's Clothing Model-358,Apparel,Men's Clothing,Velocity,390.04,748.17,1
5358,SKU-SPO-005358,Prism Fitness Gear Model-359,Sports & Outdoors,Fitness Gear,Prism,146.86,292.11,1
5359,SKU-HOM-005359,Pulse Small Appliances Model-360,Home & Kitchen,Small Appliances,Pulse,403.43,669.59,1
5360,SKU-HOM-005360,Apex Cookware Model-361,Home & Kitchen,Cookware,Apex,270,503.45,1
5361,SKU-BEA-005361,Horizon Skincare Model-362,Beauty & Care,Skincare,Horizon,272.54,634.41,1
5362,SKU-BEA-005362,Velocity Haircare Model-363,Beauty & Care,Haircare,Velocity,407.31,686.04,0
5363,SKU-ELE-005363,Vortex Wearables Model-364,Electronics,Wearables,Vortex,89.85,212.26,1
5364,SKU-SPO-005364,Summit Water Sports Model-365,Sports & Outdoors,Water Sports,Summit,109.73,229.2,0
5365,SKU-SPO-005365,Nova Team Sports Model-366,Sports & Outdoors,Team Sports,Nova,393.73,691.89,1
5366,SKU-BEA-005366,Prism Cosmetics Model-367,Beauty & Care,Cosmetics,Prism,416.38,1022.84,1
5367,SKU-APP-005367,Pulse Sportswear Model-368,Apparel,Sportswear,Pulse,228.16,454.67,1
5368,SKU-SPO-005368,Echo Fitness Gear Model-369,Sports & Outdoors,Fitness Gear,Echo,384.7,913.69,1
5369,SKU-APP-005369,Velocity Men's Clothing Model-370,Apparel,Men's Clothing,Velocity,404.07,906.84,1
5370,SKU-APP-005370,Titan Men's Clothing Model-371,Apparel,Men's Clothing,Titan,138.33,228.06,1
5371,SKU-AUT-005371,Velocity Oils & Fluids Model-372,Automotive,Oils & Fluids,Velocity,429.28,671.88,1
5372,SKU-ELE-005372,Prism Audio & Headphones Model-373,Electronics,Audio & Headphones,Prism,242.33,514.73,1
5373,SKU-SPO-005373,Summit Cycling Model-374,Sports & Outdoors,Cycling,Summit,304.51,692.5,1
5374,SKU-ELE-005374,Lumina Laptops Model-375,Electronics,Laptops,Lumina,230.32,415.4,1
5375,SKU-AUT-005375,Sol Tools & Equipment Model-376,Automotive,Tools & Equipment,Sol,112.35,207.81,1
5376,SKU-HOM-005376,Velocity Small Appliances Model-377,Home & Kitchen,Small Appliances,Velocity,136.23,297.84,1
5377,SKU-GRO-005377,Lumina Canned Goods Model-378,Grocery & Pantry,Canned Goods,Lumina,149.53,300.67,1
5378,SKU-SPO-005378,Velocity Camping & Hiking Model-379,Sports & Outdoors,Camping & Hiking,Velocity,308.07,754.64,1
5379,SKU-ELE-005379,Aura Smartphones Model-380,Electronics,Smartphones,Aura,74.14,135.51,1
5380,SKU-APP-005380,Zenith Outerwear Model-381,Apparel,Outerwear,Zenith,262.83,591.25,1
5381,SKU-APP-005381,Titan Men's Clothing Model-382,Apparel,Men's Clothing,Titan,51.28,73.53,1
5382,SKU-GRO-005382,Velocity Snacks Model-383,Grocery & Pantry,Snacks,Velocity,274.27,483.36,1
5383,SKU-BEA-005383,Vortex Cosmetics Model-384,Beauty & Care,Cosmetics,Vortex,236.33,568.18,1
5384,SKU-APP-005384,Nova Outerwear Model-385,Apparel,Outerwear,Nova,135.66,203.29,1
5385,SKU-HOM-005385,Summit Small Appliances Model-386,Home & Kitchen,Small Appliances,Summit,32.21,68.06,1
5386,SKU-SPO-005386,Pulse Camping & Hiking Model-387,Sports & Outdoors,Camping & Hiking,Pulse,311.32,476.47,1
5387,SKU-SPO-005387,Apex Team Sports Model-388,Sports & Outdoors,Team Sports,Apex,86.68,153.31,1
5388,SKU-HOM-005388,Horizon Bedding Model-389,Home & Kitchen,Bedding,Horizon,82.94,184.81,1
5389,SKU-SPO-005389,Velocity Cycling Model-390,Sports & Outdoors,Cycling,Velocity,145.84,268.9,0
5390,SKU-BEA-005390,Summit Haircare Model-391,Beauty & Care,Haircare,Summit,442.33,1020.59,1
5391,SKU-ELE-005391,Horizon Accessories Model-392,Electronics,Accessories,Horizon,147.33,339.86,1
5392,SKU-TOY-005392,Vortex Educational Toys Model-393,Toys & Games,Educational Toys,Vortex,222.59,299.62,1
5393,SKU-BEA-005393,Matrix Cosmetics Model-394,Beauty & Care,Cosmetics,Matrix,43.32,75.78,1
5394,SKU-HOM-005394,Velocity Decor Model-395,Home & Kitchen,Decor,Velocity,394.03,864.16,1
5395,SKU-SPO-005395,Titan Team Sports Model-396,Sports & Outdoors,Team Sports,Titan,367.76,607.14,0
5396,SKU-HOM-005396,Velocity Bedding Model-397,Home & Kitchen,Bedding,Velocity,69.34,99.18,1
5397,SKU-APP-005397,Velocity Footwear Model-398,Apparel,Footwear,Velocity,429.06,978.08,0
5398,SKU-AUT-005398,Nova Oils & Fluids Model-399,Automotive,Oils & Fluids,Nova,208.37,286.21,1
5399,SKU-HOM-005399,Lumina Decor Model-400,Home & Kitchen,Decor,Lumina,115.91,182.43,1
5400,SKU-SPO-005400,Pulse Fitness Gear Model-401,Sports & Outdoors,Fitness Gear,Pulse,435.27,1063.32,1
5401,SKU-GRO-005401,Lumina Organic Foods Model-402,Grocery & Pantry,Organic Foods,Lumina,438.29,835.43,1
5402,SKU-BEA-005402,Summit Personal Care Model-403,Beauty & Care,Personal Care,Summit,255.59,521.82,1
5403,SKU-APP-005403,Prism Accessories Model-404,Apparel,Accessories,Prism,283.85,531.05,1
5404,SKU-TOY-005404,Matrix Action Figures Model-405,Toys & Games,Action Figures,Matrix,255.66,447.82,1
5405,SKU-TOY-005405,Vortex Board Games Model-406,Toys & Games,Board Games,Vortex,424.37,673.52,1
5406,SKU-HOM-005406,Zenith Decor Model-407,Home & Kitchen,Decor,Zenith,59.97,134.67,0
5407,SKU-AUT-005407,Aura Car Care Model-408,Automotive,Car Care,Aura,190.75,458.3,1
5408,SKU-AUT-005408,Zenith Car Care Model-409,Automotive,Car Care,Zenith,16.29,22.14,1
5409,SKU-APP-005409,Velocity Men's Clothing Model-410,Apparel,Men's Clothing,Velocity,187.54,283.17,1
5410,SKU-AUT-005410,Summit Car Care Model-411,Automotive,Car Care,Summit,351.3,641.1,1
5411,SKU-APP-005411,Nova Outerwear Model-412,Apparel,Outerwear,Nova,105.02,139.75,1
5412,SKU-BEA-005412,Prism Personal Care Model-413,Beauty & Care,Personal Care,Prism,352.57,766.63,1
5413,SKU-SPO-005413,Velocity Camping & Hiking Model-414,Sports & Outdoors,Camping & Hiking,Velocity,29.96,65.31,1
5414,SKU-AUT-005414,Aura Tools & Equipment Model-415,Automotive,Tools & Equipment,Aura,163.85,256.04,1
5415,SKU-GRO-005415,Lumina Canned Goods Model-416,Grocery & Pantry,Canned Goods,Lumina,442.31,895.74,1
5416,SKU-TOY-005416,Nova Puzzles Model-417,Toys & Games,Puzzles,Nova,117.09,146.53,1
5417,SKU-TOY-005417,Nova Educational Toys Model-418,Toys & Games,Educational Toys,Nova,208.43,318.29,1
5418,SKU-TOY-005418,Lumina Puzzles Model-419,Toys & Games,Puzzles,Lumina,277.44,426.08,1
5419,SKU-SPO-005419,Echo Cycling Model-420,Sports & Outdoors,Cycling,Echo,72.27,155.4,1
5420,SKU-BEA-005420,Velocity Personal Care Model-421,Beauty & Care,Personal Care,Velocity,149.63,332.38,1
5421,SKU-GRO-005421,Prism Canned Goods Model-422,Grocery & Pantry,Canned Goods,Prism,406.88,634.38,1
5422,SKU-BEA-005422,Titan Skincare Model-423,Beauty & Care,Skincare,Titan,296.28,543.76,1
5423,SKU-BEA-005423,Pulse Haircare Model-424,Beauty & Care,Haircare,Pulse,366.79,631.37,1
5424,SKU-TOY-005424,Titan Educational Toys Model-425,Toys & Games,Educational Toys,Titan,30.99,48.81,1
5425,SKU-ELE-005425,Aura Audio & Headphones Model-426,Electronics,Audio & Headphones,Aura,123.64,206.51,1
5426,SKU-APP-005426,Echo Footwear Model-427,Apparel,Footwear,Echo,425.18,577.86,1
5427,SKU-AUT-005427,Zenith Car Care Model-428,Automotive,Car Care,Zenith,402.16,682.78,1
5428,SKU-TOY-005428,Velocity Outdoor Toys Model-429,Toys & Games,Outdoor Toys,Velocity,126.05,244.68,1
5429,SKU-ELE-005429,Pulse Smart Home Model-430,Electronics,Smart Home,Pulse,375.77,569.66,1
5430,SKU-ELE-005430,Apex Wearables Model-431,Electronics,Wearables,Apex,291.54,695.97,1
5431,SKU-SPO-005431,Prism Water Sports Model-432,Sports & Outdoors,Water Sports,Prism,152.19,236.63,1
5432,SKU-BEA-005432,Echo Fragrances Model-433,Beauty & Care,Fragrances,Echo,97.59,178.3,1
5433,SKU-APP-005433,Velocity Accessories Model-434,Apparel,Accessories,Velocity,135.92,297.89,1
5434,SKU-SPO-005434,Echo Water Sports Model-435,Sports & Outdoors,Water Sports,Echo,316.51,654.81,1
5435,SKU-TOY-005435,Summit Puzzles Model-436,Toys & Games,Puzzles,Summit,374.29,631.16,1
5436,SKU-TOY-005436,Sol Board Games Model-437,Toys & Games,Board Games,Sol,329.93,419.4,1
5437,SKU-BEA-005437,Zenith Haircare Model-438,Beauty & Care,Haircare,Zenith,369.83,669.6,1
5438,SKU-BEA-005438,Aura Personal Care Model-439,Beauty & Care,Personal Care,Aura,28.03,65.18,1
5439,SKU-GRO-005439,Apex Canned Goods Model-440,Grocery & Pantry,Canned Goods,Apex,407.9,784.91,1
5440,SKU-APP-005440,Sol Men's Clothing Model-441,Apparel,Men's Clothing,Sol,77.01,178.35,1
5441,SKU-GRO-005441,Summit Canned Goods Model-442,Grocery & Pantry,Canned Goods,Summit,240.45,463.67,1
5442,SKU-BEA-005442,Apex Cosmetics Model-443,Beauty & Care,Cosmetics,Apex,410.93,724.71,1
5443,SKU-SPO-005443,Echo Cycling Model-444,Sports & Outdoors,Cycling,Echo,223.9,360.24,1
5444,SKU-ELE-005444,Summit Laptops Model-445,Electronics,Laptops,Summit,162.18,333.58,1
5445,SKU-SPO-005445,Prism Water Sports Model-446,Sports & Outdoors,Water Sports,Prism,280.03,663.17,1
5446,SKU-APP-005446,Vortex Men's Clothing Model-447,Apparel,Men's Clothing,Vortex,417.89,931.19,1
5447,SKU-TOY-005447,Horizon Action Figures Model-448,Toys & Games,Action Figures,Horizon,309.71,423.38,1
5448,SKU-TOY-005448,Titan Educational Toys Model-449,Toys & Games,Educational Toys,Titan,346.48,458.58,1
5449,SKU-AUT-005449,Pulse Oils & Fluids Model-450,Automotive,Oils & Fluids,Pulse,266.46,497,1
5450,SKU-ELE-005450,Lumina Laptops Model-451,Electronics,Laptops,Lumina,353.74,526.09,1
5451,SKU-ELE-005451,Aura Audio & Headphones Model-452,Electronics,Audio & Headphones,Aura,391.58,885.95,1
5452,SKU-ELE-005452,Titan Smart Home Model-453,Electronics,Smart Home,Titan,382.05,626.17,1
5453,SKU-BEA-005453,Apex Personal Care Model-454,Beauty & Care,Personal Care,Apex,348.52,851.26,1
5454,SKU-TOY-005454,Horizon Action Figures Model-455,Toys & Games,Action Figures,Horizon,261.63,539.84,1
5455,SKU-SPO-005455,Apex Cycling Model-456,Sports & Outdoors,Cycling,Apex,45.4,67.72,1
5456,SKU-ELE-005456,Apex Audio & Headphones Model-457,Electronics,Audio & Headphones,Apex,227.61,337.72,1
5457,SKU-APP-005457,Aura Accessories Model-458,Apparel,Accessories,Aura,240.18,472.64,1
5458,SKU-HOM-005458,Zenith Decor Model-459,Home & Kitchen,Decor,Zenith,266.3,500.45,1
5459,SKU-BEA-005459,Aura Skincare Model-460,Beauty & Care,Skincare,Aura,266.94,619.64,1
5460,SKU-APP-005460,Nova Women's Clothing Model-461,Apparel,Women's Clothing,Nova,301.16,677.45,1
5461,SKU-SPO-005461,Apex Camping & Hiking Model-462,Sports & Outdoors,Camping & Hiking,Apex,404.52,947.28,1
5462,SKU-TOY-005462,Matrix Outdoor Toys Model-463,Toys & Games,Outdoor Toys,Matrix,21.2,39.35,1
5463,SKU-GRO-005463,Velocity Beverages Model-464,Grocery & Pantry,Beverages,Velocity,213.86,273.11,1
5464,SKU-GRO-005464,Prism Canned Goods Model-465,Grocery & Pantry,Canned Goods,Prism,328.52,482.14,1
5465,SKU-BEA-005465,Nova Cosmetics Model-466,Beauty & Care,Cosmetics,Nova,153.2,256.24,1
5466,SKU-APP-005466,Titan Men's Clothing Model-467,Apparel,Men's Clothing,Titan,140.81,187.16,1
5467,SKU-TOY-005467,Matrix Board Games Model-468,Toys & Games,Board Games,Matrix,411.19,520.97,1
5468,SKU-HOM-005468,Titan Small Appliances Model-469,Home & Kitchen,Small Appliances,Titan,415.93,842.58,1
5469,SKU-GRO-005469,Sol Canned Goods Model-470,Grocery & Pantry,Canned Goods,Sol,231.11,471.42,1
5470,SKU-GRO-005470,Zenith Beverages Model-471,Grocery & Pantry,Beverages,Zenith,212.52,266.86,1
5471,SKU-ELE-005471,Vortex Wearables Model-472,Electronics,Wearables,Vortex,278.16,521.42,1
5472,SKU-GRO-005472,Summit Breakfast Model-473,Grocery & Pantry,Breakfast,Summit,322.34,753.79,1
5473,SKU-TOY-005473,Horizon Board Games Model-474,Toys & Games,Board Games,Horizon,123.28,171.12,1
5474,SKU-ELE-005474,Lumina Smart Home Model-475,Electronics,Smart Home,Lumina,375.43,569.39,1
5475,SKU-APP-005475,Horizon Accessories Model-476,Apparel,Accessories,Horizon,312.33,540.43,1
5476,SKU-BEA-005476,Apex Personal Care Model-477,Beauty & Care,Personal Care,Apex,206.85,267.38,1
5477,SKU-ELE-005477,Horizon Smartphones Model-478,Electronics,Smartphones,Horizon,201.39,482.9,1
5478,SKU-BEA-005478,Apex Skincare Model-479,Beauty & Care,Skincare,Apex,419.45,995.25,1
5479,SKU-GRO-005479,Horizon Breakfast Model-480,Grocery & Pantry,Breakfast,Horizon,31,74.84,1
5480,SKU-SPO-005480,Nova Camping & Hiking Model-481,Sports & Outdoors,Camping & Hiking,Nova,199.13,437.87,1
5481,SKU-SPO-005481,Horizon Fitness Gear Model-482,Sports & Outdoors,Fitness Gear,Horizon,390.36,590.82,1
5482,SKU-ELE-005482,Pulse Smartphones Model-483,Electronics,Smartphones,Pulse,38.25,67.17,1
5483,SKU-AUT-005483,Matrix Interior Accessories Model-484,Automotive,Interior Accessories,Matrix,90.38,218.46,1
5484,SKU-GRO-005484,Aura Condiments Model-485,Grocery & Pantry,Condiments,Aura,412,728.36,1
5485,SKU-AUT-005485,Aura Car Care Model-486,Automotive,Car Care,Aura,182.39,248.87,1
5486,SKU-GRO-005486,Echo Breakfast Model-487,Grocery & Pantry,Breakfast,Echo,59.47,118.39,1
5487,SKU-TOY-005487,Prism Board Games Model-488,Toys & Games,Board Games,Prism,37.65,59.03,1
5488,SKU-APP-005488,Matrix Sportswear Model-489,Apparel,Sportswear,Matrix,438.98,777.08,1
5489,SKU-AUT-005489,Apex Oils & Fluids Model-490,Automotive,Oils & Fluids,Apex,234.02,338.91,1
5490,SKU-ELE-005490,Velocity Laptops Model-491,Electronics,Laptops,Velocity,294.79,371.94,1
5491,SKU-APP-005491,Lumina Footwear Model-492,Apparel,Footwear,Lumina,152.91,249.98,0
5492,SKU-ELE-005492,Prism Smartphones Model-493,Electronics,Smartphones,Prism,270.41,406.17,1
5493,SKU-APP-005493,Zenith Footwear Model-494,Apparel,Footwear,Zenith,307.89,455.24,1
5494,SKU-HOM-005494,Velocity Small Appliances Model-495,Home & Kitchen,Small Appliances,Velocity,434.35,819.4,1
5495,SKU-BEA-005495,Aura Skincare Model-496,Beauty & Care,Skincare,Aura,176.58,270.37,1
5496,SKU-SPO-005496,Titan Team Sports Model-497,Sports & Outdoors,Team Sports,Titan,430.76,821.42,1
5497,SKU-SPO-005497,Nova Team Sports Model-498,Sports & Outdoors,Team Sports,Nova,144.4,263,1
5498,SKU-HOM-005498,Zenith Storage Model-499,Home & Kitchen,Storage,Zenith,357.67,478.47,1
5499,SKU-APP-005499,Vortex Outerwear Model-500,Apparel,Outerwear,Vortex,174.7,232.56,0
5500,SKU-HOM-005500,Horizon Decor Model-501,Home & Kitchen,Decor,Horizon,72.56,132.37,1
5501,SKU-BEA-005501,Prism Cosmetics Model-502,Beauty & Care,Cosmetics,Prism,215.9,348.04,1
5502,SKU-AUT-005502,Apex Tools & Equipment Model-503,Automotive,Tools & Equipment,Apex,60.49,136.46,0
5503,SKU-GRO-005503,Echo Organic Foods Model-504,Grocery & Pantry,Organic Foods,Echo,383.84,875.96,1
5504,SKU-GRO-005504,Aura Beverages Model-505,Grocery & Pantry,Beverages,Aura,357.24,479.93,1
5505,SKU-SPO-005505,Apex Camping & Hiking Model-506,Sports & Outdoors,Camping & Hiking,Apex,320.51,675.59,1
5506,SKU-APP-005506,Velocity Accessories Model-507,Apparel,Accessories,Velocity,21.09,37.56,1
5507,SKU-APP-005507,Sol Sportswear Model-508,Apparel,Sportswear,Sol,289.85,697.52,1
5508,SKU-GRO-005508,Summit Beverages Model-509,Grocery & Pantry,Beverages,Summit,394.5,558.95,1
5509,SKU-APP-005509,Summit Footwear Model-510,Apparel,Footwear,Summit,147.42,274.08,1
5510,SKU-AUT-005510,Nova Tools & Equipment Model-511,Automotive,Tools & Equipment,Nova,416.18,670.81,1
5511,SKU-AUT-005511,Matrix Interior Accessories Model-512,Automotive,Interior Accessories,Matrix,379.79,647.67,1
5512,SKU-BEA-005512,Horizon Haircare Model-513,Beauty & Care,Haircare,Horizon,273.72,426.34,1
5513,SKU-APP-005513,Summit Men's Clothing Model-514,Apparel,Men's Clothing,Summit,47.45,63.27,1
5514,SKU-APP-005514,Sol Footwear Model-515,Apparel,Footwear,Sol,18.43,26.91,1
5515,SKU-APP-005515,Pulse Men's Clothing Model-516,Apparel,Men's Clothing,Pulse,82.87,109.54,1
5516,SKU-GRO-005516,Velocity Condiments Model-517,Grocery & Pantry,Condiments,Velocity,153.73,310.72,1
5517,SKU-ELE-005517,Pulse Accessories Model-518,Electronics,Accessories,Pulse,370.7,853.92,1
5518,SKU-BEA-005518,Horizon Haircare Model-519,Beauty & Care,Haircare,Horizon,373.57,672.15,1
5519,SKU-AUT-005519,Velocity Tools & Equipment Model-520,Automotive,Tools & Equipment,Velocity,60.49,91.03,1
5520,SKU-AUT-005520,Nova Tools & Equipment Model-521,Automotive,Tools & Equipment,Nova,35.86,63.82,1
5521,SKU-ELE-005521,Pulse Laptops Model-522,Electronics,Laptops,Pulse,423.18,583.33,1
5522,SKU-APP-005522,Nova Footwear Model-523,Apparel,Footwear,Nova,31.2,77.06,1
5523,SKU-HOM-005523,Sol Decor Model-524,Home & Kitchen,Decor,Sol,223.68,287.17,1
5524,SKU-BEA-005524,Lumina Cosmetics Model-525,Beauty & Care,Cosmetics,Lumina,92.16,211.31,1
5525,SKU-AUT-005525,Titan Interior Accessories Model-526,Automotive,Interior Accessories,Titan,235.91,553.84,1
5526,SKU-ELE-005526,Zenith Smart Home Model-527,Electronics,Smart Home,Zenith,330.81,429.94,1
5527,SKU-APP-005527,Summit Accessories Model-528,Apparel,Accessories,Summit,147.02,302.38,1
5528,SKU-HOM-005528,Titan Cookware Model-529,Home & Kitchen,Cookware,Titan,56.28,136.06,1
5529,SKU-AUT-005529,Titan Oils & Fluids Model-530,Automotive,Oils & Fluids,Titan,318.15,565.81,1
5530,SKU-TOY-005530,Echo Puzzles Model-531,Toys & Games,Puzzles,Echo,373.31,851.18,1
5531,SKU-BEA-005531,Echo Haircare Model-532,Beauty & Care,Haircare,Echo,410.65,619.95,1
5532,SKU-HOM-005532,Aura Cookware Model-533,Home & Kitchen,Cookware,Aura,103.75,139.56,1
5533,SKU-HOM-005533,Zenith Furniture Model-534,Home & Kitchen,Furniture,Zenith,164.37,406.67,1
5534,SKU-TOY-005534,Summit Board Games Model-535,Toys & Games,Board Games,Summit,157.26,334.48,1
5535,SKU-ELE-005535,Prism Laptops Model-536,Electronics,Laptops,Prism,45.3,64.62,1
5536,SKU-HOM-005536,Pulse Storage Model-537,Home & Kitchen,Storage,Pulse,59.02,129.32,1
5537,SKU-GRO-005537,Nova Condiments Model-538,Grocery & Pantry,Condiments,Nova,221.47,493.47,0
5538,SKU-ELE-005538,Matrix Accessories Model-539,Electronics,Accessories,Matrix,13.2,26.59,1
5539,SKU-HOM-005539,Echo Small Appliances Model-540,Home & Kitchen,Small Appliances,Echo,435.18,739.62,1
5540,SKU-GRO-005540,Velocity Breakfast Model-541,Grocery & Pantry,Breakfast,Velocity,381.5,782.97,1
5541,SKU-GRO-005541,Velocity Canned Goods Model-542,Grocery & Pantry,Canned Goods,Velocity,147.44,272.3,1
5542,SKU-ELE-005542,Echo Smartphones Model-543,Electronics,Smartphones,Echo,71.26,101.9,1
5543,SKU-SPO-005543,Pulse Cycling Model-544,Sports & Outdoors,Cycling,Pulse,163.49,245.6,1
5544,SKU-ELE-005544,Echo Smart Home Model-545,Electronics,Smart Home,Echo,193.49,269.97,1
5545,SKU-AUT-005545,Echo Tools & Equipment Model-546,Automotive,Tools & Equipment,Echo,61.26,109.7,1
5546,SKU-APP-005546,Titan Outerwear Model-547,Apparel,Outerwear,Titan,376.76,855.51,1
5547,SKU-TOY-005547,Nova Educational Toys Model-548,Toys & Games,Educational Toys,Nova,39.83,56.51,1
5548,SKU-BEA-005548,Matrix Cosmetics Model-549,Beauty & Care,Cosmetics,Matrix,249.91,549.46,1
5549,SKU-BEA-005549,Summit Haircare Model-550,Beauty & Care,Haircare,Summit,224.44,440.35,1
5550,SKU-APP-005550,Apex Sportswear Model-551,Apparel,Sportswear,Apex,85.95,212.69,1
5551,SKU-ELE-005551,Matrix Audio & Headphones Model-552,Electronics,Audio & Headphones,Matrix,118.88,223.41,1
5552,SKU-BEA-005552,Horizon Skincare Model-553,Beauty & Care,Skincare,Horizon,194.24,301.38,1
5553,SKU-BEA-005553,Zenith Haircare Model-554,Beauty & Care,Haircare,Zenith,204.31,466.99,1
5554,SKU-SPO-005554,Velocity Team Sports Model-555,Sports & Outdoors,Team Sports,Velocity,392.89,964.61,1
5555,SKU-SPO-005555,Aura Team Sports Model-556,Sports & Outdoors,Team Sports,Aura,366.69,504.58,1
5556,SKU-ELE-005556,Pulse Wearables Model-557,Electronics,Wearables,Pulse,308.04,743.77,1
5557,SKU-HOM-005557,Apex Furniture Model-558,Home & Kitchen,Furniture,Apex,64.24,145.51,1
5558,SKU-APP-005558,Sol Footwear Model-559,Apparel,Footwear,Sol,115.76,205.56,1
5559,SKU-AUT-005559,Matrix Car Care Model-560,Automotive,Car Care,Matrix,241.42,507.74,1
5560,SKU-SPO-005560,Sol Camping & Hiking Model-561,Sports & Outdoors,Camping & Hiking,Sol,225.6,351.17,1
5561,SKU-APP-005561,Lumina Men's Clothing Model-562,Apparel,Men's Clothing,Lumina,378.1,521.8,1
5562,SKU-BEA-005562,Velocity Personal Care Model-563,Beauty & Care,Personal Care,Velocity,13.89,20.03,1
5563,SKU-HOM-005563,Titan Cookware Model-564,Home & Kitchen,Cookware,Titan,148.17,319.54,1
5564,SKU-SPO-005564,Velocity Fitness Gear Model-565,Sports & Outdoors,Fitness Gear,Velocity,408.81,531.54,1
5565,SKU-AUT-005565,Summit Oils & Fluids Model-566,Automotive,Oils & Fluids,Summit,210.03,479.18,1
5566,SKU-BEA-005566,Velocity Personal Care Model-567,Beauty & Care,Personal Care,Velocity,103.64,183.07,1
5567,SKU-GRO-005567,Summit Canned Goods Model-568,Grocery & Pantry,Canned Goods,Summit,382.85,698.97,1
5568,SKU-BEA-005568,Summit Fragrances Model-569,Beauty & Care,Fragrances,Summit,227.67,459.9,1
5569,SKU-ELE-005569,Prism Audio & Headphones Model-570,Electronics,Audio & Headphones,Prism,379.01,922.83,1
5570,SKU-GRO-005570,Apex Beverages Model-571,Grocery & Pantry,Beverages,Apex,361.71,590.52,1
5571,SKU-TOY-005571,Echo Educational Toys Model-572,Toys & Games,Educational Toys,Echo,194.1,393.95,1
5572,SKU-APP-005572,Matrix Accessories Model-573,Apparel,Accessories,Matrix,322.32,596.95,1
5573,SKU-BEA-005573,Apex Cosmetics Model-574,Beauty & Care,Cosmetics,Apex,115.31,177.52,1
5574,SKU-GRO-005574,Nova Beverages Model-575,Grocery & Pantry,Beverages,Nova,93.68,134.62,0
5575,SKU-SPO-005575,Titan Team Sports Model-576,Sports & Outdoors,Team Sports,Titan,94.29,176.38,1
5576,SKU-AUT-005576,Velocity Tools & Equipment Model-577,Automotive,Tools & Equipment,Velocity,165.05,383.48,1
5577,SKU-APP-005577,Sol Men's Clothing Model-578,Apparel,Men's Clothing,Sol,324.46,456.21,1
5578,SKU-GRO-005578,Titan Breakfast Model-579,Grocery & Pantry,Breakfast,Titan,67.47,163.06,1
5579,SKU-BEA-005579,Vortex Haircare Model-580,Beauty & Care,Haircare,Vortex,426.23,725.35,1
5580,SKU-APP-005580,Titan Men's Clothing Model-581,Apparel,Men's Clothing,Titan,431.47,877.42,1
5581,SKU-BEA-005581,Pulse Haircare Model-582,Beauty & Care,Haircare,Pulse,299.99,647.4,1
5582,SKU-TOY-005582,Nova Outdoor Toys Model-583,Toys & Games,Outdoor Toys,Nova,165.68,212.16,1
5583,SKU-AUT-005583,Summit Interior Accessories Model-584,Automotive,Interior Accessories,Summit,189.03,314.72,1
5584,SKU-BEA-005584,Apex Skincare Model-585,Beauty & Care,Skincare,Apex,356.93,605.66,1
5585,SKU-APP-005585,Vortex Accessories Model-586,Apparel,Accessories,Vortex,420.72,591.32,1
5586,SKU-HOM-005586,Sol Furniture Model-587,Home & Kitchen,Furniture,Sol,297.98,475.38,1
5587,SKU-GRO-005587,Titan Snacks Model-588,Grocery & Pantry,Snacks,Titan,151.77,371.21,1
5588,SKU-TOY-005588,Aura Puzzles Model-589,Toys & Games,Puzzles,Aura,105.72,223.12,1
5589,SKU-AUT-005589,Prism Oils & Fluids Model-590,Automotive,Oils & Fluids,Prism,375.92,800.37,1
5590,SKU-HOM-005590,Lumina Cookware Model-591,Home & Kitchen,Cookware,Lumina,326.92,612.59,1
5591,SKU-APP-005591,Apex Outerwear Model-592,Apparel,Outerwear,Apex,234.4,387.21,1
5592,SKU-GRO-005592,Horizon Breakfast Model-593,Grocery & Pantry,Breakfast,Horizon,325.73,644.24,1
5593,SKU-APP-005593,Lumina Women's Clothing Model-594,Apparel,Women's Clothing,Lumina,79.08,170.14,1
5594,SKU-BEA-005594,Nova Cosmetics Model-595,Beauty & Care,Cosmetics,Nova,162.65,327.92,1
5595,SKU-HOM-005595,Zenith Storage Model-596,Home & Kitchen,Storage,Zenith,341.79,703.67,1
5596,SKU-ELE-005596,Pulse Smartphones Model-597,Electronics,Smartphones,Pulse,282.02,574.63,1
5597,SKU-GRO-005597,Summit Snacks Model-598,Grocery & Pantry,Snacks,Summit,390.71,551.78,1
5598,SKU-GRO-005598,Echo Organic Foods Model-599,Grocery & Pantry,Organic Foods,Echo,190.57,312.22,1
5599,SKU-ELE-005599,Summit Smartphones Model-600,Electronics,Smartphones,Summit,364.94,713.75,1
5600,SKU-ELE-005600,Apex Audio & Headphones Model-601,Electronics,Audio & Headphones,Apex,51.12,103.64,1
5601,SKU-TOY-005601,Vortex Action Figures Model-602,Toys & Games,Action Figures,Vortex,341.26,667.08,1
5602,SKU-BEA-005602,Vortex Haircare Model-603,Beauty & Care,Haircare,Vortex,364.77,591.97,1
5603,SKU-ELE-005603,Lumina Audio & Headphones Model-604,Electronics,Audio & Headphones,Lumina,198.46,352.38,1
5604,SKU-BEA-005604,Pulse Fragrances Model-605,Beauty & Care,Fragrances,Pulse,328.86,799.21,1
5605,SKU-AUT-005605,Sol Car Care Model-606,Automotive,Car Care,Sol,331.79,487.61,1
5606,SKU-APP-005606,Apex Outerwear Model-607,Apparel,Outerwear,Apex,370.77,710.34,1
5607,SKU-HOM-005607,Nova Bedding Model-608,Home & Kitchen,Bedding,Nova,287.13,457.16,1
5608,SKU-ELE-005608,Vortex Laptops Model-609,Electronics,Laptops,Vortex,265.81,370.61,0
5609,SKU-GRO-005609,Horizon Snacks Model-610,Grocery & Pantry,Snacks,Horizon,344.61,616.68,1
5610,SKU-SPO-005610,Matrix Water Sports Model-611,Sports & Outdoors,Water Sports,Matrix,234.79,519.77,1
5611,SKU-SPO-005611,Horizon Team Sports Model-612,Sports & Outdoors,Team Sports,Horizon,348.15,696.99,0
5612,SKU-BEA-005612,Pulse Fragrances Model-613,Beauty & Care,Fragrances,Pulse,155.27,196.83,1
5613,SKU-APP-005613,Titan Sportswear Model-614,Apparel,Sportswear,Titan,228.16,491.19,0
5614,SKU-HOM-005614,Pulse Decor Model-615,Home & Kitchen,Decor,Pulse,133.88,290.98,1
5615,SKU-GRO-005615,Apex Breakfast Model-616,Grocery & Pantry,Breakfast,Apex,93.68,142.07,1
5616,SKU-AUT-005616,Matrix Oils & Fluids Model-617,Automotive,Oils & Fluids,Matrix,295.56,495.42,1
5617,SKU-TOY-005617,Apex Educational Toys Model-618,Toys & Games,Educational Toys,Apex,373.3,875,1
5618,SKU-AUT-005618,Summit Interior Accessories Model-619,Automotive,Interior Accessories,Summit,67.96,158.8,1
5619,SKU-ELE-005619,Pulse Smart Home Model-620,Electronics,Smart Home,Pulse,143.58,259.49,1
5620,SKU-APP-005620,Aura Footwear Model-621,Apparel,Footwear,Aura,218.16,501.8,1
5621,SKU-ELE-005621,Vortex Smartphones Model-622,Electronics,Smartphones,Vortex,162.9,279.06,1
5622,SKU-TOY-005622,Lumina Outdoor Toys Model-623,Toys & Games,Outdoor Toys,Lumina,29.24,52.17,1
5623,SKU-SPO-005623,Sol Fitness Gear Model-624,Sports & Outdoors,Fitness Gear,Sol,431.19,635.64,1
5624,SKU-BEA-005624,Zenith Skincare Model-625,Beauty & Care,Skincare,Zenith,257.18,354.46,1
5625,SKU-HOM-005625,Echo Decor Model-626,Home & Kitchen,Decor,Echo,15.65,21.91,1
5626,SKU-AUT-005626,Pulse Car Care Model-627,Automotive,Car Care,Pulse,368.02,463.51,1
5627,SKU-APP-005627,Nova Sportswear Model-628,Apparel,Sportswear,Nova,65.13,142.48,1
5628,SKU-APP-005628,Apex Men's Clothing Model-629,Apparel,Men's Clothing,Apex,421.25,697.27,1
5629,SKU-AUT-005629,Prism Interior Accessories Model-630,Automotive,Interior Accessories,Prism,374.3,577.81,1
5630,SKU-SPO-005630,Vortex Cycling Model-631,Sports & Outdoors,Cycling,Vortex,33.05,78.85,1
5631,SKU-AUT-005631,Matrix Oils & Fluids Model-632,Automotive,Oils & Fluids,Matrix,65.16,139.67,1
5632,SKU-AUT-005632,Vortex Car Care Model-633,Automotive,Car Care,Vortex,36.87,68.37,1
5633,SKU-GRO-005633,Titan Breakfast Model-634,Grocery & Pantry,Breakfast,Titan,366.85,755.04,1
5634,SKU-HOM-005634,Sol Small Appliances Model-635,Home & Kitchen,Small Appliances,Sol,389.3,772.08,1
5635,SKU-HOM-005635,Lumina Small Appliances Model-636,Home & Kitchen,Small Appliances,Lumina,15.85,23.79,1
5636,SKU-GRO-005636,Summit Condiments Model-637,Grocery & Pantry,Condiments,Summit,340.67,523.69,1
5637,SKU-ELE-005637,Aura Smart Home Model-638,Electronics,Smart Home,Aura,403.28,990.21,1
5638,SKU-APP-005638,Echo Women's Clothing Model-639,Apparel,Women's Clothing,Echo,253.9,350.56,1
5639,SKU-ELE-005639,Horizon Smartphones Model-640,Electronics,Smartphones,Horizon,369.9,676.45,1
5640,SKU-APP-005640,Titan Men's Clothing Model-641,Apparel,Men's Clothing,Titan,114.31,238.43,1
5641,SKU-TOY-005641,Vortex Outdoor Toys Model-642,Toys & Games,Outdoor Toys,Vortex,410.18,996.69,1
5642,SKU-GRO-005642,Matrix Breakfast Model-643,Grocery & Pantry,Breakfast,Matrix,68.39,123.64,1
5643,SKU-AUT-005643,Summit Car Care Model-644,Automotive,Car Care,Summit,403.5,809.63,1
5644,SKU-AUT-005644,Vortex Interior Accessories Model-645,Automotive,Interior Accessories,Vortex,244.02,484.09,1
5645,SKU-HOM-005645,Apex Cookware Model-646,Home & Kitchen,Cookware,Apex,273.3,615.97,1
5646,SKU-HOM-005646,Horizon Bedding Model-647,Home & Kitchen,Bedding,Horizon,147.84,274.46,0
5647,SKU-SPO-005647,Matrix Cycling Model-648,Sports & Outdoors,Cycling,Matrix,183.82,373.08,1
5648,SKU-AUT-005648,Matrix Oils & Fluids Model-649,Automotive,Oils & Fluids,Matrix,425.81,579.81,1
5649,SKU-TOY-005649,Sol Action Figures Model-650,Toys & Games,Action Figures,Sol,278.5,636.24,1
5650,SKU-HOM-005650,Zenith Furniture Model-651,Home & Kitchen,Furniture,Zenith,39.78,58.58,1
5651,SKU-AUT-005651,Summit Car Care Model-652,Automotive,Car Care,Summit,139,246.88,1
5652,SKU-HOM-005652,Pulse Decor Model-653,Home & Kitchen,Decor,Pulse,136.67,215.05,1
5653,SKU-BEA-005653,Echo Fragrances Model-654,Beauty & Care,Fragrances,Echo,297.12,530.81,1
5654,SKU-GRO-005654,Aura Beverages Model-655,Grocery & Pantry,Beverages,Aura,147.73,291.74,1
5655,SKU-HOM-005655,Pulse Small Appliances Model-656,Home & Kitchen,Small Appliances,Pulse,134.37,334.05,1
5656,SKU-TOY-005656,Titan Action Figures Model-657,Toys & Games,Action Figures,Titan,305.86,398.5,1
5657,SKU-APP-005657,Vortex Women's Clothing Model-658,Apparel,Women's Clothing,Vortex,208.63,289.3,1
5658,SKU-HOM-005658,Pulse Storage Model-659,Home & Kitchen,Storage,Pulse,108.73,238.2,1
5659,SKU-HOM-005659,Velocity Storage Model-660,Home & Kitchen,Storage,Velocity,441.1,625.23,1
5660,SKU-BEA-005660,Apex Fragrances Model-661,Beauty & Care,Fragrances,Apex,339.21,719.58,1
5661,SKU-BEA-005661,Nova Fragrances Model-662,Beauty & Care,Fragrances,Nova,92.56,130.07,1
5662,SKU-SPO-005662,Lumina Water Sports Model-663,Sports & Outdoors,Water Sports,Lumina,160.07,298.92,1
5663,SKU-TOY-005663,Aura Board Games Model-664,Toys & Games,Board Games,Aura,403.82,572.04,1
5664,SKU-BEA-005664,Sol Fragrances Model-665,Beauty & Care,Fragrances,Sol,339.36,770.14,1
5665,SKU-TOY-005665,Aura Educational Toys Model-666,Toys & Games,Educational Toys,Aura,9.93,15.76,1
5666,SKU-AUT-005666,Prism Oils & Fluids Model-667,Automotive,Oils & Fluids,Prism,325.52,711.31,1
5667,SKU-TOY-005667,Apex Educational Toys Model-668,Toys & Games,Educational Toys,Apex,271.01,388.27,1
5668,SKU-APP-005668,Horizon Footwear Model-669,Apparel,Footwear,Horizon,226.21,286.97,1
5669,SKU-SPO-005669,Velocity Cycling Model-670,Sports & Outdoors,Cycling,Velocity,267.61,343.23,1
5670,SKU-SPO-005670,Titan Team Sports Model-671,Sports & Outdoors,Team Sports,Titan,273.26,499.52,1
5671,SKU-AUT-005671,Velocity Interior Accessories Model-672,Automotive,Interior Accessories,Velocity,42.39,97.45,1
5672,SKU-AUT-005672,Summit Car Care Model-673,Automotive,Car Care,Summit,350.57,818.29,1
5673,SKU-GRO-005673,Titan Breakfast Model-674,Grocery & Pantry,Breakfast,Titan,391.35,636.21,1
5674,SKU-BEA-005674,Summit Haircare Model-675,Beauty & Care,Haircare,Summit,105.44,231.8,1
5675,SKU-GRO-005675,Apex Canned Goods Model-676,Grocery & Pantry,Canned Goods,Apex,171.42,264.08,1
5676,SKU-TOY-005676,Matrix Action Figures Model-677,Toys & Games,Action Figures,Matrix,208.02,345.11,1
5677,SKU-SPO-005677,Nova Camping & Hiking Model-678,Sports & Outdoors,Camping & Hiking,Nova,335.96,592.6,1
5678,SKU-BEA-005678,Echo Cosmetics Model-679,Beauty & Care,Cosmetics,Echo,446.82,639.14,1
5679,SKU-TOY-005679,Aura Puzzles Model-680,Toys & Games,Puzzles,Aura,74.07,158,1
5680,SKU-TOY-005680,Velocity Action Figures Model-681,Toys & Games,Action Figures,Velocity,99.16,174.15,1
5681,SKU-TOY-005681,Pulse Board Games Model-682,Toys & Games,Board Games,Pulse,259.44,413.15,1
5682,SKU-HOM-005682,Zenith Decor Model-683,Home & Kitchen,Decor,Zenith,300.83,399.08,1
5683,SKU-HOM-005683,Echo Small Appliances Model-684,Home & Kitchen,Small Appliances,Echo,273.79,366.8,1
5684,SKU-SPO-005684,Echo Fitness Gear Model-685,Sports & Outdoors,Fitness Gear,Echo,286.74,680.06,1
5685,SKU-SPO-005685,Echo Team Sports Model-686,Sports & Outdoors,Team Sports,Echo,197.61,323.31,1
5686,SKU-BEA-005686,Pulse Skincare Model-687,Beauty & Care,Skincare,Pulse,104.48,148.5,1
5687,SKU-BEA-005687,Lumina Skincare Model-688,Beauty & Care,Skincare,Lumina,250.28,534.29,1
5688,SKU-SPO-005688,Pulse Cycling Model-689,Sports & Outdoors,Cycling,Pulse,434.42,703.07,1
5689,SKU-ELE-005689,Summit Audio & Headphones Model-690,Electronics,Audio & Headphones,Summit,68.27,87.59,1
5690,SKU-AUT-005690,Zenith Tools & Equipment Model-691,Automotive,Tools & Equipment,Zenith,185.18,303.75,1
5691,SKU-AUT-005691,Prism Car Care Model-692,Automotive,Car Care,Prism,156.59,218.42,1
5692,SKU-HOM-005692,Summit Furniture Model-693,Home & Kitchen,Furniture,Summit,257.68,401,1
5693,SKU-BEA-005693,Pulse Fragrances Model-694,Beauty & Care,Fragrances,Pulse,240.3,303.71,1
5694,SKU-BEA-005694,Velocity Haircare Model-695,Beauty & Care,Haircare,Velocity,169.23,417.76,1
5695,SKU-BEA-005695,Nova Cosmetics Model-696,Beauty & Care,Cosmetics,Nova,318.24,524.48,1
5696,SKU-BEA-005696,Horizon Haircare Model-697,Beauty & Care,Haircare,Horizon,332.4,733.79,1
5697,SKU-GRO-005697,Echo Condiments Model-698,Grocery & Pantry,Condiments,Echo,384.67,737.06,1
5698,SKU-APP-005698,Horizon Footwear Model-699,Apparel,Footwear,Horizon,51.05,90.14,1
5699,SKU-APP-005699,Summit Accessories Model-700,Apparel,Accessories,Summit,167.61,237.76,1
5700,SKU-BEA-005700,Velocity Personal Care Model-701,Beauty & Care,Personal Care,Velocity,196.67,337.18,1
5701,SKU-SPO-005701,Velocity Camping & Hiking Model-702,Sports & Outdoors,Camping & Hiking,Velocity,242.12,388.74,1
5702,SKU-TOY-005702,Zenith Board Games Model-703,Toys & Games,Board Games,Zenith,382.44,675.2,0
5703,SKU-HOM-005703,Apex Bedding Model-704,Home & Kitchen,Bedding,Apex,142.26,178.98,1
5704,SKU-GRO-005704,Zenith Canned Goods Model-705,Grocery & Pantry,Canned Goods,Zenith,76.09,157.29,1
5705,SKU-TOY-005705,Titan Board Games Model-706,Toys & Games,Board Games,Titan,66.61,97.73,1
5706,SKU-HOM-005706,Zenith Furniture Model-707,Home & Kitchen,Furniture,Zenith,267.17,516.69,1
5707,SKU-HOM-005707,Velocity Storage Model-708,Home & Kitchen,Storage,Velocity,51.11,93.94,1
5708,SKU-AUT-005708,Titan Car Care Model-709,Automotive,Car Care,Titan,13.3,23.43,1
5709,SKU-TOY-005709,Aura Action Figures Model-710,Toys & Games,Action Figures,Aura,399.46,577.52,1
5710,SKU-SPO-005710,Prism Fitness Gear Model-711,Sports & Outdoors,Fitness Gear,Prism,146.37,354.04,1
5711,SKU-AUT-005711,Matrix Car Care Model-712,Automotive,Car Care,Matrix,193.96,476.4,1
5712,SKU-GRO-005712,Aura Breakfast Model-713,Grocery & Pantry,Breakfast,Aura,107.1,196.38,1
5713,SKU-AUT-005713,Horizon Oils & Fluids Model-714,Automotive,Oils & Fluids,Horizon,190.77,261.85,1
5714,SKU-AUT-005714,Summit Oils & Fluids Model-715,Automotive,Oils & Fluids,Summit,395.28,579.6,1
5715,SKU-TOY-005715,Zenith Puzzles Model-716,Toys & Games,Puzzles,Zenith,140.61,328.45,1
5716,SKU-BEA-005716,Zenith Skincare Model-717,Beauty & Care,Skincare,Zenith,242.28,449.35,1
5717,SKU-SPO-005717,Horizon Camping & Hiking Model-718,Sports & Outdoors,Camping & Hiking,Horizon,241.81,512.92,1
5718,SKU-GRO-005718,Lumina Canned Goods Model-719,Grocery & Pantry,Canned Goods,Lumina,138.37,278.43,1
5719,SKU-SPO-005719,Apex Water Sports Model-720,Sports & Outdoors,Water Sports,Apex,64.26,110.58,1
5720,SKU-ELE-005720,Horizon Accessories Model-721,Electronics,Accessories,Horizon,433.63,775.72,1
5721,SKU-BEA-005721,Matrix Cosmetics Model-722,Beauty & Care,Cosmetics,Matrix,300.46,728.24,1
5722,SKU-GRO-005722,Echo Snacks Model-723,Grocery & Pantry,Snacks,Echo,254.35,426.73,1
5723,SKU-BEA-005723,Zenith Fragrances Model-724,Beauty & Care,Fragrances,Zenith,391.18,664.79,1
5724,SKU-SPO-005724,Pulse Cycling Model-725,Sports & Outdoors,Cycling,Pulse,439.55,903.92,1
5725,SKU-BEA-005725,Pulse Cosmetics Model-726,Beauty & Care,Cosmetics,Pulse,29.88,39.23,1
5726,SKU-AUT-005726,Zenith Car Care Model-727,Automotive,Car Care,Zenith,335.88,445.14,1
5727,SKU-TOY-005727,Aura Educational Toys Model-728,Toys & Games,Educational Toys,Aura,24.62,45.77,1
5728,SKU-AUT-005728,Titan Interior Accessories Model-729,Automotive,Interior Accessories,Titan,442.8,816.7,1
5729,SKU-SPO-005729,Summit Cycling Model-730,Sports & Outdoors,Cycling,Summit,50.17,81.82,1
5730,SKU-BEA-005730,Zenith Personal Care Model-731,Beauty & Care,Personal Care,Zenith,281.98,427.42,1
5731,SKU-AUT-005731,Summit Car Care Model-732,Automotive,Car Care,Summit,330.5,458.89,1
5732,SKU-TOY-005732,Zenith Action Figures Model-733,Toys & Games,Action Figures,Zenith,433.68,574.76,1
5733,SKU-BEA-005733,Sol Haircare Model-734,Beauty & Care,Haircare,Sol,398.63,885.32,1
5734,SKU-BEA-005734,Vortex Fragrances Model-735,Beauty & Care,Fragrances,Vortex,352.69,784.27,1
5735,SKU-TOY-005735,Pulse Puzzles Model-736,Toys & Games,Puzzles,Pulse,90.3,140.97,1
5736,SKU-AUT-005736,Prism Oils & Fluids Model-737,Automotive,Oils & Fluids,Prism,429.78,739.09,1
5737,SKU-TOY-005737,Prism Outdoor Toys Model-738,Toys & Games,Outdoor Toys,Prism,39.47,49.48,1
5738,SKU-GRO-005738,Apex Canned Goods Model-739,Grocery & Pantry,Canned Goods,Apex,65.51,153.69,1
5739,SKU-TOY-005739,Sol Puzzles Model-740,Toys & Games,Puzzles,Sol,383.5,920.19,1
5740,SKU-AUT-005740,Horizon Car Care Model-741,Automotive,Car Care,Horizon,287.31,611.51,1
5741,SKU-ELE-005741,Summit Smart Home Model-742,Electronics,Smart Home,Summit,96.95,175.1,1
5742,SKU-SPO-005742,Aura Camping & Hiking Model-743,Sports & Outdoors,Camping & Hiking,Aura,184.99,244.08,1
5743,SKU-HOM-005743,Summit Small Appliances Model-744,Home & Kitchen,Small Appliances,Summit,371.61,537.48,1
5744,SKU-BEA-005744,Zenith Skincare Model-745,Beauty & Care,Skincare,Zenith,149.88,323.79,1
5745,SKU-BEA-005745,Zenith Cosmetics Model-746,Beauty & Care,Cosmetics,Zenith,188.96,384.85,1
5746,SKU-AUT-005746,Pulse Car Care Model-747,Automotive,Car Care,Pulse,312.83,413.23,1
5747,SKU-AUT-005747,Apex Interior Accessories Model-748,Automotive,Interior Accessories,Apex,121.37,179.14,1
5748,SKU-SPO-005748,Velocity Water Sports Model-749,Sports & Outdoors,Water Sports,Velocity,339.48,444.83,1
5749,SKU-ELE-005749,Pulse Audio & Headphones Model-750,Electronics,Audio & Headphones,Pulse,95.87,211.98,1
5750,SKU-ELE-005750,Nova Accessories Model-751,Electronics,Accessories,Nova,290.01,571.3,1
5751,SKU-APP-005751,Horizon Women's Clothing Model-752,Apparel,Women's Clothing,Horizon,40.71,99.1,1
5752,SKU-TOY-005752,Vortex Action Figures Model-753,Toys & Games,Action Figures,Vortex,85.86,135.8,1
5753,SKU-TOY-005753,Apex Educational Toys Model-754,Toys & Games,Educational Toys,Apex,23.96,51.29,1
5754,SKU-HOM-005754,Zenith Decor Model-755,Home & Kitchen,Decor,Zenith,143.25,343.55,1
5755,SKU-ELE-005755,Sol Laptops Model-756,Electronics,Laptops,Sol,412.78,961.23,1
5756,SKU-SPO-005756,Prism Fitness Gear Model-757,Sports & Outdoors,Fitness Gear,Prism,387.2,683.8,1
5757,SKU-APP-005757,Pulse Outerwear Model-758,Apparel,Outerwear,Pulse,423.48,952.86,1
5758,SKU-GRO-005758,Summit Canned Goods Model-759,Grocery & Pantry,Canned Goods,Summit,343.66,509.08,1
5759,SKU-AUT-005759,Echo Oils & Fluids Model-760,Automotive,Oils & Fluids,Echo,228.7,460.3,1
5760,SKU-APP-005760,Pulse Men's Clothing Model-761,Apparel,Men's Clothing,Pulse,170.75,263.66,0
5761,SKU-BEA-005761,Echo Haircare Model-762,Beauty & Care,Haircare,Echo,439.53,555.43,1
5762,SKU-AUT-005762,Matrix Tools & Equipment Model-763,Automotive,Tools & Equipment,Matrix,53.92,105.09,1
5763,SKU-APP-005763,Vortex Sportswear Model-764,Apparel,Sportswear,Vortex,336.34,564.77,1
5764,SKU-HOM-005764,Echo Decor Model-765,Home & Kitchen,Decor,Echo,173.07,267.59,1
5765,SKU-BEA-005765,Vortex Fragrances Model-766,Beauty & Care,Fragrances,Vortex,130.58,188.95,1
5766,SKU-AUT-005766,Vortex Tools & Equipment Model-767,Automotive,Tools & Equipment,Vortex,70.29,135.55,1
5767,SKU-ELE-005767,Apex Smart Home Model-768,Electronics,Smart Home,Apex,362.53,763.87,1
5768,SKU-SPO-005768,Echo Team Sports Model-769,Sports & Outdoors,Team Sports,Echo,120.11,249.81,1
5769,SKU-HOM-005769,Pulse Bedding Model-770,Home & Kitchen,Bedding,Pulse,244.53,457.53,1
5770,SKU-SPO-005770,Matrix Team Sports Model-771,Sports & Outdoors,Team Sports,Matrix,341.36,647.77,1
5771,SKU-HOM-005771,Titan Furniture Model-772,Home & Kitchen,Furniture,Titan,24.15,58.66,1
5772,SKU-AUT-005772,Aura Tools & Equipment Model-773,Automotive,Tools & Equipment,Aura,139,203.82,1
5773,SKU-ELE-005773,Zenith Wearables Model-774,Electronics,Wearables,Zenith,271.55,528.81,1
5774,SKU-BEA-005774,Zenith Personal Care Model-775,Beauty & Care,Personal Care,Zenith,170.89,335.01,1
5775,SKU-GRO-005775,Echo Beverages Model-776,Grocery & Pantry,Beverages,Echo,104.47,171.71,1
5776,SKU-AUT-005776,Matrix Interior Accessories Model-777,Automotive,Interior Accessories,Matrix,231.28,330.88,1
5777,SKU-BEA-005777,Velocity Skincare Model-778,Beauty & Care,Skincare,Velocity,341.88,494.18,1
5778,SKU-SPO-005778,Titan Team Sports Model-779,Sports & Outdoors,Team Sports,Titan,436.96,692.71,1
5779,SKU-AUT-005779,Echo Interior Accessories Model-780,Automotive,Interior Accessories,Echo,311.03,621.53,1
5780,SKU-APP-005780,Aura Women's Clothing Model-781,Apparel,Women's Clothing,Aura,302.83,490.76,1
5781,SKU-APP-005781,Vortex Women's Clothing Model-782,Apparel,Women's Clothing,Vortex,253.04,479.64,1
5782,SKU-AUT-005782,Apex Oils & Fluids Model-783,Automotive,Oils & Fluids,Apex,214.5,406.64,1
5783,SKU-GRO-005783,Sol Breakfast Model-784,Grocery & Pantry,Breakfast,Sol,145.68,278.34,1
5784,SKU-SPO-005784,Aura Fitness Gear Model-785,Sports & Outdoors,Fitness Gear,Aura,395.37,721.75,1
5785,SKU-ELE-005785,Nova Laptops Model-786,Electronics,Laptops,Nova,95.45,123.2,1
5786,SKU-AUT-005786,Nova Tools & Equipment Model-787,Automotive,Tools & Equipment,Nova,404.83,592.94,1
5787,SKU-TOY-005787,Summit Outdoor Toys Model-788,Toys & Games,Outdoor Toys,Summit,122.89,155.73,1
5788,SKU-BEA-005788,Horizon Fragrances Model-789,Beauty & Care,Fragrances,Horizon,226.94,487.85,1
5789,SKU-AUT-005789,Horizon Interior Accessories Model-790,Automotive,Interior Accessories,Horizon,386.03,823.83,1
5790,SKU-ELE-005790,Lumina Accessories Model-791,Electronics,Accessories,Lumina,339.63,845.62,1
5791,SKU-APP-005791,Aura Footwear Model-792,Apparel,Footwear,Aura,73.82,152.05,1
5792,SKU-ELE-005792,Summit Audio & Headphones Model-793,Electronics,Audio & Headphones,Summit,48.09,82.68,1
5793,SKU-SPO-005793,Apex Water Sports Model-794,Sports & Outdoors,Water Sports,Apex,178.21,438.53,1
5794,SKU-GRO-005794,Aura Canned Goods Model-795,Grocery & Pantry,Canned Goods,Aura,30.66,61.53,1
5795,SKU-TOY-005795,Velocity Outdoor Toys Model-796,Toys & Games,Outdoor Toys,Velocity,326.89,444.95,1
5796,SKU-ELE-005796,Apex Smartphones Model-797,Electronics,Smartphones,Apex,157.44,345.69,0
5797,SKU-TOY-005797,Summit Educational Toys Model-798,Toys & Games,Educational Toys,Summit,379.67,905.32,1
5798,SKU-TOY-005798,Horizon Educational Toys Model-799,Toys & Games,Educational Toys,Horizon,150.11,240.94,0
5799,SKU-HOM-005799,Titan Decor Model-800,Home & Kitchen,Decor,Titan,234.74,352.98,1
5800,SKU-BEA-005800,Lumina Haircare Model-801,Beauty & Care,Haircare,Lumina,142.27,202.69,0
5801,SKU-ELE-005801,Horizon Laptops Model-802,Electronics,Laptops,Horizon,131.15,203.15,1
5802,SKU-APP-005802,Prism Footwear Model-803,Apparel,Footwear,Prism,358.6,638.74,1
5803,SKU-HOM-005803,Matrix Storage Model-804,Home & Kitchen,Storage,Matrix,247.57,316.08,1
5804,SKU-APP-005804,Velocity Women's Clothing Model-805,Apparel,Women's Clothing,Velocity,440.06,984.6,1
5805,SKU-HOM-005805,Pulse Small Appliances Model-806,Home & Kitchen,Small Appliances,Pulse,145.93,265.38,1
5806,SKU-HOM-005806,Pulse Bedding Model-807,Home & Kitchen,Bedding,Pulse,373.01,910.15,1
5807,SKU-BEA-005807,Matrix Skincare Model-808,Beauty & Care,Skincare,Matrix,345.33,811.09,1
5808,SKU-APP-005808,Prism Women's Clothing Model-809,Apparel,Women's Clothing,Prism,337.28,772.56,1
5809,SKU-TOY-005809,Lumina Board Games Model-810,Toys & Games,Board Games,Lumina,337.64,490.4,1
5810,SKU-APP-005810,Pulse Women's Clothing Model-811,Apparel,Women's Clothing,Pulse,360.49,870.17,1
5811,SKU-ELE-005811,Lumina Audio & Headphones Model-812,Electronics,Audio & Headphones,Lumina,444.34,941.59,1
5812,SKU-SPO-005812,Lumina Camping & Hiking Model-813,Sports & Outdoors,Camping & Hiking,Lumina,54.48,102.01,1
5813,SKU-HOM-005813,Apex Furniture Model-814,Home & Kitchen,Furniture,Apex,446.5,857.31,1
5814,SKU-AUT-005814,Matrix Tools & Equipment Model-815,Automotive,Tools & Equipment,Matrix,411.9,826.2,1
5815,SKU-APP-005815,Lumina Sportswear Model-816,Apparel,Sportswear,Lumina,74.9,176.31,1
5816,SKU-AUT-005816,Echo Interior Accessories Model-817,Automotive,Interior Accessories,Echo,67.63,156.63,1
5817,SKU-HOM-005817,Apex Small Appliances Model-818,Home & Kitchen,Small Appliances,Apex,121.68,164.81,1
5818,SKU-GRO-005818,Pulse Beverages Model-819,Grocery & Pantry,Beverages,Pulse,325.99,616.72,1
5819,SKU-SPO-005819,Pulse Cycling Model-820,Sports & Outdoors,Cycling,Pulse,338.84,767.83,1
5820,SKU-ELE-005820,Horizon Audio & Headphones Model-821,Electronics,Audio & Headphones,Horizon,385.63,781.86,1
5821,SKU-TOY-005821,Velocity Board Games Model-822,Toys & Games,Board Games,Velocity,315.69,727.39,1
5822,SKU-ELE-005822,Horizon Audio & Headphones Model-823,Electronics,Audio & Headphones,Horizon,212.82,384.53,1
5823,SKU-SPO-005823,Velocity Camping & Hiking Model-824,Sports & Outdoors,Camping & Hiking,Velocity,176.62,314.83,1
5824,SKU-ELE-005824,Matrix Smart Home Model-825,Electronics,Smart Home,Matrix,263.69,333.94,1
5825,SKU-BEA-005825,Matrix Fragrances Model-826,Beauty & Care,Fragrances,Matrix,56.54,140.09,1
5826,SKU-AUT-005826,Pulse Interior Accessories Model-827,Automotive,Interior Accessories,Pulse,286.85,513.45,1
5827,SKU-TOY-005827,Lumina Board Games Model-828,Toys & Games,Board Games,Lumina,269.44,519.84,1
5828,SKU-BEA-005828,Sol Cosmetics Model-829,Beauty & Care,Cosmetics,Sol,408.86,796.75,1
5829,SKU-TOY-005829,Titan Outdoor Toys Model-830,Toys & Games,Outdoor Toys,Titan,19.48,41.96,1
5830,SKU-BEA-005830,Nova Personal Care Model-831,Beauty & Care,Personal Care,Nova,18.66,34.64,1
5831,SKU-AUT-005831,Summit Oils & Fluids Model-832,Automotive,Oils & Fluids,Summit,117.37,241.23,1
5832,SKU-ELE-005832,Vortex Smart Home Model-833,Electronics,Smart Home,Vortex,153.92,331,1
5833,SKU-APP-005833,Lumina Women's Clothing Model-834,Apparel,Women's Clothing,Lumina,429.8,904.22,1
5834,SKU-BEA-005834,Echo Skincare Model-835,Beauty & Care,Skincare,Echo,330.9,720.62,1
5835,SKU-HOM-005835,Vortex Small Appliances Model-836,Home & Kitchen,Small Appliances,Vortex,102.48,218.96,1
5836,SKU-APP-005836,Pulse Women's Clothing Model-837,Apparel,Women's Clothing,Pulse,42.06,52.77,1
5837,SKU-SPO-005837,Pulse Team Sports Model-838,Sports & Outdoors,Team Sports,Pulse,23.86,51.98,1
5838,SKU-ELE-005838,Titan Laptops Model-839,Electronics,Laptops,Titan,309.57,476.93,1
5839,SKU-ELE-005839,Sol Audio & Headphones Model-840,Electronics,Audio & Headphones,Sol,208.5,446.77,1
5840,SKU-TOY-005840,Nova Action Figures Model-841,Toys & Games,Action Figures,Nova,87.18,116.5,1
5841,SKU-HOM-005841,Echo Small Appliances Model-842,Home & Kitchen,Small Appliances,Echo,308.02,509.59,1
5842,SKU-SPO-005842,Summit Water Sports Model-843,Sports & Outdoors,Water Sports,Summit,308.79,676.75,1
5843,SKU-GRO-005843,Aura Beverages Model-844,Grocery & Pantry,Beverages,Aura,345,840.85,1
5844,SKU-HOM-005844,Aura Storage Model-845,Home & Kitchen,Storage,Aura,103.03,255.41,1
5845,SKU-GRO-005845,Velocity Snacks Model-846,Grocery & Pantry,Snacks,Velocity,31.96,68.61,1
5846,SKU-BEA-005846,Velocity Fragrances Model-847,Beauty & Care,Fragrances,Velocity,137.33,265.9,1
5847,SKU-HOM-005847,Matrix Cookware Model-848,Home & Kitchen,Cookware,Matrix,327.79,468.57,1
5848,SKU-SPO-005848,Summit Water Sports Model-849,Sports & Outdoors,Water Sports,Summit,99.41,225.7,1
5849,SKU-SPO-005849,Sol Cycling Model-850,Sports & Outdoors,Cycling,Sol,249.56,316.64,1
5850,SKU-SPO-005850,Summit Team Sports Model-851,Sports & Outdoors,Team Sports,Summit,246.91,320.21,1
5851,SKU-ELE-005851,Pulse Smartphones Model-852,Electronics,Smartphones,Pulse,311.82,567.69,1
5852,SKU-GRO-005852,Sol Breakfast Model-853,Grocery & Pantry,Breakfast,Sol,170.32,233.41,1
5853,SKU-BEA-005853,Nova Fragrances Model-854,Beauty & Care,Fragrances,Nova,88.29,125.44,1
5854,SKU-GRO-005854,Pulse Organic Foods Model-855,Grocery & Pantry,Organic Foods,Pulse,443.77,733.32,1
5855,SKU-HOM-005855,Prism Storage Model-856,Home & Kitchen,Storage,Prism,179.37,238.42,1
5856,SKU-AUT-005856,Lumina Car Care Model-857,Automotive,Car Care,Lumina,361.6,574.84,1
5857,SKU-BEA-005857,Apex Personal Care Model-858,Beauty & Care,Personal Care,Apex,204.63,327.98,1
5858,SKU-HOM-005858,Horizon Decor Model-859,Home & Kitchen,Decor,Horizon,90.59,203.65,1
5859,SKU-ELE-005859,Nova Accessories Model-860,Electronics,Accessories,Nova,339.07,451.07,1
5860,SKU-APP-005860,Vortex Men's Clothing Model-861,Apparel,Men's Clothing,Vortex,312.35,703.74,1
5861,SKU-GRO-005861,Velocity Beverages Model-862,Grocery & Pantry,Beverages,Velocity,305.82,756.85,1
5862,SKU-APP-005862,Prism Sportswear Model-863,Apparel,Sportswear,Prism,333.83,485.69,1
5863,SKU-TOY-005863,Aura Action Figures Model-864,Toys & Games,Action Figures,Aura,191.72,311.98,1
5864,SKU-SPO-005864,Aura Fitness Gear Model-865,Sports & Outdoors,Fitness Gear,Aura,211.58,271.14,1
5865,SKU-HOM-005865,Prism Bedding Model-866,Home & Kitchen,Bedding,Prism,396.56,517.64,1
5866,SKU-TOY-005866,Velocity Board Games Model-867,Toys & Games,Board Games,Velocity,152.42,353.74,1
5867,SKU-TOY-005867,Echo Board Games Model-868,Toys & Games,Board Games,Echo,128.4,261.47,0
5868,SKU-APP-005868,Echo Men's Clothing Model-869,Apparel,Men's Clothing,Echo,316.3,668.86,1
5869,SKU-BEA-005869,Pulse Fragrances Model-870,Beauty & Care,Fragrances,Pulse,259.35,450.54,1
5870,SKU-HOM-005870,Prism Decor Model-871,Home & Kitchen,Decor,Prism,204.34,421.9,1
5871,SKU-AUT-005871,Horizon Oils & Fluids Model-872,Automotive,Oils & Fluids,Horizon,395.45,719.62,1
5872,SKU-TOY-005872,Vortex Outdoor Toys Model-873,Toys & Games,Outdoor Toys,Vortex,98.75,159.28,1
5873,SKU-TOY-005873,Summit Action Figures Model-874,Toys & Games,Action Figures,Summit,171.12,322.43,1
5874,SKU-TOY-005874,Prism Action Figures Model-875,Toys & Games,Action Figures,Prism,59.43,78.48,1
5875,SKU-ELE-005875,Zenith Smart Home Model-876,Electronics,Smart Home,Zenith,245.65,437.06,1
5876,SKU-ELE-005876,Aura Smart Home Model-877,Electronics,Smart Home,Aura,405.43,760.82,1
5877,SKU-TOY-005877,Echo Action Figures Model-878,Toys & Games,Action Figures,Echo,12.62,21.4,1
5878,SKU-APP-005878,Aura Women's Clothing Model-879,Apparel,Women's Clothing,Aura,305.2,433.79,1
5879,SKU-ELE-005879,Prism Wearables Model-880,Electronics,Wearables,Prism,127.23,314.09,1
5880,SKU-ELE-005880,Apex Accessories Model-881,Electronics,Accessories,Apex,28.45,57.57,1
5881,SKU-AUT-005881,Summit Oils & Fluids Model-882,Automotive,Oils & Fluids,Summit,251.68,622.97,1
5882,SKU-APP-005882,Nova Women's Clothing Model-883,Apparel,Women's Clothing,Nova,375.63,490.79,1
5883,SKU-HOM-005883,Matrix Storage Model-884,Home & Kitchen,Storage,Matrix,313.5,670.8,1
5884,SKU-APP-005884,Vortex Men's Clothing Model-885,Apparel,Men's Clothing,Vortex,414.3,835.38,1
5885,SKU-AUT-005885,Lumina Interior Accessories Model-886,Automotive,Interior Accessories,Lumina,147.41,208.08,1
5886,SKU-SPO-005886,Zenith Water Sports Model-887,Sports & Outdoors,Water Sports,Zenith,301.46,637.74,1
5887,SKU-APP-005887,Apex Accessories Model-888,Apparel,Accessories,Apex,341.92,487.35,0
5888,SKU-AUT-005888,Zenith Car Care Model-889,Automotive,Car Care,Zenith,180.75,409.78,1
5889,SKU-SPO-005889,Apex Water Sports Model-890,Sports & Outdoors,Water Sports,Apex,107.88,172.37,1
5890,SKU-SPO-005890,Lumina Cycling Model-891,Sports & Outdoors,Cycling,Lumina,10.32,21.22,1
5891,SKU-AUT-005891,Echo Car Care Model-892,Automotive,Car Care,Echo,117.44,219.64,1
5892,SKU-APP-005892,Sol Accessories Model-893,Apparel,Accessories,Sol,95.82,232.6,1
5893,SKU-AUT-005893,Apex Car Care Model-894,Automotive,Car Care,Apex,277.93,445.17,1
5894,SKU-APP-005894,Pulse Men's Clothing Model-895,Apparel,Men's Clothing,Pulse,374.09,636.95,1
5895,SKU-BEA-005895,Titan Cosmetics Model-896,Beauty & Care,Cosmetics,Titan,13.07,27.73,1
5896,SKU-ELE-005896,Titan Wearables Model-897,Electronics,Wearables,Titan,412.48,951.04,1
5897,SKU-SPO-005897,Nova Cycling Model-898,Sports & Outdoors,Cycling,Nova,124.26,236.78,1
5898,SKU-APP-005898,Matrix Sportswear Model-899,Apparel,Sportswear,Matrix,18.73,41.06,1
5899,SKU-BEA-005899,Echo Skincare Model-900,Beauty & Care,Skincare,Echo,147.72,280.9,0
5900,SKU-ELE-005900,Matrix Accessories Model-901,Electronics,Accessories,Matrix,68.45,150.78,1
5901,SKU-HOM-005901,Titan Decor Model-902,Home & Kitchen,Decor,Titan,169.89,406.52,1
5902,SKU-TOY-005902,Apex Educational Toys Model-903,Toys & Games,Educational Toys,Apex,442.03,796.43,1
5903,SKU-TOY-005903,Lumina Puzzles Model-904,Toys & Games,Puzzles,Lumina,117.27,249.38,1
5904,SKU-APP-005904,Prism Footwear Model-905,Apparel,Footwear,Prism,318.66,625.26,1
5905,SKU-BEA-005905,Summit Skincare Model-906,Beauty & Care,Skincare,Summit,25.11,61.15,1
5906,SKU-GRO-005906,Matrix Snacks Model-907,Grocery & Pantry,Snacks,Matrix,134.57,264.33,1
5907,SKU-GRO-005907,Titan Canned Goods Model-908,Grocery & Pantry,Canned Goods,Titan,175.27,414.8,1
5908,SKU-HOM-005908,Pulse Decor Model-909,Home & Kitchen,Decor,Pulse,324.21,714.98,1
5909,SKU-GRO-005909,Velocity Snacks Model-910,Grocery & Pantry,Snacks,Velocity,147.74,332.72,1
5910,SKU-APP-005910,Pulse Sportswear Model-911,Apparel,Sportswear,Pulse,50.17,79.27,0
5911,SKU-GRO-005911,Summit Organic Foods Model-912,Grocery & Pantry,Organic Foods,Summit,303.41,482.05,1
5912,SKU-GRO-005912,Summit Snacks Model-913,Grocery & Pantry,Snacks,Summit,115.48,284.42,1
5913,SKU-APP-005913,Nova Sportswear Model-914,Apparel,Sportswear,Nova,313.55,594.4,1
5914,SKU-TOY-005914,Apex Puzzles Model-915,Toys & Games,Puzzles,Apex,405.78,874.79,1
5915,SKU-GRO-005915,Aura Condiments Model-916,Grocery & Pantry,Condiments,Aura,165.28,257.85,0
5916,SKU-BEA-005916,Prism Haircare Model-917,Beauty & Care,Haircare,Prism,84.02,145.79,1
5917,SKU-ELE-005917,Zenith Audio & Headphones Model-918,Electronics,Audio & Headphones,Zenith,348.49,464.03,1
5918,SKU-HOM-005918,Titan Small Appliances Model-919,Home & Kitchen,Small Appliances,Titan,45.97,81.84,1
5919,SKU-AUT-005919,Lumina Tools & Equipment Model-920,Automotive,Tools & Equipment,Lumina,312.33,668.84,1
5920,SKU-AUT-005920,Velocity Oils & Fluids Model-921,Automotive,Oils & Fluids,Velocity,447.89,582.35,1
5921,SKU-ELE-005921,Nova Laptops Model-922,Electronics,Laptops,Nova,91.38,159.05,0
5922,SKU-TOY-005922,Lumina Action Figures Model-923,Toys & Games,Action Figures,Lumina,111.98,248.72,1
5923,SKU-TOY-005923,Aura Educational Toys Model-924,Toys & Games,Educational Toys,Aura,295.84,380.64,1
5924,SKU-ELE-005924,Zenith Audio & Headphones Model-925,Electronics,Audio & Headphones,Zenith,362.92,696.46,1
5925,SKU-APP-005925,Matrix Women's Clothing Model-926,Apparel,Women's Clothing,Matrix,164.73,307.87,1
5926,SKU-HOM-005926,Pulse Storage Model-927,Home & Kitchen,Storage,Pulse,255.11,405.13,1
5927,SKU-ELE-005927,Zenith Smart Home Model-928,Electronics,Smart Home,Zenith,114.13,281.39,1
5928,SKU-TOY-005928,Sol Board Games Model-929,Toys & Games,Board Games,Sol,100.85,248.02,1
5929,SKU-ELE-005929,Vortex Smartphones Model-930,Electronics,Smartphones,Vortex,233.77,386.74,1
5930,SKU-ELE-005930,Matrix Wearables Model-931,Electronics,Wearables,Matrix,426.11,757.84,1
5931,SKU-APP-005931,Velocity Men's Clothing Model-932,Apparel,Men's Clothing,Velocity,231.33,517.82,1
5932,SKU-GRO-005932,Echo Condiments Model-933,Grocery & Pantry,Condiments,Echo,117.42,219.43,1
5933,SKU-TOY-005933,Vortex Educational Toys Model-934,Toys & Games,Educational Toys,Vortex,54.51,69.68,1
5934,SKU-SPO-005934,Titan Camping & Hiking Model-935,Sports & Outdoors,Camping & Hiking,Titan,13.14,29.98,1
5935,SKU-GRO-005935,Summit Breakfast Model-936,Grocery & Pantry,Breakfast,Summit,363.58,576.74,1
5936,SKU-BEA-005936,Horizon Skincare Model-937,Beauty & Care,Skincare,Horizon,356.75,855.99,1
5937,SKU-ELE-005937,Prism Wearables Model-938,Electronics,Wearables,Prism,325.76,473.46,1
5938,SKU-ELE-005938,Echo Wearables Model-939,Electronics,Wearables,Echo,424.93,877.22,1
5939,SKU-HOM-005939,Zenith Storage Model-940,Home & Kitchen,Storage,Zenith,251.05,557.54,1
5940,SKU-AUT-005940,Apex Interior Accessories Model-941,Automotive,Interior Accessories,Apex,323.63,703.06,1
5941,SKU-ELE-005941,Matrix Smart Home Model-942,Electronics,Smart Home,Matrix,405.89,972.31,1
5942,SKU-APP-005942,Summit Footwear Model-943,Apparel,Footwear,Summit,81.64,124.87,1
5943,SKU-APP-005943,Titan Men's Clothing Model-944,Apparel,Men's Clothing,Titan,143.03,222.85,1
5944,SKU-TOY-005944,Velocity Action Figures Model-945,Toys & Games,Action Figures,Velocity,329.68,428.55,1
5945,SKU-APP-005945,Velocity Sportswear Model-946,Apparel,Sportswear,Velocity,93.13,152.71,1
5946,SKU-ELE-005946,Lumina Accessories Model-947,Electronics,Accessories,Lumina,334.54,717.23,1
5947,SKU-ELE-005947,Lumina Laptops Model-948,Electronics,Laptops,Lumina,152.65,263.85,1
5948,SKU-BEA-005948,Lumina Fragrances Model-949,Beauty & Care,Fragrances,Lumina,265.04,372.16,1
5949,SKU-TOY-005949,Lumina Puzzles Model-950,Toys & Games,Puzzles,Lumina,266.69,504.9,1
5950,SKU-ELE-005950,Aura Laptops Model-951,Electronics,Laptops,Aura,431.62,837.92,1
5951,SKU-APP-005951,Summit Accessories Model-952,Apparel,Accessories,Summit,226.78,356.12,1
5952,SKU-TOY-005952,Apex Board Games Model-953,Toys & Games,Board Games,Apex,269.22,455.9,1
5953,SKU-TOY-005953,Zenith Educational Toys Model-954,Toys & Games,Educational Toys,Zenith,51.79,114.5,1
5954,SKU-APP-005954,Apex Footwear Model-955,Apparel,Footwear,Apex,174.15,371.42,1
5955,SKU-GRO-005955,Sol Canned Goods Model-956,Grocery & Pantry,Canned Goods,Sol,297.39,373.67,1
5956,SKU-ELE-005956,Vortex Accessories Model-957,Electronics,Accessories,Vortex,38.84,51.52,1
5957,SKU-SPO-005957,Zenith Water Sports Model-958,Sports & Outdoors,Water Sports,Zenith,347.92,626.99,1
5958,SKU-AUT-005958,Echo Tools & Equipment Model-959,Automotive,Tools & Equipment,Echo,165.84,293.03,1
5959,SKU-TOY-005959,Summit Outdoor Toys Model-960,Toys & Games,Outdoor Toys,Summit,435.44,850.27,1
5960,SKU-GRO-005960,Velocity Organic Foods Model-961,Grocery & Pantry,Organic Foods,Velocity,322.52,667.23,1
5961,SKU-HOM-005961,Velocity Bedding Model-962,Home & Kitchen,Bedding,Velocity,47.87,77.36,1
5962,SKU-HOM-005962,Nova Small Appliances Model-963,Home & Kitchen,Small Appliances,Nova,315.34,529.11,1
5963,SKU-APP-005963,Prism Outerwear Model-964,Apparel,Outerwear,Prism,126.22,180.58,1
5964,SKU-HOM-005964,Velocity Storage Model-965,Home & Kitchen,Storage,Velocity,36.81,62.95,1
5965,SKU-APP-005965,Echo Sportswear Model-966,Apparel,Sportswear,Echo,97.45,209.4,1
5966,SKU-SPO-005966,Vortex Water Sports Model-967,Sports & Outdoors,Water Sports,Vortex,50.5,119.69,1
5967,SKU-AUT-005967,Summit Car Care Model-968,Automotive,Car Care,Summit,377.33,720.09,1
5968,SKU-BEA-005968,Titan Haircare Model-969,Beauty & Care,Haircare,Titan,410.82,931.06,1
5969,SKU-GRO-005969,Matrix Canned Goods Model-970,Grocery & Pantry,Canned Goods,Matrix,32.16,63.48,1
5970,SKU-AUT-005970,Lumina Interior Accessories Model-971,Automotive,Interior Accessories,Lumina,415.58,697.39,1
5971,SKU-AUT-005971,Titan Tools & Equipment Model-972,Automotive,Tools & Equipment,Titan,376.39,917.18,1
5972,SKU-HOM-005972,Velocity Small Appliances Model-973,Home & Kitchen,Small Appliances,Velocity,197.32,301.49,1
5973,SKU-AUT-005973,Pulse Interior Accessories Model-974,Automotive,Interior Accessories,Pulse,448.97,699.47,1
5974,SKU-APP-005974,Nova Sportswear Model-975,Apparel,Sportswear,Nova,78.73,176.16,1
5975,SKU-BEA-005975,Apex Haircare Model-976,Beauty & Care,Haircare,Apex,429.3,606.57,1
5976,SKU-BEA-005976,Prism Personal Care Model-977,Beauty & Care,Personal Care,Prism,355.08,610.07,1
5977,SKU-HOM-005977,Lumina Small Appliances Model-978,Home & Kitchen,Small Appliances,Lumina,28.44,48.87,0
5978,SKU-GRO-005978,Horizon Condiments Model-979,Grocery & Pantry,Condiments,Horizon,72.1,141.71,1
5979,SKU-APP-005979,Titan Accessories Model-980,Apparel,Accessories,Titan,235.04,438.32,1
5980,SKU-APP-005980,Matrix Outerwear Model-981,Apparel,Outerwear,Matrix,115.89,230.76,1
5981,SKU-TOY-005981,Apex Action Figures Model-982,Toys & Games,Action Figures,Apex,151.2,376.77,1
5982,SKU-AUT-005982,Titan Interior Accessories Model-983,Automotive,Interior Accessories,Titan,58.95,105.5,1
5983,SKU-SPO-005983,Lumina Fitness Gear Model-984,Sports & Outdoors,Fitness Gear,Lumina,183.06,408.02,1
5984,SKU-BEA-005984,Prism Fragrances Model-985,Beauty & Care,Fragrances,Prism,47.2,70.55,1
5985,SKU-GRO-005985,Zenith Canned Goods Model-986,Grocery & Pantry,Canned Goods,Zenith,61.49,100.69,1
5986,SKU-BEA-005986,Pulse Cosmetics Model-987,Beauty & Care,Cosmetics,Pulse,372.3,703.46,1
5987,SKU-AUT-005987,Sol Oils & Fluids Model-988,Automotive,Oils & Fluids,Sol,306.92,669.21,1
5988,SKU-GRO-005988,Lumina Organic Foods Model-989,Grocery & Pantry,Organic Foods,Lumina,152.61,279.76,1
5989,SKU-GRO-005989,Nova Snacks Model-990,Grocery & Pantry,Snacks,Nova,77.34,163.22,1
5990,SKU-BEA-005990,Echo Personal Care Model-991,Beauty & Care,Personal Care,Echo,322.34,685.67,1
5991,SKU-SPO-005991,Echo Cycling Model-992,Sports & Outdoors,Cycling,Echo,226.11,397.24,1
5992,SKU-APP-005992,Velocity Outerwear Model-993,Apparel,Outerwear,Velocity,401.91,956.48,1
5993,SKU-GRO-005993,Lumina Breakfast Model-994,Grocery & Pantry,Breakfast,Lumina,16.74,32.41,1
5994,SKU-TOY-005994,Apex Action Figures Model-995,Toys & Games,Action Figures,Apex,299.98,408.89,1
5995,SKU-AUT-005995,Nova Interior Accessories Model-996,Automotive,Interior Accessories,Nova,242.9,547.53,1
5996,SKU-BEA-005996,Echo Haircare Model-997,Beauty & Care,Haircare,Echo,349.54,814.6,1
5997,SKU-HOM-005997,Matrix Storage Model-998,Home & Kitchen,Storage,Matrix,223.82,515.65,1
5998,SKU-APP-005998,Lumina Outerwear Model-999,Apparel,Outerwear,Lumina,227.97,431.67,1
5999,SKU-TOY-005999,Pulse Educational Toys Model-1000,Toys & Games,Educational Toys,Pulse,198.89,374.24,1
6000,SKU-TOY-006000,Velocity Puzzles Model-001,Toys & Games,Puzzles,Velocity,329.8,547.01,1
6001,SKU-SPO-006001,Titan Cycling Model-002,Sports & Outdoors,Cycling,Titan,49.66,83.15,1
6002,SKU-HOM-006002,Prism Decor Model-003,Home & Kitchen,Decor,Prism,129.42,286.52,1
6003,SKU-TOY-006003,Echo Board Games Model-004,Toys & Games,Board Games,Echo,26.61,36.32,1
6004,SKU-SPO-006004,Velocity Team Sports Model-005,Sports & Outdoors,Team Sports,Velocity,182.91,299.44,1
6005,SKU-BEA-006005,Echo Haircare Model-006,Beauty & Care,Haircare,Echo,343.1,723.81,1
6006,SKU-TOY-006006,Lumina Educational Toys Model-007,Toys & Games,Educational Toys,Lumina,280.52,353.64,1
6007,SKU-BEA-006007,Horizon Personal Care Model-008,Beauty & Care,Personal Care,Horizon,17.94,42.1,1
6008,SKU-SPO-006008,Lumina Water Sports Model-009,Sports & Outdoors,Water Sports,Lumina,366.94,612.75,1
6009,SKU-ELE-006009,Pulse Audio & Headphones Model-010,Electronics,Audio & Headphones,Pulse,270.45,381.79,1
6010,SKU-SPO-006010,Vortex Water Sports Model-011,Sports & Outdoors,Water Sports,Vortex,221.07,343.19,1
6011,SKU-ELE-006011,Zenith Laptops Model-012,Electronics,Laptops,Zenith,25.67,37.22,1
6012,SKU-GRO-006012,Lumina Snacks Model-013,Grocery & Pantry,Snacks,Lumina,33.83,68.73,1
6013,SKU-BEA-006013,Summit Cosmetics Model-014,Beauty & Care,Cosmetics,Summit,187.51,293.89,1
6014,SKU-SPO-006014,Zenith Team Sports Model-015,Sports & Outdoors,Team Sports,Zenith,79.98,173.57,1
6015,SKU-AUT-006015,Titan Oils & Fluids Model-016,Automotive,Oils & Fluids,Titan,249.4,500,1
6016,SKU-SPO-006016,Apex Camping & Hiking Model-017,Sports & Outdoors,Camping & Hiking,Apex,162.34,262.46,1
6017,SKU-GRO-006017,Horizon Snacks Model-018,Grocery & Pantry,Snacks,Horizon,182.52,289.1,1
6018,SKU-APP-006018,Summit Accessories Model-019,Apparel,Accessories,Summit,21.69,48.89,1
6019,SKU-AUT-006019,Titan Car Care Model-020,Automotive,Car Care,Titan,250.59,401.77,1
6020,SKU-AUT-006020,Zenith Oils & Fluids Model-021,Automotive,Oils & Fluids,Zenith,333.18,791.02,1
6021,SKU-HOM-006021,Nova Bedding Model-022,Home & Kitchen,Bedding,Nova,243.6,513.11,1
6022,SKU-GRO-006022,Apex Organic Foods Model-023,Grocery & Pantry,Organic Foods,Apex,272.54,559.01,1
6023,SKU-AUT-006023,Sol Tools & Equipment Model-024,Automotive,Tools & Equipment,Sol,425.43,562.54,1
6024,SKU-TOY-006024,Summit Educational Toys Model-025,Toys & Games,Educational Toys,Summit,131.56,188.11,1
6025,SKU-BEA-006025,Matrix Cosmetics Model-026,Beauty & Care,Cosmetics,Matrix,117.55,267.77,1
6026,SKU-TOY-006026,Lumina Outdoor Toys Model-027,Toys & Games,Outdoor Toys,Lumina,277.14,671.85,1
6027,SKU-ELE-006027,Nova Wearables Model-028,Electronics,Wearables,Nova,178.97,428.2,0
6028,SKU-ELE-006028,Titan Laptops Model-029,Electronics,Laptops,Titan,167.66,272.06,1
6029,SKU-AUT-006029,Nova Oils & Fluids Model-030,Automotive,Oils & Fluids,Nova,100.43,177.5,1
6030,SKU-GRO-006030,Sol Snacks Model-031,Grocery & Pantry,Snacks,Sol,141.8,208.16,1
6031,SKU-TOY-006031,Vortex Educational Toys Model-032,Toys & Games,Educational Toys,Vortex,353.2,864.5,1
6032,SKU-BEA-006032,Horizon Cosmetics Model-033,Beauty & Care,Cosmetics,Horizon,24.62,32.96,1
6033,SKU-ELE-006033,Horizon Smart Home Model-034,Electronics,Smart Home,Horizon,323.26,770.34,1
6034,SKU-GRO-006034,Apex Beverages Model-035,Grocery & Pantry,Beverages,Apex,275.55,381.42,1
6035,SKU-HOM-006035,Prism Furniture Model-036,Home & Kitchen,Furniture,Prism,166.73,323.25,1
6036,SKU-GRO-006036,Vortex Breakfast Model-037,Grocery & Pantry,Breakfast,Vortex,268.09,391.81,1
6037,SKU-APP-006037,Aura Men's Clothing Model-038,Apparel,Men's Clothing,Aura,50.55,123.39,1
6038,SKU-APP-006038,Echo Outerwear Model-039,Apparel,Outerwear,Echo,99.42,245.53,1
6039,SKU-HOM-006039,Prism Decor Model-040,Home & Kitchen,Decor,Prism,335.06,547.81,1
6040,SKU-AUT-006040,Velocity Tools & Equipment Model-041,Automotive,Tools & Equipment,Velocity,220.78,462.35,1
6041,SKU-GRO-006041,Horizon Breakfast Model-042,Grocery & Pantry,Breakfast,Horizon,70.3,170.65,1
6042,SKU-ELE-006042,Lumina Smartphones Model-043,Electronics,Smartphones,Lumina,249.06,409.97,1
6043,SKU-AUT-006043,Aura Tools & Equipment Model-044,Automotive,Tools & Equipment,Aura,55.3,80.41,1
6044,SKU-BEA-006044,Horizon Skincare Model-045,Beauty & Care,Skincare,Horizon,329.27,635.74,1
6045,SKU-ELE-006045,Sol Wearables Model-046,Electronics,Wearables,Sol,212.51,528.92,1
6046,SKU-HOM-006046,Horizon Bedding Model-047,Home & Kitchen,Bedding,Horizon,149.63,351.65,1
6047,SKU-BEA-006047,Matrix Haircare Model-048,Beauty & Care,Haircare,Matrix,211,489.06,1
6048,SKU-HOM-006048,Lumina Decor Model-049,Home & Kitchen,Decor,Lumina,87.17,140.36,1
6049,SKU-SPO-006049,Echo Camping & Hiking Model-050,Sports & Outdoors,Camping & Hiking,Echo,398.28,856.11,1
6050,SKU-GRO-006050,Echo Snacks Model-051,Grocery & Pantry,Snacks,Echo,365.44,689.44,1
6051,SKU-AUT-006051,Prism Oils & Fluids Model-052,Automotive,Oils & Fluids,Prism,109.87,230.92,1
6052,SKU-SPO-006052,Sol Water Sports Model-053,Sports & Outdoors,Water Sports,Sol,259.98,522.22,1
6053,SKU-ELE-006053,Zenith Smart Home Model-054,Electronics,Smart Home,Zenith,213.92,507.45,1
6054,SKU-ELE-006054,Sol Wearables Model-055,Electronics,Wearables,Sol,346.22,438.72,1
6055,SKU-SPO-006055,Nova Camping & Hiking Model-056,Sports & Outdoors,Camping & Hiking,Nova,203.88,289.84,1
6056,SKU-AUT-006056,Prism Oils & Fluids Model-057,Automotive,Oils & Fluids,Prism,187.12,345.56,1
6057,SKU-GRO-006057,Aura Breakfast Model-058,Grocery & Pantry,Breakfast,Aura,395.2,784.04,1
6058,SKU-ELE-006058,Nova Laptops Model-059,Electronics,Laptops,Nova,363.41,799.71,1
6059,SKU-GRO-006059,Zenith Organic Foods Model-060,Grocery & Pantry,Organic Foods,Zenith,73.36,163.16,1
6060,SKU-ELE-006060,Echo Laptops Model-061,Electronics,Laptops,Echo,385.71,506.55,1
6061,SKU-GRO-006061,Apex Condiments Model-062,Grocery & Pantry,Condiments,Apex,114.49,222.46,1
6062,SKU-AUT-006062,Titan Car Care Model-063,Automotive,Car Care,Titan,304.82,393.18,1
6063,SKU-HOM-006063,Summit Bedding Model-064,Home & Kitchen,Bedding,Summit,23.73,50.78,1
6064,SKU-GRO-006064,Sol Condiments Model-065,Grocery & Pantry,Condiments,Sol,257.45,331.01,1
6065,SKU-APP-006065,Vortex Sportswear Model-066,Apparel,Sportswear,Vortex,119.4,226.97,1
6066,SKU-SPO-006066,Sol Fitness Gear Model-067,Sports & Outdoors,Fitness Gear,Sol,148.04,262.41,1
6067,SKU-APP-006067,Horizon Men's Clothing Model-068,Apparel,Men's Clothing,Horizon,206.37,487.28,1
6068,SKU-BEA-006068,Echo Cosmetics Model-069,Beauty & Care,Cosmetics,Echo,364.12,512.83,1
6069,SKU-HOM-006069,Sol Cookware Model-070,Home & Kitchen,Cookware,Sol,130.56,293.99,1
6070,SKU-APP-006070,Titan Footwear Model-071,Apparel,Footwear,Titan,368.57,791.84,1
6071,SKU-APP-006071,Apex Sportswear Model-072,Apparel,Sportswear,Apex,69.19,119.19,1
6072,SKU-ELE-006072,Nova Laptops Model-073,Electronics,Laptops,Nova,243.67,447.49,1
6073,SKU-HOM-006073,Apex Storage Model-074,Home & Kitchen,Storage,Apex,63.09,140.42,1
6074,SKU-APP-006074,Titan Accessories Model-075,Apparel,Accessories,Titan,242.87,399.23,1
6075,SKU-BEA-006075,Apex Haircare Model-076,Beauty & Care,Haircare,Apex,289.74,622.77,1
6076,SKU-ELE-006076,Echo Smartphones Model-077,Electronics,Smartphones,Echo,32.92,63.89,1
6077,SKU-AUT-006077,Summit Car Care Model-078,Automotive,Car Care,Summit,208.74,401.21,1
6078,SKU-HOM-006078,Pulse Bedding Model-079,Home & Kitchen,Bedding,Pulse,193.26,442.56,1
6079,SKU-BEA-006079,Vortex Skincare Model-080,Beauty & Care,Skincare,Vortex,260.35,448.11,1
6080,SKU-APP-006080,Vortex Men's Clothing Model-081,Apparel,Men's Clothing,Vortex,187.52,282.13,1
6081,SKU-GRO-006081,Nova Organic Foods Model-082,Grocery & Pantry,Organic Foods,Nova,15.25,22.9,1
6082,SKU-SPO-006082,Horizon Water Sports Model-083,Sports & Outdoors,Water Sports,Horizon,250.8,416.14,0
6083,SKU-SPO-006083,Pulse Water Sports Model-084,Sports & Outdoors,Water Sports,Pulse,204.9,323.94,1
6084,SKU-APP-006084,Echo Accessories Model-085,Apparel,Accessories,Echo,40.13,57.3,1
6085,SKU-BEA-006085,Zenith Skincare Model-086,Beauty & Care,Skincare,Zenith,258.88,508.73,1
6086,SKU-SPO-006086,Matrix Cycling Model-087,Sports & Outdoors,Cycling,Matrix,197.31,271.93,1
6087,SKU-APP-006087,Titan Women's Clothing Model-088,Apparel,Women's Clothing,Titan,283.45,519.49,1
6088,SKU-APP-006088,Nova Men's Clothing Model-089,Apparel,Men's Clothing,Nova,424.73,969.69,1
6089,SKU-HOM-006089,Zenith Decor Model-090,Home & Kitchen,Decor,Zenith,336.12,490.33,1
6090,SKU-HOM-006090,Pulse Decor Model-091,Home & Kitchen,Decor,Pulse,235.79,536.84,1
6091,SKU-APP-006091,Lumina Accessories Model-092,Apparel,Accessories,Lumina,168.31,218.66,1
6092,SKU-HOM-006092,Lumina Furniture Model-093,Home & Kitchen,Furniture,Lumina,300.82,619.28,1
6093,SKU-AUT-006093,Lumina Car Care Model-094,Automotive,Car Care,Lumina,223.43,497.24,0
6094,SKU-BEA-006094,Sol Skincare Model-095,Beauty & Care,Skincare,Sol,84.41,152.28,1
6095,SKU-SPO-006095,Matrix Water Sports Model-096,Sports & Outdoors,Water Sports,Matrix,195.22,430.81,1
6096,SKU-APP-006096,Apex Accessories Model-097,Apparel,Accessories,Apex,345.92,763.02,1
6097,SKU-TOY-006097,Aura Outdoor Toys Model-098,Toys & Games,Outdoor Toys,Aura,56.95,138.26,1
6098,SKU-BEA-006098,Sol Fragrances Model-099,Beauty & Care,Fragrances,Sol,375.19,865.84,1
6099,SKU-SPO-006099,Echo Team Sports Model-100,Sports & Outdoors,Team Sports,Echo,106.15,172.9,1
6100,SKU-GRO-006100,Nova Breakfast Model-101,Grocery & Pantry,Breakfast,Nova,159.7,311.94,1
6101,SKU-TOY-006101,Sol Outdoor Toys Model-102,Toys & Games,Outdoor Toys,Sol,99.81,199.85,1
6102,SKU-ELE-006102,Zenith Accessories Model-103,Electronics,Accessories,Zenith,13.49,21.97,1
6103,SKU-BEA-006103,Aura Haircare Model-104,Beauty & Care,Haircare,Aura,360.89,748.43,1
6104,SKU-HOM-006104,Lumina Storage Model-105,Home & Kitchen,Storage,Lumina,78.41,155.59,1
6105,SKU-ELE-006105,Echo Smartphones Model-106,Electronics,Smartphones,Echo,165.06,390.96,1
6106,SKU-GRO-006106,Vortex Breakfast Model-107,Grocery & Pantry,Breakfast,Vortex,131.37,178.25,1
6107,SKU-APP-006107,Aura Men's Clothing Model-108,Apparel,Men's Clothing,Aura,150.28,284.53,1
6108,SKU-BEA-006108,Titan Haircare Model-109,Beauty & Care,Haircare,Titan,265.34,408.03,0
6109,SKU-APP-006109,Aura Accessories Model-110,Apparel,Accessories,Aura,348.17,672.42,1
6110,SKU-AUT-006110,Vortex Oils & Fluids Model-111,Automotive,Oils & Fluids,Vortex,336.03,596.06,1
6111,SKU-BEA-006111,Summit Skincare Model-112,Beauty & Care,Skincare,Summit,360.89,490.31,1
6112,SKU-BEA-006112,Velocity Fragrances Model-113,Beauty & Care,Fragrances,Velocity,213.8,503.96,1
6113,SKU-APP-006113,Aura Outerwear Model-114,Apparel,Outerwear,Aura,225.91,447.73,1
6114,SKU-SPO-006114,Nova Team Sports Model-115,Sports & Outdoors,Team Sports,Nova,186.7,426.04,1
6115,SKU-SPO-006115,Prism Water Sports Model-116,Sports & Outdoors,Water Sports,Prism,48.09,66.34,1
6116,SKU-SPO-006116,Pulse Cycling Model-117,Sports & Outdoors,Cycling,Pulse,146.64,301.79,1
6117,SKU-GRO-006117,Horizon Breakfast Model-118,Grocery & Pantry,Breakfast,Horizon,134.62,223.45,0
6118,SKU-SPO-006118,Prism Fitness Gear Model-119,Sports & Outdoors,Fitness Gear,Prism,414.93,825.53,1
6119,SKU-HOM-006119,Velocity Cookware Model-120,Home & Kitchen,Cookware,Velocity,344.54,621.16,1
6120,SKU-HOM-006120,Velocity Bedding Model-121,Home & Kitchen,Bedding,Velocity,359.86,531.43,1
6121,SKU-BEA-006121,Matrix Skincare Model-122,Beauty & Care,Skincare,Matrix,360.45,698.07,1
6122,SKU-GRO-006122,Lumina Beverages Model-123,Grocery & Pantry,Beverages,Lumina,411.71,722.49,1
6123,SKU-BEA-006123,Echo Fragrances Model-124,Beauty & Care,Fragrances,Echo,21.53,42.5,1
6124,SKU-SPO-006124,Aura Camping & Hiking Model-125,Sports & Outdoors,Camping & Hiking,Aura,137.53,198.36,1
6125,SKU-SPO-006125,Sol Camping & Hiking Model-126,Sports & Outdoors,Camping & Hiking,Sol,238.75,463.88,1
6126,SKU-SPO-006126,Lumina Fitness Gear Model-127,Sports & Outdoors,Fitness Gear,Lumina,28.13,57.39,1
6127,SKU-BEA-006127,Summit Fragrances Model-128,Beauty & Care,Fragrances,Summit,414.89,625.45,1
6128,SKU-SPO-006128,Pulse Fitness Gear Model-129,Sports & Outdoors,Fitness Gear,Pulse,182.82,409.31,1
6129,SKU-AUT-006129,Lumina Oils & Fluids Model-130,Automotive,Oils & Fluids,Lumina,77.39,164.23,1
6130,SKU-SPO-006130,Velocity Cycling Model-131,Sports & Outdoors,Cycling,Velocity,383.7,597.73,1
6131,SKU-BEA-006131,Lumina Cosmetics Model-132,Beauty & Care,Cosmetics,Lumina,38.17,76.44,1
6132,SKU-ELE-006132,Nova Smart Home Model-133,Electronics,Smart Home,Nova,71.46,171.14,1
6133,SKU-SPO-006133,Pulse Team Sports Model-134,Sports & Outdoors,Team Sports,Pulse,426.18,659.4,1
6134,SKU-SPO-006134,Zenith Camping & Hiking Model-135,Sports & Outdoors,Camping & Hiking,Zenith,431.69,748.12,1
6135,SKU-BEA-006135,Matrix Haircare Model-136,Beauty & Care,Haircare,Matrix,422.78,641.31,1
6136,SKU-HOM-006136,Nova Furniture Model-137,Home & Kitchen,Furniture,Nova,126.16,284.4,1
6137,SKU-ELE-006137,Lumina Accessories Model-138,Electronics,Accessories,Lumina,216.4,311.59,1
6138,SKU-GRO-006138,Sol Canned Goods Model-139,Grocery & Pantry,Canned Goods,Sol,229.89,365.5,1
6139,SKU-TOY-006139,Lumina Board Games Model-140,Toys & Games,Board Games,Lumina,297.89,720.55,1
6140,SKU-TOY-006140,Zenith Outdoor Toys Model-141,Toys & Games,Outdoor Toys,Zenith,448.65,704.17,1
6141,SKU-SPO-006141,Titan Camping & Hiking Model-142,Sports & Outdoors,Camping & Hiking,Titan,157.5,251.67,1
6142,SKU-SPO-006142,Matrix Water Sports Model-143,Sports & Outdoors,Water Sports,Matrix,87.04,148.27,1
6143,SKU-BEA-006143,Lumina Haircare Model-144,Beauty & Care,Haircare,Lumina,58.91,111.85,1
6144,SKU-ELE-006144,Vortex Audio & Headphones Model-145,Electronics,Audio & Headphones,Vortex,265.54,609.98,0
6145,SKU-AUT-006145,Velocity Car Care Model-146,Automotive,Car Care,Velocity,394.34,762.4,1
6146,SKU-GRO-006146,Matrix Organic Foods Model-147,Grocery & Pantry,Organic Foods,Matrix,419.59,579.61,1
6147,SKU-SPO-006147,Vortex Team Sports Model-148,Sports & Outdoors,Team Sports,Vortex,10.13,16.57,1
6148,SKU-APP-006148,Horizon Sportswear Model-149,Apparel,Sportswear,Horizon,227.93,317.78,1
6149,SKU-APP-006149,Vortex Footwear Model-150,Apparel,Footwear,Vortex,10.28,16.62,1
6150,SKU-AUT-006150,Sol Tools & Equipment Model-151,Automotive,Tools & Equipment,Sol,72.15,127.39,1
6151,SKU-SPO-006151,Pulse Camping & Hiking Model-152,Sports & Outdoors,Camping & Hiking,Pulse,403.11,886.04,1
6152,SKU-GRO-006152,Titan Breakfast Model-153,Grocery & Pantry,Breakfast,Titan,277.79,466.07,1
6153,SKU-HOM-006153,Summit Decor Model-154,Home & Kitchen,Decor,Summit,163.01,301.7,1
6154,SKU-HOM-006154,Nova Cookware Model-155,Home & Kitchen,Cookware,Nova,440.29,645.42,1
6155,SKU-APP-006155,Sol Women's Clothing Model-156,Apparel,Women's Clothing,Sol,14.51,30.43,1
6156,SKU-ELE-006156,Apex Wearables Model-157,Electronics,Wearables,Apex,334.13,583.56,1
6157,SKU-BEA-006157,Titan Fragrances Model-158,Beauty & Care,Fragrances,Titan,394.93,859.68,1
6158,SKU-SPO-006158,Summit Fitness Gear Model-159,Sports & Outdoors,Fitness Gear,Summit,437.32,996.34,1
6159,SKU-BEA-006159,Apex Skincare Model-160,Beauty & Care,Skincare,Apex,51.4,97.48,1
6160,SKU-BEA-006160,Lumina Personal Care Model-161,Beauty & Care,Personal Care,Lumina,322.03,558.79,1
6161,SKU-TOY-006161,Summit Outdoor Toys Model-162,Toys & Games,Outdoor Toys,Summit,58.79,116.71,1
6162,SKU-ELE-006162,Lumina Wearables Model-163,Electronics,Wearables,Lumina,123.66,206.55,1
6163,SKU-ELE-006163,Horizon Smartphones Model-164,Electronics,Smartphones,Horizon,327.23,415.02,1
6164,SKU-AUT-006164,Nova Car Care Model-165,Automotive,Car Care,Nova,432.29,791.6,1
6165,SKU-AUT-006165,Velocity Oils & Fluids Model-166,Automotive,Oils & Fluids,Velocity,301.74,492.01,1
6166,SKU-TOY-006166,Zenith Outdoor Toys Model-167,Toys & Games,Outdoor Toys,Zenith,144.14,290.26,1
6167,SKU-AUT-006167,Matrix Interior Accessories Model-168,Automotive,Interior Accessories,Matrix,412.11,717.64,1
6168,SKU-BEA-006168,Summit Fragrances Model-169,Beauty & Care,Fragrances,Summit,384.82,779.54,1
6169,SKU-TOY-006169,Pulse Board Games Model-170,Toys & Games,Board Games,Pulse,380.42,503.28,1
6170,SKU-GRO-006170,Matrix Canned Goods Model-171,Grocery & Pantry,Canned Goods,Matrix,131.77,328.07,0
6171,SKU-AUT-006171,Horizon Car Care Model-172,Automotive,Car Care,Horizon,34.87,46.7,1
6172,SKU-ELE-006172,Titan Accessories Model-173,Electronics,Accessories,Titan,294.55,379.95,1
6173,SKU-HOM-006173,Lumina Furniture Model-174,Home & Kitchen,Furniture,Lumina,87.15,159.7,1
6174,SKU-TOY-006174,Echo Educational Toys Model-175,Toys & Games,Educational Toys,Echo,359.37,730.16,1
6175,SKU-BEA-006175,Prism Skincare Model-176,Beauty & Care,Skincare,Prism,432.32,629.62,1
6176,SKU-APP-006176,Titan Men's Clothing Model-177,Apparel,Men's Clothing,Titan,61.49,104.59,1
6177,SKU-TOY-006177,Titan Puzzles Model-178,Toys & Games,Puzzles,Titan,24.7,33.13,1
6178,SKU-APP-006178,Velocity Sportswear Model-179,Apparel,Sportswear,Velocity,371.55,878.9,0
6179,SKU-ELE-006179,Pulse Audio & Headphones Model-180,Electronics,Audio & Headphones,Pulse,161.12,225.26,1
6180,SKU-TOY-006180,Velocity Educational Toys Model-181,Toys & Games,Educational Toys,Velocity,445.29,683.69,1
6181,SKU-SPO-006181,Aura Cycling Model-182,Sports & Outdoors,Cycling,Aura,449.59,821.5,1
6182,SKU-APP-006182,Prism Footwear Model-183,Apparel,Footwear,Prism,110.88,153.39,1
6183,SKU-SPO-006183,Apex Cycling Model-184,Sports & Outdoors,Cycling,Apex,126.59,166,1
6184,SKU-HOM-006184,Zenith Bedding Model-185,Home & Kitchen,Bedding,Zenith,158.34,227.49,1
6185,SKU-SPO-006185,Sol Camping & Hiking Model-186,Sports & Outdoors,Camping & Hiking,Sol,25.98,39.46,1
6186,SKU-APP-006186,Horizon Men's Clothing Model-187,Apparel,Men's Clothing,Horizon,350.08,586.49,1
6187,SKU-AUT-006187,Nova Tools & Equipment Model-188,Automotive,Tools & Equipment,Nova,257.01,377.99,1
6188,SKU-BEA-006188,Horizon Personal Care Model-189,Beauty & Care,Personal Care,Horizon,439.78,685.04,1
6189,SKU-GRO-006189,Zenith Snacks Model-190,Grocery & Pantry,Snacks,Zenith,408.5,535.04,1
6190,SKU-GRO-006190,Zenith Condiments Model-191,Grocery & Pantry,Condiments,Zenith,168.95,283.38,1
6191,SKU-BEA-006191,Apex Cosmetics Model-192,Beauty & Care,Cosmetics,Apex,266.1,489.77,1
6192,SKU-GRO-006192,Vortex Snacks Model-193,Grocery & Pantry,Snacks,Vortex,384.03,661.61,1
6193,SKU-AUT-006193,Echo Oils & Fluids Model-194,Automotive,Oils & Fluids,Echo,348.12,625.38,1
6194,SKU-HOM-006194,Lumina Decor Model-195,Home & Kitchen,Decor,Lumina,217.74,430.19,0
6195,SKU-GRO-006195,Vortex Breakfast Model-196,Grocery & Pantry,Breakfast,Vortex,289.2,455.34,1
6196,SKU-ELE-006196,Lumina Audio & Headphones Model-197,Electronics,Audio & Headphones,Lumina,153.44,336.93,1
6197,SKU-HOM-006197,Sol Small Appliances Model-198,Home & Kitchen,Small Appliances,Sol,366.49,713.17,1
6198,SKU-BEA-006198,Sol Skincare Model-199,Beauty & Care,Skincare,Sol,369.49,710.31,1
6199,SKU-AUT-006199,Zenith Oils & Fluids Model-200,Automotive,Oils & Fluids,Zenith,415.95,1018.53,1
6200,SKU-BEA-006200,Lumina Cosmetics Model-201,Beauty & Care,Cosmetics,Lumina,118,239.03,1
6201,SKU-HOM-006201,Echo Furniture Model-202,Home & Kitchen,Furniture,Echo,205.61,350.33,1
6202,SKU-APP-006202,Horizon Women's Clothing Model-203,Apparel,Women's Clothing,Horizon,145.18,263.41,1
6203,SKU-HOM-006203,Matrix Cookware Model-204,Home & Kitchen,Cookware,Matrix,318.06,781.27,1
6204,SKU-GRO-006204,Summit Breakfast Model-205,Grocery & Pantry,Breakfast,Summit,439.4,746.39,1
6205,SKU-AUT-006205,Velocity Car Care Model-206,Automotive,Car Care,Velocity,413.57,1019.64,1
6206,SKU-AUT-006206,Horizon Car Care Model-207,Automotive,Car Care,Horizon,307.44,516.19,1
6207,SKU-ELE-006207,Apex Smartphones Model-208,Electronics,Smartphones,Apex,424.9,642.17,1
6208,SKU-TOY-006208,Pulse Puzzles Model-209,Toys & Games,Puzzles,Pulse,157.25,276.5,1
6209,SKU-ELE-006209,Sol Wearables Model-210,Electronics,Wearables,Sol,183.91,243.78,1
6210,SKU-BEA-006210,Titan Personal Care Model-211,Beauty & Care,Personal Care,Titan,85.43,135.41,1
6211,SKU-BEA-006211,Velocity Haircare Model-212,Beauty & Care,Haircare,Velocity,61.7,137.06,1
6212,SKU-GRO-006212,Apex Beverages Model-213,Grocery & Pantry,Beverages,Apex,225.93,540.76,1
6213,SKU-BEA-006213,Summit Fragrances Model-214,Beauty & Care,Fragrances,Summit,348.1,674.85,0
6214,SKU-ELE-006214,Sol Smartphones Model-215,Electronics,Smartphones,Sol,294.87,534.35,1
6215,SKU-GRO-006215,Matrix Snacks Model-216,Grocery & Pantry,Snacks,Matrix,96.83,239.57,1
6216,SKU-AUT-006216,Prism Tools & Equipment Model-217,Automotive,Tools & Equipment,Prism,326.63,696.61,1
6217,SKU-AUT-006217,Vortex Interior Accessories Model-218,Automotive,Interior Accessories,Vortex,316.56,483.73,1
6218,SKU-APP-006218,Velocity Outerwear Model-219,Apparel,Outerwear,Velocity,38.14,93.22,1
6219,SKU-TOY-006219,Summit Educational Toys Model-220,Toys & Games,Educational Toys,Summit,338.12,827.99,1
6220,SKU-GRO-006220,Zenith Organic Foods Model-221,Grocery & Pantry,Organic Foods,Zenith,320.51,758.66,1
6221,SKU-HOM-006221,Nova Furniture Model-222,Home & Kitchen,Furniture,Nova,401.75,818.89,1
6222,SKU-AUT-006222,Titan Car Care Model-223,Automotive,Car Care,Titan,288.82,603.54,1
6223,SKU-APP-006223,Lumina Women's Clothing Model-224,Apparel,Women's Clothing,Lumina,418.77,613.46,1
6224,SKU-APP-006224,Prism Sportswear Model-225,Apparel,Sportswear,Prism,104.9,152.84,1
6225,SKU-HOM-006225,Sol Cookware Model-226,Home & Kitchen,Cookware,Sol,293.02,513.92,1
6226,SKU-APP-006226,Sol Accessories Model-227,Apparel,Accessories,Sol,111.06,244.78,1
6227,SKU-TOY-006227,Matrix Puzzles Model-228,Toys & Games,Puzzles,Matrix,399.58,548.39,1
6228,SKU-SPO-006228,Lumina Team Sports Model-229,Sports & Outdoors,Team Sports,Lumina,414.76,1009.28,1
6229,SKU-AUT-006229,Lumina Tools & Equipment Model-230,Automotive,Tools & Equipment,Lumina,355.58,608.83,1
6230,SKU-TOY-006230,Echo Puzzles Model-231,Toys & Games,Puzzles,Echo,343.05,510.48,1
6231,SKU-SPO-006231,Matrix Cycling Model-232,Sports & Outdoors,Cycling,Matrix,100,186.86,1
6232,SKU-BEA-006232,Horizon Cosmetics Model-233,Beauty & Care,Cosmetics,Horizon,421.48,877.38,1
6233,SKU-TOY-006233,Lumina Outdoor Toys Model-234,Toys & Games,Outdoor Toys,Lumina,340.57,567.64,1
6234,SKU-APP-006234,Lumina Men's Clothing Model-235,Apparel,Men's Clothing,Lumina,425.56,681.82,1
6235,SKU-AUT-006235,Velocity Oils & Fluids Model-236,Automotive,Oils & Fluids,Velocity,153.34,379.74,1
6236,SKU-TOY-006236,Prism Puzzles Model-237,Toys & Games,Puzzles,Prism,427.08,981.12,1
6237,SKU-GRO-006237,Sol Organic Foods Model-238,Grocery & Pantry,Organic Foods,Sol,11.08,17.68,1
6238,SKU-BEA-006238,Pulse Fragrances Model-239,Beauty & Care,Fragrances,Pulse,46.81,97.28,1
6239,SKU-BEA-006239,Horizon Fragrances Model-240,Beauty & Care,Fragrances,Horizon,418.79,646.62,1
6240,SKU-SPO-006240,Vortex Fitness Gear Model-241,Sports & Outdoors,Fitness Gear,Vortex,377.97,675.99,0
6241,SKU-HOM-006241,Matrix Decor Model-242,Home & Kitchen,Decor,Matrix,134.63,269.6,1
6242,SKU-AUT-006242,Summit Car Care Model-243,Automotive,Car Care,Summit,211.6,273.04,1
6243,SKU-ELE-006243,Velocity Smartphones Model-244,Electronics,Smartphones,Velocity,17.36,35.07,1
6244,SKU-AUT-006244,Horizon Tools & Equipment Model-245,Automotive,Tools & Equipment,Horizon,375.53,693.18,1
6245,SKU-APP-006245,Summit Outerwear Model-246,Apparel,Outerwear,Summit,338.46,808.31,1
6246,SKU-ELE-006246,Sol Audio & Headphones Model-247,Electronics,Audio & Headphones,Sol,89.77,203.14,1
6247,SKU-HOM-006247,Nova Storage Model-248,Home & Kitchen,Storage,Nova,420.93,910.82,0
6248,SKU-TOY-006248,Echo Action Figures Model-249,Toys & Games,Action Figures,Echo,89.22,138.6,1
6249,SKU-APP-006249,Titan Footwear Model-250,Apparel,Footwear,Titan,213.96,479.05,1
6250,SKU-HOM-006250,Titan Cookware Model-251,Home & Kitchen,Cookware,Titan,253.32,554.39,1
6251,SKU-SPO-006251,Apex Camping & Hiking Model-252,Sports & Outdoors,Camping & Hiking,Apex,89.97,179.44,1
6252,SKU-SPO-006252,Summit Cycling Model-253,Sports & Outdoors,Cycling,Summit,248.1,564,1
6253,SKU-AUT-006253,Zenith Interior Accessories Model-254,Automotive,Interior Accessories,Zenith,219.36,407.88,1
6254,SKU-AUT-006254,Summit Interior Accessories Model-255,Automotive,Interior Accessories,Summit,337.48,611.55,1
6255,SKU-BEA-006255,Prism Personal Care Model-256,Beauty & Care,Personal Care,Prism,230.77,430.89,1
6256,SKU-ELE-006256,Vortex Accessories Model-257,Electronics,Accessories,Vortex,85.41,157.84,0
6257,SKU-SPO-006257,Titan Water Sports Model-258,Sports & Outdoors,Water Sports,Titan,207.42,371.34,1
6258,SKU-SPO-006258,Summit Fitness Gear Model-259,Sports & Outdoors,Fitness Gear,Summit,265.21,514.26,1
6259,SKU-SPO-006259,Lumina Cycling Model-260,Sports & Outdoors,Cycling,Lumina,433.35,966.35,1
6260,SKU-SPO-006260,Zenith Team Sports Model-261,Sports & Outdoors,Team Sports,Zenith,341.95,432.5,1
6261,SKU-AUT-006261,Matrix Tools & Equipment Model-262,Automotive,Tools & Equipment,Matrix,370.77,862.36,1
6262,SKU-SPO-006262,Horizon Cycling Model-263,Sports & Outdoors,Cycling,Horizon,37.77,80.6,1
6263,SKU-GRO-006263,Pulse Snacks Model-264,Grocery & Pantry,Snacks,Pulse,7.08,14.84,1
6264,SKU-TOY-006264,Echo Puzzles Model-265,Toys & Games,Puzzles,Echo,408.93,590.27,1
6265,SKU-APP-006265,Pulse Accessories Model-266,Apparel,Accessories,Pulse,228.07,463.63,1
6266,SKU-SPO-006266,Sol Team Sports Model-267,Sports & Outdoors,Team Sports,Sol,74.25,126.52,1
6267,SKU-GRO-006267,Matrix Organic Foods Model-268,Grocery & Pantry,Organic Foods,Matrix,186.53,375.42,1
6268,SKU-APP-006268,Matrix Women's Clothing Model-269,Apparel,Women's Clothing,Matrix,232.51,363.21,1
6269,SKU-GRO-006269,Lumina Breakfast Model-270,Grocery & Pantry,Breakfast,Lumina,337.05,533.2,1
6270,SKU-AUT-006270,Apex Oils & Fluids Model-271,Automotive,Oils & Fluids,Apex,353.58,711.92,1
6271,SKU-ELE-006271,Pulse Smart Home Model-272,Electronics,Smart Home,Pulse,47.5,76.09,1
6272,SKU-TOY-006272,Echo Board Games Model-273,Toys & Games,Board Games,Echo,205.73,280.05,1
6273,SKU-APP-006273,Velocity Men's Clothing Model-274,Apparel,Men's Clothing,Velocity,160.41,347.94,1
6274,SKU-SPO-006274,Zenith Water Sports Model-275,Sports & Outdoors,Water Sports,Zenith,271.46,666.59,0
6275,SKU-APP-006275,Pulse Footwear Model-276,Apparel,Footwear,Pulse,206.91,325.97,1
6276,SKU-TOY-006276,Pulse Outdoor Toys Model-277,Toys & Games,Outdoor Toys,Pulse,160.58,270.92,1
6277,SKU-SPO-006277,Pulse Water Sports Model-278,Sports & Outdoors,Water Sports,Pulse,289.01,695.22,1
6278,SKU-AUT-006278,Lumina Oils & Fluids Model-279,Automotive,Oils & Fluids,Lumina,132.18,171.65,1
6279,SKU-SPO-006279,Summit Fitness Gear Model-280,Sports & Outdoors,Fitness Gear,Summit,231.8,443.34,1
6280,SKU-GRO-006280,Pulse Canned Goods Model-281,Grocery & Pantry,Canned Goods,Pulse,193.19,442.09,1
6281,SKU-HOM-006281,Nova Storage Model-282,Home & Kitchen,Storage,Nova,66.68,90.62,1
6282,SKU-GRO-006282,Summit Breakfast Model-283,Grocery & Pantry,Breakfast,Summit,252.98,442.56,1
6283,SKU-SPO-006283,Apex Fitness Gear Model-284,Sports & Outdoors,Fitness Gear,Apex,268.12,382.4,1
6284,SKU-AUT-006284,Echo Interior Accessories Model-285,Automotive,Interior Accessories,Echo,235.12,467.07,1
6285,SKU-HOM-006285,Lumina Decor Model-286,Home & Kitchen,Decor,Lumina,191.67,342.62,1
6286,SKU-APP-006286,Aura Footwear Model-287,Apparel,Footwear,Aura,396.2,958.7,1
6287,SKU-GRO-006287,Titan Beverages Model-288,Grocery & Pantry,Beverages,Titan,409.68,749.82,1
6288,SKU-AUT-006288,Lumina Interior Accessories Model-289,Automotive,Interior Accessories,Lumina,291.55,705.63,1
6289,SKU-ELE-006289,Pulse Smart Home Model-290,Electronics,Smart Home,Pulse,304.2,692.41,1
6290,SKU-BEA-006290,Pulse Fragrances Model-291,Beauty & Care,Fragrances,Pulse,162.63,219.81,1
6291,SKU-APP-006291,Velocity Footwear Model-292,Apparel,Footwear,Velocity,92.67,222.12,1
6292,SKU-TOY-006292,Pulse Outdoor Toys Model-293,Toys & Games,Outdoor Toys,Pulse,176.75,410.8,1
6293,SKU-SPO-006293,Aura Water Sports Model-294,Sports & Outdoors,Water Sports,Aura,293.18,696.26,1
6294,SKU-GRO-006294,Lumina Breakfast Model-295,Grocery & Pantry,Breakfast,Lumina,160.66,258.55,1
6295,SKU-APP-006295,Vortex Footwear Model-296,Apparel,Footwear,Vortex,358.22,764.79,0
6296,SKU-TOY-006296,Vortex Educational Toys Model-297,Toys & Games,Educational Toys,Vortex,266.1,391.24,1
6297,SKU-SPO-006297,Lumina Camping & Hiking Model-298,Sports & Outdoors,Camping & Hiking,Lumina,159.89,320.1,1
6298,SKU-APP-006298,Aura Footwear Model-299,Apparel,Footwear,Aura,249.45,332.6,1
6299,SKU-GRO-006299,Apex Beverages Model-300,Grocery & Pantry,Beverages,Apex,132.29,304.54,1
6300,SKU-APP-006300,Summit Footwear Model-301,Apparel,Footwear,Summit,17.25,33.16,1
6301,SKU-SPO-006301,Echo Team Sports Model-302,Sports & Outdoors,Team Sports,Echo,155.09,307.85,1
6302,SKU-TOY-006302,Zenith Puzzles Model-303,Toys & Games,Puzzles,Zenith,305.17,591.59,0
6303,SKU-AUT-006303,Lumina Oils & Fluids Model-304,Automotive,Oils & Fluids,Lumina,325.96,483.89,1
6304,SKU-HOM-006304,Summit Cookware Model-305,Home & Kitchen,Cookware,Summit,328.08,472.42,1
6305,SKU-GRO-006305,Sol Snacks Model-306,Grocery & Pantry,Snacks,Sol,55.63,98.62,1
6306,SKU-APP-006306,Lumina Women's Clothing Model-307,Apparel,Women's Clothing,Lumina,288.37,427.29,1
6307,SKU-HOM-006307,Sol Decor Model-308,Home & Kitchen,Decor,Sol,425,774.88,1
6308,SKU-BEA-006308,Pulse Skincare Model-309,Beauty & Care,Skincare,Pulse,17.69,29.61,1
6309,SKU-APP-006309,Sol Women's Clothing Model-310,Apparel,Women's Clothing,Sol,12.15,26.68,1
6310,SKU-ELE-006310,Echo Audio & Headphones Model-311,Electronics,Audio & Headphones,Echo,326.81,593.69,1
6311,SKU-GRO-006311,Pulse Canned Goods Model-312,Grocery & Pantry,Canned Goods,Pulse,137.13,292.68,1
6312,SKU-GRO-006312,Nova Organic Foods Model-313,Grocery & Pantry,Organic Foods,Nova,54.18,123.69,1
6313,SKU-TOY-006313,Summit Outdoor Toys Model-314,Toys & Games,Outdoor Toys,Summit,166.85,378.59,1
6314,SKU-ELE-006314,Apex Wearables Model-315,Electronics,Wearables,Apex,24.07,42.79,1
6315,SKU-AUT-006315,Horizon Tools & Equipment Model-316,Automotive,Tools & Equipment,Horizon,138.73,198.68,1
6316,SKU-GRO-006316,Lumina Snacks Model-317,Grocery & Pantry,Snacks,Lumina,101.94,248.68,1
6317,SKU-HOM-006317,Apex Furniture Model-318,Home & Kitchen,Furniture,Apex,212.27,414.96,1
6318,SKU-BEA-006318,Pulse Fragrances Model-319,Beauty & Care,Fragrances,Pulse,378.67,687.56,1
6319,SKU-HOM-006319,Zenith Bedding Model-320,Home & Kitchen,Bedding,Zenith,45.98,93.97,1
6320,SKU-AUT-006320,Zenith Tools & Equipment Model-321,Automotive,Tools & Equipment,Zenith,304.31,489.88,1
6321,SKU-TOY-006321,Vortex Outdoor Toys Model-322,Toys & Games,Outdoor Toys,Vortex,160.4,246.46,1
6322,SKU-APP-006322,Prism Footwear Model-323,Apparel,Footwear,Prism,257.21,366.25,1
6323,SKU-GRO-006323,Matrix Condiments Model-324,Grocery & Pantry,Condiments,Matrix,64.15,114.71,1
6324,SKU-SPO-006324,Vortex Water Sports Model-325,Sports & Outdoors,Water Sports,Vortex,172.38,283.13,1
6325,SKU-ELE-006325,Velocity Smart Home Model-326,Electronics,Smart Home,Velocity,85.55,208.92,0
6326,SKU-SPO-006326,Velocity Cycling Model-327,Sports & Outdoors,Cycling,Velocity,84.07,187.2,1
6327,SKU-HOM-006327,Zenith Small Appliances Model-328,Home & Kitchen,Small Appliances,Zenith,291.24,715.59,1
6328,SKU-BEA-006328,Pulse Cosmetics Model-329,Beauty & Care,Cosmetics,Pulse,390.67,860.26,1
6329,SKU-ELE-006329,Horizon Accessories Model-330,Electronics,Accessories,Horizon,143.51,210.65,0
6330,SKU-APP-006330,Titan Outerwear Model-331,Apparel,Outerwear,Titan,35.6,71.51,1
6331,SKU-AUT-006331,Lumina Interior Accessories Model-332,Automotive,Interior Accessories,Lumina,348.8,615.74,1
6332,SKU-ELE-006332,Zenith Smart Home Model-333,Electronics,Smart Home,Zenith,206.79,343.43,1
6333,SKU-GRO-006333,Summit Organic Foods Model-334,Grocery & Pantry,Organic Foods,Summit,129.39,305.68,1
6334,SKU-BEA-006334,Sol Fragrances Model-335,Beauty & Care,Fragrances,Sol,344.42,685.46,1
6335,SKU-TOY-006335,Summit Action Figures Model-336,Toys & Games,Action Figures,Summit,162.06,398.78,1
6336,SKU-BEA-006336,Summit Fragrances Model-337,Beauty & Care,Fragrances,Summit,299.98,444.01,1
6337,SKU-SPO-006337,Summit Camping & Hiking Model-338,Sports & Outdoors,Camping & Hiking,Summit,34.37,52.2,1
6338,SKU-AUT-006338,Zenith Oils & Fluids Model-339,Automotive,Oils & Fluids,Zenith,145.22,328.99,1
6339,SKU-HOM-006339,Vortex Storage Model-340,Home & Kitchen,Storage,Vortex,306.27,738.69,1
6340,SKU-GRO-006340,Apex Breakfast Model-341,Grocery & Pantry,Breakfast,Apex,127.61,188.88,1
6341,SKU-GRO-006341,Lumina Condiments Model-342,Grocery & Pantry,Condiments,Lumina,74.37,156.74,1
6342,SKU-HOM-006342,Apex Cookware Model-343,Home & Kitchen,Cookware,Apex,263.56,576,1
6343,SKU-BEA-006343,Summit Personal Care Model-344,Beauty & Care,Personal Care,Summit,292.75,549.42,0
6344,SKU-GRO-006344,Horizon Organic Foods Model-345,Grocery & Pantry,Organic Foods,Horizon,30.68,41.87,1
6345,SKU-AUT-006345,Matrix Car Care Model-346,Automotive,Car Care,Matrix,355.07,803.38,1
6346,SKU-HOM-006346,Sol Cookware Model-347,Home & Kitchen,Cookware,Sol,233.65,398.38,1
6347,SKU-GRO-006347,Summit Breakfast Model-348,Grocery & Pantry,Breakfast,Summit,250.78,394,1
6348,SKU-APP-006348,Matrix Sportswear Model-349,Apparel,Sportswear,Matrix,23.59,58.09,0
6349,SKU-ELE-006349,Sol Laptops Model-350,Electronics,Laptops,Sol,163.95,323.42,1
6350,SKU-ELE-006350,Lumina Smart Home Model-351,Electronics,Smart Home,Lumina,265.32,366.13,1
6351,SKU-SPO-006351,Apex Fitness Gear Model-352,Sports & Outdoors,Fitness Gear,Apex,398.14,936.76,1
6352,SKU-ELE-006352,Aura Wearables Model-353,Electronics,Wearables,Aura,292.54,572.77,1
6353,SKU-AUT-006353,Zenith Tools & Equipment Model-354,Automotive,Tools & Equipment,Zenith,225.56,336.47,1
6354,SKU-GRO-006354,Aura Snacks Model-355,Grocery & Pantry,Snacks,Aura,145.93,286.66,1
6355,SKU-SPO-006355,Sol Water Sports Model-356,Sports & Outdoors,Water Sports,Sol,23.09,29.89,1
6356,SKU-BEA-006356,Zenith Fragrances Model-357,Beauty & Care,Fragrances,Zenith,21.96,50.36,1
6357,SKU-SPO-006357,Pulse Team Sports Model-358,Sports & Outdoors,Team Sports,Pulse,351.08,585.28,1
6358,SKU-SPO-006358,Summit Cycling Model-359,Sports & Outdoors,Cycling,Summit,306.55,433.43,1
6359,SKU-BEA-006359,Zenith Cosmetics Model-360,Beauty & Care,Cosmetics,Zenith,155.68,381.59,1
6360,SKU-BEA-006360,Nova Skincare Model-361,Beauty & Care,Skincare,Nova,374.79,555.62,1
6361,SKU-GRO-006361,Summit Beverages Model-362,Grocery & Pantry,Beverages,Summit,121.87,300.1,1
6362,SKU-APP-006362,Titan Outerwear Model-363,Apparel,Outerwear,Titan,406.82,790.64,1
6363,SKU-ELE-006363,Nova Smartphones Model-364,Electronics,Smartphones,Nova,134.51,315.04,1
6364,SKU-APP-006364,Titan Accessories Model-365,Apparel,Accessories,Titan,263.59,412.87,1
6365,SKU-GRO-006365,Horizon Breakfast Model-366,Grocery & Pantry,Breakfast,Horizon,227.07,284.58,1
6366,SKU-ELE-006366,Horizon Smart Home Model-367,Electronics,Smart Home,Horizon,79.17,102.19,1
6367,SKU-GRO-006367,Pulse Condiments Model-368,Grocery & Pantry,Condiments,Pulse,335.17,682.72,1
6368,SKU-GRO-006368,Horizon Breakfast Model-369,Grocery & Pantry,Breakfast,Horizon,183.52,387.47,1
6369,SKU-AUT-006369,Velocity Tools & Equipment Model-370,Automotive,Tools & Equipment,Velocity,356.66,623.08,1
6370,SKU-ELE-006370,Aura Wearables Model-371,Electronics,Wearables,Aura,171.63,216.7,1
6371,SKU-SPO-006371,Prism Team Sports Model-372,Sports & Outdoors,Team Sports,Prism,272.25,521.27,1
6372,SKU-BEA-006372,Matrix Skincare Model-373,Beauty & Care,Skincare,Matrix,344.25,793.15,1
6373,SKU-GRO-006373,Velocity Condiments Model-374,Grocery & Pantry,Condiments,Velocity,424.14,1020.95,1
6374,SKU-APP-006374,Apex Men's Clothing Model-375,Apparel,Men's Clothing,Apex,355.63,630.59,1
6375,SKU-GRO-006375,Pulse Canned Goods Model-376,Grocery & Pantry,Canned Goods,Pulse,443.29,1022.78,1
6376,SKU-BEA-006376,Pulse Fragrances Model-377,Beauty & Care,Fragrances,Pulse,85.9,194.77,1
6377,SKU-TOY-006377,Pulse Educational Toys Model-378,Toys & Games,Educational Toys,Pulse,328.85,487.08,1
6378,SKU-TOY-006378,Horizon Action Figures Model-379,Toys & Games,Action Figures,Horizon,333.7,436.27,1
6379,SKU-TOY-006379,Velocity Board Games Model-380,Toys & Games,Board Games,Velocity,115.9,265.35,1
6380,SKU-SPO-006380,Matrix Fitness Gear Model-381,Sports & Outdoors,Fitness Gear,Matrix,9.11,15.05,1
6381,SKU-HOM-006381,Titan Decor Model-382,Home & Kitchen,Decor,Titan,78.57,179.37,1
6382,SKU-GRO-006382,Titan Condiments Model-383,Grocery & Pantry,Condiments,Titan,63.22,85.83,1
6383,SKU-BEA-006383,Vortex Personal Care Model-384,Beauty & Care,Personal Care,Vortex,242.75,348.93,1
6384,SKU-ELE-006384,Pulse Wearables Model-385,Electronics,Wearables,Pulse,169.64,218.68,1
6385,SKU-SPO-006385,Zenith Fitness Gear Model-386,Sports & Outdoors,Fitness Gear,Zenith,183.23,271.94,1
6386,SKU-AUT-006386,Lumina Oils & Fluids Model-387,Automotive,Oils & Fluids,Lumina,149.45,255.33,1
6387,SKU-SPO-006387,Summit Water Sports Model-388,Sports & Outdoors,Water Sports,Summit,431.18,928.95,1
6388,SKU-AUT-006388,Horizon Oils & Fluids Model-389,Automotive,Oils & Fluids,Horizon,267.79,456.08,1
6389,SKU-AUT-006389,Prism Tools & Equipment Model-390,Automotive,Tools & Equipment,Prism,109.04,185.32,1
6390,SKU-ELE-006390,Matrix Laptops Model-391,Electronics,Laptops,Matrix,390.63,590.68,1
6391,SKU-TOY-006391,Echo Puzzles Model-392,Toys & Games,Puzzles,Echo,260.25,404.12,1
6392,SKU-SPO-006392,Summit Camping & Hiking Model-393,Sports & Outdoors,Camping & Hiking,Summit,410.49,891.46,1
6393,SKU-AUT-006393,Nova Oils & Fluids Model-394,Automotive,Oils & Fluids,Nova,392.97,758.51,1
6394,SKU-AUT-006394,Titan Tools & Equipment Model-395,Automotive,Tools & Equipment,Titan,136.37,230.23,1
6395,SKU-HOM-006395,Vortex Furniture Model-396,Home & Kitchen,Furniture,Vortex,167.36,320.04,1
6396,SKU-BEA-006396,Titan Haircare Model-397,Beauty & Care,Haircare,Titan,440.46,739.3,1
6397,SKU-AUT-006397,Aura Interior Accessories Model-398,Automotive,Interior Accessories,Aura,305.39,506.52,1
6398,SKU-BEA-006398,Pulse Fragrances Model-399,Beauty & Care,Fragrances,Pulse,297.46,611.52,1
6399,SKU-GRO-006399,Matrix Breakfast Model-400,Grocery & Pantry,Breakfast,Matrix,186,270.96,1
6400,SKU-HOM-006400,Aura Furniture Model-401,Home & Kitchen,Furniture,Aura,187.2,273.11,1
6401,SKU-GRO-006401,Vortex Condiments Model-402,Grocery & Pantry,Condiments,Vortex,411.54,541.37,1
6402,SKU-HOM-006402,Aura Decor Model-403,Home & Kitchen,Decor,Aura,36.62,46.7,1
6403,SKU-SPO-006403,Zenith Water Sports Model-404,Sports & Outdoors,Water Sports,Zenith,334.53,546.49,1
6404,SKU-GRO-006404,Summit Canned Goods Model-405,Grocery & Pantry,Canned Goods,Summit,171.42,332.95,1
6405,SKU-HOM-006405,Aura Furniture Model-406,Home & Kitchen,Furniture,Aura,45.52,85.43,1
6406,SKU-TOY-006406,Summit Outdoor Toys Model-407,Toys & Games,Outdoor Toys,Summit,348.22,485.44,1
6407,SKU-APP-006407,Apex Men's Clothing Model-408,Apparel,Men's Clothing,Apex,313,734.21,1
6408,SKU-TOY-006408,Sol Action Figures Model-409,Toys & Games,Action Figures,Sol,272.54,630.28,1
6409,SKU-HOM-006409,Vortex Cookware Model-410,Home & Kitchen,Cookware,Vortex,58.73,114.02,1
6410,SKU-ELE-006410,Lumina Smartphones Model-411,Electronics,Smartphones,Lumina,204.35,287.55,1
6411,SKU-ELE-006411,Vortex Accessories Model-412,Electronics,Accessories,Vortex,257.49,512.5,1
6412,SKU-APP-006412,Prism Men's Clothing Model-413,Apparel,Men's Clothing,Prism,80.21,160.83,1
6413,SKU-APP-006413,Echo Outerwear Model-414,Apparel,Outerwear,Echo,54.31,134.13,1
6414,SKU-AUT-006414,Lumina Interior Accessories Model-415,Automotive,Interior Accessories,Lumina,199.75,450.44,1
6415,SKU-BEA-006415,Velocity Cosmetics Model-416,Beauty & Care,Cosmetics,Velocity,290.07,625.09,1
6416,SKU-TOY-006416,Aura Educational Toys Model-417,Toys & Games,Educational Toys,Aura,78.46,187.24,1
6417,SKU-SPO-006417,Pulse Cycling Model-418,Sports & Outdoors,Cycling,Pulse,41.32,79.58,1
6418,SKU-ELE-006418,Aura Smart Home Model-419,Electronics,Smart Home,Aura,413.21,624.83,1
6419,SKU-AUT-006419,Aura Oils & Fluids Model-420,Automotive,Oils & Fluids,Aura,333,433.22,1
6420,SKU-GRO-006420,Pulse Breakfast Model-421,Grocery & Pantry,Breakfast,Pulse,122.23,260.05,1
6421,SKU-GRO-006421,Zenith Breakfast Model-422,Grocery & Pantry,Breakfast,Zenith,174.78,332.39,1
6422,SKU-SPO-006422,Sol Water Sports Model-423,Sports & Outdoors,Water Sports,Sol,309.76,616.92,1
6423,SKU-BEA-006423,Horizon Personal Care Model-424,Beauty & Care,Personal Care,Horizon,197.4,408.6,0
6424,SKU-HOM-006424,Zenith Cookware Model-425,Home & Kitchen,Cookware,Zenith,359.87,522.01,1
6425,SKU-ELE-006425,Prism Accessories Model-426,Electronics,Accessories,Prism,420.57,538.79,1
6426,SKU-APP-006426,Zenith Accessories Model-427,Apparel,Accessories,Zenith,132.85,286.66,1
6427,SKU-SPO-006427,Zenith Team Sports Model-428,Sports & Outdoors,Team Sports,Zenith,414.04,892.34,1
6428,SKU-APP-006428,Prism Men's Clothing Model-429,Apparel,Men's Clothing,Prism,23.49,34.85,1
6429,SKU-APP-006429,Prism Accessories Model-430,Apparel,Accessories,Prism,312.44,451.59,1
6430,SKU-AUT-006430,Velocity Tools & Equipment Model-431,Automotive,Tools & Equipment,Velocity,86.95,198.61,1
6431,SKU-APP-006431,Sol Women's Clothing Model-432,Apparel,Women's Clothing,Sol,188.07,467.96,1
6432,SKU-GRO-006432,Summit Condiments Model-433,Grocery & Pantry,Condiments,Summit,228.88,489.57,1
6433,SKU-HOM-006433,Apex Cookware Model-434,Home & Kitchen,Cookware,Apex,286.76,433.97,1
6434,SKU-APP-006434,Pulse Women's Clothing Model-435,Apparel,Women's Clothing,Pulse,148.31,338.93,1
6435,SKU-AUT-006435,Nova Tools & Equipment Model-436,Automotive,Tools & Equipment,Nova,49.24,100.53,1
6436,SKU-GRO-006436,Echo Snacks Model-437,Grocery & Pantry,Snacks,Echo,299.29,579.75,1
6437,SKU-GRO-006437,Prism Breakfast Model-438,Grocery & Pantry,Breakfast,Prism,166.4,334.84,1
6438,SKU-ELE-006438,Matrix Accessories Model-439,Electronics,Accessories,Matrix,256.73,451.07,1
6439,SKU-GRO-006439,Summit Beverages Model-440,Grocery & Pantry,Beverages,Summit,183.61,282.74,1
6440,SKU-AUT-006440,Prism Tools & Equipment Model-441,Automotive,Tools & Equipment,Prism,43.94,58.16,1
6441,SKU-ELE-006441,Aura Smartphones Model-442,Electronics,Smartphones,Aura,369,600.96,1
6442,SKU-ELE-006442,Pulse Smart Home Model-443,Electronics,Smart Home,Pulse,194.33,300.07,1
6443,SKU-AUT-006443,Summit Interior Accessories Model-444,Automotive,Interior Accessories,Summit,40.81,88.54,1
6444,SKU-SPO-006444,Aura Fitness Gear Model-445,Sports & Outdoors,Fitness Gear,Aura,267.3,655.67,1
6445,SKU-AUT-006445,Aura Interior Accessories Model-446,Automotive,Interior Accessories,Aura,224.8,288.02,1
6446,SKU-SPO-006446,Echo Camping & Hiking Model-447,Sports & Outdoors,Camping & Hiking,Echo,104.85,148.56,1
6447,SKU-BEA-006447,Aura Cosmetics Model-448,Beauty & Care,Cosmetics,Aura,171.24,353.59,1
6448,SKU-ELE-006448,Titan Smart Home Model-449,Electronics,Smart Home,Titan,385.1,764.31,1
6449,SKU-BEA-006449,Aura Fragrances Model-450,Beauty & Care,Fragrances,Aura,35.64,64.42,1
6450,SKU-HOM-006450,Velocity Furniture Model-451,Home & Kitchen,Furniture,Velocity,164.8,300,1
6451,SKU-APP-006451,Zenith Accessories Model-452,Apparel,Accessories,Zenith,157.33,224.27,1
6452,SKU-GRO-006452,Titan Condiments Model-453,Grocery & Pantry,Condiments,Titan,57.47,111.9,1
6453,SKU-HOM-006453,Sol Decor Model-454,Home & Kitchen,Decor,Sol,66.56,93.15,1
6454,SKU-HOM-006454,Nova Storage Model-455,Home & Kitchen,Storage,Nova,47.6,104.89,1
6455,SKU-SPO-006455,Prism Cycling Model-456,Sports & Outdoors,Cycling,Prism,30.84,75.09,1
6456,SKU-AUT-006456,Titan Tools & Equipment Model-457,Automotive,Tools & Equipment,Titan,133.23,250.87,1
6457,SKU-APP-006457,Aura Women's Clothing Model-458,Apparel,Women's Clothing,Aura,6.34,15.06,1
6458,SKU-BEA-006458,Summit Fragrances Model-459,Beauty & Care,Fragrances,Summit,377.18,538.4,1
6459,SKU-AUT-006459,Titan Interior Accessories Model-460,Automotive,Interior Accessories,Titan,311.73,414.17,1
6460,SKU-GRO-006460,Zenith Organic Foods Model-461,Grocery & Pantry,Organic Foods,Zenith,18.45,32.61,1
6461,SKU-APP-006461,Velocity Outerwear Model-462,Apparel,Outerwear,Velocity,85.7,161.78,1
6462,SKU-AUT-006462,Velocity Interior Accessories Model-463,Automotive,Interior Accessories,Velocity,355.17,740.82,1
6463,SKU-HOM-006463,Prism Furniture Model-464,Home & Kitchen,Furniture,Prism,197.42,342.51,1
6464,SKU-ELE-006464,Horizon Wearables Model-465,Electronics,Wearables,Horizon,19.9,36.93,1
6465,SKU-AUT-006465,Nova Interior Accessories Model-466,Automotive,Interior Accessories,Nova,118.06,258.59,1
6466,SKU-SPO-006466,Lumina Water Sports Model-467,Sports & Outdoors,Water Sports,Lumina,233.99,517.49,1
6467,SKU-AUT-006467,Nova Interior Accessories Model-468,Automotive,Interior Accessories,Nova,315.1,677.86,1
6468,SKU-GRO-006468,Echo Breakfast Model-469,Grocery & Pantry,Breakfast,Echo,24.92,61.03,1
6469,SKU-TOY-006469,Sol Board Games Model-470,Toys & Games,Board Games,Sol,315.71,720.59,1
6470,SKU-GRO-006470,Zenith Breakfast Model-471,Grocery & Pantry,Breakfast,Zenith,393.02,743.74,1
6471,SKU-SPO-006471,Nova Camping & Hiking Model-472,Sports & Outdoors,Camping & Hiking,Nova,211.61,401.28,1
6472,SKU-APP-006472,Lumina Sportswear Model-473,Apparel,Sportswear,Lumina,154.95,201,1
6473,SKU-GRO-006473,Nova Organic Foods Model-474,Grocery & Pantry,Organic Foods,Nova,92.17,156.55,1
6474,SKU-AUT-006474,Aura Tools & Equipment Model-475,Automotive,Tools & Equipment,Aura,45.39,79,1
6475,SKU-BEA-006475,Matrix Cosmetics Model-476,Beauty & Care,Cosmetics,Matrix,352.21,515.76,1
6476,SKU-AUT-006476,Velocity Interior Accessories Model-477,Automotive,Interior Accessories,Velocity,429.75,756.09,1
6477,SKU-SPO-006477,Aura Camping & Hiking Model-478,Sports & Outdoors,Camping & Hiking,Aura,97.31,128.34,1
6478,SKU-GRO-006478,Pulse Breakfast Model-479,Grocery & Pantry,Breakfast,Pulse,184.05,270.7,1
6479,SKU-ELE-006479,Echo Accessories Model-480,Electronics,Accessories,Echo,32.77,68.38,1
6480,SKU-APP-006480,Prism Footwear Model-481,Apparel,Footwear,Prism,37.57,81.05,1
6481,SKU-HOM-006481,Lumina Cookware Model-482,Home & Kitchen,Cookware,Lumina,315.24,516.38,1
6482,SKU-APP-006482,Matrix Footwear Model-483,Apparel,Footwear,Matrix,384.26,584.12,1
6483,SKU-SPO-006483,Matrix Camping & Hiking Model-484,Sports & Outdoors,Camping & Hiking,Matrix,174.77,402.54,1
6484,SKU-GRO-006484,Nova Snacks Model-485,Grocery & Pantry,Snacks,Nova,430.78,729.14,1
6485,SKU-SPO-006485,Zenith Fitness Gear Model-486,Sports & Outdoors,Fitness Gear,Zenith,381.13,721.68,1
6486,SKU-SPO-006486,Matrix Cycling Model-487,Sports & Outdoors,Cycling,Matrix,175.64,243.62,1
6487,SKU-AUT-006487,Sol Tools & Equipment Model-488,Automotive,Tools & Equipment,Sol,257.54,623.08,1
6488,SKU-SPO-006488,Lumina Fitness Gear Model-489,Sports & Outdoors,Fitness Gear,Lumina,114.38,261.98,1
6489,SKU-APP-006489,Echo Men's Clothing Model-490,Apparel,Men's Clothing,Echo,372.14,651.69,1
6490,SKU-AUT-006490,Lumina Car Care Model-491,Automotive,Car Care,Lumina,321.49,719.11,1
6491,SKU-GRO-006491,Zenith Canned Goods Model-492,Grocery & Pantry,Canned Goods,Zenith,209.93,316.78,1
6492,SKU-SPO-006492,Nova Fitness Gear Model-493,Sports & Outdoors,Fitness Gear,Nova,76.29,120.89,0
6493,SKU-GRO-006493,Horizon Beverages Model-494,Grocery & Pantry,Beverages,Horizon,149.34,217.29,1
6494,SKU-ELE-006494,Titan Accessories Model-495,Electronics,Accessories,Titan,338.65,843.73,1
6495,SKU-ELE-006495,Horizon Wearables Model-496,Electronics,Wearables,Horizon,118.12,287.2,1
6496,SKU-SPO-006496,Pulse Fitness Gear Model-497,Sports & Outdoors,Fitness Gear,Pulse,409.99,791.48,0
6497,SKU-APP-006497,Horizon Accessories Model-498,Apparel,Accessories,Horizon,47.58,98.93,1
6498,SKU-ELE-006498,Sol Laptops Model-499,Electronics,Laptops,Sol,394.4,694.02,1
6499,SKU-HOM-006499,Horizon Cookware Model-500,Home & Kitchen,Cookware,Horizon,334.32,587.04,1
6500,SKU-AUT-006500,Matrix Tools & Equipment Model-501,Automotive,Tools & Equipment,Matrix,279.26,695.44,1
6501,SKU-HOM-006501,Aura Bedding Model-502,Home & Kitchen,Bedding,Aura,293.01,408.17,1
6502,SKU-GRO-006502,Velocity Breakfast Model-503,Grocery & Pantry,Breakfast,Velocity,249.69,391.83,1
6503,SKU-TOY-006503,Aura Puzzles Model-504,Toys & Games,Puzzles,Aura,276.7,428.92,0
6504,SKU-GRO-006504,Vortex Organic Foods Model-505,Grocery & Pantry,Organic Foods,Vortex,228.07,416.49,1
6505,SKU-GRO-006505,Apex Snacks Model-506,Grocery & Pantry,Snacks,Apex,280.33,534.65,1
6506,SKU-BEA-006506,Pulse Personal Care Model-507,Beauty & Care,Personal Care,Pulse,56.42,114.14,1
6507,SKU-ELE-006507,Prism Audio & Headphones Model-508,Electronics,Audio & Headphones,Prism,6.77,11.78,1
6508,SKU-APP-006508,Zenith Accessories Model-509,Apparel,Accessories,Zenith,78.19,171.96,1
6509,SKU-HOM-006509,Titan Decor Model-510,Home & Kitchen,Decor,Titan,357.05,843.44,1
6510,SKU-AUT-006510,Horizon Interior Accessories Model-511,Automotive,Interior Accessories,Horizon,228.04,414.15,1
6511,SKU-HOM-006511,Zenith Cookware Model-512,Home & Kitchen,Cookware,Zenith,183.99,258.02,1
6512,SKU-TOY-006512,Sol Board Games Model-513,Toys & Games,Board Games,Sol,356.16,701.54,1
6513,SKU-HOM-006513,Pulse Cookware Model-514,Home & Kitchen,Cookware,Pulse,431.91,593,1
6514,SKU-BEA-006514,Horizon Haircare Model-515,Beauty & Care,Haircare,Horizon,386.13,501.93,1
6515,SKU-APP-006515,Zenith Women's Clothing Model-516,Apparel,Women's Clothing,Zenith,242.28,355.36,1
6516,SKU-BEA-006516,Sol Skincare Model-517,Beauty & Care,Skincare,Sol,420.42,574.92,1
6517,SKU-AUT-006517,Prism Tools & Equipment Model-518,Automotive,Tools & Equipment,Prism,247.95,368.82,1
6518,SKU-AUT-006518,Horizon Oils & Fluids Model-519,Automotive,Oils & Fluids,Horizon,267.1,633.94,0
6519,SKU-GRO-006519,Nova Breakfast Model-520,Grocery & Pantry,Breakfast,Nova,370.52,564.06,1
6520,SKU-GRO-006520,Aura Breakfast Model-521,Grocery & Pantry,Breakfast,Aura,432.7,1018.71,1
6521,SKU-SPO-006521,Lumina Water Sports Model-522,Sports & Outdoors,Water Sports,Lumina,356.59,478.17,1
6522,SKU-APP-006522,Sol Footwear Model-523,Apparel,Footwear,Sol,291.6,727.87,0
6523,SKU-HOM-006523,Sol Bedding Model-524,Home & Kitchen,Bedding,Sol,291.53,597.77,1
6524,SKU-ELE-006524,Horizon Audio & Headphones Model-525,Electronics,Audio & Headphones,Horizon,358.06,808.34,1
6525,SKU-SPO-006525,Apex Camping & Hiking Model-526,Sports & Outdoors,Camping & Hiking,Apex,384.06,893.25,1
6526,SKU-HOM-006526,Lumina Cookware Model-527,Home & Kitchen,Cookware,Lumina,119.89,297.6,1
6527,SKU-ELE-006527,Prism Audio & Headphones Model-528,Electronics,Audio & Headphones,Prism,372.52,610.23,1
6528,SKU-APP-006528,Aura Accessories Model-529,Apparel,Accessories,Aura,97.54,210.15,1
6529,SKU-TOY-006529,Titan Board Games Model-530,Toys & Games,Board Games,Titan,362.37,827.25,1
6530,SKU-APP-006530,Titan Women's Clothing Model-531,Apparel,Women's Clothing,Titan,356.79,877.76,1
6531,SKU-HOM-006531,Aura Storage Model-532,Home & Kitchen,Storage,Aura,304.29,685.14,1
6532,SKU-ELE-006532,Zenith Smart Home Model-533,Electronics,Smart Home,Zenith,238.36,336.43,1
6533,SKU-APP-006533,Matrix Men's Clothing Model-534,Apparel,Men's Clothing,Matrix,291.44,540.1,1
6534,SKU-HOM-006534,Nova Storage Model-535,Home & Kitchen,Storage,Nova,345.18,616.55,1
6535,SKU-AUT-006535,Prism Interior Accessories Model-536,Automotive,Interior Accessories,Prism,116.1,214.08,1
6536,SKU-HOM-006536,Titan Storage Model-537,Home & Kitchen,Storage,Titan,162.64,352.24,1
6537,SKU-TOY-006537,Aura Action Figures Model-538,Toys & Games,Action Figures,Aura,361.47,791.54,1
6538,SKU-GRO-006538,Echo Organic Foods Model-539,Grocery & Pantry,Organic Foods,Echo,112.81,185.11,1
6539,SKU-ELE-006539,Nova Laptops Model-540,Electronics,Laptops,Nova,239.81,369.63,1
6540,SKU-APP-006540,Nova Outerwear Model-541,Apparel,Outerwear,Nova,112.66,152.13,1
6541,SKU-AUT-006541,Zenith Oils & Fluids Model-542,Automotive,Oils & Fluids,Zenith,55.87,75.51,1
6542,SKU-APP-006542,Lumina Accessories Model-543,Apparel,Accessories,Lumina,449.95,1031.09,1
6543,SKU-AUT-006543,Apex Interior Accessories Model-544,Automotive,Interior Accessories,Apex,23.92,31.51,1
6544,SKU-AUT-006544,Aura Interior Accessories Model-545,Automotive,Interior Accessories,Aura,112.66,167.46,1
6545,SKU-TOY-006545,Lumina Educational Toys Model-546,Toys & Games,Educational Toys,Lumina,50.75,69.03,1
6546,SKU-BEA-006546,Nova Skincare Model-547,Beauty & Care,Skincare,Nova,46.64,67.22,1
6547,SKU-BEA-006547,Lumina Haircare Model-548,Beauty & Care,Haircare,Lumina,415.71,879.46,1
6548,SKU-HOM-006548,Horizon Furniture Model-549,Home & Kitchen,Furniture,Horizon,85.92,140.07,1
6549,SKU-HOM-006549,Matrix Small Appliances Model-550,Home & Kitchen,Small Appliances,Matrix,348,470.38,1
6550,SKU-APP-006550,Vortex Accessories Model-551,Apparel,Accessories,Vortex,32.81,70.99,1
6551,SKU-HOM-006551,Horizon Furniture Model-552,Home & Kitchen,Furniture,Horizon,259.13,467.04,1
6552,SKU-GRO-006552,Velocity Organic Foods Model-553,Grocery & Pantry,Organic Foods,Velocity,282.32,549.48,1
6553,SKU-SPO-006553,Prism Cycling Model-554,Sports & Outdoors,Cycling,Prism,176.41,365.09,1
6554,SKU-BEA-006554,Pulse Haircare Model-555,Beauty & Care,Haircare,Pulse,144.19,229.13,1
6555,SKU-HOM-006555,Summit Small Appliances Model-556,Home & Kitchen,Small Appliances,Summit,88.81,162.24,1
6556,SKU-ELE-006556,Prism Laptops Model-557,Electronics,Laptops,Prism,278.67,435.83,1
6557,SKU-AUT-006557,Nova Interior Accessories Model-558,Automotive,Interior Accessories,Nova,296.12,681.28,1
6558,SKU-BEA-006558,Pulse Cosmetics Model-559,Beauty & Care,Cosmetics,Pulse,172.67,328.57,1
6559,SKU-TOY-006559,Summit Board Games Model-560,Toys & Games,Board Games,Summit,368.79,906.11,1
6560,SKU-GRO-006560,Pulse Organic Foods Model-561,Grocery & Pantry,Organic Foods,Pulse,94.98,159.14,1
6561,SKU-GRO-006561,Echo Breakfast Model-562,Grocery & Pantry,Breakfast,Echo,336.85,487.44,1
6562,SKU-SPO-006562,Zenith Water Sports Model-563,Sports & Outdoors,Water Sports,Zenith,41.77,85.52,1
6563,SKU-HOM-006563,Titan Small Appliances Model-564,Home & Kitchen,Small Appliances,Titan,115.86,255.94,1
6564,SKU-APP-006564,Nova Men's Clothing Model-565,Apparel,Men's Clothing,Nova,279.35,449.22,1
6565,SKU-GRO-006565,Matrix Canned Goods Model-566,Grocery & Pantry,Canned Goods,Matrix,69.2,127.58,1
6566,SKU-GRO-006566,Prism Snacks Model-567,Grocery & Pantry,Snacks,Prism,363.95,501.19,1
6567,SKU-SPO-006567,Vortex Cycling Model-568,Sports & Outdoors,Cycling,Vortex,199.99,252.46,1
6568,SKU-SPO-006568,Titan Fitness Gear Model-569,Sports & Outdoors,Fitness Gear,Titan,87.69,123.93,1
6569,SKU-TOY-006569,Summit Puzzles Model-570,Toys & Games,Puzzles,Summit,273.49,424.04,1
6570,SKU-ELE-006570,Lumina Laptops Model-571,Electronics,Laptops,Lumina,12.63,15.8,1
6571,SKU-SPO-006571,Summit Fitness Gear Model-572,Sports & Outdoors,Fitness Gear,Summit,192.76,413.18,1
6572,SKU-BEA-006572,Titan Skincare Model-573,Beauty & Care,Skincare,Titan,136.6,334.67,1
6573,SKU-AUT-006573,Pulse Oils & Fluids Model-574,Automotive,Oils & Fluids,Pulse,290.87,647.13,1
6574,SKU-ELE-006574,Vortex Smartphones Model-575,Electronics,Smartphones,Vortex,272.34,608.23,1
6575,SKU-AUT-006575,Prism Tools & Equipment Model-576,Automotive,Tools & Equipment,Prism,136.47,309.25,1
6576,SKU-APP-006576,Aura Sportswear Model-577,Apparel,Sportswear,Aura,87.7,118.47,1
6577,SKU-ELE-006577,Titan Smart Home Model-578,Electronics,Smart Home,Titan,20.79,26.3,0
6578,SKU-ELE-006578,Lumina Laptops Model-579,Electronics,Laptops,Lumina,337.71,789.86,1
6579,SKU-ELE-006579,Zenith Laptops Model-580,Electronics,Laptops,Zenith,5.47,13.19,0
6580,SKU-HOM-006580,Pulse Furniture Model-581,Home & Kitchen,Furniture,Pulse,92.18,137.21,1
6581,SKU-HOM-006581,Aura Small Appliances Model-582,Home & Kitchen,Small Appliances,Aura,25.76,38.44,1
6582,SKU-AUT-006582,Zenith Interior Accessories Model-583,Automotive,Interior Accessories,Zenith,50.71,119.83,1
6583,SKU-TOY-006583,Matrix Action Figures Model-584,Toys & Games,Action Figures,Matrix,183.2,259.93,1
6584,SKU-ELE-006584,Summit Smartphones Model-585,Electronics,Smartphones,Summit,199.48,464.82,1
6585,SKU-AUT-006585,Echo Oils & Fluids Model-586,Automotive,Oils & Fluids,Echo,92.33,152.62,1
6586,SKU-BEA-006586,Echo Personal Care Model-587,Beauty & Care,Personal Care,Echo,105.35,223.03,1
6587,SKU-BEA-006587,Zenith Cosmetics Model-588,Beauty & Care,Cosmetics,Zenith,78.4,159.64,1
6588,SKU-SPO-006588,Pulse Water Sports Model-589,Sports & Outdoors,Water Sports,Pulse,319.16,604.5,1
6589,SKU-HOM-006589,Sol Decor Model-590,Home & Kitchen,Decor,Sol,110.71,143.49,1
6590,SKU-GRO-006590,Prism Condiments Model-591,Grocery & Pantry,Condiments,Prism,154.14,226.26,1
6591,SKU-ELE-006591,Velocity Smart Home Model-592,Electronics,Smart Home,Velocity,307.24,585.32,1
6592,SKU-TOY-006592,Nova Outdoor Toys Model-593,Toys & Games,Outdoor Toys,Nova,291.95,544.18,1
6593,SKU-HOM-006593,Apex Bedding Model-594,Home & Kitchen,Bedding,Apex,196.68,468.72,1
6594,SKU-BEA-006594,Sol Cosmetics Model-595,Beauty & Care,Cosmetics,Sol,114.36,212.89,1
6595,SKU-AUT-006595,Nova Car Care Model-596,Automotive,Car Care,Nova,432.97,887.75,1
6596,SKU-TOY-006596,Apex Puzzles Model-597,Toys & Games,Puzzles,Apex,447.05,904.04,1
6597,SKU-TOY-006597,Vortex Outdoor Toys Model-598,Toys & Games,Outdoor Toys,Vortex,95.74,212.59,1
6598,SKU-TOY-006598,Prism Outdoor Toys Model-599,Toys & Games,Outdoor Toys,Prism,312.6,402.57,1
6599,SKU-APP-006599,Vortex Women's Clothing Model-600,Apparel,Women's Clothing,Vortex,77.77,146.99,1
6600,SKU-ELE-006600,Echo Laptops Model-601,Electronics,Laptops,Echo,116.7,192.36,1
6601,SKU-APP-006601,Prism Sportswear Model-602,Apparel,Sportswear,Prism,330.59,759.1,1
6602,SKU-APP-006602,Echo Outerwear Model-603,Apparel,Outerwear,Echo,75.43,172.58,1
6603,SKU-HOM-006603,Apex Furniture Model-604,Home & Kitchen,Furniture,Apex,25.84,57.68,1
6604,SKU-BEA-006604,Lumina Cosmetics Model-605,Beauty & Care,Cosmetics,Lumina,276.9,383.96,1
6605,SKU-ELE-006605,Sol Accessories Model-606,Electronics,Accessories,Sol,308.82,675.76,1
6606,SKU-HOM-006606,Pulse Bedding Model-607,Home & Kitchen,Bedding,Pulse,249.25,347.57,1
6607,SKU-TOY-006607,Titan Action Figures Model-608,Toys & Games,Action Figures,Titan,265.64,581.6,1
6608,SKU-SPO-006608,Lumina Camping & Hiking Model-609,Sports & Outdoors,Camping & Hiking,Lumina,439.13,833.15,1
6609,SKU-GRO-006609,Echo Organic Foods Model-610,Grocery & Pantry,Organic Foods,Echo,241.35,540.23,1
6610,SKU-ELE-006610,Sol Smart Home Model-611,Electronics,Smart Home,Sol,63.56,89.03,0
6611,SKU-APP-006611,Echo Women's Clothing Model-612,Apparel,Women's Clothing,Echo,249.98,543.34,1
6612,SKU-ELE-006612,Titan Wearables Model-613,Electronics,Wearables,Titan,349.29,680.82,1
6613,SKU-HOM-006613,Aura Small Appliances Model-614,Home & Kitchen,Small Appliances,Aura,32.38,69.01,1
6614,SKU-GRO-006614,Echo Organic Foods Model-615,Grocery & Pantry,Organic Foods,Echo,296.8,717.51,1
6615,SKU-ELE-006615,Titan Accessories Model-616,Electronics,Accessories,Titan,247.46,352.23,1
6616,SKU-TOY-006616,Horizon Action Figures Model-617,Toys & Games,Action Figures,Horizon,410.16,906.34,1
6617,SKU-AUT-006617,Velocity Oils & Fluids Model-618,Automotive,Oils & Fluids,Velocity,110.86,148.28,1
6618,SKU-ELE-006618,Matrix Audio & Headphones Model-619,Electronics,Audio & Headphones,Matrix,198.17,439.24,1
6619,SKU-AUT-006619,Horizon Tools & Equipment Model-620,Automotive,Tools & Equipment,Horizon,443.69,795.52,1
6620,SKU-BEA-006620,Horizon Skincare Model-621,Beauty & Care,Skincare,Horizon,99.7,167.55,1
6621,SKU-GRO-006621,Zenith Breakfast Model-622,Grocery & Pantry,Breakfast,Zenith,201.79,376.05,1
6622,SKU-AUT-006622,Apex Tools & Equipment Model-623,Automotive,Tools & Equipment,Apex,432.07,910.15,1
6623,SKU-SPO-006623,Prism Camping & Hiking Model-624,Sports & Outdoors,Camping & Hiking,Prism,383.47,824.2,1
6624,SKU-APP-006624,Aura Accessories Model-625,Apparel,Accessories,Aura,237.57,451.38,1
6625,SKU-SPO-006625,Horizon Water Sports Model-626,Sports & Outdoors,Water Sports,Horizon,77.57,119.07,1
6626,SKU-BEA-006626,Matrix Fragrances Model-627,Beauty & Care,Fragrances,Matrix,303.77,401.29,1
6627,SKU-AUT-006627,Titan Car Care Model-628,Automotive,Car Care,Titan,112.87,154.03,1
6628,SKU-BEA-006628,Matrix Fragrances Model-629,Beauty & Care,Fragrances,Matrix,87.66,154.99,1
6629,SKU-GRO-006629,Echo Canned Goods Model-630,Grocery & Pantry,Canned Goods,Echo,361.82,662.31,1
6630,SKU-AUT-006630,Titan Interior Accessories Model-631,Automotive,Interior Accessories,Titan,135.61,218.95,1
6631,SKU-ELE-006631,Apex Accessories Model-632,Electronics,Accessories,Apex,410.31,819.66,1
6632,SKU-APP-006632,Aura Men's Clothing Model-633,Apparel,Men's Clothing,Aura,45.18,78.58,1
6633,SKU-SPO-006633,Horizon Cycling Model-634,Sports & Outdoors,Cycling,Horizon,165.68,303.71,0
6634,SKU-SPO-006634,Zenith Cycling Model-635,Sports & Outdoors,Cycling,Zenith,181.22,248.4,1
6635,SKU-AUT-006635,Echo Car Care Model-636,Automotive,Car Care,Echo,200.48,462.74,1
6636,SKU-GRO-006636,Nova Snacks Model-637,Grocery & Pantry,Snacks,Nova,284.7,421.43,1
6637,SKU-BEA-006637,Lumina Personal Care Model-638,Beauty & Care,Personal Care,Lumina,356.87,541.01,1
6638,SKU-GRO-006638,Sol Breakfast Model-639,Grocery & Pantry,Breakfast,Sol,96.13,231.92,1
6639,SKU-BEA-006639,Matrix Personal Care Model-640,Beauty & Care,Personal Care,Matrix,26.9,52.69,1
6640,SKU-APP-006640,Matrix Outerwear Model-641,Apparel,Outerwear,Matrix,78.17,150.75,1
6641,SKU-TOY-006641,Pulse Educational Toys Model-642,Toys & Games,Educational Toys,Pulse,318.26,487.69,1
6642,SKU-SPO-006642,Sol Water Sports Model-643,Sports & Outdoors,Water Sports,Sol,56.35,102.05,1
6643,SKU-SPO-006643,Prism Team Sports Model-644,Sports & Outdoors,Team Sports,Prism,104.29,255.38,1
6644,SKU-SPO-006644,Matrix Camping & Hiking Model-645,Sports & Outdoors,Camping & Hiking,Matrix,168.14,259.47,1
6645,SKU-HOM-006645,Summit Decor Model-646,Home & Kitchen,Decor,Summit,206.36,412.6,1
6646,SKU-GRO-006646,Zenith Snacks Model-647,Grocery & Pantry,Snacks,Zenith,10.31,24.34,1
6647,SKU-BEA-006647,Lumina Cosmetics Model-648,Beauty & Care,Cosmetics,Lumina,140.35,205.25,1
6648,SKU-GRO-006648,Apex Beverages Model-649,Grocery & Pantry,Beverages,Apex,233.88,436.29,1
6649,SKU-HOM-006649,Vortex Bedding Model-650,Home & Kitchen,Bedding,Vortex,125.17,232.69,1
6650,SKU-APP-006650,Nova Sportswear Model-651,Apparel,Sportswear,Nova,394.82,604.13,1
6651,SKU-BEA-006651,Prism Haircare Model-652,Beauty & Care,Haircare,Prism,74.79,154.82,1
6652,SKU-SPO-006652,Apex Water Sports Model-653,Sports & Outdoors,Water Sports,Apex,420.08,921.55,1
6653,SKU-BEA-006653,Summit Haircare Model-654,Beauty & Care,Haircare,Summit,323.67,476.72,1
6654,SKU-TOY-006654,Velocity Outdoor Toys Model-655,Toys & Games,Outdoor Toys,Velocity,449.65,576.03,1
6655,SKU-TOY-006655,Horizon Puzzles Model-656,Toys & Games,Puzzles,Horizon,239.07,556.81,1
6656,SKU-ELE-006656,Velocity Smartphones Model-657,Electronics,Smartphones,Velocity,81.11,140.91,1
6657,SKU-APP-006657,Lumina Outerwear Model-658,Apparel,Outerwear,Lumina,138.47,241.84,1
6658,SKU-BEA-006658,Nova Personal Care Model-659,Beauty & Care,Personal Care,Nova,332.02,659.31,1
6659,SKU-ELE-006659,Horizon Wearables Model-660,Electronics,Wearables,Horizon,379.3,579.26,1
6660,SKU-SPO-006660,Vortex Cycling Model-661,Sports & Outdoors,Cycling,Vortex,155.26,203.85,1
6661,SKU-BEA-006661,Titan Haircare Model-662,Beauty & Care,Haircare,Titan,111.62,201.31,1
6662,SKU-SPO-006662,Summit Fitness Gear Model-663,Sports & Outdoors,Fitness Gear,Summit,11.8,28.08,1
6663,SKU-BEA-006663,Titan Fragrances Model-664,Beauty & Care,Fragrances,Titan,284.73,370.87,1
6664,SKU-APP-006664,Echo Accessories Model-665,Apparel,Accessories,Echo,91.67,207.48,1
6665,SKU-ELE-006665,Matrix Audio & Headphones Model-666,Electronics,Audio & Headphones,Matrix,388.93,821.45,1
6666,SKU-AUT-006666,Pulse Oils & Fluids Model-667,Automotive,Oils & Fluids,Pulse,193.09,395.05,1
6667,SKU-SPO-006667,Zenith Water Sports Model-668,Sports & Outdoors,Water Sports,Zenith,81.45,192.04,1
6668,SKU-APP-006668,Sol Women's Clothing Model-669,Apparel,Women's Clothing,Sol,13.15,25.02,1
6669,SKU-GRO-006669,Echo Organic Foods Model-670,Grocery & Pantry,Organic Foods,Echo,71.61,168.38,1
6670,SKU-GRO-006670,Summit Condiments Model-671,Grocery & Pantry,Condiments,Summit,70.94,135.68,1
6671,SKU-AUT-006671,Zenith Interior Accessories Model-672,Automotive,Interior Accessories,Zenith,123.76,292.17,1
6672,SKU-APP-006672,Nova Sportswear Model-673,Apparel,Sportswear,Nova,116.7,205.15,1
6673,SKU-ELE-006673,Summit Accessories Model-674,Electronics,Accessories,Summit,302.9,753.92,1
6674,SKU-TOY-006674,Aura Educational Toys Model-675,Toys & Games,Educational Toys,Aura,251.14,511.02,1
6675,SKU-ELE-006675,Sol Wearables Model-676,Electronics,Wearables,Sol,380.19,595.59,1
6676,SKU-AUT-006676,Velocity Oils & Fluids Model-677,Automotive,Oils & Fluids,Velocity,239.37,394.89,1
6677,SKU-ELE-006677,Sol Wearables Model-678,Electronics,Wearables,Sol,182.44,447.48,1
6678,SKU-SPO-006678,Echo Water Sports Model-679,Sports & Outdoors,Water Sports,Echo,235.31,324.93,1
6679,SKU-GRO-006679,Aura Organic Foods Model-680,Grocery & Pantry,Organic Foods,Aura,188.74,434.08,1
6680,SKU-TOY-006680,Prism Outdoor Toys Model-681,Toys & Games,Outdoor Toys,Prism,134.41,172.77,1
6681,SKU-GRO-006681,Lumina Breakfast Model-682,Grocery & Pantry,Breakfast,Lumina,90.2,183.65,0
6682,SKU-TOY-006682,Nova Puzzles Model-683,Toys & Games,Puzzles,Nova,443.47,557.1,1
6683,SKU-APP-006683,Sol Women's Clothing Model-684,Apparel,Women's Clothing,Sol,302.29,678.44,1
6684,SKU-APP-006684,Prism Footwear Model-685,Apparel,Footwear,Prism,315.59,748.1,1
6685,SKU-SPO-006685,Echo Water Sports Model-686,Sports & Outdoors,Water Sports,Echo,390.98,610.11,1
6686,SKU-TOY-006686,Horizon Educational Toys Model-687,Toys & Games,Educational Toys,Horizon,159.86,327.89,1
6687,SKU-AUT-006687,Horizon Interior Accessories Model-688,Automotive,Interior Accessories,Horizon,426.44,867.5,1
6688,SKU-ELE-006688,Velocity Audio & Headphones Model-689,Electronics,Audio & Headphones,Velocity,75.48,140.84,1
6689,SKU-AUT-006689,Summit Interior Accessories Model-690,Automotive,Interior Accessories,Summit,164.77,407.32,1
6690,SKU-APP-006690,Aura Sportswear Model-691,Apparel,Sportswear,Aura,151.34,234.22,1
6691,SKU-SPO-006691,Zenith Team Sports Model-692,Sports & Outdoors,Team Sports,Zenith,184.74,301.72,1
6692,SKU-ELE-006692,Horizon Accessories Model-693,Electronics,Accessories,Horizon,297.87,557.91,1
6693,SKU-APP-006693,Vortex Footwear Model-694,Apparel,Footwear,Vortex,58.3,81.64,1
6694,SKU-HOM-006694,Horizon Bedding Model-695,Home & Kitchen,Bedding,Horizon,322.19,576.6,0
6695,SKU-APP-006695,Nova Footwear Model-696,Apparel,Footwear,Nova,205.13,502.45,1
6696,SKU-SPO-006696,Lumina Camping & Hiking Model-697,Sports & Outdoors,Camping & Hiking,Lumina,6.93,10.09,1
6697,SKU-BEA-006697,Zenith Fragrances Model-698,Beauty & Care,Fragrances,Zenith,80.08,152.1,1
6698,SKU-HOM-006698,Lumina Decor Model-699,Home & Kitchen,Decor,Lumina,402.32,677.45,1
6699,SKU-AUT-006699,Velocity Tools & Equipment Model-700,Automotive,Tools & Equipment,Velocity,417.35,906.75,1
6700,SKU-HOM-006700,Prism Bedding Model-701,Home & Kitchen,Bedding,Prism,302.21,743.22,1
6701,SKU-SPO-006701,Apex Team Sports Model-702,Sports & Outdoors,Team Sports,Apex,87.76,119.75,1
6702,SKU-SPO-006702,Nova Camping & Hiking Model-703,Sports & Outdoors,Camping & Hiking,Nova,369.39,672.1,1
6703,SKU-HOM-006703,Pulse Small Appliances Model-704,Home & Kitchen,Small Appliances,Pulse,18.61,30.95,1
6704,SKU-AUT-006704,Prism Oils & Fluids Model-705,Automotive,Oils & Fluids,Prism,36.04,77.8,1
6705,SKU-SPO-006705,Matrix Camping & Hiking Model-706,Sports & Outdoors,Camping & Hiking,Matrix,328.18,546.59,1
6706,SKU-HOM-006706,Pulse Storage Model-707,Home & Kitchen,Storage,Pulse,334.58,664.64,1
6707,SKU-BEA-006707,Matrix Cosmetics Model-708,Beauty & Care,Cosmetics,Matrix,329.39,773.94,1
6708,SKU-AUT-006708,Echo Oils & Fluids Model-709,Automotive,Oils & Fluids,Echo,185.39,403.61,1
6709,SKU-ELE-006709,Sol Smart Home Model-710,Electronics,Smart Home,Sol,331.29,646.31,1
6710,SKU-ELE-006710,Vortex Smartphones Model-711,Electronics,Smartphones,Vortex,62,136.46,1
6711,SKU-SPO-006711,Matrix Water Sports Model-712,Sports & Outdoors,Water Sports,Matrix,399.56,527.47,1
6712,SKU-BEA-006712,Prism Personal Care Model-713,Beauty & Care,Personal Care,Prism,425.51,627.21,1
6713,SKU-HOM-006713,Horizon Cookware Model-714,Home & Kitchen,Cookware,Horizon,350.98,757.27,1
6714,SKU-GRO-006714,Titan Beverages Model-715,Grocery & Pantry,Beverages,Titan,439.99,890.5,1
6715,SKU-GRO-006715,Titan Snacks Model-716,Grocery & Pantry,Snacks,Titan,302.19,646.96,1
6716,SKU-BEA-006716,Apex Haircare Model-717,Beauty & Care,Haircare,Apex,54.12,133.27,1
6717,SKU-SPO-006717,Sol Team Sports Model-718,Sports & Outdoors,Team Sports,Sol,174.97,227.17,1
6718,SKU-AUT-006718,Echo Interior Accessories Model-719,Automotive,Interior Accessories,Echo,389.7,523.7,1
6719,SKU-TOY-006719,Summit Outdoor Toys Model-720,Toys & Games,Outdoor Toys,Summit,24.5,38.82,1
6720,SKU-ELE-006720,Horizon Smartphones Model-721,Electronics,Smartphones,Horizon,53.3,120.66,1
6721,SKU-TOY-006721,Apex Board Games Model-722,Toys & Games,Board Games,Apex,358.18,527.47,1
6722,SKU-SPO-006722,Pulse Camping & Hiking Model-723,Sports & Outdoors,Camping & Hiking,Pulse,294.12,372.55,1
6723,SKU-APP-006723,Velocity Sportswear Model-724,Apparel,Sportswear,Velocity,184.49,378.71,1
6724,SKU-BEA-006724,Horizon Cosmetics Model-725,Beauty & Care,Cosmetics,Horizon,404.31,840.66,1
6725,SKU-ELE-006725,Matrix Audio & Headphones Model-726,Electronics,Audio & Headphones,Matrix,65.27,104.08,1
6726,SKU-BEA-006726,Apex Skincare Model-727,Beauty & Care,Skincare,Apex,97.62,159.91,1
6727,SKU-APP-006727,Aura Sportswear Model-728,Apparel,Sportswear,Aura,235.89,409.03,0
6728,SKU-AUT-006728,Matrix Oils & Fluids Model-729,Automotive,Oils & Fluids,Matrix,383.45,602.11,1
6729,SKU-ELE-006729,Apex Smartphones Model-730,Electronics,Smartphones,Apex,197.47,446.99,1
6730,SKU-HOM-006730,Velocity Decor Model-731,Home & Kitchen,Decor,Velocity,6.64,13.64,1
6731,SKU-TOY-006731,Prism Puzzles Model-732,Toys & Games,Puzzles,Prism,42.22,83.52,1
6732,SKU-SPO-006732,Vortex Water Sports Model-733,Sports & Outdoors,Water Sports,Vortex,72.48,115.01,1
6733,SKU-BEA-006733,Vortex Personal Care Model-734,Beauty & Care,Personal Care,Vortex,183.21,341.22,0
6734,SKU-HOM-006734,Nova Cookware Model-735,Home & Kitchen,Cookware,Nova,395.67,824.47,1
6735,SKU-APP-006735,Aura Sportswear Model-736,Apparel,Sportswear,Aura,178.11,427.93,1
6736,SKU-BEA-006736,Zenith Cosmetics Model-737,Beauty & Care,Cosmetics,Zenith,331.33,566.13,1
6737,SKU-TOY-006737,Echo Outdoor Toys Model-738,Toys & Games,Outdoor Toys,Echo,154.32,247.28,0
6738,SKU-APP-006738,Velocity Men's Clothing Model-739,Apparel,Men's Clothing,Velocity,244.83,421.38,1
6739,SKU-GRO-006739,Prism Canned Goods Model-740,Grocery & Pantry,Canned Goods,Prism,279.73,605.44,1
6740,SKU-HOM-006740,Matrix Small Appliances Model-741,Home & Kitchen,Small Appliances,Matrix,255.9,434.22,1
6741,SKU-HOM-006741,Vortex Furniture Model-742,Home & Kitchen,Furniture,Vortex,129.1,221.51,1
6742,SKU-SPO-006742,Nova Cycling Model-743,Sports & Outdoors,Cycling,Nova,226.77,563.15,1
6743,SKU-SPO-006743,Pulse Fitness Gear Model-744,Sports & Outdoors,Fitness Gear,Pulse,235.07,474.51,0
6744,SKU-HOM-006744,Summit Small Appliances Model-745,Home & Kitchen,Small Appliances,Summit,271.19,461.87,1
6745,SKU-SPO-006745,Vortex Camping & Hiking Model-746,Sports & Outdoors,Camping & Hiking,Vortex,40.85,67.22,1
6746,SKU-SPO-006746,Vortex Camping & Hiking Model-747,Sports & Outdoors,Camping & Hiking,Vortex,287.99,646.53,1
6747,SKU-APP-006747,Matrix Accessories Model-748,Apparel,Accessories,Matrix,419.18,954.86,1
6748,SKU-HOM-006748,Vortex Small Appliances Model-749,Home & Kitchen,Small Appliances,Vortex,285.42,478.88,1
6749,SKU-BEA-006749,Apex Cosmetics Model-750,Beauty & Care,Cosmetics,Apex,11.65,19.33,1
6750,SKU-SPO-006750,Nova Team Sports Model-751,Sports & Outdoors,Team Sports,Nova,108.6,254.1,1
6751,SKU-APP-006751,Titan Footwear Model-752,Apparel,Footwear,Titan,46.92,89.78,0
6752,SKU-TOY-006752,Apex Educational Toys Model-753,Toys & Games,Educational Toys,Apex,317.83,569.11,1
6753,SKU-AUT-006753,Horizon Car Care Model-754,Automotive,Car Care,Horizon,71.13,128.34,1
6754,SKU-SPO-006754,Lumina Team Sports Model-755,Sports & Outdoors,Team Sports,Lumina,422.6,644.19,1
6755,SKU-GRO-006755,Sol Organic Foods Model-756,Grocery & Pantry,Organic Foods,Sol,123.46,266.91,1
6756,SKU-TOY-006756,Zenith Outdoor Toys Model-757,Toys & Games,Outdoor Toys,Zenith,231.43,551.58,1
6757,SKU-SPO-006757,Echo Camping & Hiking Model-758,Sports & Outdoors,Camping & Hiking,Echo,431.41,747.3,1
6758,SKU-APP-006758,Lumina Outerwear Model-759,Apparel,Outerwear,Lumina,246.41,512.19,1
6759,SKU-GRO-006759,Titan Snacks Model-760,Grocery & Pantry,Snacks,Titan,388.79,686.23,1
6760,SKU-AUT-006760,Nova Tools & Equipment Model-761,Automotive,Tools & Equipment,Nova,392.38,928.88,1
6761,SKU-AUT-006761,Echo Oils & Fluids Model-762,Automotive,Oils & Fluids,Echo,349.27,503.98,1
6762,SKU-HOM-006762,Titan Bedding Model-763,Home & Kitchen,Bedding,Titan,82.09,173.06,1
6763,SKU-GRO-006763,Horizon Snacks Model-764,Grocery & Pantry,Snacks,Horizon,126.62,248.77,1
6764,SKU-AUT-006764,Sol Tools & Equipment Model-765,Automotive,Tools & Equipment,Sol,293.93,536.06,1
6765,SKU-SPO-006765,Prism Team Sports Model-766,Sports & Outdoors,Team Sports,Prism,332.72,609.07,1
6766,SKU-AUT-006766,Aura Car Care Model-767,Automotive,Car Care,Aura,414.75,660.51,1
6767,SKU-AUT-006767,Sol Interior Accessories Model-768,Automotive,Interior Accessories,Sol,203.65,476.59,1
6768,SKU-APP-006768,Apex Accessories Model-769,Apparel,Accessories,Apex,98.78,212.94,1
6769,SKU-SPO-006769,Apex Camping & Hiking Model-770,Sports & Outdoors,Camping & Hiking,Apex,382.39,631.72,1
6770,SKU-HOM-006770,Sol Small Appliances Model-771,Home & Kitchen,Small Appliances,Sol,185.02,433.79,1
6771,SKU-AUT-006771,Nova Oils & Fluids Model-772,Automotive,Oils & Fluids,Nova,184.71,375.24,1
6772,SKU-APP-006772,Pulse Women's Clothing Model-773,Apparel,Women's Clothing,Pulse,384.03,699.96,1
6773,SKU-BEA-006773,Echo Fragrances Model-774,Beauty & Care,Fragrances,Echo,401.36,605.39,1
6774,SKU-TOY-006774,Zenith Educational Toys Model-775,Toys & Games,Educational Toys,Zenith,344.86,753.91,1
6775,SKU-TOY-006775,Velocity Board Games Model-776,Toys & Games,Board Games,Velocity,397.14,521.68,1
6776,SKU-BEA-006776,Velocity Skincare Model-777,Beauty & Care,Skincare,Velocity,384.95,521,1
6777,SKU-AUT-006777,Matrix Car Care Model-778,Automotive,Car Care,Matrix,439.32,948.16,1
6778,SKU-ELE-006778,Titan Audio & Headphones Model-779,Electronics,Audio & Headphones,Titan,80.38,131.63,1
6779,SKU-GRO-006779,Apex Condiments Model-780,Grocery & Pantry,Condiments,Apex,377.81,807.44,1
6780,SKU-AUT-006780,Velocity Oils & Fluids Model-781,Automotive,Oils & Fluids,Velocity,211.15,518.59,1
6781,SKU-GRO-006781,Summit Condiments Model-782,Grocery & Pantry,Condiments,Summit,217.15,297.71,0
6782,SKU-AUT-006782,Aura Car Care Model-783,Automotive,Car Care,Aura,386.17,939.29,1
6783,SKU-GRO-006783,Apex Condiments Model-784,Grocery & Pantry,Condiments,Apex,288.26,654.35,1
6784,SKU-HOM-006784,Aura Cookware Model-785,Home & Kitchen,Cookware,Aura,8.96,13.41,1
6785,SKU-ELE-006785,Matrix Smartphones Model-786,Electronics,Smartphones,Matrix,191.39,300.3,0
6786,SKU-ELE-006786,Velocity Accessories Model-787,Electronics,Accessories,Velocity,197.07,332.66,1
6787,SKU-GRO-006787,Zenith Organic Foods Model-788,Grocery & Pantry,Organic Foods,Zenith,72.97,117.55,1
6788,SKU-APP-006788,Sol Outerwear Model-789,Apparel,Outerwear,Sol,230.99,386.6,1
6789,SKU-SPO-006789,Apex Camping & Hiking Model-790,Sports & Outdoors,Camping & Hiking,Apex,105.84,136.73,1
6790,SKU-HOM-006790,Pulse Bedding Model-791,Home & Kitchen,Bedding,Pulse,342.22,764.52,1
6791,SKU-BEA-006791,Apex Cosmetics Model-792,Beauty & Care,Cosmetics,Apex,427.8,952.6,1
6792,SKU-SPO-006792,Echo Team Sports Model-793,Sports & Outdoors,Team Sports,Echo,405.18,699.85,1
6793,SKU-GRO-006793,Velocity Organic Foods Model-794,Grocery & Pantry,Organic Foods,Velocity,405.83,774.8,1
6794,SKU-SPO-006794,Matrix Team Sports Model-795,Sports & Outdoors,Team Sports,Matrix,177.63,335.98,1
6795,SKU-BEA-006795,Summit Fragrances Model-796,Beauty & Care,Fragrances,Summit,428.71,673.79,1
6796,SKU-TOY-006796,Prism Board Games Model-797,Toys & Games,Board Games,Prism,308.33,634.68,1
6797,SKU-BEA-006797,Titan Haircare Model-798,Beauty & Care,Haircare,Titan,150.87,237.32,1
6798,SKU-SPO-006798,Zenith Camping & Hiking Model-799,Sports & Outdoors,Camping & Hiking,Zenith,28,64.65,1
6799,SKU-AUT-006799,Summit Tools & Equipment Model-800,Automotive,Tools & Equipment,Summit,206.29,381.83,1
6800,SKU-HOM-006800,Sol Furniture Model-801,Home & Kitchen,Furniture,Sol,84.48,130.92,1
6801,SKU-GRO-006801,Summit Beverages Model-802,Grocery & Pantry,Beverages,Summit,369.63,841.24,1
6802,SKU-TOY-006802,Matrix Action Figures Model-803,Toys & Games,Action Figures,Matrix,250.97,443.48,1
6803,SKU-AUT-006803,Horizon Car Care Model-804,Automotive,Car Care,Horizon,410.19,523.7,1
6804,SKU-APP-006804,Apex Men's Clothing Model-805,Apparel,Men's Clothing,Apex,355.45,554.15,1
6805,SKU-APP-006805,Nova Women's Clothing Model-806,Apparel,Women's Clothing,Nova,329.65,494.69,1
6806,SKU-APP-006806,Zenith Outerwear Model-807,Apparel,Outerwear,Zenith,85.77,197.04,1
6807,SKU-APP-006807,Velocity Footwear Model-808,Apparel,Footwear,Velocity,155.57,349.46,1
6808,SKU-ELE-006808,Horizon Accessories Model-809,Electronics,Accessories,Horizon,379.63,794.06,1
6809,SKU-BEA-006809,Vortex Skincare Model-810,Beauty & Care,Skincare,Vortex,27.46,44.54,1
6810,SKU-AUT-006810,Echo Interior Accessories Model-811,Automotive,Interior Accessories,Echo,174.68,272.08,1
6811,SKU-SPO-006811,Matrix Cycling Model-812,Sports & Outdoors,Cycling,Matrix,182.43,441.82,1
6812,SKU-BEA-006812,Pulse Haircare Model-813,Beauty & Care,Haircare,Pulse,347.41,476.52,0
6813,SKU-APP-006813,Nova Outerwear Model-814,Apparel,Outerwear,Nova,408.84,983.81,1
6814,SKU-ELE-006814,Nova Smartphones Model-815,Electronics,Smartphones,Nova,413.06,895.74,1
6815,SKU-HOM-006815,Prism Decor Model-816,Home & Kitchen,Decor,Prism,365.78,481.12,1
6816,SKU-BEA-006816,Velocity Cosmetics Model-817,Beauty & Care,Cosmetics,Velocity,25.55,58.17,1
6817,SKU-TOY-006817,Pulse Outdoor Toys Model-818,Toys & Games,Outdoor Toys,Pulse,407.09,687.41,1
6818,SKU-APP-006818,Echo Women's Clothing Model-819,Apparel,Women's Clothing,Echo,387.29,927.35,1
6819,SKU-AUT-006819,Pulse Tools & Equipment Model-820,Automotive,Tools & Equipment,Pulse,12.69,29.62,1
6820,SKU-GRO-006820,Pulse Beverages Model-821,Grocery & Pantry,Beverages,Pulse,34.75,58.22,1
6821,SKU-HOM-006821,Aura Cookware Model-822,Home & Kitchen,Cookware,Aura,263.37,562.14,1
6822,SKU-GRO-006822,Vortex Snacks Model-823,Grocery & Pantry,Snacks,Vortex,19.31,45.57,1
6823,SKU-SPO-006823,Nova Fitness Gear Model-824,Sports & Outdoors,Fitness Gear,Nova,253.12,513.26,1
6824,SKU-GRO-006824,Velocity Snacks Model-825,Grocery & Pantry,Snacks,Velocity,50.25,121.72,1
6825,SKU-ELE-006825,Matrix Audio & Headphones Model-826,Electronics,Audio & Headphones,Matrix,66.39,109.97,1
6826,SKU-ELE-006826,Sol Laptops Model-827,Electronics,Laptops,Sol,184.97,451.83,1
6827,SKU-HOM-006827,Prism Small Appliances Model-828,Home & Kitchen,Small Appliances,Prism,147.81,294.47,1
6828,SKU-HOM-006828,Vortex Small Appliances Model-829,Home & Kitchen,Small Appliances,Vortex,127.34,179.4,1
6829,SKU-ELE-006829,Velocity Smart Home Model-830,Electronics,Smart Home,Velocity,73.5,136.23,1
6830,SKU-HOM-006830,Summit Small Appliances Model-831,Home & Kitchen,Small Appliances,Summit,100.81,134.47,1
6831,SKU-APP-006831,Aura Accessories Model-832,Apparel,Accessories,Aura,181.64,352.46,1
6832,SKU-AUT-006832,Lumina Tools & Equipment Model-833,Automotive,Tools & Equipment,Lumina,91.23,123.42,1
6833,SKU-TOY-006833,Pulse Outdoor Toys Model-834,Toys & Games,Outdoor Toys,Pulse,198.98,461.49,1
6834,SKU-BEA-006834,Titan Personal Care Model-835,Beauty & Care,Personal Care,Titan,325.11,433.01,1
6835,SKU-GRO-006835,Aura Snacks Model-836,Grocery & Pantry,Snacks,Aura,339.85,431,1
6836,SKU-GRO-006836,Velocity Breakfast Model-837,Grocery & Pantry,Breakfast,Velocity,398.31,618.46,1
6837,SKU-ELE-006837,Apex Audio & Headphones Model-838,Electronics,Audio & Headphones,Apex,336.04,485.66,1
6838,SKU-SPO-006838,Lumina Camping & Hiking Model-839,Sports & Outdoors,Camping & Hiking,Lumina,361.62,860.28,1
6839,SKU-BEA-006839,Velocity Skincare Model-840,Beauty & Care,Skincare,Velocity,357.16,595.97,1
6840,SKU-AUT-006840,Apex Interior Accessories Model-841,Automotive,Interior Accessories,Apex,118.72,290.88,1
6841,SKU-ELE-006841,Aura Laptops Model-842,Electronics,Laptops,Aura,412.84,1028.22,0
6842,SKU-SPO-006842,Aura Team Sports Model-843,Sports & Outdoors,Team Sports,Aura,40.41,74.75,1
6843,SKU-GRO-006843,Aura Canned Goods Model-844,Grocery & Pantry,Canned Goods,Aura,228.78,459.51,1
6844,SKU-SPO-006844,Zenith Camping & Hiking Model-845,Sports & Outdoors,Camping & Hiking,Zenith,334.53,815.41,1
6845,SKU-BEA-006845,Vortex Haircare Model-846,Beauty & Care,Haircare,Vortex,93.23,199.46,1
6846,SKU-BEA-006846,Velocity Cosmetics Model-847,Beauty & Care,Cosmetics,Velocity,202.79,382.83,1
6847,SKU-SPO-006847,Echo Fitness Gear Model-848,Sports & Outdoors,Fitness Gear,Echo,299.76,689.62,1
6848,SKU-TOY-006848,Lumina Puzzles Model-849,Toys & Games,Puzzles,Lumina,95.39,191.28,1
6849,SKU-ELE-006849,Matrix Wearables Model-850,Electronics,Wearables,Matrix,322.38,618.35,1
6850,SKU-GRO-006850,Prism Snacks Model-851,Grocery & Pantry,Snacks,Prism,414.79,907.03,1
6851,SKU-APP-006851,Vortex Outerwear Model-852,Apparel,Outerwear,Vortex,268.71,539.8,1
6852,SKU-TOY-006852,Sol Educational Toys Model-853,Toys & Games,Educational Toys,Sol,303.78,720.64,1
6853,SKU-AUT-006853,Prism Interior Accessories Model-854,Automotive,Interior Accessories,Prism,148.06,245.84,1
6854,SKU-HOM-006854,Matrix Small Appliances Model-855,Home & Kitchen,Small Appliances,Matrix,244.54,412.18,1
6855,SKU-HOM-006855,Vortex Bedding Model-856,Home & Kitchen,Bedding,Vortex,241.78,373.78,1
6856,SKU-HOM-006856,Echo Small Appliances Model-857,Home & Kitchen,Small Appliances,Echo,138.24,316.33,1
6857,SKU-HOM-006857,Titan Furniture Model-858,Home & Kitchen,Furniture,Titan,428.42,914.29,1
6858,SKU-BEA-006858,Summit Haircare Model-859,Beauty & Care,Haircare,Summit,317.1,730.43,1
6859,SKU-TOY-006859,Sol Outdoor Toys Model-860,Toys & Games,Outdoor Toys,Sol,422.11,879.44,1
6860,SKU-GRO-006860,Horizon Organic Foods Model-861,Grocery & Pantry,Organic Foods,Horizon,104.47,188.84,1
6861,SKU-HOM-006861,Apex Bedding Model-862,Home & Kitchen,Bedding,Apex,35.46,64.59,1
6862,SKU-GRO-006862,Matrix Organic Foods Model-863,Grocery & Pantry,Organic Foods,Matrix,348.77,569.67,1
6863,SKU-TOY-006863,Velocity Outdoor Toys Model-864,Toys & Games,Outdoor Toys,Velocity,6.25,12.74,1
6864,SKU-TOY-006864,Pulse Action Figures Model-865,Toys & Games,Action Figures,Pulse,114.13,260.93,1
6865,SKU-BEA-006865,Velocity Haircare Model-866,Beauty & Care,Haircare,Velocity,420.43,717.31,1
6866,SKU-TOY-006866,Summit Action Figures Model-867,Toys & Games,Action Figures,Summit,414.64,567.46,1
6867,SKU-AUT-006867,Titan Car Care Model-868,Automotive,Car Care,Titan,370.95,830.12,1
6868,SKU-ELE-006868,Pulse Smartphones Model-869,Electronics,Smartphones,Pulse,256.34,419.28,1
6869,SKU-SPO-006869,Nova Team Sports Model-870,Sports & Outdoors,Team Sports,Nova,164.46,216.49,1
6870,SKU-AUT-006870,Velocity Interior Accessories Model-871,Automotive,Interior Accessories,Velocity,352.03,683.45,1
6871,SKU-APP-006871,Summit Accessories Model-872,Apparel,Accessories,Summit,174.09,306.3,1
6872,SKU-SPO-006872,Sol Team Sports Model-873,Sports & Outdoors,Team Sports,Sol,350.67,852.84,1
6873,SKU-AUT-006873,Sol Oils & Fluids Model-874,Automotive,Oils & Fluids,Sol,74.74,134.94,1
6874,SKU-APP-006874,Prism Accessories Model-875,Apparel,Accessories,Prism,26.78,58.77,0
6875,SKU-AUT-006875,Matrix Interior Accessories Model-876,Automotive,Interior Accessories,Matrix,353.97,729.64,1
6876,SKU-GRO-006876,Titan Snacks Model-877,Grocery & Pantry,Snacks,Titan,316.56,703.82,1
6877,SKU-HOM-006877,Velocity Storage Model-878,Home & Kitchen,Storage,Velocity,91.76,116.32,1
6878,SKU-ELE-006878,Sol Wearables Model-879,Electronics,Wearables,Sol,12.29,27.01,1
6879,SKU-TOY-006879,Prism Board Games Model-880,Toys & Games,Board Games,Prism,156.18,228.66,1
6880,SKU-HOM-006880,Summit Decor Model-881,Home & Kitchen,Decor,Summit,106.71,164.92,1
6881,SKU-GRO-006881,Sol Canned Goods Model-882,Grocery & Pantry,Canned Goods,Sol,382,575.61,1
6882,SKU-ELE-006882,Vortex Smartphones Model-883,Electronics,Smartphones,Vortex,291.76,676.82,1
6883,SKU-GRO-006883,Aura Snacks Model-884,Grocery & Pantry,Snacks,Aura,428.68,699.6,1
6884,SKU-TOY-006884,Horizon Action Figures Model-885,Toys & Games,Action Figures,Horizon,151.9,309.55,1
6885,SKU-HOM-006885,Nova Cookware Model-886,Home & Kitchen,Cookware,Nova,68.31,125.5,1
6886,SKU-TOY-006886,Aura Puzzles Model-887,Toys & Games,Puzzles,Aura,397.8,517.07,1
6887,SKU-ELE-006887,Vortex Accessories Model-888,Electronics,Accessories,Vortex,218.97,535.83,1
6888,SKU-BEA-006888,Apex Cosmetics Model-889,Beauty & Care,Cosmetics,Apex,20.76,37.09,1
6889,SKU-AUT-006889,Summit Interior Accessories Model-890,Automotive,Interior Accessories,Summit,13.39,32.08,1
6890,SKU-SPO-006890,Echo Water Sports Model-891,Sports & Outdoors,Water Sports,Echo,292.33,488.2,1
6891,SKU-HOM-006891,Titan Small Appliances Model-892,Home & Kitchen,Small Appliances,Titan,383.01,951.61,1
6892,SKU-SPO-006892,Velocity Team Sports Model-893,Sports & Outdoors,Team Sports,Velocity,180.76,236.1,1
6893,SKU-GRO-006893,Sol Beverages Model-894,Grocery & Pantry,Beverages,Sol,143.77,332.69,1
6894,SKU-ELE-006894,Matrix Audio & Headphones Model-895,Electronics,Audio & Headphones,Matrix,378.06,473.63,1
6895,SKU-HOM-006895,Summit Storage Model-896,Home & Kitchen,Storage,Summit,280.37,566.81,1
6896,SKU-BEA-006896,Vortex Personal Care Model-897,Beauty & Care,Personal Care,Vortex,116.93,269.89,1
6897,SKU-GRO-006897,Echo Breakfast Model-898,Grocery & Pantry,Breakfast,Echo,374.41,644.25,0
6898,SKU-ELE-006898,Zenith Audio & Headphones Model-899,Electronics,Audio & Headphones,Zenith,112.78,256.59,1
6899,SKU-AUT-006899,Titan Interior Accessories Model-900,Automotive,Interior Accessories,Titan,106.81,160.1,1
6900,SKU-SPO-006900,Pulse Team Sports Model-901,Sports & Outdoors,Team Sports,Pulse,272.99,459.17,1
6901,SKU-APP-006901,Zenith Men's Clothing Model-902,Apparel,Men's Clothing,Zenith,188.5,348.06,1
6902,SKU-HOM-006902,Nova Furniture Model-903,Home & Kitchen,Furniture,Nova,200.06,304.85,1
6903,SKU-SPO-006903,Apex Water Sports Model-904,Sports & Outdoors,Water Sports,Apex,220.29,426.48,1
6904,SKU-APP-006904,Lumina Sportswear Model-905,Apparel,Sportswear,Lumina,426.73,1034.52,1
6905,SKU-GRO-006905,Sol Organic Foods Model-906,Grocery & Pantry,Organic Foods,Sol,20.84,26.58,1
6906,SKU-GRO-006906,Velocity Breakfast Model-907,Grocery & Pantry,Breakfast,Velocity,23.26,53.79,1
6907,SKU-HOM-006907,Zenith Bedding Model-908,Home & Kitchen,Bedding,Zenith,322.01,483.83,1
6908,SKU-AUT-006908,Sol Tools & Equipment Model-909,Automotive,Tools & Equipment,Sol,234.36,327.65,1
6909,SKU-AUT-006909,Horizon Oils & Fluids Model-910,Automotive,Oils & Fluids,Horizon,88.98,159.33,0
6910,SKU-TOY-006910,Velocity Educational Toys Model-911,Toys & Games,Educational Toys,Velocity,389.09,788.17,1
6911,SKU-APP-006911,Velocity Outerwear Model-912,Apparel,Outerwear,Velocity,327.35,802.35,1
6912,SKU-APP-006912,Zenith Footwear Model-913,Apparel,Footwear,Zenith,10.69,20.45,1
6913,SKU-TOY-006913,Horizon Puzzles Model-914,Toys & Games,Puzzles,Horizon,441.01,1031.18,1
6914,SKU-BEA-006914,Apex Skincare Model-915,Beauty & Care,Skincare,Apex,213.91,452.92,1
6915,SKU-TOY-006915,Zenith Puzzles Model-916,Toys & Games,Puzzles,Zenith,429.69,740.39,1
6916,SKU-GRO-006916,Sol Breakfast Model-917,Grocery & Pantry,Breakfast,Sol,210.53,355.67,0
6917,SKU-GRO-006917,Apex Beverages Model-918,Grocery & Pantry,Beverages,Apex,255.72,373.04,1
6918,SKU-SPO-006918,Apex Camping & Hiking Model-919,Sports & Outdoors,Camping & Hiking,Apex,60.01,90.47,1
6919,SKU-TOY-006919,Vortex Outdoor Toys Model-920,Toys & Games,Outdoor Toys,Vortex,134.99,280.64,1
6920,SKU-HOM-006920,Titan Bedding Model-921,Home & Kitchen,Bedding,Titan,296.97,684.11,1
6921,SKU-AUT-006921,Lumina Tools & Equipment Model-922,Automotive,Tools & Equipment,Lumina,97.99,202.56,1
6922,SKU-APP-006922,Sol Accessories Model-923,Apparel,Accessories,Sol,73.91,139.81,1
6923,SKU-GRO-006923,Vortex Organic Foods Model-924,Grocery & Pantry,Organic Foods,Vortex,227.06,366.6,1
6924,SKU-HOM-006924,Vortex Storage Model-925,Home & Kitchen,Storage,Vortex,190.63,319.82,1
6925,SKU-GRO-006925,Matrix Condiments Model-926,Grocery & Pantry,Condiments,Matrix,45.39,74.78,1
6926,SKU-APP-006926,Vortex Outerwear Model-927,Apparel,Outerwear,Vortex,146.71,329.53,1
6927,SKU-SPO-006927,Vortex Camping & Hiking Model-928,Sports & Outdoors,Camping & Hiking,Vortex,40.42,60.31,1
6928,SKU-BEA-006928,Titan Personal Care Model-929,Beauty & Care,Personal Care,Titan,295.57,679.23,1
6929,SKU-TOY-006929,Sol Educational Toys Model-930,Toys & Games,Educational Toys,Sol,410.71,944.67,1
6930,SKU-BEA-006930,Nova Haircare Model-931,Beauty & Care,Haircare,Nova,334.94,501.74,1
6931,SKU-GRO-006931,Lumina Snacks Model-932,Grocery & Pantry,Snacks,Lumina,344.21,508.85,1
6932,SKU-ELE-006932,Matrix Accessories Model-933,Electronics,Accessories,Matrix,311.37,637.64,1
6933,SKU-SPO-006933,Velocity Camping & Hiking Model-934,Sports & Outdoors,Camping & Hiking,Velocity,277.88,419.22,1
6934,SKU-GRO-006934,Apex Breakfast Model-935,Grocery & Pantry,Breakfast,Apex,18.12,36.16,1
6935,SKU-APP-006935,Velocity Outerwear Model-936,Apparel,Outerwear,Velocity,100.99,206.88,1
6936,SKU-AUT-006936,Matrix Car Care Model-937,Automotive,Car Care,Matrix,66.21,163.51,1
6937,SKU-SPO-006937,Aura Camping & Hiking Model-938,Sports & Outdoors,Camping & Hiking,Aura,190.48,446.25,1
6938,SKU-BEA-006938,Aura Cosmetics Model-939,Beauty & Care,Cosmetics,Aura,58.42,124.33,1
6939,SKU-APP-006939,Horizon Footwear Model-940,Apparel,Footwear,Horizon,8.73,15.76,1
6940,SKU-HOM-006940,Sol Bedding Model-941,Home & Kitchen,Bedding,Sol,244.06,545.5,1
6941,SKU-BEA-006941,Vortex Cosmetics Model-942,Beauty & Care,Cosmetics,Vortex,56.46,110.7,1
6942,SKU-APP-006942,Horizon Outerwear Model-943,Apparel,Outerwear,Horizon,75.12,173.91,1
6943,SKU-APP-006943,Horizon Accessories Model-944,Apparel,Accessories,Horizon,202.37,359.8,1
6944,SKU-TOY-006944,Aura Action Figures Model-945,Toys & Games,Action Figures,Aura,336.82,578.78,1
6945,SKU-BEA-006945,Aura Haircare Model-946,Beauty & Care,Haircare,Aura,325.31,714.68,1
6946,SKU-APP-006946,Prism Men's Clothing Model-947,Apparel,Men's Clothing,Prism,162.07,226.45,1
6947,SKU-APP-006947,Matrix Outerwear Model-948,Apparel,Outerwear,Matrix,123.78,221.77,1
6948,SKU-HOM-006948,Zenith Decor Model-949,Home & Kitchen,Decor,Zenith,340.01,597.51,0
6949,SKU-AUT-006949,Prism Car Care Model-950,Automotive,Car Care,Prism,182.31,247.75,1
6950,SKU-APP-006950,Prism Men's Clothing Model-951,Apparel,Men's Clothing,Prism,154.01,340.15,1
6951,SKU-SPO-006951,Titan Team Sports Model-952,Sports & Outdoors,Team Sports,Titan,10.02,14.35,1
6952,SKU-SPO-006952,Nova Camping & Hiking Model-953,Sports & Outdoors,Camping & Hiking,Nova,212.41,270.66,1
6953,SKU-TOY-006953,Nova Educational Toys Model-954,Toys & Games,Educational Toys,Nova,180.78,232.07,0
6954,SKU-GRO-006954,Aura Breakfast Model-955,Grocery & Pantry,Breakfast,Aura,31.85,48.51,1
6955,SKU-HOM-006955,Apex Bedding Model-956,Home & Kitchen,Bedding,Apex,199.47,486.04,1
6956,SKU-GRO-006956,Summit Snacks Model-957,Grocery & Pantry,Snacks,Summit,307.84,745.19,1
6957,SKU-HOM-006957,Aura Furniture Model-958,Home & Kitchen,Furniture,Aura,449.57,957.19,1
6958,SKU-SPO-006958,Nova Fitness Gear Model-959,Sports & Outdoors,Fitness Gear,Nova,241.25,562.8,1
6959,SKU-SPO-006959,Matrix Cycling Model-960,Sports & Outdoors,Cycling,Matrix,446.91,1090.34,1
6960,SKU-TOY-006960,Apex Outdoor Toys Model-961,Toys & Games,Outdoor Toys,Apex,68.01,88.37,1
6961,SKU-GRO-006961,Vortex Canned Goods Model-962,Grocery & Pantry,Canned Goods,Vortex,311.59,624.69,1
6962,SKU-TOY-006962,Echo Action Figures Model-963,Toys & Games,Action Figures,Echo,362.16,900.6,1
6963,SKU-APP-006963,Horizon Accessories Model-964,Apparel,Accessories,Horizon,113.44,184.76,1
6964,SKU-ELE-006964,Velocity Smart Home Model-965,Electronics,Smart Home,Velocity,180.69,403.08,1
6965,SKU-GRO-006965,Matrix Snacks Model-966,Grocery & Pantry,Snacks,Matrix,284.36,553.01,1
6966,SKU-ELE-006966,Summit Laptops Model-967,Electronics,Laptops,Summit,13.36,23.77,1
6967,SKU-BEA-006967,Matrix Personal Care Model-968,Beauty & Care,Personal Care,Matrix,125.87,193.46,1
6968,SKU-BEA-006968,Apex Cosmetics Model-969,Beauty & Care,Cosmetics,Apex,272.95,569.64,1
6969,SKU-ELE-006969,Horizon Smart Home Model-970,Electronics,Smart Home,Horizon,153.47,334.99,1
6970,SKU-ELE-006970,Velocity Accessories Model-971,Electronics,Accessories,Velocity,135.32,337.17,1
6971,SKU-SPO-006971,Zenith Cycling Model-972,Sports & Outdoors,Cycling,Zenith,34.54,84.68,1
6972,SKU-BEA-006972,Apex Skincare Model-973,Beauty & Care,Skincare,Apex,112.85,266.12,1
6973,SKU-ELE-006973,Apex Smart Home Model-974,Electronics,Smart Home,Apex,262.62,613.08,1
6974,SKU-APP-006974,Matrix Footwear Model-975,Apparel,Footwear,Matrix,83.49,108.8,1
6975,SKU-APP-006975,Vortex Footwear Model-976,Apparel,Footwear,Vortex,23.8,50.76,1
6976,SKU-APP-006976,Titan Accessories Model-977,Apparel,Accessories,Titan,269.36,649.32,1
6977,SKU-GRO-006977,Nova Breakfast Model-978,Grocery & Pantry,Breakfast,Nova,253.94,596.2,1
6978,SKU-HOM-006978,Apex Storage Model-979,Home & Kitchen,Storage,Apex,44.66,76.42,1
6979,SKU-HOM-006979,Echo Decor Model-980,Home & Kitchen,Decor,Echo,242.22,548.71,1
6980,SKU-AUT-006980,Echo Car Care Model-981,Automotive,Car Care,Echo,151.7,243.36,1
6981,SKU-AUT-006981,Nova Interior Accessories Model-982,Automotive,Interior Accessories,Nova,160.01,259.54,1
6982,SKU-AUT-006982,Zenith Car Care Model-983,Automotive,Car Care,Zenith,440.28,903.97,0
6983,SKU-AUT-006983,Echo Car Care Model-984,Automotive,Car Care,Echo,116.07,157.28,1
6984,SKU-APP-006984,Pulse Accessories Model-985,Apparel,Accessories,Pulse,42.86,72.92,1
6985,SKU-HOM-006985,Summit Furniture Model-986,Home & Kitchen,Furniture,Summit,445.59,574.43,1
6986,SKU-GRO-006986,Aura Beverages Model-987,Grocery & Pantry,Beverages,Aura,228.89,558.58,1
6987,SKU-ELE-006987,Velocity Accessories Model-988,Electronics,Accessories,Velocity,16.5,26.36,1
6988,SKU-BEA-006988,Aura Skincare Model-989,Beauty & Care,Skincare,Aura,430.49,597.44,1
6989,SKU-APP-006989,Sol Outerwear Model-990,Apparel,Outerwear,Sol,82.26,126.22,1
6990,SKU-GRO-006990,Velocity Organic Foods Model-991,Grocery & Pantry,Organic Foods,Velocity,106.09,137.96,1
6991,SKU-AUT-006991,Pulse Tools & Equipment Model-992,Automotive,Tools & Equipment,Pulse,76.79,164.06,1
6992,SKU-APP-006992,Nova Men's Clothing Model-993,Apparel,Men's Clothing,Nova,346.63,788.22,1
6993,SKU-SPO-006993,Pulse Cycling Model-994,Sports & Outdoors,Cycling,Pulse,268.36,386.37,1
6994,SKU-GRO-006994,Zenith Breakfast Model-995,Grocery & Pantry,Breakfast,Zenith,227.6,333.57,1
6995,SKU-HOM-006995,Summit Storage Model-996,Home & Kitchen,Storage,Summit,407.73,768.38,1
6996,SKU-TOY-006996,Matrix Action Figures Model-997,Toys & Games,Action Figures,Matrix,436.79,825.71,1
6997,SKU-APP-006997,Aura Accessories Model-998,Apparel,Accessories,Aura,23.08,50.61,1
6998,SKU-TOY-006998,Echo Board Games Model-999,Toys & Games,Board Games,Echo,160.83,385.4,1
6999,SKU-BEA-006999,Matrix Haircare Model-1000,Beauty & Care,Haircare,Matrix,65.6,83.14,1
7000,SKU-HOM-007000,Velocity Bedding Model-001,Home & Kitchen,Bedding,Velocity,93.81,151.3,1
7001,SKU-ELE-007001,Lumina Smart Home Model-002,Electronics,Smart Home,Lumina,293.75,396.23,1
7002,SKU-TOY-007002,Velocity Puzzles Model-003,Toys & Games,Puzzles,Velocity,273.31,525.55,1
7003,SKU-HOM-007003,Lumina Furniture Model-004,Home & Kitchen,Furniture,Lumina,65.45,114.13,1
7004,SKU-HOM-007004,Lumina Small Appliances Model-005,Home & Kitchen,Small Appliances,Lumina,325.05,485.49,1
7005,SKU-ELE-007005,Horizon Accessories Model-006,Electronics,Accessories,Horizon,214.32,448.54,1
7006,SKU-AUT-007006,Apex Car Care Model-007,Automotive,Car Care,Apex,290.94,472.22,1
7007,SKU-GRO-007007,Echo Canned Goods Model-008,Grocery & Pantry,Canned Goods,Echo,86.46,166.53,1
7008,SKU-APP-007008,Prism Footwear Model-009,Apparel,Footwear,Prism,397.77,927.58,1
7009,SKU-AUT-007009,Prism Tools & Equipment Model-010,Automotive,Tools & Equipment,Prism,203.87,342.66,1
7010,SKU-APP-007010,Vortex Accessories Model-011,Apparel,Accessories,Vortex,258.84,388.54,1
7011,SKU-SPO-007011,Summit Camping & Hiking Model-012,Sports & Outdoors,Camping & Hiking,Summit,196.41,474.82,1
7012,SKU-BEA-007012,Aura Fragrances Model-013,Beauty & Care,Fragrances,Aura,410.01,857.18,1
7013,SKU-ELE-007013,Nova Wearables Model-014,Electronics,Wearables,Nova,449.41,576.9,1
7014,SKU-GRO-007014,Echo Organic Foods Model-015,Grocery & Pantry,Organic Foods,Echo,191.43,305.98,1
7015,SKU-APP-007015,Nova Accessories Model-016,Apparel,Accessories,Nova,110.53,217.47,1
7016,SKU-AUT-007016,Velocity Car Care Model-017,Automotive,Car Care,Velocity,96.43,167.65,1
7017,SKU-APP-007017,Matrix Outerwear Model-018,Apparel,Outerwear,Matrix,122.76,242.59,1
7018,SKU-AUT-007018,Matrix Oils & Fluids Model-019,Automotive,Oils & Fluids,Matrix,300.33,651.56,1
7019,SKU-BEA-007019,Pulse Personal Care Model-020,Beauty & Care,Personal Care,Pulse,121.51,178.2,1
7020,SKU-TOY-007020,Apex Puzzles Model-021,Toys & Games,Puzzles,Apex,252.36,358.34,1
7021,SKU-AUT-007021,Pulse Interior Accessories Model-022,Automotive,Interior Accessories,Pulse,187.94,445.5,1
7022,SKU-ELE-007022,Lumina Audio & Headphones Model-023,Electronics,Audio & Headphones,Lumina,332.41,819.94,1
7023,SKU-ELE-007023,Pulse Accessories Model-024,Electronics,Accessories,Pulse,240.51,451.49,1
7024,SKU-AUT-007024,Vortex Car Care Model-025,Automotive,Car Care,Vortex,219.87,281.3,1
7025,SKU-TOY-007025,Summit Puzzles Model-026,Toys & Games,Puzzles,Summit,231.44,363.74,1
7026,SKU-ELE-007026,Nova Laptops Model-027,Electronics,Laptops,Nova,309.49,728.15,1
7027,SKU-BEA-007027,Velocity Skincare Model-028,Beauty & Care,Skincare,Velocity,217.35,426.98,1
7028,SKU-AUT-007028,Matrix Tools & Equipment Model-029,Automotive,Tools & Equipment,Matrix,293.27,517.74,1
7029,SKU-APP-007029,Matrix Outerwear Model-030,Apparel,Outerwear,Matrix,12.5,30.05,1
7030,SKU-AUT-007030,Prism Tools & Equipment Model-031,Automotive,Tools & Equipment,Prism,66.21,104.6,1
7031,SKU-AUT-007031,Aura Car Care Model-032,Automotive,Car Care,Aura,168.31,278.44,1
7032,SKU-BEA-007032,Velocity Fragrances Model-033,Beauty & Care,Fragrances,Velocity,271.16,546.64,1
7033,SKU-AUT-007033,Pulse Interior Accessories Model-034,Automotive,Interior Accessories,Pulse,107.46,207.33,1
7034,SKU-SPO-007034,Lumina Cycling Model-035,Sports & Outdoors,Cycling,Lumina,41.19,77.34,1
7035,SKU-ELE-007035,Sol Smart Home Model-036,Electronics,Smart Home,Sol,173.5,229.47,1
7036,SKU-GRO-007036,Vortex Organic Foods Model-037,Grocery & Pantry,Organic Foods,Vortex,60.54,97.88,1
7037,SKU-HOM-007037,Lumina Bedding Model-038,Home & Kitchen,Bedding,Lumina,200.75,367.47,1
7038,SKU-SPO-007038,Titan Cycling Model-039,Sports & Outdoors,Cycling,Titan,110.54,180.83,1
7039,SKU-ELE-007039,Aura Smartphones Model-040,Electronics,Smartphones,Aura,314.73,704.35,1
7040,SKU-APP-007040,Titan Outerwear Model-041,Apparel,Outerwear,Titan,127.14,281.14,1
7041,SKU-AUT-007041,Matrix Tools & Equipment Model-042,Automotive,Tools & Equipment,Matrix,393.93,632.38,1
7042,SKU-TOY-007042,Horizon Puzzles Model-043,Toys & Games,Puzzles,Horizon,179.07,322.83,0
7043,SKU-SPO-007043,Matrix Camping & Hiking Model-044,Sports & Outdoors,Camping & Hiking,Matrix,165.39,260.77,1
7044,SKU-APP-007044,Nova Accessories Model-045,Apparel,Accessories,Nova,84.18,197.38,0
7045,SKU-BEA-007045,Zenith Haircare Model-046,Beauty & Care,Haircare,Zenith,92.04,229.4,1
7046,SKU-APP-007046,Horizon Sportswear Model-047,Apparel,Sportswear,Horizon,298.28,580.88,1
7047,SKU-HOM-007047,Aura Small Appliances Model-048,Home & Kitchen,Small Appliances,Aura,56.1,122.89,1
7048,SKU-GRO-007048,Nova Canned Goods Model-049,Grocery & Pantry,Canned Goods,Nova,270.03,652.49,0
7049,SKU-GRO-007049,Lumina Snacks Model-050,Grocery & Pantry,Snacks,Lumina,329.55,564.73,1
7050,SKU-BEA-007050,Velocity Fragrances Model-051,Beauty & Care,Fragrances,Velocity,162.23,361.34,1
7051,SKU-APP-007051,Vortex Outerwear Model-052,Apparel,Outerwear,Vortex,398.93,786.73,1
7052,SKU-SPO-007052,Apex Cycling Model-053,Sports & Outdoors,Cycling,Apex,60.27,76.32,1
7053,SKU-HOM-007053,Matrix Decor Model-054,Home & Kitchen,Decor,Matrix,398.88,750.7,1
7054,SKU-HOM-007054,Matrix Cookware Model-055,Home & Kitchen,Cookware,Matrix,405.6,997.05,1
7055,SKU-APP-007055,Horizon Footwear Model-056,Apparel,Footwear,Horizon,13.48,17.4,1
7056,SKU-GRO-007056,Zenith Breakfast Model-057,Grocery & Pantry,Breakfast,Zenith,256.31,357.95,1
7057,SKU-ELE-007057,Sol Smart Home Model-058,Electronics,Smart Home,Sol,185.51,266.72,1
7058,SKU-GRO-007058,Pulse Condiments Model-059,Grocery & Pantry,Condiments,Pulse,177.77,258.92,1
7059,SKU-BEA-007059,Velocity Cosmetics Model-060,Beauty & Care,Cosmetics,Velocity,226.45,437.39,1
7060,SKU-APP-007060,Zenith Outerwear Model-061,Apparel,Outerwear,Zenith,65,90.21,1
7061,SKU-BEA-007061,Vortex Cosmetics Model-062,Beauty & Care,Cosmetics,Vortex,390.21,684.36,1
7062,SKU-APP-007062,Vortex Accessories Model-063,Apparel,Accessories,Vortex,218.21,433.06,1
7063,SKU-BEA-007063,Titan Haircare Model-064,Beauty & Care,Haircare,Titan,137.39,193.85,1
7064,SKU-APP-007064,Echo Men's Clothing Model-065,Apparel,Men's Clothing,Echo,85.62,107.28,1
7065,SKU-SPO-007065,Zenith Cycling Model-066,Sports & Outdoors,Cycling,Zenith,196.12,352.18,1
7066,SKU-TOY-007066,Prism Puzzles Model-067,Toys & Games,Puzzles,Prism,442.55,1015.48,1
7067,SKU-APP-007067,Matrix Men's Clothing Model-068,Apparel,Men's Clothing,Matrix,367.81,584.01,1
7068,SKU-GRO-007068,Sol Organic Foods Model-069,Grocery & Pantry,Organic Foods,Sol,76.28,177.66,1
7069,SKU-APP-007069,Pulse Accessories Model-070,Apparel,Accessories,Pulse,365.84,483.86,1
7070,SKU-GRO-007070,Titan Breakfast Model-071,Grocery & Pantry,Breakfast,Titan,408.35,695.15,1
7071,SKU-APP-007071,Nova Footwear Model-072,Apparel,Footwear,Nova,349.63,820.52,1
7072,SKU-BEA-007072,Velocity Haircare Model-073,Beauty & Care,Haircare,Velocity,158.35,316.6,1
7073,SKU-AUT-007073,Vortex Car Care Model-074,Automotive,Car Care,Vortex,100.63,245.5,1
7074,SKU-SPO-007074,Vortex Fitness Gear Model-075,Sports & Outdoors,Fitness Gear,Vortex,308.67,703.61,1
7075,SKU-ELE-007075,Titan Laptops Model-076,Electronics,Laptops,Titan,53.33,93.34,1
7076,SKU-ELE-007076,Pulse Accessories Model-077,Electronics,Accessories,Pulse,421.95,555.97,0
7077,SKU-BEA-007077,Vortex Haircare Model-078,Beauty & Care,Haircare,Vortex,436.95,559.46,1
7078,SKU-SPO-007078,Nova Fitness Gear Model-079,Sports & Outdoors,Fitness Gear,Nova,10.11,14.85,1
7079,SKU-BEA-007079,Prism Cosmetics Model-080,Beauty & Care,Cosmetics,Prism,87.79,121.99,1
7080,SKU-HOM-007080,Prism Bedding Model-081,Home & Kitchen,Bedding,Prism,146.07,303.93,1
7081,SKU-AUT-007081,Lumina Interior Accessories Model-082,Automotive,Interior Accessories,Lumina,75.24,182.51,1
7082,SKU-AUT-007082,Lumina Interior Accessories Model-083,Automotive,Interior Accessories,Lumina,76.04,138.14,1
7083,SKU-APP-007083,Nova Accessories Model-084,Apparel,Accessories,Nova,290.09,532.71,1
7084,SKU-ELE-007084,Prism Smart Home Model-085,Electronics,Smart Home,Prism,316.47,736.71,1
7085,SKU-AUT-007085,Zenith Oils & Fluids Model-086,Automotive,Oils & Fluids,Zenith,123.78,161.62,1
7086,SKU-SPO-007086,Velocity Fitness Gear Model-087,Sports & Outdoors,Fitness Gear,Velocity,388.33,740.1,1
7087,SKU-AUT-007087,Prism Interior Accessories Model-088,Automotive,Interior Accessories,Prism,127.46,187.95,0
7088,SKU-GRO-007088,Horizon Breakfast Model-089,Grocery & Pantry,Breakfast,Horizon,22.52,51.99,1
7089,SKU-AUT-007089,Apex Tools & Equipment Model-090,Automotive,Tools & Equipment,Apex,390.87,603.89,1
7090,SKU-SPO-007090,Velocity Cycling Model-091,Sports & Outdoors,Cycling,Velocity,85.28,168.79,1
7091,SKU-BEA-007091,Lumina Cosmetics Model-092,Beauty & Care,Cosmetics,Lumina,357.61,626.44,1
7092,SKU-TOY-007092,Zenith Educational Toys Model-093,Toys & Games,Educational Toys,Zenith,66.11,155.62,0
7093,SKU-TOY-007093,Matrix Outdoor Toys Model-094,Toys & Games,Outdoor Toys,Matrix,378.92,946.25,1
7094,SKU-SPO-007094,Echo Fitness Gear Model-095,Sports & Outdoors,Fitness Gear,Echo,359.75,463.63,1
7095,SKU-SPO-007095,Apex Fitness Gear Model-096,Sports & Outdoors,Fitness Gear,Apex,10.44,18.28,1
7096,SKU-AUT-007096,Velocity Interior Accessories Model-097,Automotive,Interior Accessories,Velocity,12.45,28.46,1
7097,SKU-TOY-007097,Sol Board Games Model-098,Toys & Games,Board Games,Sol,164.33,247.07,1
7098,SKU-GRO-007098,Nova Snacks Model-099,Grocery & Pantry,Snacks,Nova,237.77,564.49,1
7099,SKU-BEA-007099,Titan Haircare Model-100,Beauty & Care,Haircare,Titan,92.62,201.8,1
7100,SKU-HOM-007100,Matrix Storage Model-101,Home & Kitchen,Storage,Matrix,69.77,118.14,1
7101,SKU-APP-007101,Aura Outerwear Model-102,Apparel,Outerwear,Aura,17.67,23.17,1
7102,SKU-AUT-007102,Prism Tools & Equipment Model-103,Automotive,Tools & Equipment,Prism,70.65,152.28,1
7103,SKU-APP-007103,Horizon Accessories Model-104,Apparel,Accessories,Horizon,332.79,680.04,0
7104,SKU-HOM-007104,Summit Small Appliances Model-105,Home & Kitchen,Small Appliances,Summit,20.21,41.98,1
7105,SKU-SPO-007105,Horizon Cycling Model-106,Sports & Outdoors,Cycling,Horizon,435.71,703.32,1
7106,SKU-APP-007106,Matrix Accessories Model-107,Apparel,Accessories,Matrix,252.67,426.72,1
7107,SKU-GRO-007107,Summit Organic Foods Model-108,Grocery & Pantry,Organic Foods,Summit,209.76,439.64,1
7108,SKU-APP-007108,Nova Men's Clothing Model-109,Apparel,Men's Clothing,Nova,385.31,905.73,1
7109,SKU-ELE-007109,Vortex Accessories Model-110,Electronics,Accessories,Vortex,247.18,604.42,1
7110,SKU-TOY-007110,Nova Action Figures Model-111,Toys & Games,Action Figures,Nova,66.31,165.18,0
7111,SKU-HOM-007111,Velocity Furniture Model-112,Home & Kitchen,Furniture,Velocity,189.39,273.84,1
7112,SKU-ELE-007112,Horizon Accessories Model-113,Electronics,Accessories,Horizon,236.81,540.76,1
7113,SKU-ELE-007113,Lumina Accessories Model-114,Electronics,Accessories,Lumina,170.75,419.87,0
7114,SKU-APP-007114,Prism Outerwear Model-115,Apparel,Outerwear,Prism,234.31,320.42,1
7115,SKU-APP-007115,Prism Outerwear Model-116,Apparel,Outerwear,Prism,242.1,519.61,1
7116,SKU-SPO-007116,Apex Camping & Hiking Model-117,Sports & Outdoors,Camping & Hiking,Apex,313.91,712.23,1
7117,SKU-SPO-007117,Prism Team Sports Model-118,Sports & Outdoors,Team Sports,Prism,389.29,586.6,1
7118,SKU-TOY-007118,Pulse Educational Toys Model-119,Toys & Games,Educational Toys,Pulse,373.22,922.02,1
7119,SKU-SPO-007119,Zenith Fitness Gear Model-120,Sports & Outdoors,Fitness Gear,Zenith,172.18,349.94,1
7120,SKU-ELE-007120,Velocity Laptops Model-121,Electronics,Laptops,Velocity,267.5,402.35,1
7121,SKU-APP-007121,Aura Women's Clothing Model-122,Apparel,Women's Clothing,Aura,340.69,474.51,1
7122,SKU-SPO-007122,Sol Camping & Hiking Model-123,Sports & Outdoors,Camping & Hiking,Sol,353.93,716.28,1
7123,SKU-GRO-007123,Echo Condiments Model-124,Grocery & Pantry,Condiments,Echo,263.27,440.74,1
7124,SKU-AUT-007124,Zenith Interior Accessories Model-125,Automotive,Interior Accessories,Zenith,324.27,747.14,1
7125,SKU-TOY-007125,Echo Outdoor Toys Model-126,Toys & Games,Outdoor Toys,Echo,209.72,263.59,1
7126,SKU-GRO-007126,Lumina Breakfast Model-127,Grocery & Pantry,Breakfast,Lumina,157.16,354.28,1
7127,SKU-AUT-007127,Matrix Tools & Equipment Model-128,Automotive,Tools & Equipment,Matrix,106.84,222.02,1
7128,SKU-TOY-007128,Echo Puzzles Model-129,Toys & Games,Puzzles,Echo,129.19,174.34,1
7129,SKU-APP-007129,Zenith Women's Clothing Model-130,Apparel,Women's Clothing,Zenith,58.33,108.57,1
7130,SKU-BEA-007130,Titan Skincare Model-131,Beauty & Care,Skincare,Titan,204.41,324.22,1
7131,SKU-APP-007131,Echo Accessories Model-132,Apparel,Accessories,Echo,391.48,530.37,1
7132,SKU-GRO-007132,Velocity Snacks Model-133,Grocery & Pantry,Snacks,Velocity,439.73,995.31,1
7133,SKU-HOM-007133,Apex Small Appliances Model-134,Home & Kitchen,Small Appliances,Apex,265.63,346.39,1
7134,SKU-AUT-007134,Velocity Car Care Model-135,Automotive,Car Care,Velocity,425.94,1006.83,1
7135,SKU-APP-007135,Titan Sportswear Model-136,Apparel,Sportswear,Titan,357.78,769.32,1
7136,SKU-HOM-007136,Summit Small Appliances Model-137,Home & Kitchen,Small Appliances,Summit,409.38,577.24,1
7137,SKU-HOM-007137,Prism Bedding Model-138,Home & Kitchen,Bedding,Prism,296.15,692.09,1
7138,SKU-HOM-007138,Pulse Cookware Model-139,Home & Kitchen,Cookware,Pulse,179.85,225.9,1
7139,SKU-HOM-007139,Velocity Decor Model-140,Home & Kitchen,Decor,Velocity,52.63,120.13,1
7140,SKU-ELE-007140,Apex Wearables Model-141,Electronics,Wearables,Apex,340.27,609.16,1
7141,SKU-BEA-007141,Velocity Personal Care Model-142,Beauty & Care,Personal Care,Velocity,393.72,724.53,1
7142,SKU-GRO-007142,Apex Breakfast Model-143,Grocery & Pantry,Breakfast,Apex,180.87,361.14,1
7143,SKU-ELE-007143,Sol Accessories Model-144,Electronics,Accessories,Sol,437.56,887.55,1
7144,SKU-HOM-007144,Summit Furniture Model-145,Home & Kitchen,Furniture,Summit,257.74,330.98,1
7145,SKU-APP-007145,Aura Women's Clothing Model-146,Apparel,Women's Clothing,Aura,67.23,120.93,1
7146,SKU-BEA-007146,Titan Cosmetics Model-147,Beauty & Care,Cosmetics,Titan,383.18,551.52,1
7147,SKU-TOY-007147,Nova Puzzles Model-148,Toys & Games,Puzzles,Nova,441.07,777.29,1
7148,SKU-APP-007148,Echo Men's Clothing Model-149,Apparel,Men's Clothing,Echo,333.37,612.79,1
7149,SKU-AUT-007149,Aura Tools & Equipment Model-150,Automotive,Tools & Equipment,Aura,171.52,313.14,1
7150,SKU-ELE-007150,Zenith Audio & Headphones Model-151,Electronics,Audio & Headphones,Zenith,445.82,781.32,1
7151,SKU-ELE-007151,Apex Smartphones Model-152,Electronics,Smartphones,Apex,145.66,277.23,1
7152,SKU-GRO-007152,Titan Canned Goods Model-153,Grocery & Pantry,Canned Goods,Titan,120.21,198.8,1
7153,SKU-APP-007153,Titan Sportswear Model-154,Apparel,Sportswear,Titan,133.23,240.23,1
7154,SKU-ELE-007154,Velocity Smartphones Model-155,Electronics,Smartphones,Velocity,176.56,364.44,1
7155,SKU-AUT-007155,Titan Tools & Equipment Model-156,Automotive,Tools & Equipment,Titan,411.75,669.06,1
7156,SKU-APP-007156,Prism Accessories Model-157,Apparel,Accessories,Prism,52.31,77.69,1
7157,SKU-TOY-007157,Echo Outdoor Toys Model-158,Toys & Games,Outdoor Toys,Echo,441.5,702.32,1
7158,SKU-ELE-007158,Matrix Accessories Model-159,Electronics,Accessories,Matrix,321.51,531.73,1
7159,SKU-AUT-007159,Summit Car Care Model-160,Automotive,Car Care,Summit,33.48,77.73,0
7160,SKU-HOM-007160,Pulse Decor Model-161,Home & Kitchen,Decor,Pulse,373.23,559.9,1
7161,SKU-APP-007161,Velocity Outerwear Model-162,Apparel,Outerwear,Velocity,58.62,75.93,1
7162,SKU-BEA-007162,Horizon Fragrances Model-163,Beauty & Care,Fragrances,Horizon,60.62,101.85,1
7163,SKU-GRO-007163,Prism Organic Foods Model-164,Grocery & Pantry,Organic Foods,Prism,163.4,395.62,1
7164,SKU-BEA-007164,Velocity Personal Care Model-165,Beauty & Care,Personal Care,Velocity,422.01,649.47,1
7165,SKU-SPO-007165,Echo Fitness Gear Model-166,Sports & Outdoors,Fitness Gear,Echo,110.55,221.3,1
7166,SKU-TOY-007166,Titan Action Figures Model-167,Toys & Games,Action Figures,Titan,283.6,575.8,0
7167,SKU-GRO-007167,Horizon Breakfast Model-168,Grocery & Pantry,Breakfast,Horizon,389.49,857.82,1
7168,SKU-AUT-007168,Titan Car Care Model-169,Automotive,Car Care,Titan,306.4,592.42,1
7169,SKU-APP-007169,Summit Outerwear Model-170,Apparel,Outerwear,Summit,253.5,391.75,1
7170,SKU-GRO-007170,Velocity Beverages Model-171,Grocery & Pantry,Beverages,Velocity,151.82,338.8,1
7171,SKU-APP-007171,Velocity Sportswear Model-172,Apparel,Sportswear,Velocity,186.68,423.37,1
7172,SKU-BEA-007172,Lumina Fragrances Model-173,Beauty & Care,Fragrances,Lumina,387.01,815.94,1
7173,SKU-SPO-007173,Apex Team Sports Model-174,Sports & Outdoors,Team Sports,Apex,119.01,224.65,1
7174,SKU-SPO-007174,Apex Camping & Hiking Model-175,Sports & Outdoors,Camping & Hiking,Apex,173.95,401.07,1
7175,SKU-HOM-007175,Horizon Bedding Model-176,Home & Kitchen,Bedding,Horizon,318.63,686.94,1
7176,SKU-SPO-007176,Vortex Cycling Model-177,Sports & Outdoors,Cycling,Vortex,15.91,29.02,1
7177,SKU-BEA-007177,Pulse Skincare Model-178,Beauty & Care,Skincare,Pulse,67.97,159.53,1
7178,SKU-AUT-007178,Apex Interior Accessories Model-179,Automotive,Interior Accessories,Apex,63.75,108.03,1
7179,SKU-APP-007179,Aura Men's Clothing Model-180,Apparel,Men's Clothing,Aura,115.72,180.15,1
7180,SKU-HOM-007180,Vortex Small Appliances Model-181,Home & Kitchen,Small Appliances,Vortex,393.97,584.51,1
7181,SKU-BEA-007181,Nova Skincare Model-182,Beauty & Care,Skincare,Nova,159.76,340.78,1
7182,SKU-GRO-007182,Sol Beverages Model-183,Grocery & Pantry,Beverages,Sol,310.53,511.43,1
7183,SKU-HOM-007183,Pulse Cookware Model-184,Home & Kitchen,Cookware,Pulse,132.12,266.84,1
7184,SKU-HOM-007184,Horizon Storage Model-185,Home & Kitchen,Storage,Horizon,38.57,79.77,1
7185,SKU-AUT-007185,Pulse Car Care Model-186,Automotive,Car Care,Pulse,80.52,105.92,1
7186,SKU-APP-007186,Zenith Outerwear Model-187,Apparel,Outerwear,Zenith,188.86,306.13,1
7187,SKU-ELE-007187,Pulse Wearables Model-188,Electronics,Wearables,Pulse,294.06,670.56,1
7188,SKU-GRO-007188,Titan Beverages Model-189,Grocery & Pantry,Beverages,Titan,193.59,301.71,1
7189,SKU-ELE-007189,Nova Accessories Model-190,Electronics,Accessories,Nova,396.21,544.72,1
7190,SKU-ELE-007190,Titan Laptops Model-191,Electronics,Laptops,Titan,99.99,189.54,1
7191,SKU-SPO-007191,Nova Water Sports Model-192,Sports & Outdoors,Water Sports,Nova,321.28,733.72,1
7192,SKU-BEA-007192,Sol Cosmetics Model-193,Beauty & Care,Cosmetics,Sol,100.36,166.74,1
7193,SKU-GRO-007193,Pulse Organic Foods Model-194,Grocery & Pantry,Organic Foods,Pulse,257.36,482.01,0
7194,SKU-TOY-007194,Lumina Outdoor Toys Model-195,Toys & Games,Outdoor Toys,Lumina,18.28,37.47,1
7195,SKU-APP-007195,Prism Women's Clothing Model-196,Apparel,Women's Clothing,Prism,299.1,561.62,1
7196,SKU-APP-007196,Prism Men's Clothing Model-197,Apparel,Men's Clothing,Prism,368.42,644.7,1
7197,SKU-HOM-007197,Echo Furniture Model-198,Home & Kitchen,Furniture,Echo,388.95,558.16,1
7198,SKU-ELE-007198,Apex Audio & Headphones Model-199,Electronics,Audio & Headphones,Apex,204.71,459.18,1
7199,SKU-ELE-007199,Apex Laptops Model-200,Electronics,Laptops,Apex,214.89,458.58,1
7200,SKU-BEA-007200,Apex Personal Care Model-201,Beauty & Care,Personal Care,Apex,333.88,430.63,1
7201,SKU-SPO-007201,Sol Cycling Model-202,Sports & Outdoors,Cycling,Sol,305.76,683.18,1
7202,SKU-ELE-007202,Zenith Audio & Headphones Model-203,Electronics,Audio & Headphones,Zenith,83.3,206.16,1
7203,SKU-AUT-007203,Lumina Car Care Model-204,Automotive,Car Care,Lumina,280.64,611.8,0
7204,SKU-SPO-007204,Horizon Fitness Gear Model-205,Sports & Outdoors,Fitness Gear,Horizon,10.7,20.1,1
7205,SKU-BEA-007205,Aura Haircare Model-206,Beauty & Care,Haircare,Aura,257.61,468.85,1
7206,SKU-BEA-007206,Sol Haircare Model-207,Beauty & Care,Haircare,Sol,80.75,192.58,1
7207,SKU-AUT-007207,Apex Car Care Model-208,Automotive,Car Care,Apex,38,72.75,0
7208,SKU-APP-007208,Pulse Sportswear Model-209,Apparel,Sportswear,Pulse,92.53,190,1
7209,SKU-GRO-007209,Vortex Canned Goods Model-210,Grocery & Pantry,Canned Goods,Vortex,297.81,657.74,1
7210,SKU-TOY-007210,Prism Educational Toys Model-211,Toys & Games,Educational Toys,Prism,390.41,904.66,1
7211,SKU-SPO-007211,Summit Fitness Gear Model-212,Sports & Outdoors,Fitness Gear,Summit,183.63,413.59,1
7212,SKU-AUT-007212,Pulse Interior Accessories Model-213,Automotive,Interior Accessories,Pulse,164.62,216.4,1
7213,SKU-APP-007213,Lumina Outerwear Model-214,Apparel,Outerwear,Lumina,33.5,82.53,1
7214,SKU-BEA-007214,Matrix Cosmetics Model-215,Beauty & Care,Cosmetics,Matrix,191.9,444.92,1
7215,SKU-ELE-007215,Echo Audio & Headphones Model-216,Electronics,Audio & Headphones,Echo,245.4,394.29,1
7216,SKU-HOM-007216,Lumina Cookware Model-217,Home & Kitchen,Cookware,Lumina,316.33,556.62,1
7217,SKU-APP-007217,Prism Men's Clothing Model-218,Apparel,Men's Clothing,Prism,116.94,273.85,1
7218,SKU-GRO-007218,Prism Condiments Model-219,Grocery & Pantry,Condiments,Prism,199.45,330.97,1
7219,SKU-APP-007219,Nova Women's Clothing Model-220,Apparel,Women's Clothing,Nova,391.57,558.74,1
7220,SKU-TOY-007220,Horizon Educational Toys Model-221,Toys & Games,Educational Toys,Horizon,427.01,830.87,1
7221,SKU-APP-007221,Vortex Sportswear Model-222,Apparel,Sportswear,Vortex,82.7,189.93,1
7222,SKU-BEA-007222,Velocity Personal Care Model-223,Beauty & Care,Personal Care,Velocity,423.26,529.18,1
7223,SKU-AUT-007223,Echo Interior Accessories Model-224,Automotive,Interior Accessories,Echo,43.5,71.76,1
7224,SKU-TOY-007224,Lumina Educational Toys Model-225,Toys & Games,Educational Toys,Lumina,344.53,587.2,1
7225,SKU-TOY-007225,Velocity Outdoor Toys Model-226,Toys & Games,Outdoor Toys,Velocity,193.82,442.66,1
7226,SKU-GRO-007226,Apex Snacks Model-227,Grocery & Pantry,Snacks,Apex,137.09,198.59,1
7227,SKU-HOM-007227,Apex Small Appliances Model-228,Home & Kitchen,Small Appliances,Apex,165.88,242.55,1
7228,SKU-APP-007228,Lumina Footwear Model-229,Apparel,Footwear,Lumina,24.18,57.83,1
7229,SKU-SPO-007229,Pulse Team Sports Model-230,Sports & Outdoors,Team Sports,Pulse,366.29,535.85,1
7230,SKU-GRO-007230,Pulse Breakfast Model-231,Grocery & Pantry,Breakfast,Pulse,207.16,325.04,1
7231,SKU-AUT-007231,Titan Tools & Equipment Model-232,Automotive,Tools & Equipment,Titan,33.93,43.99,1
7232,SKU-AUT-007232,Prism Oils & Fluids Model-233,Automotive,Oils & Fluids,Prism,202.44,281.64,1
7233,SKU-BEA-007233,Echo Cosmetics Model-234,Beauty & Care,Cosmetics,Echo,303.82,443.41,1
7234,SKU-TOY-007234,Pulse Board Games Model-235,Toys & Games,Board Games,Pulse,279.17,349.87,1
7235,SKU-HOM-007235,Summit Storage Model-236,Home & Kitchen,Storage,Summit,222.33,482.94,1
7236,SKU-AUT-007236,Nova Tools & Equipment Model-237,Automotive,Tools & Equipment,Nova,114.49,276.52,1
7237,SKU-HOM-007237,Summit Bedding Model-238,Home & Kitchen,Bedding,Summit,226.82,473,1
7238,SKU-AUT-007238,Horizon Oils & Fluids Model-239,Automotive,Oils & Fluids,Horizon,160.77,269.8,1
7239,SKU-TOY-007239,Horizon Action Figures Model-240,Toys & Games,Action Figures,Horizon,195.99,284.56,1
7240,SKU-TOY-007240,Vortex Educational Toys Model-241,Toys & Games,Educational Toys,Vortex,242.65,523.93,1
7241,SKU-ELE-007241,Nova Accessories Model-242,Electronics,Accessories,Nova,238.7,560.58,1
7242,SKU-AUT-007242,Horizon Tools & Equipment Model-243,Automotive,Tools & Equipment,Horizon,356.13,683.93,0
7243,SKU-ELE-007243,Horizon Audio & Headphones Model-244,Electronics,Audio & Headphones,Horizon,272.08,527.27,1
7244,SKU-GRO-007244,Apex Condiments Model-245,Grocery & Pantry,Condiments,Apex,20.15,36.5,1
7245,SKU-BEA-007245,Horizon Haircare Model-246,Beauty & Care,Haircare,Horizon,358.29,791.95,1
7246,SKU-AUT-007246,Matrix Oils & Fluids Model-247,Automotive,Oils & Fluids,Matrix,29.95,65.61,1
7247,SKU-BEA-007247,Matrix Cosmetics Model-248,Beauty & Care,Cosmetics,Matrix,67.89,114.93,1
7248,SKU-GRO-007248,Titan Condiments Model-249,Grocery & Pantry,Condiments,Titan,102.88,157.26,1
7249,SKU-ELE-007249,Sol Audio & Headphones Model-250,Electronics,Audio & Headphones,Sol,364.96,581.76,1
7250,SKU-HOM-007250,Matrix Furniture Model-251,Home & Kitchen,Furniture,Matrix,372.42,512.15,1
7251,SKU-GRO-007251,Sol Canned Goods Model-252,Grocery & Pantry,Canned Goods,Sol,188.9,242.24,1
7252,SKU-TOY-007252,Horizon Puzzles Model-253,Toys & Games,Puzzles,Horizon,96.4,144.94,1
7253,SKU-HOM-007253,Prism Bedding Model-254,Home & Kitchen,Bedding,Prism,343.48,752.5,1
7254,SKU-ELE-007254,Apex Smart Home Model-255,Electronics,Smart Home,Apex,187.45,370.71,1
7255,SKU-AUT-007255,Aura Tools & Equipment Model-256,Automotive,Tools & Equipment,Aura,235.52,416.92,1
7256,SKU-APP-007256,Velocity Accessories Model-257,Apparel,Accessories,Velocity,272.69,599.81,0
7257,SKU-GRO-007257,Velocity Beverages Model-258,Grocery & Pantry,Beverages,Velocity,343.84,524.5,1
7258,SKU-AUT-007258,Prism Oils & Fluids Model-259,Automotive,Oils & Fluids,Prism,126.45,221.01,1
7259,SKU-ELE-007259,Matrix Accessories Model-260,Electronics,Accessories,Matrix,155.53,285.99,1
7260,SKU-APP-007260,Nova Sportswear Model-261,Apparel,Sportswear,Nova,230.67,290.62,1
7261,SKU-APP-007261,Matrix Accessories Model-262,Apparel,Accessories,Matrix,291.25,431.35,1
7262,SKU-HOM-007262,Zenith Bedding Model-263,Home & Kitchen,Bedding,Zenith,442.64,919.58,1
7263,SKU-GRO-007263,Pulse Organic Foods Model-264,Grocery & Pantry,Organic Foods,Pulse,266.87,654.27,1
7264,SKU-AUT-007264,Nova Car Care Model-265,Automotive,Car Care,Nova,245.52,419.51,1
7265,SKU-TOY-007265,Echo Educational Toys Model-266,Toys & Games,Educational Toys,Echo,72.85,110.29,1
7266,SKU-SPO-007266,Matrix Water Sports Model-267,Sports & Outdoors,Water Sports,Matrix,437.63,1054.79,1
7267,SKU-ELE-007267,Zenith Accessories Model-268,Electronics,Accessories,Zenith,140.67,256.41,1
7268,SKU-HOM-007268,Sol Small Appliances Model-269,Home & Kitchen,Small Appliances,Sol,124.68,248.26,1
7269,SKU-GRO-007269,Lumina Beverages Model-270,Grocery & Pantry,Beverages,Lumina,178.22,350.24,1
7270,SKU-APP-007270,Zenith Accessories Model-271,Apparel,Accessories,Zenith,179.69,381.75,0
7271,SKU-GRO-007271,Sol Snacks Model-272,Grocery & Pantry,Snacks,Sol,395.66,899.7,1
7272,SKU-GRO-007272,Aura Breakfast Model-273,Grocery & Pantry,Breakfast,Aura,336.93,570.25,1
7273,SKU-SPO-007273,Nova Cycling Model-274,Sports & Outdoors,Cycling,Nova,26.99,38.28,1
7274,SKU-BEA-007274,Prism Personal Care Model-275,Beauty & Care,Personal Care,Prism,339.24,718.7,1
7275,SKU-APP-007275,Apex Men's Clothing Model-276,Apparel,Men's Clothing,Apex,93.02,140.43,1
7276,SKU-HOM-007276,Velocity Bedding Model-277,Home & Kitchen,Bedding,Velocity,400.61,935.03,1
7277,SKU-HOM-007277,Matrix Decor Model-278,Home & Kitchen,Decor,Matrix,232.43,314.87,1
7278,SKU-TOY-007278,Summit Outdoor Toys Model-279,Toys & Games,Outdoor Toys,Summit,428.67,828.21,1
7279,SKU-SPO-007279,Zenith Fitness Gear Model-280,Sports & Outdoors,Fitness Gear,Zenith,362.78,648.24,1
7280,SKU-TOY-007280,Nova Board Games Model-281,Toys & Games,Board Games,Nova,54.11,120.33,1
7281,SKU-TOY-007281,Zenith Educational Toys Model-282,Toys & Games,Educational Toys,Zenith,63.85,87.1,1
7282,SKU-TOY-007282,Zenith Outdoor Toys Model-283,Toys & Games,Outdoor Toys,Zenith,181.29,253.74,1
7283,SKU-GRO-007283,Echo Breakfast Model-284,Grocery & Pantry,Breakfast,Echo,81.53,199.74,1
7284,SKU-BEA-007284,Apex Personal Care Model-285,Beauty & Care,Personal Care,Apex,296.4,592.78,1
7285,SKU-SPO-007285,Titan Team Sports Model-286,Sports & Outdoors,Team Sports,Titan,322.73,521.26,1
7286,SKU-SPO-007286,Matrix Team Sports Model-287,Sports & Outdoors,Team Sports,Matrix,152.4,213.37,1
7287,SKU-HOM-007287,Summit Decor Model-288,Home & Kitchen,Decor,Summit,281.58,592.78,0
7288,SKU-HOM-007288,Prism Small Appliances Model-289,Home & Kitchen,Small Appliances,Prism,110.25,167.56,1
7289,SKU-ELE-007289,Nova Laptops Model-290,Electronics,Laptops,Nova,319.35,425.25,1
7290,SKU-APP-007290,Zenith Outerwear Model-291,Apparel,Outerwear,Zenith,114.31,263.34,1
7291,SKU-APP-007291,Aura Accessories Model-292,Apparel,Accessories,Aura,280.38,402.79,1
7292,SKU-APP-007292,Echo Outerwear Model-293,Apparel,Outerwear,Echo,416.01,983.98,1
7293,SKU-SPO-007293,Sol Fitness Gear Model-294,Sports & Outdoors,Fitness Gear,Sol,408.33,673.38,1
7294,SKU-ELE-007294,Sol Audio & Headphones Model-295,Electronics,Audio & Headphones,Sol,441.49,1036.43,1
7295,SKU-SPO-007295,Lumina Fitness Gear Model-296,Sports & Outdoors,Fitness Gear,Lumina,344.82,660.85,1
7296,SKU-HOM-007296,Velocity Cookware Model-297,Home & Kitchen,Cookware,Velocity,395.75,875.98,1
7297,SKU-APP-007297,Titan Men's Clothing Model-298,Apparel,Men's Clothing,Titan,264.79,490.57,1
7298,SKU-TOY-007298,Titan Puzzles Model-299,Toys & Games,Puzzles,Titan,312.67,499.97,1
7299,SKU-GRO-007299,Summit Canned Goods Model-300,Grocery & Pantry,Canned Goods,Summit,112.75,161.63,1
7300,SKU-BEA-007300,Pulse Haircare Model-301,Beauty & Care,Haircare,Pulse,251.05,484.63,1
7301,SKU-AUT-007301,Apex Oils & Fluids Model-302,Automotive,Oils & Fluids,Apex,205.74,497.49,1
7302,SKU-AUT-007302,Echo Car Care Model-303,Automotive,Car Care,Echo,10.48,20.47,1
7303,SKU-ELE-007303,Lumina Wearables Model-304,Electronics,Wearables,Lumina,343.66,691.29,0
7304,SKU-TOY-007304,Nova Educational Toys Model-305,Toys & Games,Educational Toys,Nova,65.95,83.48,1
7305,SKU-HOM-007305,Apex Bedding Model-306,Home & Kitchen,Bedding,Apex,445.55,561.66,1
7306,SKU-BEA-007306,Lumina Fragrances Model-307,Beauty & Care,Fragrances,Lumina,15.37,38.15,1
7307,SKU-BEA-007307,Prism Cosmetics Model-308,Beauty & Care,Cosmetics,Prism,226.77,386.21,0
7308,SKU-GRO-007308,Zenith Snacks Model-309,Grocery & Pantry,Snacks,Zenith,380.05,659.09,1
7309,SKU-GRO-007309,Titan Organic Foods Model-310,Grocery & Pantry,Organic Foods,Titan,43.27,105.64,1
7310,SKU-HOM-007310,Titan Bedding Model-311,Home & Kitchen,Bedding,Titan,83.73,204.39,1
7311,SKU-BEA-007311,Echo Fragrances Model-312,Beauty & Care,Fragrances,Echo,325.13,691.08,1
7312,SKU-HOM-007312,Apex Storage Model-313,Home & Kitchen,Storage,Apex,279.24,565.47,1
7313,SKU-SPO-007313,Sol Cycling Model-314,Sports & Outdoors,Cycling,Sol,426.54,972,1
7314,SKU-APP-007314,Summit Footwear Model-315,Apparel,Footwear,Summit,224.9,337.24,1
7315,SKU-BEA-007315,Matrix Cosmetics Model-316,Beauty & Care,Cosmetics,Matrix,335.15,694.64,1
7316,SKU-APP-007316,Echo Women's Clothing Model-317,Apparel,Women's Clothing,Echo,401.71,649.88,1
7317,SKU-SPO-007317,Zenith Cycling Model-318,Sports & Outdoors,Cycling,Zenith,140.37,306.46,1
7318,SKU-ELE-007318,Aura Wearables Model-319,Electronics,Wearables,Aura,113.42,189.66,1
7319,SKU-AUT-007319,Zenith Tools & Equipment Model-320,Automotive,Tools & Equipment,Zenith,339.91,672.44,1
7320,SKU-ELE-007320,Sol Smartphones Model-321,Electronics,Smartphones,Sol,442.17,735.96,1
7321,SKU-GRO-007321,Vortex Beverages Model-322,Grocery & Pantry,Beverages,Vortex,372.11,843.6,1
7322,SKU-GRO-007322,Apex Breakfast Model-323,Grocery & Pantry,Breakfast,Apex,427.41,829.23,1
7323,SKU-TOY-007323,Horizon Outdoor Toys Model-324,Toys & Games,Outdoor Toys,Horizon,12.77,23.88,1
7324,SKU-TOY-007324,Summit Board Games Model-325,Toys & Games,Board Games,Summit,411.02,893.44,1
7325,SKU-GRO-007325,Nova Snacks Model-326,Grocery & Pantry,Snacks,Nova,198.04,463.66,1
7326,SKU-APP-007326,Zenith Accessories Model-327,Apparel,Accessories,Zenith,32.42,40.72,1
7327,SKU-SPO-007327,Titan Cycling Model-328,Sports & Outdoors,Cycling,Titan,55.81,103.98,1
7328,SKU-APP-007328,Horizon Footwear Model-329,Apparel,Footwear,Horizon,330.51,497.17,1
7329,SKU-BEA-007329,Velocity Fragrances Model-330,Beauty & Care,Fragrances,Velocity,107.66,182.9,1
7330,SKU-SPO-007330,Summit Cycling Model-331,Sports & Outdoors,Cycling,Summit,294.84,661.15,1
7331,SKU-APP-007331,Nova Outerwear Model-332,Apparel,Outerwear,Nova,193.56,328.86,1
7332,SKU-ELE-007332,Sol Smartphones Model-333,Electronics,Smartphones,Sol,207.49,275.45,1
7333,SKU-GRO-007333,Summit Breakfast Model-334,Grocery & Pantry,Breakfast,Summit,100.37,216.24,1
7334,SKU-ELE-007334,Prism Audio & Headphones Model-335,Electronics,Audio & Headphones,Prism,291.45,699.87,1
7335,SKU-SPO-007335,Prism Team Sports Model-336,Sports & Outdoors,Team Sports,Prism,308.91,593.7,1
7336,SKU-ELE-007336,Apex Smart Home Model-337,Electronics,Smart Home,Apex,366.72,541.34,0
7337,SKU-GRO-007337,Aura Beverages Model-338,Grocery & Pantry,Beverages,Aura,144.68,336.64,1
7338,SKU-AUT-007338,Prism Tools & Equipment Model-339,Automotive,Tools & Equipment,Prism,188.61,300.24,1
7339,SKU-TOY-007339,Lumina Puzzles Model-340,Toys & Games,Puzzles,Lumina,426.5,927.32,1
7340,SKU-BEA-007340,Summit Cosmetics Model-341,Beauty & Care,Cosmetics,Summit,211.05,293.37,1
7341,SKU-APP-007341,Vortex Outerwear Model-342,Apparel,Outerwear,Vortex,84.34,112.63,1
7342,SKU-HOM-007342,Lumina Small Appliances Model-343,Home & Kitchen,Small Appliances,Lumina,189.28,443.97,1
7343,SKU-SPO-007343,Summit Team Sports Model-344,Sports & Outdoors,Team Sports,Summit,301.35,563.17,1
7344,SKU-AUT-007344,Zenith Oils & Fluids Model-345,Automotive,Oils & Fluids,Zenith,54.74,97.62,0
7345,SKU-ELE-007345,Nova Accessories Model-346,Electronics,Accessories,Nova,133.05,249.78,0
7346,SKU-HOM-007346,Zenith Decor Model-347,Home & Kitchen,Decor,Zenith,438.94,613.78,1
7347,SKU-HOM-007347,Aura Decor Model-348,Home & Kitchen,Decor,Aura,210.95,526.43,1
7348,SKU-TOY-007348,Prism Educational Toys Model-349,Toys & Games,Educational Toys,Prism,250.19,352.21,1
7349,SKU-TOY-007349,Lumina Outdoor Toys Model-350,Toys & Games,Outdoor Toys,Lumina,44.99,109.93,1
7350,SKU-ELE-007350,Titan Laptops Model-351,Electronics,Laptops,Titan,61.4,79.34,1
7351,SKU-BEA-007351,Zenith Haircare Model-352,Beauty & Care,Haircare,Zenith,415.68,677.62,1
7352,SKU-HOM-007352,Lumina Storage Model-353,Home & Kitchen,Storage,Lumina,83.01,151.96,1
7353,SKU-BEA-007353,Matrix Fragrances Model-354,Beauty & Care,Fragrances,Matrix,320.63,762.15,1
7354,SKU-HOM-007354,Nova Decor Model-355,Home & Kitchen,Decor,Nova,334.71,702.71,1
7355,SKU-BEA-007355,Vortex Cosmetics Model-356,Beauty & Care,Cosmetics,Vortex,33.59,67.43,1
7356,SKU-SPO-007356,Velocity Cycling Model-357,Sports & Outdoors,Cycling,Velocity,410.44,633.37,1
7357,SKU-BEA-007357,Matrix Personal Care Model-358,Beauty & Care,Personal Care,Matrix,321.22,587.72,1
7358,SKU-AUT-007358,Prism Oils & Fluids Model-359,Automotive,Oils & Fluids,Prism,195.62,267.48,1
7359,SKU-HOM-007359,Titan Storage Model-360,Home & Kitchen,Storage,Titan,45.66,86.14,1
7360,SKU-APP-007360,Sol Accessories Model-361,Apparel,Accessories,Sol,88.34,155.13,1
7361,SKU-SPO-007361,Echo Camping & Hiking Model-362,Sports & Outdoors,Camping & Hiking,Echo,420.07,874.67,1
7362,SKU-SPO-007362,Summit Fitness Gear Model-363,Sports & Outdoors,Fitness Gear,Summit,139.78,348.78,1
7363,SKU-APP-007363,Pulse Footwear Model-364,Apparel,Footwear,Pulse,360.09,680.98,1
7364,SKU-HOM-007364,Apex Storage Model-365,Home & Kitchen,Storage,Apex,29.75,68.39,0
7365,SKU-APP-007365,Prism Men's Clothing Model-366,Apparel,Men's Clothing,Prism,180.84,291.3,1
7366,SKU-ELE-007366,Zenith Accessories Model-367,Electronics,Accessories,Zenith,161.61,273.16,1
7367,SKU-AUT-007367,Zenith Car Care Model-368,Automotive,Car Care,Zenith,408.91,951.64,1
7368,SKU-AUT-007368,Summit Oils & Fluids Model-369,Automotive,Oils & Fluids,Summit,374.86,873.62,1
7369,SKU-ELE-007369,Sol Accessories Model-370,Electronics,Accessories,Sol,395.02,577.98,1
7370,SKU-ELE-007370,Sol Laptops Model-371,Electronics,Laptops,Sol,386.82,716.51,1
7371,SKU-SPO-007371,Prism Water Sports Model-372,Sports & Outdoors,Water Sports,Prism,117.61,221.81,1
7372,SKU-APP-007372,Echo Women's Clothing Model-373,Apparel,Women's Clothing,Echo,128.48,292.48,1
7373,SKU-BEA-007373,Titan Fragrances Model-374,Beauty & Care,Fragrances,Titan,274.62,570.73,1
7374,SKU-GRO-007374,Matrix Snacks Model-375,Grocery & Pantry,Snacks,Matrix,415.72,743.67,1
7375,SKU-GRO-007375,Pulse Organic Foods Model-376,Grocery & Pantry,Organic Foods,Pulse,99.93,202.62,1
7376,SKU-BEA-007376,Zenith Personal Care Model-377,Beauty & Care,Personal Care,Zenith,125.99,286.06,1
7377,SKU-APP-007377,Pulse Women's Clothing Model-378,Apparel,Women's Clothing,Pulse,100.6,164.82,1
7378,SKU-ELE-007378,Nova Wearables Model-379,Electronics,Wearables,Nova,317.75,729.15,1
7379,SKU-ELE-007379,Titan Audio & Headphones Model-380,Electronics,Audio & Headphones,Titan,436.99,733.59,1
7380,SKU-SPO-007380,Apex Fitness Gear Model-381,Sports & Outdoors,Fitness Gear,Apex,149.46,304.38,1
7381,SKU-TOY-007381,Zenith Outdoor Toys Model-382,Toys & Games,Outdoor Toys,Zenith,394.27,563.13,1
7382,SKU-BEA-007382,Summit Personal Care Model-383,Beauty & Care,Personal Care,Summit,267.12,570.21,1
7383,SKU-GRO-007383,Sol Organic Foods Model-384,Grocery & Pantry,Organic Foods,Sol,178.6,386.48,1
7384,SKU-TOY-007384,Zenith Outdoor Toys Model-385,Toys & Games,Outdoor Toys,Zenith,324.67,584.02,1
7385,SKU-BEA-007385,Zenith Skincare Model-386,Beauty & Care,Skincare,Zenith,317.87,671.15,1
7386,SKU-SPO-007386,Matrix Fitness Gear Model-387,Sports & Outdoors,Fitness Gear,Matrix,194.7,375.92,1
7387,SKU-AUT-007387,Prism Oils & Fluids Model-388,Automotive,Oils & Fluids,Prism,183.24,334.15,1
7388,SKU-AUT-007388,Vortex Car Care Model-389,Automotive,Car Care,Vortex,240.16,594.73,1
7389,SKU-ELE-007389,Titan Accessories Model-390,Electronics,Accessories,Titan,188.77,248.42,1
7390,SKU-ELE-007390,Horizon Laptops Model-391,Electronics,Laptops,Horizon,109.77,237.78,0
7391,SKU-HOM-007391,Lumina Furniture Model-392,Home & Kitchen,Furniture,Lumina,396.61,919.4,1
7392,SKU-GRO-007392,Pulse Snacks Model-393,Grocery & Pantry,Snacks,Pulse,69.12,119.61,1
7393,SKU-TOY-007393,Apex Outdoor Toys Model-394,Toys & Games,Outdoor Toys,Apex,287.54,700.7,1
7394,SKU-SPO-007394,Sol Camping & Hiking Model-395,Sports & Outdoors,Camping & Hiking,Sol,161.73,246.06,1
7395,SKU-TOY-007395,Echo Action Figures Model-396,Toys & Games,Action Figures,Echo,34.75,76.19,1
7396,SKU-TOY-007396,Velocity Action Figures Model-397,Toys & Games,Action Figures,Velocity,290.29,444.74,1
7397,SKU-BEA-007397,Nova Fragrances Model-398,Beauty & Care,Fragrances,Nova,257.99,642.72,1
7398,SKU-GRO-007398,Echo Beverages Model-399,Grocery & Pantry,Beverages,Echo,248.61,401.09,1
7399,SKU-TOY-007399,Aura Outdoor Toys Model-400,Toys & Games,Outdoor Toys,Aura,173.06,216.6,1
7400,SKU-ELE-007400,Vortex Audio & Headphones Model-401,Electronics,Audio & Headphones,Vortex,125.49,179.21,0
7401,SKU-ELE-007401,Titan Laptops Model-402,Electronics,Laptops,Titan,236.04,510.84,1
7402,SKU-BEA-007402,Matrix Fragrances Model-403,Beauty & Care,Fragrances,Matrix,140.53,185.95,1
7403,SKU-ELE-007403,Horizon Audio & Headphones Model-404,Electronics,Audio & Headphones,Horizon,267.83,599.58,1
7404,SKU-APP-007404,Summit Outerwear Model-405,Apparel,Outerwear,Summit,119.47,237.79,1
7405,SKU-GRO-007405,Titan Snacks Model-406,Grocery & Pantry,Snacks,Titan,203.08,426.88,1
7406,SKU-BEA-007406,Sol Skincare Model-407,Beauty & Care,Skincare,Sol,414.72,763.77,1
7407,SKU-SPO-007407,Zenith Water Sports Model-408,Sports & Outdoors,Water Sports,Zenith,184.88,362.58,1
7408,SKU-GRO-007408,Titan Organic Foods Model-409,Grocery & Pantry,Organic Foods,Titan,211.48,502.5,1
7409,SKU-AUT-007409,Lumina Car Care Model-410,Automotive,Car Care,Lumina,326.93,535.39,1
7410,SKU-AUT-007410,Velocity Car Care Model-411,Automotive,Car Care,Velocity,360.87,647.11,0
7411,SKU-BEA-007411,Nova Skincare Model-412,Beauty & Care,Skincare,Nova,285.07,601.4,1
7412,SKU-HOM-007412,Zenith Cookware Model-413,Home & Kitchen,Cookware,Zenith,166.67,364.94,0
7413,SKU-BEA-007413,Apex Personal Care Model-414,Beauty & Care,Personal Care,Apex,274.87,550.61,1
7414,SKU-BEA-007414,Prism Cosmetics Model-415,Beauty & Care,Cosmetics,Prism,81.61,168.84,1
7415,SKU-HOM-007415,Matrix Bedding Model-416,Home & Kitchen,Bedding,Matrix,43.24,106.19,1
7416,SKU-AUT-007416,Matrix Tools & Equipment Model-417,Automotive,Tools & Equipment,Matrix,171.12,230.21,1
7417,SKU-HOM-007417,Echo Bedding Model-418,Home & Kitchen,Bedding,Echo,256.78,622.74,1
7418,SKU-SPO-007418,Zenith Team Sports Model-419,Sports & Outdoors,Team Sports,Zenith,109.84,185.38,1
7419,SKU-TOY-007419,Summit Puzzles Model-420,Toys & Games,Puzzles,Summit,245.84,318.72,0
7420,SKU-TOY-007420,Zenith Action Figures Model-421,Toys & Games,Action Figures,Zenith,383.45,797.07,1
7421,SKU-TOY-007421,Aura Outdoor Toys Model-422,Toys & Games,Outdoor Toys,Aura,295.36,625.53,1
7422,SKU-SPO-007422,Velocity Fitness Gear Model-423,Sports & Outdoors,Fitness Gear,Velocity,442.47,618.7,1
7423,SKU-BEA-007423,Aura Haircare Model-424,Beauty & Care,Haircare,Aura,157.23,214.18,1
7424,SKU-GRO-007424,Prism Breakfast Model-425,Grocery & Pantry,Breakfast,Prism,372.18,478.28,1
7425,SKU-SPO-007425,Matrix Water Sports Model-426,Sports & Outdoors,Water Sports,Matrix,52.29,90.28,1
7426,SKU-ELE-007426,Titan Audio & Headphones Model-427,Electronics,Audio & Headphones,Titan,304.82,424.49,1
7427,SKU-GRO-007427,Prism Beverages Model-428,Grocery & Pantry,Beverages,Prism,113.72,183.23,1
7428,SKU-GRO-007428,Aura Organic Foods Model-429,Grocery & Pantry,Organic Foods,Aura,171.77,370.22,1
7429,SKU-TOY-007429,Sol Outdoor Toys Model-430,Toys & Games,Outdoor Toys,Sol,43.99,105.54,1
7430,SKU-ELE-007430,Sol Smartphones Model-431,Electronics,Smartphones,Sol,129.58,263.25,1
7431,SKU-BEA-007431,Pulse Personal Care Model-432,Beauty & Care,Personal Care,Pulse,295.52,666.88,1
7432,SKU-AUT-007432,Apex Car Care Model-433,Automotive,Car Care,Apex,371.15,709.94,1
7433,SKU-SPO-007433,Prism Camping & Hiking Model-434,Sports & Outdoors,Camping & Hiking,Prism,11.49,27.08,1
7434,SKU-HOM-007434,Zenith Small Appliances Model-435,Home & Kitchen,Small Appliances,Zenith,155.65,240.7,1
7435,SKU-TOY-007435,Pulse Action Figures Model-436,Toys & Games,Action Figures,Pulse,188.92,331.76,1
7436,SKU-GRO-007436,Pulse Canned Goods Model-437,Grocery & Pantry,Canned Goods,Pulse,362.27,629.8,1
7437,SKU-ELE-007437,Zenith Wearables Model-438,Electronics,Wearables,Zenith,349.91,625.04,1
7438,SKU-SPO-007438,Matrix Water Sports Model-439,Sports & Outdoors,Water Sports,Matrix,246.85,517.03,1
7439,SKU-SPO-007439,Apex Team Sports Model-440,Sports & Outdoors,Team Sports,Apex,402.03,721.88,1
7440,SKU-ELE-007440,Summit Laptops Model-441,Electronics,Laptops,Summit,132.05,272.31,1
7441,SKU-SPO-007441,Vortex Camping & Hiking Model-442,Sports & Outdoors,Camping & Hiking,Vortex,6.96,13.87,1
7442,SKU-TOY-007442,Summit Outdoor Toys Model-443,Toys & Games,Outdoor Toys,Summit,253.88,570.58,1
7443,SKU-GRO-007443,Summit Condiments Model-444,Grocery & Pantry,Condiments,Summit,248.74,516.06,1
7444,SKU-ELE-007444,Sol Wearables Model-445,Electronics,Wearables,Sol,101.27,201.09,1
7445,SKU-GRO-007445,Matrix Condiments Model-446,Grocery & Pantry,Condiments,Matrix,16.95,22.6,1
7446,SKU-APP-007446,Matrix Women's Clothing Model-447,Apparel,Women's Clothing,Matrix,78.85,100.87,1
7447,SKU-APP-007447,Summit Women's Clothing Model-448,Apparel,Women's Clothing,Summit,413.47,573.67,1
7448,SKU-TOY-007448,Velocity Educational Toys Model-449,Toys & Games,Educational Toys,Velocity,146.45,241.34,1
7449,SKU-GRO-007449,Vortex Snacks Model-450,Grocery & Pantry,Snacks,Vortex,242.27,599.17,1
7450,SKU-TOY-007450,Matrix Action Figures Model-451,Toys & Games,Action Figures,Matrix,247.98,531.93,1
7451,SKU-ELE-007451,Apex Accessories Model-452,Electronics,Accessories,Apex,100.02,125.39,1
7452,SKU-BEA-007452,Lumina Cosmetics Model-453,Beauty & Care,Cosmetics,Lumina,356.21,680.08,1
7453,SKU-ELE-007453,Velocity Wearables Model-454,Electronics,Wearables,Velocity,269.86,393.15,1
7454,SKU-TOY-007454,Titan Action Figures Model-455,Toys & Games,Action Figures,Titan,203.29,343.13,1
7455,SKU-SPO-007455,Matrix Fitness Gear Model-456,Sports & Outdoors,Fitness Gear,Matrix,249.77,470.67,1
7456,SKU-ELE-007456,Zenith Accessories Model-457,Electronics,Accessories,Zenith,384.54,585.49,1
7457,SKU-SPO-007457,Sol Fitness Gear Model-458,Sports & Outdoors,Fitness Gear,Sol,172.56,349.81,1
7458,SKU-GRO-007458,Zenith Breakfast Model-459,Grocery & Pantry,Breakfast,Zenith,331.98,542.64,1
7459,SKU-TOY-007459,Matrix Action Figures Model-460,Toys & Games,Action Figures,Matrix,381.92,913.48,1
7460,SKU-SPO-007460,Vortex Team Sports Model-461,Sports & Outdoors,Team Sports,Vortex,76.79,97.16,1
7461,SKU-ELE-007461,Vortex Audio & Headphones Model-462,Electronics,Audio & Headphones,Vortex,366.52,747.74,1
7462,SKU-APP-007462,Velocity Footwear Model-463,Apparel,Footwear,Velocity,212.15,345.91,1
7463,SKU-BEA-007463,Lumina Haircare Model-464,Beauty & Care,Haircare,Lumina,94.21,177.72,1
7464,SKU-BEA-007464,Echo Skincare Model-465,Beauty & Care,Skincare,Echo,217.94,497.93,1
7465,SKU-TOY-007465,Horizon Educational Toys Model-466,Toys & Games,Educational Toys,Horizon,403.89,843.46,1
7466,SKU-BEA-007466,Summit Skincare Model-467,Beauty & Care,Skincare,Summit,53.18,80.3,1
7467,SKU-SPO-007467,Aura Camping & Hiking Model-468,Sports & Outdoors,Camping & Hiking,Aura,38.99,70.92,1
7468,SKU-ELE-007468,Pulse Accessories Model-469,Electronics,Accessories,Pulse,93.91,162.12,1
7469,SKU-APP-007469,Pulse Outerwear Model-470,Apparel,Outerwear,Pulse,76.85,153.29,1
7470,SKU-SPO-007470,Prism Cycling Model-471,Sports & Outdoors,Cycling,Prism,341.26,526.35,0
7471,SKU-TOY-007471,Matrix Educational Toys Model-472,Toys & Games,Educational Toys,Matrix,189.14,370.25,1
7472,SKU-ELE-007472,Horizon Wearables Model-473,Electronics,Wearables,Horizon,429.52,1042.87,1
7473,SKU-GRO-007473,Sol Snacks Model-474,Grocery & Pantry,Snacks,Sol,240.73,597.79,0
7474,SKU-TOY-007474,Matrix Educational Toys Model-475,Toys & Games,Educational Toys,Matrix,328.11,494.13,1
7475,SKU-GRO-007475,Pulse Beverages Model-476,Grocery & Pantry,Beverages,Pulse,238.1,344.64,1
7476,SKU-ELE-007476,Titan Laptops Model-477,Electronics,Laptops,Titan,336.2,797.99,1
7477,SKU-BEA-007477,Matrix Haircare Model-478,Beauty & Care,Haircare,Matrix,188.06,438.69,1
7478,SKU-APP-007478,Horizon Sportswear Model-479,Apparel,Sportswear,Horizon,436.44,710.32,1
7479,SKU-APP-007479,Titan Men's Clothing Model-480,Apparel,Men's Clothing,Titan,218.78,416.24,1
7480,SKU-BEA-007480,Summit Haircare Model-481,Beauty & Care,Haircare,Summit,76.45,182.76,1
7481,SKU-ELE-007481,Aura Smart Home Model-482,Electronics,Smart Home,Aura,126.43,246.09,1
7482,SKU-SPO-007482,Matrix Team Sports Model-483,Sports & Outdoors,Team Sports,Matrix,70.76,111.03,0
7483,SKU-ELE-007483,Lumina Audio & Headphones Model-484,Electronics,Audio & Headphones,Lumina,10.11,18.54,1
7484,SKU-AUT-007484,Nova Car Care Model-485,Automotive,Car Care,Nova,75.3,107.75,1
7485,SKU-GRO-007485,Velocity Beverages Model-486,Grocery & Pantry,Beverages,Velocity,123.59,257.23,1
7486,SKU-ELE-007486,Titan Accessories Model-487,Electronics,Accessories,Titan,61.69,81.8,1
7487,SKU-AUT-007487,Apex Oils & Fluids Model-488,Automotive,Oils & Fluids,Apex,210.7,458.42,1
7488,SKU-SPO-007488,Summit Water Sports Model-489,Sports & Outdoors,Water Sports,Summit,436.77,549.2,1
7489,SKU-HOM-007489,Echo Storage Model-490,Home & Kitchen,Storage,Echo,211.75,481.43,1
7490,SKU-AUT-007490,Sol Car Care Model-491,Automotive,Car Care,Sol,359.93,502.69,1
7491,SKU-SPO-007491,Aura Fitness Gear Model-492,Sports & Outdoors,Fitness Gear,Aura,309.71,525.9,1
7492,SKU-AUT-007492,Apex Oils & Fluids Model-493,Automotive,Oils & Fluids,Apex,203.37,379.56,1
7493,SKU-HOM-007493,Vortex Furniture Model-494,Home & Kitchen,Furniture,Vortex,223.46,482.5,1
7494,SKU-AUT-007494,Vortex Car Care Model-495,Automotive,Car Care,Vortex,279.29,463.01,1
7495,SKU-APP-007495,Zenith Women's Clothing Model-496,Apparel,Women's Clothing,Zenith,158.74,368.56,1
7496,SKU-TOY-007496,Echo Action Figures Model-497,Toys & Games,Action Figures,Echo,71.2,127.01,1
7497,SKU-GRO-007497,Aura Canned Goods Model-498,Grocery & Pantry,Canned Goods,Aura,422.99,544.06,1
7498,SKU-HOM-007498,Lumina Bedding Model-499,Home & Kitchen,Bedding,Lumina,125.25,289.52,1
7499,SKU-GRO-007499,Matrix Breakfast Model-500,Grocery & Pantry,Breakfast,Matrix,328.46,761.06,1
7500,SKU-HOM-007500,Prism Small Appliances Model-501,Home & Kitchen,Small Appliances,Prism,21.04,39.33,0
7501,SKU-HOM-007501,Pulse Small Appliances Model-502,Home & Kitchen,Small Appliances,Pulse,393.3,877.08,1
7502,SKU-AUT-007502,Apex Oils & Fluids Model-503,Automotive,Oils & Fluids,Apex,408.52,650.52,1
7503,SKU-BEA-007503,Sol Fragrances Model-504,Beauty & Care,Fragrances,Sol,308.6,409.57,1
7504,SKU-BEA-007504,Nova Fragrances Model-505,Beauty & Care,Fragrances,Nova,247.97,562.99,1
7505,SKU-TOY-007505,Prism Outdoor Toys Model-506,Toys & Games,Outdoor Toys,Prism,407.41,660.4,1
7506,SKU-BEA-007506,Titan Cosmetics Model-507,Beauty & Care,Cosmetics,Titan,109.03,167.34,1
7507,SKU-BEA-007507,Velocity Fragrances Model-508,Beauty & Care,Fragrances,Velocity,283.36,609.09,1
7508,SKU-SPO-007508,Pulse Cycling Model-509,Sports & Outdoors,Cycling,Pulse,419.23,541.64,1
7509,SKU-TOY-007509,Echo Outdoor Toys Model-510,Toys & Games,Outdoor Toys,Echo,405.02,561.33,1
7510,SKU-TOY-007510,Lumina Action Figures Model-511,Toys & Games,Action Figures,Lumina,101.18,163.8,1
7511,SKU-TOY-007511,Echo Educational Toys Model-512,Toys & Games,Educational Toys,Echo,226.83,517.85,1
7512,SKU-ELE-007512,Apex Laptops Model-513,Electronics,Laptops,Apex,111.42,178.7,1
7513,SKU-SPO-007513,Velocity Camping & Hiking Model-514,Sports & Outdoors,Camping & Hiking,Velocity,341.7,652.34,1
7514,SKU-TOY-007514,Lumina Educational Toys Model-515,Toys & Games,Educational Toys,Lumina,203.83,416.78,1
7515,SKU-APP-007515,Vortex Men's Clothing Model-516,Apparel,Men's Clothing,Vortex,38.02,83.71,1
7516,SKU-HOM-007516,Matrix Storage Model-517,Home & Kitchen,Storage,Matrix,82.87,145.13,1
7517,SKU-GRO-007517,Apex Organic Foods Model-518,Grocery & Pantry,Organic Foods,Apex,281.72,358.13,1
7518,SKU-ELE-007518,Echo Laptops Model-519,Electronics,Laptops,Echo,445.65,724.6,1
7519,SKU-BEA-007519,Pulse Skincare Model-520,Beauty & Care,Skincare,Pulse,167.36,366.38,1
7520,SKU-AUT-007520,Apex Oils & Fluids Model-521,Automotive,Oils & Fluids,Apex,400.79,979.12,1
7521,SKU-HOM-007521,Vortex Bedding Model-522,Home & Kitchen,Bedding,Vortex,180.21,282.67,1
7522,SKU-HOM-007522,Prism Bedding Model-523,Home & Kitchen,Bedding,Prism,282.18,667.56,1
7523,SKU-BEA-007523,Aura Haircare Model-524,Beauty & Care,Haircare,Aura,438.26,636.5,1
7524,SKU-ELE-007524,Lumina Wearables Model-525,Electronics,Wearables,Lumina,116.22,274.56,1
7525,SKU-APP-007525,Apex Women's Clothing Model-526,Apparel,Women's Clothing,Apex,28.4,51.12,1
7526,SKU-SPO-007526,Pulse Water Sports Model-527,Sports & Outdoors,Water Sports,Pulse,12.02,20.92,1
7527,SKU-BEA-007527,Lumina Skincare Model-528,Beauty & Care,Skincare,Lumina,74.66,185.23,1
7528,SKU-SPO-007528,Titan Cycling Model-529,Sports & Outdoors,Cycling,Titan,98.59,221.66,1
7529,SKU-HOM-007529,Aura Storage Model-530,Home & Kitchen,Storage,Aura,221.05,544.1,1
7530,SKU-HOM-007530,Nova Bedding Model-531,Home & Kitchen,Bedding,Nova,197.45,283.6,1
7531,SKU-APP-007531,Velocity Outerwear Model-532,Apparel,Outerwear,Velocity,305.56,713.86,1
7532,SKU-APP-007532,Titan Men's Clothing Model-533,Apparel,Men's Clothing,Titan,192.65,353.55,1
7533,SKU-SPO-007533,Pulse Team Sports Model-534,Sports & Outdoors,Team Sports,Pulse,52.45,101.41,1
7534,SKU-AUT-007534,Lumina Interior Accessories Model-535,Automotive,Interior Accessories,Lumina,182.95,326.67,1
7535,SKU-TOY-007535,Lumina Puzzles Model-536,Toys & Games,Puzzles,Lumina,274.88,528.12,1
7536,SKU-TOY-007536,Zenith Puzzles Model-537,Toys & Games,Puzzles,Zenith,285.13,618.58,1
7537,SKU-BEA-007537,Lumina Skincare Model-538,Beauty & Care,Skincare,Lumina,160.37,254.27,1
7538,SKU-HOM-007538,Matrix Decor Model-539,Home & Kitchen,Decor,Matrix,434.89,800.01,1
7539,SKU-AUT-007539,Titan Tools & Equipment Model-540,Automotive,Tools & Equipment,Titan,114.23,161.26,1
7540,SKU-APP-007540,Velocity Men's Clothing Model-541,Apparel,Men's Clothing,Velocity,415.48,781.28,1
7541,SKU-ELE-007541,Velocity Accessories Model-542,Electronics,Accessories,Velocity,231.92,552.82,1
7542,SKU-ELE-007542,Nova Audio & Headphones Model-543,Electronics,Audio & Headphones,Nova,206,473.29,1
7543,SKU-BEA-007543,Velocity Personal Care Model-544,Beauty & Care,Personal Care,Velocity,136.71,239.37,1
7544,SKU-SPO-007544,Sol Cycling Model-545,Sports & Outdoors,Cycling,Sol,225.96,387.08,0
7545,SKU-APP-007545,Nova Outerwear Model-546,Apparel,Outerwear,Nova,290.2,700.25,1
7546,SKU-HOM-007546,Echo Small Appliances Model-547,Home & Kitchen,Small Appliances,Echo,287.87,378.8,1
7547,SKU-AUT-007547,Horizon Interior Accessories Model-548,Automotive,Interior Accessories,Horizon,447.86,1054.35,1
7548,SKU-SPO-007548,Prism Cycling Model-549,Sports & Outdoors,Cycling,Prism,390.19,520.07,1
7549,SKU-HOM-007549,Summit Storage Model-550,Home & Kitchen,Storage,Summit,90.2,141.83,1
7550,SKU-BEA-007550,Apex Haircare Model-551,Beauty & Care,Haircare,Apex,255.23,353.75,1
7551,SKU-HOM-007551,Prism Cookware Model-552,Home & Kitchen,Cookware,Prism,303.06,484.79,1
7552,SKU-SPO-007552,Zenith Cycling Model-553,Sports & Outdoors,Cycling,Zenith,171.85,267.88,1
7553,SKU-TOY-007553,Aura Action Figures Model-554,Toys & Games,Action Figures,Aura,153.36,284.11,1
7554,SKU-APP-007554,Matrix Outerwear Model-555,Apparel,Outerwear,Matrix,377.97,513.31,1
7555,SKU-SPO-007555,Lumina Fitness Gear Model-556,Sports & Outdoors,Fitness Gear,Lumina,64.47,155.23,0
7556,SKU-AUT-007556,Prism Tools & Equipment Model-557,Automotive,Tools & Equipment,Prism,155.48,272.32,1
7557,SKU-SPO-007557,Matrix Team Sports Model-558,Sports & Outdoors,Team Sports,Matrix,217.58,413.24,1
7558,SKU-SPO-007558,Titan Fitness Gear Model-559,Sports & Outdoors,Fitness Gear,Titan,205.81,329.36,1
7559,SKU-BEA-007559,Velocity Cosmetics Model-560,Beauty & Care,Cosmetics,Velocity,108.92,185.83,1
7560,SKU-TOY-007560,Nova Action Figures Model-561,Toys & Games,Action Figures,Nova,40.31,82.99,1
7561,SKU-TOY-007561,Echo Action Figures Model-562,Toys & Games,Action Figures,Echo,290.88,434.39,1
7562,SKU-TOY-007562,Velocity Outdoor Toys Model-563,Toys & Games,Outdoor Toys,Velocity,190.66,386.45,1
7563,SKU-BEA-007563,Prism Fragrances Model-564,Beauty & Care,Fragrances,Prism,448.09,877.87,1
7564,SKU-SPO-007564,Nova Cycling Model-565,Sports & Outdoors,Cycling,Nova,424.16,781.42,1
7565,SKU-SPO-007565,Zenith Water Sports Model-566,Sports & Outdoors,Water Sports,Zenith,373.87,676.83,1
7566,SKU-TOY-007566,Vortex Action Figures Model-567,Toys & Games,Action Figures,Vortex,105.7,178.02,1
7567,SKU-ELE-007567,Apex Audio & Headphones Model-568,Electronics,Audio & Headphones,Apex,442.48,875.53,1
7568,SKU-GRO-007568,Horizon Breakfast Model-569,Grocery & Pantry,Breakfast,Horizon,396.16,807.36,1
7569,SKU-APP-007569,Titan Women's Clothing Model-570,Apparel,Women's Clothing,Titan,370.87,651.17,1
7570,SKU-BEA-007570,Horizon Skincare Model-571,Beauty & Care,Skincare,Horizon,228.23,375.96,1
7571,SKU-HOM-007571,Sol Decor Model-572,Home & Kitchen,Decor,Sol,389.69,889.44,1
7572,SKU-TOY-007572,Titan Educational Toys Model-573,Toys & Games,Educational Toys,Titan,312.37,676.91,1
7573,SKU-BEA-007573,Prism Fragrances Model-574,Beauty & Care,Fragrances,Prism,24.84,42.15,1
7574,SKU-GRO-007574,Aura Beverages Model-575,Grocery & Pantry,Beverages,Aura,163.43,340.26,1
7575,SKU-AUT-007575,Lumina Car Care Model-576,Automotive,Car Care,Lumina,374.87,866.29,1
7576,SKU-SPO-007576,Echo Fitness Gear Model-577,Sports & Outdoors,Fitness Gear,Echo,163.29,333.19,1
7577,SKU-BEA-007577,Horizon Haircare Model-578,Beauty & Care,Haircare,Horizon,324.02,644.9,1
7578,SKU-HOM-007578,Aura Bedding Model-579,Home & Kitchen,Bedding,Aura,417.66,661.6,1
7579,SKU-AUT-007579,Apex Interior Accessories Model-580,Automotive,Interior Accessories,Apex,436.61,844.84,1
7580,SKU-HOM-007580,Vortex Decor Model-581,Home & Kitchen,Decor,Vortex,74.33,154.2,1
7581,SKU-ELE-007581,Nova Accessories Model-582,Electronics,Accessories,Nova,338.9,522.21,1
7582,SKU-BEA-007582,Pulse Haircare Model-583,Beauty & Care,Haircare,Pulse,351.99,863.48,1
7583,SKU-TOY-007583,Echo Outdoor Toys Model-584,Toys & Games,Outdoor Toys,Echo,62.32,88.7,1
7584,SKU-APP-007584,Aura Accessories Model-585,Apparel,Accessories,Aura,191.05,352.93,1
7585,SKU-AUT-007585,Horizon Interior Accessories Model-586,Automotive,Interior Accessories,Horizon,204.47,497.67,1
7586,SKU-AUT-007586,Echo Tools & Equipment Model-587,Automotive,Tools & Equipment,Echo,12.97,27.23,1
7587,SKU-SPO-007587,Echo Fitness Gear Model-588,Sports & Outdoors,Fitness Gear,Echo,137.84,264.54,1
7588,SKU-APP-007588,Matrix Women's Clothing Model-589,Apparel,Women's Clothing,Matrix,115.44,214.01,1
7589,SKU-AUT-007589,Echo Interior Accessories Model-590,Automotive,Interior Accessories,Echo,209.31,496.62,1
7590,SKU-SPO-007590,Apex Fitness Gear Model-591,Sports & Outdoors,Fitness Gear,Apex,98.04,138.62,1
7591,SKU-AUT-007591,Aura Tools & Equipment Model-592,Automotive,Tools & Equipment,Aura,390.29,616.87,1
7592,SKU-AUT-007592,Pulse Oils & Fluids Model-593,Automotive,Oils & Fluids,Pulse,33.19,58.23,1
7593,SKU-APP-007593,Apex Accessories Model-594,Apparel,Accessories,Apex,329.96,584,1
7594,SKU-SPO-007594,Echo Camping & Hiking Model-595,Sports & Outdoors,Camping & Hiking,Echo,131.4,167.5,1
7595,SKU-ELE-007595,Lumina Smartphones Model-596,Electronics,Smartphones,Lumina,232.08,471.76,1
7596,SKU-SPO-007596,Aura Fitness Gear Model-597,Sports & Outdoors,Fitness Gear,Aura,21.28,42.75,1
7597,SKU-GRO-007597,Matrix Canned Goods Model-598,Grocery & Pantry,Canned Goods,Matrix,243.96,462.12,1
7598,SKU-BEA-007598,Zenith Cosmetics Model-599,Beauty & Care,Cosmetics,Zenith,113.17,181.6,0
7599,SKU-TOY-007599,Zenith Educational Toys Model-600,Toys & Games,Educational Toys,Zenith,444.89,928.75,1
7600,SKU-TOY-007600,Vortex Educational Toys Model-601,Toys & Games,Educational Toys,Vortex,78.41,129.4,1
7601,SKU-APP-007601,Titan Outerwear Model-602,Apparel,Outerwear,Titan,160.86,308.76,1
7602,SKU-GRO-007602,Zenith Condiments Model-603,Grocery & Pantry,Condiments,Zenith,442.6,627.79,1
7603,SKU-TOY-007603,Matrix Board Games Model-604,Toys & Games,Board Games,Matrix,317.17,425.55,1
7604,SKU-ELE-007604,Vortex Smartphones Model-605,Electronics,Smartphones,Vortex,168.06,286.82,1
7605,SKU-BEA-007605,Pulse Fragrances Model-606,Beauty & Care,Fragrances,Pulse,253.11,395.98,0
7606,SKU-SPO-007606,Sol Cycling Model-607,Sports & Outdoors,Cycling,Sol,84.02,125.62,0
7607,SKU-SPO-007607,Apex Fitness Gear Model-608,Sports & Outdoors,Fitness Gear,Apex,146.33,327.31,1
7608,SKU-ELE-007608,Pulse Smartphones Model-609,Electronics,Smartphones,Pulse,50,113.74,0
7609,SKU-GRO-007609,Prism Organic Foods Model-610,Grocery & Pantry,Organic Foods,Prism,368.84,589.49,1
7610,SKU-APP-007610,Lumina Accessories Model-611,Apparel,Accessories,Lumina,387.1,720.83,1
7611,SKU-BEA-007611,Titan Haircare Model-612,Beauty & Care,Haircare,Titan,414.85,980.83,1
7612,SKU-ELE-007612,Horizon Laptops Model-613,Electronics,Laptops,Horizon,111.58,264.42,1
7613,SKU-SPO-007613,Nova Fitness Gear Model-614,Sports & Outdoors,Fitness Gear,Nova,172.56,229.55,1
7614,SKU-SPO-007614,Lumina Team Sports Model-615,Sports & Outdoors,Team Sports,Lumina,376.98,543.62,1
7615,SKU-TOY-007615,Apex Puzzles Model-616,Toys & Games,Puzzles,Apex,266.24,579.43,1
7616,SKU-AUT-007616,Zenith Tools & Equipment Model-617,Automotive,Tools & Equipment,Zenith,121.55,231.11,1
7617,SKU-APP-007617,Echo Footwear Model-618,Apparel,Footwear,Echo,242.44,360.46,1
7618,SKU-TOY-007618,Vortex Outdoor Toys Model-619,Toys & Games,Outdoor Toys,Vortex,18.14,33.61,1
7619,SKU-HOM-007619,Summit Small Appliances Model-620,Home & Kitchen,Small Appliances,Summit,66.66,148.47,1
7620,SKU-TOY-007620,Nova Outdoor Toys Model-621,Toys & Games,Outdoor Toys,Nova,95.03,182.1,1
7621,SKU-TOY-007621,Vortex Board Games Model-622,Toys & Games,Board Games,Vortex,230.98,330.96,1
7622,SKU-APP-007622,Titan Men's Clothing Model-623,Apparel,Men's Clothing,Titan,362.88,691.69,0
7623,SKU-SPO-007623,Sol Camping & Hiking Model-624,Sports & Outdoors,Camping & Hiking,Sol,255.45,496.37,1
7624,SKU-GRO-007624,Aura Breakfast Model-625,Grocery & Pantry,Breakfast,Aura,357.45,541.86,1
7625,SKU-ELE-007625,Pulse Laptops Model-626,Electronics,Laptops,Pulse,22.71,33.19,1
7626,SKU-AUT-007626,Matrix Interior Accessories Model-627,Automotive,Interior Accessories,Matrix,342.77,682.37,1
7627,SKU-APP-007627,Nova Footwear Model-628,Apparel,Footwear,Nova,67.31,152.45,1
7628,SKU-AUT-007628,Summit Interior Accessories Model-629,Automotive,Interior Accessories,Summit,325.02,802.83,1
7629,SKU-BEA-007629,Matrix Personal Care Model-630,Beauty & Care,Personal Care,Matrix,64.03,120.19,1
7630,SKU-APP-007630,Velocity Men's Clothing Model-631,Apparel,Men's Clothing,Velocity,426.87,916.81,1
7631,SKU-ELE-007631,Pulse Audio & Headphones Model-632,Electronics,Audio & Headphones,Pulse,384.24,503.29,1
7632,SKU-HOM-007632,Vortex Storage Model-633,Home & Kitchen,Storage,Vortex,182.64,453.73,1
7633,SKU-AUT-007633,Nova Interior Accessories Model-634,Automotive,Interior Accessories,Nova,415.97,532.89,1
7634,SKU-SPO-007634,Sol Team Sports Model-635,Sports & Outdoors,Team Sports,Sol,245.79,423.26,1
7635,SKU-TOY-007635,Prism Puzzles Model-636,Toys & Games,Puzzles,Prism,436.26,753.82,1
7636,SKU-GRO-007636,Prism Snacks Model-637,Grocery & Pantry,Snacks,Prism,244.08,608.12,1
7637,SKU-AUT-007637,Aura Car Care Model-638,Automotive,Car Care,Aura,346.01,676.09,1
7638,SKU-SPO-007638,Summit Water Sports Model-639,Sports & Outdoors,Water Sports,Summit,26.03,46.43,1
7639,SKU-SPO-007639,Zenith Team Sports Model-640,Sports & Outdoors,Team Sports,Zenith,214.5,330.12,1
7640,SKU-HOM-007640,Horizon Cookware Model-641,Home & Kitchen,Cookware,Horizon,115.46,273.98,1
7641,SKU-APP-007641,Echo Outerwear Model-642,Apparel,Outerwear,Echo,276.23,566.92,1
7642,SKU-HOM-007642,Nova Small Appliances Model-643,Home & Kitchen,Small Appliances,Nova,151.58,295.15,1
7643,SKU-AUT-007643,Pulse Tools & Equipment Model-644,Automotive,Tools & Equipment,Pulse,438.48,606.72,1
7644,SKU-APP-007644,Echo Footwear Model-645,Apparel,Footwear,Echo,25.2,39.07,1
7645,SKU-GRO-007645,Echo Breakfast Model-646,Grocery & Pantry,Breakfast,Echo,227.21,294.2,1
7646,SKU-AUT-007646,Lumina Car Care Model-647,Automotive,Car Care,Lumina,424.29,1005.02,1
7647,SKU-TOY-007647,Pulse Outdoor Toys Model-648,Toys & Games,Outdoor Toys,Pulse,361.7,828.3,1
7648,SKU-BEA-007648,Velocity Personal Care Model-649,Beauty & Care,Personal Care,Velocity,22.36,42.65,1
7649,SKU-ELE-007649,Matrix Accessories Model-650,Electronics,Accessories,Matrix,147.34,284.56,1
7650,SKU-TOY-007650,Aura Board Games Model-651,Toys & Games,Board Games,Aura,239.6,307.07,0
7651,SKU-TOY-007651,Velocity Outdoor Toys Model-652,Toys & Games,Outdoor Toys,Velocity,393.71,831.35,1
7652,SKU-APP-007652,Prism Accessories Model-653,Apparel,Accessories,Prism,232.9,302.95,1
7653,SKU-TOY-007653,Zenith Educational Toys Model-654,Toys & Games,Educational Toys,Zenith,167.92,289.87,1
7654,SKU-AUT-007654,Pulse Tools & Equipment Model-655,Automotive,Tools & Equipment,Pulse,346.56,492.4,1
7655,SKU-GRO-007655,Nova Canned Goods Model-656,Grocery & Pantry,Canned Goods,Nova,395.85,744.09,0
7656,SKU-SPO-007656,Nova Team Sports Model-657,Sports & Outdoors,Team Sports,Nova,307.82,419.43,1
7657,SKU-APP-007657,Velocity Outerwear Model-658,Apparel,Outerwear,Velocity,212.77,474.86,1
7658,SKU-SPO-007658,Prism Team Sports Model-659,Sports & Outdoors,Team Sports,Prism,7.52,10.43,1
7659,SKU-SPO-007659,Lumina Camping & Hiking Model-660,Sports & Outdoors,Camping & Hiking,Lumina,199.15,315.63,0
7660,SKU-GRO-007660,Pulse Canned Goods Model-661,Grocery & Pantry,Canned Goods,Pulse,380.65,578.85,1
7661,SKU-GRO-007661,Pulse Organic Foods Model-662,Grocery & Pantry,Organic Foods,Pulse,194.31,251.91,1
7662,SKU-HOM-007662,Lumina Furniture Model-663,Home & Kitchen,Furniture,Lumina,348.37,443.54,1
7663,SKU-BEA-007663,Nova Fragrances Model-664,Beauty & Care,Fragrances,Nova,359.28,496.63,1
7664,SKU-HOM-007664,Titan Storage Model-665,Home & Kitchen,Storage,Titan,407.85,554.4,1
7665,SKU-ELE-007665,Zenith Audio & Headphones Model-666,Electronics,Audio & Headphones,Zenith,429.16,870.81,1
7666,SKU-APP-007666,Sol Women's Clothing Model-667,Apparel,Women's Clothing,Sol,98.61,149.42,1
7667,SKU-TOY-007667,Sol Outdoor Toys Model-668,Toys & Games,Outdoor Toys,Sol,213.34,307.14,1
7668,SKU-APP-007668,Velocity Footwear Model-669,Apparel,Footwear,Velocity,60.61,78.47,1
7669,SKU-SPO-007669,Zenith Water Sports Model-670,Sports & Outdoors,Water Sports,Zenith,116.86,222.64,1
7670,SKU-SPO-007670,Pulse Camping & Hiking Model-671,Sports & Outdoors,Camping & Hiking,Pulse,276.86,564.31,1
7671,SKU-TOY-007671,Apex Outdoor Toys Model-672,Toys & Games,Outdoor Toys,Apex,171.42,268.96,0
7672,SKU-GRO-007672,Sol Canned Goods Model-673,Grocery & Pantry,Canned Goods,Sol,208.91,355.64,1
7673,SKU-BEA-007673,Lumina Haircare Model-674,Beauty & Care,Haircare,Lumina,306.34,487.92,0
7674,SKU-AUT-007674,Echo Tools & Equipment Model-675,Automotive,Tools & Equipment,Echo,97.74,193.37,1
7675,SKU-HOM-007675,Echo Decor Model-676,Home & Kitchen,Decor,Echo,176.76,264.34,1
7676,SKU-SPO-007676,Nova Water Sports Model-677,Sports & Outdoors,Water Sports,Nova,427.25,577.26,1
7677,SKU-AUT-007677,Vortex Interior Accessories Model-678,Automotive,Interior Accessories,Vortex,213.52,377.87,1
7678,SKU-AUT-007678,Echo Tools & Equipment Model-679,Automotive,Tools & Equipment,Echo,114.88,185.91,1
7679,SKU-ELE-007679,Apex Smart Home Model-680,Electronics,Smart Home,Apex,410.63,932.49,1
7680,SKU-HOM-007680,Velocity Bedding Model-681,Home & Kitchen,Bedding,Velocity,293.97,406.96,1
7681,SKU-APP-007681,Velocity Footwear Model-682,Apparel,Footwear,Velocity,364.26,900.43,1
7682,SKU-BEA-007682,Vortex Cosmetics Model-683,Beauty & Care,Cosmetics,Vortex,429.54,992.19,1
7683,SKU-HOM-007683,Vortex Storage Model-684,Home & Kitchen,Storage,Vortex,122.78,206.36,1
7684,SKU-HOM-007684,Matrix Cookware Model-685,Home & Kitchen,Cookware,Matrix,356.79,640.08,1
7685,SKU-GRO-007685,Aura Organic Foods Model-686,Grocery & Pantry,Organic Foods,Aura,271.73,423.85,1
7686,SKU-AUT-007686,Aura Tools & Equipment Model-687,Automotive,Tools & Equipment,Aura,375.56,769.71,0
7687,SKU-HOM-007687,Echo Bedding Model-688,Home & Kitchen,Bedding,Echo,337.63,673.69,1
7688,SKU-HOM-007688,Pulse Storage Model-689,Home & Kitchen,Storage,Pulse,197.51,490.31,1
7689,SKU-AUT-007689,Vortex Tools & Equipment Model-690,Automotive,Tools & Equipment,Vortex,241.82,519.01,0
7690,SKU-TOY-007690,Titan Outdoor Toys Model-691,Toys & Games,Outdoor Toys,Titan,303.57,658.92,1
7691,SKU-BEA-007691,Sol Skincare Model-692,Beauty & Care,Skincare,Sol,350.08,835.39,1
7692,SKU-GRO-007692,Lumina Breakfast Model-693,Grocery & Pantry,Breakfast,Lumina,339,548.31,0
7693,SKU-BEA-007693,Sol Haircare Model-694,Beauty & Care,Haircare,Sol,205.69,447.22,1
7694,SKU-ELE-007694,Pulse Smart Home Model-695,Electronics,Smart Home,Pulse,447.9,655.55,1
7695,SKU-APP-007695,Titan Accessories Model-696,Apparel,Accessories,Titan,329.6,572.27,1
7696,SKU-BEA-007696,Summit Haircare Model-697,Beauty & Care,Haircare,Summit,374.93,886.01,1
7697,SKU-APP-007697,Lumina Outerwear Model-698,Apparel,Outerwear,Lumina,37.48,53.82,1
7698,SKU-HOM-007698,Zenith Small Appliances Model-699,Home & Kitchen,Small Appliances,Zenith,56.19,135.76,1
7699,SKU-AUT-007699,Echo Interior Accessories Model-700,Automotive,Interior Accessories,Echo,49.3,87.09,1
7700,SKU-AUT-007700,Pulse Car Care Model-701,Automotive,Car Care,Pulse,278.68,469.76,1
7701,SKU-BEA-007701,Lumina Cosmetics Model-702,Beauty & Care,Cosmetics,Lumina,445.76,1039.25,1
7702,SKU-SPO-007702,Apex Camping & Hiking Model-703,Sports & Outdoors,Camping & Hiking,Apex,158.23,332.18,1
7703,SKU-TOY-007703,Velocity Educational Toys Model-704,Toys & Games,Educational Toys,Velocity,374.09,914.02,1
7704,SKU-GRO-007704,Zenith Condiments Model-705,Grocery & Pantry,Condiments,Zenith,284.37,701.54,1
7705,SKU-SPO-007705,Titan Cycling Model-706,Sports & Outdoors,Cycling,Titan,352.05,468.54,0
7706,SKU-SPO-007706,Prism Cycling Model-707,Sports & Outdoors,Cycling,Prism,416.54,719.21,1
7707,SKU-AUT-007707,Apex Car Care Model-708,Automotive,Car Care,Apex,169.42,286.75,1
7708,SKU-ELE-007708,Titan Laptops Model-709,Electronics,Laptops,Titan,52.89,111.29,1
7709,SKU-APP-007709,Vortex Accessories Model-710,Apparel,Accessories,Vortex,236.96,351.58,1
7710,SKU-BEA-007710,Velocity Cosmetics Model-711,Beauty & Care,Cosmetics,Velocity,197.87,274.3,1
7711,SKU-HOM-007711,Zenith Storage Model-712,Home & Kitchen,Storage,Zenith,128.23,225.63,1
7712,SKU-TOY-007712,Vortex Board Games Model-713,Toys & Games,Board Games,Vortex,25.36,54.69,1
7713,SKU-TOY-007713,Sol Puzzles Model-714,Toys & Games,Puzzles,Sol,169.72,223.19,1
7714,SKU-SPO-007714,Pulse Camping & Hiking Model-715,Sports & Outdoors,Camping & Hiking,Pulse,238.14,464.04,1
7715,SKU-SPO-007715,Aura Camping & Hiking Model-716,Sports & Outdoors,Camping & Hiking,Aura,396.75,946.78,1
7716,SKU-SPO-007716,Pulse Water Sports Model-717,Sports & Outdoors,Water Sports,Pulse,281.81,666.14,1
7717,SKU-ELE-007717,Summit Wearables Model-718,Electronics,Wearables,Summit,412.44,766.13,1
7718,SKU-TOY-007718,Echo Educational Toys Model-719,Toys & Games,Educational Toys,Echo,418.3,601.47,1
7719,SKU-GRO-007719,Aura Breakfast Model-720,Grocery & Pantry,Breakfast,Aura,359.67,670.22,1
7720,SKU-GRO-007720,Titan Condiments Model-721,Grocery & Pantry,Condiments,Titan,161.11,372.2,1
7721,SKU-HOM-007721,Matrix Decor Model-722,Home & Kitchen,Decor,Matrix,228.39,322.33,1
7722,SKU-AUT-007722,Matrix Interior Accessories Model-723,Automotive,Interior Accessories,Matrix,182.27,276.38,1
7723,SKU-ELE-007723,Summit Smart Home Model-724,Electronics,Smart Home,Summit,139.12,316.93,1
7724,SKU-SPO-007724,Echo Cycling Model-725,Sports & Outdoors,Cycling,Echo,241.11,419.89,1
7725,SKU-HOM-007725,Zenith Bedding Model-726,Home & Kitchen,Bedding,Zenith,123.46,261.24,1
7726,SKU-SPO-007726,Matrix Team Sports Model-727,Sports & Outdoors,Team Sports,Matrix,260.58,392.56,1
7727,SKU-AUT-007727,Sol Tools & Equipment Model-728,Automotive,Tools & Equipment,Sol,257.77,327.4,1
7728,SKU-SPO-007728,Zenith Team Sports Model-729,Sports & Outdoors,Team Sports,Zenith,392.61,624.15,1
7729,SKU-TOY-007729,Summit Action Figures Model-730,Toys & Games,Action Figures,Summit,346.64,706.93,1
7730,SKU-SPO-007730,Echo Camping & Hiking Model-731,Sports & Outdoors,Camping & Hiking,Echo,279.12,432.27,1
7731,SKU-HOM-007731,Summit Storage Model-732,Home & Kitchen,Storage,Summit,314.28,723.02,1
7732,SKU-APP-007732,Prism Accessories Model-733,Apparel,Accessories,Prism,369.25,648.89,1
7733,SKU-TOY-007733,Titan Board Games Model-734,Toys & Games,Board Games,Titan,233.98,441.31,1
7734,SKU-ELE-007734,Velocity Laptops Model-735,Electronics,Laptops,Velocity,392.41,724.1,1
7735,SKU-SPO-007735,Velocity Water Sports Model-736,Sports & Outdoors,Water Sports,Velocity,25.36,52.26,1
7736,SKU-SPO-007736,Sol Camping & Hiking Model-737,Sports & Outdoors,Camping & Hiking,Sol,112.56,201.78,1
7737,SKU-AUT-007737,Aura Car Care Model-738,Automotive,Car Care,Aura,168.62,418.68,1
7738,SKU-TOY-007738,Matrix Action Figures Model-739,Toys & Games,Action Figures,Matrix,255.62,495.12,1
7739,SKU-GRO-007739,Pulse Canned Goods Model-740,Grocery & Pantry,Canned Goods,Pulse,354.73,724.99,1
7740,SKU-HOM-007740,Pulse Bedding Model-741,Home & Kitchen,Bedding,Pulse,120.97,204.77,1
7741,SKU-AUT-007741,Sol Interior Accessories Model-742,Automotive,Interior Accessories,Sol,113.27,170.59,1
7742,SKU-HOM-007742,Vortex Small Appliances Model-743,Home & Kitchen,Small Appliances,Vortex,115.07,272.5,1
7743,SKU-AUT-007743,Apex Tools & Equipment Model-744,Automotive,Tools & Equipment,Apex,71.48,117.57,1
7744,SKU-SPO-007744,Vortex Water Sports Model-745,Sports & Outdoors,Water Sports,Vortex,300.76,452.73,1
7745,SKU-AUT-007745,Titan Oils & Fluids Model-746,Automotive,Oils & Fluids,Titan,314.52,638.05,1
7746,SKU-AUT-007746,Aura Tools & Equipment Model-747,Automotive,Tools & Equipment,Aura,128.69,316.3,1
7747,SKU-GRO-007747,Aura Breakfast Model-748,Grocery & Pantry,Breakfast,Aura,191.06,319.57,1
7748,SKU-HOM-007748,Sol Decor Model-749,Home & Kitchen,Decor,Sol,323.89,654.67,1
7749,SKU-APP-007749,Matrix Men's Clothing Model-750,Apparel,Men's Clothing,Matrix,439.13,1007.01,1
7750,SKU-HOM-007750,Vortex Furniture Model-751,Home & Kitchen,Furniture,Vortex,259.68,612.94,1
7751,SKU-GRO-007751,Aura Canned Goods Model-752,Grocery & Pantry,Canned Goods,Aura,408.72,859.58,1
7752,SKU-BEA-007752,Velocity Personal Care Model-753,Beauty & Care,Personal Care,Velocity,236.23,430.09,1
7753,SKU-BEA-007753,Matrix Haircare Model-754,Beauty & Care,Haircare,Matrix,137.23,250.19,1
7754,SKU-SPO-007754,Pulse Team Sports Model-755,Sports & Outdoors,Team Sports,Pulse,146.61,354.09,1
7755,SKU-GRO-007755,Matrix Beverages Model-756,Grocery & Pantry,Beverages,Matrix,274.9,417.67,1
7756,SKU-GRO-007756,Pulse Canned Goods Model-757,Grocery & Pantry,Canned Goods,Pulse,412.27,788.69,1
7757,SKU-HOM-007757,Summit Small Appliances Model-758,Home & Kitchen,Small Appliances,Summit,150.17,324.82,1
7758,SKU-GRO-007758,Matrix Beverages Model-759,Grocery & Pantry,Beverages,Matrix,6.49,9.93,1
7759,SKU-SPO-007759,Sol Cycling Model-760,Sports & Outdoors,Cycling,Sol,348.53,774.95,1
7760,SKU-SPO-007760,Sol Water Sports Model-761,Sports & Outdoors,Water Sports,Sol,296.94,512.3,1
7761,SKU-ELE-007761,Horizon Wearables Model-762,Electronics,Wearables,Horizon,398.67,562.22,1
7762,SKU-TOY-007762,Matrix Board Games Model-763,Toys & Games,Board Games,Matrix,303.35,569.45,1
7763,SKU-GRO-007763,Vortex Beverages Model-764,Grocery & Pantry,Beverages,Vortex,305.94,608.02,1
7764,SKU-BEA-007764,Summit Fragrances Model-765,Beauty & Care,Fragrances,Summit,34.22,65.86,1
7765,SKU-AUT-007765,Titan Interior Accessories Model-766,Automotive,Interior Accessories,Titan,128.25,201.58,1
7766,SKU-TOY-007766,Zenith Outdoor Toys Model-767,Toys & Games,Outdoor Toys,Zenith,391.38,514.23,1
7767,SKU-ELE-007767,Aura Smart Home Model-768,Electronics,Smart Home,Aura,253,338.97,1
7768,SKU-GRO-007768,Lumina Condiments Model-769,Grocery & Pantry,Condiments,Lumina,281.13,622.22,1
7769,SKU-HOM-007769,Summit Storage Model-770,Home & Kitchen,Storage,Summit,333.19,832.69,1
7770,SKU-SPO-007770,Summit Camping & Hiking Model-771,Sports & Outdoors,Camping & Hiking,Summit,165.6,366.53,1
7771,SKU-ELE-007771,Matrix Audio & Headphones Model-772,Electronics,Audio & Headphones,Matrix,43.12,96.44,1
7772,SKU-GRO-007772,Vortex Organic Foods Model-773,Grocery & Pantry,Organic Foods,Vortex,385.8,852.21,1
7773,SKU-BEA-007773,Zenith Fragrances Model-774,Beauty & Care,Fragrances,Zenith,241.61,535.19,1
7774,SKU-TOY-007774,Aura Puzzles Model-775,Toys & Games,Puzzles,Aura,272.2,525.96,0
7775,SKU-AUT-007775,Prism Oils & Fluids Model-776,Automotive,Oils & Fluids,Prism,144.7,350.84,1
7776,SKU-APP-007776,Pulse Footwear Model-777,Apparel,Footwear,Pulse,123.14,204.65,1
7777,SKU-AUT-007777,Vortex Car Care Model-778,Automotive,Car Care,Vortex,80.64,102.2,1
7778,SKU-SPO-007778,Sol Team Sports Model-779,Sports & Outdoors,Team Sports,Sol,356.79,550.75,1
7779,SKU-APP-007779,Titan Accessories Model-780,Apparel,Accessories,Titan,418.5,824.98,1
7780,SKU-ELE-007780,Zenith Audio & Headphones Model-781,Electronics,Audio & Headphones,Zenith,131.27,296.47,1
7781,SKU-AUT-007781,Prism Interior Accessories Model-782,Automotive,Interior Accessories,Prism,355.08,583.4,1
7782,SKU-APP-007782,Titan Women's Clothing Model-783,Apparel,Women's Clothing,Titan,110.8,187.21,0
7783,SKU-ELE-007783,Aura Wearables Model-784,Electronics,Wearables,Aura,433.11,641.01,1
7784,SKU-APP-007784,Lumina Women's Clothing Model-785,Apparel,Women's Clothing,Lumina,408.87,834.52,1
7785,SKU-BEA-007785,Apex Personal Care Model-786,Beauty & Care,Personal Care,Apex,207.02,284.8,1
7786,SKU-BEA-007786,Zenith Skincare Model-787,Beauty & Care,Skincare,Zenith,339.34,447,1
7787,SKU-SPO-007787,Vortex Camping & Hiking Model-788,Sports & Outdoors,Camping & Hiking,Vortex,49.01,83.16,1
7788,SKU-TOY-007788,Horizon Educational Toys Model-789,Toys & Games,Educational Toys,Horizon,24.39,58.92,1
7789,SKU-AUT-007789,Pulse Tools & Equipment Model-790,Automotive,Tools & Equipment,Pulse,289.51,396.46,1
7790,SKU-SPO-007790,Apex Water Sports Model-791,Sports & Outdoors,Water Sports,Apex,15.71,25.86,1
7791,SKU-GRO-007791,Summit Canned Goods Model-792,Grocery & Pantry,Canned Goods,Summit,370.03,660.69,1
7792,SKU-HOM-007792,Nova Small Appliances Model-793,Home & Kitchen,Small Appliances,Nova,211.17,516.93,1
7793,SKU-BEA-007793,Titan Cosmetics Model-794,Beauty & Care,Cosmetics,Titan,340.08,800.62,1
7794,SKU-ELE-007794,Horizon Smart Home Model-795,Electronics,Smart Home,Horizon,315.58,454.03,1
7795,SKU-SPO-007795,Velocity Cycling Model-796,Sports & Outdoors,Cycling,Velocity,411.93,928.54,1
7796,SKU-TOY-007796,Zenith Outdoor Toys Model-797,Toys & Games,Outdoor Toys,Zenith,381.15,512.44,1
7797,SKU-APP-007797,Summit Outerwear Model-798,Apparel,Outerwear,Summit,32.09,52.77,1
7798,SKU-ELE-007798,Prism Smart Home Model-799,Electronics,Smart Home,Prism,210.96,438.14,1
7799,SKU-APP-007799,Sol Men's Clothing Model-800,Apparel,Men's Clothing,Sol,11.2,16.42,1
7800,SKU-AUT-007800,Pulse Oils & Fluids Model-801,Automotive,Oils & Fluids,Pulse,196.61,307.64,1
7801,SKU-APP-007801,Apex Women's Clothing Model-802,Apparel,Women's Clothing,Apex,423.88,701.93,1
7802,SKU-BEA-007802,Prism Personal Care Model-803,Beauty & Care,Personal Care,Prism,334.76,420.46,1
7803,SKU-APP-007803,Lumina Outerwear Model-804,Apparel,Outerwear,Lumina,431.44,1016.08,1
7804,SKU-APP-007804,Apex Sportswear Model-805,Apparel,Sportswear,Apex,446.3,589.76,1
7805,SKU-APP-007805,Zenith Accessories Model-806,Apparel,Accessories,Zenith,79.6,135.91,1
7806,SKU-TOY-007806,Aura Puzzles Model-807,Toys & Games,Puzzles,Aura,411.45,702.5,1
7807,SKU-APP-007807,Lumina Sportswear Model-808,Apparel,Sportswear,Lumina,302.73,545.04,1
7808,SKU-ELE-007808,Vortex Wearables Model-809,Electronics,Wearables,Vortex,386.44,648.59,1
7809,SKU-AUT-007809,Horizon Car Care Model-810,Automotive,Car Care,Horizon,150.92,284.41,1
7810,SKU-BEA-007810,Titan Personal Care Model-811,Beauty & Care,Personal Care,Titan,213.13,430.76,1
7811,SKU-HOM-007811,Lumina Furniture Model-812,Home & Kitchen,Furniture,Lumina,256.27,441.55,1
7812,SKU-HOM-007812,Prism Cookware Model-813,Home & Kitchen,Cookware,Prism,143.21,186.6,1
7813,SKU-GRO-007813,Pulse Beverages Model-814,Grocery & Pantry,Beverages,Pulse,69.07,164.37,1
7814,SKU-TOY-007814,Zenith Puzzles Model-815,Toys & Games,Puzzles,Zenith,252.22,423.32,0
7815,SKU-HOM-007815,Horizon Storage Model-816,Home & Kitchen,Storage,Horizon,283,595.12,1
7816,SKU-BEA-007816,Sol Fragrances Model-817,Beauty & Care,Fragrances,Sol,62.26,147.74,1
7817,SKU-TOY-007817,Aura Board Games Model-818,Toys & Games,Board Games,Aura,361.34,871.98,1
7818,SKU-HOM-007818,Prism Furniture Model-819,Home & Kitchen,Furniture,Prism,113.95,268.91,1
7819,SKU-SPO-007819,Apex Cycling Model-820,Sports & Outdoors,Cycling,Apex,319.35,433.72,1
7820,SKU-GRO-007820,Zenith Organic Foods Model-821,Grocery & Pantry,Organic Foods,Zenith,365.48,578.44,1
7821,SKU-GRO-007821,Prism Organic Foods Model-822,Grocery & Pantry,Organic Foods,Prism,172.84,297.24,1
7822,SKU-AUT-007822,Summit Tools & Equipment Model-823,Automotive,Tools & Equipment,Summit,421.13,565.67,1
7823,SKU-ELE-007823,Lumina Smartphones Model-824,Electronics,Smartphones,Lumina,173.13,281.79,1
7824,SKU-TOY-007824,Pulse Outdoor Toys Model-825,Toys & Games,Outdoor Toys,Pulse,415.89,582.81,1
7825,SKU-APP-007825,Titan Men's Clothing Model-826,Apparel,Men's Clothing,Titan,371.56,780.05,1
7826,SKU-GRO-007826,Vortex Beverages Model-827,Grocery & Pantry,Beverages,Vortex,366.14,852.77,1
7827,SKU-SPO-007827,Horizon Team Sports Model-828,Sports & Outdoors,Team Sports,Horizon,179.72,402.75,1
7828,SKU-GRO-007828,Sol Organic Foods Model-829,Grocery & Pantry,Organic Foods,Sol,126.25,244.33,1
7829,SKU-AUT-007829,Sol Tools & Equipment Model-830,Automotive,Tools & Equipment,Sol,417.52,760.21,1
7830,SKU-ELE-007830,Sol Audio & Headphones Model-831,Electronics,Audio & Headphones,Sol,384.52,739.27,1
7831,SKU-GRO-007831,Lumina Condiments Model-832,Grocery & Pantry,Condiments,Lumina,44.27,63.27,1
7832,SKU-HOM-007832,Nova Furniture Model-833,Home & Kitchen,Furniture,Nova,382.69,766.94,0
7833,SKU-SPO-007833,Aura Fitness Gear Model-834,Sports & Outdoors,Fitness Gear,Aura,389.94,937.28,1
7834,SKU-ELE-007834,Echo Laptops Model-835,Electronics,Laptops,Echo,204.67,293.01,1
7835,SKU-TOY-007835,Vortex Board Games Model-836,Toys & Games,Board Games,Vortex,258.88,462.93,1
7836,SKU-SPO-007836,Nova Team Sports Model-837,Sports & Outdoors,Team Sports,Nova,277.53,481.81,1
7837,SKU-AUT-007837,Lumina Car Care Model-838,Automotive,Car Care,Lumina,39.44,87.78,1
7838,SKU-AUT-007838,Sol Tools & Equipment Model-839,Automotive,Tools & Equipment,Sol,89.2,118.79,1
7839,SKU-AUT-007839,Apex Car Care Model-840,Automotive,Car Care,Apex,337.38,700.9,1
7840,SKU-AUT-007840,Matrix Interior Accessories Model-841,Automotive,Interior Accessories,Matrix,204.3,402.78,1
7841,SKU-TOY-007841,Apex Outdoor Toys Model-842,Toys & Games,Outdoor Toys,Apex,192.9,367.72,1
7842,SKU-TOY-007842,Horizon Educational Toys Model-843,Toys & Games,Educational Toys,Horizon,42.25,103.8,1
7843,SKU-AUT-007843,Aura Tools & Equipment Model-844,Automotive,Tools & Equipment,Aura,249.25,441.85,1
7844,SKU-SPO-007844,Apex Cycling Model-845,Sports & Outdoors,Cycling,Apex,230.03,535.32,1
7845,SKU-GRO-007845,Lumina Beverages Model-846,Grocery & Pantry,Beverages,Lumina,13.17,17.97,1
7846,SKU-AUT-007846,Horizon Oils & Fluids Model-847,Automotive,Oils & Fluids,Horizon,48.71,109.77,1
7847,SKU-HOM-007847,Aura Small Appliances Model-848,Home & Kitchen,Small Appliances,Aura,151.74,283.36,1
7848,SKU-TOY-007848,Vortex Outdoor Toys Model-849,Toys & Games,Outdoor Toys,Vortex,436.28,781.68,1
7849,SKU-AUT-007849,Sol Oils & Fluids Model-850,Automotive,Oils & Fluids,Sol,431.12,1039.66,1
7850,SKU-AUT-007850,Lumina Tools & Equipment Model-851,Automotive,Tools & Equipment,Lumina,102.47,222.35,1
7851,SKU-ELE-007851,Pulse Wearables Model-852,Electronics,Wearables,Pulse,377.74,843.63,1
7852,SKU-GRO-007852,Titan Condiments Model-853,Grocery & Pantry,Condiments,Titan,179.31,367.45,1
7853,SKU-HOM-007853,Titan Decor Model-854,Home & Kitchen,Decor,Titan,15.68,27.44,1
7854,SKU-TOY-007854,Matrix Educational Toys Model-855,Toys & Games,Educational Toys,Matrix,197.88,450.55,1
7855,SKU-HOM-007855,Horizon Storage Model-856,Home & Kitchen,Storage,Horizon,373.35,910.47,1
7856,SKU-TOY-007856,Echo Puzzles Model-857,Toys & Games,Puzzles,Echo,8.11,11.49,1
7857,SKU-BEA-007857,Lumina Personal Care Model-858,Beauty & Care,Personal Care,Lumina,384.24,654.27,1
7858,SKU-GRO-007858,Prism Breakfast Model-859,Grocery & Pantry,Breakfast,Prism,215.45,406.55,1
7859,SKU-HOM-007859,Horizon Furniture Model-860,Home & Kitchen,Furniture,Horizon,419.47,945.71,1
7860,SKU-HOM-007860,Prism Small Appliances Model-861,Home & Kitchen,Small Appliances,Prism,110.58,246.6,1
7861,SKU-AUT-007861,Horizon Tools & Equipment Model-862,Automotive,Tools & Equipment,Horizon,247.89,478.32,1
7862,SKU-GRO-007862,Lumina Condiments Model-863,Grocery & Pantry,Condiments,Lumina,399.15,923.61,1
7863,SKU-TOY-007863,Prism Outdoor Toys Model-864,Toys & Games,Outdoor Toys,Prism,413.31,640.96,1
7864,SKU-ELE-007864,Apex Smartphones Model-865,Electronics,Smartphones,Apex,406.29,810.38,1
7865,SKU-APP-007865,Echo Women's Clothing Model-866,Apparel,Women's Clothing,Echo,192.63,481.06,1
7866,SKU-BEA-007866,Sol Haircare Model-867,Beauty & Care,Haircare,Sol,33.71,53.79,1
7867,SKU-TOY-007867,Aura Puzzles Model-868,Toys & Games,Puzzles,Aura,30.13,45,1
7868,SKU-GRO-007868,Horizon Snacks Model-869,Grocery & Pantry,Snacks,Horizon,360.4,618.45,1
7869,SKU-ELE-007869,Sol Laptops Model-870,Electronics,Laptops,Sol,166.84,225.49,1
7870,SKU-GRO-007870,Titan Organic Foods Model-871,Grocery & Pantry,Organic Foods,Titan,151.61,302.62,1
7871,SKU-HOM-007871,Prism Decor Model-872,Home & Kitchen,Decor,Prism,27.68,62.87,1
7872,SKU-BEA-007872,Velocity Fragrances Model-873,Beauty & Care,Fragrances,Velocity,414.65,749.45,1
7873,SKU-APP-007873,Titan Outerwear Model-874,Apparel,Outerwear,Titan,173.68,273.77,1
7874,SKU-HOM-007874,Pulse Storage Model-875,Home & Kitchen,Storage,Pulse,423.49,910.58,1
7875,SKU-GRO-007875,Lumina Condiments Model-876,Grocery & Pantry,Condiments,Lumina,449.25,793.85,1
7876,SKU-APP-007876,Echo Men's Clothing Model-877,Apparel,Men's Clothing,Echo,70.8,90.16,1
7877,SKU-APP-007877,Pulse Men's Clothing Model-878,Apparel,Men's Clothing,Pulse,225.97,299.91,1
7878,SKU-TOY-007878,Pulse Puzzles Model-879,Toys & Games,Puzzles,Pulse,285.27,613.49,1
7879,SKU-APP-007879,Velocity Outerwear Model-880,Apparel,Outerwear,Velocity,200.09,416.44,1
7880,SKU-ELE-007880,Echo Wearables Model-881,Electronics,Wearables,Echo,379.58,802.48,1
7881,SKU-AUT-007881,Apex Car Care Model-882,Automotive,Car Care,Apex,152.75,197.87,1
7882,SKU-GRO-007882,Vortex Beverages Model-883,Grocery & Pantry,Beverages,Vortex,283.19,524.38,1
7883,SKU-APP-007883,Aura Women's Clothing Model-884,Apparel,Women's Clothing,Aura,114.32,260.18,1
7884,SKU-HOM-007884,Echo Bedding Model-885,Home & Kitchen,Bedding,Echo,135.91,332.87,1
7885,SKU-BEA-007885,Sol Personal Care Model-886,Beauty & Care,Personal Care,Sol,35.28,87.9,1
7886,SKU-GRO-007886,Matrix Beverages Model-887,Grocery & Pantry,Beverages,Matrix,20.45,29.29,1
7887,SKU-SPO-007887,Apex Water Sports Model-888,Sports & Outdoors,Water Sports,Apex,214.14,519.97,1
7888,SKU-GRO-007888,Velocity Beverages Model-889,Grocery & Pantry,Beverages,Velocity,396.31,858.07,1
7889,SKU-APP-007889,Titan Footwear Model-890,Apparel,Footwear,Titan,334.01,665.91,1
7890,SKU-TOY-007890,Matrix Outdoor Toys Model-891,Toys & Games,Outdoor Toys,Matrix,396.91,721.12,1
7891,SKU-HOM-007891,Titan Decor Model-892,Home & Kitchen,Decor,Titan,11.06,20.44,1
7892,SKU-BEA-007892,Vortex Cosmetics Model-893,Beauty & Care,Cosmetics,Vortex,39.26,87.86,1
7893,SKU-GRO-007893,Apex Snacks Model-894,Grocery & Pantry,Snacks,Apex,408.18,679.88,1
7894,SKU-APP-007894,Summit Men's Clothing Model-895,Apparel,Men's Clothing,Summit,69.02,159.46,0
7895,SKU-APP-007895,Prism Accessories Model-896,Apparel,Accessories,Prism,117.61,254.99,1
7896,SKU-BEA-007896,Summit Haircare Model-897,Beauty & Care,Haircare,Summit,68.65,97.79,1
7897,SKU-BEA-007897,Summit Skincare Model-898,Beauty & Care,Skincare,Summit,115.01,258.59,1
7898,SKU-HOM-007898,Lumina Decor Model-899,Home & Kitchen,Decor,Lumina,348,514.04,1
7899,SKU-SPO-007899,Nova Cycling Model-900,Sports & Outdoors,Cycling,Nova,21.56,32.2,1
7900,SKU-SPO-007900,Summit Camping & Hiking Model-901,Sports & Outdoors,Camping & Hiking,Summit,28.13,45.18,1
7901,SKU-ELE-007901,Vortex Smartphones Model-902,Electronics,Smartphones,Vortex,163.29,394.2,1
7902,SKU-APP-007902,Horizon Footwear Model-903,Apparel,Footwear,Horizon,139.21,320.45,1
7903,SKU-APP-007903,Titan Women's Clothing Model-904,Apparel,Women's Clothing,Titan,235.39,479.3,1
7904,SKU-BEA-007904,Sol Fragrances Model-905,Beauty & Care,Fragrances,Sol,159.71,381.6,1
7905,SKU-TOY-007905,Pulse Outdoor Toys Model-906,Toys & Games,Outdoor Toys,Pulse,34.54,68.89,1
7906,SKU-TOY-007906,Summit Board Games Model-907,Toys & Games,Board Games,Summit,414.02,656.14,1
7907,SKU-BEA-007907,Velocity Cosmetics Model-908,Beauty & Care,Cosmetics,Velocity,59.65,94.97,1
7908,SKU-APP-007908,Nova Outerwear Model-909,Apparel,Outerwear,Nova,124.44,253.59,1
7909,SKU-HOM-007909,Nova Furniture Model-910,Home & Kitchen,Furniture,Nova,312.76,667.93,1
7910,SKU-SPO-007910,Pulse Cycling Model-911,Sports & Outdoors,Cycling,Pulse,132.28,298.54,1
7911,SKU-HOM-007911,Velocity Storage Model-912,Home & Kitchen,Storage,Velocity,405.42,535.73,1
7912,SKU-TOY-007912,Vortex Puzzles Model-913,Toys & Games,Puzzles,Vortex,95.75,227.56,1
7913,SKU-GRO-007913,Prism Condiments Model-914,Grocery & Pantry,Condiments,Prism,235.02,403.92,1
7914,SKU-SPO-007914,Vortex Camping & Hiking Model-915,Sports & Outdoors,Camping & Hiking,Vortex,404.98,622.49,1
7915,SKU-AUT-007915,Echo Oils & Fluids Model-916,Automotive,Oils & Fluids,Echo,191.01,389.72,1
7916,SKU-ELE-007916,Titan Smart Home Model-917,Electronics,Smart Home,Titan,10.52,25.98,1
7917,SKU-HOM-007917,Aura Bedding Model-918,Home & Kitchen,Bedding,Aura,111.76,205.49,1
7918,SKU-TOY-007918,Velocity Board Games Model-919,Toys & Games,Board Games,Velocity,337.13,509.07,1
7919,SKU-APP-007919,Vortex Footwear Model-920,Apparel,Footwear,Vortex,342.49,834.72,1
7920,SKU-TOY-007920,Apex Outdoor Toys Model-921,Toys & Games,Outdoor Toys,Apex,75.82,172.8,1
7921,SKU-ELE-007921,Vortex Smartphones Model-922,Electronics,Smartphones,Vortex,93.43,134.58,1
7922,SKU-HOM-007922,Zenith Small Appliances Model-923,Home & Kitchen,Small Appliances,Zenith,302.04,465.97,1
7923,SKU-ELE-007923,Lumina Smart Home Model-924,Electronics,Smart Home,Lumina,34.94,55.88,1
7924,SKU-SPO-007924,Lumina Camping & Hiking Model-925,Sports & Outdoors,Camping & Hiking,Lumina,192.19,369.73,1
7925,SKU-AUT-007925,Vortex Car Care Model-926,Automotive,Car Care,Vortex,339.56,445.12,1
7926,SKU-SPO-007926,Zenith Water Sports Model-927,Sports & Outdoors,Water Sports,Zenith,199.35,264.11,1
7927,SKU-SPO-007927,Nova Fitness Gear Model-928,Sports & Outdoors,Fitness Gear,Nova,62.54,122.35,1
7928,SKU-GRO-007928,Lumina Condiments Model-929,Grocery & Pantry,Condiments,Lumina,186.17,385.54,1
7929,SKU-APP-007929,Echo Sportswear Model-930,Apparel,Sportswear,Echo,52.53,100.36,1
7930,SKU-TOY-007930,Echo Puzzles Model-931,Toys & Games,Puzzles,Echo,127.84,312.29,1
7931,SKU-ELE-007931,Vortex Wearables Model-932,Electronics,Wearables,Vortex,351.67,808.02,1
7932,SKU-HOM-007932,Sol Small Appliances Model-933,Home & Kitchen,Small Appliances,Sol,288.89,711.81,1
7933,SKU-APP-007933,Horizon Sportswear Model-934,Apparel,Sportswear,Horizon,6.1,12.75,1
7934,SKU-BEA-007934,Echo Cosmetics Model-935,Beauty & Care,Cosmetics,Echo,444.12,865.17,1
7935,SKU-AUT-007935,Matrix Car Care Model-936,Automotive,Car Care,Matrix,247.83,413.39,1
7936,SKU-APP-007936,Zenith Sportswear Model-937,Apparel,Sportswear,Zenith,252.37,566.48,1
7937,SKU-TOY-007937,Velocity Board Games Model-938,Toys & Games,Board Games,Velocity,403.84,574.24,1
7938,SKU-TOY-007938,Summit Educational Toys Model-939,Toys & Games,Educational Toys,Summit,245.25,350.56,1
7939,SKU-APP-007939,Matrix Footwear Model-940,Apparel,Footwear,Matrix,384.71,783.2,1
7940,SKU-APP-007940,Titan Accessories Model-941,Apparel,Accessories,Titan,156.19,268.17,1
7941,SKU-AUT-007941,Aura Tools & Equipment Model-942,Automotive,Tools & Equipment,Aura,340.24,655.52,1
7942,SKU-ELE-007942,Zenith Audio & Headphones Model-943,Electronics,Audio & Headphones,Zenith,384.06,652.92,1
7943,SKU-GRO-007943,Nova Canned Goods Model-944,Grocery & Pantry,Canned Goods,Nova,385.03,612.94,1
7944,SKU-BEA-007944,Matrix Cosmetics Model-945,Beauty & Care,Cosmetics,Matrix,180.3,276.92,1
7945,SKU-ELE-007945,Velocity Audio & Headphones Model-946,Electronics,Audio & Headphones,Velocity,226.93,296.16,1
7946,SKU-SPO-007946,Vortex Fitness Gear Model-947,Sports & Outdoors,Fitness Gear,Vortex,255.35,541.48,1
7947,SKU-AUT-007947,Titan Oils & Fluids Model-948,Automotive,Oils & Fluids,Titan,398.26,836.15,0
7948,SKU-GRO-007948,Titan Condiments Model-949,Grocery & Pantry,Condiments,Titan,220.59,545.65,0
7949,SKU-BEA-007949,Echo Haircare Model-950,Beauty & Care,Haircare,Echo,258.56,401.39,1
7950,SKU-ELE-007950,Horizon Accessories Model-951,Electronics,Accessories,Horizon,398.78,829.36,1
7951,SKU-GRO-007951,Horizon Organic Foods Model-952,Grocery & Pantry,Organic Foods,Horizon,268.06,615.11,1
7952,SKU-ELE-007952,Lumina Smartphones Model-953,Electronics,Smartphones,Lumina,74.7,117.69,0
7953,SKU-SPO-007953,Summit Camping & Hiking Model-954,Sports & Outdoors,Camping & Hiking,Summit,97.1,162.48,1
7954,SKU-APP-007954,Horizon Sportswear Model-955,Apparel,Sportswear,Horizon,132.73,171.05,1
7955,SKU-AUT-007955,Prism Interior Accessories Model-956,Automotive,Interior Accessories,Prism,154.38,379.83,1
7956,SKU-APP-007956,Apex Footwear Model-957,Apparel,Footwear,Apex,259.99,342.17,1
7957,SKU-SPO-007957,Apex Water Sports Model-958,Sports & Outdoors,Water Sports,Apex,78.58,120.53,1
7958,SKU-GRO-007958,Velocity Snacks Model-959,Grocery & Pantry,Snacks,Velocity,76.29,148.64,1
7959,SKU-AUT-007959,Sol Interior Accessories Model-960,Automotive,Interior Accessories,Sol,170.72,412.52,1
7960,SKU-GRO-007960,Titan Condiments Model-961,Grocery & Pantry,Condiments,Titan,19.59,48.91,1
7961,SKU-HOM-007961,Titan Small Appliances Model-962,Home & Kitchen,Small Appliances,Titan,408.09,637.64,1
7962,SKU-TOY-007962,Aura Outdoor Toys Model-963,Toys & Games,Outdoor Toys,Aura,324.76,789.13,1
7963,SKU-AUT-007963,Apex Interior Accessories Model-964,Automotive,Interior Accessories,Apex,218.06,291.69,1
7964,SKU-GRO-007964,Horizon Breakfast Model-965,Grocery & Pantry,Breakfast,Horizon,15.35,32.09,0
7965,SKU-AUT-007965,Apex Car Care Model-966,Automotive,Car Care,Apex,386,719.63,1
7966,SKU-BEA-007966,Pulse Skincare Model-967,Beauty & Care,Skincare,Pulse,50.69,109.4,1
7967,SKU-ELE-007967,Apex Smartphones Model-968,Electronics,Smartphones,Apex,169.83,229.67,1
7968,SKU-ELE-007968,Titan Laptops Model-969,Electronics,Laptops,Titan,409.76,759.39,0
7969,SKU-AUT-007969,Matrix Tools & Equipment Model-970,Automotive,Tools & Equipment,Matrix,176.29,285.25,1
7970,SKU-AUT-007970,Apex Tools & Equipment Model-971,Automotive,Tools & Equipment,Apex,413.94,706.33,1
7971,SKU-APP-007971,Zenith Footwear Model-972,Apparel,Footwear,Zenith,373.15,620.21,1
7972,SKU-BEA-007972,Nova Cosmetics Model-973,Beauty & Care,Cosmetics,Nova,236.35,360.28,1
7973,SKU-SPO-007973,Sol Camping & Hiking Model-974,Sports & Outdoors,Camping & Hiking,Sol,68.15,155.3,1
7974,SKU-BEA-007974,Velocity Personal Care Model-975,Beauty & Care,Personal Care,Velocity,53.52,99.93,1
7975,SKU-TOY-007975,Prism Action Figures Model-976,Toys & Games,Action Figures,Prism,283.39,651.24,1
7976,SKU-SPO-007976,Titan Team Sports Model-977,Sports & Outdoors,Team Sports,Titan,62.54,135,1
7977,SKU-APP-007977,Apex Outerwear Model-978,Apparel,Outerwear,Apex,15.15,35.99,1
7978,SKU-ELE-007978,Summit Wearables Model-979,Electronics,Wearables,Summit,176.48,405,1
7979,SKU-AUT-007979,Zenith Oils & Fluids Model-980,Automotive,Oils & Fluids,Zenith,168.26,401.46,1
7980,SKU-AUT-007980,Aura Car Care Model-981,Automotive,Car Care,Aura,309.93,715.08,1
7981,SKU-TOY-007981,Matrix Action Figures Model-982,Toys & Games,Action Figures,Matrix,234.97,559.2,1
7982,SKU-BEA-007982,Nova Haircare Model-983,Beauty & Care,Haircare,Nova,413.72,942.05,1
7983,SKU-AUT-007983,Matrix Car Care Model-984,Automotive,Car Care,Matrix,431.91,830.19,1
7984,SKU-ELE-007984,Vortex Smart Home Model-985,Electronics,Smart Home,Vortex,216.29,422.22,1
7985,SKU-BEA-007985,Titan Skincare Model-986,Beauty & Care,Skincare,Titan,187.43,363.59,1
7986,SKU-APP-007986,Sol Outerwear Model-987,Apparel,Outerwear,Sol,151.75,318.36,1
7987,SKU-APP-007987,Zenith Men's Clothing Model-988,Apparel,Men's Clothing,Zenith,271.14,587.77,1
7988,SKU-BEA-007988,Titan Fragrances Model-989,Beauty & Care,Fragrances,Titan,22.2,31.08,1
7989,SKU-HOM-007989,Lumina Bedding Model-990,Home & Kitchen,Bedding,Lumina,156.33,315.23,1
7990,SKU-SPO-007990,Apex Fitness Gear Model-991,Sports & Outdoors,Fitness Gear,Apex,183.33,384.22,1
7991,SKU-TOY-007991,Sol Puzzles Model-992,Toys & Games,Puzzles,Sol,34.8,69.19,1
7992,SKU-APP-007992,Echo Outerwear Model-993,Apparel,Outerwear,Echo,258.75,365.75,1
7993,SKU-BEA-007993,Aura Cosmetics Model-994,Beauty & Care,Cosmetics,Aura,437.13,686.08,1
7994,SKU-APP-007994,Apex Sportswear Model-995,Apparel,Sportswear,Apex,425.12,960.42,0
7995,SKU-GRO-007995,Echo Breakfast Model-996,Grocery & Pantry,Breakfast,Echo,9.22,12.25,1
7996,SKU-APP-007996,Zenith Women's Clothing Model-997,Apparel,Women's Clothing,Zenith,88.95,178.1,1
7997,SKU-SPO-007997,Nova Cycling Model-998,Sports & Outdoors,Cycling,Nova,250.83,525.92,0
7998,SKU-BEA-007998,Vortex Skincare Model-999,Beauty & Care,Skincare,Vortex,183.58,241.34,1
7999,SKU-GRO-007999,Horizon Breakfast Model-1000,Grocery & Pantry,Breakfast,Horizon,341.78,819.71,1
8000,SKU-BEA-008000,Summit Fragrances Model-001,Beauty & Care,Fragrances,Summit,152.91,231.9,1
8001,SKU-ELE-008001,Echo Audio & Headphones Model-002,Electronics,Audio & Headphones,Echo,271.29,539.25,1
8002,SKU-TOY-008002,Summit Educational Toys Model-003,Toys & Games,Educational Toys,Summit,113.46,149.36,1
8003,SKU-APP-008003,Zenith Sportswear Model-004,Apparel,Sportswear,Zenith,323.56,735.16,1
8004,SKU-SPO-008004,Apex Cycling Model-005,Sports & Outdoors,Cycling,Apex,373.3,740.96,1
8005,SKU-AUT-008005,Titan Tools & Equipment Model-006,Automotive,Tools & Equipment,Titan,208.69,458.93,1
8006,SKU-TOY-008006,Horizon Board Games Model-007,Toys & Games,Board Games,Horizon,307.44,508.53,1
8007,SKU-TOY-008007,Pulse Action Figures Model-008,Toys & Games,Action Figures,Pulse,448.89,1076,1
8008,SKU-AUT-008008,Apex Tools & Equipment Model-009,Automotive,Tools & Equipment,Apex,352.06,878.11,1
8009,SKU-TOY-008009,Aura Puzzles Model-010,Toys & Games,Puzzles,Aura,212.38,528.58,0
8010,SKU-ELE-008010,Apex Smartphones Model-011,Electronics,Smartphones,Apex,417.74,815.63,1
8011,SKU-SPO-008011,Apex Camping & Hiking Model-012,Sports & Outdoors,Camping & Hiking,Apex,402.62,711.36,1
8012,SKU-APP-008012,Aura Footwear Model-013,Apparel,Footwear,Aura,375.76,794.92,1
8013,SKU-HOM-008013,Velocity Small Appliances Model-014,Home & Kitchen,Small Appliances,Velocity,240.37,590.85,1
8014,SKU-ELE-008014,Zenith Smartphones Model-015,Electronics,Smartphones,Zenith,37.27,76.7,1
8015,SKU-TOY-008015,Nova Puzzles Model-016,Toys & Games,Puzzles,Nova,268.78,520.5,1
8016,SKU-GRO-008016,Aura Beverages Model-017,Grocery & Pantry,Beverages,Aura,167.56,391.35,1
8017,SKU-GRO-008017,Vortex Breakfast Model-018,Grocery & Pantry,Breakfast,Vortex,349.95,575.79,1
8018,SKU-AUT-008018,Pulse Oils & Fluids Model-019,Automotive,Oils & Fluids,Pulse,387.2,825.85,1
8019,SKU-ELE-008019,Zenith Wearables Model-020,Electronics,Wearables,Zenith,24.91,49.35,1
8020,SKU-HOM-008020,Pulse Bedding Model-021,Home & Kitchen,Bedding,Pulse,423.67,896.58,1
8021,SKU-TOY-008021,Lumina Puzzles Model-022,Toys & Games,Puzzles,Lumina,32.03,56.68,1
8022,SKU-APP-008022,Matrix Accessories Model-023,Apparel,Accessories,Matrix,439.93,804.9,1
8023,SKU-ELE-008023,Lumina Wearables Model-024,Electronics,Wearables,Lumina,368.79,818.34,1
8024,SKU-ELE-008024,Velocity Accessories Model-025,Electronics,Accessories,Velocity,130.2,304.96,1
8025,SKU-GRO-008025,Apex Organic Foods Model-026,Grocery & Pantry,Organic Foods,Apex,430.94,826.34,1
8026,SKU-TOY-008026,Sol Action Figures Model-027,Toys & Games,Action Figures,Sol,419.79,763.17,1
8027,SKU-TOY-008027,Apex Puzzles Model-028,Toys & Games,Puzzles,Apex,238.56,423.61,1
8028,SKU-APP-008028,Matrix Footwear Model-029,Apparel,Footwear,Matrix,162.76,402.76,1
8029,SKU-AUT-008029,Lumina Car Care Model-030,Automotive,Car Care,Lumina,245.56,433.6,1
8030,SKU-TOY-008030,Vortex Educational Toys Model-031,Toys & Games,Educational Toys,Vortex,223.53,423.4,1
8031,SKU-GRO-008031,Vortex Breakfast Model-032,Grocery & Pantry,Breakfast,Vortex,393.83,862.59,1
8032,SKU-SPO-008032,Lumina Cycling Model-033,Sports & Outdoors,Cycling,Lumina,202.73,374.8,1
8033,SKU-BEA-008033,Zenith Skincare Model-034,Beauty & Care,Skincare,Zenith,133.42,174.64,1
8034,SKU-SPO-008034,Titan Fitness Gear Model-035,Sports & Outdoors,Fitness Gear,Titan,128.69,293.67,1
8035,SKU-BEA-008035,Prism Fragrances Model-036,Beauty & Care,Fragrances,Prism,103.22,161.6,1
8036,SKU-GRO-008036,Nova Snacks Model-037,Grocery & Pantry,Snacks,Nova,72.94,143.2,1
8037,SKU-AUT-008037,Nova Car Care Model-038,Automotive,Car Care,Nova,136.87,196.93,1
8038,SKU-ELE-008038,Pulse Laptops Model-039,Electronics,Laptops,Pulse,65.32,111.33,1
8039,SKU-BEA-008039,Echo Cosmetics Model-040,Beauty & Care,Cosmetics,Echo,250.92,567.06,1
8040,SKU-AUT-008040,Aura Car Care Model-041,Automotive,Car Care,Aura,163.7,339.24,1
8041,SKU-AUT-008041,Vortex Car Care Model-042,Automotive,Car Care,Vortex,338.71,794.08,1
8042,SKU-AUT-008042,Matrix Interior Accessories Model-043,Automotive,Interior Accessories,Matrix,100.64,212.48,1
8043,SKU-SPO-008043,Titan Cycling Model-044,Sports & Outdoors,Cycling,Titan,34.25,44.79,1
8044,SKU-TOY-008044,Velocity Outdoor Toys Model-045,Toys & Games,Outdoor Toys,Velocity,333.14,620.57,1
8045,SKU-AUT-008045,Echo Car Care Model-046,Automotive,Car Care,Echo,417,986.66,1
8046,SKU-GRO-008046,Echo Condiments Model-047,Grocery & Pantry,Condiments,Echo,62.3,155.22,1
8047,SKU-ELE-008047,Velocity Smart Home Model-048,Electronics,Smart Home,Velocity,209.43,299.49,1
8048,SKU-SPO-008048,Vortex Fitness Gear Model-049,Sports & Outdoors,Fitness Gear,Vortex,303.05,509.47,1
8049,SKU-APP-008049,Lumina Sportswear Model-050,Apparel,Sportswear,Lumina,406.59,891.63,1
8050,SKU-ELE-008050,Matrix Smartphones Model-051,Electronics,Smartphones,Matrix,295.58,629.5,1
8051,SKU-HOM-008051,Velocity Bedding Model-052,Home & Kitchen,Bedding,Velocity,258.18,501.48,1
8052,SKU-SPO-008052,Matrix Team Sports Model-053,Sports & Outdoors,Team Sports,Matrix,45.01,74.6,1
8053,SKU-GRO-008053,Titan Breakfast Model-054,Grocery & Pantry,Breakfast,Titan,428.51,592.44,1
8054,SKU-GRO-008054,Horizon Condiments Model-055,Grocery & Pantry,Condiments,Horizon,389.62,653.49,1
8055,SKU-APP-008055,Lumina Women's Clothing Model-056,Apparel,Women's Clothing,Lumina,260.07,485.77,1
8056,SKU-ELE-008056,Apex Smartphones Model-057,Electronics,Smartphones,Apex,304.88,709.77,1
8057,SKU-BEA-008057,Summit Skincare Model-058,Beauty & Care,Skincare,Summit,79.12,117.93,1
8058,SKU-BEA-008058,Aura Skincare Model-059,Beauty & Care,Skincare,Aura,69.85,161.8,1
8059,SKU-BEA-008059,Matrix Skincare Model-060,Beauty & Care,Skincare,Matrix,93.94,165,1
8060,SKU-APP-008060,Velocity Men's Clothing Model-061,Apparel,Men's Clothing,Velocity,162.3,246.8,1
8061,SKU-GRO-008061,Sol Breakfast Model-062,Grocery & Pantry,Breakfast,Sol,337.98,579.73,1
8062,SKU-TOY-008062,Matrix Outdoor Toys Model-063,Toys & Games,Outdoor Toys,Matrix,223.71,403.16,1
8063,SKU-GRO-008063,Lumina Breakfast Model-064,Grocery & Pantry,Breakfast,Lumina,21.16,33.38,1
8064,SKU-BEA-008064,Lumina Haircare Model-065,Beauty & Care,Haircare,Lumina,402.47,964.56,1
8065,SKU-APP-008065,Titan Footwear Model-066,Apparel,Footwear,Titan,74.86,96.33,1
8066,SKU-BEA-008066,Apex Personal Care Model-067,Beauty & Care,Personal Care,Apex,301.18,540.9,0
8067,SKU-GRO-008067,Summit Canned Goods Model-068,Grocery & Pantry,Canned Goods,Summit,169.83,324.78,1
8068,SKU-TOY-008068,Prism Board Games Model-069,Toys & Games,Board Games,Prism,161.81,395.37,1
8069,SKU-APP-008069,Echo Footwear Model-070,Apparel,Footwear,Echo,351.51,752.55,1
8070,SKU-SPO-008070,Summit Team Sports Model-071,Sports & Outdoors,Team Sports,Summit,130.01,270.18,1
8071,SKU-HOM-008071,Nova Decor Model-072,Home & Kitchen,Decor,Nova,237.39,531.75,1
8072,SKU-ELE-008072,Vortex Smart Home Model-073,Electronics,Smart Home,Vortex,287.99,425.42,0
8073,SKU-GRO-008073,Velocity Organic Foods Model-074,Grocery & Pantry,Organic Foods,Velocity,77.84,138.94,1
8074,SKU-TOY-008074,Matrix Outdoor Toys Model-075,Toys & Games,Outdoor Toys,Matrix,338.94,779.69,1
8075,SKU-HOM-008075,Echo Small Appliances Model-076,Home & Kitchen,Small Appliances,Echo,280.98,404.29,1
8076,SKU-TOY-008076,Zenith Educational Toys Model-077,Toys & Games,Educational Toys,Zenith,163.96,208.2,1
8077,SKU-ELE-008077,Vortex Smart Home Model-078,Electronics,Smart Home,Vortex,228.69,384.39,1
8078,SKU-APP-008078,Zenith Outerwear Model-079,Apparel,Outerwear,Zenith,178.06,239.52,1
8079,SKU-GRO-008079,Pulse Beverages Model-080,Grocery & Pantry,Beverages,Pulse,155.13,232.58,1
8080,SKU-BEA-008080,Zenith Cosmetics Model-081,Beauty & Care,Cosmetics,Zenith,330.45,442.92,1
8081,SKU-BEA-008081,Apex Haircare Model-082,Beauty & Care,Haircare,Apex,221.89,393.48,1
8082,SKU-TOY-008082,Horizon Board Games Model-083,Toys & Games,Board Games,Horizon,287.74,673.36,1
8083,SKU-AUT-008083,Velocity Oils & Fluids Model-084,Automotive,Oils & Fluids,Velocity,185.39,330.99,1
8084,SKU-HOM-008084,Aura Storage Model-085,Home & Kitchen,Storage,Aura,293.34,462.41,1
8085,SKU-APP-008085,Velocity Sportswear Model-086,Apparel,Sportswear,Velocity,34.32,54.74,1
8086,SKU-SPO-008086,Horizon Team Sports Model-087,Sports & Outdoors,Team Sports,Horizon,74.4,162.64,1
8087,SKU-TOY-008087,Sol Outdoor Toys Model-088,Toys & Games,Outdoor Toys,Sol,7.5,18.48,1
8088,SKU-TOY-008088,Aura Outdoor Toys Model-089,Toys & Games,Outdoor Toys,Aura,281.77,634.1,1
8089,SKU-TOY-008089,Titan Board Games Model-090,Toys & Games,Board Games,Titan,310.8,651.56,1
8090,SKU-TOY-008090,Aura Board Games Model-091,Toys & Games,Board Games,Aura,185.1,383.54,1
8091,SKU-ELE-008091,Horizon Wearables Model-092,Electronics,Wearables,Horizon,263.52,412.3,1
8092,SKU-ELE-008092,Matrix Smartphones Model-093,Electronics,Smartphones,Matrix,64.33,135.31,1
8093,SKU-GRO-008093,Aura Canned Goods Model-094,Grocery & Pantry,Canned Goods,Aura,9.6,21.69,1
8094,SKU-BEA-008094,Horizon Haircare Model-095,Beauty & Care,Haircare,Horizon,441.13,1061.35,1
8095,SKU-AUT-008095,Titan Interior Accessories Model-096,Automotive,Interior Accessories,Titan,105.48,198.89,1
8096,SKU-ELE-008096,Pulse Wearables Model-097,Electronics,Wearables,Pulse,11.82,20.17,1
8097,SKU-HOM-008097,Prism Cookware Model-098,Home & Kitchen,Cookware,Prism,28.5,69.92,1
8098,SKU-GRO-008098,Horizon Breakfast Model-099,Grocery & Pantry,Breakfast,Horizon,48.05,74.2,1
8099,SKU-GRO-008099,Nova Snacks Model-100,Grocery & Pantry,Snacks,Nova,140.62,349.95,1
8100,SKU-ELE-008100,Vortex Smart Home Model-101,Electronics,Smart Home,Vortex,70.71,136.84,1
8101,SKU-AUT-008101,Lumina Car Care Model-102,Automotive,Car Care,Lumina,224.65,396.99,1
8102,SKU-APP-008102,Prism Women's Clothing Model-103,Apparel,Women's Clothing,Prism,308.51,444.85,0
8103,SKU-GRO-008103,Matrix Condiments Model-104,Grocery & Pantry,Condiments,Matrix,120.99,267.15,1
8104,SKU-SPO-008104,Pulse Camping & Hiking Model-105,Sports & Outdoors,Camping & Hiking,Pulse,101.73,211.72,1
8105,SKU-AUT-008105,Nova Tools & Equipment Model-106,Automotive,Tools & Equipment,Nova,60.91,114.56,1
8106,SKU-HOM-008106,Titan Bedding Model-107,Home & Kitchen,Bedding,Titan,322.51,466.28,1
8107,SKU-APP-008107,Aura Sportswear Model-108,Apparel,Sportswear,Aura,147.47,208.22,1
8108,SKU-GRO-008108,Velocity Condiments Model-109,Grocery & Pantry,Condiments,Velocity,304.4,667.98,1
8109,SKU-SPO-008109,Matrix Camping & Hiking Model-110,Sports & Outdoors,Camping & Hiking,Matrix,332.86,661.8,1
8110,SKU-TOY-008110,Aura Outdoor Toys Model-111,Toys & Games,Outdoor Toys,Aura,20.97,36.87,1
8111,SKU-TOY-008111,Apex Board Games Model-112,Toys & Games,Board Games,Apex,266.66,435.14,1
8112,SKU-GRO-008112,Lumina Organic Foods Model-113,Grocery & Pantry,Organic Foods,Lumina,44.74,82.47,1
8113,SKU-ELE-008113,Echo Wearables Model-114,Electronics,Wearables,Echo,382.13,785.65,1
8114,SKU-APP-008114,Velocity Accessories Model-115,Apparel,Accessories,Velocity,68.56,90.26,1
8115,SKU-HOM-008115,Apex Cookware Model-116,Home & Kitchen,Cookware,Apex,399.91,716.79,1
8116,SKU-GRO-008116,Pulse Breakfast Model-117,Grocery & Pantry,Breakfast,Pulse,267.93,513.46,0
8117,SKU-HOM-008117,Horizon Small Appliances Model-118,Home & Kitchen,Small Appliances,Horizon,205.23,279.83,1
8118,SKU-GRO-008118,Pulse Beverages Model-119,Grocery & Pantry,Beverages,Pulse,361.61,698.37,1
8119,SKU-APP-008119,Summit Footwear Model-120,Apparel,Footwear,Summit,114.65,221.65,1
8120,SKU-APP-008120,Nova Women's Clothing Model-121,Apparel,Women's Clothing,Nova,168.96,283.21,1
8121,SKU-BEA-008121,Velocity Fragrances Model-122,Beauty & Care,Fragrances,Velocity,397.85,792.35,1
8122,SKU-SPO-008122,Vortex Fitness Gear Model-123,Sports & Outdoors,Fitness Gear,Vortex,178.61,254.13,1
8123,SKU-AUT-008123,Nova Tools & Equipment Model-124,Automotive,Tools & Equipment,Nova,49.51,78.26,1
8124,SKU-SPO-008124,Summit Fitness Gear Model-125,Sports & Outdoors,Fitness Gear,Summit,299.65,714.07,1
8125,SKU-HOM-008125,Lumina Furniture Model-126,Home & Kitchen,Furniture,Lumina,245.63,469.51,1
8126,SKU-SPO-008126,Pulse Cycling Model-127,Sports & Outdoors,Cycling,Pulse,285.8,497.4,1
8127,SKU-APP-008127,Echo Men's Clothing Model-128,Apparel,Men's Clothing,Echo,158.36,349.58,1
8128,SKU-SPO-008128,Apex Camping & Hiking Model-129,Sports & Outdoors,Camping & Hiking,Apex,95.88,130.28,1
8129,SKU-HOM-008129,Lumina Furniture Model-130,Home & Kitchen,Furniture,Lumina,173.51,399.52,1
8130,SKU-BEA-008130,Velocity Personal Care Model-131,Beauty & Care,Personal Care,Velocity,424.88,536.71,1
8131,SKU-TOY-008131,Vortex Educational Toys Model-132,Toys & Games,Educational Toys,Vortex,366.39,852.73,1
8132,SKU-HOM-008132,Zenith Decor Model-133,Home & Kitchen,Decor,Zenith,212.53,267.88,1
8133,SKU-APP-008133,Nova Outerwear Model-134,Apparel,Outerwear,Nova,7.72,16.45,1
8134,SKU-APP-008134,Prism Women's Clothing Model-135,Apparel,Women's Clothing,Prism,317.78,742.78,1
8135,SKU-TOY-008135,Titan Educational Toys Model-136,Toys & Games,Educational Toys,Titan,448.26,873.92,1
8136,SKU-GRO-008136,Velocity Snacks Model-137,Grocery & Pantry,Snacks,Velocity,235.71,488.02,1
8137,SKU-TOY-008137,Aura Outdoor Toys Model-138,Toys & Games,Outdoor Toys,Aura,53.19,67.66,1
8138,SKU-GRO-008138,Vortex Beverages Model-139,Grocery & Pantry,Beverages,Vortex,171.83,233.83,1
8139,SKU-TOY-008139,Aura Outdoor Toys Model-140,Toys & Games,Outdoor Toys,Aura,289.5,442.94,1
8140,SKU-BEA-008140,Aura Fragrances Model-141,Beauty & Care,Fragrances,Aura,428.87,771.37,1
8141,SKU-TOY-008141,Prism Puzzles Model-142,Toys & Games,Puzzles,Prism,6.85,12.57,1
8142,SKU-APP-008142,Zenith Sportswear Model-143,Apparel,Sportswear,Zenith,127.15,209.85,1
8143,SKU-AUT-008143,Horizon Car Care Model-144,Automotive,Car Care,Horizon,368.92,553.28,1
8144,SKU-ELE-008144,Lumina Audio & Headphones Model-145,Electronics,Audio & Headphones,Lumina,32.91,42.03,1
8145,SKU-AUT-008145,Vortex Tools & Equipment Model-146,Automotive,Tools & Equipment,Vortex,53.3,91.38,0
8146,SKU-GRO-008146,Lumina Beverages Model-147,Grocery & Pantry,Beverages,Lumina,160.12,270.84,1
8147,SKU-APP-008147,Sol Outerwear Model-148,Apparel,Outerwear,Sol,361.87,812.28,1
8148,SKU-GRO-008148,Sol Breakfast Model-149,Grocery & Pantry,Breakfast,Sol,106,261.24,1
8149,SKU-HOM-008149,Aura Furniture Model-150,Home & Kitchen,Furniture,Aura,426.29,873.41,1
8150,SKU-AUT-008150,Nova Tools & Equipment Model-151,Automotive,Tools & Equipment,Nova,151.5,199.75,1
8151,SKU-TOY-008151,Zenith Board Games Model-152,Toys & Games,Board Games,Zenith,423.72,618.84,1
8152,SKU-ELE-008152,Horizon Laptops Model-153,Electronics,Laptops,Horizon,221.13,504.49,1
8153,SKU-TOY-008153,Summit Outdoor Toys Model-154,Toys & Games,Outdoor Toys,Summit,212.43,297.79,1
8154,SKU-AUT-008154,Prism Tools & Equipment Model-155,Automotive,Tools & Equipment,Prism,310.88,589.17,1
8155,SKU-AUT-008155,Lumina Oils & Fluids Model-156,Automotive,Oils & Fluids,Lumina,29.93,49.32,1
8156,SKU-TOY-008156,Lumina Action Figures Model-157,Toys & Games,Action Figures,Lumina,445.49,1057.79,1
8157,SKU-TOY-008157,Apex Puzzles Model-158,Toys & Games,Puzzles,Apex,255.3,370.74,1
8158,SKU-SPO-008158,Titan Cycling Model-159,Sports & Outdoors,Cycling,Titan,48.29,86.95,1
8159,SKU-ELE-008159,Echo Laptops Model-160,Electronics,Laptops,Echo,56.46,90.2,1
8160,SKU-ELE-008160,Velocity Audio & Headphones Model-161,Electronics,Audio & Headphones,Velocity,234.28,456.52,1
8161,SKU-TOY-008161,Horizon Educational Toys Model-162,Toys & Games,Educational Toys,Horizon,7.09,13.25,1
8162,SKU-TOY-008162,Prism Outdoor Toys Model-163,Toys & Games,Outdoor Toys,Prism,398.31,608.16,1
8163,SKU-AUT-008163,Titan Car Care Model-164,Automotive,Car Care,Titan,421.33,797.64,1
8164,SKU-ELE-008164,Horizon Accessories Model-165,Electronics,Accessories,Horizon,445.69,1043.66,1
8165,SKU-GRO-008165,Pulse Canned Goods Model-166,Grocery & Pantry,Canned Goods,Pulse,226.58,300.15,1
8166,SKU-APP-008166,Matrix Accessories Model-167,Apparel,Accessories,Matrix,141.18,304.95,1
8167,SKU-TOY-008167,Pulse Board Games Model-168,Toys & Games,Board Games,Pulse,448.62,878.57,1
8168,SKU-TOY-008168,Prism Educational Toys Model-169,Toys & Games,Educational Toys,Prism,220.24,365.95,1
8169,SKU-ELE-008169,Prism Smartphones Model-170,Electronics,Smartphones,Prism,20.9,28.02,1
8170,SKU-AUT-008170,Titan Tools & Equipment Model-171,Automotive,Tools & Equipment,Titan,19.26,31.85,1
8171,SKU-GRO-008171,Horizon Snacks Model-172,Grocery & Pantry,Snacks,Horizon,139.19,255.19,1
8172,SKU-SPO-008172,Echo Team Sports Model-173,Sports & Outdoors,Team Sports,Echo,101.19,220.98,1
8173,SKU-TOY-008173,Sol Board Games Model-174,Toys & Games,Board Games,Sol,291.87,585.02,1
8174,SKU-SPO-008174,Prism Team Sports Model-175,Sports & Outdoors,Team Sports,Prism,422.79,624.08,1
8175,SKU-BEA-008175,Aura Haircare Model-176,Beauty & Care,Haircare,Aura,297.66,574.4,1
8176,SKU-AUT-008176,Sol Car Care Model-177,Automotive,Car Care,Sol,290.95,530.22,1
8177,SKU-SPO-008177,Summit Fitness Gear Model-178,Sports & Outdoors,Fitness Gear,Summit,321.68,474.96,1
8178,SKU-BEA-008178,Lumina Personal Care Model-179,Beauty & Care,Personal Care,Lumina,150.12,331.68,1
8179,SKU-HOM-008179,Lumina Small Appliances Model-180,Home & Kitchen,Small Appliances,Lumina,248.38,590.44,1
8180,SKU-GRO-008180,Prism Breakfast Model-181,Grocery & Pantry,Breakfast,Prism,33.63,45.08,1
8181,SKU-AUT-008181,Titan Interior Accessories Model-182,Automotive,Interior Accessories,Titan,122.88,262.66,1
8182,SKU-APP-008182,Pulse Footwear Model-183,Apparel,Footwear,Pulse,283.97,359.46,1
8183,SKU-SPO-008183,Summit Water Sports Model-184,Sports & Outdoors,Water Sports,Summit,201.38,307.83,1
8184,SKU-HOM-008184,Prism Cookware Model-185,Home & Kitchen,Cookware,Prism,70.01,95.67,1
8185,SKU-BEA-008185,Vortex Skincare Model-186,Beauty & Care,Skincare,Vortex,157.64,304.99,1
8186,SKU-APP-008186,Titan Footwear Model-187,Apparel,Footwear,Titan,373.87,510.62,1
8187,SKU-GRO-008187,Aura Canned Goods Model-188,Grocery & Pantry,Canned Goods,Aura,110.7,197.15,1
8188,SKU-SPO-008188,Nova Cycling Model-189,Sports & Outdoors,Cycling,Nova,444.22,671.73,1
8189,SKU-SPO-008189,Horizon Cycling Model-190,Sports & Outdoors,Cycling,Horizon,228.73,428.35,1
8190,SKU-GRO-008190,Summit Breakfast Model-191,Grocery & Pantry,Breakfast,Summit,312,509.71,1
8191,SKU-TOY-008191,Titan Action Figures Model-192,Toys & Games,Action Figures,Titan,11.93,25.47,1
8192,SKU-HOM-008192,Zenith Storage Model-193,Home & Kitchen,Storage,Zenith,272.33,560.56,0
8193,SKU-HOM-008193,Zenith Furniture Model-194,Home & Kitchen,Furniture,Zenith,34.35,68.76,1
8194,SKU-ELE-008194,Titan Smartphones Model-195,Electronics,Smartphones,Titan,307.04,593.02,1
8195,SKU-SPO-008195,Matrix Water Sports Model-196,Sports & Outdoors,Water Sports,Matrix,411.99,794.85,1
8196,SKU-AUT-008196,Zenith Car Care Model-197,Automotive,Car Care,Zenith,22.2,43.11,1
8197,SKU-AUT-008197,Echo Tools & Equipment Model-198,Automotive,Tools & Equipment,Echo,236.12,464.62,1
8198,SKU-AUT-008198,Horizon Interior Accessories Model-199,Automotive,Interior Accessories,Horizon,222.51,432.27,1
8199,SKU-HOM-008199,Prism Cookware Model-200,Home & Kitchen,Cookware,Prism,230.99,448.85,0
8200,SKU-BEA-008200,Vortex Haircare Model-201,Beauty & Care,Haircare,Vortex,69.49,121.58,1
8201,SKU-ELE-008201,Apex Smart Home Model-202,Electronics,Smart Home,Apex,348.51,736.38,1
8202,SKU-ELE-008202,Aura Accessories Model-203,Electronics,Accessories,Aura,350.49,454.79,1
8203,SKU-ELE-008203,Horizon Laptops Model-204,Electronics,Laptops,Horizon,207.69,266.27,1
8204,SKU-APP-008204,Lumina Sportswear Model-205,Apparel,Sportswear,Lumina,350.55,562.26,1
8205,SKU-GRO-008205,Apex Beverages Model-206,Grocery & Pantry,Beverages,Apex,143.47,273.81,1
8206,SKU-BEA-008206,Horizon Fragrances Model-207,Beauty & Care,Fragrances,Horizon,106.55,146.72,1
8207,SKU-GRO-008207,Echo Breakfast Model-208,Grocery & Pantry,Breakfast,Echo,351.47,727.54,0
8208,SKU-BEA-008208,Titan Skincare Model-209,Beauty & Care,Skincare,Titan,316.9,535.89,1
8209,SKU-AUT-008209,Sol Interior Accessories Model-210,Automotive,Interior Accessories,Sol,19.68,34.29,1
8210,SKU-ELE-008210,Vortex Smartphones Model-211,Electronics,Smartphones,Vortex,294.93,635.66,1
8211,SKU-BEA-008211,Vortex Cosmetics Model-212,Beauty & Care,Cosmetics,Vortex,342.99,604.12,1
8212,SKU-APP-008212,Lumina Accessories Model-213,Apparel,Accessories,Lumina,227.37,505.03,1
8213,SKU-HOM-008213,Vortex Storage Model-214,Home & Kitchen,Storage,Vortex,289.53,549.5,1
8214,SKU-AUT-008214,Sol Interior Accessories Model-215,Automotive,Interior Accessories,Sol,417.62,874.46,0
8215,SKU-BEA-008215,Horizon Cosmetics Model-216,Beauty & Care,Cosmetics,Horizon,75.67,148.41,1
8216,SKU-ELE-008216,Zenith Wearables Model-217,Electronics,Wearables,Zenith,321.2,469.07,1
8217,SKU-BEA-008217,Echo Skincare Model-218,Beauty & Care,Skincare,Echo,301.78,583.73,1
8218,SKU-APP-008218,Sol Men's Clothing Model-219,Apparel,Men's Clothing,Sol,198.24,326.13,1
8219,SKU-TOY-008219,Lumina Action Figures Model-220,Toys & Games,Action Figures,Lumina,21.97,50.56,1
8220,SKU-BEA-008220,Nova Skincare Model-221,Beauty & Care,Skincare,Nova,145.82,363.18,1
8221,SKU-HOM-008221,Matrix Small Appliances Model-222,Home & Kitchen,Small Appliances,Matrix,317.9,459.15,1
8222,SKU-ELE-008222,Aura Laptops Model-223,Electronics,Laptops,Aura,449.75,904.49,1
8223,SKU-GRO-008223,Sol Beverages Model-224,Grocery & Pantry,Beverages,Sol,269.41,626.09,1
8224,SKU-APP-008224,Matrix Sportswear Model-225,Apparel,Sportswear,Matrix,64.03,127.63,1
8225,SKU-AUT-008225,Summit Oils & Fluids Model-226,Automotive,Oils & Fluids,Summit,279.8,445.76,1
8226,SKU-GRO-008226,Aura Snacks Model-227,Grocery & Pantry,Snacks,Aura,372.09,635.85,1
8227,SKU-GRO-008227,Velocity Beverages Model-228,Grocery & Pantry,Beverages,Velocity,319.75,633.86,1
8228,SKU-AUT-008228,Nova Interior Accessories Model-229,Automotive,Interior Accessories,Nova,109.25,192.64,1
8229,SKU-TOY-008229,Echo Board Games Model-230,Toys & Games,Board Games,Echo,403.79,719.1,1
8230,SKU-ELE-008230,Apex Audio & Headphones Model-231,Electronics,Audio & Headphones,Apex,236.89,516.46,1
8231,SKU-ELE-008231,Matrix Smart Home Model-232,Electronics,Smart Home,Matrix,449.1,655.83,1
8232,SKU-AUT-008232,Lumina Tools & Equipment Model-233,Automotive,Tools & Equipment,Lumina,129.51,276.71,1
8233,SKU-HOM-008233,Sol Bedding Model-234,Home & Kitchen,Bedding,Sol,249.32,411.24,1
8234,SKU-APP-008234,Apex Footwear Model-235,Apparel,Footwear,Apex,241.11,484.36,1
8235,SKU-SPO-008235,Horizon Cycling Model-236,Sports & Outdoors,Cycling,Horizon,175.17,301.1,1
8236,SKU-SPO-008236,Horizon Fitness Gear Model-237,Sports & Outdoors,Fitness Gear,Horizon,327.22,444.43,1
8237,SKU-HOM-008237,Lumina Decor Model-238,Home & Kitchen,Decor,Lumina,15.86,19.96,1
8238,SKU-BEA-008238,Vortex Fragrances Model-239,Beauty & Care,Fragrances,Vortex,48.37,71.44,1
8239,SKU-APP-008239,Prism Footwear Model-240,Apparel,Footwear,Prism,100.66,130.15,1
8240,SKU-BEA-008240,Velocity Cosmetics Model-241,Beauty & Care,Cosmetics,Velocity,147.67,306.62,1
8241,SKU-GRO-008241,Matrix Condiments Model-242,Grocery & Pantry,Condiments,Matrix,255.1,481.35,1
8242,SKU-GRO-008242,Velocity Organic Foods Model-243,Grocery & Pantry,Organic Foods,Velocity,236.3,371.34,1
8243,SKU-TOY-008243,Horizon Action Figures Model-244,Toys & Games,Action Figures,Horizon,95.56,127.38,1
8244,SKU-ELE-008244,Prism Smartphones Model-245,Electronics,Smartphones,Prism,205.51,428.97,1
8245,SKU-HOM-008245,Matrix Furniture Model-246,Home & Kitchen,Furniture,Matrix,133.89,198.61,0
8246,SKU-TOY-008246,Echo Puzzles Model-247,Toys & Games,Puzzles,Echo,137.94,190.22,1
8247,SKU-AUT-008247,Zenith Car Care Model-248,Automotive,Car Care,Zenith,61.83,112.58,1
8248,SKU-AUT-008248,Prism Oils & Fluids Model-249,Automotive,Oils & Fluids,Prism,71.8,153.61,0
8249,SKU-APP-008249,Echo Footwear Model-250,Apparel,Footwear,Echo,70.01,136.58,1
8250,SKU-TOY-008250,Echo Outdoor Toys Model-251,Toys & Games,Outdoor Toys,Echo,281.7,457.44,0
8251,SKU-APP-008251,Titan Outerwear Model-252,Apparel,Outerwear,Titan,33.95,49.26,1
8252,SKU-TOY-008252,Horizon Outdoor Toys Model-253,Toys & Games,Outdoor Toys,Horizon,38.34,79.93,1
8253,SKU-HOM-008253,Lumina Cookware Model-254,Home & Kitchen,Cookware,Lumina,414.72,1027.31,1
8254,SKU-GRO-008254,Sol Organic Foods Model-255,Grocery & Pantry,Organic Foods,Sol,393.06,498.97,1
8255,SKU-HOM-008255,Sol Storage Model-256,Home & Kitchen,Storage,Sol,72.37,104.72,1
8256,SKU-SPO-008256,Lumina Water Sports Model-257,Sports & Outdoors,Water Sports,Lumina,363.61,528.42,1
8257,SKU-BEA-008257,Sol Haircare Model-258,Beauty & Care,Haircare,Sol,389.19,623,1
8258,SKU-HOM-008258,Prism Bedding Model-259,Home & Kitchen,Bedding,Prism,87.32,130.79,1
8259,SKU-ELE-008259,Horizon Audio & Headphones Model-260,Electronics,Audio & Headphones,Horizon,142.6,260.83,1
8260,SKU-TOY-008260,Aura Board Games Model-261,Toys & Games,Board Games,Aura,358.4,572.36,1
8261,SKU-AUT-008261,Pulse Tools & Equipment Model-262,Automotive,Tools & Equipment,Pulse,262.02,378.73,1
8262,SKU-SPO-008262,Prism Team Sports Model-263,Sports & Outdoors,Team Sports,Prism,215.92,534.66,1
8263,SKU-AUT-008263,Vortex Car Care Model-264,Automotive,Car Care,Vortex,264.95,514.56,1
8264,SKU-ELE-008264,Summit Wearables Model-265,Electronics,Wearables,Summit,409.17,715.88,0
8265,SKU-GRO-008265,Pulse Beverages Model-266,Grocery & Pantry,Beverages,Pulse,445.67,1053.6,1
8266,SKU-APP-008266,Aura Women's Clothing Model-267,Apparel,Women's Clothing,Aura,341.17,708.66,1
8267,SKU-APP-008267,Apex Women's Clothing Model-268,Apparel,Women's Clothing,Apex,297.9,613.11,1
8268,SKU-BEA-008268,Lumina Fragrances Model-269,Beauty & Care,Fragrances,Lumina,49.38,87.75,1
8269,SKU-GRO-008269,Titan Condiments Model-270,Grocery & Pantry,Condiments,Titan,341.36,768.92,1
8270,SKU-GRO-008270,Pulse Beverages Model-271,Grocery & Pantry,Beverages,Pulse,244.64,605.22,1
8271,SKU-BEA-008271,Nova Skincare Model-272,Beauty & Care,Skincare,Nova,164.13,320.57,1
8272,SKU-HOM-008272,Prism Bedding Model-273,Home & Kitchen,Bedding,Prism,204.74,353.51,1
8273,SKU-HOM-008273,Prism Storage Model-274,Home & Kitchen,Storage,Prism,406.85,548.95,1
8274,SKU-APP-008274,Prism Accessories Model-275,Apparel,Accessories,Prism,54.33,73.49,1
8275,SKU-APP-008275,Sol Sportswear Model-276,Apparel,Sportswear,Sol,243.41,415.92,1
8276,SKU-TOY-008276,Lumina Action Figures Model-277,Toys & Games,Action Figures,Lumina,26.76,64.63,1
8277,SKU-SPO-008277,Horizon Cycling Model-278,Sports & Outdoors,Cycling,Horizon,255.93,614.59,0
8278,SKU-HOM-008278,Prism Cookware Model-279,Home & Kitchen,Cookware,Prism,151.29,218.18,1
8279,SKU-GRO-008279,Apex Organic Foods Model-280,Grocery & Pantry,Organic Foods,Apex,337.71,465.73,1
8280,SKU-SPO-008280,Horizon Fitness Gear Model-281,Sports & Outdoors,Fitness Gear,Horizon,347.07,757.02,1
8281,SKU-AUT-008281,Nova Interior Accessories Model-282,Automotive,Interior Accessories,Nova,242.61,333.07,1
8282,SKU-TOY-008282,Pulse Action Figures Model-283,Toys & Games,Action Figures,Pulse,365.81,770.26,1
8283,SKU-GRO-008283,Zenith Canned Goods Model-284,Grocery & Pantry,Canned Goods,Zenith,196.24,474.67,1
8284,SKU-APP-008284,Lumina Footwear Model-285,Apparel,Footwear,Lumina,379.57,872.44,1
8285,SKU-APP-008285,Titan Footwear Model-286,Apparel,Footwear,Titan,218.08,341.72,1
8286,SKU-SPO-008286,Sol Team Sports Model-287,Sports & Outdoors,Team Sports,Sol,415.49,561.23,1
8287,SKU-HOM-008287,Prism Small Appliances Model-288,Home & Kitchen,Small Appliances,Prism,55.21,98.23,1
8288,SKU-BEA-008288,Lumina Fragrances Model-289,Beauty & Care,Fragrances,Lumina,114.35,186.45,1
8289,SKU-GRO-008289,Summit Canned Goods Model-290,Grocery & Pantry,Canned Goods,Summit,124.46,172.5,1
8290,SKU-GRO-008290,Prism Organic Foods Model-291,Grocery & Pantry,Organic Foods,Prism,130.7,210.09,1
8291,SKU-AUT-008291,Apex Oils & Fluids Model-292,Automotive,Oils & Fluids,Apex,109.61,260.65,1
8292,SKU-TOY-008292,Horizon Outdoor Toys Model-293,Toys & Games,Outdoor Toys,Horizon,212.74,412.22,1
8293,SKU-AUT-008293,Lumina Oils & Fluids Model-294,Automotive,Oils & Fluids,Lumina,224.03,450.86,1
8294,SKU-SPO-008294,Pulse Cycling Model-295,Sports & Outdoors,Cycling,Pulse,441.62,852.79,1
8295,SKU-ELE-008295,Nova Smart Home Model-296,Electronics,Smart Home,Nova,185.77,392.91,1
8296,SKU-ELE-008296,Titan Audio & Headphones Model-297,Electronics,Audio & Headphones,Titan,7.04,16.34,1
8297,SKU-GRO-008297,Summit Organic Foods Model-298,Grocery & Pantry,Organic Foods,Summit,169.04,363.64,1
8298,SKU-BEA-008298,Nova Skincare Model-299,Beauty & Care,Skincare,Nova,306.91,695.04,1
8299,SKU-GRO-008299,Summit Beverages Model-300,Grocery & Pantry,Beverages,Summit,43.79,56.45,1
8300,SKU-ELE-008300,Matrix Laptops Model-301,Electronics,Laptops,Matrix,106.12,209.76,1
8301,SKU-APP-008301,Velocity Sportswear Model-302,Apparel,Sportswear,Velocity,351.56,583.93,1
8302,SKU-SPO-008302,Velocity Team Sports Model-303,Sports & Outdoors,Team Sports,Velocity,138.95,205.46,1
8303,SKU-SPO-008303,Nova Cycling Model-304,Sports & Outdoors,Cycling,Nova,189.4,332.35,1
8304,SKU-AUT-008304,Horizon Tools & Equipment Model-305,Automotive,Tools & Equipment,Horizon,10.2,17.52,1
8305,SKU-SPO-008305,Titan Camping & Hiking Model-306,Sports & Outdoors,Camping & Hiking,Titan,77.37,188.51,1
8306,SKU-SPO-008306,Lumina Water Sports Model-307,Sports & Outdoors,Water Sports,Lumina,392.9,875.55,1
8307,SKU-BEA-008307,Velocity Haircare Model-308,Beauty & Care,Haircare,Velocity,63.73,145.09,1
8308,SKU-TOY-008308,Nova Educational Toys Model-309,Toys & Games,Educational Toys,Nova,68.37,143.43,1
8309,SKU-SPO-008309,Horizon Team Sports Model-310,Sports & Outdoors,Team Sports,Horizon,388.08,699.18,0
8310,SKU-BEA-008310,Titan Haircare Model-311,Beauty & Care,Haircare,Titan,238.91,351.01,1
8311,SKU-APP-008311,Sol Footwear Model-312,Apparel,Footwear,Sol,116.86,271.45,1
8312,SKU-APP-008312,Vortex Women's Clothing Model-313,Apparel,Women's Clothing,Vortex,434.77,947.36,1
8313,SKU-TOY-008313,Vortex Outdoor Toys Model-314,Toys & Games,Outdoor Toys,Vortex,239.01,356.69,1
8314,SKU-ELE-008314,Zenith Laptops Model-315,Electronics,Laptops,Zenith,240.19,537.89,1
8315,SKU-ELE-008315,Zenith Audio & Headphones Model-316,Electronics,Audio & Headphones,Zenith,440.7,943.11,1
8316,SKU-AUT-008316,Summit Oils & Fluids Model-317,Automotive,Oils & Fluids,Summit,80.91,192.63,1
8317,SKU-SPO-008317,Titan Cycling Model-318,Sports & Outdoors,Cycling,Titan,425.59,592.02,1
8318,SKU-SPO-008318,Vortex Team Sports Model-319,Sports & Outdoors,Team Sports,Vortex,298.24,402.98,0
8319,SKU-HOM-008319,Prism Cookware Model-320,Home & Kitchen,Cookware,Prism,301.91,470.91,1
8320,SKU-GRO-008320,Sol Canned Goods Model-321,Grocery & Pantry,Canned Goods,Sol,264.47,496.27,1
8321,SKU-ELE-008321,Vortex Laptops Model-322,Electronics,Laptops,Vortex,138.38,311.6,1
8322,SKU-BEA-008322,Echo Fragrances Model-323,Beauty & Care,Fragrances,Echo,426.47,842.93,1
8323,SKU-HOM-008323,Apex Small Appliances Model-324,Home & Kitchen,Small Appliances,Apex,332.48,725.34,1
8324,SKU-APP-008324,Vortex Footwear Model-325,Apparel,Footwear,Vortex,63.82,142.42,1
8325,SKU-BEA-008325,Nova Cosmetics Model-326,Beauty & Care,Cosmetics,Nova,132.26,179.73,1
8326,SKU-TOY-008326,Prism Outdoor Toys Model-327,Toys & Games,Outdoor Toys,Prism,66.71,140.29,1
8327,SKU-ELE-008327,Vortex Audio & Headphones Model-328,Electronics,Audio & Headphones,Vortex,244.32,533.22,1
8328,SKU-HOM-008328,Zenith Small Appliances Model-329,Home & Kitchen,Small Appliances,Zenith,132.22,326.18,1
8329,SKU-AUT-008329,Velocity Oils & Fluids Model-330,Automotive,Oils & Fluids,Velocity,268.21,358.58,1
8330,SKU-TOY-008330,Lumina Educational Toys Model-331,Toys & Games,Educational Toys,Lumina,328.99,770.26,1
8331,SKU-SPO-008331,Lumina Team Sports Model-332,Sports & Outdoors,Team Sports,Lumina,96.95,153.28,1
8332,SKU-ELE-008332,Matrix Laptops Model-333,Electronics,Laptops,Matrix,377.11,561.54,1
8333,SKU-AUT-008333,Velocity Interior Accessories Model-334,Automotive,Interior Accessories,Velocity,169.73,265.12,1
8334,SKU-HOM-008334,Prism Storage Model-335,Home & Kitchen,Storage,Prism,238.14,528.67,1
8335,SKU-GRO-008335,Summit Organic Foods Model-336,Grocery & Pantry,Organic Foods,Summit,393.22,806.54,1
8336,SKU-HOM-008336,Summit Small Appliances Model-337,Home & Kitchen,Small Appliances,Summit,150.22,192.5,1
8337,SKU-SPO-008337,Zenith Cycling Model-338,Sports & Outdoors,Cycling,Zenith,46.4,78.47,1
8338,SKU-AUT-008338,Velocity Interior Accessories Model-339,Automotive,Interior Accessories,Velocity,294.2,564.04,1
8339,SKU-ELE-008339,Velocity Smart Home Model-340,Electronics,Smart Home,Velocity,135.73,177.65,0
8340,SKU-SPO-008340,Horizon Fitness Gear Model-341,Sports & Outdoors,Fitness Gear,Horizon,432.21,936.69,1
8341,SKU-GRO-008341,Nova Beverages Model-342,Grocery & Pantry,Beverages,Nova,142.15,183.81,1
8342,SKU-GRO-008342,Prism Organic Foods Model-343,Grocery & Pantry,Organic Foods,Prism,84.4,196.53,0
8343,SKU-TOY-008343,Lumina Outdoor Toys Model-344,Toys & Games,Outdoor Toys,Lumina,184.26,415.76,0
8344,SKU-BEA-008344,Apex Skincare Model-345,Beauty & Care,Skincare,Apex,314.52,632.39,1
8345,SKU-BEA-008345,Zenith Fragrances Model-346,Beauty & Care,Fragrances,Zenith,276.89,455.79,1
8346,SKU-SPO-008346,Horizon Camping & Hiking Model-347,Sports & Outdoors,Camping & Hiking,Horizon,447.78,619.63,1
8347,SKU-GRO-008347,Titan Beverages Model-348,Grocery & Pantry,Beverages,Titan,426.34,695.09,1
8348,SKU-APP-008348,Sol Footwear Model-349,Apparel,Footwear,Sol,287.03,665.56,1
8349,SKU-GRO-008349,Velocity Organic Foods Model-350,Grocery & Pantry,Organic Foods,Velocity,74.36,101.13,1
8350,SKU-APP-008350,Pulse Footwear Model-351,Apparel,Footwear,Pulse,344.16,483.17,1
8351,SKU-APP-008351,Pulse Outerwear Model-352,Apparel,Outerwear,Pulse,115.81,267.12,1
8352,SKU-ELE-008352,Prism Smart Home Model-353,Electronics,Smart Home,Prism,441.04,735.1,1
8353,SKU-GRO-008353,Nova Condiments Model-354,Grocery & Pantry,Condiments,Nova,345.02,509.72,1
8354,SKU-GRO-008354,Lumina Organic Foods Model-355,Grocery & Pantry,Organic Foods,Lumina,73.95,127.28,1
8355,SKU-SPO-008355,Sol Team Sports Model-356,Sports & Outdoors,Team Sports,Sol,10.11,18.7,1
8356,SKU-BEA-008356,Apex Cosmetics Model-357,Beauty & Care,Cosmetics,Apex,204.72,435.92,1
8357,SKU-BEA-008357,Zenith Fragrances Model-358,Beauty & Care,Fragrances,Zenith,348.72,831.72,1
8358,SKU-TOY-008358,Matrix Educational Toys Model-359,Toys & Games,Educational Toys,Matrix,301.57,709.84,1
8359,SKU-HOM-008359,Vortex Decor Model-360,Home & Kitchen,Decor,Vortex,164.16,271.57,1
8360,SKU-BEA-008360,Echo Fragrances Model-361,Beauty & Care,Fragrances,Echo,314.6,534.14,0
8361,SKU-GRO-008361,Pulse Condiments Model-362,Grocery & Pantry,Condiments,Pulse,314.83,535.7,1
8362,SKU-BEA-008362,Nova Fragrances Model-363,Beauty & Care,Fragrances,Nova,365.53,647.49,1
8363,SKU-GRO-008363,Aura Canned Goods Model-364,Grocery & Pantry,Canned Goods,Aura,66.46,114.79,1
8364,SKU-BEA-008364,Sol Cosmetics Model-365,Beauty & Care,Cosmetics,Sol,188.68,297.32,1
8365,SKU-BEA-008365,Matrix Cosmetics Model-366,Beauty & Care,Cosmetics,Matrix,362.41,667.96,1
8366,SKU-TOY-008366,Aura Puzzles Model-367,Toys & Games,Puzzles,Aura,190.39,472.27,1
8367,SKU-BEA-008367,Echo Fragrances Model-368,Beauty & Care,Fragrances,Echo,12.09,19.86,1
8368,SKU-APP-008368,Nova Women's Clothing Model-369,Apparel,Women's Clothing,Nova,413.3,702.52,1
8369,SKU-GRO-008369,Aura Condiments Model-370,Grocery & Pantry,Condiments,Aura,389.9,552.11,1
8370,SKU-TOY-008370,Apex Outdoor Toys Model-371,Toys & Games,Outdoor Toys,Apex,398.34,576.42,1
8371,SKU-GRO-008371,Aura Beverages Model-372,Grocery & Pantry,Beverages,Aura,402.07,573.44,1
8372,SKU-APP-008372,Prism Sportswear Model-373,Apparel,Sportswear,Prism,378.62,682.27,1
8373,SKU-ELE-008373,Pulse Wearables Model-374,Electronics,Wearables,Pulse,429.3,1017.67,1
8374,SKU-HOM-008374,Prism Decor Model-375,Home & Kitchen,Decor,Prism,398.68,863.64,1
8375,SKU-SPO-008375,Sol Camping & Hiking Model-376,Sports & Outdoors,Camping & Hiking,Sol,46.46,84.18,0
8376,SKU-ELE-008376,Prism Smartphones Model-377,Electronics,Smartphones,Prism,376.28,511.3,1
8377,SKU-ELE-008377,Vortex Smartphones Model-378,Electronics,Smartphones,Vortex,290.77,615.11,1
8378,SKU-SPO-008378,Zenith Camping & Hiking Model-379,Sports & Outdoors,Camping & Hiking,Zenith,333.4,768.78,1
8379,SKU-ELE-008379,Lumina Laptops Model-380,Electronics,Laptops,Lumina,302.18,565.61,1
8380,SKU-GRO-008380,Zenith Breakfast Model-381,Grocery & Pantry,Breakfast,Zenith,100.55,170.66,1
8381,SKU-ELE-008381,Velocity Smartphones Model-382,Electronics,Smartphones,Velocity,446.04,1022.79,1
8382,SKU-HOM-008382,Apex Decor Model-383,Home & Kitchen,Decor,Apex,388.47,955.85,1
8383,SKU-BEA-008383,Aura Personal Care Model-384,Beauty & Care,Personal Care,Aura,112.25,240.46,1
8384,SKU-ELE-008384,Nova Smart Home Model-385,Electronics,Smart Home,Nova,405.05,806.42,0
8385,SKU-SPO-008385,Sol Fitness Gear Model-386,Sports & Outdoors,Fitness Gear,Sol,69.49,162.51,1
8386,SKU-BEA-008386,Aura Cosmetics Model-387,Beauty & Care,Cosmetics,Aura,119.05,177.24,1
8387,SKU-ELE-008387,Zenith Smart Home Model-388,Electronics,Smart Home,Zenith,323.88,694.95,1
8388,SKU-SPO-008388,Prism Water Sports Model-389,Sports & Outdoors,Water Sports,Prism,339.79,590.76,1
8389,SKU-TOY-008389,Pulse Educational Toys Model-390,Toys & Games,Educational Toys,Pulse,435.19,821.08,1
8390,SKU-ELE-008390,Zenith Laptops Model-391,Electronics,Laptops,Zenith,254.64,397.35,1
8391,SKU-GRO-008391,Titan Organic Foods Model-392,Grocery & Pantry,Organic Foods,Titan,371.59,618.54,1
8392,SKU-APP-008392,Zenith Accessories Model-393,Apparel,Accessories,Zenith,72.5,151.48,1
8393,SKU-SPO-008393,Apex Fitness Gear Model-394,Sports & Outdoors,Fitness Gear,Apex,76.65,161.14,1
8394,SKU-ELE-008394,Aura Wearables Model-395,Electronics,Wearables,Aura,280.1,376.95,1
8395,SKU-TOY-008395,Pulse Action Figures Model-396,Toys & Games,Action Figures,Pulse,212.09,502.13,1
8396,SKU-AUT-008396,Lumina Oils & Fluids Model-397,Automotive,Oils & Fluids,Lumina,347.41,745.94,1
8397,SKU-GRO-008397,Velocity Snacks Model-398,Grocery & Pantry,Snacks,Velocity,79.86,181.99,1
8398,SKU-GRO-008398,Titan Condiments Model-399,Grocery & Pantry,Condiments,Titan,19.1,35.17,1
8399,SKU-APP-008399,Echo Outerwear Model-400,Apparel,Outerwear,Echo,58.31,93.96,1
8400,SKU-TOY-008400,Echo Puzzles Model-401,Toys & Games,Puzzles,Echo,306.32,732.1,1
8401,SKU-BEA-008401,Sol Fragrances Model-402,Beauty & Care,Fragrances,Sol,229.25,518.64,1
8402,SKU-GRO-008402,Nova Canned Goods Model-403,Grocery & Pantry,Canned Goods,Nova,345.73,647.4,1
8403,SKU-HOM-008403,Titan Decor Model-404,Home & Kitchen,Decor,Titan,183.07,396.81,1
8404,SKU-HOM-008404,Apex Furniture Model-405,Home & Kitchen,Furniture,Apex,75.04,103,1
8405,SKU-SPO-008405,Lumina Cycling Model-406,Sports & Outdoors,Cycling,Lumina,271.4,589.95,1
8406,SKU-ELE-008406,Pulse Smart Home Model-407,Electronics,Smart Home,Pulse,168.96,321.28,1
8407,SKU-HOM-008407,Zenith Storage Model-408,Home & Kitchen,Storage,Zenith,435.16,801.25,1
8408,SKU-TOY-008408,Nova Puzzles Model-409,Toys & Games,Puzzles,Nova,114.3,143.13,1
8409,SKU-TOY-008409,Zenith Puzzles Model-410,Toys & Games,Puzzles,Zenith,265.7,535.75,1
8410,SKU-SPO-008410,Matrix Fitness Gear Model-411,Sports & Outdoors,Fitness Gear,Matrix,182.62,431.38,1
8411,SKU-AUT-008411,Matrix Car Care Model-412,Automotive,Car Care,Matrix,313.88,727.99,1
8412,SKU-SPO-008412,Sol Water Sports Model-413,Sports & Outdoors,Water Sports,Sol,306.39,754.87,1
8413,SKU-HOM-008413,Summit Cookware Model-414,Home & Kitchen,Cookware,Summit,377.44,507.78,1
8414,SKU-TOY-008414,Apex Educational Toys Model-415,Toys & Games,Educational Toys,Apex,321.57,760.94,1
8415,SKU-HOM-008415,Nova Storage Model-416,Home & Kitchen,Storage,Nova,124.62,182.53,1
8416,SKU-GRO-008416,Nova Beverages Model-417,Grocery & Pantry,Beverages,Nova,220.35,356.11,1
8417,SKU-SPO-008417,Zenith Camping & Hiking Model-418,Sports & Outdoors,Camping & Hiking,Zenith,135.24,267.18,1
8418,SKU-HOM-008418,Sol Cookware Model-419,Home & Kitchen,Cookware,Sol,314.55,475.4,1
8419,SKU-ELE-008419,Velocity Smart Home Model-420,Electronics,Smart Home,Velocity,333.67,703.25,0
8420,SKU-TOY-008420,Nova Action Figures Model-421,Toys & Games,Action Figures,Nova,311.84,775.55,1
8421,SKU-ELE-008421,Zenith Wearables Model-422,Electronics,Wearables,Zenith,385.43,728.41,1
8422,SKU-HOM-008422,Matrix Small Appliances Model-423,Home & Kitchen,Small Appliances,Matrix,197.19,266.47,1
8423,SKU-BEA-008423,Apex Skincare Model-424,Beauty & Care,Skincare,Apex,327.91,692.4,1
8424,SKU-SPO-008424,Nova Water Sports Model-425,Sports & Outdoors,Water Sports,Nova,353.91,805.32,1
8425,SKU-AUT-008425,Titan Tools & Equipment Model-426,Automotive,Tools & Equipment,Titan,105.67,192.38,1
8426,SKU-APP-008426,Horizon Women's Clothing Model-427,Apparel,Women's Clothing,Horizon,349.46,629.25,1
8427,SKU-GRO-008427,Horizon Canned Goods Model-428,Grocery & Pantry,Canned Goods,Horizon,211.24,298.15,1
8428,SKU-TOY-008428,Lumina Board Games Model-429,Toys & Games,Board Games,Lumina,89.72,167.97,1
8429,SKU-SPO-008429,Horizon Water Sports Model-430,Sports & Outdoors,Water Sports,Horizon,61.23,123.82,1
8430,SKU-TOY-008430,Velocity Outdoor Toys Model-431,Toys & Games,Outdoor Toys,Velocity,449.26,578.03,1
8431,SKU-APP-008431,Horizon Accessories Model-432,Apparel,Accessories,Horizon,385.33,671.9,1
8432,SKU-GRO-008432,Echo Breakfast Model-433,Grocery & Pantry,Breakfast,Echo,134.09,216.37,1
8433,SKU-SPO-008433,Apex Team Sports Model-434,Sports & Outdoors,Team Sports,Apex,127.17,282.25,1
8434,SKU-APP-008434,Horizon Women's Clothing Model-435,Apparel,Women's Clothing,Horizon,235,584.55,1
8435,SKU-ELE-008435,Matrix Audio & Headphones Model-436,Electronics,Audio & Headphones,Matrix,410.44,602.72,1
8436,SKU-APP-008436,Pulse Accessories Model-437,Apparel,Accessories,Pulse,364.86,749.34,1
8437,SKU-AUT-008437,Summit Tools & Equipment Model-438,Automotive,Tools & Equipment,Summit,234.08,338.34,1
8438,SKU-SPO-008438,Zenith Water Sports Model-439,Sports & Outdoors,Water Sports,Zenith,377.52,733.95,1
8439,SKU-APP-008439,Matrix Accessories Model-440,Apparel,Accessories,Matrix,429.91,1038,1
8440,SKU-APP-008440,Summit Men's Clothing Model-441,Apparel,Men's Clothing,Summit,319.02,756.44,1
8441,SKU-ELE-008441,Matrix Wearables Model-442,Electronics,Wearables,Matrix,348.41,488.63,1
8442,SKU-HOM-008442,Apex Decor Model-443,Home & Kitchen,Decor,Apex,297.71,530.02,1
8443,SKU-ELE-008443,Lumina Smartphones Model-444,Electronics,Smartphones,Lumina,374.22,910.22,1
8444,SKU-APP-008444,Lumina Footwear Model-445,Apparel,Footwear,Lumina,26.12,59.84,1
8445,SKU-ELE-008445,Aura Wearables Model-446,Electronics,Wearables,Aura,128.98,202.64,1
8446,SKU-TOY-008446,Matrix Educational Toys Model-447,Toys & Games,Educational Toys,Matrix,32.19,41.98,1
8447,SKU-AUT-008447,Titan Interior Accessories Model-448,Automotive,Interior Accessories,Titan,184.28,338.41,1
8448,SKU-AUT-008448,Horizon Tools & Equipment Model-449,Automotive,Tools & Equipment,Horizon,373.65,662.77,1
8449,SKU-SPO-008449,Nova Cycling Model-450,Sports & Outdoors,Cycling,Nova,439.4,969,1
8450,SKU-HOM-008450,Lumina Furniture Model-451,Home & Kitchen,Furniture,Lumina,283.23,471.52,1
8451,SKU-ELE-008451,Prism Laptops Model-452,Electronics,Laptops,Prism,139.86,242.26,1
8452,SKU-GRO-008452,Apex Organic Foods Model-453,Grocery & Pantry,Organic Foods,Apex,214.7,450.36,1
8453,SKU-APP-008453,Aura Accessories Model-454,Apparel,Accessories,Aura,24.12,44.54,1
8454,SKU-SPO-008454,Prism Cycling Model-455,Sports & Outdoors,Cycling,Prism,290.12,469.46,1
8455,SKU-AUT-008455,Vortex Tools & Equipment Model-456,Automotive,Tools & Equipment,Vortex,339.02,841.65,1
8456,SKU-APP-008456,Nova Sportswear Model-457,Apparel,Sportswear,Nova,212.78,307.8,1
8457,SKU-HOM-008457,Zenith Decor Model-458,Home & Kitchen,Decor,Zenith,111.22,186.45,1
8458,SKU-ELE-008458,Sol Wearables Model-459,Electronics,Wearables,Sol,331.18,655.38,1
8459,SKU-SPO-008459,Sol Team Sports Model-460,Sports & Outdoors,Team Sports,Sol,216.4,456.07,1
8460,SKU-SPO-008460,Nova Camping & Hiking Model-461,Sports & Outdoors,Camping & Hiking,Nova,22.06,45.55,1
8461,SKU-TOY-008461,Nova Action Figures Model-462,Toys & Games,Action Figures,Nova,174.4,279.95,1
8462,SKU-APP-008462,Horizon Outerwear Model-463,Apparel,Outerwear,Horizon,334.08,821.8,1
8463,SKU-TOY-008463,Prism Board Games Model-464,Toys & Games,Board Games,Prism,364.07,760.13,1
8464,SKU-BEA-008464,Aura Personal Care Model-465,Beauty & Care,Personal Care,Aura,188.41,414.51,1
8465,SKU-AUT-008465,Apex Oils & Fluids Model-466,Automotive,Oils & Fluids,Apex,376.74,639.47,1
8466,SKU-ELE-008466,Nova Laptops Model-467,Electronics,Laptops,Nova,279.91,650.85,1
8467,SKU-AUT-008467,Echo Oils & Fluids Model-468,Automotive,Oils & Fluids,Echo,392.84,509.75,1
8468,SKU-APP-008468,Vortex Sportswear Model-469,Apparel,Sportswear,Vortex,257.21,369.92,1
8469,SKU-TOY-008469,Apex Board Games Model-470,Toys & Games,Board Games,Apex,249.97,398.5,1
8470,SKU-BEA-008470,Apex Haircare Model-471,Beauty & Care,Haircare,Apex,246.2,460.38,1
8471,SKU-BEA-008471,Apex Fragrances Model-472,Beauty & Care,Fragrances,Apex,199.84,453.36,1
8472,SKU-TOY-008472,Aura Board Games Model-473,Toys & Games,Board Games,Aura,122.3,191.79,1
8473,SKU-GRO-008473,Zenith Beverages Model-474,Grocery & Pantry,Beverages,Zenith,92.76,202.84,1
8474,SKU-BEA-008474,Matrix Cosmetics Model-475,Beauty & Care,Cosmetics,Matrix,210.74,455,1
8475,SKU-SPO-008475,Sol Fitness Gear Model-476,Sports & Outdoors,Fitness Gear,Sol,385.39,645.62,0
8476,SKU-HOM-008476,Apex Cookware Model-477,Home & Kitchen,Cookware,Apex,269.75,351.06,1
8477,SKU-SPO-008477,Echo Water Sports Model-478,Sports & Outdoors,Water Sports,Echo,76.29,161.75,1
8478,SKU-BEA-008478,Summit Fragrances Model-479,Beauty & Care,Fragrances,Summit,252.3,489.8,1
8479,SKU-TOY-008479,Vortex Educational Toys Model-480,Toys & Games,Educational Toys,Vortex,189.06,467.21,1
8480,SKU-AUT-008480,Sol Car Care Model-481,Automotive,Car Care,Sol,435.54,961.14,1
8481,SKU-TOY-008481,Titan Educational Toys Model-482,Toys & Games,Educational Toys,Titan,343.43,665.33,0
8482,SKU-ELE-008482,Apex Smart Home Model-483,Electronics,Smart Home,Apex,442.35,830.15,1
8483,SKU-TOY-008483,Sol Action Figures Model-484,Toys & Games,Action Figures,Sol,398.94,908.49,1
8484,SKU-GRO-008484,Summit Canned Goods Model-485,Grocery & Pantry,Canned Goods,Summit,371.25,489.9,1
8485,SKU-SPO-008485,Matrix Fitness Gear Model-486,Sports & Outdoors,Fitness Gear,Matrix,46.16,65.12,1
8486,SKU-APP-008486,Velocity Sportswear Model-487,Apparel,Sportswear,Velocity,356.3,573.08,1
8487,SKU-BEA-008487,Vortex Fragrances Model-488,Beauty & Care,Fragrances,Vortex,182.55,323.71,1
8488,SKU-APP-008488,Summit Outerwear Model-489,Apparel,Outerwear,Summit,269.53,500.25,1
8489,SKU-HOM-008489,Zenith Bedding Model-490,Home & Kitchen,Bedding,Zenith,146.82,306.29,1
8490,SKU-SPO-008490,Apex Water Sports Model-491,Sports & Outdoors,Water Sports,Apex,177.49,281.15,1
8491,SKU-GRO-008491,Apex Organic Foods Model-492,Grocery & Pantry,Organic Foods,Apex,5.85,12.88,1
8492,SKU-HOM-008492,Prism Cookware Model-493,Home & Kitchen,Cookware,Prism,346.21,781.08,1
8493,SKU-APP-008493,Vortex Outerwear Model-494,Apparel,Outerwear,Vortex,116.7,216.03,1
8494,SKU-GRO-008494,Summit Snacks Model-495,Grocery & Pantry,Snacks,Summit,25,36.04,1
8495,SKU-HOM-008495,Horizon Cookware Model-496,Home & Kitchen,Cookware,Horizon,320.35,583.26,1
8496,SKU-HOM-008496,Titan Cookware Model-497,Home & Kitchen,Cookware,Titan,282.87,585.77,1
8497,SKU-APP-008497,Lumina Footwear Model-498,Apparel,Footwear,Lumina,32.19,78.8,1
8498,SKU-ELE-008498,Zenith Smartphones Model-499,Electronics,Smartphones,Zenith,48.08,103.09,1
8499,SKU-ELE-008499,Horizon Smartphones Model-500,Electronics,Smartphones,Horizon,64.53,104.35,1
8500,SKU-AUT-008500,Echo Oils & Fluids Model-501,Automotive,Oils & Fluids,Echo,236.45,480.07,1
8501,SKU-SPO-008501,Nova Fitness Gear Model-502,Sports & Outdoors,Fitness Gear,Nova,185.78,446.66,1
8502,SKU-ELE-008502,Prism Audio & Headphones Model-503,Electronics,Audio & Headphones,Prism,413.83,757.08,1
8503,SKU-BEA-008503,Sol Fragrances Model-504,Beauty & Care,Fragrances,Sol,252.42,319.29,1
8504,SKU-APP-008504,Sol Women's Clothing Model-505,Apparel,Women's Clothing,Sol,30.05,64.97,1
8505,SKU-ELE-008505,Apex Accessories Model-506,Electronics,Accessories,Apex,445.75,1090.7,1
8506,SKU-SPO-008506,Apex Water Sports Model-507,Sports & Outdoors,Water Sports,Apex,184.22,274.52,0
8507,SKU-HOM-008507,Matrix Decor Model-508,Home & Kitchen,Decor,Matrix,127.88,226.78,1
8508,SKU-HOM-008508,Nova Cookware Model-509,Home & Kitchen,Cookware,Nova,78.29,124.59,1
8509,SKU-GRO-008509,Vortex Snacks Model-510,Grocery & Pantry,Snacks,Vortex,398.82,702.87,1
8510,SKU-GRO-008510,Sol Canned Goods Model-511,Grocery & Pantry,Canned Goods,Sol,301.76,651.87,1
8511,SKU-AUT-008511,Summit Oils & Fluids Model-512,Automotive,Oils & Fluids,Summit,323.88,803.97,1
8512,SKU-TOY-008512,Zenith Action Figures Model-513,Toys & Games,Action Figures,Zenith,390.73,711.98,1
8513,SKU-HOM-008513,Pulse Bedding Model-514,Home & Kitchen,Bedding,Pulse,442.96,735.36,1
8514,SKU-TOY-008514,Zenith Board Games Model-515,Toys & Games,Board Games,Zenith,76.32,169.31,1
8515,SKU-AUT-008515,Nova Oils & Fluids Model-516,Automotive,Oils & Fluids,Nova,77.81,123.02,1
8516,SKU-APP-008516,Prism Men's Clothing Model-517,Apparel,Men's Clothing,Prism,355.82,677.47,1
8517,SKU-BEA-008517,Aura Cosmetics Model-518,Beauty & Care,Cosmetics,Aura,187.52,298.82,1
8518,SKU-BEA-008518,Vortex Personal Care Model-519,Beauty & Care,Personal Care,Vortex,191.37,285.63,1
8519,SKU-BEA-008519,Prism Haircare Model-520,Beauty & Care,Haircare,Prism,334.2,554.26,1
8520,SKU-SPO-008520,Prism Camping & Hiking Model-521,Sports & Outdoors,Camping & Hiking,Prism,398.45,887.59,1
8521,SKU-SPO-008521,Lumina Camping & Hiking Model-522,Sports & Outdoors,Camping & Hiking,Lumina,360,820.97,1
8522,SKU-APP-008522,Aura Women's Clothing Model-523,Apparel,Women's Clothing,Aura,384.97,949.99,1
8523,SKU-AUT-008523,Velocity Tools & Equipment Model-524,Automotive,Tools & Equipment,Velocity,282.95,687.68,1
8524,SKU-APP-008524,Sol Outerwear Model-525,Apparel,Outerwear,Sol,424.36,840.18,1
8525,SKU-HOM-008525,Velocity Bedding Model-526,Home & Kitchen,Bedding,Velocity,132.31,250.62,0
8526,SKU-BEA-008526,Apex Haircare Model-527,Beauty & Care,Haircare,Apex,313.84,709.9,1
8527,SKU-APP-008527,Matrix Women's Clothing Model-528,Apparel,Women's Clothing,Matrix,405.53,525.21,1
8528,SKU-AUT-008528,Lumina Tools & Equipment Model-529,Automotive,Tools & Equipment,Lumina,133.24,263.69,1
8529,SKU-ELE-008529,Summit Wearables Model-530,Electronics,Wearables,Summit,259.3,481.06,1
8530,SKU-BEA-008530,Prism Cosmetics Model-531,Beauty & Care,Cosmetics,Prism,141.14,207.06,1
8531,SKU-HOM-008531,Nova Small Appliances Model-532,Home & Kitchen,Small Appliances,Nova,18.92,28.1,1
8532,SKU-APP-008532,Sol Sportswear Model-533,Apparel,Sportswear,Sol,238.87,541.61,1
8533,SKU-GRO-008533,Titan Snacks Model-534,Grocery & Pantry,Snacks,Titan,21.06,35.63,1
8534,SKU-GRO-008534,Horizon Beverages Model-535,Grocery & Pantry,Beverages,Horizon,113.81,228.75,0
8535,SKU-HOM-008535,Horizon Furniture Model-536,Home & Kitchen,Furniture,Horizon,399.58,740.46,1
8536,SKU-ELE-008536,Nova Smart Home Model-537,Electronics,Smart Home,Nova,214.04,507.18,1
8537,SKU-APP-008537,Horizon Women's Clothing Model-538,Apparel,Women's Clothing,Horizon,431.42,575.3,1
8538,SKU-BEA-008538,Summit Skincare Model-539,Beauty & Care,Skincare,Summit,405.2,679.25,1
8539,SKU-GRO-008539,Lumina Organic Foods Model-540,Grocery & Pantry,Organic Foods,Lumina,71.39,173.3,1
8540,SKU-BEA-008540,Prism Cosmetics Model-541,Beauty & Care,Cosmetics,Prism,340.24,814.74,1
8541,SKU-APP-008541,Velocity Accessories Model-542,Apparel,Accessories,Velocity,125.13,221.03,1
8542,SKU-BEA-008542,Matrix Personal Care Model-543,Beauty & Care,Personal Care,Matrix,186.21,380.07,1
8543,SKU-GRO-008543,Aura Breakfast Model-544,Grocery & Pantry,Breakfast,Aura,440.56,991.77,1
8544,SKU-ELE-008544,Vortex Wearables Model-545,Electronics,Wearables,Vortex,208.08,303.85,1
8545,SKU-GRO-008545,Lumina Condiments Model-546,Grocery & Pantry,Condiments,Lumina,257.34,512.75,1
8546,SKU-HOM-008546,Prism Cookware Model-547,Home & Kitchen,Cookware,Prism,242.1,545.08,1
8547,SKU-TOY-008547,Prism Outdoor Toys Model-548,Toys & Games,Outdoor Toys,Prism,297.56,646.42,1
8548,SKU-AUT-008548,Vortex Car Care Model-549,Automotive,Car Care,Vortex,218.81,462.59,1
8549,SKU-AUT-008549,Echo Tools & Equipment Model-550,Automotive,Tools & Equipment,Echo,242.01,355.68,1
8550,SKU-GRO-008550,Velocity Condiments Model-551,Grocery & Pantry,Condiments,Velocity,386.43,810.88,1
8551,SKU-GRO-008551,Titan Canned Goods Model-552,Grocery & Pantry,Canned Goods,Titan,175.92,360.85,1
8552,SKU-APP-008552,Apex Women's Clothing Model-553,Apparel,Women's Clothing,Apex,162.35,296.23,1
8553,SKU-SPO-008553,Aura Fitness Gear Model-554,Sports & Outdoors,Fitness Gear,Aura,96.27,207.31,1
8554,SKU-AUT-008554,Echo Tools & Equipment Model-555,Automotive,Tools & Equipment,Echo,109.42,231.12,1
8555,SKU-BEA-008555,Pulse Personal Care Model-556,Beauty & Care,Personal Care,Pulse,411.85,838.97,1
8556,SKU-SPO-008556,Vortex Camping & Hiking Model-557,Sports & Outdoors,Camping & Hiking,Vortex,151.26,203.82,1
8557,SKU-APP-008557,Apex Sportswear Model-558,Apparel,Sportswear,Apex,23.14,50.9,1
8558,SKU-GRO-008558,Vortex Beverages Model-559,Grocery & Pantry,Beverages,Vortex,332.35,512.89,1
8559,SKU-HOM-008559,Apex Small Appliances Model-560,Home & Kitchen,Small Appliances,Apex,35.84,76.37,1
8560,SKU-GRO-008560,Zenith Snacks Model-561,Grocery & Pantry,Snacks,Zenith,346.72,745.25,1
8561,SKU-ELE-008561,Sol Audio & Headphones Model-562,Electronics,Audio & Headphones,Sol,444.72,604.28,1
8562,SKU-TOY-008562,Sol Puzzles Model-563,Toys & Games,Puzzles,Sol,62.64,147.83,1
8563,SKU-HOM-008563,Horizon Cookware Model-564,Home & Kitchen,Cookware,Horizon,266.92,411.97,1
8564,SKU-SPO-008564,Summit Team Sports Model-565,Sports & Outdoors,Team Sports,Summit,384.67,914.81,1
8565,SKU-HOM-008565,Summit Furniture Model-566,Home & Kitchen,Furniture,Summit,429.93,708.4,1
8566,SKU-AUT-008566,Apex Tools & Equipment Model-567,Automotive,Tools & Equipment,Apex,197.95,339.36,1
8567,SKU-BEA-008567,Echo Haircare Model-568,Beauty & Care,Haircare,Echo,138.83,189.43,1
8568,SKU-ELE-008568,Apex Wearables Model-569,Electronics,Wearables,Apex,397.42,944.52,1
8569,SKU-ELE-008569,Prism Laptops Model-570,Electronics,Laptops,Prism,410.83,823.26,1
8570,SKU-GRO-008570,Matrix Breakfast Model-571,Grocery & Pantry,Breakfast,Matrix,162.04,358.01,1
8571,SKU-GRO-008571,Lumina Condiments Model-572,Grocery & Pantry,Condiments,Lumina,266.22,571.8,0
8572,SKU-AUT-008572,Echo Car Care Model-573,Automotive,Car Care,Echo,316.06,468.33,1
8573,SKU-ELE-008573,Sol Smart Home Model-574,Electronics,Smart Home,Sol,175.57,378.51,1
8574,SKU-HOM-008574,Summit Small Appliances Model-575,Home & Kitchen,Small Appliances,Summit,372.92,650.22,1
8575,SKU-SPO-008575,Zenith Water Sports Model-576,Sports & Outdoors,Water Sports,Zenith,41.31,73.41,1
8576,SKU-BEA-008576,Prism Fragrances Model-577,Beauty & Care,Fragrances,Prism,293.88,441.71,1
8577,SKU-ELE-008577,Aura Smart Home Model-578,Electronics,Smart Home,Aura,286.66,531.79,1
8578,SKU-TOY-008578,Zenith Board Games Model-579,Toys & Games,Board Games,Zenith,299.73,678.66,1
8579,SKU-SPO-008579,Velocity Camping & Hiking Model-580,Sports & Outdoors,Camping & Hiking,Velocity,28.43,54.98,1
8580,SKU-GRO-008580,Pulse Organic Foods Model-581,Grocery & Pantry,Organic Foods,Pulse,88.02,110.91,1
8581,SKU-GRO-008581,Sol Snacks Model-582,Grocery & Pantry,Snacks,Sol,334.13,721.93,1
8582,SKU-AUT-008582,Matrix Car Care Model-583,Automotive,Car Care,Matrix,63.12,126.1,1
8583,SKU-SPO-008583,Zenith Fitness Gear Model-584,Sports & Outdoors,Fitness Gear,Zenith,129.57,258.36,1
8584,SKU-BEA-008584,Velocity Personal Care Model-585,Beauty & Care,Personal Care,Velocity,42.56,56.34,1
8585,SKU-AUT-008585,Summit Oils & Fluids Model-586,Automotive,Oils & Fluids,Summit,307.81,582.43,1
8586,SKU-HOM-008586,Zenith Bedding Model-587,Home & Kitchen,Bedding,Zenith,393.94,784.93,1
8587,SKU-TOY-008587,Aura Board Games Model-588,Toys & Games,Board Games,Aura,266.7,537.43,1
8588,SKU-HOM-008588,Zenith Decor Model-589,Home & Kitchen,Decor,Zenith,365.31,791.08,1
8589,SKU-BEA-008589,Sol Personal Care Model-590,Beauty & Care,Personal Care,Sol,20.59,40.45,1
8590,SKU-SPO-008590,Nova Water Sports Model-591,Sports & Outdoors,Water Sports,Nova,16.23,37.5,1
8591,SKU-SPO-008591,Titan Water Sports Model-592,Sports & Outdoors,Water Sports,Titan,206.09,447.12,1
8592,SKU-AUT-008592,Summit Tools & Equipment Model-593,Automotive,Tools & Equipment,Summit,339.56,685.38,1
8593,SKU-GRO-008593,Horizon Canned Goods Model-594,Grocery & Pantry,Canned Goods,Horizon,409.19,885.46,1
8594,SKU-BEA-008594,Titan Cosmetics Model-595,Beauty & Care,Cosmetics,Titan,431.9,888.29,1
8595,SKU-HOM-008595,Echo Storage Model-596,Home & Kitchen,Storage,Echo,225.2,547.05,1
8596,SKU-HOM-008596,Velocity Decor Model-597,Home & Kitchen,Decor,Velocity,438.65,744.97,0
8597,SKU-BEA-008597,Horizon Personal Care Model-598,Beauty & Care,Personal Care,Horizon,382.16,738.97,1
8598,SKU-ELE-008598,Prism Audio & Headphones Model-599,Electronics,Audio & Headphones,Prism,292.58,667.48,1
8599,SKU-APP-008599,Titan Women's Clothing Model-600,Apparel,Women's Clothing,Titan,20.59,50.78,1
8600,SKU-GRO-008600,Sol Organic Foods Model-601,Grocery & Pantry,Organic Foods,Sol,305.8,471.28,1
8601,SKU-SPO-008601,Titan Team Sports Model-602,Sports & Outdoors,Team Sports,Titan,370.57,771.82,0
8602,SKU-AUT-008602,Nova Tools & Equipment Model-603,Automotive,Tools & Equipment,Nova,398.95,818.71,1
8603,SKU-AUT-008603,Echo Car Care Model-604,Automotive,Car Care,Echo,185.52,307.77,1
8604,SKU-GRO-008604,Summit Organic Foods Model-605,Grocery & Pantry,Organic Foods,Summit,267.24,409.32,1
8605,SKU-ELE-008605,Sol Laptops Model-606,Electronics,Laptops,Sol,261.9,577.84,1
8606,SKU-BEA-008606,Aura Haircare Model-607,Beauty & Care,Haircare,Aura,271.16,593.22,1
8607,SKU-BEA-008607,Titan Fragrances Model-608,Beauty & Care,Fragrances,Titan,354.05,613.84,1
8608,SKU-SPO-008608,Lumina Team Sports Model-609,Sports & Outdoors,Team Sports,Lumina,108.26,210.53,1
8609,SKU-APP-008609,Echo Accessories Model-610,Apparel,Accessories,Echo,142.51,314.83,0
8610,SKU-GRO-008610,Zenith Canned Goods Model-611,Grocery & Pantry,Canned Goods,Zenith,348.38,740.12,1
8611,SKU-GRO-008611,Pulse Beverages Model-612,Grocery & Pantry,Beverages,Pulse,401.71,823.52,1
8612,SKU-HOM-008612,Sol Furniture Model-613,Home & Kitchen,Furniture,Sol,280.99,695.08,1
8613,SKU-AUT-008613,Velocity Interior Accessories Model-614,Automotive,Interior Accessories,Velocity,194.88,313.88,1
8614,SKU-AUT-008614,Echo Tools & Equipment Model-615,Automotive,Tools & Equipment,Echo,238.78,553.43,1
8615,SKU-HOM-008615,Prism Cookware Model-616,Home & Kitchen,Cookware,Prism,413.32,588.79,1
8616,SKU-APP-008616,Summit Accessories Model-617,Apparel,Accessories,Summit,399.84,984.79,0
8617,SKU-AUT-008617,Apex Tools & Equipment Model-618,Automotive,Tools & Equipment,Apex,403.55,686.97,1
8618,SKU-GRO-008618,Vortex Canned Goods Model-619,Grocery & Pantry,Canned Goods,Vortex,49.29,90.88,1
8619,SKU-SPO-008619,Lumina Cycling Model-620,Sports & Outdoors,Cycling,Lumina,210.89,468.59,1
8620,SKU-HOM-008620,Matrix Decor Model-621,Home & Kitchen,Decor,Matrix,79.97,155.03,1
8621,SKU-HOM-008621,Titan Storage Model-622,Home & Kitchen,Storage,Titan,82.79,128.82,1
8622,SKU-SPO-008622,Vortex Team Sports Model-623,Sports & Outdoors,Team Sports,Vortex,55.49,132.86,1
8623,SKU-APP-008623,Titan Footwear Model-624,Apparel,Footwear,Titan,6.25,12.98,1
8624,SKU-SPO-008624,Apex Cycling Model-625,Sports & Outdoors,Cycling,Apex,104.42,165.75,1
8625,SKU-TOY-008625,Summit Action Figures Model-626,Toys & Games,Action Figures,Summit,162.33,372.38,1
8626,SKU-HOM-008626,Prism Small Appliances Model-627,Home & Kitchen,Small Appliances,Prism,325.97,680.97,1
8627,SKU-TOY-008627,Prism Outdoor Toys Model-628,Toys & Games,Outdoor Toys,Prism,171.01,309.56,1
8628,SKU-SPO-008628,Zenith Camping & Hiking Model-629,Sports & Outdoors,Camping & Hiking,Zenith,88.1,158.98,1
8629,SKU-SPO-008629,Aura Camping & Hiking Model-630,Sports & Outdoors,Camping & Hiking,Aura,106.67,148.5,1
8630,SKU-SPO-008630,Echo Cycling Model-631,Sports & Outdoors,Cycling,Echo,10.93,21.09,0
8631,SKU-SPO-008631,Titan Cycling Model-632,Sports & Outdoors,Cycling,Titan,209.52,363.03,1
8632,SKU-BEA-008632,Pulse Haircare Model-633,Beauty & Care,Haircare,Pulse,299.86,533.59,1
8633,SKU-APP-008633,Vortex Accessories Model-634,Apparel,Accessories,Vortex,108.7,221.26,1
8634,SKU-AUT-008634,Lumina Oils & Fluids Model-635,Automotive,Oils & Fluids,Lumina,288.31,538.09,1
8635,SKU-HOM-008635,Horizon Bedding Model-636,Home & Kitchen,Bedding,Horizon,133.71,272.01,1
8636,SKU-AUT-008636,Prism Oils & Fluids Model-637,Automotive,Oils & Fluids,Prism,39.53,95.56,1
8637,SKU-HOM-008637,Echo Furniture Model-638,Home & Kitchen,Furniture,Echo,373.29,697.94,1
8638,SKU-BEA-008638,Apex Cosmetics Model-639,Beauty & Care,Cosmetics,Apex,382.98,514.5,1
8639,SKU-APP-008639,Nova Footwear Model-640,Apparel,Footwear,Nova,365.91,521,1
8640,SKU-SPO-008640,Pulse Fitness Gear Model-641,Sports & Outdoors,Fitness Gear,Pulse,375.96,740.36,1
8641,SKU-ELE-008641,Pulse Wearables Model-642,Electronics,Wearables,Pulse,422.36,979.09,1
8642,SKU-BEA-008642,Prism Haircare Model-643,Beauty & Care,Haircare,Prism,298.39,388.86,1
8643,SKU-ELE-008643,Titan Wearables Model-644,Electronics,Wearables,Titan,384.2,631.39,1
8644,SKU-APP-008644,Velocity Accessories Model-645,Apparel,Accessories,Velocity,142.52,233.22,1
8645,SKU-APP-008645,Matrix Outerwear Model-646,Apparel,Outerwear,Matrix,208.92,269.56,1
8646,SKU-SPO-008646,Vortex Fitness Gear Model-647,Sports & Outdoors,Fitness Gear,Vortex,54.59,134.34,1
8647,SKU-GRO-008647,Pulse Canned Goods Model-648,Grocery & Pantry,Canned Goods,Pulse,141.37,312.43,1
8648,SKU-TOY-008648,Zenith Outdoor Toys Model-649,Toys & Games,Outdoor Toys,Zenith,70.94,122.63,1
8649,SKU-AUT-008649,Apex Tools & Equipment Model-650,Automotive,Tools & Equipment,Apex,241.21,505.85,1
8650,SKU-SPO-008650,Matrix Team Sports Model-651,Sports & Outdoors,Team Sports,Matrix,412.31,833.81,1
8651,SKU-BEA-008651,Nova Personal Care Model-652,Beauty & Care,Personal Care,Nova,349.24,642.3,1
8652,SKU-BEA-008652,Apex Haircare Model-653,Beauty & Care,Haircare,Apex,147.99,291.69,1
8653,SKU-AUT-008653,Horizon Interior Accessories Model-654,Automotive,Interior Accessories,Horizon,25.83,56.75,1
8654,SKU-SPO-008654,Matrix Cycling Model-655,Sports & Outdoors,Cycling,Matrix,330.49,484.21,1
8655,SKU-TOY-008655,Apex Action Figures Model-656,Toys & Games,Action Figures,Apex,131.59,317.25,1
8656,SKU-AUT-008656,Nova Interior Accessories Model-657,Automotive,Interior Accessories,Nova,241.29,362.19,1
8657,SKU-SPO-008657,Titan Water Sports Model-658,Sports & Outdoors,Water Sports,Titan,181.76,452.3,1
8658,SKU-AUT-008658,Prism Oils & Fluids Model-659,Automotive,Oils & Fluids,Prism,92.45,225.89,1
8659,SKU-TOY-008659,Velocity Board Games Model-660,Toys & Games,Board Games,Velocity,273.14,533.7,1
8660,SKU-HOM-008660,Lumina Bedding Model-661,Home & Kitchen,Bedding,Lumina,177.49,319.14,0
8661,SKU-HOM-008661,Lumina Cookware Model-662,Home & Kitchen,Cookware,Lumina,339.37,790.46,1
8662,SKU-HOM-008662,Pulse Cookware Model-663,Home & Kitchen,Cookware,Pulse,18.79,38.56,1
8663,SKU-SPO-008663,Horizon Team Sports Model-664,Sports & Outdoors,Team Sports,Horizon,148.78,197.44,1
8664,SKU-BEA-008664,Nova Skincare Model-665,Beauty & Care,Skincare,Nova,262.48,427.56,1
8665,SKU-APP-008665,Matrix Footwear Model-666,Apparel,Footwear,Matrix,228.09,421.4,1
8666,SKU-HOM-008666,Vortex Storage Model-667,Home & Kitchen,Storage,Vortex,121.5,219.91,1
8667,SKU-AUT-008667,Horizon Tools & Equipment Model-668,Automotive,Tools & Equipment,Horizon,446.68,699.36,1
8668,SKU-APP-008668,Nova Footwear Model-669,Apparel,Footwear,Nova,442.21,1036.37,1
8669,SKU-AUT-008669,Zenith Interior Accessories Model-670,Automotive,Interior Accessories,Zenith,397.93,942.47,1
8670,SKU-APP-008670,Summit Sportswear Model-671,Apparel,Sportswear,Summit,32.13,50.15,1
8671,SKU-TOY-008671,Vortex Puzzles Model-672,Toys & Games,Puzzles,Vortex,79.18,116.05,0
8672,SKU-BEA-008672,Echo Fragrances Model-673,Beauty & Care,Fragrances,Echo,374.4,904.15,1
8673,SKU-ELE-008673,Pulse Accessories Model-674,Electronics,Accessories,Pulse,12.42,22.71,1
8674,SKU-APP-008674,Apex Outerwear Model-675,Apparel,Outerwear,Apex,360.94,468.79,1
8675,SKU-AUT-008675,Velocity Car Care Model-676,Automotive,Car Care,Velocity,211.18,498.79,1
8676,SKU-GRO-008676,Vortex Beverages Model-677,Grocery & Pantry,Beverages,Vortex,275.47,671.59,0
8677,SKU-ELE-008677,Matrix Wearables Model-678,Electronics,Wearables,Matrix,60.72,80.45,1
8678,SKU-AUT-008678,Summit Car Care Model-679,Automotive,Car Care,Summit,80.05,165.46,1
8679,SKU-BEA-008679,Summit Fragrances Model-680,Beauty & Care,Fragrances,Summit,87.02,159.79,0
8680,SKU-AUT-008680,Horizon Tools & Equipment Model-681,Automotive,Tools & Equipment,Horizon,329.04,449.16,1
8681,SKU-SPO-008681,Lumina Cycling Model-682,Sports & Outdoors,Cycling,Lumina,164.47,333.21,1
8682,SKU-HOM-008682,Apex Furniture Model-683,Home & Kitchen,Furniture,Apex,111.43,139.86,1
8683,SKU-AUT-008683,Summit Tools & Equipment Model-684,Automotive,Tools & Equipment,Summit,254.66,522.59,1
8684,SKU-TOY-008684,Matrix Board Games Model-685,Toys & Games,Board Games,Matrix,328.89,644.82,1
8685,SKU-HOM-008685,Titan Bedding Model-686,Home & Kitchen,Bedding,Titan,321,657.87,1
8686,SKU-BEA-008686,Summit Fragrances Model-687,Beauty & Care,Fragrances,Summit,154.64,198.18,1
8687,SKU-ELE-008687,Summit Audio & Headphones Model-688,Electronics,Audio & Headphones,Summit,229.94,514.48,1
8688,SKU-HOM-008688,Nova Small Appliances Model-689,Home & Kitchen,Small Appliances,Nova,146.88,296.48,1
8689,SKU-HOM-008689,Matrix Storage Model-690,Home & Kitchen,Storage,Matrix,251.84,389.81,1
8690,SKU-APP-008690,Lumina Sportswear Model-691,Apparel,Sportswear,Lumina,11.43,26.85,1
8691,SKU-ELE-008691,Apex Smart Home Model-692,Electronics,Smart Home,Apex,343.93,741.39,1
8692,SKU-APP-008692,Horizon Men's Clothing Model-693,Apparel,Men's Clothing,Horizon,209.66,354.31,1
8693,SKU-SPO-008693,Velocity Cycling Model-694,Sports & Outdoors,Cycling,Velocity,331.31,602.52,1
8694,SKU-AUT-008694,Vortex Tools & Equipment Model-695,Automotive,Tools & Equipment,Vortex,345.2,476.63,1
8695,SKU-APP-008695,Titan Men's Clothing Model-696,Apparel,Men's Clothing,Titan,158.62,285.45,1
8696,SKU-BEA-008696,Summit Haircare Model-697,Beauty & Care,Haircare,Summit,247.94,354.02,1
8697,SKU-HOM-008697,Velocity Cookware Model-698,Home & Kitchen,Cookware,Velocity,267.3,422.9,1
8698,SKU-BEA-008698,Zenith Personal Care Model-699,Beauty & Care,Personal Care,Zenith,186.91,433.79,1
8699,SKU-GRO-008699,Pulse Canned Goods Model-700,Grocery & Pantry,Canned Goods,Pulse,360.48,529.63,1
8700,SKU-APP-008700,Apex Sportswear Model-701,Apparel,Sportswear,Apex,47.82,88.18,1
8701,SKU-APP-008701,Velocity Footwear Model-702,Apparel,Footwear,Velocity,131.74,201.16,1
8702,SKU-ELE-008702,Summit Wearables Model-703,Electronics,Wearables,Summit,374.6,498.44,1
8703,SKU-AUT-008703,Titan Car Care Model-704,Automotive,Car Care,Titan,115.14,184.31,1
8704,SKU-HOM-008704,Aura Storage Model-705,Home & Kitchen,Storage,Aura,242.04,571.34,1
8705,SKU-SPO-008705,Lumina Water Sports Model-706,Sports & Outdoors,Water Sports,Lumina,239.86,442.94,1
8706,SKU-SPO-008706,Horizon Water Sports Model-707,Sports & Outdoors,Water Sports,Horizon,332.16,822.1,0
8707,SKU-GRO-008707,Nova Snacks Model-708,Grocery & Pantry,Snacks,Nova,251.57,413.54,1
8708,SKU-TOY-008708,Aura Puzzles Model-709,Toys & Games,Puzzles,Aura,300.26,694.27,1
8709,SKU-GRO-008709,Lumina Condiments Model-710,Grocery & Pantry,Condiments,Lumina,14.74,21.47,1
8710,SKU-APP-008710,Nova Women's Clothing Model-711,Apparel,Women's Clothing,Nova,124.01,248.88,1
8711,SKU-ELE-008711,Lumina Laptops Model-712,Electronics,Laptops,Lumina,183.1,320.49,1
8712,SKU-SPO-008712,Velocity Cycling Model-713,Sports & Outdoors,Cycling,Velocity,365.85,516.21,1
8713,SKU-ELE-008713,Echo Audio & Headphones Model-714,Electronics,Audio & Headphones,Echo,21.88,34.04,0
8714,SKU-SPO-008714,Zenith Camping & Hiking Model-715,Sports & Outdoors,Camping & Hiking,Zenith,267.39,664.63,1
8715,SKU-AUT-008715,Sol Oils & Fluids Model-716,Automotive,Oils & Fluids,Sol,274.47,378.12,1
8716,SKU-TOY-008716,Aura Educational Toys Model-717,Toys & Games,Educational Toys,Aura,177.73,371.13,1
8717,SKU-SPO-008717,Lumina Fitness Gear Model-718,Sports & Outdoors,Fitness Gear,Lumina,336.8,838.66,1
8718,SKU-APP-008718,Vortex Accessories Model-719,Apparel,Accessories,Vortex,217.27,389.84,1
8719,SKU-BEA-008719,Zenith Haircare Model-720,Beauty & Care,Haircare,Zenith,5.72,7.49,0
8720,SKU-TOY-008720,Matrix Educational Toys Model-721,Toys & Games,Educational Toys,Matrix,258.85,377.12,1
8721,SKU-GRO-008721,Titan Condiments Model-722,Grocery & Pantry,Condiments,Titan,106.78,146.41,1
8722,SKU-ELE-008722,Velocity Laptops Model-723,Electronics,Laptops,Velocity,170.21,324.02,0
8723,SKU-HOM-008723,Velocity Small Appliances Model-724,Home & Kitchen,Small Appliances,Velocity,179.85,314.68,1
8724,SKU-ELE-008724,Horizon Smartphones Model-725,Electronics,Smartphones,Horizon,212.3,429.33,1
8725,SKU-TOY-008725,Summit Outdoor Toys Model-726,Toys & Games,Outdoor Toys,Summit,42.94,77.13,1
8726,SKU-BEA-008726,Lumina Haircare Model-727,Beauty & Care,Haircare,Lumina,86.86,211.04,1
8727,SKU-HOM-008727,Apex Bedding Model-728,Home & Kitchen,Bedding,Apex,106.79,181.42,1
8728,SKU-GRO-008728,Lumina Beverages Model-729,Grocery & Pantry,Beverages,Lumina,56,110.72,1
8729,SKU-SPO-008729,Zenith Team Sports Model-730,Sports & Outdoors,Team Sports,Zenith,264.45,355.27,1
8730,SKU-AUT-008730,Titan Car Care Model-731,Automotive,Car Care,Titan,373,856.72,1
8731,SKU-SPO-008731,Vortex Cycling Model-732,Sports & Outdoors,Cycling,Vortex,93.99,178.34,1
8732,SKU-SPO-008732,Aura Water Sports Model-733,Sports & Outdoors,Water Sports,Aura,65.4,132.46,1
8733,SKU-SPO-008733,Matrix Fitness Gear Model-734,Sports & Outdoors,Fitness Gear,Matrix,309.71,566.14,1
8734,SKU-SPO-008734,Pulse Cycling Model-735,Sports & Outdoors,Cycling,Pulse,319.44,405.06,1
8735,SKU-SPO-008735,Prism Camping & Hiking Model-736,Sports & Outdoors,Camping & Hiking,Prism,153.25,303.98,1
8736,SKU-BEA-008736,Prism Fragrances Model-737,Beauty & Care,Fragrances,Prism,321.52,672.56,1
8737,SKU-AUT-008737,Horizon Oils & Fluids Model-738,Automotive,Oils & Fluids,Horizon,89.62,180.42,1
8738,SKU-APP-008738,Aura Footwear Model-739,Apparel,Footwear,Aura,271.8,403.6,0
8739,SKU-ELE-008739,Echo Accessories Model-740,Electronics,Accessories,Echo,193.48,402.62,1
8740,SKU-HOM-008740,Vortex Bedding Model-741,Home & Kitchen,Bedding,Vortex,212.98,462.18,1
8741,SKU-BEA-008741,Apex Personal Care Model-742,Beauty & Care,Personal Care,Apex,398.49,640.35,1
8742,SKU-TOY-008742,Titan Outdoor Toys Model-743,Toys & Games,Outdoor Toys,Titan,63.28,145.07,1
8743,SKU-GRO-008743,Lumina Canned Goods Model-744,Grocery & Pantry,Canned Goods,Lumina,131.15,180.36,1
8744,SKU-HOM-008744,Nova Decor Model-745,Home & Kitchen,Decor,Nova,196.32,276.66,1
8745,SKU-TOY-008745,Pulse Educational Toys Model-746,Toys & Games,Educational Toys,Pulse,303.49,512.87,1
8746,SKU-AUT-008746,Matrix Oils & Fluids Model-747,Automotive,Oils & Fluids,Matrix,445.43,635.69,1
8747,SKU-AUT-008747,Summit Tools & Equipment Model-748,Automotive,Tools & Equipment,Summit,233.13,489.02,1
8748,SKU-BEA-008748,Titan Fragrances Model-749,Beauty & Care,Fragrances,Titan,283.36,419.51,0
8749,SKU-AUT-008749,Lumina Car Care Model-750,Automotive,Car Care,Lumina,176.68,310.97,0
8750,SKU-GRO-008750,Titan Organic Foods Model-751,Grocery & Pantry,Organic Foods,Titan,107.15,140.82,1
8751,SKU-SPO-008751,Nova Cycling Model-752,Sports & Outdoors,Cycling,Nova,384.99,746.06,1
8752,SKU-AUT-008752,Zenith Interior Accessories Model-753,Automotive,Interior Accessories,Zenith,448.4,654.05,1
8753,SKU-AUT-008753,Nova Oils & Fluids Model-754,Automotive,Oils & Fluids,Nova,100.14,203.47,1
8754,SKU-AUT-008754,Matrix Interior Accessories Model-755,Automotive,Interior Accessories,Matrix,346.89,653.8,1
8755,SKU-SPO-008755,Nova Water Sports Model-756,Sports & Outdoors,Water Sports,Nova,408.15,677.18,1
8756,SKU-AUT-008756,Pulse Tools & Equipment Model-757,Automotive,Tools & Equipment,Pulse,195.22,355.58,1
8757,SKU-GRO-008757,Apex Organic Foods Model-758,Grocery & Pantry,Organic Foods,Apex,164.5,214.89,1
8758,SKU-AUT-008758,Echo Tools & Equipment Model-759,Automotive,Tools & Equipment,Echo,77.84,139.94,1
8759,SKU-SPO-008759,Echo Camping & Hiking Model-760,Sports & Outdoors,Camping & Hiking,Echo,204.94,290.18,1
8760,SKU-AUT-008760,Velocity Car Care Model-761,Automotive,Car Care,Velocity,58.04,120.68,0
8761,SKU-SPO-008761,Lumina Team Sports Model-762,Sports & Outdoors,Team Sports,Lumina,99.87,172.58,1
8762,SKU-APP-008762,Titan Women's Clothing Model-763,Apparel,Women's Clothing,Titan,79.63,184.33,1
8763,SKU-GRO-008763,Matrix Organic Foods Model-764,Grocery & Pantry,Organic Foods,Matrix,64.65,92.65,1
8764,SKU-AUT-008764,Aura Tools & Equipment Model-765,Automotive,Tools & Equipment,Aura,284.25,699.82,1
8765,SKU-BEA-008765,Nova Haircare Model-766,Beauty & Care,Haircare,Nova,16.11,37.1,1
8766,SKU-AUT-008766,Matrix Tools & Equipment Model-767,Automotive,Tools & Equipment,Matrix,323.91,806.95,1
8767,SKU-TOY-008767,Vortex Action Figures Model-768,Toys & Games,Action Figures,Vortex,70.49,108.62,1
8768,SKU-AUT-008768,Nova Interior Accessories Model-769,Automotive,Interior Accessories,Nova,437.07,649.84,1
8769,SKU-APP-008769,Lumina Outerwear Model-770,Apparel,Outerwear,Lumina,22.76,46.39,1
8770,SKU-HOM-008770,Velocity Cookware Model-771,Home & Kitchen,Cookware,Velocity,394.56,766.47,1
8771,SKU-HOM-008771,Nova Furniture Model-772,Home & Kitchen,Furniture,Nova,359.95,751.93,1
8772,SKU-HOM-008772,Prism Small Appliances Model-773,Home & Kitchen,Small Appliances,Prism,99.75,228.78,1
8773,SKU-ELE-008773,Zenith Smartphones Model-774,Electronics,Smartphones,Zenith,401.18,984.67,1
8774,SKU-APP-008774,Echo Outerwear Model-775,Apparel,Outerwear,Echo,353.66,496.02,1
8775,SKU-AUT-008775,Vortex Car Care Model-776,Automotive,Car Care,Vortex,79.16,140.78,1
8776,SKU-GRO-008776,Summit Condiments Model-777,Grocery & Pantry,Condiments,Summit,377.55,910.82,1
8777,SKU-ELE-008777,Pulse Wearables Model-778,Electronics,Wearables,Pulse,258.48,500.4,1
8778,SKU-BEA-008778,Vortex Haircare Model-779,Beauty & Care,Haircare,Vortex,346.69,826.53,1
8779,SKU-ELE-008779,Apex Accessories Model-780,Electronics,Accessories,Apex,14.63,33.48,1
8780,SKU-AUT-008780,Summit Tools & Equipment Model-781,Automotive,Tools & Equipment,Summit,83.44,128.77,1
8781,SKU-ELE-008781,Zenith Audio & Headphones Model-782,Electronics,Audio & Headphones,Zenith,123.19,158.17,1
8782,SKU-BEA-008782,Apex Haircare Model-783,Beauty & Care,Haircare,Apex,66.56,159.74,1
8783,SKU-HOM-008783,Zenith Cookware Model-784,Home & Kitchen,Cookware,Zenith,22.97,47.27,1
8784,SKU-ELE-008784,Horizon Laptops Model-785,Electronics,Laptops,Horizon,330.59,817.38,1
8785,SKU-SPO-008785,Echo Water Sports Model-786,Sports & Outdoors,Water Sports,Echo,32.35,60.43,1
8786,SKU-ELE-008786,Matrix Accessories Model-787,Electronics,Accessories,Matrix,376.22,837.42,1
8787,SKU-AUT-008787,Apex Oils & Fluids Model-788,Automotive,Oils & Fluids,Apex,410.83,739.87,1
8788,SKU-SPO-008788,Horizon Camping & Hiking Model-789,Sports & Outdoors,Camping & Hiking,Horizon,389.59,534.8,1
8789,SKU-AUT-008789,Velocity Interior Accessories Model-790,Automotive,Interior Accessories,Velocity,355.15,781.63,1
8790,SKU-APP-008790,Sol Women's Clothing Model-791,Apparel,Women's Clothing,Sol,292.2,722.27,1
8791,SKU-GRO-008791,Horizon Canned Goods Model-792,Grocery & Pantry,Canned Goods,Horizon,175.59,233.12,1
8792,SKU-TOY-008792,Echo Outdoor Toys Model-793,Toys & Games,Outdoor Toys,Echo,137.49,193.06,1
8793,SKU-BEA-008793,Apex Haircare Model-794,Beauty & Care,Haircare,Apex,50.81,124.26,1
8794,SKU-AUT-008794,Lumina Car Care Model-795,Automotive,Car Care,Lumina,308.58,598.97,1
8795,SKU-AUT-008795,Matrix Interior Accessories Model-796,Automotive,Interior Accessories,Matrix,254.56,391.24,1
8796,SKU-AUT-008796,Matrix Interior Accessories Model-797,Automotive,Interior Accessories,Matrix,109.03,202.89,1
8797,SKU-AUT-008797,Apex Tools & Equipment Model-798,Automotive,Tools & Equipment,Apex,154.49,202.04,1
8798,SKU-TOY-008798,Prism Educational Toys Model-799,Toys & Games,Educational Toys,Prism,150.55,238.11,1
8799,SKU-HOM-008799,Velocity Small Appliances Model-800,Home & Kitchen,Small Appliances,Velocity,71.92,171.62,1
8800,SKU-TOY-008800,Pulse Board Games Model-801,Toys & Games,Board Games,Pulse,295.78,720.89,1
8801,SKU-BEA-008801,Matrix Cosmetics Model-802,Beauty & Care,Cosmetics,Matrix,376.18,556.51,1
8802,SKU-ELE-008802,Aura Accessories Model-803,Electronics,Accessories,Aura,188.3,273.29,1
8803,SKU-ELE-008803,Echo Smart Home Model-804,Electronics,Smart Home,Echo,436.73,701.75,1
8804,SKU-HOM-008804,Velocity Small Appliances Model-805,Home & Kitchen,Small Appliances,Velocity,52.76,130.5,1
8805,SKU-HOM-008805,Matrix Small Appliances Model-806,Home & Kitchen,Small Appliances,Matrix,149.43,271.65,1
8806,SKU-ELE-008806,Titan Smart Home Model-807,Electronics,Smart Home,Titan,449.08,737.64,1
8807,SKU-GRO-008807,Nova Beverages Model-808,Grocery & Pantry,Beverages,Nova,180.7,347.02,1
8808,SKU-HOM-008808,Prism Small Appliances Model-809,Home & Kitchen,Small Appliances,Prism,376.42,661.25,1
8809,SKU-ELE-008809,Titan Accessories Model-810,Electronics,Accessories,Titan,342.44,492.49,1
8810,SKU-SPO-008810,Velocity Camping & Hiking Model-811,Sports & Outdoors,Camping & Hiking,Velocity,374.35,715.18,1
8811,SKU-AUT-008811,Sol Tools & Equipment Model-812,Automotive,Tools & Equipment,Sol,364.37,838.16,1
8812,SKU-ELE-008812,Echo Accessories Model-813,Electronics,Accessories,Echo,418.15,797.78,1
8813,SKU-APP-008813,Aura Outerwear Model-814,Apparel,Outerwear,Aura,17.87,34.43,1
8814,SKU-ELE-008814,Sol Audio & Headphones Model-815,Electronics,Audio & Headphones,Sol,106.26,259.68,1
8815,SKU-HOM-008815,Titan Storage Model-816,Home & Kitchen,Storage,Titan,183.08,322.56,1
8816,SKU-BEA-008816,Echo Skincare Model-817,Beauty & Care,Skincare,Echo,372.75,813.44,1
8817,SKU-ELE-008817,Velocity Wearables Model-818,Electronics,Wearables,Velocity,157.94,394.73,1
8818,SKU-AUT-008818,Lumina Oils & Fluids Model-819,Automotive,Oils & Fluids,Lumina,376.78,548.71,1
8819,SKU-TOY-008819,Summit Board Games Model-820,Toys & Games,Board Games,Summit,105.84,249.16,1
8820,SKU-SPO-008820,Nova Water Sports Model-821,Sports & Outdoors,Water Sports,Nova,434.41,930.09,1
8821,SKU-ELE-008821,Matrix Audio & Headphones Model-822,Electronics,Audio & Headphones,Matrix,130.86,187.65,1
8822,SKU-BEA-008822,Matrix Cosmetics Model-823,Beauty & Care,Cosmetics,Matrix,296.64,524.4,1
8823,SKU-GRO-008823,Sol Canned Goods Model-824,Grocery & Pantry,Canned Goods,Sol,74.39,145.2,1
8824,SKU-ELE-008824,Matrix Audio & Headphones Model-825,Electronics,Audio & Headphones,Matrix,305.41,571.42,0
8825,SKU-HOM-008825,Aura Bedding Model-826,Home & Kitchen,Bedding,Aura,335.55,700.46,1
8826,SKU-GRO-008826,Pulse Breakfast Model-827,Grocery & Pantry,Breakfast,Pulse,258.98,417.98,1
8827,SKU-AUT-008827,Matrix Oils & Fluids Model-828,Automotive,Oils & Fluids,Matrix,51.51,124.55,1
8828,SKU-HOM-008828,Vortex Cookware Model-829,Home & Kitchen,Cookware,Vortex,129.87,191.63,1
8829,SKU-TOY-008829,Matrix Outdoor Toys Model-830,Toys & Games,Outdoor Toys,Matrix,226.9,529.17,1
8830,SKU-AUT-008830,Aura Car Care Model-831,Automotive,Car Care,Aura,382.02,855.81,1
8831,SKU-GRO-008831,Summit Canned Goods Model-832,Grocery & Pantry,Canned Goods,Summit,335.77,566.99,0
8832,SKU-SPO-008832,Aura Cycling Model-833,Sports & Outdoors,Cycling,Aura,152.49,237.86,1
8833,SKU-ELE-008833,Summit Laptops Model-834,Electronics,Laptops,Summit,396.9,527.96,1
8834,SKU-APP-008834,Lumina Men's Clothing Model-835,Apparel,Men's Clothing,Lumina,437.03,824.99,1
8835,SKU-ELE-008835,Echo Wearables Model-836,Electronics,Wearables,Echo,251.12,328.98,1
8836,SKU-APP-008836,Aura Footwear Model-837,Apparel,Footwear,Aura,94.17,145.72,1
8837,SKU-HOM-008837,Prism Storage Model-838,Home & Kitchen,Storage,Prism,188.75,275.19,1
8838,SKU-GRO-008838,Zenith Beverages Model-839,Grocery & Pantry,Beverages,Zenith,38.91,52.38,1
8839,SKU-BEA-008839,Zenith Personal Care Model-840,Beauty & Care,Personal Care,Zenith,266.9,604.84,1
8840,SKU-GRO-008840,Apex Canned Goods Model-841,Grocery & Pantry,Canned Goods,Apex,380.37,667.47,1
8841,SKU-AUT-008841,Echo Oils & Fluids Model-842,Automotive,Oils & Fluids,Echo,344.2,543.35,1
8842,SKU-ELE-008842,Vortex Smartphones Model-843,Electronics,Smartphones,Vortex,168.23,277.63,1
8843,SKU-APP-008843,Velocity Accessories Model-844,Apparel,Accessories,Velocity,14.05,20.88,1
8844,SKU-ELE-008844,Titan Accessories Model-845,Electronics,Accessories,Titan,337.79,662.85,1
8845,SKU-BEA-008845,Pulse Personal Care Model-846,Beauty & Care,Personal Care,Pulse,232.05,518.74,1
8846,SKU-APP-008846,Pulse Men's Clothing Model-847,Apparel,Men's Clothing,Pulse,145.36,283.06,1
8847,SKU-SPO-008847,Sol Fitness Gear Model-848,Sports & Outdoors,Fitness Gear,Sol,297.88,697.12,1
8848,SKU-SPO-008848,Zenith Water Sports Model-849,Sports & Outdoors,Water Sports,Zenith,160.96,215.77,1
8849,SKU-HOM-008849,Sol Decor Model-850,Home & Kitchen,Decor,Sol,380.23,500.18,1
8850,SKU-APP-008850,Pulse Footwear Model-851,Apparel,Footwear,Pulse,63.91,137.41,1
8851,SKU-APP-008851,Aura Women's Clothing Model-852,Apparel,Women's Clothing,Aura,128.44,215.21,1
8852,SKU-TOY-008852,Matrix Action Figures Model-853,Toys & Games,Action Figures,Matrix,89.36,175.43,1
8853,SKU-GRO-008853,Nova Snacks Model-854,Grocery & Pantry,Snacks,Nova,150.21,342.62,1
8854,SKU-AUT-008854,Matrix Car Care Model-855,Automotive,Car Care,Matrix,422.18,767.63,1
8855,SKU-ELE-008855,Lumina Smartphones Model-856,Electronics,Smartphones,Lumina,104.46,133.92,1
8856,SKU-TOY-008856,Pulse Action Figures Model-857,Toys & Games,Action Figures,Pulse,449.54,1067.81,1
8857,SKU-TOY-008857,Prism Educational Toys Model-858,Toys & Games,Educational Toys,Prism,269.33,422.4,1
8858,SKU-HOM-008858,Aura Cookware Model-859,Home & Kitchen,Cookware,Aura,10.18,20.06,1
8859,SKU-HOM-008859,Horizon Small Appliances Model-860,Home & Kitchen,Small Appliances,Horizon,230.03,323.27,1
8860,SKU-TOY-008860,Matrix Outdoor Toys Model-861,Toys & Games,Outdoor Toys,Matrix,435.13,836.93,1
8861,SKU-BEA-008861,Titan Haircare Model-862,Beauty & Care,Haircare,Titan,65.26,122.63,1
8862,SKU-GRO-008862,Nova Beverages Model-863,Grocery & Pantry,Beverages,Nova,433.25,558.05,1
8863,SKU-ELE-008863,Pulse Accessories Model-864,Electronics,Accessories,Pulse,377.97,687.15,0
8864,SKU-AUT-008864,Pulse Interior Accessories Model-865,Automotive,Interior Accessories,Pulse,262.85,445.6,1
8865,SKU-HOM-008865,Summit Small Appliances Model-866,Home & Kitchen,Small Appliances,Summit,176.92,341.25,1
8866,SKU-ELE-008866,Pulse Accessories Model-867,Electronics,Accessories,Pulse,71.94,127.1,1
8867,SKU-BEA-008867,Horizon Cosmetics Model-868,Beauty & Care,Cosmetics,Horizon,281.15,359.75,1
8868,SKU-HOM-008868,Echo Cookware Model-869,Home & Kitchen,Cookware,Echo,108.41,258.67,1
8869,SKU-TOY-008869,Pulse Board Games Model-870,Toys & Games,Board Games,Pulse,173.23,279.42,1
8870,SKU-GRO-008870,Titan Breakfast Model-871,Grocery & Pantry,Breakfast,Titan,264.63,648.96,1
8871,SKU-TOY-008871,Velocity Action Figures Model-872,Toys & Games,Action Figures,Velocity,246.2,602.88,1
8872,SKU-TOY-008872,Apex Puzzles Model-873,Toys & Games,Puzzles,Apex,434.59,924.41,1
8873,SKU-AUT-008873,Prism Oils & Fluids Model-874,Automotive,Oils & Fluids,Prism,417.01,624.81,1
8874,SKU-APP-008874,Velocity Men's Clothing Model-875,Apparel,Men's Clothing,Velocity,209.75,387.61,1
8875,SKU-TOY-008875,Matrix Educational Toys Model-876,Toys & Games,Educational Toys,Matrix,233.16,561.41,0
8876,SKU-BEA-008876,Zenith Personal Care Model-877,Beauty & Care,Personal Care,Zenith,143.31,235.86,1
8877,SKU-ELE-008877,Sol Audio & Headphones Model-878,Electronics,Audio & Headphones,Sol,441.33,1037.96,1
8878,SKU-AUT-008878,Nova Oils & Fluids Model-879,Automotive,Oils & Fluids,Nova,383.35,787.56,1
8879,SKU-TOY-008879,Apex Educational Toys Model-880,Toys & Games,Educational Toys,Apex,121.25,259.36,1
8880,SKU-BEA-008880,Horizon Fragrances Model-881,Beauty & Care,Fragrances,Horizon,253.65,328.73,1
8881,SKU-BEA-008881,Zenith Fragrances Model-882,Beauty & Care,Fragrances,Zenith,131.51,309.25,1
8882,SKU-AUT-008882,Pulse Interior Accessories Model-883,Automotive,Interior Accessories,Pulse,207.22,369.67,1
8883,SKU-ELE-008883,Prism Laptops Model-884,Electronics,Laptops,Prism,434.68,1023.27,1
8884,SKU-BEA-008884,Horizon Cosmetics Model-885,Beauty & Care,Cosmetics,Horizon,218.62,346.44,1
8885,SKU-TOY-008885,Titan Educational Toys Model-886,Toys & Games,Educational Toys,Titan,178.55,239.54,1
8886,SKU-BEA-008886,Sol Haircare Model-887,Beauty & Care,Haircare,Sol,323.53,427.31,1
8887,SKU-SPO-008887,Lumina Team Sports Model-888,Sports & Outdoors,Team Sports,Lumina,170.26,331.74,1
8888,SKU-APP-008888,Matrix Women's Clothing Model-889,Apparel,Women's Clothing,Matrix,219.84,282.02,1
8889,SKU-BEA-008889,Prism Cosmetics Model-890,Beauty & Care,Cosmetics,Prism,265.85,533.72,1
8890,SKU-AUT-008890,Velocity Interior Accessories Model-891,Automotive,Interior Accessories,Velocity,338.89,682.36,1
8891,SKU-BEA-008891,Echo Cosmetics Model-892,Beauty & Care,Cosmetics,Echo,218.97,388.02,1
8892,SKU-ELE-008892,Summit Laptops Model-893,Electronics,Laptops,Summit,408.15,634.35,1
8893,SKU-HOM-008893,Nova Furniture Model-894,Home & Kitchen,Furniture,Nova,197.19,278.59,1
8894,SKU-APP-008894,Sol Outerwear Model-895,Apparel,Outerwear,Sol,444.98,802.51,1
8895,SKU-HOM-008895,Lumina Decor Model-896,Home & Kitchen,Decor,Lumina,144.13,239.73,1
8896,SKU-ELE-008896,Horizon Wearables Model-897,Electronics,Wearables,Horizon,167.98,408.71,1
8897,SKU-APP-008897,Aura Outerwear Model-898,Apparel,Outerwear,Aura,258.84,565.21,1
8898,SKU-SPO-008898,Apex Camping & Hiking Model-899,Sports & Outdoors,Camping & Hiking,Apex,223.44,529.39,1
8899,SKU-TOY-008899,Lumina Board Games Model-900,Toys & Games,Board Games,Lumina,322.44,506.26,1
8900,SKU-GRO-008900,Vortex Canned Goods Model-901,Grocery & Pantry,Canned Goods,Vortex,382.02,681.59,1
8901,SKU-HOM-008901,Horizon Decor Model-902,Home & Kitchen,Decor,Horizon,174.58,218.63,1
8902,SKU-HOM-008902,Apex Decor Model-903,Home & Kitchen,Decor,Apex,149.56,330.74,1
8903,SKU-HOM-008903,Horizon Furniture Model-904,Home & Kitchen,Furniture,Horizon,351.73,624.41,1
8904,SKU-TOY-008904,Titan Educational Toys Model-905,Toys & Games,Educational Toys,Titan,321.98,639.29,1
8905,SKU-TOY-008905,Aura Action Figures Model-906,Toys & Games,Action Figures,Aura,224.21,356.64,1
8906,SKU-GRO-008906,Prism Snacks Model-907,Grocery & Pantry,Snacks,Prism,126.69,160.8,1
8907,SKU-APP-008907,Zenith Sportswear Model-908,Apparel,Sportswear,Zenith,143.98,202.1,1
8908,SKU-HOM-008908,Apex Bedding Model-909,Home & Kitchen,Bedding,Apex,201.1,280.64,1
8909,SKU-APP-008909,Horizon Footwear Model-910,Apparel,Footwear,Horizon,406.02,915.87,1
8910,SKU-HOM-008910,Sol Bedding Model-911,Home & Kitchen,Bedding,Sol,291.9,409.95,1
8911,SKU-GRO-008911,Aura Condiments Model-912,Grocery & Pantry,Condiments,Aura,426.79,930.75,1
8912,SKU-HOM-008912,Nova Cookware Model-913,Home & Kitchen,Cookware,Nova,143.87,332.55,1
8913,SKU-BEA-008913,Pulse Cosmetics Model-914,Beauty & Care,Cosmetics,Pulse,344.92,475.52,1
8914,SKU-ELE-008914,Prism Smart Home Model-915,Electronics,Smart Home,Prism,105.29,206.36,0
8915,SKU-AUT-008915,Aura Tools & Equipment Model-916,Automotive,Tools & Equipment,Aura,305.15,394.17,1
8916,SKU-GRO-008916,Zenith Canned Goods Model-917,Grocery & Pantry,Canned Goods,Zenith,28.2,49.04,1
8917,SKU-ELE-008917,Velocity Smart Home Model-918,Electronics,Smart Home,Velocity,133.02,250.65,1
8918,SKU-TOY-008918,Prism Action Figures Model-919,Toys & Games,Action Figures,Prism,375.75,914.18,1
8919,SKU-BEA-008919,Matrix Skincare Model-920,Beauty & Care,Skincare,Matrix,61.78,96.47,1
8920,SKU-ELE-008920,Pulse Smartphones Model-921,Electronics,Smartphones,Pulse,71.38,119.47,1
8921,SKU-APP-008921,Prism Women's Clothing Model-922,Apparel,Women's Clothing,Prism,261.46,505.85,1
8922,SKU-GRO-008922,Sol Organic Foods Model-923,Grocery & Pantry,Organic Foods,Sol,384.86,547.4,1
8923,SKU-APP-008923,Velocity Women's Clothing Model-924,Apparel,Women's Clothing,Velocity,312.31,651.79,1
8924,SKU-BEA-008924,Apex Cosmetics Model-925,Beauty & Care,Cosmetics,Apex,363.38,703.76,1
8925,SKU-GRO-008925,Sol Beverages Model-926,Grocery & Pantry,Beverages,Sol,187.62,384.92,1
8926,SKU-APP-008926,Aura Footwear Model-927,Apparel,Footwear,Aura,393.86,955.38,1
8927,SKU-AUT-008927,Echo Car Care Model-928,Automotive,Car Care,Echo,308.11,681.38,1
8928,SKU-TOY-008928,Vortex Outdoor Toys Model-929,Toys & Games,Outdoor Toys,Vortex,159.66,253.67,1
8929,SKU-ELE-008929,Horizon Accessories Model-930,Electronics,Accessories,Horizon,158.04,226.9,1
8930,SKU-GRO-008930,Matrix Snacks Model-931,Grocery & Pantry,Snacks,Matrix,380.71,752.7,1
8931,SKU-HOM-008931,Zenith Storage Model-932,Home & Kitchen,Storage,Zenith,105.79,195.13,1
8932,SKU-AUT-008932,Zenith Tools & Equipment Model-933,Automotive,Tools & Equipment,Zenith,379.97,907.59,1
8933,SKU-APP-008933,Zenith Outerwear Model-934,Apparel,Outerwear,Zenith,191.19,440.08,1
8934,SKU-SPO-008934,Echo Team Sports Model-935,Sports & Outdoors,Team Sports,Echo,417.93,781.16,1
8935,SKU-APP-008935,Titan Men's Clothing Model-936,Apparel,Men's Clothing,Titan,239.07,370.87,1
8936,SKU-GRO-008936,Pulse Condiments Model-937,Grocery & Pantry,Condiments,Pulse,41.62,82.95,1
8937,SKU-SPO-008937,Horizon Camping & Hiking Model-938,Sports & Outdoors,Camping & Hiking,Horizon,146.08,354.81,1
8938,SKU-ELE-008938,Velocity Smart Home Model-939,Electronics,Smart Home,Velocity,128.62,264.12,1
8939,SKU-TOY-008939,Horizon Board Games Model-940,Toys & Games,Board Games,Horizon,207.11,408.02,1
8940,SKU-APP-008940,Pulse Women's Clothing Model-941,Apparel,Women's Clothing,Pulse,58.31,144.58,1
8941,SKU-TOY-008941,Apex Puzzles Model-942,Toys & Games,Puzzles,Apex,320.65,785.15,0
8942,SKU-TOY-008942,Nova Outdoor Toys Model-943,Toys & Games,Outdoor Toys,Nova,340.19,794.23,1
8943,SKU-GRO-008943,Velocity Condiments Model-944,Grocery & Pantry,Condiments,Velocity,76,161.69,0
8944,SKU-AUT-008944,Horizon Car Care Model-945,Automotive,Car Care,Horizon,284.51,654.78,1
8945,SKU-BEA-008945,Apex Skincare Model-946,Beauty & Care,Skincare,Apex,380.34,815.24,1
8946,SKU-ELE-008946,Prism Audio & Headphones Model-947,Electronics,Audio & Headphones,Prism,331.28,790.29,1
8947,SKU-HOM-008947,Horizon Decor Model-948,Home & Kitchen,Decor,Horizon,343.61,454.54,1
8948,SKU-HOM-008948,Vortex Decor Model-949,Home & Kitchen,Decor,Vortex,275.36,615.72,1
8949,SKU-SPO-008949,Apex Team Sports Model-950,Sports & Outdoors,Team Sports,Apex,31.84,44.01,1
8950,SKU-APP-008950,Summit Accessories Model-951,Apparel,Accessories,Summit,263.72,544.58,1
8951,SKU-AUT-008951,Titan Tools & Equipment Model-952,Automotive,Tools & Equipment,Titan,155.32,241.76,1
8952,SKU-BEA-008952,Velocity Skincare Model-953,Beauty & Care,Skincare,Velocity,106.02,198.44,1
8953,SKU-ELE-008953,Summit Audio & Headphones Model-954,Electronics,Audio & Headphones,Summit,432.8,994.51,1
8954,SKU-AUT-008954,Echo Oils & Fluids Model-955,Automotive,Oils & Fluids,Echo,28.75,62.43,1
8955,SKU-HOM-008955,Summit Storage Model-956,Home & Kitchen,Storage,Summit,282.75,632.27,1
8956,SKU-ELE-008956,Zenith Audio & Headphones Model-957,Electronics,Audio & Headphones,Zenith,65.23,87.06,1
8957,SKU-GRO-008957,Nova Canned Goods Model-958,Grocery & Pantry,Canned Goods,Nova,388.98,662.29,1
8958,SKU-AUT-008958,Lumina Interior Accessories Model-959,Automotive,Interior Accessories,Lumina,297.36,741.99,1
8959,SKU-BEA-008959,Velocity Personal Care Model-960,Beauty & Care,Personal Care,Velocity,351.69,615.27,1
8960,SKU-SPO-008960,Zenith Camping & Hiking Model-961,Sports & Outdoors,Camping & Hiking,Zenith,410.29,652.81,1
8961,SKU-BEA-008961,Zenith Haircare Model-962,Beauty & Care,Haircare,Zenith,140.4,290.25,1
8962,SKU-ELE-008962,Pulse Smartphones Model-963,Electronics,Smartphones,Pulse,382.38,557.76,1
8963,SKU-HOM-008963,Apex Furniture Model-964,Home & Kitchen,Furniture,Apex,247.13,614.85,1
8964,SKU-APP-008964,Titan Men's Clothing Model-965,Apparel,Men's Clothing,Titan,281.67,387.62,1
8965,SKU-HOM-008965,Lumina Decor Model-966,Home & Kitchen,Decor,Lumina,22.78,34.97,1
8966,SKU-SPO-008966,Sol Water Sports Model-967,Sports & Outdoors,Water Sports,Sol,348.95,755.66,1
8967,SKU-GRO-008967,Lumina Breakfast Model-968,Grocery & Pantry,Breakfast,Lumina,313.34,672.32,1
8968,SKU-ELE-008968,Matrix Laptops Model-969,Electronics,Laptops,Matrix,140.94,231.97,0
8969,SKU-GRO-008969,Zenith Breakfast Model-970,Grocery & Pantry,Breakfast,Zenith,121.37,267.3,1
8970,SKU-BEA-008970,Summit Personal Care Model-971,Beauty & Care,Personal Care,Summit,314.51,425.36,0
8971,SKU-TOY-008971,Zenith Action Figures Model-972,Toys & Games,Action Figures,Zenith,422.79,1055.13,1
8972,SKU-HOM-008972,Vortex Cookware Model-973,Home & Kitchen,Cookware,Vortex,285.51,516.24,1
8973,SKU-TOY-008973,Aura Action Figures Model-974,Toys & Games,Action Figures,Aura,135.61,301.24,1
8974,SKU-SPO-008974,Prism Water Sports Model-975,Sports & Outdoors,Water Sports,Prism,195.57,279.24,1
8975,SKU-ELE-008975,Nova Accessories Model-976,Electronics,Accessories,Nova,428.55,684.71,1
8976,SKU-HOM-008976,Apex Small Appliances Model-977,Home & Kitchen,Small Appliances,Apex,164.28,313.85,1
8977,SKU-SPO-008977,Lumina Camping & Hiking Model-978,Sports & Outdoors,Camping & Hiking,Lumina,163.06,381.86,1
8978,SKU-TOY-008978,Lumina Outdoor Toys Model-979,Toys & Games,Outdoor Toys,Lumina,247.2,432.67,1
8979,SKU-GRO-008979,Vortex Condiments Model-980,Grocery & Pantry,Condiments,Vortex,187.24,399.76,1
8980,SKU-HOM-008980,Vortex Storage Model-981,Home & Kitchen,Storage,Vortex,102.7,148.76,1
8981,SKU-SPO-008981,Horizon Camping & Hiking Model-982,Sports & Outdoors,Camping & Hiking,Horizon,10.16,13.76,1
8982,SKU-BEA-008982,Horizon Haircare Model-983,Beauty & Care,Haircare,Horizon,241.42,482.34,1
8983,SKU-BEA-008983,Horizon Personal Care Model-984,Beauty & Care,Personal Care,Horizon,120.2,256.69,1
8984,SKU-TOY-008984,Prism Board Games Model-985,Toys & Games,Board Games,Prism,431.55,1026.03,1
8985,SKU-SPO-008985,Apex Water Sports Model-986,Sports & Outdoors,Water Sports,Apex,150.64,338.4,1
8986,SKU-TOY-008986,Velocity Action Figures Model-987,Toys & Games,Action Figures,Velocity,67.17,94.46,1
8987,SKU-BEA-008987,Titan Cosmetics Model-988,Beauty & Care,Cosmetics,Titan,209.1,497.2,1
8988,SKU-GRO-008988,Prism Snacks Model-989,Grocery & Pantry,Snacks,Prism,98.97,200.61,1
8989,SKU-HOM-008989,Prism Decor Model-990,Home & Kitchen,Decor,Prism,355.37,575.93,1
8990,SKU-ELE-008990,Apex Smartphones Model-991,Electronics,Smartphones,Apex,76.48,133.45,1
8991,SKU-APP-008991,Sol Sportswear Model-992,Apparel,Sportswear,Sol,49.97,114.41,1
8992,SKU-ELE-008992,Zenith Accessories Model-993,Electronics,Accessories,Zenith,183.69,409.29,1
8993,SKU-AUT-008993,Velocity Tools & Equipment Model-994,Automotive,Tools & Equipment,Velocity,293.17,471.84,1
8994,SKU-AUT-008994,Apex Car Care Model-995,Automotive,Car Care,Apex,112.4,161.82,1
8995,SKU-GRO-008995,Horizon Canned Goods Model-996,Grocery & Pantry,Canned Goods,Horizon,8.55,19.14,1
8996,SKU-SPO-008996,Titan Cycling Model-997,Sports & Outdoors,Cycling,Titan,124.11,260.24,1
8997,SKU-BEA-008997,Lumina Fragrances Model-998,Beauty & Care,Fragrances,Lumina,423.85,650.85,1
8998,SKU-TOY-008998,Velocity Educational Toys Model-999,Toys & Games,Educational Toys,Velocity,362.95,765.33,1
8999,SKU-GRO-008999,Lumina Beverages Model-1000,Grocery & Pantry,Beverages,Lumina,17.18,29.97,1
9000,SKU-APP-009000,Zenith Women's Clothing Model-001,Apparel,Women's Clothing,Zenith,257.2,641.55,1
9001,SKU-APP-009001,Nova Sportswear Model-002,Apparel,Sportswear,Nova,408.36,632.68,1
9002,SKU-ELE-009002,Matrix Smart Home Model-003,Electronics,Smart Home,Matrix,288.35,413.43,1
9003,SKU-APP-009003,Velocity Sportswear Model-004,Apparel,Sportswear,Velocity,96.64,152.48,1
9004,SKU-SPO-009004,Aura Fitness Gear Model-005,Sports & Outdoors,Fitness Gear,Aura,154.45,338.11,1
9005,SKU-GRO-009005,Zenith Canned Goods Model-006,Grocery & Pantry,Canned Goods,Zenith,148.77,353.96,1
9006,SKU-ELE-009006,Aura Audio & Headphones Model-007,Electronics,Audio & Headphones,Aura,117.27,160.26,1
9007,SKU-AUT-009007,Lumina Car Care Model-008,Automotive,Car Care,Lumina,246.95,356.58,1
9008,SKU-AUT-009008,Pulse Interior Accessories Model-009,Automotive,Interior Accessories,Pulse,137.61,267.92,1
9009,SKU-APP-009009,Sol Accessories Model-010,Apparel,Accessories,Sol,308.59,536.14,1
9010,SKU-APP-009010,Matrix Accessories Model-011,Apparel,Accessories,Matrix,188.64,326.56,1
9011,SKU-APP-009011,Lumina Sportswear Model-012,Apparel,Sportswear,Lumina,143.72,288.15,1
9012,SKU-GRO-009012,Matrix Canned Goods Model-013,Grocery & Pantry,Canned Goods,Matrix,246.82,592.35,1
9013,SKU-HOM-009013,Horizon Decor Model-014,Home & Kitchen,Decor,Horizon,359.33,662.62,1
9014,SKU-BEA-009014,Titan Cosmetics Model-015,Beauty & Care,Cosmetics,Titan,261.82,507.12,1
9015,SKU-AUT-009015,Sol Interior Accessories Model-016,Automotive,Interior Accessories,Sol,140.21,268.99,1
9016,SKU-APP-009016,Velocity Women's Clothing Model-017,Apparel,Women's Clothing,Velocity,87.5,157.94,0
9017,SKU-ELE-009017,Velocity Smart Home Model-018,Electronics,Smart Home,Velocity,250.08,434.58,1
9018,SKU-TOY-009018,Prism Action Figures Model-019,Toys & Games,Action Figures,Prism,300.81,603.06,1
9019,SKU-AUT-009019,Prism Car Care Model-020,Automotive,Car Care,Prism,288.38,627.73,1
9020,SKU-BEA-009020,Pulse Cosmetics Model-021,Beauty & Care,Cosmetics,Pulse,216.46,374.65,1
9021,SKU-GRO-009021,Prism Beverages Model-022,Grocery & Pantry,Beverages,Prism,97.43,156.06,1
9022,SKU-TOY-009022,Vortex Board Games Model-023,Toys & Games,Board Games,Vortex,339.17,764.1,0
9023,SKU-AUT-009023,Nova Tools & Equipment Model-024,Automotive,Tools & Equipment,Nova,40.55,74.86,1
9024,SKU-GRO-009024,Horizon Snacks Model-025,Grocery & Pantry,Snacks,Horizon,432.25,917.68,1
9025,SKU-ELE-009025,Zenith Accessories Model-026,Electronics,Accessories,Zenith,393.89,700.45,1
9026,SKU-SPO-009026,Prism Fitness Gear Model-027,Sports & Outdoors,Fitness Gear,Prism,13.89,34.26,1
9027,SKU-GRO-009027,Pulse Condiments Model-028,Grocery & Pantry,Condiments,Pulse,258.3,469.68,1
9028,SKU-SPO-009028,Zenith Camping & Hiking Model-029,Sports & Outdoors,Camping & Hiking,Zenith,205.47,440.22,1
9029,SKU-APP-009029,Horizon Footwear Model-030,Apparel,Footwear,Horizon,304.74,584.07,1
9030,SKU-TOY-009030,Zenith Action Figures Model-031,Toys & Games,Action Figures,Zenith,203.03,469.38,1
9031,SKU-ELE-009031,Matrix Laptops Model-032,Electronics,Laptops,Matrix,384.8,782.93,1
9032,SKU-BEA-009032,Titan Fragrances Model-033,Beauty & Care,Fragrances,Titan,22.75,54.76,1
9033,SKU-BEA-009033,Sol Skincare Model-034,Beauty & Care,Skincare,Sol,281.12,450.96,1
9034,SKU-TOY-009034,Sol Educational Toys Model-035,Toys & Games,Educational Toys,Sol,316.75,620.13,1
9035,SKU-HOM-009035,Summit Small Appliances Model-036,Home & Kitchen,Small Appliances,Summit,151.98,363.17,1
9036,SKU-AUT-009036,Sol Tools & Equipment Model-037,Automotive,Tools & Equipment,Sol,197.98,275.55,1
9037,SKU-HOM-009037,Aura Cookware Model-038,Home & Kitchen,Cookware,Aura,280.81,654.39,1
9038,SKU-AUT-009038,Summit Tools & Equipment Model-039,Automotive,Tools & Equipment,Summit,296.74,505.98,1
9039,SKU-ELE-009039,Vortex Laptops Model-040,Electronics,Laptops,Vortex,121.1,278.37,1
9040,SKU-HOM-009040,Sol Decor Model-041,Home & Kitchen,Decor,Sol,142.24,313.06,1
9041,SKU-ELE-009041,Summit Smartphones Model-042,Electronics,Smartphones,Summit,318.22,768.13,1
9042,SKU-SPO-009042,Lumina Fitness Gear Model-043,Sports & Outdoors,Fitness Gear,Lumina,406.01,901.52,1
9043,SKU-GRO-009043,Titan Canned Goods Model-044,Grocery & Pantry,Canned Goods,Titan,144.55,276.14,1
9044,SKU-APP-009044,Vortex Footwear Model-045,Apparel,Footwear,Vortex,210.43,297.99,1
9045,SKU-GRO-009045,Apex Breakfast Model-046,Grocery & Pantry,Breakfast,Apex,139.51,212.85,1
9046,SKU-HOM-009046,Matrix Decor Model-047,Home & Kitchen,Decor,Matrix,307.43,572.58,1
9047,SKU-TOY-009047,Lumina Action Figures Model-048,Toys & Games,Action Figures,Lumina,321.11,523.77,1
9048,SKU-GRO-009048,Echo Organic Foods Model-049,Grocery & Pantry,Organic Foods,Echo,205.34,468.84,1
9049,SKU-SPO-009049,Lumina Fitness Gear Model-050,Sports & Outdoors,Fitness Gear,Lumina,330.62,642.47,1
9050,SKU-ELE-009050,Echo Accessories Model-051,Electronics,Accessories,Echo,46.51,77.3,0
9051,SKU-SPO-009051,Nova Fitness Gear Model-052,Sports & Outdoors,Fitness Gear,Nova,230.82,417.05,1
9052,SKU-BEA-009052,Nova Haircare Model-053,Beauty & Care,Haircare,Nova,385.72,693.39,1
9053,SKU-BEA-009053,Titan Fragrances Model-054,Beauty & Care,Fragrances,Titan,138.81,184.85,1
9054,SKU-TOY-009054,Matrix Puzzles Model-055,Toys & Games,Puzzles,Matrix,417.62,718.93,1
9055,SKU-GRO-009055,Vortex Organic Foods Model-056,Grocery & Pantry,Organic Foods,Vortex,209.82,519.07,1
9056,SKU-AUT-009056,Matrix Tools & Equipment Model-057,Automotive,Tools & Equipment,Matrix,203.77,345.63,1
9057,SKU-TOY-009057,Zenith Board Games Model-058,Toys & Games,Board Games,Zenith,268.63,414.13,1
9058,SKU-GRO-009058,Lumina Breakfast Model-059,Grocery & Pantry,Breakfast,Lumina,19.45,28.58,1
9059,SKU-HOM-009059,Pulse Bedding Model-060,Home & Kitchen,Bedding,Pulse,82.25,168.75,1
9060,SKU-BEA-009060,Nova Haircare Model-061,Beauty & Care,Haircare,Nova,341,761.95,1
9061,SKU-ELE-009061,Aura Laptops Model-062,Electronics,Laptops,Aura,98.5,200.91,1
9062,SKU-GRO-009062,Lumina Canned Goods Model-063,Grocery & Pantry,Canned Goods,Lumina,156.13,271.53,1
9063,SKU-APP-009063,Pulse Sportswear Model-064,Apparel,Sportswear,Pulse,227.61,356.1,1
9064,SKU-GRO-009064,Vortex Condiments Model-065,Grocery & Pantry,Condiments,Vortex,294.92,656.16,1
9065,SKU-APP-009065,Apex Women's Clothing Model-066,Apparel,Women's Clothing,Apex,181.99,426.44,1
9066,SKU-ELE-009066,Horizon Smartphones Model-067,Electronics,Smartphones,Horizon,275.47,564.62,1
9067,SKU-TOY-009067,Aura Educational Toys Model-068,Toys & Games,Educational Toys,Aura,197.97,300.75,1
9068,SKU-HOM-009068,Titan Small Appliances Model-069,Home & Kitchen,Small Appliances,Titan,139.16,229.72,1
9069,SKU-AUT-009069,Lumina Oils & Fluids Model-070,Automotive,Oils & Fluids,Lumina,418.99,783.55,1
9070,SKU-GRO-009070,Summit Breakfast Model-071,Grocery & Pantry,Breakfast,Summit,364.26,735.55,1
9071,SKU-HOM-009071,Velocity Storage Model-072,Home & Kitchen,Storage,Velocity,268.38,533.69,1
9072,SKU-HOM-009072,Lumina Storage Model-073,Home & Kitchen,Storage,Lumina,353.15,509.53,1
9073,SKU-APP-009073,Velocity Footwear Model-074,Apparel,Footwear,Velocity,174.81,407.91,1
9074,SKU-APP-009074,Prism Sportswear Model-075,Apparel,Sportswear,Prism,13.03,29.84,1
9075,SKU-BEA-009075,Echo Personal Care Model-076,Beauty & Care,Personal Care,Echo,157.17,207.69,1
9076,SKU-ELE-009076,Zenith Smart Home Model-077,Electronics,Smart Home,Zenith,239.77,475.7,1
9077,SKU-SPO-009077,Apex Team Sports Model-078,Sports & Outdoors,Team Sports,Apex,347.45,552.38,1
9078,SKU-AUT-009078,Apex Oils & Fluids Model-079,Automotive,Oils & Fluids,Apex,84.88,130.53,0
9079,SKU-AUT-009079,Pulse Interior Accessories Model-080,Automotive,Interior Accessories,Pulse,123.33,297.52,1
9080,SKU-TOY-009080,Aura Educational Toys Model-081,Toys & Games,Educational Toys,Aura,280.84,435.62,1
9081,SKU-APP-009081,Horizon Footwear Model-082,Apparel,Footwear,Horizon,83.21,196.91,0
9082,SKU-APP-009082,Horizon Men's Clothing Model-083,Apparel,Men's Clothing,Horizon,260.56,523.38,1
9083,SKU-GRO-009083,Velocity Beverages Model-084,Grocery & Pantry,Beverages,Velocity,26.69,51.41,1
9084,SKU-TOY-009084,Velocity Action Figures Model-085,Toys & Games,Action Figures,Velocity,449.64,573.22,1
9085,SKU-HOM-009085,Nova Cookware Model-086,Home & Kitchen,Cookware,Nova,414.99,1031.01,1
9086,SKU-HOM-009086,Nova Decor Model-087,Home & Kitchen,Decor,Nova,127.02,241.54,1
9087,SKU-TOY-009087,Summit Action Figures Model-088,Toys & Games,Action Figures,Summit,96.86,164.83,1
9088,SKU-TOY-009088,Titan Board Games Model-089,Toys & Games,Board Games,Titan,430.32,682.62,1
9089,SKU-HOM-009089,Vortex Small Appliances Model-090,Home & Kitchen,Small Appliances,Vortex,134.5,309.47,1
9090,SKU-AUT-009090,Summit Car Care Model-091,Automotive,Car Care,Summit,17.21,35.42,1
9091,SKU-ELE-009091,Titan Smartphones Model-092,Electronics,Smartphones,Titan,91.05,203.67,1
9092,SKU-TOY-009092,Titan Outdoor Toys Model-093,Toys & Games,Outdoor Toys,Titan,54.22,100.11,1
9093,SKU-SPO-009093,Titan Water Sports Model-094,Sports & Outdoors,Water Sports,Titan,23.18,48.95,1
9094,SKU-SPO-009094,Prism Team Sports Model-095,Sports & Outdoors,Team Sports,Prism,292.01,437.78,1
9095,SKU-AUT-009095,Summit Car Care Model-096,Automotive,Car Care,Summit,104.18,256.5,1
9096,SKU-TOY-009096,Pulse Educational Toys Model-097,Toys & Games,Educational Toys,Pulse,66.99,91.38,1
9097,SKU-GRO-009097,Matrix Canned Goods Model-098,Grocery & Pantry,Canned Goods,Matrix,127.92,251.3,1
9098,SKU-HOM-009098,Sol Furniture Model-099,Home & Kitchen,Furniture,Sol,398.41,611.91,1
9099,SKU-GRO-009099,Vortex Organic Foods Model-100,Grocery & Pantry,Organic Foods,Vortex,159.69,382.01,1
9100,SKU-APP-009100,Sol Accessories Model-101,Apparel,Accessories,Sol,293.42,731.64,1
9101,SKU-AUT-009101,Aura Car Care Model-102,Automotive,Car Care,Aura,254.27,324.86,1
9102,SKU-HOM-009102,Horizon Furniture Model-103,Home & Kitchen,Furniture,Horizon,156.71,332.74,1
9103,SKU-TOY-009103,Nova Outdoor Toys Model-104,Toys & Games,Outdoor Toys,Nova,56.57,81.08,1
9104,SKU-SPO-009104,Pulse Fitness Gear Model-105,Sports & Outdoors,Fitness Gear,Pulse,84.24,156.96,1
9105,SKU-APP-009105,Aura Outerwear Model-106,Apparel,Outerwear,Aura,327.71,735.89,1
9106,SKU-BEA-009106,Prism Skincare Model-107,Beauty & Care,Skincare,Prism,119.28,251.4,1
9107,SKU-GRO-009107,Vortex Condiments Model-108,Grocery & Pantry,Condiments,Vortex,67.41,145.48,1
9108,SKU-HOM-009108,Zenith Furniture Model-109,Home & Kitchen,Furniture,Zenith,219.1,383.39,1
9109,SKU-AUT-009109,Titan Oils & Fluids Model-110,Automotive,Oils & Fluids,Titan,165.95,404.48,1
9110,SKU-HOM-009110,Sol Bedding Model-111,Home & Kitchen,Bedding,Sol,340.95,776.9,1
9111,SKU-SPO-009111,Apex Water Sports Model-112,Sports & Outdoors,Water Sports,Apex,409.49,824.28,1
9112,SKU-SPO-009112,Summit Fitness Gear Model-113,Sports & Outdoors,Fitness Gear,Summit,228.48,566.6,1
9113,SKU-GRO-009113,Matrix Breakfast Model-114,Grocery & Pantry,Breakfast,Matrix,315.98,711.61,1
9114,SKU-BEA-009114,Lumina Haircare Model-115,Beauty & Care,Haircare,Lumina,159.85,216.03,1
9115,SKU-BEA-009115,Horizon Cosmetics Model-116,Beauty & Care,Cosmetics,Horizon,240.19,459.59,1
9116,SKU-APP-009116,Prism Women's Clothing Model-117,Apparel,Women's Clothing,Prism,364.73,658.91,1
9117,SKU-HOM-009117,Sol Furniture Model-118,Home & Kitchen,Furniture,Sol,366.64,740.86,0
9118,SKU-TOY-009118,Echo Outdoor Toys Model-119,Toys & Games,Outdoor Toys,Echo,418.18,745.54,1
9119,SKU-GRO-009119,Velocity Breakfast Model-120,Grocery & Pantry,Breakfast,Velocity,45.75,93.67,1
9120,SKU-BEA-009120,Titan Skincare Model-121,Beauty & Care,Skincare,Titan,217.51,510.27,1
9121,SKU-BEA-009121,Aura Personal Care Model-122,Beauty & Care,Personal Care,Aura,90.02,197.18,1
9122,SKU-AUT-009122,Aura Interior Accessories Model-123,Automotive,Interior Accessories,Aura,180.11,279.99,1
9123,SKU-ELE-009123,Echo Wearables Model-124,Electronics,Wearables,Echo,403.05,523.49,1
9124,SKU-SPO-009124,Zenith Fitness Gear Model-125,Sports & Outdoors,Fitness Gear,Zenith,110.02,202.06,1
9125,SKU-BEA-009125,Horizon Fragrances Model-126,Beauty & Care,Fragrances,Horizon,35.08,55.69,1
9126,SKU-AUT-009126,Lumina Oils & Fluids Model-127,Automotive,Oils & Fluids,Lumina,262.96,391.18,1
9127,SKU-HOM-009127,Horizon Storage Model-128,Home & Kitchen,Storage,Horizon,429.46,1038.4,1
9128,SKU-GRO-009128,Sol Beverages Model-129,Grocery & Pantry,Beverages,Sol,88.64,165.07,1
9129,SKU-APP-009129,Apex Women's Clothing Model-130,Apparel,Women's Clothing,Apex,425.98,778.27,1
9130,SKU-HOM-009130,Horizon Storage Model-131,Home & Kitchen,Storage,Horizon,419.2,895.83,1
9131,SKU-SPO-009131,Prism Cycling Model-132,Sports & Outdoors,Cycling,Prism,298.4,594.66,1
9132,SKU-HOM-009132,Aura Small Appliances Model-133,Home & Kitchen,Small Appliances,Aura,111.94,151.38,0
9133,SKU-AUT-009133,Echo Car Care Model-134,Automotive,Car Care,Echo,346.07,572.1,1
9134,SKU-AUT-009134,Prism Interior Accessories Model-135,Automotive,Interior Accessories,Prism,358.89,786.63,1
9135,SKU-GRO-009135,Pulse Breakfast Model-136,Grocery & Pantry,Breakfast,Pulse,390.6,843.29,1
9136,SKU-BEA-009136,Horizon Personal Care Model-137,Beauty & Care,Personal Care,Horizon,367.41,872.03,1
9137,SKU-APP-009137,Sol Sportswear Model-138,Apparel,Sportswear,Sol,83.03,104.31,1
9138,SKU-GRO-009138,Aura Breakfast Model-139,Grocery & Pantry,Breakfast,Aura,268.36,449.99,1
9139,SKU-AUT-009139,Summit Oils & Fluids Model-140,Automotive,Oils & Fluids,Summit,195.73,338.96,1
9140,SKU-HOM-009140,Titan Cookware Model-141,Home & Kitchen,Cookware,Titan,402.49,600.22,0
9141,SKU-GRO-009141,Echo Condiments Model-142,Grocery & Pantry,Condiments,Echo,365.41,611.35,1
9142,SKU-GRO-009142,Titan Canned Goods Model-143,Grocery & Pantry,Canned Goods,Titan,101.7,161.08,1
9143,SKU-AUT-009143,Pulse Tools & Equipment Model-144,Automotive,Tools & Equipment,Pulse,184.09,359.67,1
9144,SKU-APP-009144,Velocity Footwear Model-145,Apparel,Footwear,Velocity,416.13,1024.23,1
9145,SKU-BEA-009145,Matrix Haircare Model-146,Beauty & Care,Haircare,Matrix,339.39,526.55,1
9146,SKU-ELE-009146,Lumina Smart Home Model-147,Electronics,Smart Home,Lumina,249.34,540.12,1
9147,SKU-TOY-009147,Aura Action Figures Model-148,Toys & Games,Action Figures,Aura,63.16,109.33,1
9148,SKU-HOM-009148,Summit Furniture Model-149,Home & Kitchen,Furniture,Summit,365.91,589.2,1
9149,SKU-TOY-009149,Nova Outdoor Toys Model-150,Toys & Games,Outdoor Toys,Nova,118.14,265.32,1
9150,SKU-TOY-009150,Echo Board Games Model-151,Toys & Games,Board Games,Echo,271.84,573.57,1
9151,SKU-TOY-009151,Lumina Outdoor Toys Model-152,Toys & Games,Outdoor Toys,Lumina,22.22,50.89,1
9152,SKU-APP-009152,Prism Women's Clothing Model-153,Apparel,Women's Clothing,Prism,83.57,194.72,1
9153,SKU-BEA-009153,Sol Haircare Model-154,Beauty & Care,Haircare,Sol,27.3,57.03,1
9154,SKU-APP-009154,Aura Outerwear Model-155,Apparel,Outerwear,Aura,184.73,299.02,1
9155,SKU-HOM-009155,Velocity Furniture Model-156,Home & Kitchen,Furniture,Velocity,107.38,201.61,1
9156,SKU-ELE-009156,Vortex Smart Home Model-157,Electronics,Smart Home,Vortex,236.47,351.74,1
9157,SKU-GRO-009157,Velocity Breakfast Model-158,Grocery & Pantry,Breakfast,Velocity,449.81,694.01,1
9158,SKU-GRO-009158,Matrix Organic Foods Model-159,Grocery & Pantry,Organic Foods,Matrix,228.33,385.12,1
9159,SKU-APP-009159,Vortex Men's Clothing Model-160,Apparel,Men's Clothing,Vortex,46.14,76.34,1
9160,SKU-BEA-009160,Pulse Haircare Model-161,Beauty & Care,Haircare,Pulse,310.42,497.03,1
9161,SKU-BEA-009161,Summit Skincare Model-162,Beauty & Care,Skincare,Summit,360.47,500.83,1
9162,SKU-GRO-009162,Echo Beverages Model-163,Grocery & Pantry,Beverages,Echo,425.26,906.47,1
9163,SKU-APP-009163,Nova Women's Clothing Model-164,Apparel,Women's Clothing,Nova,129.3,262.88,1
9164,SKU-APP-009164,Apex Outerwear Model-165,Apparel,Outerwear,Apex,6.44,10.16,1
9165,SKU-BEA-009165,Matrix Skincare Model-166,Beauty & Care,Skincare,Matrix,345.46,802.86,1
9166,SKU-GRO-009166,Echo Breakfast Model-167,Grocery & Pantry,Breakfast,Echo,249.08,611.9,1
9167,SKU-ELE-009167,Echo Audio & Headphones Model-168,Electronics,Audio & Headphones,Echo,138.62,181.71,1
9168,SKU-BEA-009168,Sol Cosmetics Model-169,Beauty & Care,Cosmetics,Sol,377.61,795.51,1
9169,SKU-GRO-009169,Sol Condiments Model-170,Grocery & Pantry,Condiments,Sol,286.54,533.16,1
9170,SKU-BEA-009170,Echo Cosmetics Model-171,Beauty & Care,Cosmetics,Echo,309.95,566.47,1
9171,SKU-BEA-009171,Zenith Personal Care Model-172,Beauty & Care,Personal Care,Zenith,330.55,585.68,1
9172,SKU-TOY-009172,Aura Board Games Model-173,Toys & Games,Board Games,Aura,22.97,41.49,1
9173,SKU-GRO-009173,Prism Snacks Model-174,Grocery & Pantry,Snacks,Prism,446.99,872.01,0
9174,SKU-ELE-009174,Zenith Audio & Headphones Model-175,Electronics,Audio & Headphones,Zenith,438.62,922.15,1
9175,SKU-GRO-009175,Nova Snacks Model-176,Grocery & Pantry,Snacks,Nova,135.91,207.82,1
9176,SKU-GRO-009176,Pulse Canned Goods Model-177,Grocery & Pantry,Canned Goods,Pulse,410.52,981.59,1
9177,SKU-BEA-009177,Aura Personal Care Model-178,Beauty & Care,Personal Care,Aura,72.52,173.49,1
9178,SKU-BEA-009178,Pulse Cosmetics Model-179,Beauty & Care,Cosmetics,Pulse,337.75,740.47,1
9179,SKU-HOM-009179,Matrix Furniture Model-180,Home & Kitchen,Furniture,Matrix,247.64,601.41,1
9180,SKU-BEA-009180,Pulse Fragrances Model-181,Beauty & Care,Fragrances,Pulse,228.07,357.46,1
9181,SKU-ELE-009181,Horizon Smartphones Model-182,Electronics,Smartphones,Horizon,288.41,437.12,1
9182,SKU-APP-009182,Nova Men's Clothing Model-183,Apparel,Men's Clothing,Nova,400.86,602.26,1
9183,SKU-HOM-009183,Echo Storage Model-184,Home & Kitchen,Storage,Echo,293.42,583.92,1
9184,SKU-SPO-009184,Sol Cycling Model-185,Sports & Outdoors,Cycling,Sol,187.82,326.48,1
9185,SKU-APP-009185,Prism Men's Clothing Model-186,Apparel,Men's Clothing,Prism,365.13,642.21,1
9186,SKU-BEA-009186,Prism Personal Care Model-187,Beauty & Care,Personal Care,Prism,380.44,928.62,1
9187,SKU-AUT-009187,Matrix Tools & Equipment Model-188,Automotive,Tools & Equipment,Matrix,405.99,873.58,0
9188,SKU-AUT-009188,Horizon Car Care Model-189,Automotive,Car Care,Horizon,388.81,757.8,1
9189,SKU-TOY-009189,Vortex Board Games Model-190,Toys & Games,Board Games,Vortex,121.59,295.3,1
9190,SKU-APP-009190,Aura Accessories Model-191,Apparel,Accessories,Aura,171.84,421.36,1
9191,SKU-TOY-009191,Matrix Board Games Model-192,Toys & Games,Board Games,Matrix,172.75,296.6,1
9192,SKU-BEA-009192,Echo Cosmetics Model-193,Beauty & Care,Cosmetics,Echo,188.54,356.79,1
9193,SKU-APP-009193,Zenith Accessories Model-194,Apparel,Accessories,Zenith,377.94,662.1,1
9194,SKU-AUT-009194,Apex Tools & Equipment Model-195,Automotive,Tools & Equipment,Apex,220.8,542.29,1
9195,SKU-HOM-009195,Velocity Storage Model-196,Home & Kitchen,Storage,Velocity,227.13,526.61,1
9196,SKU-SPO-009196,Apex Fitness Gear Model-197,Sports & Outdoors,Fitness Gear,Apex,221.75,490.26,1
9197,SKU-HOM-009197,Zenith Decor Model-198,Home & Kitchen,Decor,Zenith,226.32,492.64,1
9198,SKU-SPO-009198,Horizon Cycling Model-199,Sports & Outdoors,Cycling,Horizon,376.78,480.85,1
9199,SKU-GRO-009199,Zenith Snacks Model-200,Grocery & Pantry,Snacks,Zenith,376.14,742.72,1
9200,SKU-SPO-009200,Nova Water Sports Model-201,Sports & Outdoors,Water Sports,Nova,369.99,507.63,1
9201,SKU-BEA-009201,Sol Cosmetics Model-202,Beauty & Care,Cosmetics,Sol,182.18,284.95,0
9202,SKU-APP-009202,Pulse Sportswear Model-203,Apparel,Sportswear,Pulse,412.06,823.76,1
9203,SKU-AUT-009203,Matrix Interior Accessories Model-204,Automotive,Interior Accessories,Matrix,421.86,979.66,1
9204,SKU-TOY-009204,Zenith Board Games Model-205,Toys & Games,Board Games,Zenith,58.9,102.41,1
9205,SKU-SPO-009205,Aura Water Sports Model-206,Sports & Outdoors,Water Sports,Aura,230.7,463.13,1
9206,SKU-HOM-009206,Titan Storage Model-207,Home & Kitchen,Storage,Titan,347.05,660.05,1
9207,SKU-ELE-009207,Aura Accessories Model-208,Electronics,Accessories,Aura,231.38,310.31,1
9208,SKU-ELE-009208,Sol Accessories Model-209,Electronics,Accessories,Sol,97.59,143.25,1
9209,SKU-APP-009209,Sol Accessories Model-210,Apparel,Accessories,Sol,256,514.31,1
9210,SKU-APP-009210,Summit Footwear Model-211,Apparel,Footwear,Summit,298.31,673.96,1
9211,SKU-AUT-009211,Zenith Interior Accessories Model-212,Automotive,Interior Accessories,Zenith,210.69,266.95,0
9212,SKU-GRO-009212,Titan Snacks Model-213,Grocery & Pantry,Snacks,Titan,149.5,246.91,1
9213,SKU-AUT-009213,Echo Oils & Fluids Model-214,Automotive,Oils & Fluids,Echo,345.61,538.42,1
9214,SKU-AUT-009214,Summit Interior Accessories Model-215,Automotive,Interior Accessories,Summit,162.13,293.23,1
9215,SKU-TOY-009215,Sol Action Figures Model-216,Toys & Games,Action Figures,Sol,324.94,717.2,1
9216,SKU-GRO-009216,Pulse Beverages Model-217,Grocery & Pantry,Beverages,Pulse,279.42,574.54,1
9217,SKU-BEA-009217,Apex Haircare Model-218,Beauty & Care,Haircare,Apex,42.86,90.42,1
9218,SKU-TOY-009218,Pulse Action Figures Model-219,Toys & Games,Action Figures,Pulse,155.29,320.4,1
9219,SKU-BEA-009219,Horizon Haircare Model-220,Beauty & Care,Haircare,Horizon,232.46,304.39,1
9220,SKU-SPO-009220,Pulse Cycling Model-221,Sports & Outdoors,Cycling,Pulse,277.58,600.99,1
9221,SKU-BEA-009221,Summit Personal Care Model-222,Beauty & Care,Personal Care,Summit,91.78,208.29,1
9222,SKU-ELE-009222,Sol Smartphones Model-223,Electronics,Smartphones,Sol,63.62,115.61,1
9223,SKU-SPO-009223,Sol Fitness Gear Model-224,Sports & Outdoors,Fitness Gear,Sol,421.4,1050.14,1
9224,SKU-GRO-009224,Sol Organic Foods Model-225,Grocery & Pantry,Organic Foods,Sol,430.98,634.46,1
9225,SKU-GRO-009225,Summit Beverages Model-226,Grocery & Pantry,Beverages,Summit,136.78,321.1,1
9226,SKU-HOM-009226,Horizon Small Appliances Model-227,Home & Kitchen,Small Appliances,Horizon,343.52,598.06,1
9227,SKU-BEA-009227,Echo Cosmetics Model-228,Beauty & Care,Cosmetics,Echo,240.7,386.73,1
9228,SKU-ELE-009228,Aura Audio & Headphones Model-229,Electronics,Audio & Headphones,Aura,325.1,454.89,1
9229,SKU-SPO-009229,Zenith Cycling Model-230,Sports & Outdoors,Cycling,Zenith,444,997.12,1
9230,SKU-GRO-009230,Titan Condiments Model-231,Grocery & Pantry,Condiments,Titan,92.78,222.78,1
9231,SKU-AUT-009231,Prism Car Care Model-232,Automotive,Car Care,Prism,52.01,78.98,1
9232,SKU-BEA-009232,Zenith Fragrances Model-233,Beauty & Care,Fragrances,Zenith,169.41,299.42,1
9233,SKU-GRO-009233,Summit Condiments Model-234,Grocery & Pantry,Condiments,Summit,446.84,1047.61,0
9234,SKU-TOY-009234,Lumina Educational Toys Model-235,Toys & Games,Educational Toys,Lumina,424.62,728.79,1
9235,SKU-APP-009235,Matrix Footwear Model-236,Apparel,Footwear,Matrix,235.86,389.84,1
9236,SKU-GRO-009236,Lumina Breakfast Model-237,Grocery & Pantry,Breakfast,Lumina,438.07,996.56,1
9237,SKU-TOY-009237,Sol Action Figures Model-238,Toys & Games,Action Figures,Sol,75.56,114.38,1
9238,SKU-AUT-009238,Matrix Tools & Equipment Model-239,Automotive,Tools & Equipment,Matrix,262.79,503.53,1
9239,SKU-BEA-009239,Echo Cosmetics Model-240,Beauty & Care,Cosmetics,Echo,59.86,102.91,1
9240,SKU-APP-009240,Pulse Men's Clothing Model-241,Apparel,Men's Clothing,Pulse,148.22,249.71,1
9241,SKU-HOM-009241,Lumina Small Appliances Model-242,Home & Kitchen,Small Appliances,Lumina,250.84,497.12,1
9242,SKU-BEA-009242,Velocity Fragrances Model-243,Beauty & Care,Fragrances,Velocity,215.81,309.94,1
9243,SKU-HOM-009243,Aura Furniture Model-244,Home & Kitchen,Furniture,Aura,309.2,418.05,1
9244,SKU-APP-009244,Pulse Women's Clothing Model-245,Apparel,Women's Clothing,Pulse,363.29,792.22,1
9245,SKU-AUT-009245,Apex Tools & Equipment Model-246,Automotive,Tools & Equipment,Apex,279.32,418.14,1
9246,SKU-ELE-009246,Aura Laptops Model-247,Electronics,Laptops,Aura,25.15,46.61,1
9247,SKU-GRO-009247,Nova Organic Foods Model-248,Grocery & Pantry,Organic Foods,Nova,410.2,615.29,1
9248,SKU-GRO-009248,Vortex Canned Goods Model-249,Grocery & Pantry,Canned Goods,Vortex,51.71,105.76,1
9249,SKU-ELE-009249,Prism Accessories Model-250,Electronics,Accessories,Prism,38.48,62.38,1
9250,SKU-ELE-009250,Pulse Smartphones Model-251,Electronics,Smartphones,Pulse,266.95,369.02,1
9251,SKU-APP-009251,Pulse Women's Clothing Model-252,Apparel,Women's Clothing,Pulse,313.97,737.04,1
9252,SKU-SPO-009252,Pulse Cycling Model-253,Sports & Outdoors,Cycling,Pulse,295.36,726.08,1
9253,SKU-GRO-009253,Summit Condiments Model-254,Grocery & Pantry,Condiments,Summit,13.52,17.98,1
9254,SKU-ELE-009254,Sol Smart Home Model-255,Electronics,Smart Home,Sol,260.22,434.04,1
9255,SKU-APP-009255,Lumina Outerwear Model-256,Apparel,Outerwear,Lumina,390.37,813.27,1
9256,SKU-HOM-009256,Summit Bedding Model-257,Home & Kitchen,Bedding,Summit,181.52,398.15,1
9257,SKU-APP-009257,Titan Accessories Model-258,Apparel,Accessories,Titan,313.76,505.75,1
9258,SKU-BEA-009258,Horizon Cosmetics Model-259,Beauty & Care,Cosmetics,Horizon,361.79,660.79,1
9259,SKU-HOM-009259,Prism Small Appliances Model-260,Home & Kitchen,Small Appliances,Prism,58.97,74.48,1
9260,SKU-SPO-009260,Horizon Team Sports Model-261,Sports & Outdoors,Team Sports,Horizon,413.23,694.84,1
9261,SKU-GRO-009261,Velocity Beverages Model-262,Grocery & Pantry,Beverages,Velocity,417.49,779.59,1
9262,SKU-GRO-009262,Pulse Snacks Model-263,Grocery & Pantry,Snacks,Pulse,169.02,274.32,1
9263,SKU-GRO-009263,Lumina Snacks Model-264,Grocery & Pantry,Snacks,Lumina,132.31,190.2,1
9264,SKU-BEA-009264,Horizon Haircare Model-265,Beauty & Care,Haircare,Horizon,148.94,238.69,1
9265,SKU-BEA-009265,Lumina Haircare Model-266,Beauty & Care,Haircare,Lumina,443.22,1075.24,1
9266,SKU-SPO-009266,Matrix Cycling Model-267,Sports & Outdoors,Cycling,Matrix,101.24,135.13,1
9267,SKU-GRO-009267,Titan Organic Foods Model-268,Grocery & Pantry,Organic Foods,Titan,13.24,21.67,1
9268,SKU-BEA-009268,Pulse Personal Care Model-269,Beauty & Care,Personal Care,Pulse,109.55,175.14,1
9269,SKU-GRO-009269,Summit Breakfast Model-270,Grocery & Pantry,Breakfast,Summit,147.6,200.37,1
9270,SKU-BEA-009270,Nova Cosmetics Model-271,Beauty & Care,Cosmetics,Nova,114.96,274.13,1
9271,SKU-AUT-009271,Aura Oils & Fluids Model-272,Automotive,Oils & Fluids,Aura,184.54,306.41,0
9272,SKU-GRO-009272,Vortex Organic Foods Model-273,Grocery & Pantry,Organic Foods,Vortex,437.76,679.96,1
9273,SKU-ELE-009273,Lumina Smartphones Model-274,Electronics,Smartphones,Lumina,87.39,160.39,1
9274,SKU-AUT-009274,Sol Oils & Fluids Model-275,Automotive,Oils & Fluids,Sol,216.21,448.8,1
9275,SKU-BEA-009275,Summit Skincare Model-276,Beauty & Care,Skincare,Summit,261.45,642.98,1
9276,SKU-AUT-009276,Horizon Tools & Equipment Model-277,Automotive,Tools & Equipment,Horizon,188.01,263.66,1
9277,SKU-SPO-009277,Prism Team Sports Model-278,Sports & Outdoors,Team Sports,Prism,335.8,806.82,1
9278,SKU-APP-009278,Sol Men's Clothing Model-279,Apparel,Men's Clothing,Sol,267.45,428.9,1
9279,SKU-TOY-009279,Matrix Board Games Model-280,Toys & Games,Board Games,Matrix,214.8,366.93,1
9280,SKU-BEA-009280,Sol Personal Care Model-281,Beauty & Care,Personal Care,Sol,347.3,831.17,1
9281,SKU-TOY-009281,Vortex Puzzles Model-282,Toys & Games,Puzzles,Vortex,40.39,77.87,1
9282,SKU-BEA-009282,Aura Cosmetics Model-283,Beauty & Care,Cosmetics,Aura,174.16,372.11,1
9283,SKU-HOM-009283,Prism Decor Model-284,Home & Kitchen,Decor,Prism,194.41,303.45,1
9284,SKU-APP-009284,Lumina Footwear Model-285,Apparel,Footwear,Lumina,22.36,45.25,0
9285,SKU-HOM-009285,Lumina Bedding Model-286,Home & Kitchen,Bedding,Lumina,70.05,146.61,1
9286,SKU-TOY-009286,Aura Board Games Model-287,Toys & Games,Board Games,Aura,402.36,981.88,1
9287,SKU-SPO-009287,Velocity Camping & Hiking Model-288,Sports & Outdoors,Camping & Hiking,Velocity,399.76,737.43,0
9288,SKU-HOM-009288,Apex Furniture Model-289,Home & Kitchen,Furniture,Apex,327.88,621.02,1
9289,SKU-HOM-009289,Sol Storage Model-290,Home & Kitchen,Storage,Sol,264.41,417.63,1
9290,SKU-AUT-009290,Aura Tools & Equipment Model-291,Automotive,Tools & Equipment,Aura,136.9,180.94,1
9291,SKU-ELE-009291,Titan Accessories Model-292,Electronics,Accessories,Titan,301.31,512.16,1
9292,SKU-HOM-009292,Apex Bedding Model-293,Home & Kitchen,Bedding,Apex,264.96,347.81,1
9293,SKU-APP-009293,Sol Accessories Model-294,Apparel,Accessories,Sol,62.21,117.55,1
9294,SKU-SPO-009294,Prism Cycling Model-295,Sports & Outdoors,Cycling,Prism,207.82,361.36,1
9295,SKU-AUT-009295,Zenith Tools & Equipment Model-296,Automotive,Tools & Equipment,Zenith,430.54,648.36,1
9296,SKU-TOY-009296,Prism Board Games Model-297,Toys & Games,Board Games,Prism,298.55,528.33,1
9297,SKU-AUT-009297,Horizon Tools & Equipment Model-298,Automotive,Tools & Equipment,Horizon,148.49,300.19,1
9298,SKU-APP-009298,Lumina Women's Clothing Model-299,Apparel,Women's Clothing,Lumina,333.47,801.11,1
9299,SKU-SPO-009299,Zenith Fitness Gear Model-300,Sports & Outdoors,Fitness Gear,Zenith,82.37,144.59,1
9300,SKU-SPO-009300,Zenith Team Sports Model-301,Sports & Outdoors,Team Sports,Zenith,169.03,421.73,1
9301,SKU-BEA-009301,Apex Personal Care Model-302,Beauty & Care,Personal Care,Apex,135.73,178.44,1
9302,SKU-SPO-009302,Lumina Team Sports Model-303,Sports & Outdoors,Team Sports,Lumina,280.9,489.6,1
9303,SKU-BEA-009303,Velocity Fragrances Model-304,Beauty & Care,Fragrances,Velocity,241.84,492.27,1
9304,SKU-BEA-009304,Prism Skincare Model-305,Beauty & Care,Skincare,Prism,229.15,395.23,1
9305,SKU-APP-009305,Velocity Footwear Model-306,Apparel,Footwear,Velocity,268.36,473.63,1
9306,SKU-AUT-009306,Vortex Interior Accessories Model-307,Automotive,Interior Accessories,Vortex,142.1,299.32,1
9307,SKU-AUT-009307,Velocity Interior Accessories Model-308,Automotive,Interior Accessories,Velocity,314.18,777.9,1
9308,SKU-ELE-009308,Titan Accessories Model-309,Electronics,Accessories,Titan,441.26,1063.24,1
9309,SKU-APP-009309,Summit Accessories Model-310,Apparel,Accessories,Summit,69.36,146.62,1
9310,SKU-SPO-009310,Prism Water Sports Model-311,Sports & Outdoors,Water Sports,Prism,205.81,329.84,1
9311,SKU-AUT-009311,Pulse Tools & Equipment Model-312,Automotive,Tools & Equipment,Pulse,54.68,77.11,1
9312,SKU-SPO-009312,Apex Team Sports Model-313,Sports & Outdoors,Team Sports,Apex,369.2,734.36,1
9313,SKU-ELE-009313,Pulse Audio & Headphones Model-314,Electronics,Audio & Headphones,Pulse,360.54,899.44,1
9314,SKU-SPO-009314,Aura Camping & Hiking Model-315,Sports & Outdoors,Camping & Hiking,Aura,240.84,330.1,1
9315,SKU-BEA-009315,Zenith Haircare Model-316,Beauty & Care,Haircare,Zenith,123.71,218.01,1
9316,SKU-SPO-009316,Sol Camping & Hiking Model-317,Sports & Outdoors,Camping & Hiking,Sol,332.73,642.84,1
9317,SKU-BEA-009317,Summit Fragrances Model-318,Beauty & Care,Fragrances,Summit,226.08,351.3,1
9318,SKU-ELE-009318,Apex Laptops Model-319,Electronics,Laptops,Apex,155.9,266.67,1
9319,SKU-ELE-009319,Echo Laptops Model-320,Electronics,Laptops,Echo,354.33,633.16,1
9320,SKU-SPO-009320,Titan Team Sports Model-321,Sports & Outdoors,Team Sports,Titan,381.74,906.06,1
9321,SKU-GRO-009321,Aura Beverages Model-322,Grocery & Pantry,Beverages,Aura,154.04,245.24,1
9322,SKU-BEA-009322,Nova Cosmetics Model-323,Beauty & Care,Cosmetics,Nova,14.37,18.15,1
9323,SKU-AUT-009323,Vortex Interior Accessories Model-324,Automotive,Interior Accessories,Vortex,65.1,95.59,1
9324,SKU-HOM-009324,Apex Furniture Model-325,Home & Kitchen,Furniture,Apex,361.93,874.46,1
9325,SKU-GRO-009325,Pulse Condiments Model-326,Grocery & Pantry,Condiments,Pulse,82.19,151.96,1
9326,SKU-SPO-009326,Aura Cycling Model-327,Sports & Outdoors,Cycling,Aura,284.35,592.11,1
9327,SKU-APP-009327,Sol Accessories Model-328,Apparel,Accessories,Sol,163.05,222.39,1
9328,SKU-ELE-009328,Apex Wearables Model-329,Electronics,Wearables,Apex,330.23,728.54,1
9329,SKU-ELE-009329,Velocity Wearables Model-330,Electronics,Wearables,Velocity,252.07,626.79,1
9330,SKU-AUT-009330,Aura Tools & Equipment Model-331,Automotive,Tools & Equipment,Aura,285.17,406.54,1
9331,SKU-ELE-009331,Zenith Smartphones Model-332,Electronics,Smartphones,Zenith,393.75,720.28,1
9332,SKU-BEA-009332,Matrix Cosmetics Model-333,Beauty & Care,Cosmetics,Matrix,267.6,338.4,1
9333,SKU-TOY-009333,Aura Action Figures Model-334,Toys & Games,Action Figures,Aura,445.6,787.59,1
9334,SKU-APP-009334,Zenith Accessories Model-335,Apparel,Accessories,Zenith,313.68,585.28,1
9335,SKU-HOM-009335,Echo Decor Model-336,Home & Kitchen,Decor,Echo,31.72,69.31,1
9336,SKU-SPO-009336,Echo Fitness Gear Model-337,Sports & Outdoors,Fitness Gear,Echo,403.67,906.15,1
9337,SKU-TOY-009337,Lumina Board Games Model-338,Toys & Games,Board Games,Lumina,29.45,42.23,1
9338,SKU-APP-009338,Lumina Footwear Model-339,Apparel,Footwear,Lumina,216.92,477.8,0
9339,SKU-GRO-009339,Summit Beverages Model-340,Grocery & Pantry,Beverages,Summit,97.68,144.01,1
9340,SKU-AUT-009340,Velocity Car Care Model-341,Automotive,Car Care,Velocity,86.72,204.29,1
9341,SKU-TOY-009341,Pulse Outdoor Toys Model-342,Toys & Games,Outdoor Toys,Pulse,226.03,483.29,1
9342,SKU-AUT-009342,Velocity Tools & Equipment Model-343,Automotive,Tools & Equipment,Velocity,382.36,482.69,1
9343,SKU-SPO-009343,Echo Fitness Gear Model-344,Sports & Outdoors,Fitness Gear,Echo,32.35,45.95,1
9344,SKU-TOY-009344,Lumina Puzzles Model-345,Toys & Games,Puzzles,Lumina,196.22,261.63,1
9345,SKU-HOM-009345,Matrix Cookware Model-346,Home & Kitchen,Cookware,Matrix,165.61,289.95,1
9346,SKU-GRO-009346,Matrix Condiments Model-347,Grocery & Pantry,Condiments,Matrix,16.23,36.3,1
9347,SKU-AUT-009347,Nova Interior Accessories Model-348,Automotive,Interior Accessories,Nova,234.74,548.34,1
9348,SKU-TOY-009348,Aura Puzzles Model-349,Toys & Games,Puzzles,Aura,444.75,575.48,1
9349,SKU-HOM-009349,Velocity Decor Model-350,Home & Kitchen,Decor,Velocity,248.47,416.46,1
9350,SKU-SPO-009350,Zenith Cycling Model-351,Sports & Outdoors,Cycling,Zenith,389.92,883.59,1
9351,SKU-TOY-009351,Vortex Puzzles Model-352,Toys & Games,Puzzles,Vortex,197.36,361.36,0
9352,SKU-ELE-009352,Aura Accessories Model-353,Electronics,Accessories,Aura,299.18,535.44,1
9353,SKU-HOM-009353,Sol Furniture Model-354,Home & Kitchen,Furniture,Sol,365.38,778.65,1
9354,SKU-GRO-009354,Pulse Condiments Model-355,Grocery & Pantry,Condiments,Pulse,12.88,19.86,1
9355,SKU-AUT-009355,Matrix Tools & Equipment Model-356,Automotive,Tools & Equipment,Matrix,129.76,211.77,1
9356,SKU-GRO-009356,Aura Snacks Model-357,Grocery & Pantry,Snacks,Aura,354.88,462.6,1
9357,SKU-AUT-009357,Pulse Interior Accessories Model-358,Automotive,Interior Accessories,Pulse,96.5,121.6,1
9358,SKU-ELE-009358,Titan Wearables Model-359,Electronics,Wearables,Titan,71.35,125.94,1
9359,SKU-TOY-009359,Lumina Board Games Model-360,Toys & Games,Board Games,Lumina,273.03,612.63,1
9360,SKU-AUT-009360,Velocity Interior Accessories Model-361,Automotive,Interior Accessories,Velocity,25.71,46.17,1
9361,SKU-GRO-009361,Vortex Condiments Model-362,Grocery & Pantry,Condiments,Vortex,233.66,448.28,1
9362,SKU-ELE-009362,Lumina Accessories Model-363,Electronics,Accessories,Lumina,360.46,835.52,1
9363,SKU-ELE-009363,Summit Smart Home Model-364,Electronics,Smart Home,Summit,190.76,368.12,1
9364,SKU-BEA-009364,Nova Personal Care Model-365,Beauty & Care,Personal Care,Nova,206.73,285.01,1
9365,SKU-GRO-009365,Velocity Condiments Model-366,Grocery & Pantry,Condiments,Velocity,78.05,172.42,1
9366,SKU-AUT-009366,Summit Car Care Model-367,Automotive,Car Care,Summit,166.5,236.52,1
9367,SKU-SPO-009367,Sol Camping & Hiking Model-368,Sports & Outdoors,Camping & Hiking,Sol,443.94,699.39,1
9368,SKU-APP-009368,Titan Footwear Model-369,Apparel,Footwear,Titan,120.4,264.91,1
9369,SKU-AUT-009369,Echo Car Care Model-370,Automotive,Car Care,Echo,13.05,25.39,1
9370,SKU-ELE-009370,Echo Smart Home Model-371,Electronics,Smart Home,Echo,182.77,334.65,1
9371,SKU-SPO-009371,Pulse Camping & Hiking Model-372,Sports & Outdoors,Camping & Hiking,Pulse,324.7,798.13,1
9372,SKU-APP-009372,Lumina Men's Clothing Model-373,Apparel,Men's Clothing,Lumina,206.13,375.18,1
9373,SKU-GRO-009373,Nova Beverages Model-374,Grocery & Pantry,Beverages,Nova,59.41,82.93,1
9374,SKU-AUT-009374,Zenith Oils & Fluids Model-375,Automotive,Oils & Fluids,Zenith,317.85,685.76,0
9375,SKU-AUT-009375,Horizon Car Care Model-376,Automotive,Car Care,Horizon,24.73,41.92,1
9376,SKU-GRO-009376,Titan Organic Foods Model-377,Grocery & Pantry,Organic Foods,Titan,278.4,442.67,1
9377,SKU-TOY-009377,Horizon Outdoor Toys Model-378,Toys & Games,Outdoor Toys,Horizon,124.06,170.91,1
9378,SKU-GRO-009378,Prism Snacks Model-379,Grocery & Pantry,Snacks,Prism,219.07,424,1
9379,SKU-SPO-009379,Aura Cycling Model-380,Sports & Outdoors,Cycling,Aura,101.44,153.33,1
9380,SKU-ELE-009380,Lumina Smartphones Model-381,Electronics,Smartphones,Lumina,153.23,348.55,1
9381,SKU-AUT-009381,Matrix Oils & Fluids Model-382,Automotive,Oils & Fluids,Matrix,130.92,321.54,1
9382,SKU-GRO-009382,Prism Condiments Model-383,Grocery & Pantry,Condiments,Prism,256.93,357.65,1
9383,SKU-BEA-009383,Prism Cosmetics Model-384,Beauty & Care,Cosmetics,Prism,260.59,544.15,1
9384,SKU-AUT-009384,Aura Tools & Equipment Model-385,Automotive,Tools & Equipment,Aura,389.28,639.2,1
9385,SKU-BEA-009385,Lumina Haircare Model-386,Beauty & Care,Haircare,Lumina,353.71,805.64,1
9386,SKU-BEA-009386,Aura Haircare Model-387,Beauty & Care,Haircare,Aura,317.48,750.17,1
9387,SKU-BEA-009387,Matrix Fragrances Model-388,Beauty & Care,Fragrances,Matrix,358.71,740.58,1
9388,SKU-SPO-009388,Horizon Fitness Gear Model-389,Sports & Outdoors,Fitness Gear,Horizon,265.45,366.89,0
9389,SKU-SPO-009389,Lumina Team Sports Model-390,Sports & Outdoors,Team Sports,Lumina,368,869.15,1
9390,SKU-GRO-009390,Prism Breakfast Model-391,Grocery & Pantry,Breakfast,Prism,61.16,137.95,1
9391,SKU-APP-009391,Zenith Accessories Model-392,Apparel,Accessories,Zenith,111.11,143.58,1
9392,SKU-ELE-009392,Apex Smartphones Model-393,Electronics,Smartphones,Apex,365.41,706.06,1
9393,SKU-APP-009393,Titan Outerwear Model-394,Apparel,Outerwear,Titan,217.87,543.57,1
9394,SKU-GRO-009394,Sol Organic Foods Model-395,Grocery & Pantry,Organic Foods,Sol,219.18,448.59,1
9395,SKU-GRO-009395,Horizon Breakfast Model-396,Grocery & Pantry,Breakfast,Horizon,114.75,263.32,1
9396,SKU-BEA-009396,Matrix Cosmetics Model-397,Beauty & Care,Cosmetics,Matrix,370.97,739.11,1
9397,SKU-ELE-009397,Echo Laptops Model-398,Electronics,Laptops,Echo,298.63,683.8,1
9398,SKU-TOY-009398,Echo Puzzles Model-399,Toys & Games,Puzzles,Echo,300.76,538.18,1
9399,SKU-GRO-009399,Vortex Snacks Model-400,Grocery & Pantry,Snacks,Vortex,163.13,276.19,1
9400,SKU-GRO-009400,Velocity Condiments Model-401,Grocery & Pantry,Condiments,Velocity,416.82,871.55,1
9401,SKU-AUT-009401,Vortex Interior Accessories Model-402,Automotive,Interior Accessories,Vortex,447.8,967.15,1
9402,SKU-TOY-009402,Apex Outdoor Toys Model-403,Toys & Games,Outdoor Toys,Apex,76.8,103.02,1
9403,SKU-GRO-009403,Titan Breakfast Model-404,Grocery & Pantry,Breakfast,Titan,69.69,150.91,1
9404,SKU-BEA-009404,Velocity Personal Care Model-405,Beauty & Care,Personal Care,Velocity,355.56,718.49,0
9405,SKU-AUT-009405,Matrix Oils & Fluids Model-406,Automotive,Oils & Fluids,Matrix,118.5,289.56,1
9406,SKU-APP-009406,Nova Outerwear Model-407,Apparel,Outerwear,Nova,165.8,311.84,0
9407,SKU-AUT-009407,Titan Interior Accessories Model-408,Automotive,Interior Accessories,Titan,15.64,31.56,1
9408,SKU-AUT-009408,Echo Tools & Equipment Model-409,Automotive,Tools & Equipment,Echo,201.11,317.45,1
9409,SKU-BEA-009409,Prism Skincare Model-410,Beauty & Care,Skincare,Prism,109.98,174.34,1
9410,SKU-ELE-009410,Echo Accessories Model-411,Electronics,Accessories,Echo,90.59,146.94,1
9411,SKU-HOM-009411,Zenith Furniture Model-412,Home & Kitchen,Furniture,Zenith,202.58,347.21,1
9412,SKU-HOM-009412,Summit Bedding Model-413,Home & Kitchen,Bedding,Summit,220.81,294.57,1
9413,SKU-TOY-009413,Sol Puzzles Model-414,Toys & Games,Puzzles,Sol,153.88,365.87,1
9414,SKU-APP-009414,Summit Men's Clothing Model-415,Apparel,Men's Clothing,Summit,395.8,503.18,1
9415,SKU-SPO-009415,Matrix Camping & Hiking Model-416,Sports & Outdoors,Camping & Hiking,Matrix,417.84,990.44,1
9416,SKU-AUT-009416,Apex Tools & Equipment Model-417,Automotive,Tools & Equipment,Apex,40.81,71.82,0
9417,SKU-HOM-009417,Nova Furniture Model-418,Home & Kitchen,Furniture,Nova,37.24,47.43,1
9418,SKU-HOM-009418,Horizon Bedding Model-419,Home & Kitchen,Bedding,Horizon,272.06,548.28,1
9419,SKU-HOM-009419,Horizon Decor Model-420,Home & Kitchen,Decor,Horizon,157.56,338.29,1
9420,SKU-SPO-009420,Pulse Cycling Model-421,Sports & Outdoors,Cycling,Pulse,348.94,611.78,1
9421,SKU-TOY-009421,Apex Outdoor Toys Model-422,Toys & Games,Outdoor Toys,Apex,186.24,295.42,1
9422,SKU-BEA-009422,Summit Personal Care Model-423,Beauty & Care,Personal Care,Summit,291.32,684.57,1
9423,SKU-AUT-009423,Pulse Interior Accessories Model-424,Automotive,Interior Accessories,Pulse,261.79,501.59,1
9424,SKU-AUT-009424,Velocity Oils & Fluids Model-425,Automotive,Oils & Fluids,Velocity,291.2,644.16,1
9425,SKU-TOY-009425,Lumina Action Figures Model-426,Toys & Games,Action Figures,Lumina,230,529.81,1
9426,SKU-HOM-009426,Lumina Cookware Model-427,Home & Kitchen,Cookware,Lumina,378.11,904.12,1
9427,SKU-HOM-009427,Sol Decor Model-428,Home & Kitchen,Decor,Sol,235.9,300.34,1
9428,SKU-ELE-009428,Apex Audio & Headphones Model-429,Electronics,Audio & Headphones,Apex,133.61,302.71,1
9429,SKU-ELE-009429,Horizon Audio & Headphones Model-430,Electronics,Audio & Headphones,Horizon,107.29,185.38,1
9430,SKU-TOY-009430,Matrix Educational Toys Model-431,Toys & Games,Educational Toys,Matrix,283.41,408.57,1
9431,SKU-TOY-009431,Lumina Board Games Model-432,Toys & Games,Board Games,Lumina,225,289.57,1
9432,SKU-AUT-009432,Matrix Tools & Equipment Model-433,Automotive,Tools & Equipment,Matrix,304.87,612.14,1
9433,SKU-BEA-009433,Horizon Fragrances Model-434,Beauty & Care,Fragrances,Horizon,376.17,775.53,1
9434,SKU-HOM-009434,Matrix Cookware Model-435,Home & Kitchen,Cookware,Matrix,168.75,258.09,1
9435,SKU-BEA-009435,Aura Personal Care Model-436,Beauty & Care,Personal Care,Aura,161.12,326.09,1
9436,SKU-AUT-009436,Vortex Oils & Fluids Model-437,Automotive,Oils & Fluids,Vortex,11.84,19.18,1
9437,SKU-APP-009437,Matrix Men's Clothing Model-438,Apparel,Men's Clothing,Matrix,204.41,409.01,1
9438,SKU-AUT-009438,Titan Tools & Equipment Model-439,Automotive,Tools & Equipment,Titan,76.06,122.07,1
9439,SKU-APP-009439,Velocity Sportswear Model-440,Apparel,Sportswear,Velocity,439.84,963.17,1
9440,SKU-BEA-009440,Pulse Fragrances Model-441,Beauty & Care,Fragrances,Pulse,322.54,432.19,1
9441,SKU-ELE-009441,Summit Accessories Model-442,Electronics,Accessories,Summit,78.51,138.32,1
9442,SKU-HOM-009442,Apex Decor Model-443,Home & Kitchen,Decor,Apex,256.94,500.65,1
9443,SKU-ELE-009443,Nova Wearables Model-444,Electronics,Wearables,Nova,55.68,97.75,1
9444,SKU-HOM-009444,Echo Cookware Model-445,Home & Kitchen,Cookware,Echo,137.31,189.67,1
9445,SKU-APP-009445,Zenith Footwear Model-446,Apparel,Footwear,Zenith,109.83,182.68,1
9446,SKU-ELE-009446,Zenith Smart Home Model-447,Electronics,Smart Home,Zenith,178.54,257.8,1
9447,SKU-AUT-009447,Vortex Tools & Equipment Model-448,Automotive,Tools & Equipment,Vortex,124.44,185.58,1
9448,SKU-HOM-009448,Matrix Bedding Model-449,Home & Kitchen,Bedding,Matrix,412.04,657.41,1
9449,SKU-BEA-009449,Zenith Haircare Model-450,Beauty & Care,Haircare,Zenith,33.42,80.64,1
9450,SKU-BEA-009450,Pulse Cosmetics Model-451,Beauty & Care,Cosmetics,Pulse,221.33,343.24,1
9451,SKU-BEA-009451,Lumina Skincare Model-452,Beauty & Care,Skincare,Lumina,210.48,416.35,1
9452,SKU-ELE-009452,Pulse Smart Home Model-453,Electronics,Smart Home,Pulse,361.57,680.12,1
9453,SKU-ELE-009453,Titan Laptops Model-454,Electronics,Laptops,Titan,28.77,50.76,1
9454,SKU-AUT-009454,Prism Car Care Model-455,Automotive,Car Care,Prism,105.69,247.69,1
9455,SKU-GRO-009455,Nova Canned Goods Model-456,Grocery & Pantry,Canned Goods,Nova,406.81,843.07,1
9456,SKU-APP-009456,Prism Outerwear Model-457,Apparel,Outerwear,Prism,98,157.05,1
9457,SKU-TOY-009457,Matrix Action Figures Model-458,Toys & Games,Action Figures,Matrix,14.11,19.94,1
9458,SKU-HOM-009458,Echo Bedding Model-459,Home & Kitchen,Bedding,Echo,389.45,544.45,1
9459,SKU-AUT-009459,Aura Car Care Model-460,Automotive,Car Care,Aura,411.28,1016.46,1
9460,SKU-ELE-009460,Apex Smart Home Model-461,Electronics,Smart Home,Apex,87.98,134.74,0
9461,SKU-ELE-009461,Prism Audio & Headphones Model-462,Electronics,Audio & Headphones,Prism,266.46,514.63,1
9462,SKU-TOY-009462,Lumina Puzzles Model-463,Toys & Games,Puzzles,Lumina,194.91,485.29,1
9463,SKU-ELE-009463,Titan Smartphones Model-464,Electronics,Smartphones,Titan,249.85,454.7,1
9464,SKU-TOY-009464,Prism Educational Toys Model-465,Toys & Games,Educational Toys,Prism,170.89,240.93,1
9465,SKU-GRO-009465,Titan Canned Goods Model-466,Grocery & Pantry,Canned Goods,Titan,352.16,848.41,1
9466,SKU-AUT-009466,Titan Interior Accessories Model-467,Automotive,Interior Accessories,Titan,183.55,269.47,1
9467,SKU-SPO-009467,Nova Fitness Gear Model-468,Sports & Outdoors,Fitness Gear,Nova,104.74,229.36,1
9468,SKU-SPO-009468,Aura Water Sports Model-469,Sports & Outdoors,Water Sports,Aura,246.6,449.12,1
9469,SKU-BEA-009469,Pulse Personal Care Model-470,Beauty & Care,Personal Care,Pulse,203.03,483.93,1
9470,SKU-APP-009470,Sol Women's Clothing Model-471,Apparel,Women's Clothing,Sol,54.77,92.57,1
9471,SKU-HOM-009471,Echo Cookware Model-472,Home & Kitchen,Cookware,Echo,55.74,73.36,1
9472,SKU-ELE-009472,Matrix Accessories Model-473,Electronics,Accessories,Matrix,344.02,494.59,1
9473,SKU-HOM-009473,Pulse Bedding Model-474,Home & Kitchen,Bedding,Pulse,371.35,617.49,1
9474,SKU-APP-009474,Zenith Men's Clothing Model-475,Apparel,Men's Clothing,Zenith,148.23,319.98,1
9475,SKU-SPO-009475,Pulse Cycling Model-476,Sports & Outdoors,Cycling,Pulse,76.59,147.48,1
9476,SKU-SPO-009476,Titan Cycling Model-477,Sports & Outdoors,Cycling,Titan,393.23,635.66,1
9477,SKU-TOY-009477,Prism Outdoor Toys Model-478,Toys & Games,Outdoor Toys,Prism,78.29,117.41,1
9478,SKU-AUT-009478,Matrix Tools & Equipment Model-479,Automotive,Tools & Equipment,Matrix,224.01,558.02,1
9479,SKU-GRO-009479,Sol Beverages Model-480,Grocery & Pantry,Beverages,Sol,241.03,549.51,1
9480,SKU-AUT-009480,Sol Tools & Equipment Model-481,Automotive,Tools & Equipment,Sol,56.75,89.73,1
9481,SKU-ELE-009481,Nova Laptops Model-482,Electronics,Laptops,Nova,332.58,572.96,1
9482,SKU-HOM-009482,Apex Small Appliances Model-483,Home & Kitchen,Small Appliances,Apex,317.27,646.59,1
9483,SKU-GRO-009483,Lumina Canned Goods Model-484,Grocery & Pantry,Canned Goods,Lumina,57.2,118.52,1
9484,SKU-HOM-009484,Velocity Bedding Model-485,Home & Kitchen,Bedding,Velocity,216.13,305.61,1
9485,SKU-BEA-009485,Echo Haircare Model-486,Beauty & Care,Haircare,Echo,68.1,101.65,1
9486,SKU-HOM-009486,Aura Cookware Model-487,Home & Kitchen,Cookware,Aura,124.48,226.28,1
9487,SKU-TOY-009487,Lumina Board Games Model-488,Toys & Games,Board Games,Lumina,63.11,108.07,1
9488,SKU-HOM-009488,Lumina Storage Model-489,Home & Kitchen,Storage,Lumina,390.57,912.29,1
9489,SKU-BEA-009489,Lumina Cosmetics Model-490,Beauty & Care,Cosmetics,Lumina,192.01,375.83,1
9490,SKU-AUT-009490,Velocity Oils & Fluids Model-491,Automotive,Oils & Fluids,Velocity,138.14,326.72,1
9491,SKU-HOM-009491,Echo Small Appliances Model-492,Home & Kitchen,Small Appliances,Echo,176.26,357.29,1
9492,SKU-ELE-009492,Apex Smart Home Model-493,Electronics,Smart Home,Apex,168.58,332.35,1
9493,SKU-ELE-009493,Echo Accessories Model-494,Electronics,Accessories,Echo,112.55,167.19,1
9494,SKU-GRO-009494,Zenith Canned Goods Model-495,Grocery & Pantry,Canned Goods,Zenith,158.44,296.64,1
9495,SKU-SPO-009495,Matrix Camping & Hiking Model-496,Sports & Outdoors,Camping & Hiking,Matrix,259.24,358.13,1
9496,SKU-APP-009496,Pulse Accessories Model-497,Apparel,Accessories,Pulse,47.34,101.71,1
9497,SKU-SPO-009497,Nova Team Sports Model-498,Sports & Outdoors,Team Sports,Nova,442.19,639.75,1
9498,SKU-TOY-009498,Zenith Educational Toys Model-499,Toys & Games,Educational Toys,Zenith,290.37,438.92,1
9499,SKU-SPO-009499,Horizon Team Sports Model-500,Sports & Outdoors,Team Sports,Horizon,194.99,303.14,1
9500,SKU-ELE-009500,Prism Wearables Model-501,Electronics,Wearables,Prism,367.5,510.01,1
9501,SKU-GRO-009501,Sol Canned Goods Model-502,Grocery & Pantry,Canned Goods,Sol,365.58,837.54,1
9502,SKU-TOY-009502,Vortex Educational Toys Model-503,Toys & Games,Educational Toys,Vortex,445.96,853.36,1
9503,SKU-AUT-009503,Apex Oils & Fluids Model-504,Automotive,Oils & Fluids,Apex,148.36,326.89,1
9504,SKU-APP-009504,Vortex Sportswear Model-505,Apparel,Sportswear,Vortex,270.01,430.26,1
9505,SKU-HOM-009505,Echo Cookware Model-506,Home & Kitchen,Cookware,Echo,350.5,845.31,1
9506,SKU-TOY-009506,Nova Educational Toys Model-507,Toys & Games,Educational Toys,Nova,238.57,578.05,1
9507,SKU-ELE-009507,Zenith Laptops Model-508,Electronics,Laptops,Zenith,146.98,308.05,1
9508,SKU-AUT-009508,Nova Interior Accessories Model-509,Automotive,Interior Accessories,Nova,239.82,367.69,1
9509,SKU-HOM-009509,Nova Bedding Model-510,Home & Kitchen,Bedding,Nova,228,317.96,1
9510,SKU-APP-009510,Summit Accessories Model-511,Apparel,Accessories,Summit,334.47,785.36,1
9511,SKU-SPO-009511,Echo Team Sports Model-512,Sports & Outdoors,Team Sports,Echo,257.8,408.4,1
9512,SKU-TOY-009512,Pulse Action Figures Model-513,Toys & Games,Action Figures,Pulse,144.61,210.13,1
9513,SKU-HOM-009513,Matrix Cookware Model-514,Home & Kitchen,Cookware,Matrix,116.8,186.23,1
9514,SKU-ELE-009514,Apex Wearables Model-515,Electronics,Wearables,Apex,139.78,326.8,1
9515,SKU-SPO-009515,Sol Cycling Model-516,Sports & Outdoors,Cycling,Sol,413.61,547.81,1
9516,SKU-HOM-009516,Titan Furniture Model-517,Home & Kitchen,Furniture,Titan,185.1,409.14,1
9517,SKU-SPO-009517,Echo Team Sports Model-518,Sports & Outdoors,Team Sports,Echo,381.72,844.84,1
9518,SKU-APP-009518,Sol Sportswear Model-519,Apparel,Sportswear,Sol,356.24,639.03,1
9519,SKU-HOM-009519,Prism Decor Model-520,Home & Kitchen,Decor,Prism,76.55,190.98,1
9520,SKU-ELE-009520,Prism Laptops Model-521,Electronics,Laptops,Prism,349.7,456.03,1
9521,SKU-ELE-009521,Nova Audio & Headphones Model-522,Electronics,Audio & Headphones,Nova,250.78,572.58,1
9522,SKU-TOY-009522,Vortex Educational Toys Model-523,Toys & Games,Educational Toys,Vortex,139.53,251.86,1
9523,SKU-SPO-009523,Vortex Camping & Hiking Model-524,Sports & Outdoors,Camping & Hiking,Vortex,258.23,397.33,1
9524,SKU-ELE-009524,Lumina Smart Home Model-525,Electronics,Smart Home,Lumina,33.77,51.08,1
9525,SKU-SPO-009525,Aura Water Sports Model-526,Sports & Outdoors,Water Sports,Aura,250.39,539.54,1
9526,SKU-ELE-009526,Velocity Audio & Headphones Model-527,Electronics,Audio & Headphones,Velocity,270.72,532.49,1
9527,SKU-BEA-009527,Summit Cosmetics Model-528,Beauty & Care,Cosmetics,Summit,315.76,462.54,1
9528,SKU-AUT-009528,Prism Tools & Equipment Model-529,Automotive,Tools & Equipment,Prism,114.99,253.27,1
9529,SKU-ELE-009529,Prism Laptops Model-530,Electronics,Laptops,Prism,432.25,915.9,1
9530,SKU-BEA-009530,Vortex Cosmetics Model-531,Beauty & Care,Cosmetics,Vortex,398.28,704.7,1
9531,SKU-GRO-009531,Velocity Organic Foods Model-532,Grocery & Pantry,Organic Foods,Velocity,146.42,230.9,1
9532,SKU-TOY-009532,Velocity Outdoor Toys Model-533,Toys & Games,Outdoor Toys,Velocity,367.93,899.04,1
9533,SKU-BEA-009533,Velocity Personal Care Model-534,Beauty & Care,Personal Care,Velocity,312.43,515.83,1
9534,SKU-GRO-009534,Sol Condiments Model-535,Grocery & Pantry,Condiments,Sol,315.59,690.18,1
9535,SKU-BEA-009535,Prism Fragrances Model-536,Beauty & Care,Fragrances,Prism,348.88,595.42,1
9536,SKU-SPO-009536,Matrix Cycling Model-537,Sports & Outdoors,Cycling,Matrix,108.77,143.83,1
9537,SKU-APP-009537,Matrix Outerwear Model-538,Apparel,Outerwear,Matrix,164.42,315.79,1
9538,SKU-SPO-009538,Nova Water Sports Model-539,Sports & Outdoors,Water Sports,Nova,213.65,281.36,1
9539,SKU-BEA-009539,Vortex Fragrances Model-540,Beauty & Care,Fragrances,Vortex,344.32,511.63,1
9540,SKU-HOM-009540,Matrix Decor Model-541,Home & Kitchen,Decor,Matrix,74.27,95.54,1
9541,SKU-AUT-009541,Apex Interior Accessories Model-542,Automotive,Interior Accessories,Apex,336.92,427.59,1
9542,SKU-HOM-009542,Vortex Storage Model-543,Home & Kitchen,Storage,Vortex,304.18,615.03,1
9543,SKU-SPO-009543,Matrix Water Sports Model-544,Sports & Outdoors,Water Sports,Matrix,58.43,134,1
9544,SKU-AUT-009544,Nova Car Care Model-545,Automotive,Car Care,Nova,111.81,273.88,1
9545,SKU-SPO-009545,Summit Team Sports Model-546,Sports & Outdoors,Team Sports,Summit,320.29,587.3,1
9546,SKU-APP-009546,Zenith Footwear Model-547,Apparel,Footwear,Zenith,151.73,295.26,1
9547,SKU-BEA-009547,Titan Personal Care Model-548,Beauty & Care,Personal Care,Titan,280.44,664.71,1
9548,SKU-ELE-009548,Velocity Wearables Model-549,Electronics,Wearables,Velocity,257.09,352.67,1
9549,SKU-BEA-009549,Echo Skincare Model-550,Beauty & Care,Skincare,Echo,101.36,223.65,1
9550,SKU-GRO-009550,Aura Condiments Model-551,Grocery & Pantry,Condiments,Aura,192.42,343.99,1
9551,SKU-APP-009551,Vortex Women's Clothing Model-552,Apparel,Women's Clothing,Vortex,168.06,280.95,1
9552,SKU-APP-009552,Summit Men's Clothing Model-553,Apparel,Men's Clothing,Summit,425.62,581.9,1
9553,SKU-ELE-009553,Nova Laptops Model-554,Electronics,Laptops,Nova,393.42,880.26,1
9554,SKU-HOM-009554,Prism Decor Model-555,Home & Kitchen,Decor,Prism,229.7,497.3,1
9555,SKU-BEA-009555,Prism Haircare Model-556,Beauty & Care,Haircare,Prism,60.45,92.05,1
9556,SKU-BEA-009556,Echo Cosmetics Model-557,Beauty & Care,Cosmetics,Echo,160.36,298.5,1
9557,SKU-TOY-009557,Titan Puzzles Model-558,Toys & Games,Puzzles,Titan,418.42,603.21,1
9558,SKU-BEA-009558,Summit Skincare Model-559,Beauty & Care,Skincare,Summit,202.75,325.03,1
9559,SKU-BEA-009559,Sol Personal Care Model-560,Beauty & Care,Personal Care,Sol,87.86,200.31,1
9560,SKU-TOY-009560,Echo Action Figures Model-561,Toys & Games,Action Figures,Echo,238.09,403.81,1
9561,SKU-ELE-009561,Vortex Accessories Model-562,Electronics,Accessories,Vortex,397.62,901.23,0
9562,SKU-APP-009562,Nova Accessories Model-563,Apparel,Accessories,Nova,401.57,981.21,1
9563,SKU-HOM-009563,Pulse Storage Model-564,Home & Kitchen,Storage,Pulse,120.25,293.73,1
9564,SKU-APP-009564,Summit Men's Clothing Model-565,Apparel,Men's Clothing,Summit,135.77,170.53,1
9565,SKU-BEA-009565,Zenith Skincare Model-566,Beauty & Care,Skincare,Zenith,373.7,742.91,1
9566,SKU-SPO-009566,Horizon Camping & Hiking Model-567,Sports & Outdoors,Camping & Hiking,Horizon,123.08,161.89,1
9567,SKU-AUT-009567,Apex Tools & Equipment Model-568,Automotive,Tools & Equipment,Apex,190.63,288.79,1
9568,SKU-GRO-009568,Velocity Condiments Model-569,Grocery & Pantry,Condiments,Velocity,224.9,558.11,0
9569,SKU-TOY-009569,Pulse Outdoor Toys Model-570,Toys & Games,Outdoor Toys,Pulse,115.21,212.8,1
9570,SKU-APP-009570,Velocity Accessories Model-571,Apparel,Accessories,Velocity,93.56,181.89,1
9571,SKU-HOM-009571,Sol Small Appliances Model-572,Home & Kitchen,Small Appliances,Sol,40.97,58,1
9572,SKU-HOM-009572,Lumina Decor Model-573,Home & Kitchen,Decor,Lumina,397.43,924.14,1
9573,SKU-TOY-009573,Pulse Action Figures Model-574,Toys & Games,Action Figures,Pulse,108.04,186.86,1
9574,SKU-SPO-009574,Nova Fitness Gear Model-575,Sports & Outdoors,Fitness Gear,Nova,51.8,105.78,1
9575,SKU-GRO-009575,Echo Breakfast Model-576,Grocery & Pantry,Breakfast,Echo,374.08,887.87,0
9576,SKU-BEA-009576,Prism Fragrances Model-577,Beauty & Care,Fragrances,Prism,251.65,510.71,1
9577,SKU-HOM-009577,Aura Decor Model-578,Home & Kitchen,Decor,Aura,345.45,519.78,1
9578,SKU-ELE-009578,Echo Smart Home Model-579,Electronics,Smart Home,Echo,434.12,778.05,1
9579,SKU-HOM-009579,Matrix Bedding Model-580,Home & Kitchen,Bedding,Matrix,125.37,185.14,1
9580,SKU-GRO-009580,Nova Organic Foods Model-581,Grocery & Pantry,Organic Foods,Nova,233.67,442.09,1
9581,SKU-ELE-009581,Titan Smartphones Model-582,Electronics,Smartphones,Titan,263.67,383.77,1
9582,SKU-APP-009582,Aura Accessories Model-583,Apparel,Accessories,Aura,280.78,387.82,1
9583,SKU-ELE-009583,Echo Smartphones Model-584,Electronics,Smartphones,Echo,294,405.24,1
9584,SKU-SPO-009584,Summit Water Sports Model-585,Sports & Outdoors,Water Sports,Summit,218.56,370.94,1
9585,SKU-SPO-009585,Summit Team Sports Model-586,Sports & Outdoors,Team Sports,Summit,338.94,689.99,1
9586,SKU-BEA-009586,Nova Skincare Model-587,Beauty & Care,Skincare,Nova,197.86,293.66,1
9587,SKU-BEA-009587,Titan Haircare Model-588,Beauty & Care,Haircare,Titan,143.22,215.7,1
9588,SKU-AUT-009588,Vortex Interior Accessories Model-589,Automotive,Interior Accessories,Vortex,279.04,664.69,1
9589,SKU-SPO-009589,Velocity Water Sports Model-590,Sports & Outdoors,Water Sports,Velocity,53.45,73.09,1
9590,SKU-AUT-009590,Pulse Oils & Fluids Model-591,Automotive,Oils & Fluids,Pulse,178.85,293.52,1
9591,SKU-APP-009591,Prism Accessories Model-592,Apparel,Accessories,Prism,12.33,24.91,1
9592,SKU-TOY-009592,Echo Outdoor Toys Model-593,Toys & Games,Outdoor Toys,Echo,263.12,398.81,1
9593,SKU-BEA-009593,Sol Cosmetics Model-594,Beauty & Care,Cosmetics,Sol,347.08,622.83,1
9594,SKU-BEA-009594,Titan Personal Care Model-595,Beauty & Care,Personal Care,Titan,45.33,79.71,1
9595,SKU-BEA-009595,Pulse Fragrances Model-596,Beauty & Care,Fragrances,Pulse,443.25,853.69,1
9596,SKU-AUT-009596,Pulse Tools & Equipment Model-597,Automotive,Tools & Equipment,Pulse,69.61,172.24,1
9597,SKU-ELE-009597,Summit Laptops Model-598,Electronics,Laptops,Summit,307.37,575.05,1
9598,SKU-APP-009598,Summit Men's Clothing Model-599,Apparel,Men's Clothing,Summit,88.91,177.41,1
9599,SKU-BEA-009599,Pulse Fragrances Model-600,Beauty & Care,Fragrances,Pulse,286.11,484.01,1
9600,SKU-BEA-009600,Echo Haircare Model-601,Beauty & Care,Haircare,Echo,352.84,681.32,1
9601,SKU-TOY-009601,Velocity Action Figures Model-602,Toys & Games,Action Figures,Velocity,131.94,236.17,1
9602,SKU-BEA-009602,Prism Haircare Model-603,Beauty & Care,Haircare,Prism,368.56,892.84,1
9603,SKU-TOY-009603,Echo Outdoor Toys Model-604,Toys & Games,Outdoor Toys,Echo,405.59,643.67,1
9604,SKU-GRO-009604,Lumina Canned Goods Model-605,Grocery & Pantry,Canned Goods,Lumina,212.89,428.11,1
9605,SKU-APP-009605,Summit Women's Clothing Model-606,Apparel,Women's Clothing,Summit,421.35,791.15,1
9606,SKU-APP-009606,Titan Outerwear Model-607,Apparel,Outerwear,Titan,417.07,614.13,1
9607,SKU-AUT-009607,Titan Car Care Model-608,Automotive,Car Care,Titan,6.77,15.08,0
9608,SKU-ELE-009608,Pulse Laptops Model-609,Electronics,Laptops,Pulse,351.29,700.21,1
9609,SKU-TOY-009609,Nova Puzzles Model-610,Toys & Games,Puzzles,Nova,434.11,640.14,1
9610,SKU-SPO-009610,Apex Cycling Model-611,Sports & Outdoors,Cycling,Apex,367.42,637.67,1
9611,SKU-TOY-009611,Echo Outdoor Toys Model-612,Toys & Games,Outdoor Toys,Echo,144.13,332.12,1
9612,SKU-ELE-009612,Summit Audio & Headphones Model-613,Electronics,Audio & Headphones,Summit,156.76,270.59,1
9613,SKU-ELE-009613,Summit Wearables Model-614,Electronics,Wearables,Summit,140.36,289.67,1
9614,SKU-ELE-009614,Summit Audio & Headphones Model-615,Electronics,Audio & Headphones,Summit,428.12,861.68,1
9615,SKU-APP-009615,Matrix Sportswear Model-616,Apparel,Sportswear,Matrix,18.74,44.66,0
9616,SKU-HOM-009616,Echo Furniture Model-617,Home & Kitchen,Furniture,Echo,227.17,352.42,1
9617,SKU-HOM-009617,Aura Storage Model-618,Home & Kitchen,Storage,Aura,354.17,586.01,1
9618,SKU-TOY-009618,Nova Board Games Model-619,Toys & Games,Board Games,Nova,318.12,557.34,1
9619,SKU-TOY-009619,Vortex Action Figures Model-620,Toys & Games,Action Figures,Vortex,150.33,369.78,1
9620,SKU-AUT-009620,Horizon Tools & Equipment Model-621,Automotive,Tools & Equipment,Horizon,52.01,85.05,1
9621,SKU-ELE-009621,Aura Accessories Model-622,Electronics,Accessories,Aura,15.2,27.09,1
9622,SKU-HOM-009622,Lumina Decor Model-623,Home & Kitchen,Decor,Lumina,349.9,656.63,1
9623,SKU-APP-009623,Apex Women's Clothing Model-624,Apparel,Women's Clothing,Apex,87.9,178.7,1
9624,SKU-HOM-009624,Nova Small Appliances Model-625,Home & Kitchen,Small Appliances,Nova,27.47,64.3,1
9625,SKU-TOY-009625,Zenith Educational Toys Model-626,Toys & Games,Educational Toys,Zenith,21.09,43.18,1
9626,SKU-SPO-009626,Prism Fitness Gear Model-627,Sports & Outdoors,Fitness Gear,Prism,191.45,323.34,0
9627,SKU-BEA-009627,Velocity Skincare Model-628,Beauty & Care,Skincare,Velocity,220.26,443.52,1
9628,SKU-ELE-009628,Aura Laptops Model-629,Electronics,Laptops,Aura,288.72,668.42,1
9629,SKU-APP-009629,Prism Footwear Model-630,Apparel,Footwear,Prism,227.52,465.87,1
9630,SKU-APP-009630,Zenith Footwear Model-631,Apparel,Footwear,Zenith,236.47,343.38,1
9631,SKU-HOM-009631,Zenith Small Appliances Model-632,Home & Kitchen,Small Appliances,Zenith,321.48,515.18,1
9632,SKU-SPO-009632,Vortex Camping & Hiking Model-633,Sports & Outdoors,Camping & Hiking,Vortex,308.62,764.18,1
9633,SKU-ELE-009633,Velocity Audio & Headphones Model-634,Electronics,Audio & Headphones,Velocity,162.32,334.38,1
9634,SKU-AUT-009634,Prism Tools & Equipment Model-635,Automotive,Tools & Equipment,Prism,36.41,47.28,1
9635,SKU-GRO-009635,Summit Canned Goods Model-636,Grocery & Pantry,Canned Goods,Summit,298.41,497.42,1
9636,SKU-HOM-009636,Prism Decor Model-637,Home & Kitchen,Decor,Prism,153.84,215.18,1
9637,SKU-ELE-009637,Horizon Laptops Model-638,Electronics,Laptops,Horizon,155.6,387.25,1
9638,SKU-APP-009638,Prism Men's Clothing Model-639,Apparel,Men's Clothing,Prism,255.34,471.62,1
9639,SKU-TOY-009639,Echo Action Figures Model-640,Toys & Games,Action Figures,Echo,161.98,337.28,1
9640,SKU-APP-009640,Pulse Footwear Model-641,Apparel,Footwear,Pulse,398.53,959.09,1
9641,SKU-SPO-009641,Lumina Fitness Gear Model-642,Sports & Outdoors,Fitness Gear,Lumina,90.55,147.28,1
9642,SKU-GRO-009642,Apex Snacks Model-643,Grocery & Pantry,Snacks,Apex,298.16,616.3,1
9643,SKU-APP-009643,Aura Accessories Model-644,Apparel,Accessories,Aura,40.02,75.24,1
9644,SKU-APP-009644,Sol Sportswear Model-645,Apparel,Sportswear,Sol,184.81,291.97,1
9645,SKU-SPO-009645,Vortex Water Sports Model-646,Sports & Outdoors,Water Sports,Vortex,69.82,173.96,1
9646,SKU-APP-009646,Aura Accessories Model-647,Apparel,Accessories,Aura,352.79,462.26,0
9647,SKU-AUT-009647,Prism Car Care Model-648,Automotive,Car Care,Prism,48.16,110.19,1
9648,SKU-HOM-009648,Apex Cookware Model-649,Home & Kitchen,Cookware,Apex,279.38,586.78,1
9649,SKU-GRO-009649,Horizon Snacks Model-650,Grocery & Pantry,Snacks,Horizon,43.34,59.2,1
9650,SKU-BEA-009650,Sol Skincare Model-651,Beauty & Care,Skincare,Sol,377.56,886.15,1
9651,SKU-APP-009651,Nova Women's Clothing Model-652,Apparel,Women's Clothing,Nova,41.61,58.74,1
9652,SKU-BEA-009652,Apex Skincare Model-653,Beauty & Care,Skincare,Apex,92.93,219.09,1
9653,SKU-TOY-009653,Echo Educational Toys Model-654,Toys & Games,Educational Toys,Echo,33.7,47.71,1
9654,SKU-SPO-009654,Echo Water Sports Model-655,Sports & Outdoors,Water Sports,Echo,249.08,377.33,1
9655,SKU-AUT-009655,Vortex Oils & Fluids Model-656,Automotive,Oils & Fluids,Vortex,82.81,170.9,1
9656,SKU-TOY-009656,Prism Action Figures Model-657,Toys & Games,Action Figures,Prism,419.34,755.89,1
9657,SKU-GRO-009657,Zenith Beverages Model-658,Grocery & Pantry,Beverages,Zenith,83.82,192.82,1
9658,SKU-HOM-009658,Sol Decor Model-659,Home & Kitchen,Decor,Sol,366.02,644.01,1
9659,SKU-AUT-009659,Aura Tools & Equipment Model-660,Automotive,Tools & Equipment,Aura,406.03,622.13,1
9660,SKU-BEA-009660,Pulse Skincare Model-661,Beauty & Care,Skincare,Pulse,440.96,715.84,1
9661,SKU-HOM-009661,Aura Cookware Model-662,Home & Kitchen,Cookware,Aura,248.34,532.16,1
9662,SKU-APP-009662,Summit Sportswear Model-663,Apparel,Sportswear,Summit,127.61,280.08,0
9663,SKU-APP-009663,Lumina Sportswear Model-664,Apparel,Sportswear,Lumina,169.58,371.97,1
9664,SKU-TOY-009664,Apex Board Games Model-665,Toys & Games,Board Games,Apex,109.03,229.2,1
9665,SKU-HOM-009665,Titan Small Appliances Model-666,Home & Kitchen,Small Appliances,Titan,64,97.41,1
9666,SKU-ELE-009666,Nova Accessories Model-667,Electronics,Accessories,Nova,60.57,128.18,1
9667,SKU-SPO-009667,Pulse Camping & Hiking Model-668,Sports & Outdoors,Camping & Hiking,Pulse,104.38,149.93,1
9668,SKU-ELE-009668,Zenith Accessories Model-669,Electronics,Accessories,Zenith,297.16,554.3,1
9669,SKU-GRO-009669,Titan Snacks Model-670,Grocery & Pantry,Snacks,Titan,151.69,366.03,1
9670,SKU-BEA-009670,Apex Haircare Model-671,Beauty & Care,Haircare,Apex,379.9,852.12,1
9671,SKU-BEA-009671,Aura Personal Care Model-672,Beauty & Care,Personal Care,Aura,401.07,956.33,1
9672,SKU-ELE-009672,Sol Wearables Model-673,Electronics,Wearables,Sol,355.65,588.52,1
9673,SKU-HOM-009673,Sol Decor Model-674,Home & Kitchen,Decor,Sol,163.23,342.95,0
9674,SKU-TOY-009674,Aura Board Games Model-675,Toys & Games,Board Games,Aura,241.49,544.79,1
9675,SKU-GRO-009675,Apex Canned Goods Model-676,Grocery & Pantry,Canned Goods,Apex,170.17,293.56,1
9676,SKU-HOM-009676,Lumina Storage Model-677,Home & Kitchen,Storage,Lumina,68.18,149.25,1
9677,SKU-SPO-009677,Echo Camping & Hiking Model-678,Sports & Outdoors,Camping & Hiking,Echo,197.16,487.74,1
9678,SKU-GRO-009678,Sol Breakfast Model-679,Grocery & Pantry,Breakfast,Sol,114.49,198.71,1
9679,SKU-AUT-009679,Matrix Interior Accessories Model-680,Automotive,Interior Accessories,Matrix,361.35,797.05,1
9680,SKU-AUT-009680,Prism Car Care Model-681,Automotive,Car Care,Prism,41.35,53.57,0
9681,SKU-TOY-009681,Pulse Puzzles Model-682,Toys & Games,Puzzles,Pulse,159.96,385.67,1
9682,SKU-BEA-009682,Velocity Skincare Model-683,Beauty & Care,Skincare,Velocity,436.88,561.45,1
9683,SKU-HOM-009683,Vortex Bedding Model-684,Home & Kitchen,Bedding,Vortex,263.54,522.77,1
9684,SKU-HOM-009684,Apex Cookware Model-685,Home & Kitchen,Cookware,Apex,266.35,446.21,1
9685,SKU-APP-009685,Sol Footwear Model-686,Apparel,Footwear,Sol,388.68,722.59,1
9686,SKU-HOM-009686,Pulse Cookware Model-687,Home & Kitchen,Cookware,Pulse,339.76,512.99,0
9687,SKU-GRO-009687,Velocity Breakfast Model-688,Grocery & Pantry,Breakfast,Velocity,353.8,667.17,1
9688,SKU-HOM-009688,Nova Storage Model-689,Home & Kitchen,Storage,Nova,277.26,426.49,1
9689,SKU-SPO-009689,Velocity Water Sports Model-690,Sports & Outdoors,Water Sports,Velocity,344.39,666.03,1
9690,SKU-AUT-009690,Lumina Oils & Fluids Model-691,Automotive,Oils & Fluids,Lumina,346.79,864.85,1
9691,SKU-BEA-009691,Zenith Personal Care Model-692,Beauty & Care,Personal Care,Zenith,252.18,377.96,0
9692,SKU-AUT-009692,Apex Car Care Model-693,Automotive,Car Care,Apex,399.93,967.66,1
9693,SKU-TOY-009693,Titan Board Games Model-694,Toys & Games,Board Games,Titan,406.67,667.63,1
9694,SKU-SPO-009694,Zenith Water Sports Model-695,Sports & Outdoors,Water Sports,Zenith,330.49,591.44,1
9695,SKU-BEA-009695,Sol Personal Care Model-696,Beauty & Care,Personal Care,Sol,367.25,850.42,1
9696,SKU-HOM-009696,Velocity Bedding Model-697,Home & Kitchen,Bedding,Velocity,233.01,384.74,1
9697,SKU-TOY-009697,Sol Board Games Model-698,Toys & Games,Board Games,Sol,327.33,795.11,1
9698,SKU-BEA-009698,Zenith Haircare Model-699,Beauty & Care,Haircare,Zenith,334.57,512.88,1
9699,SKU-AUT-009699,Zenith Interior Accessories Model-700,Automotive,Interior Accessories,Zenith,354,542.12,1
9700,SKU-HOM-009700,Lumina Decor Model-701,Home & Kitchen,Decor,Lumina,245.23,322.37,1
9701,SKU-ELE-009701,Horizon Accessories Model-702,Electronics,Accessories,Horizon,198,484.99,1
9702,SKU-GRO-009702,Vortex Snacks Model-703,Grocery & Pantry,Snacks,Vortex,275.86,501.08,1
9703,SKU-ELE-009703,Echo Smartphones Model-704,Electronics,Smartphones,Echo,241.46,560.79,1
9704,SKU-BEA-009704,Echo Cosmetics Model-705,Beauty & Care,Cosmetics,Echo,294.22,679.33,1
9705,SKU-HOM-009705,Zenith Bedding Model-706,Home & Kitchen,Bedding,Zenith,295.75,529.96,1
9706,SKU-BEA-009706,Matrix Fragrances Model-707,Beauty & Care,Fragrances,Matrix,270.5,403.68,0
9707,SKU-GRO-009707,Echo Beverages Model-708,Grocery & Pantry,Beverages,Echo,116.8,185.29,1
9708,SKU-APP-009708,Pulse Outerwear Model-709,Apparel,Outerwear,Pulse,100.54,197.29,1
9709,SKU-GRO-009709,Matrix Breakfast Model-710,Grocery & Pantry,Breakfast,Matrix,382.84,540.64,1
9710,SKU-BEA-009710,Velocity Haircare Model-711,Beauty & Care,Haircare,Velocity,65.41,139.01,1
9711,SKU-ELE-009711,Echo Audio & Headphones Model-712,Electronics,Audio & Headphones,Echo,403.86,565.58,1
9712,SKU-APP-009712,Zenith Women's Clothing Model-713,Apparel,Women's Clothing,Zenith,297.04,423.49,1
9713,SKU-HOM-009713,Echo Storage Model-714,Home & Kitchen,Storage,Echo,222.62,331.45,1
9714,SKU-HOM-009714,Velocity Storage Model-715,Home & Kitchen,Storage,Velocity,227.51,491.52,0
9715,SKU-BEA-009715,Echo Haircare Model-716,Beauty & Care,Haircare,Echo,383.59,942.21,1
9716,SKU-TOY-009716,Lumina Board Games Model-717,Toys & Games,Board Games,Lumina,188.89,333.33,1
9717,SKU-GRO-009717,Prism Breakfast Model-718,Grocery & Pantry,Breakfast,Prism,233.53,330.27,1
9718,SKU-HOM-009718,Velocity Storage Model-719,Home & Kitchen,Storage,Velocity,401.18,935.83,1
9719,SKU-ELE-009719,Horizon Accessories Model-720,Electronics,Accessories,Horizon,369,788.22,1
9720,SKU-ELE-009720,Zenith Laptops Model-721,Electronics,Laptops,Zenith,374.16,682.89,1
9721,SKU-TOY-009721,Horizon Educational Toys Model-722,Toys & Games,Educational Toys,Horizon,370.31,801.52,1
9722,SKU-TOY-009722,Aura Action Figures Model-723,Toys & Games,Action Figures,Aura,223.62,541.73,1
9723,SKU-TOY-009723,Lumina Board Games Model-724,Toys & Games,Board Games,Lumina,309.72,694.36,1
9724,SKU-SPO-009724,Pulse Team Sports Model-725,Sports & Outdoors,Team Sports,Pulse,142.85,182.69,1
9725,SKU-APP-009725,Zenith Sportswear Model-726,Apparel,Sportswear,Zenith,128.86,288.71,1
9726,SKU-AUT-009726,Pulse Oils & Fluids Model-727,Automotive,Oils & Fluids,Pulse,99.23,193.2,1
9727,SKU-AUT-009727,Prism Interior Accessories Model-728,Automotive,Interior Accessories,Prism,301.38,454.28,1
9728,SKU-BEA-009728,Prism Cosmetics Model-729,Beauty & Care,Cosmetics,Prism,353.62,724.79,1
9729,SKU-BEA-009729,Velocity Fragrances Model-730,Beauty & Care,Fragrances,Velocity,11.16,20.88,1
9730,SKU-TOY-009730,Nova Puzzles Model-731,Toys & Games,Puzzles,Nova,110.9,276.08,1
9731,SKU-SPO-009731,Titan Fitness Gear Model-732,Sports & Outdoors,Fitness Gear,Titan,131.95,241.1,1
9732,SKU-TOY-009732,Horizon Board Games Model-733,Toys & Games,Board Games,Horizon,393.38,579.72,1
9733,SKU-AUT-009733,Aura Oils & Fluids Model-734,Automotive,Oils & Fluids,Aura,240.86,389.42,1
9734,SKU-TOY-009734,Pulse Outdoor Toys Model-735,Toys & Games,Outdoor Toys,Pulse,305.83,763.09,1
9735,SKU-TOY-009735,Aura Puzzles Model-736,Toys & Games,Puzzles,Aura,212.3,448.62,1
9736,SKU-AUT-009736,Apex Car Care Model-737,Automotive,Car Care,Apex,128.16,305.88,1
9737,SKU-APP-009737,Sol Accessories Model-738,Apparel,Accessories,Sol,385.08,804.75,1
9738,SKU-AUT-009738,Lumina Oils & Fluids Model-739,Automotive,Oils & Fluids,Lumina,134.64,301.04,1
9739,SKU-SPO-009739,Lumina Camping & Hiking Model-740,Sports & Outdoors,Camping & Hiking,Lumina,282.96,441.74,1
9740,SKU-ELE-009740,Matrix Wearables Model-741,Electronics,Wearables,Matrix,292.33,517.68,1
9741,SKU-TOY-009741,Horizon Action Figures Model-742,Toys & Games,Action Figures,Horizon,401.1,963.76,1
9742,SKU-BEA-009742,Prism Personal Care Model-743,Beauty & Care,Personal Care,Prism,191.89,272.32,1
9743,SKU-BEA-009743,Velocity Haircare Model-744,Beauty & Care,Haircare,Velocity,174.57,421.29,1
9744,SKU-HOM-009744,Echo Small Appliances Model-745,Home & Kitchen,Small Appliances,Echo,36.34,61.14,1
9745,SKU-GRO-009745,Sol Organic Foods Model-746,Grocery & Pantry,Organic Foods,Sol,313.76,605.98,1
9746,SKU-TOY-009746,Prism Action Figures Model-747,Toys & Games,Action Figures,Prism,14.69,30.17,1
9747,SKU-TOY-009747,Summit Puzzles Model-748,Toys & Games,Puzzles,Summit,9.37,15.25,1
9748,SKU-ELE-009748,Sol Accessories Model-749,Electronics,Accessories,Sol,386.13,909.6,1
9749,SKU-BEA-009749,Horizon Haircare Model-750,Beauty & Care,Haircare,Horizon,435.35,658.85,1
9750,SKU-AUT-009750,Prism Interior Accessories Model-751,Automotive,Interior Accessories,Prism,141.25,308.15,1
9751,SKU-BEA-009751,Summit Cosmetics Model-752,Beauty & Care,Cosmetics,Summit,244.83,397.75,1
9752,SKU-ELE-009752,Aura Wearables Model-753,Electronics,Wearables,Aura,419.71,689.79,1
9753,SKU-TOY-009753,Velocity Outdoor Toys Model-754,Toys & Games,Outdoor Toys,Velocity,38.81,93.45,1
9754,SKU-HOM-009754,Apex Cookware Model-755,Home & Kitchen,Cookware,Apex,269.34,609.09,1
9755,SKU-SPO-009755,Horizon Water Sports Model-756,Sports & Outdoors,Water Sports,Horizon,148.61,228.8,1
9756,SKU-BEA-009756,Aura Skincare Model-757,Beauty & Care,Skincare,Aura,272.14,541.02,1
9757,SKU-BEA-009757,Titan Haircare Model-758,Beauty & Care,Haircare,Titan,257.35,439.66,1
9758,SKU-HOM-009758,Titan Storage Model-759,Home & Kitchen,Storage,Titan,448.05,641.13,1
9759,SKU-AUT-009759,Vortex Tools & Equipment Model-760,Automotive,Tools & Equipment,Vortex,6.23,13.12,1
9760,SKU-ELE-009760,Apex Audio & Headphones Model-761,Electronics,Audio & Headphones,Apex,424.7,815.06,1
9761,SKU-ELE-009761,Velocity Laptops Model-762,Electronics,Laptops,Velocity,228.66,493.27,1
9762,SKU-GRO-009762,Titan Condiments Model-763,Grocery & Pantry,Condiments,Titan,41.02,67.97,1
9763,SKU-ELE-009763,Prism Accessories Model-764,Electronics,Accessories,Prism,7.12,15.58,1
9764,SKU-HOM-009764,Prism Bedding Model-765,Home & Kitchen,Bedding,Prism,175.49,408.73,1
9765,SKU-GRO-009765,Lumina Condiments Model-766,Grocery & Pantry,Condiments,Lumina,416.17,693.36,1
9766,SKU-BEA-009766,Velocity Cosmetics Model-767,Beauty & Care,Cosmetics,Velocity,376.8,587.17,1
9767,SKU-BEA-009767,Nova Personal Care Model-768,Beauty & Care,Personal Care,Nova,368.07,749.76,1
9768,SKU-ELE-009768,Nova Smartphones Model-769,Electronics,Smartphones,Nova,97.25,165.68,1
9769,SKU-HOM-009769,Zenith Decor Model-770,Home & Kitchen,Decor,Zenith,183.57,245.97,1
9770,SKU-AUT-009770,Zenith Interior Accessories Model-771,Automotive,Interior Accessories,Zenith,283.6,435.49,1
9771,SKU-BEA-009771,Matrix Fragrances Model-772,Beauty & Care,Fragrances,Matrix,295.72,435.76,1
9772,SKU-TOY-009772,Lumina Action Figures Model-773,Toys & Games,Action Figures,Lumina,391.18,698.02,1
9773,SKU-SPO-009773,Lumina Team Sports Model-774,Sports & Outdoors,Team Sports,Lumina,226.5,462.59,1
9774,SKU-HOM-009774,Nova Furniture Model-775,Home & Kitchen,Furniture,Nova,285.93,594.34,1
9775,SKU-HOM-009775,Sol Cookware Model-776,Home & Kitchen,Cookware,Sol,250.73,545.04,1
9776,SKU-HOM-009776,Prism Decor Model-777,Home & Kitchen,Decor,Prism,228.19,370,1
9777,SKU-TOY-009777,Apex Puzzles Model-778,Toys & Games,Puzzles,Apex,212.16,525.17,1
9778,SKU-SPO-009778,Aura Fitness Gear Model-779,Sports & Outdoors,Fitness Gear,Aura,143.66,355.28,1
9779,SKU-BEA-009779,Sol Fragrances Model-780,Beauty & Care,Fragrances,Sol,248.46,401.91,1
9780,SKU-APP-009780,Titan Men's Clothing Model-781,Apparel,Men's Clothing,Titan,410.91,552.74,1
9781,SKU-TOY-009781,Pulse Puzzles Model-782,Toys & Games,Puzzles,Pulse,49.21,75.48,1
9782,SKU-APP-009782,Pulse Footwear Model-783,Apparel,Footwear,Pulse,178.66,338.72,1
9783,SKU-TOY-009783,Titan Board Games Model-784,Toys & Games,Board Games,Titan,141.07,193.47,1
9784,SKU-TOY-009784,Echo Action Figures Model-785,Toys & Games,Action Figures,Echo,123.39,308.28,1
9785,SKU-ELE-009785,Vortex Audio & Headphones Model-786,Electronics,Audio & Headphones,Vortex,85.6,190.92,1
9786,SKU-GRO-009786,Lumina Condiments Model-787,Grocery & Pantry,Condiments,Lumina,31.05,68.03,1
9787,SKU-GRO-009787,Aura Organic Foods Model-788,Grocery & Pantry,Organic Foods,Aura,243.61,382.04,1
9788,SKU-BEA-009788,Echo Cosmetics Model-789,Beauty & Care,Cosmetics,Echo,266.39,544.68,1
9789,SKU-GRO-009789,Nova Condiments Model-790,Grocery & Pantry,Condiments,Nova,246.77,549.89,1
9790,SKU-ELE-009790,Horizon Wearables Model-791,Electronics,Wearables,Horizon,197.02,332.77,1
9791,SKU-BEA-009791,Pulse Personal Care Model-792,Beauty & Care,Personal Care,Pulse,377.24,683.18,1
9792,SKU-GRO-009792,Prism Organic Foods Model-793,Grocery & Pantry,Organic Foods,Prism,378.19,670.51,1
9793,SKU-GRO-009793,Pulse Organic Foods Model-794,Grocery & Pantry,Organic Foods,Pulse,97.88,185.41,1
9794,SKU-ELE-009794,Echo Laptops Model-795,Electronics,Laptops,Echo,210.67,514.78,1
9795,SKU-BEA-009795,Titan Cosmetics Model-796,Beauty & Care,Cosmetics,Titan,409.29,984.55,1
9796,SKU-ELE-009796,Titan Smartphones Model-797,Electronics,Smartphones,Titan,108.11,219.11,1
9797,SKU-HOM-009797,Apex Decor Model-798,Home & Kitchen,Decor,Apex,371.29,649.11,1
9798,SKU-ELE-009798,Titan Wearables Model-799,Electronics,Wearables,Titan,106.86,234.57,1
9799,SKU-GRO-009799,Summit Beverages Model-800,Grocery & Pantry,Beverages,Summit,207.22,337.91,1
9800,SKU-GRO-009800,Aura Breakfast Model-801,Grocery & Pantry,Breakfast,Aura,30.43,69.33,1
9801,SKU-BEA-009801,Sol Personal Care Model-802,Beauty & Care,Personal Care,Sol,194.08,346.24,1
9802,SKU-HOM-009802,Summit Cookware Model-803,Home & Kitchen,Cookware,Summit,361.92,467.09,1
9803,SKU-ELE-009803,Lumina Accessories Model-804,Electronics,Accessories,Lumina,18.03,44.23,1
9804,SKU-SPO-009804,Titan Camping & Hiking Model-805,Sports & Outdoors,Camping & Hiking,Titan,216.61,379.36,1
9805,SKU-GRO-009805,Aura Condiments Model-806,Grocery & Pantry,Condiments,Aura,320.28,552.32,1
9806,SKU-TOY-009806,Horizon Educational Toys Model-807,Toys & Games,Educational Toys,Horizon,64.96,99.72,1
9807,SKU-ELE-009807,Nova Laptops Model-808,Electronics,Laptops,Nova,350.44,587.31,1
9808,SKU-BEA-009808,Matrix Haircare Model-809,Beauty & Care,Haircare,Matrix,375.94,596.5,1
9809,SKU-GRO-009809,Pulse Beverages Model-810,Grocery & Pantry,Beverages,Pulse,76.63,162.15,1
9810,SKU-TOY-009810,Prism Board Games Model-811,Toys & Games,Board Games,Prism,129.25,229.14,1
9811,SKU-HOM-009811,Vortex Storage Model-812,Home & Kitchen,Storage,Vortex,21.96,45.25,1
9812,SKU-BEA-009812,Velocity Personal Care Model-813,Beauty & Care,Personal Care,Velocity,242.13,559.68,0
9813,SKU-GRO-009813,Matrix Condiments Model-814,Grocery & Pantry,Condiments,Matrix,393.07,724.45,1
9814,SKU-HOM-009814,Prism Cookware Model-815,Home & Kitchen,Cookware,Prism,174.46,255.23,1
9815,SKU-TOY-009815,Sol Puzzles Model-816,Toys & Games,Puzzles,Sol,204.43,505.45,1
9816,SKU-ELE-009816,Prism Smart Home Model-817,Electronics,Smart Home,Prism,304.66,690.42,1
9817,SKU-SPO-009817,Aura Fitness Gear Model-818,Sports & Outdoors,Fitness Gear,Aura,405.85,608.7,1
9818,SKU-APP-009818,Aura Outerwear Model-819,Apparel,Outerwear,Aura,237.91,445.46,1
9819,SKU-ELE-009819,Zenith Laptops Model-820,Electronics,Laptops,Zenith,52.53,69.77,0
9820,SKU-BEA-009820,Summit Haircare Model-821,Beauty & Care,Haircare,Summit,240.47,418.49,1
9821,SKU-HOM-009821,Vortex Storage Model-822,Home & Kitchen,Storage,Vortex,423.42,623.17,1
9822,SKU-GRO-009822,Horizon Breakfast Model-823,Grocery & Pantry,Breakfast,Horizon,98.53,140.06,1
9823,SKU-TOY-009823,Vortex Action Figures Model-824,Toys & Games,Action Figures,Vortex,103.39,251.07,1
9824,SKU-SPO-009824,Zenith Camping & Hiking Model-825,Sports & Outdoors,Camping & Hiking,Zenith,107.69,266.41,1
9825,SKU-GRO-009825,Pulse Condiments Model-826,Grocery & Pantry,Condiments,Pulse,354.04,532,1
9826,SKU-ELE-009826,Zenith Accessories Model-827,Electronics,Accessories,Zenith,322.94,440.94,1
9827,SKU-TOY-009827,Apex Educational Toys Model-828,Toys & Games,Educational Toys,Apex,329.68,583.34,1
9828,SKU-SPO-009828,Echo Team Sports Model-829,Sports & Outdoors,Team Sports,Echo,243.68,443.81,1
9829,SKU-APP-009829,Prism Men's Clothing Model-830,Apparel,Men's Clothing,Prism,198.46,460.28,1
9830,SKU-SPO-009830,Matrix Cycling Model-831,Sports & Outdoors,Cycling,Matrix,317.96,534.28,1
9831,SKU-GRO-009831,Zenith Snacks Model-832,Grocery & Pantry,Snacks,Zenith,138.72,281.25,1
9832,SKU-ELE-009832,Nova Accessories Model-833,Electronics,Accessories,Nova,422.36,625.35,1
9833,SKU-HOM-009833,Vortex Storage Model-834,Home & Kitchen,Storage,Vortex,98.39,130.98,1
9834,SKU-HOM-009834,Nova Bedding Model-835,Home & Kitchen,Bedding,Nova,123.61,249.71,1
9835,SKU-SPO-009835,Nova Team Sports Model-836,Sports & Outdoors,Team Sports,Nova,289.64,614.56,1
9836,SKU-SPO-009836,Prism Water Sports Model-837,Sports & Outdoors,Water Sports,Prism,71.92,149.11,1
9837,SKU-GRO-009837,Vortex Breakfast Model-838,Grocery & Pantry,Breakfast,Vortex,175.55,302.23,1
9838,SKU-ELE-009838,Zenith Smart Home Model-839,Electronics,Smart Home,Zenith,394.26,594.57,1
9839,SKU-GRO-009839,Nova Snacks Model-840,Grocery & Pantry,Snacks,Nova,444.97,770.99,1
9840,SKU-SPO-009840,Summit Team Sports Model-841,Sports & Outdoors,Team Sports,Summit,232.9,294.47,1
9841,SKU-BEA-009841,Nova Fragrances Model-842,Beauty & Care,Fragrances,Nova,168.23,299.45,1
9842,SKU-HOM-009842,Zenith Storage Model-843,Home & Kitchen,Storage,Zenith,151.04,233.33,1
9843,SKU-SPO-009843,Summit Cycling Model-844,Sports & Outdoors,Cycling,Summit,25.47,60.56,1
9844,SKU-TOY-009844,Aura Outdoor Toys Model-845,Toys & Games,Outdoor Toys,Aura,76.7,161.55,1
9845,SKU-BEA-009845,Echo Fragrances Model-846,Beauty & Care,Fragrances,Echo,109.95,139.21,1
9846,SKU-ELE-009846,Apex Accessories Model-847,Electronics,Accessories,Apex,352.6,670.64,1
9847,SKU-GRO-009847,Nova Organic Foods Model-848,Grocery & Pantry,Organic Foods,Nova,11.06,21.28,1
9848,SKU-HOM-009848,Titan Small Appliances Model-849,Home & Kitchen,Small Appliances,Titan,52.03,108.8,1
9849,SKU-HOM-009849,Zenith Decor Model-850,Home & Kitchen,Decor,Zenith,374.25,853.73,1
9850,SKU-APP-009850,Sol Women's Clothing Model-851,Apparel,Women's Clothing,Sol,262.47,570.66,1
9851,SKU-TOY-009851,Prism Educational Toys Model-852,Toys & Games,Educational Toys,Prism,33.28,63.14,1
9852,SKU-AUT-009852,Matrix Oils & Fluids Model-853,Automotive,Oils & Fluids,Matrix,97.19,233.08,1
9853,SKU-BEA-009853,Vortex Personal Care Model-854,Beauty & Care,Personal Care,Vortex,424.57,582.91,1
9854,SKU-HOM-009854,Zenith Small Appliances Model-855,Home & Kitchen,Small Appliances,Zenith,75.3,166.12,1
9855,SKU-HOM-009855,Matrix Small Appliances Model-856,Home & Kitchen,Small Appliances,Matrix,347.67,863.76,1
9856,SKU-ELE-009856,Titan Wearables Model-857,Electronics,Wearables,Titan,207.47,442.32,1
9857,SKU-APP-009857,Titan Sportswear Model-858,Apparel,Sportswear,Titan,25.26,61.81,1
9858,SKU-GRO-009858,Aura Breakfast Model-859,Grocery & Pantry,Breakfast,Aura,430.51,571.83,1
9859,SKU-HOM-009859,Sol Cookware Model-860,Home & Kitchen,Cookware,Sol,64.94,134.08,1
9860,SKU-TOY-009860,Velocity Outdoor Toys Model-861,Toys & Games,Outdoor Toys,Velocity,6.14,11.91,0
9861,SKU-APP-009861,Sol Footwear Model-862,Apparel,Footwear,Sol,347.3,834.45,1
9862,SKU-TOY-009862,Titan Outdoor Toys Model-863,Toys & Games,Outdoor Toys,Titan,147.87,302.86,1
9863,SKU-GRO-009863,Lumina Beverages Model-864,Grocery & Pantry,Beverages,Lumina,97.83,196.21,1
9864,SKU-SPO-009864,Lumina Team Sports Model-865,Sports & Outdoors,Team Sports,Lumina,315.14,465.9,1
9865,SKU-GRO-009865,Sol Beverages Model-866,Grocery & Pantry,Beverages,Sol,92.97,160.14,1
9866,SKU-AUT-009866,Matrix Car Care Model-867,Automotive,Car Care,Matrix,329.32,770.78,1
9867,SKU-GRO-009867,Echo Canned Goods Model-868,Grocery & Pantry,Canned Goods,Echo,315.64,740.13,1
9868,SKU-AUT-009868,Echo Tools & Equipment Model-869,Automotive,Tools & Equipment,Echo,51.27,90.91,1
9869,SKU-BEA-009869,Summit Fragrances Model-870,Beauty & Care,Fragrances,Summit,90.11,194.43,1
9870,SKU-APP-009870,Pulse Footwear Model-871,Apparel,Footwear,Pulse,315.74,596.54,1
9871,SKU-ELE-009871,Vortex Wearables Model-872,Electronics,Wearables,Vortex,139.56,203.9,1
9872,SKU-AUT-009872,Summit Car Care Model-873,Automotive,Car Care,Summit,151.51,198.67,1
9873,SKU-TOY-009873,Sol Outdoor Toys Model-874,Toys & Games,Outdoor Toys,Sol,255,467.41,1
9874,SKU-SPO-009874,Horizon Fitness Gear Model-875,Sports & Outdoors,Fitness Gear,Horizon,68.22,153.63,1
9875,SKU-TOY-009875,Summit Board Games Model-876,Toys & Games,Board Games,Summit,112.51,203.86,1
9876,SKU-HOM-009876,Horizon Small Appliances Model-877,Home & Kitchen,Small Appliances,Horizon,195.97,386.43,0
9877,SKU-HOM-009877,Apex Decor Model-878,Home & Kitchen,Decor,Apex,71.29,122.47,1
9878,SKU-AUT-009878,Aura Tools & Equipment Model-879,Automotive,Tools & Equipment,Aura,98.68,238.82,1
9879,SKU-ELE-009879,Apex Audio & Headphones Model-880,Electronics,Audio & Headphones,Apex,230.8,376.74,1
9880,SKU-BEA-009880,Zenith Skincare Model-881,Beauty & Care,Skincare,Zenith,179.22,364.99,1
9881,SKU-HOM-009881,Echo Storage Model-882,Home & Kitchen,Storage,Echo,380.86,797.39,1
9882,SKU-AUT-009882,Sol Car Care Model-883,Automotive,Car Care,Sol,301.54,432.72,1
9883,SKU-BEA-009883,Matrix Cosmetics Model-884,Beauty & Care,Cosmetics,Matrix,24.03,57.93,1
9884,SKU-SPO-009884,Echo Water Sports Model-885,Sports & Outdoors,Water Sports,Echo,448.3,819.42,1
9885,SKU-APP-009885,Echo Men's Clothing Model-886,Apparel,Men's Clothing,Echo,325.62,629.86,1
9886,SKU-BEA-009886,Lumina Skincare Model-887,Beauty & Care,Skincare,Lumina,20.35,46.49,1
9887,SKU-AUT-009887,Prism Oils & Fluids Model-888,Automotive,Oils & Fluids,Prism,46.58,101.88,1
9888,SKU-APP-009888,Apex Men's Clothing Model-889,Apparel,Men's Clothing,Apex,168.12,336.71,1
9889,SKU-AUT-009889,Velocity Tools & Equipment Model-890,Automotive,Tools & Equipment,Velocity,87.46,176.9,1
9890,SKU-BEA-009890,Matrix Skincare Model-891,Beauty & Care,Skincare,Matrix,418.76,669.82,1
9891,SKU-GRO-009891,Aura Breakfast Model-892,Grocery & Pantry,Breakfast,Aura,126.86,207.29,0
9892,SKU-ELE-009892,Velocity Laptops Model-893,Electronics,Laptops,Velocity,225.61,325.16,0
9893,SKU-BEA-009893,Sol Personal Care Model-894,Beauty & Care,Personal Care,Sol,196.21,334.67,1
9894,SKU-SPO-009894,Zenith Cycling Model-895,Sports & Outdoors,Cycling,Zenith,114.4,196.24,1
9895,SKU-APP-009895,Zenith Outerwear Model-896,Apparel,Outerwear,Zenith,249.09,519.37,1
9896,SKU-ELE-009896,Lumina Laptops Model-897,Electronics,Laptops,Lumina,251.58,395.41,1
9897,SKU-HOM-009897,Horizon Cookware Model-898,Home & Kitchen,Cookware,Horizon,168.48,348.42,1
9898,SKU-BEA-009898,Matrix Personal Care Model-899,Beauty & Care,Personal Care,Matrix,196.81,251.89,1
9899,SKU-AUT-009899,Echo Oils & Fluids Model-900,Automotive,Oils & Fluids,Echo,256.26,601.68,1
9900,SKU-AUT-009900,Summit Tools & Equipment Model-901,Automotive,Tools & Equipment,Summit,328.05,567.93,1
9901,SKU-HOM-009901,Summit Furniture Model-902,Home & Kitchen,Furniture,Summit,147.96,306.75,1
9902,SKU-SPO-009902,Matrix Camping & Hiking Model-903,Sports & Outdoors,Camping & Hiking,Matrix,20.43,27.36,1
9903,SKU-AUT-009903,Matrix Interior Accessories Model-904,Automotive,Interior Accessories,Matrix,418.68,744.01,1
9904,SKU-AUT-009904,Matrix Car Care Model-905,Automotive,Car Care,Matrix,438.15,992.92,1
9905,SKU-TOY-009905,Sol Board Games Model-906,Toys & Games,Board Games,Sol,123.65,201.96,0
9906,SKU-SPO-009906,Lumina Fitness Gear Model-907,Sports & Outdoors,Fitness Gear,Lumina,310.65,502.3,1
9907,SKU-HOM-009907,Sol Cookware Model-908,Home & Kitchen,Cookware,Sol,12.79,21.02,1
9908,SKU-SPO-009908,Sol Fitness Gear Model-909,Sports & Outdoors,Fitness Gear,Sol,16.09,30.37,1
9909,SKU-APP-009909,Matrix Women's Clothing Model-910,Apparel,Women's Clothing,Matrix,107.85,147.5,1
9910,SKU-HOM-009910,Aura Small Appliances Model-911,Home & Kitchen,Small Appliances,Aura,215.93,315.12,1
9911,SKU-AUT-009911,Matrix Car Care Model-912,Automotive,Car Care,Matrix,81.13,197.36,1
9912,SKU-TOY-009912,Matrix Board Games Model-913,Toys & Games,Board Games,Matrix,389.75,593.5,1
9913,SKU-BEA-009913,Zenith Haircare Model-914,Beauty & Care,Haircare,Zenith,322.21,451.32,1
9914,SKU-AUT-009914,Summit Oils & Fluids Model-915,Automotive,Oils & Fluids,Summit,101.56,148.4,1
9915,SKU-TOY-009915,Horizon Puzzles Model-916,Toys & Games,Puzzles,Horizon,63.13,105.45,1
9916,SKU-AUT-009916,Lumina Interior Accessories Model-917,Automotive,Interior Accessories,Lumina,284.17,615.19,1
9917,SKU-HOM-009917,Titan Small Appliances Model-918,Home & Kitchen,Small Appliances,Titan,161.37,376.65,1
9918,SKU-BEA-009918,Vortex Haircare Model-919,Beauty & Care,Haircare,Vortex,182.57,361.98,1
9919,SKU-BEA-009919,Zenith Fragrances Model-920,Beauty & Care,Fragrances,Zenith,280.57,559.31,1
9920,SKU-SPO-009920,Sol Cycling Model-921,Sports & Outdoors,Cycling,Sol,294.95,707.19,1
9921,SKU-GRO-009921,Aura Snacks Model-922,Grocery & Pantry,Snacks,Aura,148.67,192.85,1
9922,SKU-AUT-009922,Nova Car Care Model-923,Automotive,Car Care,Nova,413.94,611.05,1
9923,SKU-HOM-009923,Vortex Bedding Model-924,Home & Kitchen,Bedding,Vortex,296.92,562.76,1
9924,SKU-GRO-009924,Horizon Snacks Model-925,Grocery & Pantry,Snacks,Horizon,316.85,410.72,1
9925,SKU-HOM-009925,Matrix Furniture Model-926,Home & Kitchen,Furniture,Matrix,178.04,381.3,1
9926,SKU-HOM-009926,Aura Cookware Model-927,Home & Kitchen,Cookware,Aura,445.14,956.54,1
9927,SKU-APP-009927,Echo Men's Clothing Model-928,Apparel,Men's Clothing,Echo,154.49,324.9,0
9928,SKU-GRO-009928,Echo Organic Foods Model-929,Grocery & Pantry,Organic Foods,Echo,207.03,424.37,1
9929,SKU-APP-009929,Velocity Accessories Model-930,Apparel,Accessories,Velocity,7.09,14.62,1
9930,SKU-BEA-009930,Matrix Haircare Model-931,Beauty & Care,Haircare,Matrix,416.09,983.35,1
9931,SKU-APP-009931,Echo Accessories Model-932,Apparel,Accessories,Echo,432.15,648.96,1
9932,SKU-ELE-009932,Lumina Smart Home Model-933,Electronics,Smart Home,Lumina,282.78,566.64,1
9933,SKU-APP-009933,Pulse Women's Clothing Model-934,Apparel,Women's Clothing,Pulse,379.07,559.16,1
9934,SKU-ELE-009934,Sol Smart Home Model-935,Electronics,Smart Home,Sol,147.64,282.6,1
9935,SKU-BEA-009935,Sol Skincare Model-936,Beauty & Care,Skincare,Sol,72.2,137.66,1
9936,SKU-APP-009936,Lumina Sportswear Model-937,Apparel,Sportswear,Lumina,145.07,303.27,1
9937,SKU-SPO-009937,Horizon Camping & Hiking Model-938,Sports & Outdoors,Camping & Hiking,Horizon,234.37,561.94,1
9938,SKU-TOY-009938,Echo Board Games Model-939,Toys & Games,Board Games,Echo,424.82,844.97,1
9939,SKU-GRO-009939,Apex Canned Goods Model-940,Grocery & Pantry,Canned Goods,Apex,327.28,748.25,1
9940,SKU-APP-009940,Pulse Men's Clothing Model-941,Apparel,Men's Clothing,Pulse,443.57,658.77,1
9941,SKU-ELE-009941,Zenith Audio & Headphones Model-942,Electronics,Audio & Headphones,Zenith,252.17,599.73,1
9942,SKU-TOY-009942,Apex Board Games Model-943,Toys & Games,Board Games,Apex,265.07,590.07,1
9943,SKU-AUT-009943,Lumina Tools & Equipment Model-944,Automotive,Tools & Equipment,Lumina,220.28,396.55,1
9944,SKU-BEA-009944,Aura Skincare Model-945,Beauty & Care,Skincare,Aura,389.3,723.15,1
9945,SKU-HOM-009945,Summit Cookware Model-946,Home & Kitchen,Cookware,Summit,77.42,130.91,1
9946,SKU-SPO-009946,Horizon Camping & Hiking Model-947,Sports & Outdoors,Camping & Hiking,Horizon,226.45,551.15,1
9947,SKU-SPO-009947,Titan Cycling Model-948,Sports & Outdoors,Cycling,Titan,187.37,403.32,1
9948,SKU-BEA-009948,Pulse Cosmetics Model-949,Beauty & Care,Cosmetics,Pulse,117,152.73,1
9949,SKU-HOM-009949,Nova Small Appliances Model-950,Home & Kitchen,Small Appliances,Nova,145.7,272.35,1
9950,SKU-GRO-009950,Horizon Snacks Model-951,Grocery & Pantry,Snacks,Horizon,24.55,59.4,1
9951,SKU-APP-009951,Lumina Outerwear Model-952,Apparel,Outerwear,Lumina,324.87,686.2,1
9952,SKU-APP-009952,Summit Women's Clothing Model-953,Apparel,Women's Clothing,Summit,265.74,388.61,1
9953,SKU-SPO-009953,Velocity Team Sports Model-954,Sports & Outdoors,Team Sports,Velocity,398.23,890.38,1
9954,SKU-ELE-009954,Prism Laptops Model-955,Electronics,Laptops,Prism,337.65,839.54,1
9955,SKU-GRO-009955,Titan Snacks Model-956,Grocery & Pantry,Snacks,Titan,377.22,765.11,1
9956,SKU-AUT-009956,Vortex Interior Accessories Model-957,Automotive,Interior Accessories,Vortex,14.15,29.63,1
9957,SKU-AUT-009957,Velocity Car Care Model-958,Automotive,Car Care,Velocity,427.82,842.84,1
9958,SKU-HOM-009958,Vortex Storage Model-959,Home & Kitchen,Storage,Vortex,348.64,724.72,1
9959,SKU-GRO-009959,Matrix Canned Goods Model-960,Grocery & Pantry,Canned Goods,Matrix,433.1,701.59,1
9960,SKU-BEA-009960,Matrix Haircare Model-961,Beauty & Care,Haircare,Matrix,313.86,633.65,0
9961,SKU-ELE-009961,Echo Laptops Model-962,Electronics,Laptops,Echo,322.89,618.11,1
9962,SKU-SPO-009962,Velocity Cycling Model-963,Sports & Outdoors,Cycling,Velocity,36.36,64.92,1
9963,SKU-AUT-009963,Lumina Car Care Model-964,Automotive,Car Care,Lumina,350.36,547.92,1
9964,SKU-AUT-009964,Titan Oils & Fluids Model-965,Automotive,Oils & Fluids,Titan,368.35,559.83,1
9965,SKU-APP-009965,Sol Footwear Model-966,Apparel,Footwear,Sol,34.56,43.79,1
9966,SKU-GRO-009966,Zenith Beverages Model-967,Grocery & Pantry,Beverages,Zenith,16.47,28.64,1
9967,SKU-AUT-009967,Matrix Tools & Equipment Model-968,Automotive,Tools & Equipment,Matrix,425.81,581.13,1
9968,SKU-APP-009968,Nova Outerwear Model-969,Apparel,Outerwear,Nova,145.38,307.44,1
9969,SKU-APP-009969,Echo Men's Clothing Model-970,Apparel,Men's Clothing,Echo,94.61,147.95,1
9970,SKU-APP-009970,Nova Accessories Model-971,Apparel,Accessories,Nova,99.38,144.92,1
9971,SKU-HOM-009971,Prism Cookware Model-972,Home & Kitchen,Cookware,Prism,59.37,108.32,0
9972,SKU-TOY-009972,Apex Action Figures Model-973,Toys & Games,Action Figures,Apex,307.2,766.6,1
9973,SKU-HOM-009973,Lumina Cookware Model-974,Home & Kitchen,Cookware,Lumina,223.58,422.91,1
9974,SKU-GRO-009974,Velocity Canned Goods Model-975,Grocery & Pantry,Canned Goods,Velocity,53.37,84.39,1
9975,SKU-APP-009975,Horizon Men's Clothing Model-976,Apparel,Men's Clothing,Horizon,302.05,708.25,1
9976,SKU-ELE-009976,Velocity Smartphones Model-977,Electronics,Smartphones,Velocity,448.91,586.99,1
9977,SKU-GRO-009977,Prism Canned Goods Model-978,Grocery & Pantry,Canned Goods,Prism,422.25,784.13,1
9978,SKU-ELE-009978,Aura Accessories Model-979,Electronics,Accessories,Aura,274.32,391.23,1
9979,SKU-SPO-009979,Pulse Cycling Model-980,Sports & Outdoors,Cycling,Pulse,253.86,614.5,1
9980,SKU-BEA-009980,Nova Personal Care Model-981,Beauty & Care,Personal Care,Nova,126.91,265.64,1
9981,SKU-BEA-009981,Velocity Cosmetics Model-982,Beauty & Care,Cosmetics,Velocity,401.52,934.87,1
9982,SKU-APP-009982,Vortex Women's Clothing Model-983,Apparel,Women's Clothing,Vortex,397.38,665.88,1
9983,SKU-ELE-009983,Velocity Smart Home Model-984,Electronics,Smart Home,Velocity,241.17,399.41,1
9984,SKU-SPO-009984,Horizon Cycling Model-985,Sports & Outdoors,Cycling,Horizon,187.35,430.65,1
9985,SKU-GRO-009985,Aura Beverages Model-986,Grocery & Pantry,Beverages,Aura,381.31,516.13,1
9986,SKU-ELE-009986,Lumina Smartphones Model-987,Electronics,Smartphones,Lumina,78.31,145.2,1
9987,SKU-BEA-009987,Zenith Personal Care Model-988,Beauty & Care,Personal Care,Zenith,443.56,886.62,1
9988,SKU-TOY-009988,Titan Educational Toys Model-989,Toys & Games,Educational Toys,Titan,39.28,90.77,1
9989,SKU-GRO-009989,Zenith Beverages Model-990,Grocery & Pantry,Beverages,Zenith,385.72,763.37,1
9990,SKU-ELE-009990,Zenith Accessories Model-991,Electronics,Accessories,Zenith,351.36,551.52,1
9991,SKU-SPO-009991,Aura Team Sports Model-992,Sports & Outdoors,Team Sports,Aura,223.48,436.09,1
9992,SKU-ELE-009992,Echo Audio & Headphones Model-993,Electronics,Audio & Headphones,Echo,296.69,543.65,1
9993,SKU-ELE-009993,Matrix Wearables Model-994,Electronics,Wearables,Matrix,61.76,152.36,1
9994,SKU-APP-009994,Apex Sportswear Model-995,Apparel,Sportswear,Apex,102.58,223.88,1
9995,SKU-AUT-009995,Titan Oils & Fluids Model-996,Automotive,Oils & Fluids,Titan,129.6,223.73,0
9996,SKU-APP-009996,Horizon Outerwear Model-997,Apparel,Outerwear,Horizon,389.71,942.04,1
9997,SKU-HOM-009997,Velocity Storage Model-998,Home & Kitchen,Storage,Velocity,390.73,926.47,1
9998,SKU-AUT-009998,Matrix Tools & Equipment Model-999,Automotive,Tools & Equipment,Matrix,25.92,61.72,1
9999,SKU-ELE-009999,Horizon Smart Home Model-1000,Electronics,Smart Home,Horizon,270.33,414.07,1
10000,SKU-TOY-010000,Zenith Puzzles Model-001,Toys & Games,Puzzles,Zenith,22.37,48.75,1
