medication_id,ndc_code,drug_name,generic_name,dosage_form,strength,manufacturer
1,33877-407-01,Amoxicillin,Amoxicillin,Capsule,500mg,Teva
2,91210-618-02,Lysinopril,Lisinopril,Tablet,10mg,Sandoz
3,51054-977-03,Metformin,Metformin HCl,Tablet,850mg,Mylan
4,22579-382-04,Atorvastatin,Atorvastatin Calcium,Tablet,20mg,Pfizer
5,36445-900-05,Albuterol,Albuterol Sulfate,Inhaler,90mcg,GSK
6,71734-763-06,Omeprazole,Omeprazole,Capsule,20mg,AstraZeneca
7,50625-916-07,Levothyroxine,Levothyroxine Sodium,Tablet,50mcg,AbbVie
8,49870-730-08,Gabapentin,Gabapentin,Capsule,300mg,Sun Pharma
9,41752-661-09,Amlodipine,Amlodipine Besylate,Tablet,5mg,Novartis
10,54303-140-10,Metoprolol,Metoprolol Succinate,Tablet,50mg,AstraZeneca
11,96894-576-11,Losartan,Losartan Potassium,Tablet,50mg,Merck
12,81640-159-12,Sertraline,Sertraline HCl,Tablet,50mg,Pfizer
13,48487-641-13,Hydrochlorothiazide,Hydrochlorothiazide,Tablet,25mg,Lupin
14,67723-313-14,Ibuprofen,Ibuprofen,Tablet,800mg,McNeil
15,72873-868-15,Azithromycin,Azithromycin,Tablet,250mg,Pfizer
16,77780-845-16,Lysinopril Plus,Lisinopril,Tablet,10mg,Sandoz
17,90255-733-17,Levothyroxine Plus,Levothyroxine Sodium,Tablet,50mcg,AbbVie
18,79864-368-18,Lysinopril Plus,Lisinopril,Tablet,10mg,Sandoz
19,77479-738-19,Albuterol Plus,Albuterol Sulfate,Inhaler,90mcg,GSK
20,49938-246-20,Azithromycin Plus,Azithromycin,Tablet,250mg,Pfizer
21,56382-451-21,Amlodipine Plus,Amlodipine Besylate,Tablet,5mg,Novartis
22,43437-646-22,Gabapentin Plus,Gabapentin,Capsule,300mg,Sun Pharma
23,20647-715-23,Gabapentin Plus,Gabapentin,Capsule,300mg,Sun Pharma
24,20454-943-24,Atorvastatin Plus,Atorvastatin Calcium,Tablet,20mg,Pfizer
25,72322-491-25,Losartan Plus,Losartan Potassium,Tablet,50mg,Merck
26,23182-883-26,Amoxicillin Plus,Amoxicillin,Capsule,500mg,Teva
27,60438-438-27,Amlodipine Plus,Amlodipine Besylate,Tablet,5mg,Novartis
28,37837-940-28,Amlodipine Plus,Amlodipine Besylate,Tablet,5mg,Novartis
29,24753-191-29,Ibuprofen Plus,Ibuprofen,Tablet,800mg,McNeil
30,80729-174-30,Lysinopril Plus,Lisinopril,Tablet,10mg,Sandoz
31,82519-970-31,Amlodipine Plus,Amlodipine Besylate,Tablet,5mg,Novartis
32,28509-706-32,Azithromycin Plus,Azithromycin,Tablet,250mg,Pfizer
33,36503-136-33,Amlodipine Plus,Amlodipine Besylate,Tablet,5mg,Novartis
34,37747-660-34,Metformin Plus,Metformin HCl,Tablet,850mg,Mylan
35,71317-144-35,Amlodipine Plus,Amlodipine Besylate,Tablet,5mg,Novartis
36,50392-958-36,Ibuprofen Plus,Ibuprofen,Tablet,800mg,McNeil
37,19403-485-37,Omeprazole Plus,Omeprazole,Capsule,20mg,AstraZeneca
38,50113-152-38,Amlodipine Plus,Amlodipine Besylate,Tablet,5mg,Novartis
39,88859-321-39,Omeprazole Plus,Omeprazole,Capsule,20mg,AstraZeneca
40,85134-421-40,Azithromycin Plus,Azithromycin,Tablet,250mg,Pfizer
41,12585-896-41,Albuterol Plus,Albuterol Sulfate,Inhaler,90mcg,GSK
42,22672-708-42,Levothyroxine Plus,Levothyroxine Sodium,Tablet,50mcg,AbbVie
43,76921-326-43,Metformin Plus,Metformin HCl,Tablet,850mg,Mylan
44,12431-468-44,Omeprazole Plus,Omeprazole,Capsule,20mg,AstraZeneca
45,38528-392-45,Atorvastatin Plus,Atorvastatin Calcium,Tablet,20mg,Pfizer
46,15255-925-46,Azithromycin Plus,Azithromycin,Tablet,250mg,Pfizer
47,90387-233-47,Metoprolol Plus,Metoprolol Succinate,Tablet,50mg,AstraZeneca
48,47885-799-48,Amlodipine Plus,Amlodipine Besylate,Tablet,5mg,Novartis
49,93617-450-49,Metoprolol Plus,Metoprolol Succinate,Tablet,50mg,AstraZeneca
50,22920-353-50,Ibuprofen Plus,Ibuprofen,Tablet,800mg,McNeil
51,23919-152-51,Amoxicillin Plus,Amoxicillin,Capsule,500mg,Teva
52,54830-460-52,Omeprazole Plus,Omeprazole,Capsule,20mg,AstraZeneca
53,12543-961-53,Hydrochlorothiazide Plus,Hydrochlorothiazide,Tablet,25mg,Lupin
54,66297-969-54,Ibuprofen Plus,Ibuprofen,Tablet,800mg,McNeil
55,15389-782-55,Metoprolol Plus,Metoprolol Succinate,Tablet,50mg,AstraZeneca
56,34540-889-56,Losartan Plus,Losartan Potassium,Tablet,50mg,Merck
57,13041-487-57,Albuterol Plus,Albuterol Sulfate,Inhaler,90mcg,GSK
58,84776-738-58,Hydrochlorothiazide Plus,Hydrochlorothiazide,Tablet,25mg,Lupin
59,81283-201-59,Losartan Plus,Losartan Potassium,Tablet,50mg,Merck
60,12807-432-60,Hydrochlorothiazide Plus,Hydrochlorothiazide,Tablet,25mg,Lupin
61,86842-868-61,Ibuprofen Plus,Ibuprofen,Tablet,800mg,McNeil
62,16616-634-62,Amoxicillin Plus,Amoxicillin,Capsule,500mg,Teva
63,12355-512-63,Levothyroxine Plus,Levothyroxine Sodium,Tablet,50mcg,AbbVie
64,14103-710-64,Gabapentin Plus,Gabapentin,Capsule,300mg,Sun Pharma
65,42278-398-65,Levothyroxine Plus,Levothyroxine Sodium,Tablet,50mcg,AbbVie
66,42377-538-66,Lysinopril Plus,Lisinopril,Tablet,10mg,Sandoz
67,33947-978-67,Metoprolol Plus,Metoprolol Succinate,Tablet,50mg,AstraZeneca
68,66044-391-68,Hydrochlorothiazide Plus,Hydrochlorothiazide,Tablet,25mg,Lupin
69,18248-974-69,Atorvastatin Plus,Atorvastatin Calcium,Tablet,20mg,Pfizer
70,82290-778-70,Metformin Plus,Metformin HCl,Tablet,850mg,Mylan
71,27180-607-71,Sertraline Plus,Sertraline HCl,Tablet,50mg,Pfizer
72,89681-831-72,Amlodipine Plus,Amlodipine Besylate,Tablet,5mg,Novartis
73,81783-792-73,Metformin Plus,Metformin HCl,Tablet,850mg,Mylan
74,58183-717-74,Sertraline Plus,Sertraline HCl,Tablet,50mg,Pfizer
75,64754-341-75,Metformin Plus,Metformin HCl,Tablet,850mg,Mylan
76,16371-112-76,Ibuprofen Plus,Ibuprofen,Tablet,800mg,McNeil
77,74574-985-77,Amoxicillin Plus,Amoxicillin,Capsule,500mg,Teva
78,46990-657-78,Omeprazole Plus,Omeprazole,Capsule,20mg,AstraZeneca
79,64628-904-79,Amoxicillin Plus,Amoxicillin,Capsule,500mg,Teva
80,25428-763-80,Metoprolol Plus,Metoprolol Succinate,Tablet,50mg,AstraZeneca
81,98072-607-81,Metformin Plus,Metformin HCl,Tablet,850mg,Mylan
82,24706-184-82,Ibuprofen Plus,Ibuprofen,Tablet,800mg,McNeil
83,73917-292-83,Amlodipine Plus,Amlodipine Besylate,Tablet,5mg,Novartis
84,94405-462-84,Lysinopril Plus,Lisinopril,Tablet,10mg,Sandoz
85,49212-128-85,Hydrochlorothiazide Plus,Hydrochlorothiazide,Tablet,25mg,Lupin
86,45854-268-86,Azithromycin Plus,Azithromycin,Tablet,250mg,Pfizer
87,91414-371-87,Ibuprofen Plus,Ibuprofen,Tablet,800mg,McNeil
88,84876-244-88,Amlodipine Plus,Amlodipine Besylate,Tablet,5mg,Novartis
89,71595-139-89,Amoxicillin Plus,Amoxicillin,Capsule,500mg,Teva
90,68668-800-90,Losartan Plus,Losartan Potassium,Tablet,50mg,Merck
91,45423-659-91,Amoxicillin Plus,Amoxicillin,Capsule,500mg,Teva
92,60932-890-92,Hydrochlorothiazide Plus,Hydrochlorothiazide,Tablet,25mg,Lupin
93,81479-377-93,Atorvastatin Plus,Atorvastatin Calcium,Tablet,20mg,Pfizer
94,68681-261-94,Losartan Plus,Losartan Potassium,Tablet,50mg,Merck
95,15110-284-95,Levothyroxine Plus,Levothyroxine Sodium,Tablet,50mcg,AbbVie
96,80684-640-96,Albuterol Plus,Albuterol Sulfate,Inhaler,90mcg,GSK
97,93829-116-97,Losartan Plus,Losartan Potassium,Tablet,50mg,Merck
98,73828-323-98,Hydrochlorothiazide Plus,Hydrochlorothiazide,Tablet,25mg,Lupin
99,26168-843-99,Hydrochlorothiazide Plus,Hydrochlorothiazide,Tablet,25mg,Lupin
100,86164-815-00,Amoxicillin Plus,Amoxicillin,Capsule,500mg,Teva
101,83888-316-01,Losartan Plus,Losartan Potassium,Tablet,50mg,Merck
102,42325-931-02,Ibuprofen Plus,Ibuprofen,Tablet,800mg,McNeil
103,12185-280-03,Albuterol Plus,Albuterol Sulfate,Inhaler,90mcg,GSK
104,65808-372-04,Hydrochlorothiazide Plus,Hydrochlorothiazide,Tablet,25mg,Lupin
105,96759-298-05,Ibuprofen Plus,Ibuprofen,Tablet,800mg,McNeil
106,22248-287-06,Levothyroxine Plus,Levothyroxine Sodium,Tablet,50mcg,AbbVie
107,82743-384-07,Amoxicillin Plus,Amoxicillin,Capsule,500mg,Teva
108,20084-156-08,Sertraline Plus,Sertraline HCl,Tablet,50mg,Pfizer
109,89048-908-09,Ibuprofen Plus,Ibuprofen,Tablet,800mg,McNeil
110,15325-755-10,Albuterol Plus,Albuterol Sulfate,Inhaler,90mcg,GSK
111,34491-438-11,Losartan Plus,Losartan Potassium,Tablet,50mg,Merck
112,15181-792-12,Metformin Plus,Metformin HCl,Tablet,850mg,Mylan
113,26208-403-13,Lysinopril Plus,Lisinopril,Tablet,10mg,Sandoz
114,35391-679-14,Lysinopril Plus,Lisinopril,Tablet,10mg,Sandoz
115,68581-989-15,Azithromycin Plus,Azithromycin,Tablet,250mg,Pfizer
116,10079-128-16,Ibuprofen Plus,Ibuprofen,Tablet,800mg,McNeil
117,92006-565-17,Metoprolol Plus,Metoprolol Succinate,Tablet,50mg,AstraZeneca
118,46657-343-18,Azithromycin Plus,Azithromycin,Tablet,250mg,Pfizer
119,66511-226-19,Amlodipine Plus,Amlodipine Besylate,Tablet,5mg,Novartis
120,50420-428-20,Amlodipine Plus,Amlodipine Besylate,Tablet,5mg,Novartis
121,13415-333-21,Lysinopril Plus,Lisinopril,Tablet,10mg,Sandoz
122,65531-740-22,Gabapentin Plus,Gabapentin,Capsule,300mg,Sun Pharma
123,97695-233-23,Azithromycin Plus,Azithromycin,Tablet,250mg,Pfizer
124,35350-903-24,Albuterol Plus,Albuterol Sulfate,Inhaler,90mcg,GSK
125,77598-200-25,Losartan Plus,Losartan Potassium,Tablet,50mg,Merck
126,20733-877-26,Amlodipine Plus,Amlodipine Besylate,Tablet,5mg,Novartis
127,59102-822-27,Ibuprofen Plus,Ibuprofen,Tablet,800mg,McNeil
128,77568-931-28,Azithromycin Plus,Azithromycin,Tablet,250mg,Pfizer
129,28068-288-29,Gabapentin Plus,Gabapentin,Capsule,300mg,Sun Pharma
130,80813-944-30,Omeprazole Plus,Omeprazole,Capsule,20mg,AstraZeneca
131,92629-108-31,Albuterol Plus,Albuterol Sulfate,Inhaler,90mcg,GSK
132,42162-297-32,Albuterol Plus,Albuterol Sulfate,Inhaler,90mcg,GSK
133,36499-809-33,Albuterol Plus,Albuterol Sulfate,Inhaler,90mcg,GSK
134,62806-343-34,Levothyroxine Plus,Levothyroxine Sodium,Tablet,50mcg,AbbVie
135,82036-714-35,Gabapentin Plus,Gabapentin,Capsule,300mg,Sun Pharma
136,78650-834-36,Levothyroxine Plus,Levothyroxine Sodium,Tablet,50mcg,AbbVie
137,63891-678-37,Lysinopril Plus,Lisinopril,Tablet,10mg,Sandoz
138,95350-373-38,Metoprolol Plus,Metoprolol Succinate,Tablet,50mg,AstraZeneca
139,17065-702-39,Azithromycin Plus,Azithromycin,Tablet,250mg,Pfizer
140,98235-907-40,Levothyroxine Plus,Levothyroxine Sodium,Tablet,50mcg,AbbVie
141,87989-430-41,Amlodipine Plus,Amlodipine Besylate,Tablet,5mg,Novartis
142,68321-581-42,Omeprazole Plus,Omeprazole,Capsule,20mg,AstraZeneca
143,56489-797-43,Ibuprofen Plus,Ibuprofen,Tablet,800mg,McNeil
144,50357-810-44,Gabapentin Plus,Gabapentin,Capsule,300mg,Sun Pharma
145,99789-967-45,Hydrochlorothiazide Plus,Hydrochlorothiazide,Tablet,25mg,Lupin
146,62097-878-46,Lysinopril Plus,Lisinopril,Tablet,10mg,Sandoz
147,85049-422-47,Metoprolol Plus,Metoprolol Succinate,Tablet,50mg,AstraZeneca
148,82845-649-48,Albuterol Plus,Albuterol Sulfate,Inhaler,90mcg,GSK
149,24394-850-49,Losartan Plus,Losartan Potassium,Tablet,50mg,Merck
150,63486-839-50,Losartan Plus,Losartan Potassium,Tablet,50mg,Merck
151,76946-175-51,Amoxicillin Plus,Amoxicillin,Capsule,500mg,Teva
152,95407-391-52,Omeprazole Plus,Omeprazole,Capsule,20mg,AstraZeneca
153,35199-270-53,Losartan Plus,Losartan Potassium,Tablet,50mg,Merck
154,44426-131-54,Sertraline Plus,Sertraline HCl,Tablet,50mg,Pfizer
155,19392-342-55,Losartan Plus,Losartan Potassium,Tablet,50mg,Merck
156,69907-131-56,Amoxicillin Plus,Amoxicillin,Capsule,500mg,Teva
157,97899-274-57,Metoprolol Plus,Metoprolol Succinate,Tablet,50mg,AstraZeneca
158,54251-507-58,Ibuprofen Plus,Ibuprofen,Tablet,800mg,McNeil
159,94810-653-59,Albuterol Plus,Albuterol Sulfate,Inhaler,90mcg,GSK
160,59538-975-60,Amlodipine Plus,Amlodipine Besylate,Tablet,5mg,Novartis
161,52519-641-61,Lysinopril Plus,Lisinopril,Tablet,10mg,Sandoz
162,60286-557-62,Amlodipine Plus,Amlodipine Besylate,Tablet,5mg,Novartis
163,56067-858-63,Hydrochlorothiazide Plus,Hydrochlorothiazide,Tablet,25mg,Lupin
164,31514-186-64,Amoxicillin Plus,Amoxicillin,Capsule,500mg,Teva
165,27013-908-65,Losartan Plus,Losartan Potassium,Tablet,50mg,Merck
166,24537-307-66,Omeprazole Plus,Omeprazole,Capsule,20mg,AstraZeneca
167,35715-205-67,Levothyroxine Plus,Levothyroxine Sodium,Tablet,50mcg,AbbVie
168,79995-683-68,Amlodipine Plus,Amlodipine Besylate,Tablet,5mg,Novartis
169,52139-456-69,Azithromycin Plus,Azithromycin,Tablet,250mg,Pfizer
170,72308-954-70,Metformin Plus,Metformin HCl,Tablet,850mg,Mylan
171,36954-883-71,Losartan Plus,Losartan Potassium,Tablet,50mg,Merck
172,83083-813-72,Omeprazole Plus,Omeprazole,Capsule,20mg,AstraZeneca
173,32793-162-73,Hydrochlorothiazide Plus,Hydrochlorothiazide,Tablet,25mg,Lupin
174,73557-982-74,Lysinopril Plus,Lisinopril,Tablet,10mg,Sandoz
175,56872-623-75,Azithromycin Plus,Azithromycin,Tablet,250mg,Pfizer
176,97091-141-76,Metoprolol Plus,Metoprolol Succinate,Tablet,50mg,AstraZeneca
177,23278-356-77,Amoxicillin Plus,Amoxicillin,Capsule,500mg,Teva
178,36719-929-78,Omeprazole Plus,Omeprazole,Capsule,20mg,AstraZeneca
179,29238-694-79,Metformin Plus,Metformin HCl,Tablet,850mg,Mylan
180,35214-797-80,Ibuprofen Plus,Ibuprofen,Tablet,800mg,McNeil
181,93827-331-81,Atorvastatin Plus,Atorvastatin Calcium,Tablet,20mg,Pfizer
182,71972-172-82,Omeprazole Plus,Omeprazole,Capsule,20mg,AstraZeneca
183,57344-578-83,Gabapentin Plus,Gabapentin,Capsule,300mg,Sun Pharma
184,52735-263-84,Omeprazole Plus,Omeprazole,Capsule,20mg,AstraZeneca
185,68883-373-85,Levothyroxine Plus,Levothyroxine Sodium,Tablet,50mcg,AbbVie
186,53873-186-86,Sertraline Plus,Sertraline HCl,Tablet,50mg,Pfizer
187,73144-517-87,Losartan Plus,Losartan Potassium,Tablet,50mg,Merck
188,32961-858-88,Gabapentin Plus,Gabapentin,Capsule,300mg,Sun Pharma
189,66743-292-89,Amlodipine Plus,Amlodipine Besylate,Tablet,5mg,Novartis
190,47173-658-90,Amlodipine Plus,Amlodipine Besylate,Tablet,5mg,Novartis
191,19549-147-91,Metoprolol Plus,Metoprolol Succinate,Tablet,50mg,AstraZeneca
192,54502-885-92,Losartan Plus,Losartan Potassium,Tablet,50mg,Merck
193,62156-103-93,Omeprazole Plus,Omeprazole,Capsule,20mg,AstraZeneca
194,28815-808-94,Sertraline Plus,Sertraline HCl,Tablet,50mg,Pfizer
195,61698-980-95,Ibuprofen Plus,Ibuprofen,Tablet,800mg,McNeil
196,70625-139-96,Omeprazole Plus,Omeprazole,Capsule,20mg,AstraZeneca
197,50068-880-97,Levothyroxine Plus,Levothyroxine Sodium,Tablet,50mcg,AbbVie
198,67410-637-98,Omeprazole Plus,Omeprazole,Capsule,20mg,AstraZeneca
199,82999-663-99,Azithromycin Plus,Azithromycin,Tablet,250mg,Pfizer
200,96136-342-00,Hydrochlorothiazide Plus,Hydrochlorothiazide,Tablet,25mg,Lupin
201,99088-136-01,Metoprolol Plus,Metoprolol Succinate,Tablet,50mg,AstraZeneca
202,15764-234-02,Losartan Plus,Losartan Potassium,Tablet,50mg,Merck
203,24503-632-03,Omeprazole Plus,Omeprazole,Capsule,20mg,AstraZeneca
204,92807-625-04,Amoxicillin Plus,Amoxicillin,Capsule,500mg,Teva
205,13990-685-05,Amoxicillin Plus,Amoxicillin,Capsule,500mg,Teva
206,11394-831-06,Metoprolol Plus,Metoprolol Succinate,Tablet,50mg,AstraZeneca
207,44030-713-07,Metformin Plus,Metformin HCl,Tablet,850mg,Mylan
208,47515-139-08,Sertraline Plus,Sertraline HCl,Tablet,50mg,Pfizer
209,98518-221-09,Omeprazole Plus,Omeprazole,Capsule,20mg,AstraZeneca
210,63992-837-10,Losartan Plus,Losartan Potassium,Tablet,50mg,Merck
211,80004-590-11,Metoprolol Plus,Metoprolol Succinate,Tablet,50mg,AstraZeneca
212,45486-367-12,Ibuprofen Plus,Ibuprofen,Tablet,800mg,McNeil
213,30743-975-13,Ibuprofen Plus,Ibuprofen,Tablet,800mg,McNeil
214,91698-386-14,Amoxicillin Plus,Amoxicillin,Capsule,500mg,Teva
215,79984-298-15,Omeprazole Plus,Omeprazole,Capsule,20mg,AstraZeneca
216,51063-685-16,Omeprazole Plus,Omeprazole,Capsule,20mg,AstraZeneca
217,34585-292-17,Gabapentin Plus,Gabapentin,Capsule,300mg,Sun Pharma
218,35038-835-18,Amoxicillin Plus,Amoxicillin,Capsule,500mg,Teva
219,93622-105-19,Amoxicillin Plus,Amoxicillin,Capsule,500mg,Teva
220,25484-308-20,Hydrochlorothiazide Plus,Hydrochlorothiazide,Tablet,25mg,Lupin
221,54441-842-21,Sertraline Plus,Sertraline HCl,Tablet,50mg,Pfizer
222,75253-302-22,Azithromycin Plus,Azithromycin,Tablet,250mg,Pfizer
223,50574-371-23,Lysinopril Plus,Lisinopril,Tablet,10mg,Sandoz
224,55267-647-24,Albuterol Plus,Albuterol Sulfate,Inhaler,90mcg,GSK
225,20223-130-25,Losartan Plus,Losartan Potassium,Tablet,50mg,Merck
226,58185-428-26,Sertraline Plus,Sertraline HCl,Tablet,50mg,Pfizer
227,91945-812-27,Gabapentin Plus,Gabapentin,Capsule,300mg,Sun Pharma
228,61250-883-28,Azithromycin Plus,Azithromycin,Tablet,250mg,Pfizer
229,29738-912-29,Albuterol Plus,Albuterol Sulfate,Inhaler,90mcg,GSK
230,33646-938-30,Atorvastatin Plus,Atorvastatin Calcium,Tablet,20mg,Pfizer
231,69614-898-31,Sertraline Plus,Sertraline HCl,Tablet,50mg,Pfizer
232,56961-301-32,Metoprolol Plus,Metoprolol Succinate,Tablet,50mg,AstraZeneca
233,57250-575-33,Ibuprofen Plus,Ibuprofen,Tablet,800mg,McNeil
234,68413-684-34,Omeprazole Plus,Omeprazole,Capsule,20mg,AstraZeneca
235,47231-480-35,Sertraline Plus,Sertraline HCl,Tablet,50mg,Pfizer
236,16105-217-36,Azithromycin Plus,Azithromycin,Tablet,250mg,Pfizer
237,85928-959-37,Amlodipine Plus,Amlodipine Besylate,Tablet,5mg,Novartis
238,66999-349-38,Gabapentin Plus,Gabapentin,Capsule,300mg,Sun Pharma
239,55989-154-39,Gabapentin Plus,Gabapentin,Capsule,300mg,Sun Pharma
240,51666-128-40,Azithromycin Plus,Azithromycin,Tablet,250mg,Pfizer
241,35966-944-41,Albuterol Plus,Albuterol Sulfate,Inhaler,90mcg,GSK
242,23166-103-42,Metformin Plus,Metformin HCl,Tablet,850mg,Mylan
243,28625-253-43,Atorvastatin Plus,Atorvastatin Calcium,Tablet,20mg,Pfizer
244,69746-352-44,Azithromycin Plus,Azithromycin,Tablet,250mg,Pfizer
245,22820-851-45,Sertraline Plus,Sertraline HCl,Tablet,50mg,Pfizer
246,91975-488-46,Atorvastatin Plus,Atorvastatin Calcium,Tablet,20mg,Pfizer
247,69715-309-47,Lysinopril Plus,Lisinopril,Tablet,10mg,Sandoz
248,71298-985-48,Metoprolol Plus,Metoprolol Succinate,Tablet,50mg,AstraZeneca
249,57553-571-49,Azithromycin Plus,Azithromycin,Tablet,250mg,Pfizer
250,81769-218-50,Losartan Plus,Losartan Potassium,Tablet,50mg,Merck
251,77514-371-51,Lysinopril Plus,Lisinopril,Tablet,10mg,Sandoz
252,50773-799-52,Amlodipine Plus,Amlodipine Besylate,Tablet,5mg,Novartis
253,67236-850-53,Levothyroxine Plus,Levothyroxine Sodium,Tablet,50mcg,AbbVie
254,49848-770-54,Hydrochlorothiazide Plus,Hydrochlorothiazide,Tablet,25mg,Lupin
255,92225-403-55,Lysinopril Plus,Lisinopril,Tablet,10mg,Sandoz
256,64745-819-56,Albuterol Plus,Albuterol Sulfate,Inhaler,90mcg,GSK
257,33192-753-57,Atorvastatin Plus,Atorvastatin Calcium,Tablet,20mg,Pfizer
258,79673-753-58,Hydrochlorothiazide Plus,Hydrochlorothiazide,Tablet,25mg,Lupin
259,23977-577-59,Losartan Plus,Losartan Potassium,Tablet,50mg,Merck
260,65238-384-60,Lysinopril Plus,Lisinopril,Tablet,10mg,Sandoz
261,92873-889-61,Losartan Plus,Losartan Potassium,Tablet,50mg,Merck
262,11922-321-62,Ibuprofen Plus,Ibuprofen,Tablet,800mg,McNeil
263,65147-999-63,Ibuprofen Plus,Ibuprofen,Tablet,800mg,McNeil
264,98068-102-64,Lysinopril Plus,Lisinopril,Tablet,10mg,Sandoz
265,70206-370-65,Levothyroxine Plus,Levothyroxine Sodium,Tablet,50mcg,AbbVie
266,64714-569-66,Lysinopril Plus,Lisinopril,Tablet,10mg,Sandoz
267,66798-596-67,Omeprazole Plus,Omeprazole,Capsule,20mg,AstraZeneca
268,11816-708-68,Amlodipine Plus,Amlodipine Besylate,Tablet,5mg,Novartis
269,41067-293-69,Amoxicillin Plus,Amoxicillin,Capsule,500mg,Teva
270,76561-499-70,Losartan Plus,Losartan Potassium,Tablet,50mg,Merck
271,38060-323-71,Hydrochlorothiazide Plus,Hydrochlorothiazide,Tablet,25mg,Lupin
272,49162-747-72,Amlodipine Plus,Amlodipine Besylate,Tablet,5mg,Novartis
273,49024-749-73,Hydrochlorothiazide Plus,Hydrochlorothiazide,Tablet,25mg,Lupin
274,44548-470-74,Metformin Plus,Metformin HCl,Tablet,850mg,Mylan
275,69147-918-75,Metformin Plus,Metformin HCl,Tablet,850mg,Mylan
276,97795-947-76,Metformin Plus,Metformin HCl,Tablet,850mg,Mylan
277,24731-518-77,Amoxicillin Plus,Amoxicillin,Capsule,500mg,Teva
278,18807-691-78,Omeprazole Plus,Omeprazole,Capsule,20mg,AstraZeneca
279,28081-109-79,Lysinopril Plus,Lisinopril,Tablet,10mg,Sandoz
280,97228-933-80,Atorvastatin Plus,Atorvastatin Calcium,Tablet,20mg,Pfizer
281,26304-862-81,Metoprolol Plus,Metoprolol Succinate,Tablet,50mg,AstraZeneca
282,95384-162-82,Losartan Plus,Losartan Potassium,Tablet,50mg,Merck
283,74852-939-83,Metoprolol Plus,Metoprolol Succinate,Tablet,50mg,AstraZeneca
284,51485-743-84,Gabapentin Plus,Gabapentin,Capsule,300mg,Sun Pharma
285,77616-171-85,Losartan Plus,Losartan Potassium,Tablet,50mg,Merck
286,51227-846-86,Metoprolol Plus,Metoprolol Succinate,Tablet,50mg,AstraZeneca
287,39866-299-87,Atorvastatin Plus,Atorvastatin Calcium,Tablet,20mg,Pfizer
288,32437-318-88,Levothyroxine Plus,Levothyroxine Sodium,Tablet,50mcg,AbbVie
289,19450-423-89,Amlodipine Plus,Amlodipine Besylate,Tablet,5mg,Novartis
290,44082-700-90,Amoxicillin Plus,Amoxicillin,Capsule,500mg,Teva
291,18785-793-91,Amlodipine Plus,Amlodipine Besylate,Tablet,5mg,Novartis
292,48614-368-92,Metoprolol Plus,Metoprolol Succinate,Tablet,50mg,AstraZeneca
293,63290-961-93,Gabapentin Plus,Gabapentin,Capsule,300mg,Sun Pharma
294,61518-748-94,Losartan Plus,Losartan Potassium,Tablet,50mg,Merck
295,43979-368-95,Azithromycin Plus,Azithromycin,Tablet,250mg,Pfizer
296,60280-261-96,Sertraline Plus,Sertraline HCl,Tablet,50mg,Pfizer
297,32109-293-97,Albuterol Plus,Albuterol Sulfate,Inhaler,90mcg,GSK
298,84162-656-98,Sertraline Plus,Sertraline HCl,Tablet,50mg,Pfizer
299,47928-998-99,Albuterol Plus,Albuterol Sulfate,Inhaler,90mcg,GSK
300,59932-296-00,Levothyroxine Plus,Levothyroxine Sodium,Tablet,50mcg,AbbVie
301,64426-835-01,Gabapentin Plus,Gabapentin,Capsule,300mg,Sun Pharma
302,68375-702-02,Metoprolol Plus,Metoprolol Succinate,Tablet,50mg,AstraZeneca
303,75732-419-03,Amoxicillin Plus,Amoxicillin,Capsule,500mg,Teva
304,59920-155-04,Amlodipine Plus,Amlodipine Besylate,Tablet,5mg,Novartis
305,74983-131-05,Lysinopril Plus,Lisinopril,Tablet,10mg,Sandoz
306,99733-974-06,Sertraline Plus,Sertraline HCl,Tablet,50mg,Pfizer
307,61137-627-07,Gabapentin Plus,Gabapentin,Capsule,300mg,Sun Pharma
308,20023-466-08,Amlodipine Plus,Amlodipine Besylate,Tablet,5mg,Novartis
309,62681-867-09,Albuterol Plus,Albuterol Sulfate,Inhaler,90mcg,GSK
310,84106-857-10,Ibuprofen Plus,Ibuprofen,Tablet,800mg,McNeil
311,88985-616-11,Gabapentin Plus,Gabapentin,Capsule,300mg,Sun Pharma
312,89499-426-12,Losartan Plus,Losartan Potassium,Tablet,50mg,Merck
313,65549-736-13,Metformin Plus,Metformin HCl,Tablet,850mg,Mylan
314,40795-697-14,Levothyroxine Plus,Levothyroxine Sodium,Tablet,50mcg,AbbVie
315,54929-532-15,Gabapentin Plus,Gabapentin,Capsule,300mg,Sun Pharma
316,66056-573-16,Levothyroxine Plus,Levothyroxine Sodium,Tablet,50mcg,AbbVie
317,97531-591-17,Gabapentin Plus,Gabapentin,Capsule,300mg,Sun Pharma
318,51131-745-18,Sertraline Plus,Sertraline HCl,Tablet,50mg,Pfizer
319,81351-272-19,Ibuprofen Plus,Ibuprofen,Tablet,800mg,McNeil
320,85683-124-20,Atorvastatin Plus,Atorvastatin Calcium,Tablet,20mg,Pfizer
321,54996-385-21,Azithromycin Plus,Azithromycin,Tablet,250mg,Pfizer
322,64747-597-22,Omeprazole Plus,Omeprazole,Capsule,20mg,AstraZeneca
323,84383-438-23,Atorvastatin Plus,Atorvastatin Calcium,Tablet,20mg,Pfizer
324,12929-462-24,Metformin Plus,Metformin HCl,Tablet,850mg,Mylan
325,36233-860-25,Amoxicillin Plus,Amoxicillin,Capsule,500mg,Teva
326,90886-357-26,Azithromycin Plus,Azithromycin,Tablet,250mg,Pfizer
327,97152-967-27,Amlodipine Plus,Amlodipine Besylate,Tablet,5mg,Novartis
328,97830-485-28,Sertraline Plus,Sertraline HCl,Tablet,50mg,Pfizer
329,12404-187-29,Omeprazole Plus,Omeprazole,Capsule,20mg,AstraZeneca
330,35427-252-30,Amoxicillin Plus,Amoxicillin,Capsule,500mg,Teva
331,63001-828-31,Albuterol Plus,Albuterol Sulfate,Inhaler,90mcg,GSK
332,42906-752-32,Azithromycin Plus,Azithromycin,Tablet,250mg,Pfizer
333,57549-624-33,Albuterol Plus,Albuterol Sulfate,Inhaler,90mcg,GSK
334,69680-528-34,Metformin Plus,Metformin HCl,Tablet,850mg,Mylan
335,71584-466-35,Hydrochlorothiazide Plus,Hydrochlorothiazide,Tablet,25mg,Lupin
336,24581-326-36,Sertraline Plus,Sertraline HCl,Tablet,50mg,Pfizer
337,10867-636-37,Losartan Plus,Losartan Potassium,Tablet,50mg,Merck
338,12172-419-38,Lysinopril Plus,Lisinopril,Tablet,10mg,Sandoz
339,92865-930-39,Azithromycin Plus,Azithromycin,Tablet,250mg,Pfizer
340,88687-442-40,Levothyroxine Plus,Levothyroxine Sodium,Tablet,50mcg,AbbVie
341,38104-334-41,Gabapentin Plus,Gabapentin,Capsule,300mg,Sun Pharma
342,28952-392-42,Metoprolol Plus,Metoprolol Succinate,Tablet,50mg,AstraZeneca
343,71938-486-43,Levothyroxine Plus,Levothyroxine Sodium,Tablet,50mcg,AbbVie
344,43503-423-44,Lysinopril Plus,Lisinopril,Tablet,10mg,Sandoz
345,23143-844-45,Sertraline Plus,Sertraline HCl,Tablet,50mg,Pfizer
346,91443-156-46,Losartan Plus,Losartan Potassium,Tablet,50mg,Merck
347,90966-141-47,Amlodipine Plus,Amlodipine Besylate,Tablet,5mg,Novartis
348,70885-563-48,Sertraline Plus,Sertraline HCl,Tablet,50mg,Pfizer
349,47999-625-49,Levothyroxine Plus,Levothyroxine Sodium,Tablet,50mcg,AbbVie
350,47182-822-50,Atorvastatin Plus,Atorvastatin Calcium,Tablet,20mg,Pfizer
351,76160-993-51,Metformin Plus,Metformin HCl,Tablet,850mg,Mylan
352,14489-479-52,Amoxicillin Plus,Amoxicillin,Capsule,500mg,Teva
353,77443-360-53,Albuterol Plus,Albuterol Sulfate,Inhaler,90mcg,GSK
354,35158-522-54,Losartan Plus,Losartan Potassium,Tablet,50mg,Merck
355,15608-559-55,Metoprolol Plus,Metoprolol Succinate,Tablet,50mg,AstraZeneca
356,86674-349-56,Metformin Plus,Metformin HCl,Tablet,850mg,Mylan
357,54584-513-57,Metformin Plus,Metformin HCl,Tablet,850mg,Mylan
358,37098-948-58,Losartan Plus,Losartan Potassium,Tablet,50mg,Merck
359,30671-258-59,Levothyroxine Plus,Levothyroxine Sodium,Tablet,50mcg,AbbVie
360,53860-910-60,Azithromycin Plus,Azithromycin,Tablet,250mg,Pfizer
361,75062-276-61,Azithromycin Plus,Azithromycin,Tablet,250mg,Pfizer
362,15892-370-62,Omeprazole Plus,Omeprazole,Capsule,20mg,AstraZeneca
363,31928-137-63,Amlodipine Plus,Amlodipine Besylate,Tablet,5mg,Novartis
364,37719-541-64,Lysinopril Plus,Lisinopril,Tablet,10mg,Sandoz
365,71876-767-65,Metformin Plus,Metformin HCl,Tablet,850mg,Mylan
366,79603-581-66,Azithromycin Plus,Azithromycin,Tablet,250mg,Pfizer
367,54164-230-67,Omeprazole Plus,Omeprazole,Capsule,20mg,AstraZeneca
368,90178-249-68,Atorvastatin Plus,Atorvastatin Calcium,Tablet,20mg,Pfizer
369,83721-356-69,Atorvastatin Plus,Atorvastatin Calcium,Tablet,20mg,Pfizer
370,47221-179-70,Gabapentin Plus,Gabapentin,Capsule,300mg,Sun Pharma
371,74660-532-71,Levothyroxine Plus,Levothyroxine Sodium,Tablet,50mcg,AbbVie
372,66571-750-72,Amlodipine Plus,Amlodipine Besylate,Tablet,5mg,Novartis
373,59580-535-73,Sertraline Plus,Sertraline HCl,Tablet,50mg,Pfizer
374,10356-190-74,Metformin Plus,Metformin HCl,Tablet,850mg,Mylan
375,20713-977-75,Metoprolol Plus,Metoprolol Succinate,Tablet,50mg,AstraZeneca
376,38665-541-76,Azithromycin Plus,Azithromycin,Tablet,250mg,Pfizer
377,68395-971-77,Omeprazole Plus,Omeprazole,Capsule,20mg,AstraZeneca
378,13002-455-78,Amlodipine Plus,Amlodipine Besylate,Tablet,5mg,Novartis
379,90207-216-79,Metformin Plus,Metformin HCl,Tablet,850mg,Mylan
380,27354-105-80,Metoprolol Plus,Metoprolol Succinate,Tablet,50mg,AstraZeneca
381,16661-475-81,Metformin Plus,Metformin HCl,Tablet,850mg,Mylan
382,72768-436-82,Ibuprofen Plus,Ibuprofen,Tablet,800mg,McNeil
383,84891-821-83,Amoxicillin Plus,Amoxicillin,Capsule,500mg,Teva
384,19142-274-84,Gabapentin Plus,Gabapentin,Capsule,300mg,Sun Pharma
385,26548-255-85,Amoxicillin Plus,Amoxicillin,Capsule,500mg,Teva
386,77296-495-86,Omeprazole Plus,Omeprazole,Capsule,20mg,AstraZeneca
387,86537-469-87,Metoprolol Plus,Metoprolol Succinate,Tablet,50mg,AstraZeneca
388,19479-880-88,Omeprazole Plus,Omeprazole,Capsule,20mg,AstraZeneca
389,46658-724-89,Hydrochlorothiazide Plus,Hydrochlorothiazide,Tablet,25mg,Lupin
390,81773-942-90,Omeprazole Plus,Omeprazole,Capsule,20mg,AstraZeneca
391,13167-385-91,Metoprolol Plus,Metoprolol Succinate,Tablet,50mg,AstraZeneca
392,58607-964-92,Amoxicillin Plus,Amoxicillin,Capsule,500mg,Teva
393,28506-830-93,Amoxicillin Plus,Amoxicillin,Capsule,500mg,Teva
394,79032-465-94,Losartan Plus,Losartan Potassium,Tablet,50mg,Merck
395,76068-236-95,Amlodipine Plus,Amlodipine Besylate,Tablet,5mg,Novartis
396,88040-397-96,Hydrochlorothiazide Plus,Hydrochlorothiazide,Tablet,25mg,Lupin
397,98934-148-97,Atorvastatin Plus,Atorvastatin Calcium,Tablet,20mg,Pfizer
398,21480-476-98,Metoprolol Plus,Metoprolol Succinate,Tablet,50mg,AstraZeneca
399,16936-416-99,Azithromycin Plus,Azithromycin,Tablet,250mg,Pfizer
400,52155-135-00,Sertraline Plus,Sertraline HCl,Tablet,50mg,Pfizer
401,64099-919-01,Amlodipine Plus,Amlodipine Besylate,Tablet,5mg,Novartis
402,47253-893-02,Amoxicillin Plus,Amoxicillin,Capsule,500mg,Teva
403,52017-524-03,Azithromycin Plus,Azithromycin,Tablet,250mg,Pfizer
404,41164-849-04,Atorvastatin Plus,Atorvastatin Calcium,Tablet,20mg,Pfizer
405,23708-875-05,Losartan Plus,Losartan Potassium,Tablet,50mg,Merck
406,14964-354-06,Gabapentin Plus,Gabapentin,Capsule,300mg,Sun Pharma
407,66788-489-07,Azithromycin Plus,Azithromycin,Tablet,250mg,Pfizer
408,69272-209-08,Amoxicillin Plus,Amoxicillin,Capsule,500mg,Teva
409,32662-889-09,Amoxicillin Plus,Amoxicillin,Capsule,500mg,Teva
410,90280-113-10,Lysinopril Plus,Lisinopril,Tablet,10mg,Sandoz
411,68592-789-11,Azithromycin Plus,Azithromycin,Tablet,250mg,Pfizer
412,19726-268-12,Sertraline Plus,Sertraline HCl,Tablet,50mg,Pfizer
413,53099-876-13,Atorvastatin Plus,Atorvastatin Calcium,Tablet,20mg,Pfizer
414,10784-656-14,Azithromycin Plus,Azithromycin,Tablet,250mg,Pfizer
415,34374-865-15,Sertraline Plus,Sertraline HCl,Tablet,50mg,Pfizer
416,97420-602-16,Amlodipine Plus,Amlodipine Besylate,Tablet,5mg,Novartis
417,83386-507-17,Albuterol Plus,Albuterol Sulfate,Inhaler,90mcg,GSK
418,16762-917-18,Metformin Plus,Metformin HCl,Tablet,850mg,Mylan
419,62242-799-19,Metformin Plus,Metformin HCl,Tablet,850mg,Mylan
420,37019-426-20,Albuterol Plus,Albuterol Sulfate,Inhaler,90mcg,GSK
421,11059-523-21,Metoprolol Plus,Metoprolol Succinate,Tablet,50mg,AstraZeneca
422,88638-229-22,Metformin Plus,Metformin HCl,Tablet,850mg,Mylan
423,19701-654-23,Albuterol Plus,Albuterol Sulfate,Inhaler,90mcg,GSK
424,54359-178-24,Metformin Plus,Metformin HCl,Tablet,850mg,Mylan
425,14145-601-25,Azithromycin Plus,Azithromycin,Tablet,250mg,Pfizer
426,41911-983-26,Amoxicillin Plus,Amoxicillin,Capsule,500mg,Teva
427,30397-436-27,Ibuprofen Plus,Ibuprofen,Tablet,800mg,McNeil
428,69608-751-28,Lysinopril Plus,Lisinopril,Tablet,10mg,Sandoz
429,35530-533-29,Metformin Plus,Metformin HCl,Tablet,850mg,Mylan
430,54233-344-30,Amlodipine Plus,Amlodipine Besylate,Tablet,5mg,Novartis
431,93931-648-31,Losartan Plus,Losartan Potassium,Tablet,50mg,Merck
432,73631-669-32,Atorvastatin Plus,Atorvastatin Calcium,Tablet,20mg,Pfizer
433,68081-846-33,Amlodipine Plus,Amlodipine Besylate,Tablet,5mg,Novartis
434,71975-836-34,Metformin Plus,Metformin HCl,Tablet,850mg,Mylan
435,97403-205-35,Amlodipine Plus,Amlodipine Besylate,Tablet,5mg,Novartis
436,17937-453-36,Metformin Plus,Metformin HCl,Tablet,850mg,Mylan
437,55231-284-37,Ibuprofen Plus,Ibuprofen,Tablet,800mg,McNeil
438,45646-549-38,Amoxicillin Plus,Amoxicillin,Capsule,500mg,Teva
439,65884-944-39,Albuterol Plus,Albuterol Sulfate,Inhaler,90mcg,GSK
440,36248-678-40,Amoxicillin Plus,Amoxicillin,Capsule,500mg,Teva
441,93725-751-41,Losartan Plus,Losartan Potassium,Tablet,50mg,Merck
442,47213-789-42,Metoprolol Plus,Metoprolol Succinate,Tablet,50mg,AstraZeneca
443,70796-316-43,Losartan Plus,Losartan Potassium,Tablet,50mg,Merck
444,85936-756-44,Losartan Plus,Losartan Potassium,Tablet,50mg,Merck
445,19831-430-45,Sertraline Plus,Sertraline HCl,Tablet,50mg,Pfizer
446,60220-318-46,Amlodipine Plus,Amlodipine Besylate,Tablet,5mg,Novartis
447,21939-920-47,Levothyroxine Plus,Levothyroxine Sodium,Tablet,50mcg,AbbVie
448,53542-231-48,Sertraline Plus,Sertraline HCl,Tablet,50mg,Pfizer
449,24727-434-49,Omeprazole Plus,Omeprazole,Capsule,20mg,AstraZeneca
450,33395-777-50,Ibuprofen Plus,Ibuprofen,Tablet,800mg,McNeil
451,55403-648-51,Losartan Plus,Losartan Potassium,Tablet,50mg,Merck
452,81708-572-52,Albuterol Plus,Albuterol Sulfate,Inhaler,90mcg,GSK
453,42923-469-53,Albuterol Plus,Albuterol Sulfate,Inhaler,90mcg,GSK
454,74054-231-54,Lysinopril Plus,Lisinopril,Tablet,10mg,Sandoz
455,35205-781-55,Ibuprofen Plus,Ibuprofen,Tablet,800mg,McNeil
456,72896-221-56,Losartan Plus,Losartan Potassium,Tablet,50mg,Merck
457,52197-859-57,Ibuprofen Plus,Ibuprofen,Tablet,800mg,McNeil
458,87229-708-58,Losartan Plus,Losartan Potassium,Tablet,50mg,Merck
459,85512-349-59,Metoprolol Plus,Metoprolol Succinate,Tablet,50mg,AstraZeneca
460,26474-372-60,Metformin Plus,Metformin HCl,Tablet,850mg,Mylan
461,81760-175-61,Hydrochlorothiazide Plus,Hydrochlorothiazide,Tablet,25mg,Lupin
462,74862-692-62,Metformin Plus,Metformin HCl,Tablet,850mg,Mylan
463,73056-704-63,Gabapentin Plus,Gabapentin,Capsule,300mg,Sun Pharma
464,55687-528-64,Hydrochlorothiazide Plus,Hydrochlorothiazide,Tablet,25mg,Lupin
465,33161-122-65,Omeprazole Plus,Omeprazole,Capsule,20mg,AstraZeneca
466,76463-745-66,Levothyroxine Plus,Levothyroxine Sodium,Tablet,50mcg,AbbVie
467,71276-816-67,Azithromycin Plus,Azithromycin,Tablet,250mg,Pfizer
468,84956-216-68,Amlodipine Plus,Amlodipine Besylate,Tablet,5mg,Novartis
469,85020-984-69,Metformin Plus,Metformin HCl,Tablet,850mg,Mylan
470,39946-590-70,Albuterol Plus,Albuterol Sulfate,Inhaler,90mcg,GSK
471,56384-874-71,Azithromycin Plus,Azithromycin,Tablet,250mg,Pfizer
472,50793-650-72,Sertraline Plus,Sertraline HCl,Tablet,50mg,Pfizer
473,80861-873-73,Losartan Plus,Losartan Potassium,Tablet,50mg,Merck
474,54282-859-74,Ibuprofen Plus,Ibuprofen,Tablet,800mg,McNeil
475,27643-536-75,Atorvastatin Plus,Atorvastatin Calcium,Tablet,20mg,Pfizer
476,59312-393-76,Albuterol Plus,Albuterol Sulfate,Inhaler,90mcg,GSK
477,95180-950-77,Amoxicillin Plus,Amoxicillin,Capsule,500mg,Teva
478,97729-946-78,Ibuprofen Plus,Ibuprofen,Tablet,800mg,McNeil
479,19410-971-79,Losartan Plus,Losartan Potassium,Tablet,50mg,Merck
480,39531-578-80,Metoprolol Plus,Metoprolol Succinate,Tablet,50mg,AstraZeneca
481,22323-864-81,Lysinopril Plus,Lisinopril,Tablet,10mg,Sandoz
482,76408-976-82,Atorvastatin Plus,Atorvastatin Calcium,Tablet,20mg,Pfizer
483,24496-813-83,Omeprazole Plus,Omeprazole,Capsule,20mg,AstraZeneca
484,42668-608-84,Omeprazole Plus,Omeprazole,Capsule,20mg,AstraZeneca
485,44805-962-85,Ibuprofen Plus,Ibuprofen,Tablet,800mg,McNeil
486,69066-821-86,Atorvastatin Plus,Atorvastatin Calcium,Tablet,20mg,Pfizer
487,60574-628-87,Metformin Plus,Metformin HCl,Tablet,850mg,Mylan
488,72849-949-88,Albuterol Plus,Albuterol Sulfate,Inhaler,90mcg,GSK
489,85100-613-89,Lysinopril Plus,Lisinopril,Tablet,10mg,Sandoz
490,73100-149-90,Albuterol Plus,Albuterol Sulfate,Inhaler,90mcg,GSK
491,27892-609-91,Azithromycin Plus,Azithromycin,Tablet,250mg,Pfizer
492,63870-549-92,Gabapentin Plus,Gabapentin,Capsule,300mg,Sun Pharma
493,72976-104-93,Metformin Plus,Metformin HCl,Tablet,850mg,Mylan
494,92135-297-94,Albuterol Plus,Albuterol Sulfate,Inhaler,90mcg,GSK
495,52996-918-95,Lysinopril Plus,Lisinopril,Tablet,10mg,Sandoz
496,39769-756-96,Gabapentin Plus,Gabapentin,Capsule,300mg,Sun Pharma
497,33163-709-97,Albuterol Plus,Albuterol Sulfate,Inhaler,90mcg,GSK
498,28321-371-98,Ibuprofen Plus,Ibuprofen,Tablet,800mg,McNeil
499,82155-339-99,Ibuprofen Plus,Ibuprofen,Tablet,800mg,McNeil
500,14166-852-00,Gabapentin Plus,Gabapentin,Capsule,300mg,Sun Pharma
501,32820-409-01,Azithromycin Plus,Azithromycin,Tablet,250mg,Pfizer
502,41211-744-02,Sertraline Plus,Sertraline HCl,Tablet,50mg,Pfizer
503,65172-263-03,Omeprazole Plus,Omeprazole,Capsule,20mg,AstraZeneca
504,23725-166-04,Ibuprofen Plus,Ibuprofen,Tablet,800mg,McNeil
505,38674-517-05,Lysinopril Plus,Lisinopril,Tablet,10mg,Sandoz
506,73913-901-06,Amoxicillin Plus,Amoxicillin,Capsule,500mg,Teva
507,72226-238-07,Albuterol Plus,Albuterol Sulfate,Inhaler,90mcg,GSK
508,78233-912-08,Metformin Plus,Metformin HCl,Tablet,850mg,Mylan
509,22218-923-09,Amlodipine Plus,Amlodipine Besylate,Tablet,5mg,Novartis
510,24075-337-10,Hydrochlorothiazide Plus,Hydrochlorothiazide,Tablet,25mg,Lupin
511,31788-662-11,Gabapentin Plus,Gabapentin,Capsule,300mg,Sun Pharma
512,80813-530-12,Lysinopril Plus,Lisinopril,Tablet,10mg,Sandoz
513,20665-375-13,Albuterol Plus,Albuterol Sulfate,Inhaler,90mcg,GSK
514,85997-841-14,Albuterol Plus,Albuterol Sulfate,Inhaler,90mcg,GSK
515,94728-464-15,Hydrochlorothiazide Plus,Hydrochlorothiazide,Tablet,25mg,Lupin
516,53017-501-16,Losartan Plus,Losartan Potassium,Tablet,50mg,Merck
517,26555-198-17,Levothyroxine Plus,Levothyroxine Sodium,Tablet,50mcg,AbbVie
518,97293-561-18,Levothyroxine Plus,Levothyroxine Sodium,Tablet,50mcg,AbbVie
519,35162-328-19,Ibuprofen Plus,Ibuprofen,Tablet,800mg,McNeil
520,34733-793-20,Levothyroxine Plus,Levothyroxine Sodium,Tablet,50mcg,AbbVie
521,98973-440-21,Levothyroxine Plus,Levothyroxine Sodium,Tablet,50mcg,AbbVie
522,78202-751-22,Metoprolol Plus,Metoprolol Succinate,Tablet,50mg,AstraZeneca
523,14446-259-23,Hydrochlorothiazide Plus,Hydrochlorothiazide,Tablet,25mg,Lupin
524,43361-674-24,Gabapentin Plus,Gabapentin,Capsule,300mg,Sun Pharma
525,53727-448-25,Albuterol Plus,Albuterol Sulfate,Inhaler,90mcg,GSK
526,44013-882-26,Lysinopril Plus,Lisinopril,Tablet,10mg,Sandoz
527,95885-173-27,Metoprolol Plus,Metoprolol Succinate,Tablet,50mg,AstraZeneca
528,95707-220-28,Amoxicillin Plus,Amoxicillin,Capsule,500mg,Teva
529,18475-812-29,Metoprolol Plus,Metoprolol Succinate,Tablet,50mg,AstraZeneca
530,70311-691-30,Amlodipine Plus,Amlodipine Besylate,Tablet,5mg,Novartis
531,55272-430-31,Atorvastatin Plus,Atorvastatin Calcium,Tablet,20mg,Pfizer
532,84119-684-32,Gabapentin Plus,Gabapentin,Capsule,300mg,Sun Pharma
533,79559-272-33,Sertraline Plus,Sertraline HCl,Tablet,50mg,Pfizer
534,64544-195-34,Metformin Plus,Metformin HCl,Tablet,850mg,Mylan
535,31804-819-35,Sertraline Plus,Sertraline HCl,Tablet,50mg,Pfizer
536,24155-925-36,Amlodipine Plus,Amlodipine Besylate,Tablet,5mg,Novartis
537,92502-828-37,Omeprazole Plus,Omeprazole,Capsule,20mg,AstraZeneca
538,74805-229-38,Metformin Plus,Metformin HCl,Tablet,850mg,Mylan
539,63724-673-39,Metformin Plus,Metformin HCl,Tablet,850mg,Mylan
540,83012-820-40,Gabapentin Plus,Gabapentin,Capsule,300mg,Sun Pharma
541,96499-928-41,Gabapentin Plus,Gabapentin,Capsule,300mg,Sun Pharma
542,63099-578-42,Losartan Plus,Losartan Potassium,Tablet,50mg,Merck
543,85089-626-43,Metformin Plus,Metformin HCl,Tablet,850mg,Mylan
544,56285-359-44,Atorvastatin Plus,Atorvastatin Calcium,Tablet,20mg,Pfizer
545,72734-595-45,Hydrochlorothiazide Plus,Hydrochlorothiazide,Tablet,25mg,Lupin
546,39528-222-46,Metoprolol Plus,Metoprolol Succinate,Tablet,50mg,AstraZeneca
547,73796-843-47,Omeprazole Plus,Omeprazole,Capsule,20mg,AstraZeneca
548,38497-950-48,Gabapentin Plus,Gabapentin,Capsule,300mg,Sun Pharma
549,98165-864-49,Albuterol Plus,Albuterol Sulfate,Inhaler,90mcg,GSK
550,97750-829-50,Sertraline Plus,Sertraline HCl,Tablet,50mg,Pfizer
551,41599-851-51,Albuterol Plus,Albuterol Sulfate,Inhaler,90mcg,GSK
552,20367-590-52,Losartan Plus,Losartan Potassium,Tablet,50mg,Merck
553,50339-906-53,Atorvastatin Plus,Atorvastatin Calcium,Tablet,20mg,Pfizer
554,33928-622-54,Losartan Plus,Losartan Potassium,Tablet,50mg,Merck
555,93870-340-55,Metoprolol Plus,Metoprolol Succinate,Tablet,50mg,AstraZeneca
556,13246-705-56,Sertraline Plus,Sertraline HCl,Tablet,50mg,Pfizer
557,65593-131-57,Albuterol Plus,Albuterol Sulfate,Inhaler,90mcg,GSK
558,67694-198-58,Sertraline Plus,Sertraline HCl,Tablet,50mg,Pfizer
559,50624-951-59,Albuterol Plus,Albuterol Sulfate,Inhaler,90mcg,GSK
560,53432-965-60,Levothyroxine Plus,Levothyroxine Sodium,Tablet,50mcg,AbbVie
561,77457-400-61,Levothyroxine Plus,Levothyroxine Sodium,Tablet,50mcg,AbbVie
562,98250-633-62,Metformin Plus,Metformin HCl,Tablet,850mg,Mylan
563,56345-192-63,Hydrochlorothiazide Plus,Hydrochlorothiazide,Tablet,25mg,Lupin
564,96703-598-64,Metoprolol Plus,Metoprolol Succinate,Tablet,50mg,AstraZeneca
565,58275-792-65,Ibuprofen Plus,Ibuprofen,Tablet,800mg,McNeil
566,75553-163-66,Losartan Plus,Losartan Potassium,Tablet,50mg,Merck
567,56124-140-67,Amoxicillin Plus,Amoxicillin,Capsule,500mg,Teva
568,11502-817-68,Lysinopril Plus,Lisinopril,Tablet,10mg,Sandoz
569,65490-382-69,Omeprazole Plus,Omeprazole,Capsule,20mg,AstraZeneca
570,35814-392-70,Metoprolol Plus,Metoprolol Succinate,Tablet,50mg,AstraZeneca
571,25541-810-71,Losartan Plus,Losartan Potassium,Tablet,50mg,Merck
572,66244-909-72,Amoxicillin Plus,Amoxicillin,Capsule,500mg,Teva
573,29345-852-73,Losartan Plus,Losartan Potassium,Tablet,50mg,Merck
574,87947-258-74,Gabapentin Plus,Gabapentin,Capsule,300mg,Sun Pharma
575,75067-811-75,Amoxicillin Plus,Amoxicillin,Capsule,500mg,Teva
576,67068-726-76,Gabapentin Plus,Gabapentin,Capsule,300mg,Sun Pharma
577,28464-895-77,Azithromycin Plus,Azithromycin,Tablet,250mg,Pfizer
578,15796-989-78,Atorvastatin Plus,Atorvastatin Calcium,Tablet,20mg,Pfizer
579,84178-226-79,Azithromycin Plus,Azithromycin,Tablet,250mg,Pfizer
580,52221-693-80,Metoprolol Plus,Metoprolol Succinate,Tablet,50mg,AstraZeneca
581,64619-212-81,Amlodipine Plus,Amlodipine Besylate,Tablet,5mg,Novartis
582,36712-413-82,Amlodipine Plus,Amlodipine Besylate,Tablet,5mg,Novartis
583,81734-419-83,Losartan Plus,Losartan Potassium,Tablet,50mg,Merck
584,68756-180-84,Omeprazole Plus,Omeprazole,Capsule,20mg,AstraZeneca
585,12364-521-85,Atorvastatin Plus,Atorvastatin Calcium,Tablet,20mg,Pfizer
586,86806-461-86,Albuterol Plus,Albuterol Sulfate,Inhaler,90mcg,GSK
587,90529-535-87,Amoxicillin Plus,Amoxicillin,Capsule,500mg,Teva
588,43411-613-88,Amoxicillin Plus,Amoxicillin,Capsule,500mg,Teva
589,70051-582-89,Sertraline Plus,Sertraline HCl,Tablet,50mg,Pfizer
590,45243-372-90,Metformin Plus,Metformin HCl,Tablet,850mg,Mylan
591,37813-288-91,Atorvastatin Plus,Atorvastatin Calcium,Tablet,20mg,Pfizer
592,64358-644-92,Metformin Plus,Metformin HCl,Tablet,850mg,Mylan
593,98859-466-93,Amlodipine Plus,Amlodipine Besylate,Tablet,5mg,Novartis
594,19692-814-94,Ibuprofen Plus,Ibuprofen,Tablet,800mg,McNeil
595,82646-396-95,Atorvastatin Plus,Atorvastatin Calcium,Tablet,20mg,Pfizer
596,87285-224-96,Amoxicillin Plus,Amoxicillin,Capsule,500mg,Teva
597,65801-568-97,Amlodipine Plus,Amlodipine Besylate,Tablet,5mg,Novartis
598,11102-751-98,Amoxicillin Plus,Amoxicillin,Capsule,500mg,Teva
599,38142-652-99,Amoxicillin Plus,Amoxicillin,Capsule,500mg,Teva
600,12933-869-00,Amoxicillin Plus,Amoxicillin,Capsule,500mg,Teva
601,77140-935-01,Atorvastatin Plus,Atorvastatin Calcium,Tablet,20mg,Pfizer
602,36385-478-02,Sertraline Plus,Sertraline HCl,Tablet,50mg,Pfizer
603,11024-322-03,Ibuprofen Plus,Ibuprofen,Tablet,800mg,McNeil
604,11479-262-04,Omeprazole Plus,Omeprazole,Capsule,20mg,AstraZeneca
605,16341-426-05,Lysinopril Plus,Lisinopril,Tablet,10mg,Sandoz
606,75828-436-06,Lysinopril Plus,Lisinopril,Tablet,10mg,Sandoz
607,43450-346-07,Amlodipine Plus,Amlodipine Besylate,Tablet,5mg,Novartis
608,31544-566-08,Ibuprofen Plus,Ibuprofen,Tablet,800mg,McNeil
609,96244-990-09,Amlodipine Plus,Amlodipine Besylate,Tablet,5mg,Novartis
610,42986-901-10,Gabapentin Plus,Gabapentin,Capsule,300mg,Sun Pharma
611,82298-129-11,Azithromycin Plus,Azithromycin,Tablet,250mg,Pfizer
612,81837-441-12,Albuterol Plus,Albuterol Sulfate,Inhaler,90mcg,GSK
613,97770-769-13,Gabapentin Plus,Gabapentin,Capsule,300mg,Sun Pharma
614,27116-118-14,Metformin Plus,Metformin HCl,Tablet,850mg,Mylan
615,26699-367-15,Lysinopril Plus,Lisinopril,Tablet,10mg,Sandoz
616,92269-219-16,Gabapentin Plus,Gabapentin,Capsule,300mg,Sun Pharma
617,43331-693-17,Hydrochlorothiazide Plus,Hydrochlorothiazide,Tablet,25mg,Lupin
618,44476-876-18,Levothyroxine Plus,Levothyroxine Sodium,Tablet,50mcg,AbbVie
619,45797-717-19,Amlodipine Plus,Amlodipine Besylate,Tablet,5mg,Novartis
620,55385-864-20,Hydrochlorothiazide Plus,Hydrochlorothiazide,Tablet,25mg,Lupin
621,65365-950-21,Levothyroxine Plus,Levothyroxine Sodium,Tablet,50mcg,AbbVie
622,13404-714-22,Amlodipine Plus,Amlodipine Besylate,Tablet,5mg,Novartis
623,31398-471-23,Amoxicillin Plus,Amoxicillin,Capsule,500mg,Teva
624,11199-956-24,Metoprolol Plus,Metoprolol Succinate,Tablet,50mg,AstraZeneca
625,64840-406-25,Losartan Plus,Losartan Potassium,Tablet,50mg,Merck
626,62644-839-26,Sertraline Plus,Sertraline HCl,Tablet,50mg,Pfizer
627,91517-935-27,Amoxicillin Plus,Amoxicillin,Capsule,500mg,Teva
628,31448-230-28,Amlodipine Plus,Amlodipine Besylate,Tablet,5mg,Novartis
629,64121-688-29,Amoxicillin Plus,Amoxicillin,Capsule,500mg,Teva
630,82656-365-30,Ibuprofen Plus,Ibuprofen,Tablet,800mg,McNeil
631,19970-922-31,Ibuprofen Plus,Ibuprofen,Tablet,800mg,McNeil
632,95374-159-32,Amlodipine Plus,Amlodipine Besylate,Tablet,5mg,Novartis
633,13832-715-33,Sertraline Plus,Sertraline HCl,Tablet,50mg,Pfizer
634,54889-691-34,Albuterol Plus,Albuterol Sulfate,Inhaler,90mcg,GSK
635,56457-626-35,Sertraline Plus,Sertraline HCl,Tablet,50mg,Pfizer
636,59520-789-36,Azithromycin Plus,Azithromycin,Tablet,250mg,Pfizer
637,53993-317-37,Atorvastatin Plus,Atorvastatin Calcium,Tablet,20mg,Pfizer
638,68536-709-38,Losartan Plus,Losartan Potassium,Tablet,50mg,Merck
639,18941-212-39,Losartan Plus,Losartan Potassium,Tablet,50mg,Merck
640,73645-782-40,Atorvastatin Plus,Atorvastatin Calcium,Tablet,20mg,Pfizer
641,16679-847-41,Ibuprofen Plus,Ibuprofen,Tablet,800mg,McNeil
642,66723-473-42,Gabapentin Plus,Gabapentin,Capsule,300mg,Sun Pharma
643,22348-970-43,Amoxicillin Plus,Amoxicillin,Capsule,500mg,Teva
644,69211-373-44,Amlodipine Plus,Amlodipine Besylate,Tablet,5mg,Novartis
645,55906-798-45,Amoxicillin Plus,Amoxicillin,Capsule,500mg,Teva
646,14447-791-46,Gabapentin Plus,Gabapentin,Capsule,300mg,Sun Pharma
647,16877-482-47,Losartan Plus,Losartan Potassium,Tablet,50mg,Merck
648,83217-277-48,Atorvastatin Plus,Atorvastatin Calcium,Tablet,20mg,Pfizer
649,19993-882-49,Lysinopril Plus,Lisinopril,Tablet,10mg,Sandoz
650,28673-148-50,Metformin Plus,Metformin HCl,Tablet,850mg,Mylan
651,84164-141-51,Ibuprofen Plus,Ibuprofen,Tablet,800mg,McNeil
652,87925-702-52,Ibuprofen Plus,Ibuprofen,Tablet,800mg,McNeil
653,39527-478-53,Metoprolol Plus,Metoprolol Succinate,Tablet,50mg,AstraZeneca
654,46473-258-54,Hydrochlorothiazide Plus,Hydrochlorothiazide,Tablet,25mg,Lupin
655,68268-691-55,Hydrochlorothiazide Plus,Hydrochlorothiazide,Tablet,25mg,Lupin
656,70482-664-56,Sertraline Plus,Sertraline HCl,Tablet,50mg,Pfizer
657,75989-519-57,Losartan Plus,Losartan Potassium,Tablet,50mg,Merck
658,62685-707-58,Losartan Plus,Losartan Potassium,Tablet,50mg,Merck
659,40909-953-59,Omeprazole Plus,Omeprazole,Capsule,20mg,AstraZeneca
660,51007-154-60,Sertraline Plus,Sertraline HCl,Tablet,50mg,Pfizer
661,46737-744-61,Sertraline Plus,Sertraline HCl,Tablet,50mg,Pfizer
662,45486-640-62,Albuterol Plus,Albuterol Sulfate,Inhaler,90mcg,GSK
663,93603-341-63,Gabapentin Plus,Gabapentin,Capsule,300mg,Sun Pharma
664,64758-589-64,Ibuprofen Plus,Ibuprofen,Tablet,800mg,McNeil
665,36705-260-65,Metformin Plus,Metformin HCl,Tablet,850mg,Mylan
666,76404-561-66,Metformin Plus,Metformin HCl,Tablet,850mg,Mylan
667,32574-891-67,Albuterol Plus,Albuterol Sulfate,Inhaler,90mcg,GSK
668,82924-428-68,Albuterol Plus,Albuterol Sulfate,Inhaler,90mcg,GSK
669,21241-542-69,Amoxicillin Plus,Amoxicillin,Capsule,500mg,Teva
670,12219-403-70,Metformin Plus,Metformin HCl,Tablet,850mg,Mylan
671,88350-736-71,Albuterol Plus,Albuterol Sulfate,Inhaler,90mcg,GSK
672,72391-644-72,Sertraline Plus,Sertraline HCl,Tablet,50mg,Pfizer
673,17115-314-73,Metoprolol Plus,Metoprolol Succinate,Tablet,50mg,AstraZeneca
674,63555-392-74,Albuterol Plus,Albuterol Sulfate,Inhaler,90mcg,GSK
675,31348-523-75,Atorvastatin Plus,Atorvastatin Calcium,Tablet,20mg,Pfizer
676,69923-575-76,Albuterol Plus,Albuterol Sulfate,Inhaler,90mcg,GSK
677,39306-796-77,Atorvastatin Plus,Atorvastatin Calcium,Tablet,20mg,Pfizer
678,65941-930-78,Levothyroxine Plus,Levothyroxine Sodium,Tablet,50mcg,AbbVie
679,73306-432-79,Amoxicillin Plus,Amoxicillin,Capsule,500mg,Teva
680,57602-908-80,Losartan Plus,Losartan Potassium,Tablet,50mg,Merck
681,41473-936-81,Losartan Plus,Losartan Potassium,Tablet,50mg,Merck
682,59023-973-82,Albuterol Plus,Albuterol Sulfate,Inhaler,90mcg,GSK
683,27844-455-83,Metoprolol Plus,Metoprolol Succinate,Tablet,50mg,AstraZeneca
684,59098-971-84,Amoxicillin Plus,Amoxicillin,Capsule,500mg,Teva
685,55793-130-85,Sertraline Plus,Sertraline HCl,Tablet,50mg,Pfizer
686,95442-824-86,Atorvastatin Plus,Atorvastatin Calcium,Tablet,20mg,Pfizer
687,46939-190-87,Ibuprofen Plus,Ibuprofen,Tablet,800mg,McNeil
688,18513-108-88,Metoprolol Plus,Metoprolol Succinate,Tablet,50mg,AstraZeneca
689,22367-794-89,Amoxicillin Plus,Amoxicillin,Capsule,500mg,Teva
690,18515-284-90,Hydrochlorothiazide Plus,Hydrochlorothiazide,Tablet,25mg,Lupin
691,27654-910-91,Ibuprofen Plus,Ibuprofen,Tablet,800mg,McNeil
692,23986-555-92,Gabapentin Plus,Gabapentin,Capsule,300mg,Sun Pharma
693,78586-119-93,Albuterol Plus,Albuterol Sulfate,Inhaler,90mcg,GSK
694,72149-397-94,Amlodipine Plus,Amlodipine Besylate,Tablet,5mg,Novartis
695,28442-823-95,Azithromycin Plus,Azithromycin,Tablet,250mg,Pfizer
696,33273-412-96,Gabapentin Plus,Gabapentin,Capsule,300mg,Sun Pharma
697,54496-708-97,Losartan Plus,Losartan Potassium,Tablet,50mg,Merck
698,85479-565-98,Metformin Plus,Metformin HCl,Tablet,850mg,Mylan
699,58285-643-99,Levothyroxine Plus,Levothyroxine Sodium,Tablet,50mcg,AbbVie
700,97870-370-00,Lysinopril Plus,Lisinopril,Tablet,10mg,Sandoz
701,55268-822-01,Albuterol Plus,Albuterol Sulfate,Inhaler,90mcg,GSK
702,64722-984-02,Gabapentin Plus,Gabapentin,Capsule,300mg,Sun Pharma
703,24047-644-03,Metformin Plus,Metformin HCl,Tablet,850mg,Mylan
704,23660-733-04,Amoxicillin Plus,Amoxicillin,Capsule,500mg,Teva
705,85803-210-05,Metoprolol Plus,Metoprolol Succinate,Tablet,50mg,AstraZeneca
706,23037-781-06,Metformin Plus,Metformin HCl,Tablet,850mg,Mylan
707,99914-822-07,Metoprolol Plus,Metoprolol Succinate,Tablet,50mg,AstraZeneca
708,48340-654-08,Amlodipine Plus,Amlodipine Besylate,Tablet,5mg,Novartis
709,57241-287-09,Levothyroxine Plus,Levothyroxine Sodium,Tablet,50mcg,AbbVie
710,40530-500-10,Ibuprofen Plus,Ibuprofen,Tablet,800mg,McNeil
711,52352-534-11,Omeprazole Plus,Omeprazole,Capsule,20mg,AstraZeneca
712,38141-327-12,Metformin Plus,Metformin HCl,Tablet,850mg,Mylan
713,88090-822-13,Azithromycin Plus,Azithromycin,Tablet,250mg,Pfizer
714,80830-621-14,Omeprazole Plus,Omeprazole,Capsule,20mg,AstraZeneca
715,17200-922-15,Ibuprofen Plus,Ibuprofen,Tablet,800mg,McNeil
716,25234-476-16,Omeprazole Plus,Omeprazole,Capsule,20mg,AstraZeneca
717,92095-244-17,Azithromycin Plus,Azithromycin,Tablet,250mg,Pfizer
718,79720-300-18,Sertraline Plus,Sertraline HCl,Tablet,50mg,Pfizer
719,11184-626-19,Amlodipine Plus,Amlodipine Besylate,Tablet,5mg,Novartis
720,50281-126-20,Omeprazole Plus,Omeprazole,Capsule,20mg,AstraZeneca
721,28696-873-21,Metformin Plus,Metformin HCl,Tablet,850mg,Mylan
722,14524-575-22,Sertraline Plus,Sertraline HCl,Tablet,50mg,Pfizer
723,17032-954-23,Losartan Plus,Losartan Potassium,Tablet,50mg,Merck
724,74773-111-24,Albuterol Plus,Albuterol Sulfate,Inhaler,90mcg,GSK
725,30409-378-25,Hydrochlorothiazide Plus,Hydrochlorothiazide,Tablet,25mg,Lupin
726,86155-451-26,Sertraline Plus,Sertraline HCl,Tablet,50mg,Pfizer
727,59555-261-27,Albuterol Plus,Albuterol Sulfate,Inhaler,90mcg,GSK
728,63553-796-28,Albuterol Plus,Albuterol Sulfate,Inhaler,90mcg,GSK
729,96026-553-29,Lysinopril Plus,Lisinopril,Tablet,10mg,Sandoz
730,55934-964-30,Ibuprofen Plus,Ibuprofen,Tablet,800mg,McNeil
731,16800-998-31,Azithromycin Plus,Azithromycin,Tablet,250mg,Pfizer
732,89859-633-32,Omeprazole Plus,Omeprazole,Capsule,20mg,AstraZeneca
733,91588-593-33,Sertraline Plus,Sertraline HCl,Tablet,50mg,Pfizer
734,38182-811-34,Hydrochlorothiazide Plus,Hydrochlorothiazide,Tablet,25mg,Lupin
735,93966-294-35,Amlodipine Plus,Amlodipine Besylate,Tablet,5mg,Novartis
736,60696-457-36,Lysinopril Plus,Lisinopril,Tablet,10mg,Sandoz
737,32042-299-37,Albuterol Plus,Albuterol Sulfate,Inhaler,90mcg,GSK
738,82647-820-38,Albuterol Plus,Albuterol Sulfate,Inhaler,90mcg,GSK
739,93992-949-39,Azithromycin Plus,Azithromycin,Tablet,250mg,Pfizer
740,42121-949-40,Albuterol Plus,Albuterol Sulfate,Inhaler,90mcg,GSK
741,93262-347-41,Gabapentin Plus,Gabapentin,Capsule,300mg,Sun Pharma
742,20052-276-42,Ibuprofen Plus,Ibuprofen,Tablet,800mg,McNeil
743,63607-151-43,Amoxicillin Plus,Amoxicillin,Capsule,500mg,Teva
744,54590-431-44,Gabapentin Plus,Gabapentin,Capsule,300mg,Sun Pharma
745,65465-462-45,Amoxicillin Plus,Amoxicillin,Capsule,500mg,Teva
746,60828-680-46,Sertraline Plus,Sertraline HCl,Tablet,50mg,Pfizer
747,68107-996-47,Atorvastatin Plus,Atorvastatin Calcium,Tablet,20mg,Pfizer
748,98962-810-48,Gabapentin Plus,Gabapentin,Capsule,300mg,Sun Pharma
749,90412-539-49,Amoxicillin Plus,Amoxicillin,Capsule,500mg,Teva
750,69491-497-50,Ibuprofen Plus,Ibuprofen,Tablet,800mg,McNeil
751,83021-645-51,Ibuprofen Plus,Ibuprofen,Tablet,800mg,McNeil
752,22022-791-52,Amlodipine Plus,Amlodipine Besylate,Tablet,5mg,Novartis
753,14102-590-53,Amlodipine Plus,Amlodipine Besylate,Tablet,5mg,Novartis
754,46043-830-54,Azithromycin Plus,Azithromycin,Tablet,250mg,Pfizer
755,91771-293-55,Azithromycin Plus,Azithromycin,Tablet,250mg,Pfizer
756,36428-272-56,Sertraline Plus,Sertraline HCl,Tablet,50mg,Pfizer
757,67474-934-57,Amlodipine Plus,Amlodipine Besylate,Tablet,5mg,Novartis
758,41573-228-58,Ibuprofen Plus,Ibuprofen,Tablet,800mg,McNeil
759,91412-490-59,Albuterol Plus,Albuterol Sulfate,Inhaler,90mcg,GSK
760,72500-226-60,Hydrochlorothiazide Plus,Hydrochlorothiazide,Tablet,25mg,Lupin
761,28643-229-61,Omeprazole Plus,Omeprazole,Capsule,20mg,AstraZeneca
762,33203-643-62,Hydrochlorothiazide Plus,Hydrochlorothiazide,Tablet,25mg,Lupin
763,59997-468-63,Amoxicillin Plus,Amoxicillin,Capsule,500mg,Teva
764,38215-407-64,Omeprazole Plus,Omeprazole,Capsule,20mg,AstraZeneca
765,34493-157-65,Albuterol Plus,Albuterol Sulfate,Inhaler,90mcg,GSK
766,81280-787-66,Losartan Plus,Losartan Potassium,Tablet,50mg,Merck
767,60850-502-67,Ibuprofen Plus,Ibuprofen,Tablet,800mg,McNeil
768,76019-298-68,Atorvastatin Plus,Atorvastatin Calcium,Tablet,20mg,Pfizer
769,21976-330-69,Losartan Plus,Losartan Potassium,Tablet,50mg,Merck
770,81604-287-70,Hydrochlorothiazide Plus,Hydrochlorothiazide,Tablet,25mg,Lupin
771,82491-897-71,Losartan Plus,Losartan Potassium,Tablet,50mg,Merck
772,28194-110-72,Levothyroxine Plus,Levothyroxine Sodium,Tablet,50mcg,AbbVie
773,50542-413-73,Hydrochlorothiazide Plus,Hydrochlorothiazide,Tablet,25mg,Lupin
774,29625-519-74,Losartan Plus,Losartan Potassium,Tablet,50mg,Merck
775,71758-555-75,Gabapentin Plus,Gabapentin,Capsule,300mg,Sun Pharma
776,43441-516-76,Losartan Plus,Losartan Potassium,Tablet,50mg,Merck
777,59179-680-77,Ibuprofen Plus,Ibuprofen,Tablet,800mg,McNeil
778,42121-136-78,Atorvastatin Plus,Atorvastatin Calcium,Tablet,20mg,Pfizer
779,41622-880-79,Metformin Plus,Metformin HCl,Tablet,850mg,Mylan
780,30162-303-80,Amoxicillin Plus,Amoxicillin,Capsule,500mg,Teva
781,50710-484-81,Lysinopril Plus,Lisinopril,Tablet,10mg,Sandoz
782,76431-345-82,Hydrochlorothiazide Plus,Hydrochlorothiazide,Tablet,25mg,Lupin
783,48869-801-83,Azithromycin Plus,Azithromycin,Tablet,250mg,Pfizer
784,55254-672-84,Sertraline Plus,Sertraline HCl,Tablet,50mg,Pfizer
785,58390-861-85,Gabapentin Plus,Gabapentin,Capsule,300mg,Sun Pharma
786,34219-124-86,Albuterol Plus,Albuterol Sulfate,Inhaler,90mcg,GSK
787,73352-655-87,Hydrochlorothiazide Plus,Hydrochlorothiazide,Tablet,25mg,Lupin
788,83878-441-88,Levothyroxine Plus,Levothyroxine Sodium,Tablet,50mcg,AbbVie
789,82774-335-89,Ibuprofen Plus,Ibuprofen,Tablet,800mg,McNeil
790,94847-146-90,Losartan Plus,Losartan Potassium,Tablet,50mg,Merck
791,17577-835-91,Amoxicillin Plus,Amoxicillin,Capsule,500mg,Teva
792,83066-943-92,Metformin Plus,Metformin HCl,Tablet,850mg,Mylan
793,37969-298-93,Metformin Plus,Metformin HCl,Tablet,850mg,Mylan
794,44852-295-94,Sertraline Plus,Sertraline HCl,Tablet,50mg,Pfizer
795,61252-965-95,Amoxicillin Plus,Amoxicillin,Capsule,500mg,Teva
796,40148-554-96,Gabapentin Plus,Gabapentin,Capsule,300mg,Sun Pharma
797,19161-318-97,Hydrochlorothiazide Plus,Hydrochlorothiazide,Tablet,25mg,Lupin
798,35740-990-98,Omeprazole Plus,Omeprazole,Capsule,20mg,AstraZeneca
799,27089-805-99,Lysinopril Plus,Lisinopril,Tablet,10mg,Sandoz
800,83898-754-00,Amlodipine Plus,Amlodipine Besylate,Tablet,5mg,Novartis
801,46637-883-01,Metoprolol Plus,Metoprolol Succinate,Tablet,50mg,AstraZeneca
802,38705-133-02,Lysinopril Plus,Lisinopril,Tablet,10mg,Sandoz
803,99703-960-03,Losartan Plus,Losartan Potassium,Tablet,50mg,Merck
804,48584-527-04,Atorvastatin Plus,Atorvastatin Calcium,Tablet,20mg,Pfizer
805,22499-173-05,Losartan Plus,Losartan Potassium,Tablet,50mg,Merck
806,95056-859-06,Hydrochlorothiazide Plus,Hydrochlorothiazide,Tablet,25mg,Lupin
807,57155-464-07,Sertraline Plus,Sertraline HCl,Tablet,50mg,Pfizer
808,64685-198-08,Gabapentin Plus,Gabapentin,Capsule,300mg,Sun Pharma
809,43823-142-09,Metformin Plus,Metformin HCl,Tablet,850mg,Mylan
810,50976-409-10,Azithromycin Plus,Azithromycin,Tablet,250mg,Pfizer
811,50229-201-11,Hydrochlorothiazide Plus,Hydrochlorothiazide,Tablet,25mg,Lupin
812,15905-875-12,Gabapentin Plus,Gabapentin,Capsule,300mg,Sun Pharma
813,26958-469-13,Amlodipine Plus,Amlodipine Besylate,Tablet,5mg,Novartis
814,58567-795-14,Albuterol Plus,Albuterol Sulfate,Inhaler,90mcg,GSK
815,56409-342-15,Amlodipine Plus,Amlodipine Besylate,Tablet,5mg,Novartis
816,65008-373-16,Metformin Plus,Metformin HCl,Tablet,850mg,Mylan
817,34644-622-17,Lysinopril Plus,Lisinopril,Tablet,10mg,Sandoz
818,89294-437-18,Ibuprofen Plus,Ibuprofen,Tablet,800mg,McNeil
819,14437-157-19,Ibuprofen Plus,Ibuprofen,Tablet,800mg,McNeil
820,55081-439-20,Ibuprofen Plus,Ibuprofen,Tablet,800mg,McNeil
821,72361-920-21,Gabapentin Plus,Gabapentin,Capsule,300mg,Sun Pharma
822,34341-753-22,Metoprolol Plus,Metoprolol Succinate,Tablet,50mg,AstraZeneca
823,54104-742-23,Metformin Plus,Metformin HCl,Tablet,850mg,Mylan
824,70179-315-24,Albuterol Plus,Albuterol Sulfate,Inhaler,90mcg,GSK
825,54798-275-25,Amlodipine Plus,Amlodipine Besylate,Tablet,5mg,Novartis
826,75018-899-26,Hydrochlorothiazide Plus,Hydrochlorothiazide,Tablet,25mg,Lupin
827,30366-126-27,Azithromycin Plus,Azithromycin,Tablet,250mg,Pfizer
828,70099-268-28,Sertraline Plus,Sertraline HCl,Tablet,50mg,Pfizer
829,23726-279-29,Lysinopril Plus,Lisinopril,Tablet,10mg,Sandoz
830,78811-115-30,Albuterol Plus,Albuterol Sulfate,Inhaler,90mcg,GSK
831,29810-498-31,Metformin Plus,Metformin HCl,Tablet,850mg,Mylan
832,44481-636-32,Albuterol Plus,Albuterol Sulfate,Inhaler,90mcg,GSK
833,70937-449-33,Albuterol Plus,Albuterol Sulfate,Inhaler,90mcg,GSK
834,24420-577-34,Amlodipine Plus,Amlodipine Besylate,Tablet,5mg,Novartis
835,93089-922-35,Amoxicillin Plus,Amoxicillin,Capsule,500mg,Teva
836,49289-411-36,Gabapentin Plus,Gabapentin,Capsule,300mg,Sun Pharma
837,35814-739-37,Azithromycin Plus,Azithromycin,Tablet,250mg,Pfizer
838,71107-925-38,Sertraline Plus,Sertraline HCl,Tablet,50mg,Pfizer
839,37943-454-39,Metoprolol Plus,Metoprolol Succinate,Tablet,50mg,AstraZeneca
840,32391-250-40,Metoprolol Plus,Metoprolol Succinate,Tablet,50mg,AstraZeneca
841,61317-866-41,Omeprazole Plus,Omeprazole,Capsule,20mg,AstraZeneca
842,52484-931-42,Omeprazole Plus,Omeprazole,Capsule,20mg,AstraZeneca
843,72857-514-43,Metoprolol Plus,Metoprolol Succinate,Tablet,50mg,AstraZeneca
844,62928-711-44,Azithromycin Plus,Azithromycin,Tablet,250mg,Pfizer
845,48427-356-45,Losartan Plus,Losartan Potassium,Tablet,50mg,Merck
846,68320-424-46,Gabapentin Plus,Gabapentin,Capsule,300mg,Sun Pharma
847,14367-372-47,Metformin Plus,Metformin HCl,Tablet,850mg,Mylan
848,68969-561-48,Levothyroxine Plus,Levothyroxine Sodium,Tablet,50mcg,AbbVie
849,79591-125-49,Atorvastatin Plus,Atorvastatin Calcium,Tablet,20mg,Pfizer
850,76172-991-50,Metoprolol Plus,Metoprolol Succinate,Tablet,50mg,AstraZeneca
851,10807-799-51,Metoprolol Plus,Metoprolol Succinate,Tablet,50mg,AstraZeneca
852,81796-809-52,Albuterol Plus,Albuterol Sulfate,Inhaler,90mcg,GSK
853,92384-341-53,Omeprazole Plus,Omeprazole,Capsule,20mg,AstraZeneca
854,76123-387-54,Amoxicillin Plus,Amoxicillin,Capsule,500mg,Teva
855,64358-575-55,Azithromycin Plus,Azithromycin,Tablet,250mg,Pfizer
856,67088-455-56,Atorvastatin Plus,Atorvastatin Calcium,Tablet,20mg,Pfizer
857,63393-166-57,Losartan Plus,Losartan Potassium,Tablet,50mg,Merck
858,13892-202-58,Levothyroxine Plus,Levothyroxine Sodium,Tablet,50mcg,AbbVie
859,36709-622-59,Levothyroxine Plus,Levothyroxine Sodium,Tablet,50mcg,AbbVie
860,35833-999-60,Albuterol Plus,Albuterol Sulfate,Inhaler,90mcg,GSK
861,18415-753-61,Amlodipine Plus,Amlodipine Besylate,Tablet,5mg,Novartis
862,94063-415-62,Omeprazole Plus,Omeprazole,Capsule,20mg,AstraZeneca
863,93302-307-63,Atorvastatin Plus,Atorvastatin Calcium,Tablet,20mg,Pfizer
864,36495-399-64,Sertraline Plus,Sertraline HCl,Tablet,50mg,Pfizer
865,36630-545-65,Metformin Plus,Metformin HCl,Tablet,850mg,Mylan
866,69716-532-66,Metoprolol Plus,Metoprolol Succinate,Tablet,50mg,AstraZeneca
867,76082-220-67,Sertraline Plus,Sertraline HCl,Tablet,50mg,Pfizer
868,12179-404-68,Levothyroxine Plus,Levothyroxine Sodium,Tablet,50mcg,AbbVie
869,46831-558-69,Sertraline Plus,Sertraline HCl,Tablet,50mg,Pfizer
870,71772-959-70,Azithromycin Plus,Azithromycin,Tablet,250mg,Pfizer
871,83238-817-71,Ibuprofen Plus,Ibuprofen,Tablet,800mg,McNeil
872,59289-911-72,Metoprolol Plus,Metoprolol Succinate,Tablet,50mg,AstraZeneca
873,60474-378-73,Losartan Plus,Losartan Potassium,Tablet,50mg,Merck
874,28689-805-74,Losartan Plus,Losartan Potassium,Tablet,50mg,Merck
875,77689-706-75,Hydrochlorothiazide Plus,Hydrochlorothiazide,Tablet,25mg,Lupin
876,65532-413-76,Losartan Plus,Losartan Potassium,Tablet,50mg,Merck
877,13090-433-77,Metformin Plus,Metformin HCl,Tablet,850mg,Mylan
878,31654-491-78,Ibuprofen Plus,Ibuprofen,Tablet,800mg,McNeil
879,86375-590-79,Amlodipine Plus,Amlodipine Besylate,Tablet,5mg,Novartis
880,74642-925-80,Hydrochlorothiazide Plus,Hydrochlorothiazide,Tablet,25mg,Lupin
881,86034-825-81,Lysinopril Plus,Lisinopril,Tablet,10mg,Sandoz
882,43470-328-82,Lysinopril Plus,Lisinopril,Tablet,10mg,Sandoz
883,73230-166-83,Metoprolol Plus,Metoprolol Succinate,Tablet,50mg,AstraZeneca
884,93758-154-84,Hydrochlorothiazide Plus,Hydrochlorothiazide,Tablet,25mg,Lupin
885,45071-864-85,Gabapentin Plus,Gabapentin,Capsule,300mg,Sun Pharma
886,25485-198-86,Lysinopril Plus,Lisinopril,Tablet,10mg,Sandoz
887,36189-537-87,Metformin Plus,Metformin HCl,Tablet,850mg,Mylan
888,93239-101-88,Ibuprofen Plus,Ibuprofen,Tablet,800mg,McNeil
889,10603-476-89,Hydrochlorothiazide Plus,Hydrochlorothiazide,Tablet,25mg,Lupin
890,32809-472-90,Ibuprofen Plus,Ibuprofen,Tablet,800mg,McNeil
891,21552-307-91,Azithromycin Plus,Azithromycin,Tablet,250mg,Pfizer
892,65869-554-92,Atorvastatin Plus,Atorvastatin Calcium,Tablet,20mg,Pfizer
893,10128-657-93,Hydrochlorothiazide Plus,Hydrochlorothiazide,Tablet,25mg,Lupin
894,90797-646-94,Lysinopril Plus,Lisinopril,Tablet,10mg,Sandoz
895,61991-998-95,Losartan Plus,Losartan Potassium,Tablet,50mg,Merck
896,22456-246-96,Ibuprofen Plus,Ibuprofen,Tablet,800mg,McNeil
897,62980-246-97,Metformin Plus,Metformin HCl,Tablet,850mg,Mylan
898,38155-695-98,Losartan Plus,Losartan Potassium,Tablet,50mg,Merck
899,97018-607-99,Gabapentin Plus,Gabapentin,Capsule,300mg,Sun Pharma
900,93125-959-00,Azithromycin Plus,Azithromycin,Tablet,250mg,Pfizer
901,67017-139-01,Hydrochlorothiazide Plus,Hydrochlorothiazide,Tablet,25mg,Lupin
902,10800-127-02,Hydrochlorothiazide Plus,Hydrochlorothiazide,Tablet,25mg,Lupin
903,84554-429-03,Metformin Plus,Metformin HCl,Tablet,850mg,Mylan
904,99927-779-04,Ibuprofen Plus,Ibuprofen,Tablet,800mg,McNeil
905,34658-431-05,Sertraline Plus,Sertraline HCl,Tablet,50mg,Pfizer
906,30251-108-06,Omeprazole Plus,Omeprazole,Capsule,20mg,AstraZeneca
907,12497-688-07,Albuterol Plus,Albuterol Sulfate,Inhaler,90mcg,GSK
908,86308-249-08,Hydrochlorothiazide Plus,Hydrochlorothiazide,Tablet,25mg,Lupin
909,33227-743-09,Amlodipine Plus,Amlodipine Besylate,Tablet,5mg,Novartis
910,20393-514-10,Azithromycin Plus,Azithromycin,Tablet,250mg,Pfizer
911,83215-948-11,Metoprolol Plus,Metoprolol Succinate,Tablet,50mg,AstraZeneca
912,33531-690-12,Lysinopril Plus,Lisinopril,Tablet,10mg,Sandoz
913,49745-642-13,Sertraline Plus,Sertraline HCl,Tablet,50mg,Pfizer
914,83960-920-14,Atorvastatin Plus,Atorvastatin Calcium,Tablet,20mg,Pfizer
915,19858-303-15,Metoprolol Plus,Metoprolol Succinate,Tablet,50mg,AstraZeneca
916,72065-261-16,Metformin Plus,Metformin HCl,Tablet,850mg,Mylan
917,18194-416-17,Amoxicillin Plus,Amoxicillin,Capsule,500mg,Teva
918,67650-376-18,Lysinopril Plus,Lisinopril,Tablet,10mg,Sandoz
919,47154-496-19,Sertraline Plus,Sertraline HCl,Tablet,50mg,Pfizer
920,61790-327-20,Sertraline Plus,Sertraline HCl,Tablet,50mg,Pfizer
921,35768-781-21,Metformin Plus,Metformin HCl,Tablet,850mg,Mylan
922,53073-787-22,Amlodipine Plus,Amlodipine Besylate,Tablet,5mg,Novartis
923,45234-327-23,Azithromycin Plus,Azithromycin,Tablet,250mg,Pfizer
924,24472-566-24,Sertraline Plus,Sertraline HCl,Tablet,50mg,Pfizer
925,15804-360-25,Lysinopril Plus,Lisinopril,Tablet,10mg,Sandoz
926,76539-967-26,Lysinopril Plus,Lisinopril,Tablet,10mg,Sandoz
927,92288-461-27,Metformin Plus,Metformin HCl,Tablet,850mg,Mylan
928,41420-115-28,Omeprazole Plus,Omeprazole,Capsule,20mg,AstraZeneca
929,10171-150-29,Amlodipine Plus,Amlodipine Besylate,Tablet,5mg,Novartis
930,19652-323-30,Amoxicillin Plus,Amoxicillin,Capsule,500mg,Teva
931,56545-698-31,Losartan Plus,Losartan Potassium,Tablet,50mg,Merck
932,30727-392-32,Hydrochlorothiazide Plus,Hydrochlorothiazide,Tablet,25mg,Lupin
933,66280-150-33,Omeprazole Plus,Omeprazole,Capsule,20mg,AstraZeneca
934,41937-317-34,Omeprazole Plus,Omeprazole,Capsule,20mg,AstraZeneca
935,96255-224-35,Atorvastatin Plus,Atorvastatin Calcium,Tablet,20mg,Pfizer
936,93384-633-36,Hydrochlorothiazide Plus,Hydrochlorothiazide,Tablet,25mg,Lupin
937,64564-912-37,Sertraline Plus,Sertraline HCl,Tablet,50mg,Pfizer
938,90493-409-38,Sertraline Plus,Sertraline HCl,Tablet,50mg,Pfizer
939,92226-949-39,Sertraline Plus,Sertraline HCl,Tablet,50mg,Pfizer
940,59489-263-40,Metformin Plus,Metformin HCl,Tablet,850mg,Mylan
941,10886-461-41,Amlodipine Plus,Amlodipine Besylate,Tablet,5mg,Novartis
942,43395-576-42,Azithromycin Plus,Azithromycin,Tablet,250mg,Pfizer
943,74616-192-43,Metformin Plus,Metformin HCl,Tablet,850mg,Mylan
944,27564-911-44,Losartan Plus,Losartan Potassium,Tablet,50mg,Merck
945,65723-400-45,Albuterol Plus,Albuterol Sulfate,Inhaler,90mcg,GSK
946,78194-632-46,Lysinopril Plus,Lisinopril,Tablet,10mg,Sandoz
947,60094-281-47,Albuterol Plus,Albuterol Sulfate,Inhaler,90mcg,GSK
948,62643-746-48,Amoxicillin Plus,Amoxicillin,Capsule,500mg,Teva
949,32059-294-49,Gabapentin Plus,Gabapentin,Capsule,300mg,Sun Pharma
950,33147-784-50,Amlodipine Plus,Amlodipine Besylate,Tablet,5mg,Novartis
951,22764-222-51,Gabapentin Plus,Gabapentin,Capsule,300mg,Sun Pharma
952,70717-967-52,Sertraline Plus,Sertraline HCl,Tablet,50mg,Pfizer
953,75317-966-53,Lysinopril Plus,Lisinopril,Tablet,10mg,Sandoz
954,24345-501-54,Losartan Plus,Losartan Potassium,Tablet,50mg,Merck
955,61784-523-55,Levothyroxine Plus,Levothyroxine Sodium,Tablet,50mcg,AbbVie
956,97933-601-56,Levothyroxine Plus,Levothyroxine Sodium,Tablet,50mcg,AbbVie
957,51399-697-57,Metoprolol Plus,Metoprolol Succinate,Tablet,50mg,AstraZeneca
958,65975-815-58,Hydrochlorothiazide Plus,Hydrochlorothiazide,Tablet,25mg,Lupin
959,53854-705-59,Ibuprofen Plus,Ibuprofen,Tablet,800mg,McNeil
960,81239-745-60,Amoxicillin Plus,Amoxicillin,Capsule,500mg,Teva
961,91328-910-61,Albuterol Plus,Albuterol Sulfate,Inhaler,90mcg,GSK
962,68399-754-62,Albuterol Plus,Albuterol Sulfate,Inhaler,90mcg,GSK
963,61278-992-63,Metformin Plus,Metformin HCl,Tablet,850mg,Mylan
964,34661-620-64,Amoxicillin Plus,Amoxicillin,Capsule,500mg,Teva
965,49286-156-65,Losartan Plus,Losartan Potassium,Tablet,50mg,Merck
966,43303-190-66,Sertraline Plus,Sertraline HCl,Tablet,50mg,Pfizer
967,74283-991-67,Amoxicillin Plus,Amoxicillin,Capsule,500mg,Teva
968,26052-796-68,Losartan Plus,Losartan Potassium,Tablet,50mg,Merck
969,16653-202-69,Amlodipine Plus,Amlodipine Besylate,Tablet,5mg,Novartis
970,76145-708-70,Metoprolol Plus,Metoprolol Succinate,Tablet,50mg,AstraZeneca
971,95081-682-71,Levothyroxine Plus,Levothyroxine Sodium,Tablet,50mcg,AbbVie
972,63452-163-72,Metoprolol Plus,Metoprolol Succinate,Tablet,50mg,AstraZeneca
973,32854-397-73,Atorvastatin Plus,Atorvastatin Calcium,Tablet,20mg,Pfizer
974,13670-288-74,Amlodipine Plus,Amlodipine Besylate,Tablet,5mg,Novartis
975,41408-825-75,Omeprazole Plus,Omeprazole,Capsule,20mg,AstraZeneca
976,55874-370-76,Omeprazole Plus,Omeprazole,Capsule,20mg,AstraZeneca
977,89002-487-77,Ibuprofen Plus,Ibuprofen,Tablet,800mg,McNeil
978,27501-338-78,Azithromycin Plus,Azithromycin,Tablet,250mg,Pfizer
979,72013-663-79,Metformin Plus,Metformin HCl,Tablet,850mg,Mylan
980,30582-270-80,Metformin Plus,Metformin HCl,Tablet,850mg,Mylan
981,64288-210-81,Azithromycin Plus,Azithromycin,Tablet,250mg,Pfizer
982,51266-336-82,Lysinopril Plus,Lisinopril,Tablet,10mg,Sandoz
983,93911-391-83,Ibuprofen Plus,Ibuprofen,Tablet,800mg,McNeil
984,49318-185-84,Metoprolol Plus,Metoprolol Succinate,Tablet,50mg,AstraZeneca
985,14315-118-85,Sertraline Plus,Sertraline HCl,Tablet,50mg,Pfizer
986,16943-527-86,Levothyroxine Plus,Levothyroxine Sodium,Tablet,50mcg,AbbVie
987,64167-266-87,Hydrochlorothiazide Plus,Hydrochlorothiazide,Tablet,25mg,Lupin
988,57965-291-88,Amoxicillin Plus,Amoxicillin,Capsule,500mg,Teva
989,23315-564-89,Metoprolol Plus,Metoprolol Succinate,Tablet,50mg,AstraZeneca
990,42443-219-90,Levothyroxine Plus,Levothyroxine Sodium,Tablet,50mcg,AbbVie
991,92453-205-91,Amlodipine Plus,Amlodipine Besylate,Tablet,5mg,Novartis
992,60395-973-92,Metformin Plus,Metformin HCl,Tablet,850mg,Mylan
993,20511-938-93,Metformin Plus,Metformin HCl,Tablet,850mg,Mylan
994,73837-549-94,Metoprolol Plus,Metoprolol Succinate,Tablet,50mg,AstraZeneca
995,93793-550-95,Lysinopril Plus,Lisinopril,Tablet,10mg,Sandoz
996,64571-459-96,Azithromycin Plus,Azithromycin,Tablet,250mg,Pfizer
997,64110-699-97,Gabapentin Plus,Gabapentin,Capsule,300mg,Sun Pharma
998,48863-795-98,Omeprazole Plus,Omeprazole,Capsule,20mg,AstraZeneca
999,36185-751-99,Hydrochlorothiazide Plus,Hydrochlorothiazide,Tablet,25mg,Lupin
1000,93108-756-00,Levothyroxine Plus,Levothyroxine Sodium,Tablet,50mcg,AbbVie
1001,88307-270-01,Atorvastatin Plus,Atorvastatin Calcium,Tablet,20mg,Pfizer
1002,48127-771-02,Hydrochlorothiazide Plus,Hydrochlorothiazide,Tablet,25mg,Lupin
1003,30513-635-03,Omeprazole Plus,Omeprazole,Capsule,20mg,AstraZeneca
1004,87773-841-04,Hydrochlorothiazide Plus,Hydrochlorothiazide,Tablet,25mg,Lupin
1005,59158-498-05,Azithromycin Plus,Azithromycin,Tablet,250mg,Pfizer
1006,70998-910-06,Amlodipine Plus,Amlodipine Besylate,Tablet,5mg,Novartis
1007,82045-432-07,Sertraline Plus,Sertraline HCl,Tablet,50mg,Pfizer
1008,86328-543-08,Amoxicillin Plus,Amoxicillin,Capsule,500mg,Teva
1009,14090-492-09,Amlodipine Plus,Amlodipine Besylate,Tablet,5mg,Novartis
1010,27739-572-10,Ibuprofen Plus,Ibuprofen,Tablet,800mg,McNeil
1011,43735-126-11,Atorvastatin Plus,Atorvastatin Calcium,Tablet,20mg,Pfizer
1012,89083-718-12,Azithromycin Plus,Azithromycin,Tablet,250mg,Pfizer
1013,35363-327-13,Sertraline Plus,Sertraline HCl,Tablet,50mg,Pfizer
1014,43760-243-14,Amlodipine Plus,Amlodipine Besylate,Tablet,5mg,Novartis
1015,89508-504-15,Atorvastatin Plus,Atorvastatin Calcium,Tablet,20mg,Pfizer
1016,46429-732-16,Omeprazole Plus,Omeprazole,Capsule,20mg,AstraZeneca
1017,37657-649-17,Metformin Plus,Metformin HCl,Tablet,850mg,Mylan
1018,71986-416-18,Lysinopril Plus,Lisinopril,Tablet,10mg,Sandoz
1019,45574-783-19,Gabapentin Plus,Gabapentin,Capsule,300mg,Sun Pharma
1020,61436-282-20,Levothyroxine Plus,Levothyroxine Sodium,Tablet,50mcg,AbbVie
1021,46822-271-21,Atorvastatin Plus,Atorvastatin Calcium,Tablet,20mg,Pfizer
1022,26932-173-22,Amoxicillin Plus,Amoxicillin,Capsule,500mg,Teva
1023,60257-557-23,Losartan Plus,Losartan Potassium,Tablet,50mg,Merck
1024,67932-985-24,Levothyroxine Plus,Levothyroxine Sodium,Tablet,50mcg,AbbVie
1025,58763-889-25,Losartan Plus,Losartan Potassium,Tablet,50mg,Merck
1026,44711-288-26,Ibuprofen Plus,Ibuprofen,Tablet,800mg,McNeil
1027,68409-285-27,Ibuprofen Plus,Ibuprofen,Tablet,800mg,McNeil
1028,93815-214-28,Hydrochlorothiazide Plus,Hydrochlorothiazide,Tablet,25mg,Lupin
1029,65944-460-29,Hydrochlorothiazide Plus,Hydrochlorothiazide,Tablet,25mg,Lupin
1030,60875-421-30,Hydrochlorothiazide Plus,Hydrochlorothiazide,Tablet,25mg,Lupin
1031,24603-138-31,Hydrochlorothiazide Plus,Hydrochlorothiazide,Tablet,25mg,Lupin
1032,22087-935-32,Levothyroxine Plus,Levothyroxine Sodium,Tablet,50mcg,AbbVie
1033,49687-631-33,Amlodipine Plus,Amlodipine Besylate,Tablet,5mg,Novartis
1034,46268-799-34,Metformin Plus,Metformin HCl,Tablet,850mg,Mylan
1035,64129-480-35,Losartan Plus,Losartan Potassium,Tablet,50mg,Merck
1036,74187-648-36,Atorvastatin Plus,Atorvastatin Calcium,Tablet,20mg,Pfizer
1037,16326-797-37,Atorvastatin Plus,Atorvastatin Calcium,Tablet,20mg,Pfizer
1038,17808-807-38,Omeprazole Plus,Omeprazole,Capsule,20mg,AstraZeneca
1039,13064-596-39,Losartan Plus,Losartan Potassium,Tablet,50mg,Merck
1040,75369-878-40,Levothyroxine Plus,Levothyroxine Sodium,Tablet,50mcg,AbbVie
1041,62010-252-41,Metformin Plus,Metformin HCl,Tablet,850mg,Mylan
1042,34079-542-42,Metoprolol Plus,Metoprolol Succinate,Tablet,50mg,AstraZeneca
1043,97414-794-43,Hydrochlorothiazide Plus,Hydrochlorothiazide,Tablet,25mg,Lupin
1044,59598-513-44,Azithromycin Plus,Azithromycin,Tablet,250mg,Pfizer
1045,75815-498-45,Metoprolol Plus,Metoprolol Succinate,Tablet,50mg,AstraZeneca
1046,91185-770-46,Azithromycin Plus,Azithromycin,Tablet,250mg,Pfizer
1047,34775-828-47,Amlodipine Plus,Amlodipine Besylate,Tablet,5mg,Novartis
1048,32811-306-48,Metformin Plus,Metformin HCl,Tablet,850mg,Mylan
1049,66205-762-49,Amoxicillin Plus,Amoxicillin,Capsule,500mg,Teva
1050,26144-435-50,Metformin Plus,Metformin HCl,Tablet,850mg,Mylan
1051,40044-187-51,Hydrochlorothiazide Plus,Hydrochlorothiazide,Tablet,25mg,Lupin
1052,93979-834-52,Hydrochlorothiazide Plus,Hydrochlorothiazide,Tablet,25mg,Lupin
1053,51039-289-53,Amlodipine Plus,Amlodipine Besylate,Tablet,5mg,Novartis
1054,99235-110-54,Lysinopril Plus,Lisinopril,Tablet,10mg,Sandoz
1055,37424-475-55,Metoprolol Plus,Metoprolol Succinate,Tablet,50mg,AstraZeneca
1056,60589-795-56,Metoprolol Plus,Metoprolol Succinate,Tablet,50mg,AstraZeneca
1057,73287-894-57,Omeprazole Plus,Omeprazole,Capsule,20mg,AstraZeneca
1058,86069-708-58,Losartan Plus,Losartan Potassium,Tablet,50mg,Merck
1059,18587-964-59,Azithromycin Plus,Azithromycin,Tablet,250mg,Pfizer
1060,63210-384-60,Azithromycin Plus,Azithromycin,Tablet,250mg,Pfizer
1061,25805-193-61,Levothyroxine Plus,Levothyroxine Sodium,Tablet,50mcg,AbbVie
1062,34220-347-62,Losartan Plus,Losartan Potassium,Tablet,50mg,Merck
1063,49741-630-63,Hydrochlorothiazide Plus,Hydrochlorothiazide,Tablet,25mg,Lupin
1064,73650-605-64,Amoxicillin Plus,Amoxicillin,Capsule,500mg,Teva
1065,97480-659-65,Levothyroxine Plus,Levothyroxine Sodium,Tablet,50mcg,AbbVie
1066,56939-320-66,Losartan Plus,Losartan Potassium,Tablet,50mg,Merck
1067,16569-193-67,Hydrochlorothiazide Plus,Hydrochlorothiazide,Tablet,25mg,Lupin
1068,59275-920-68,Losartan Plus,Losartan Potassium,Tablet,50mg,Merck
1069,88754-350-69,Ibuprofen Plus,Ibuprofen,Tablet,800mg,McNeil
1070,50633-192-70,Ibuprofen Plus,Ibuprofen,Tablet,800mg,McNeil
1071,75232-128-71,Metformin Plus,Metformin HCl,Tablet,850mg,Mylan
1072,80450-263-72,Albuterol Plus,Albuterol Sulfate,Inhaler,90mcg,GSK
1073,84332-485-73,Gabapentin Plus,Gabapentin,Capsule,300mg,Sun Pharma
1074,67414-735-74,Metoprolol Plus,Metoprolol Succinate,Tablet,50mg,AstraZeneca
1075,43835-723-75,Hydrochlorothiazide Plus,Hydrochlorothiazide,Tablet,25mg,Lupin
1076,66085-639-76,Metoprolol Plus,Metoprolol Succinate,Tablet,50mg,AstraZeneca
1077,29422-393-77,Amoxicillin Plus,Amoxicillin,Capsule,500mg,Teva
1078,90286-409-78,Atorvastatin Plus,Atorvastatin Calcium,Tablet,20mg,Pfizer
1079,50126-943-79,Levothyroxine Plus,Levothyroxine Sodium,Tablet,50mcg,AbbVie
1080,31394-110-80,Atorvastatin Plus,Atorvastatin Calcium,Tablet,20mg,Pfizer
1081,14866-782-81,Amoxicillin Plus,Amoxicillin,Capsule,500mg,Teva
1082,22322-130-82,Sertraline Plus,Sertraline HCl,Tablet,50mg,Pfizer
1083,38572-968-83,Gabapentin Plus,Gabapentin,Capsule,300mg,Sun Pharma
1084,88654-632-84,Amoxicillin Plus,Amoxicillin,Capsule,500mg,Teva
1085,79285-524-85,Gabapentin Plus,Gabapentin,Capsule,300mg,Sun Pharma
1086,91386-919-86,Albuterol Plus,Albuterol Sulfate,Inhaler,90mcg,GSK
1087,67298-159-87,Azithromycin Plus,Azithromycin,Tablet,250mg,Pfizer
1088,74566-926-88,Omeprazole Plus,Omeprazole,Capsule,20mg,AstraZeneca
1089,62524-119-89,Levothyroxine Plus,Levothyroxine Sodium,Tablet,50mcg,AbbVie
1090,73666-854-90,Ibuprofen Plus,Ibuprofen,Tablet,800mg,McNeil
1091,44841-852-91,Atorvastatin Plus,Atorvastatin Calcium,Tablet,20mg,Pfizer
1092,64532-110-92,Hydrochlorothiazide Plus,Hydrochlorothiazide,Tablet,25mg,Lupin
1093,34025-189-93,Metformin Plus,Metformin HCl,Tablet,850mg,Mylan
1094,29425-691-94,Losartan Plus,Losartan Potassium,Tablet,50mg,Merck
1095,80448-810-95,Atorvastatin Plus,Atorvastatin Calcium,Tablet,20mg,Pfizer
1096,63770-719-96,Lysinopril Plus,Lisinopril,Tablet,10mg,Sandoz
1097,86061-828-97,Metoprolol Plus,Metoprolol Succinate,Tablet,50mg,AstraZeneca
1098,96132-226-98,Albuterol Plus,Albuterol Sulfate,Inhaler,90mcg,GSK
1099,92497-283-99,Losartan Plus,Losartan Potassium,Tablet,50mg,Merck
1100,57490-713-00,Metformin Plus,Metformin HCl,Tablet,850mg,Mylan
1101,30138-487-01,Amlodipine Plus,Amlodipine Besylate,Tablet,5mg,Novartis
1102,79837-165-02,Metoprolol Plus,Metoprolol Succinate,Tablet,50mg,AstraZeneca
1103,63582-825-03,Amlodipine Plus,Amlodipine Besylate,Tablet,5mg,Novartis
1104,94078-329-04,Amlodipine Plus,Amlodipine Besylate,Tablet,5mg,Novartis
1105,97465-452-05,Losartan Plus,Losartan Potassium,Tablet,50mg,Merck
1106,64299-486-06,Atorvastatin Plus,Atorvastatin Calcium,Tablet,20mg,Pfizer
1107,42829-300-07,Gabapentin Plus,Gabapentin,Capsule,300mg,Sun Pharma
1108,81085-178-08,Amoxicillin Plus,Amoxicillin,Capsule,500mg,Teva
1109,49281-248-09,Omeprazole Plus,Omeprazole,Capsule,20mg,AstraZeneca
1110,20014-816-10,Levothyroxine Plus,Levothyroxine Sodium,Tablet,50mcg,AbbVie
1111,83461-310-11,Losartan Plus,Losartan Potassium,Tablet,50mg,Merck
1112,84058-334-12,Levothyroxine Plus,Levothyroxine Sodium,Tablet,50mcg,AbbVie
1113,32236-505-13,Gabapentin Plus,Gabapentin,Capsule,300mg,Sun Pharma
1114,42668-643-14,Ibuprofen Plus,Ibuprofen,Tablet,800mg,McNeil
1115,67874-989-15,Gabapentin Plus,Gabapentin,Capsule,300mg,Sun Pharma
1116,31318-214-16,Atorvastatin Plus,Atorvastatin Calcium,Tablet,20mg,Pfizer
1117,96748-155-17,Levothyroxine Plus,Levothyroxine Sodium,Tablet,50mcg,AbbVie
1118,43470-786-18,Azithromycin Plus,Azithromycin,Tablet,250mg,Pfizer
1119,86777-911-19,Levothyroxine Plus,Levothyroxine Sodium,Tablet,50mcg,AbbVie
1120,29375-866-20,Gabapentin Plus,Gabapentin,Capsule,300mg,Sun Pharma
1121,59263-710-21,Hydrochlorothiazide Plus,Hydrochlorothiazide,Tablet,25mg,Lupin
1122,19661-582-22,Levothyroxine Plus,Levothyroxine Sodium,Tablet,50mcg,AbbVie
1123,37720-805-23,Gabapentin Plus,Gabapentin,Capsule,300mg,Sun Pharma
1124,16434-802-24,Losartan Plus,Losartan Potassium,Tablet,50mg,Merck
1125,74205-326-25,Lysinopril Plus,Lisinopril,Tablet,10mg,Sandoz
1126,70509-326-26,Levothyroxine Plus,Levothyroxine Sodium,Tablet,50mcg,AbbVie
1127,14166-771-27,Metformin Plus,Metformin HCl,Tablet,850mg,Mylan
1128,53441-666-28,Azithromycin Plus,Azithromycin,Tablet,250mg,Pfizer
1129,87841-576-29,Metformin Plus,Metformin HCl,Tablet,850mg,Mylan
1130,33905-777-30,Albuterol Plus,Albuterol Sulfate,Inhaler,90mcg,GSK
1131,82317-557-31,Metformin Plus,Metformin HCl,Tablet,850mg,Mylan
1132,44795-186-32,Metoprolol Plus,Metoprolol Succinate,Tablet,50mg,AstraZeneca
1133,23469-393-33,Metoprolol Plus,Metoprolol Succinate,Tablet,50mg,AstraZeneca
1134,84358-532-34,Albuterol Plus,Albuterol Sulfate,Inhaler,90mcg,GSK
1135,50844-779-35,Hydrochlorothiazide Plus,Hydrochlorothiazide,Tablet,25mg,Lupin
1136,47260-711-36,Metformin Plus,Metformin HCl,Tablet,850mg,Mylan
1137,90570-442-37,Amoxicillin Plus,Amoxicillin,Capsule,500mg,Teva
1138,41924-297-38,Sertraline Plus,Sertraline HCl,Tablet,50mg,Pfizer
1139,71294-606-39,Omeprazole Plus,Omeprazole,Capsule,20mg,AstraZeneca
1140,75217-105-40,Ibuprofen Plus,Ibuprofen,Tablet,800mg,McNeil
1141,95584-172-41,Albuterol Plus,Albuterol Sulfate,Inhaler,90mcg,GSK
1142,63822-667-42,Metformin Plus,Metformin HCl,Tablet,850mg,Mylan
1143,53667-222-43,Metoprolol Plus,Metoprolol Succinate,Tablet,50mg,AstraZeneca
1144,88231-934-44,Omeprazole Plus,Omeprazole,Capsule,20mg,AstraZeneca
1145,83931-286-45,Lysinopril Plus,Lisinopril,Tablet,10mg,Sandoz
1146,36576-130-46,Ibuprofen Plus,Ibuprofen,Tablet,800mg,McNeil
1147,95366-197-47,Gabapentin Plus,Gabapentin,Capsule,300mg,Sun Pharma
1148,97230-678-48,Atorvastatin Plus,Atorvastatin Calcium,Tablet,20mg,Pfizer
1149,52622-618-49,Omeprazole Plus,Omeprazole,Capsule,20mg,AstraZeneca
1150,16097-344-50,Metoprolol Plus,Metoprolol Succinate,Tablet,50mg,AstraZeneca
1151,56091-971-51,Hydrochlorothiazide Plus,Hydrochlorothiazide,Tablet,25mg,Lupin
1152,23458-154-52,Lysinopril Plus,Lisinopril,Tablet,10mg,Sandoz
1153,35996-422-53,Levothyroxine Plus,Levothyroxine Sodium,Tablet,50mcg,AbbVie
1154,65844-979-54,Metoprolol Plus,Metoprolol Succinate,Tablet,50mg,AstraZeneca
1155,95006-194-55,Atorvastatin Plus,Atorvastatin Calcium,Tablet,20mg,Pfizer
1156,34182-860-56,Azithromycin Plus,Azithromycin,Tablet,250mg,Pfizer
1157,93459-961-57,Azithromycin Plus,Azithromycin,Tablet,250mg,Pfizer
1158,28950-110-58,Atorvastatin Plus,Atorvastatin Calcium,Tablet,20mg,Pfizer
1159,42174-494-59,Azithromycin Plus,Azithromycin,Tablet,250mg,Pfizer
1160,64481-859-60,Azithromycin Plus,Azithromycin,Tablet,250mg,Pfizer
1161,50237-230-61,Ibuprofen Plus,Ibuprofen,Tablet,800mg,McNeil
1162,39207-722-62,Azithromycin Plus,Azithromycin,Tablet,250mg,Pfizer
1163,97194-634-63,Metformin Plus,Metformin HCl,Tablet,850mg,Mylan
1164,99019-127-64,Levothyroxine Plus,Levothyroxine Sodium,Tablet,50mcg,AbbVie
1165,85192-272-65,Albuterol Plus,Albuterol Sulfate,Inhaler,90mcg,GSK
1166,76977-702-66,Sertraline Plus,Sertraline HCl,Tablet,50mg,Pfizer
1167,46858-243-67,Lysinopril Plus,Lisinopril,Tablet,10mg,Sandoz
1168,54927-484-68,Lysinopril Plus,Lisinopril,Tablet,10mg,Sandoz
1169,65798-215-69,Levothyroxine Plus,Levothyroxine Sodium,Tablet,50mcg,AbbVie
1170,81560-926-70,Sertraline Plus,Sertraline HCl,Tablet,50mg,Pfizer
1171,37059-481-71,Losartan Plus,Losartan Potassium,Tablet,50mg,Merck
1172,23992-166-72,Sertraline Plus,Sertraline HCl,Tablet,50mg,Pfizer
1173,84543-991-73,Levothyroxine Plus,Levothyroxine Sodium,Tablet,50mcg,AbbVie
1174,47614-521-74,Amoxicillin Plus,Amoxicillin,Capsule,500mg,Teva
1175,14038-846-75,Lysinopril Plus,Lisinopril,Tablet,10mg,Sandoz
1176,84051-226-76,Amoxicillin Plus,Amoxicillin,Capsule,500mg,Teva
1177,35003-170-77,Ibuprofen Plus,Ibuprofen,Tablet,800mg,McNeil
1178,15034-313-78,Losartan Plus,Losartan Potassium,Tablet,50mg,Merck
1179,65899-280-79,Amoxicillin Plus,Amoxicillin,Capsule,500mg,Teva
1180,82328-563-80,Omeprazole Plus,Omeprazole,Capsule,20mg,AstraZeneca
1181,39854-168-81,Amoxicillin Plus,Amoxicillin,Capsule,500mg,Teva
1182,61099-841-82,Ibuprofen Plus,Ibuprofen,Tablet,800mg,McNeil
1183,89089-638-83,Atorvastatin Plus,Atorvastatin Calcium,Tablet,20mg,Pfizer
1184,88862-547-84,Ibuprofen Plus,Ibuprofen,Tablet,800mg,McNeil
1185,75173-986-85,Levothyroxine Plus,Levothyroxine Sodium,Tablet,50mcg,AbbVie
1186,62231-153-86,Azithromycin Plus,Azithromycin,Tablet,250mg,Pfizer
1187,77055-805-87,Omeprazole Plus,Omeprazole,Capsule,20mg,AstraZeneca
1188,11855-285-88,Amlodipine Plus,Amlodipine Besylate,Tablet,5mg,Novartis
1189,84136-127-89,Gabapentin Plus,Gabapentin,Capsule,300mg,Sun Pharma
1190,63697-148-90,Hydrochlorothiazide Plus,Hydrochlorothiazide,Tablet,25mg,Lupin
1191,54942-910-91,Hydrochlorothiazide Plus,Hydrochlorothiazide,Tablet,25mg,Lupin
1192,97054-705-92,Ibuprofen Plus,Ibuprofen,Tablet,800mg,McNeil
1193,49179-929-93,Omeprazole Plus,Omeprazole,Capsule,20mg,AstraZeneca
1194,99331-367-94,Lysinopril Plus,Lisinopril,Tablet,10mg,Sandoz
1195,67024-102-95,Levothyroxine Plus,Levothyroxine Sodium,Tablet,50mcg,AbbVie
1196,97610-182-96,Hydrochlorothiazide Plus,Hydrochlorothiazide,Tablet,25mg,Lupin
1197,78264-479-97,Losartan Plus,Losartan Potassium,Tablet,50mg,Merck
1198,55963-144-98,Lysinopril Plus,Lisinopril,Tablet,10mg,Sandoz
1199,68869-406-99,Azithromycin Plus,Azithromycin,Tablet,250mg,Pfizer
1200,46407-297-00,Metformin Plus,Metformin HCl,Tablet,850mg,Mylan
1201,47608-344-01,Azithromycin Plus,Azithromycin,Tablet,250mg,Pfizer
1202,24555-981-02,Azithromycin Plus,Azithromycin,Tablet,250mg,Pfizer
1203,62884-662-03,Gabapentin Plus,Gabapentin,Capsule,300mg,Sun Pharma
1204,85271-364-04,Metformin Plus,Metformin HCl,Tablet,850mg,Mylan
1205,52138-875-05,Metformin Plus,Metformin HCl,Tablet,850mg,Mylan
1206,82313-333-06,Sertraline Plus,Sertraline HCl,Tablet,50mg,Pfizer
1207,39532-416-07,Levothyroxine Plus,Levothyroxine Sodium,Tablet,50mcg,AbbVie
1208,96149-723-08,Azithromycin Plus,Azithromycin,Tablet,250mg,Pfizer
1209,23827-328-09,Albuterol Plus,Albuterol Sulfate,Inhaler,90mcg,GSK
1210,52910-461-10,Amoxicillin Plus,Amoxicillin,Capsule,500mg,Teva
1211,87410-917-11,Sertraline Plus,Sertraline HCl,Tablet,50mg,Pfizer
1212,52621-246-12,Amlodipine Plus,Amlodipine Besylate,Tablet,5mg,Novartis
1213,34636-518-13,Amlodipine Plus,Amlodipine Besylate,Tablet,5mg,Novartis
1214,28150-546-14,Amlodipine Plus,Amlodipine Besylate,Tablet,5mg,Novartis
1215,70799-191-15,Gabapentin Plus,Gabapentin,Capsule,300mg,Sun Pharma
1216,92026-114-16,Amoxicillin Plus,Amoxicillin,Capsule,500mg,Teva
1217,59633-809-17,Albuterol Plus,Albuterol Sulfate,Inhaler,90mcg,GSK
1218,37932-647-18,Omeprazole Plus,Omeprazole,Capsule,20mg,AstraZeneca
1219,29806-851-19,Metformin Plus,Metformin HCl,Tablet,850mg,Mylan
1220,51848-252-20,Ibuprofen Plus,Ibuprofen,Tablet,800mg,McNeil
1221,22401-987-21,Azithromycin Plus,Azithromycin,Tablet,250mg,Pfizer
1222,44709-535-22,Amoxicillin Plus,Amoxicillin,Capsule,500mg,Teva
1223,85592-449-23,Levothyroxine Plus,Levothyroxine Sodium,Tablet,50mcg,AbbVie
1224,18670-908-24,Losartan Plus,Losartan Potassium,Tablet,50mg,Merck
1225,70512-123-25,Levothyroxine Plus,Levothyroxine Sodium,Tablet,50mcg,AbbVie
1226,48586-711-26,Omeprazole Plus,Omeprazole,Capsule,20mg,AstraZeneca
1227,12199-959-27,Atorvastatin Plus,Atorvastatin Calcium,Tablet,20mg,Pfizer
1228,43383-404-28,Amlodipine Plus,Amlodipine Besylate,Tablet,5mg,Novartis
1229,85444-795-29,Albuterol Plus,Albuterol Sulfate,Inhaler,90mcg,GSK
1230,62199-159-30,Ibuprofen Plus,Ibuprofen,Tablet,800mg,McNeil
1231,52088-516-31,Metformin Plus,Metformin HCl,Tablet,850mg,Mylan
1232,50373-579-32,Ibuprofen Plus,Ibuprofen,Tablet,800mg,McNeil
1233,34732-290-33,Atorvastatin Plus,Atorvastatin Calcium,Tablet,20mg,Pfizer
1234,53666-684-34,Lysinopril Plus,Lisinopril,Tablet,10mg,Sandoz
1235,44955-714-35,Amlodipine Plus,Amlodipine Besylate,Tablet,5mg,Novartis
1236,74832-651-36,Sertraline Plus,Sertraline HCl,Tablet,50mg,Pfizer
1237,51714-457-37,Gabapentin Plus,Gabapentin,Capsule,300mg,Sun Pharma
1238,88879-887-38,Losartan Plus,Losartan Potassium,Tablet,50mg,Merck
1239,23999-914-39,Atorvastatin Plus,Atorvastatin Calcium,Tablet,20mg,Pfizer
1240,50751-461-40,Gabapentin Plus,Gabapentin,Capsule,300mg,Sun Pharma
1241,61978-129-41,Hydrochlorothiazide Plus,Hydrochlorothiazide,Tablet,25mg,Lupin
1242,17690-442-42,Amoxicillin Plus,Amoxicillin,Capsule,500mg,Teva
1243,69332-776-43,Amoxicillin Plus,Amoxicillin,Capsule,500mg,Teva
1244,69318-461-44,Metoprolol Plus,Metoprolol Succinate,Tablet,50mg,AstraZeneca
1245,91723-336-45,Albuterol Plus,Albuterol Sulfate,Inhaler,90mcg,GSK
1246,59049-428-46,Lysinopril Plus,Lisinopril,Tablet,10mg,Sandoz
1247,62086-995-47,Albuterol Plus,Albuterol Sulfate,Inhaler,90mcg,GSK
1248,98316-773-48,Gabapentin Plus,Gabapentin,Capsule,300mg,Sun Pharma
1249,60060-205-49,Hydrochlorothiazide Plus,Hydrochlorothiazide,Tablet,25mg,Lupin
1250,50206-597-50,Gabapentin Plus,Gabapentin,Capsule,300mg,Sun Pharma
1251,44893-510-51,Sertraline Plus,Sertraline HCl,Tablet,50mg,Pfizer
1252,32137-746-52,Albuterol Plus,Albuterol Sulfate,Inhaler,90mcg,GSK
1253,46951-818-53,Metoprolol Plus,Metoprolol Succinate,Tablet,50mg,AstraZeneca
1254,10079-933-54,Gabapentin Plus,Gabapentin,Capsule,300mg,Sun Pharma
1255,10162-996-55,Sertraline Plus,Sertraline HCl,Tablet,50mg,Pfizer
1256,76005-481-56,Omeprazole Plus,Omeprazole,Capsule,20mg,AstraZeneca
1257,79475-810-57,Gabapentin Plus,Gabapentin,Capsule,300mg,Sun Pharma
1258,38331-343-58,Levothyroxine Plus,Levothyroxine Sodium,Tablet,50mcg,AbbVie
1259,75558-979-59,Albuterol Plus,Albuterol Sulfate,Inhaler,90mcg,GSK
1260,84226-226-60,Ibuprofen Plus,Ibuprofen,Tablet,800mg,McNeil
1261,74010-883-61,Hydrochlorothiazide Plus,Hydrochlorothiazide,Tablet,25mg,Lupin
1262,51619-540-62,Amoxicillin Plus,Amoxicillin,Capsule,500mg,Teva
1263,36383-299-63,Omeprazole Plus,Omeprazole,Capsule,20mg,AstraZeneca
1264,69084-279-64,Atorvastatin Plus,Atorvastatin Calcium,Tablet,20mg,Pfizer
1265,65787-900-65,Azithromycin Plus,Azithromycin,Tablet,250mg,Pfizer
1266,41636-822-66,Amoxicillin Plus,Amoxicillin,Capsule,500mg,Teva
1267,79217-807-67,Amoxicillin Plus,Amoxicillin,Capsule,500mg,Teva
1268,50221-230-68,Albuterol Plus,Albuterol Sulfate,Inhaler,90mcg,GSK
1269,89743-565-69,Amoxicillin Plus,Amoxicillin,Capsule,500mg,Teva
1270,93884-809-70,Amlodipine Plus,Amlodipine Besylate,Tablet,5mg,Novartis
1271,59159-963-71,Azithromycin Plus,Azithromycin,Tablet,250mg,Pfizer
1272,90012-476-72,Ibuprofen Plus,Ibuprofen,Tablet,800mg,McNeil
1273,93854-984-73,Albuterol Plus,Albuterol Sulfate,Inhaler,90mcg,GSK
1274,68991-945-74,Levothyroxine Plus,Levothyroxine Sodium,Tablet,50mcg,AbbVie
1275,80398-141-75,Sertraline Plus,Sertraline HCl,Tablet,50mg,Pfizer
1276,20934-662-76,Amlodipine Plus,Amlodipine Besylate,Tablet,5mg,Novartis
1277,52115-211-77,Omeprazole Plus,Omeprazole,Capsule,20mg,AstraZeneca
1278,43589-220-78,Amoxicillin Plus,Amoxicillin,Capsule,500mg,Teva
1279,10237-682-79,Amoxicillin Plus,Amoxicillin,Capsule,500mg,Teva
1280,37929-530-80,Metformin Plus,Metformin HCl,Tablet,850mg,Mylan
1281,63670-551-81,Hydrochlorothiazide Plus,Hydrochlorothiazide,Tablet,25mg,Lupin
1282,87535-697-82,Lysinopril Plus,Lisinopril,Tablet,10mg,Sandoz
1283,85639-326-83,Losartan Plus,Losartan Potassium,Tablet,50mg,Merck
1284,72203-964-84,Metformin Plus,Metformin HCl,Tablet,850mg,Mylan
1285,63051-653-85,Azithromycin Plus,Azithromycin,Tablet,250mg,Pfizer
1286,84428-937-86,Lysinopril Plus,Lisinopril,Tablet,10mg,Sandoz
1287,69326-183-87,Amoxicillin Plus,Amoxicillin,Capsule,500mg,Teva
1288,16541-664-88,Amlodipine Plus,Amlodipine Besylate,Tablet,5mg,Novartis
1289,19010-196-89,Hydrochlorothiazide Plus,Hydrochlorothiazide,Tablet,25mg,Lupin
1290,18565-921-90,Atorvastatin Plus,Atorvastatin Calcium,Tablet,20mg,Pfizer
1291,56683-962-91,Losartan Plus,Losartan Potassium,Tablet,50mg,Merck
1292,99449-274-92,Hydrochlorothiazide Plus,Hydrochlorothiazide,Tablet,25mg,Lupin
1293,63805-862-93,Sertraline Plus,Sertraline HCl,Tablet,50mg,Pfizer
1294,35703-809-94,Metoprolol Plus,Metoprolol Succinate,Tablet,50mg,AstraZeneca
1295,89642-301-95,Albuterol Plus,Albuterol Sulfate,Inhaler,90mcg,GSK
1296,55213-366-96,Metformin Plus,Metformin HCl,Tablet,850mg,Mylan
1297,54603-127-97,Amlodipine Plus,Amlodipine Besylate,Tablet,5mg,Novartis
1298,56579-119-98,Metformin Plus,Metformin HCl,Tablet,850mg,Mylan
1299,15625-880-99,Losartan Plus,Losartan Potassium,Tablet,50mg,Merck
1300,97302-530-00,Hydrochlorothiazide Plus,Hydrochlorothiazide,Tablet,25mg,Lupin
1301,61843-372-01,Lysinopril Plus,Lisinopril,Tablet,10mg,Sandoz
1302,25028-244-02,Gabapentin Plus,Gabapentin,Capsule,300mg,Sun Pharma
1303,99438-394-03,Sertraline Plus,Sertraline HCl,Tablet,50mg,Pfizer
1304,81746-651-04,Sertraline Plus,Sertraline HCl,Tablet,50mg,Pfizer
1305,81966-925-05,Gabapentin Plus,Gabapentin,Capsule,300mg,Sun Pharma
1306,78966-955-06,Lysinopril Plus,Lisinopril,Tablet,10mg,Sandoz
1307,98275-760-07,Atorvastatin Plus,Atorvastatin Calcium,Tablet,20mg,Pfizer
1308,16994-523-08,Gabapentin Plus,Gabapentin,Capsule,300mg,Sun Pharma
1309,11436-346-09,Omeprazole Plus,Omeprazole,Capsule,20mg,AstraZeneca
1310,45071-995-10,Gabapentin Plus,Gabapentin,Capsule,300mg,Sun Pharma
1311,69212-823-11,Levothyroxine Plus,Levothyroxine Sodium,Tablet,50mcg,AbbVie
1312,77803-751-12,Amlodipine Plus,Amlodipine Besylate,Tablet,5mg,Novartis
1313,72098-891-13,Atorvastatin Plus,Atorvastatin Calcium,Tablet,20mg,Pfizer
1314,86880-210-14,Hydrochlorothiazide Plus,Hydrochlorothiazide,Tablet,25mg,Lupin
1315,10385-636-15,Sertraline Plus,Sertraline HCl,Tablet,50mg,Pfizer
1316,24268-544-16,Lysinopril Plus,Lisinopril,Tablet,10mg,Sandoz
1317,21235-862-17,Amoxicillin Plus,Amoxicillin,Capsule,500mg,Teva
1318,84220-152-18,Levothyroxine Plus,Levothyroxine Sodium,Tablet,50mcg,AbbVie
1319,80851-733-19,Metoprolol Plus,Metoprolol Succinate,Tablet,50mg,AstraZeneca
1320,59094-650-20,Albuterol Plus,Albuterol Sulfate,Inhaler,90mcg,GSK
1321,40315-476-21,Atorvastatin Plus,Atorvastatin Calcium,Tablet,20mg,Pfizer
1322,38787-205-22,Albuterol Plus,Albuterol Sulfate,Inhaler,90mcg,GSK
1323,29981-181-23,Albuterol Plus,Albuterol Sulfate,Inhaler,90mcg,GSK
1324,82571-533-24,Gabapentin Plus,Gabapentin,Capsule,300mg,Sun Pharma
1325,34034-333-25,Ibuprofen Plus,Ibuprofen,Tablet,800mg,McNeil
1326,69593-850-26,Atorvastatin Plus,Atorvastatin Calcium,Tablet,20mg,Pfizer
1327,37195-443-27,Albuterol Plus,Albuterol Sulfate,Inhaler,90mcg,GSK
1328,32627-681-28,Ibuprofen Plus,Ibuprofen,Tablet,800mg,McNeil
1329,81630-542-29,Amoxicillin Plus,Amoxicillin,Capsule,500mg,Teva
1330,44059-810-30,Omeprazole Plus,Omeprazole,Capsule,20mg,AstraZeneca
1331,51528-853-31,Omeprazole Plus,Omeprazole,Capsule,20mg,AstraZeneca
1332,76767-917-32,Amoxicillin Plus,Amoxicillin,Capsule,500mg,Teva
1333,15754-668-33,Omeprazole Plus,Omeprazole,Capsule,20mg,AstraZeneca
1334,60885-164-34,Ibuprofen Plus,Ibuprofen,Tablet,800mg,McNeil
1335,38482-570-35,Atorvastatin Plus,Atorvastatin Calcium,Tablet,20mg,Pfizer
1336,65624-411-36,Omeprazole Plus,Omeprazole,Capsule,20mg,AstraZeneca
1337,11658-415-37,Hydrochlorothiazide Plus,Hydrochlorothiazide,Tablet,25mg,Lupin
1338,94982-755-38,Amoxicillin Plus,Amoxicillin,Capsule,500mg,Teva
1339,74467-339-39,Amoxicillin Plus,Amoxicillin,Capsule,500mg,Teva
1340,35684-939-40,Lysinopril Plus,Lisinopril,Tablet,10mg,Sandoz
1341,57941-973-41,Gabapentin Plus,Gabapentin,Capsule,300mg,Sun Pharma
1342,41215-793-42,Azithromycin Plus,Azithromycin,Tablet,250mg,Pfizer
1343,19055-753-43,Levothyroxine Plus,Levothyroxine Sodium,Tablet,50mcg,AbbVie
1344,13075-483-44,Atorvastatin Plus,Atorvastatin Calcium,Tablet,20mg,Pfizer
1345,25406-392-45,Amoxicillin Plus,Amoxicillin,Capsule,500mg,Teva
1346,64712-969-46,Amoxicillin Plus,Amoxicillin,Capsule,500mg,Teva
1347,24645-198-47,Lysinopril Plus,Lisinopril,Tablet,10mg,Sandoz
1348,44043-210-48,Losartan Plus,Losartan Potassium,Tablet,50mg,Merck
1349,20050-490-49,Levothyroxine Plus,Levothyroxine Sodium,Tablet,50mcg,AbbVie
1350,65306-211-50,Losartan Plus,Losartan Potassium,Tablet,50mg,Merck
1351,11690-900-51,Omeprazole Plus,Omeprazole,Capsule,20mg,AstraZeneca
1352,45422-961-52,Sertraline Plus,Sertraline HCl,Tablet,50mg,Pfizer
1353,79340-973-53,Azithromycin Plus,Azithromycin,Tablet,250mg,Pfizer
1354,91162-701-54,Losartan Plus,Losartan Potassium,Tablet,50mg,Merck
1355,48706-832-55,Albuterol Plus,Albuterol Sulfate,Inhaler,90mcg,GSK
1356,62136-267-56,Omeprazole Plus,Omeprazole,Capsule,20mg,AstraZeneca
1357,68134-966-57,Amoxicillin Plus,Amoxicillin,Capsule,500mg,Teva
1358,17701-550-58,Gabapentin Plus,Gabapentin,Capsule,300mg,Sun Pharma
1359,18429-616-59,Metformin Plus,Metformin HCl,Tablet,850mg,Mylan
1360,20121-350-60,Omeprazole Plus,Omeprazole,Capsule,20mg,AstraZeneca
1361,23950-386-61,Levothyroxine Plus,Levothyroxine Sodium,Tablet,50mcg,AbbVie
1362,98041-417-62,Azithromycin Plus,Azithromycin,Tablet,250mg,Pfizer
1363,43739-863-63,Omeprazole Plus,Omeprazole,Capsule,20mg,AstraZeneca
1364,81404-837-64,Gabapentin Plus,Gabapentin,Capsule,300mg,Sun Pharma
1365,16465-239-65,Hydrochlorothiazide Plus,Hydrochlorothiazide,Tablet,25mg,Lupin
1366,25173-512-66,Gabapentin Plus,Gabapentin,Capsule,300mg,Sun Pharma
1367,48226-941-67,Gabapentin Plus,Gabapentin,Capsule,300mg,Sun Pharma
1368,10737-313-68,Losartan Plus,Losartan Potassium,Tablet,50mg,Merck
1369,98445-666-69,Amoxicillin Plus,Amoxicillin,Capsule,500mg,Teva
1370,81115-622-70,Atorvastatin Plus,Atorvastatin Calcium,Tablet,20mg,Pfizer
1371,47550-434-71,Hydrochlorothiazide Plus,Hydrochlorothiazide,Tablet,25mg,Lupin
1372,44247-154-72,Metoprolol Plus,Metoprolol Succinate,Tablet,50mg,AstraZeneca
1373,90746-855-73,Levothyroxine Plus,Levothyroxine Sodium,Tablet,50mcg,AbbVie
1374,28542-826-74,Metoprolol Plus,Metoprolol Succinate,Tablet,50mg,AstraZeneca
1375,84348-888-75,Albuterol Plus,Albuterol Sulfate,Inhaler,90mcg,GSK
1376,30791-104-76,Amoxicillin Plus,Amoxicillin,Capsule,500mg,Teva
1377,11026-631-77,Omeprazole Plus,Omeprazole,Capsule,20mg,AstraZeneca
1378,24412-767-78,Albuterol Plus,Albuterol Sulfate,Inhaler,90mcg,GSK
1379,27076-469-79,Losartan Plus,Losartan Potassium,Tablet,50mg,Merck
1380,19861-211-80,Amlodipine Plus,Amlodipine Besylate,Tablet,5mg,Novartis
1381,98654-353-81,Omeprazole Plus,Omeprazole,Capsule,20mg,AstraZeneca
1382,72666-315-82,Metformin Plus,Metformin HCl,Tablet,850mg,Mylan
1383,53893-776-83,Hydrochlorothiazide Plus,Hydrochlorothiazide,Tablet,25mg,Lupin
1384,19464-770-84,Hydrochlorothiazide Plus,Hydrochlorothiazide,Tablet,25mg,Lupin
1385,92996-335-85,Amoxicillin Plus,Amoxicillin,Capsule,500mg,Teva
1386,49536-131-86,Hydrochlorothiazide Plus,Hydrochlorothiazide,Tablet,25mg,Lupin
1387,64733-843-87,Atorvastatin Plus,Atorvastatin Calcium,Tablet,20mg,Pfizer
1388,29194-524-88,Amlodipine Plus,Amlodipine Besylate,Tablet,5mg,Novartis
1389,94762-459-89,Losartan Plus,Losartan Potassium,Tablet,50mg,Merck
1390,41517-315-90,Atorvastatin Plus,Atorvastatin Calcium,Tablet,20mg,Pfizer
1391,94807-899-91,Atorvastatin Plus,Atorvastatin Calcium,Tablet,20mg,Pfizer
1392,64925-506-92,Amlodipine Plus,Amlodipine Besylate,Tablet,5mg,Novartis
1393,97000-543-93,Albuterol Plus,Albuterol Sulfate,Inhaler,90mcg,GSK
1394,35443-346-94,Metformin Plus,Metformin HCl,Tablet,850mg,Mylan
1395,81391-844-95,Ibuprofen Plus,Ibuprofen,Tablet,800mg,McNeil
1396,96264-608-96,Gabapentin Plus,Gabapentin,Capsule,300mg,Sun Pharma
1397,94177-226-97,Gabapentin Plus,Gabapentin,Capsule,300mg,Sun Pharma
1398,27061-131-98,Atorvastatin Plus,Atorvastatin Calcium,Tablet,20mg,Pfizer
1399,82513-106-99,Albuterol Plus,Albuterol Sulfate,Inhaler,90mcg,GSK
1400,10408-847-00,Levothyroxine Plus,Levothyroxine Sodium,Tablet,50mcg,AbbVie
1401,56795-460-01,Metformin Plus,Metformin HCl,Tablet,850mg,Mylan
1402,56197-334-02,Levothyroxine Plus,Levothyroxine Sodium,Tablet,50mcg,AbbVie
1403,40191-817-03,Losartan Plus,Losartan Potassium,Tablet,50mg,Merck
1404,30057-191-04,Hydrochlorothiazide Plus,Hydrochlorothiazide,Tablet,25mg,Lupin
1405,78843-154-05,Amoxicillin Plus,Amoxicillin,Capsule,500mg,Teva
1406,99611-245-06,Metformin Plus,Metformin HCl,Tablet,850mg,Mylan
1407,96538-837-07,Metformin Plus,Metformin HCl,Tablet,850mg,Mylan
1408,79672-570-08,Levothyroxine Plus,Levothyroxine Sodium,Tablet,50mcg,AbbVie
1409,22371-751-09,Ibuprofen Plus,Ibuprofen,Tablet,800mg,McNeil
1410,49015-917-10,Amlodipine Plus,Amlodipine Besylate,Tablet,5mg,Novartis
1411,56237-252-11,Hydrochlorothiazide Plus,Hydrochlorothiazide,Tablet,25mg,Lupin
1412,15303-514-12,Levothyroxine Plus,Levothyroxine Sodium,Tablet,50mcg,AbbVie
1413,79044-491-13,Levothyroxine Plus,Levothyroxine Sodium,Tablet,50mcg,AbbVie
1414,18838-500-14,Losartan Plus,Losartan Potassium,Tablet,50mg,Merck
1415,44091-513-15,Sertraline Plus,Sertraline HCl,Tablet,50mg,Pfizer
1416,89859-969-16,Metoprolol Plus,Metoprolol Succinate,Tablet,50mg,AstraZeneca
1417,31148-600-17,Metoprolol Plus,Metoprolol Succinate,Tablet,50mg,AstraZeneca
1418,49358-145-18,Amoxicillin Plus,Amoxicillin,Capsule,500mg,Teva
1419,85536-318-19,Metformin Plus,Metformin HCl,Tablet,850mg,Mylan
1420,72047-563-20,Hydrochlorothiazide Plus,Hydrochlorothiazide,Tablet,25mg,Lupin
1421,48839-250-21,Atorvastatin Plus,Atorvastatin Calcium,Tablet,20mg,Pfizer
1422,13261-187-22,Lysinopril Plus,Lisinopril,Tablet,10mg,Sandoz
1423,56677-792-23,Amlodipine Plus,Amlodipine Besylate,Tablet,5mg,Novartis
1424,77890-366-24,Metformin Plus,Metformin HCl,Tablet,850mg,Mylan
1425,99716-248-25,Albuterol Plus,Albuterol Sulfate,Inhaler,90mcg,GSK
1426,90128-786-26,Metformin Plus,Metformin HCl,Tablet,850mg,Mylan
1427,47092-618-27,Omeprazole Plus,Omeprazole,Capsule,20mg,AstraZeneca
1428,90359-317-28,Atorvastatin Plus,Atorvastatin Calcium,Tablet,20mg,Pfizer
1429,83659-914-29,Losartan Plus,Losartan Potassium,Tablet,50mg,Merck
1430,88491-653-30,Sertraline Plus,Sertraline HCl,Tablet,50mg,Pfizer
1431,97646-253-31,Sertraline Plus,Sertraline HCl,Tablet,50mg,Pfizer
1432,48110-841-32,Omeprazole Plus,Omeprazole,Capsule,20mg,AstraZeneca
1433,52702-268-33,Albuterol Plus,Albuterol Sulfate,Inhaler,90mcg,GSK
1434,50352-928-34,Atorvastatin Plus,Atorvastatin Calcium,Tablet,20mg,Pfizer
1435,22728-571-35,Levothyroxine Plus,Levothyroxine Sodium,Tablet,50mcg,AbbVie
1436,46290-716-36,Azithromycin Plus,Azithromycin,Tablet,250mg,Pfizer
1437,21762-240-37,Amlodipine Plus,Amlodipine Besylate,Tablet,5mg,Novartis
1438,74178-901-38,Losartan Plus,Losartan Potassium,Tablet,50mg,Merck
1439,23055-438-39,Lysinopril Plus,Lisinopril,Tablet,10mg,Sandoz
1440,32039-566-40,Hydrochlorothiazide Plus,Hydrochlorothiazide,Tablet,25mg,Lupin
1441,48057-764-41,Lysinopril Plus,Lisinopril,Tablet,10mg,Sandoz
1442,16390-780-42,Albuterol Plus,Albuterol Sulfate,Inhaler,90mcg,GSK
1443,46881-963-43,Levothyroxine Plus,Levothyroxine Sodium,Tablet,50mcg,AbbVie
1444,81352-797-44,Metoprolol Plus,Metoprolol Succinate,Tablet,50mg,AstraZeneca
1445,21342-516-45,Levothyroxine Plus,Levothyroxine Sodium,Tablet,50mcg,AbbVie
1446,71105-272-46,Lysinopril Plus,Lisinopril,Tablet,10mg,Sandoz
1447,52140-987-47,Lysinopril Plus,Lisinopril,Tablet,10mg,Sandoz
1448,88558-976-48,Amlodipine Plus,Amlodipine Besylate,Tablet,5mg,Novartis
1449,85762-176-49,Levothyroxine Plus,Levothyroxine Sodium,Tablet,50mcg,AbbVie
1450,66873-511-50,Ibuprofen Plus,Ibuprofen,Tablet,800mg,McNeil
1451,87701-420-51,Gabapentin Plus,Gabapentin,Capsule,300mg,Sun Pharma
1452,40082-991-52,Lysinopril Plus,Lisinopril,Tablet,10mg,Sandoz
1453,28739-816-53,Metoprolol Plus,Metoprolol Succinate,Tablet,50mg,AstraZeneca
1454,71569-869-54,Atorvastatin Plus,Atorvastatin Calcium,Tablet,20mg,Pfizer
1455,99625-135-55,Metoprolol Plus,Metoprolol Succinate,Tablet,50mg,AstraZeneca
1456,27729-212-56,Losartan Plus,Losartan Potassium,Tablet,50mg,Merck
1457,85272-146-57,Amoxicillin Plus,Amoxicillin,Capsule,500mg,Teva
1458,41464-854-58,Metformin Plus,Metformin HCl,Tablet,850mg,Mylan
1459,30061-497-59,Albuterol Plus,Albuterol Sulfate,Inhaler,90mcg,GSK
1460,45943-403-60,Metformin Plus,Metformin HCl,Tablet,850mg,Mylan
1461,30485-717-61,Levothyroxine Plus,Levothyroxine Sodium,Tablet,50mcg,AbbVie
1462,31755-615-62,Metformin Plus,Metformin HCl,Tablet,850mg,Mylan
1463,32398-626-63,Omeprazole Plus,Omeprazole,Capsule,20mg,AstraZeneca
1464,97229-562-64,Lysinopril Plus,Lisinopril,Tablet,10mg,Sandoz
1465,10049-435-65,Omeprazole Plus,Omeprazole,Capsule,20mg,AstraZeneca
1466,66438-931-66,Metformin Plus,Metformin HCl,Tablet,850mg,Mylan
1467,49748-770-67,Atorvastatin Plus,Atorvastatin Calcium,Tablet,20mg,Pfizer
1468,98762-154-68,Lysinopril Plus,Lisinopril,Tablet,10mg,Sandoz
1469,40376-742-69,Atorvastatin Plus,Atorvastatin Calcium,Tablet,20mg,Pfizer
1470,56779-750-70,Amoxicillin Plus,Amoxicillin,Capsule,500mg,Teva
1471,92867-523-71,Sertraline Plus,Sertraline HCl,Tablet,50mg,Pfizer
1472,23617-244-72,Sertraline Plus,Sertraline HCl,Tablet,50mg,Pfizer
1473,35226-137-73,Losartan Plus,Losartan Potassium,Tablet,50mg,Merck
1474,99428-441-74,Omeprazole Plus,Omeprazole,Capsule,20mg,AstraZeneca
1475,41977-876-75,Lysinopril Plus,Lisinopril,Tablet,10mg,Sandoz
1476,36535-642-76,Levothyroxine Plus,Levothyroxine Sodium,Tablet,50mcg,AbbVie
1477,34752-218-77,Losartan Plus,Losartan Potassium,Tablet,50mg,Merck
1478,10374-316-78,Lysinopril Plus,Lisinopril,Tablet,10mg,Sandoz
1479,79706-844-79,Omeprazole Plus,Omeprazole,Capsule,20mg,AstraZeneca
1480,68496-232-80,Amoxicillin Plus,Amoxicillin,Capsule,500mg,Teva
1481,88788-819-81,Amlodipine Plus,Amlodipine Besylate,Tablet,5mg,Novartis
1482,21678-550-82,Metformin Plus,Metformin HCl,Tablet,850mg,Mylan
1483,64843-937-83,Omeprazole Plus,Omeprazole,Capsule,20mg,AstraZeneca
1484,92816-996-84,Gabapentin Plus,Gabapentin,Capsule,300mg,Sun Pharma
1485,91818-138-85,Amoxicillin Plus,Amoxicillin,Capsule,500mg,Teva
1486,77682-778-86,Hydrochlorothiazide Plus,Hydrochlorothiazide,Tablet,25mg,Lupin
1487,49791-138-87,Losartan Plus,Losartan Potassium,Tablet,50mg,Merck
1488,36356-472-88,Albuterol Plus,Albuterol Sulfate,Inhaler,90mcg,GSK
1489,37250-974-89,Atorvastatin Plus,Atorvastatin Calcium,Tablet,20mg,Pfizer
1490,95617-847-90,Hydrochlorothiazide Plus,Hydrochlorothiazide,Tablet,25mg,Lupin
1491,43251-100-91,Gabapentin Plus,Gabapentin,Capsule,300mg,Sun Pharma
1492,76506-674-92,Amoxicillin Plus,Amoxicillin,Capsule,500mg,Teva
1493,27444-963-93,Ibuprofen Plus,Ibuprofen,Tablet,800mg,McNeil
1494,59481-423-94,Amlodipine Plus,Amlodipine Besylate,Tablet,5mg,Novartis
1495,52963-657-95,Lysinopril Plus,Lisinopril,Tablet,10mg,Sandoz
1496,86898-119-96,Gabapentin Plus,Gabapentin,Capsule,300mg,Sun Pharma
1497,48052-944-97,Azithromycin Plus,Azithromycin,Tablet,250mg,Pfizer
1498,71996-869-98,Amlodipine Plus,Amlodipine Besylate,Tablet,5mg,Novartis
1499,65689-389-99,Ibuprofen Plus,Ibuprofen,Tablet,800mg,McNeil
1500,81349-415-00,Azithromycin Plus,Azithromycin,Tablet,250mg,Pfizer
1501,71921-151-01,Omeprazole Plus,Omeprazole,Capsule,20mg,AstraZeneca
1502,11947-830-02,Albuterol Plus,Albuterol Sulfate,Inhaler,90mcg,GSK
1503,42502-836-03,Lysinopril Plus,Lisinopril,Tablet,10mg,Sandoz
1504,11242-761-04,Hydrochlorothiazide Plus,Hydrochlorothiazide,Tablet,25mg,Lupin
1505,52193-846-05,Omeprazole Plus,Omeprazole,Capsule,20mg,AstraZeneca
1506,12026-490-06,Sertraline Plus,Sertraline HCl,Tablet,50mg,Pfizer
1507,39126-969-07,Amlodipine Plus,Amlodipine Besylate,Tablet,5mg,Novartis
1508,55159-606-08,Metoprolol Plus,Metoprolol Succinate,Tablet,50mg,AstraZeneca
1509,62434-716-09,Ibuprofen Plus,Ibuprofen,Tablet,800mg,McNeil
1510,43814-738-10,Metoprolol Plus,Metoprolol Succinate,Tablet,50mg,AstraZeneca
1511,24619-265-11,Azithromycin Plus,Azithromycin,Tablet,250mg,Pfizer
1512,11711-915-12,Albuterol Plus,Albuterol Sulfate,Inhaler,90mcg,GSK
1513,74610-764-13,Atorvastatin Plus,Atorvastatin Calcium,Tablet,20mg,Pfizer
1514,90412-768-14,Levothyroxine Plus,Levothyroxine Sodium,Tablet,50mcg,AbbVie
1515,68201-644-15,Metoprolol Plus,Metoprolol Succinate,Tablet,50mg,AstraZeneca
1516,14876-238-16,Albuterol Plus,Albuterol Sulfate,Inhaler,90mcg,GSK
1517,58613-350-17,Omeprazole Plus,Omeprazole,Capsule,20mg,AstraZeneca
1518,21464-201-18,Omeprazole Plus,Omeprazole,Capsule,20mg,AstraZeneca
1519,61890-191-19,Lysinopril Plus,Lisinopril,Tablet,10mg,Sandoz
1520,69630-119-20,Ibuprofen Plus,Ibuprofen,Tablet,800mg,McNeil
1521,44197-860-21,Lysinopril Plus,Lisinopril,Tablet,10mg,Sandoz
1522,13122-665-22,Levothyroxine Plus,Levothyroxine Sodium,Tablet,50mcg,AbbVie
1523,45673-495-23,Azithromycin Plus,Azithromycin,Tablet,250mg,Pfizer
1524,26463-553-24,Losartan Plus,Losartan Potassium,Tablet,50mg,Merck
1525,35302-276-25,Metoprolol Plus,Metoprolol Succinate,Tablet,50mg,AstraZeneca
1526,83472-435-26,Amlodipine Plus,Amlodipine Besylate,Tablet,5mg,Novartis
1527,55859-556-27,Amlodipine Plus,Amlodipine Besylate,Tablet,5mg,Novartis
1528,80518-807-28,Amoxicillin Plus,Amoxicillin,Capsule,500mg,Teva
1529,62665-158-29,Gabapentin Plus,Gabapentin,Capsule,300mg,Sun Pharma
1530,87712-802-30,Atorvastatin Plus,Atorvastatin Calcium,Tablet,20mg,Pfizer
1531,15489-641-31,Metoprolol Plus,Metoprolol Succinate,Tablet,50mg,AstraZeneca
1532,98279-931-32,Losartan Plus,Losartan Potassium,Tablet,50mg,Merck
1533,13117-376-33,Atorvastatin Plus,Atorvastatin Calcium,Tablet,20mg,Pfizer
1534,62447-150-34,Hydrochlorothiazide Plus,Hydrochlorothiazide,Tablet,25mg,Lupin
1535,73767-854-35,Hydrochlorothiazide Plus,Hydrochlorothiazide,Tablet,25mg,Lupin
1536,47673-172-36,Albuterol Plus,Albuterol Sulfate,Inhaler,90mcg,GSK
1537,57793-338-37,Metoprolol Plus,Metoprolol Succinate,Tablet,50mg,AstraZeneca
1538,68290-597-38,Hydrochlorothiazide Plus,Hydrochlorothiazide,Tablet,25mg,Lupin
1539,52942-143-39,Albuterol Plus,Albuterol Sulfate,Inhaler,90mcg,GSK
1540,56484-235-40,Metoprolol Plus,Metoprolol Succinate,Tablet,50mg,AstraZeneca
1541,64765-300-41,Amlodipine Plus,Amlodipine Besylate,Tablet,5mg,Novartis
1542,10074-259-42,Atorvastatin Plus,Atorvastatin Calcium,Tablet,20mg,Pfizer
1543,30617-143-43,Metformin Plus,Metformin HCl,Tablet,850mg,Mylan
1544,89740-329-44,Losartan Plus,Losartan Potassium,Tablet,50mg,Merck
1545,35748-843-45,Metformin Plus,Metformin HCl,Tablet,850mg,Mylan
1546,25514-442-46,Losartan Plus,Losartan Potassium,Tablet,50mg,Merck
1547,28934-726-47,Lysinopril Plus,Lisinopril,Tablet,10mg,Sandoz
1548,48543-724-48,Omeprazole Plus,Omeprazole,Capsule,20mg,AstraZeneca
1549,30846-343-49,Atorvastatin Plus,Atorvastatin Calcium,Tablet,20mg,Pfizer
1550,15117-732-50,Metformin Plus,Metformin HCl,Tablet,850mg,Mylan
1551,88871-494-51,Losartan Plus,Losartan Potassium,Tablet,50mg,Merck
1552,23571-237-52,Lysinopril Plus,Lisinopril,Tablet,10mg,Sandoz
1553,92894-542-53,Lysinopril Plus,Lisinopril,Tablet,10mg,Sandoz
1554,12181-642-54,Metoprolol Plus,Metoprolol Succinate,Tablet,50mg,AstraZeneca
1555,99912-838-55,Sertraline Plus,Sertraline HCl,Tablet,50mg,Pfizer
1556,33416-584-56,Metoprolol Plus,Metoprolol Succinate,Tablet,50mg,AstraZeneca
1557,29019-763-57,Levothyroxine Plus,Levothyroxine Sodium,Tablet,50mcg,AbbVie
1558,85981-341-58,Lysinopril Plus,Lisinopril,Tablet,10mg,Sandoz
1559,45501-426-59,Atorvastatin Plus,Atorvastatin Calcium,Tablet,20mg,Pfizer
1560,17092-572-60,Losartan Plus,Losartan Potassium,Tablet,50mg,Merck
1561,99260-949-61,Azithromycin Plus,Azithromycin,Tablet,250mg,Pfizer
1562,73743-433-62,Azithromycin Plus,Azithromycin,Tablet,250mg,Pfizer
1563,67263-360-63,Levothyroxine Plus,Levothyroxine Sodium,Tablet,50mcg,AbbVie
1564,24896-984-64,Omeprazole Plus,Omeprazole,Capsule,20mg,AstraZeneca
1565,48448-303-65,Ibuprofen Plus,Ibuprofen,Tablet,800mg,McNeil
1566,98723-808-66,Sertraline Plus,Sertraline HCl,Tablet,50mg,Pfizer
1567,58307-666-67,Omeprazole Plus,Omeprazole,Capsule,20mg,AstraZeneca
1568,36259-141-68,Hydrochlorothiazide Plus,Hydrochlorothiazide,Tablet,25mg,Lupin
1569,31434-594-69,Atorvastatin Plus,Atorvastatin Calcium,Tablet,20mg,Pfizer
1570,53421-370-70,Lysinopril Plus,Lisinopril,Tablet,10mg,Sandoz
1571,72365-862-71,Losartan Plus,Losartan Potassium,Tablet,50mg,Merck
1572,75367-304-72,Sertraline Plus,Sertraline HCl,Tablet,50mg,Pfizer
1573,91750-112-73,Amlodipine Plus,Amlodipine Besylate,Tablet,5mg,Novartis
1574,72247-667-74,Amoxicillin Plus,Amoxicillin,Capsule,500mg,Teva
1575,52844-382-75,Metoprolol Plus,Metoprolol Succinate,Tablet,50mg,AstraZeneca
1576,88781-596-76,Metformin Plus,Metformin HCl,Tablet,850mg,Mylan
1577,68207-900-77,Omeprazole Plus,Omeprazole,Capsule,20mg,AstraZeneca
1578,67963-168-78,Omeprazole Plus,Omeprazole,Capsule,20mg,AstraZeneca
1579,10005-671-79,Azithromycin Plus,Azithromycin,Tablet,250mg,Pfizer
1580,49323-403-80,Ibuprofen Plus,Ibuprofen,Tablet,800mg,McNeil
1581,29437-196-81,Losartan Plus,Losartan Potassium,Tablet,50mg,Merck
1582,89982-864-82,Ibuprofen Plus,Ibuprofen,Tablet,800mg,McNeil
1583,73118-984-83,Amlodipine Plus,Amlodipine Besylate,Tablet,5mg,Novartis
1584,94182-272-84,Hydrochlorothiazide Plus,Hydrochlorothiazide,Tablet,25mg,Lupin
1585,73347-346-85,Azithromycin Plus,Azithromycin,Tablet,250mg,Pfizer
1586,98219-630-86,Azithromycin Plus,Azithromycin,Tablet,250mg,Pfizer
1587,33614-695-87,Sertraline Plus,Sertraline HCl,Tablet,50mg,Pfizer
1588,22263-560-88,Atorvastatin Plus,Atorvastatin Calcium,Tablet,20mg,Pfizer
1589,22442-550-89,Atorvastatin Plus,Atorvastatin Calcium,Tablet,20mg,Pfizer
1590,17970-780-90,Amlodipine Plus,Amlodipine Besylate,Tablet,5mg,Novartis
1591,19772-304-91,Azithromycin Plus,Azithromycin,Tablet,250mg,Pfizer
1592,31571-223-92,Albuterol Plus,Albuterol Sulfate,Inhaler,90mcg,GSK
1593,25449-399-93,Amoxicillin Plus,Amoxicillin,Capsule,500mg,Teva
1594,22973-702-94,Gabapentin Plus,Gabapentin,Capsule,300mg,Sun Pharma
1595,60945-405-95,Levothyroxine Plus,Levothyroxine Sodium,Tablet,50mcg,AbbVie
1596,39277-313-96,Omeprazole Plus,Omeprazole,Capsule,20mg,AstraZeneca
1597,55543-934-97,Amlodipine Plus,Amlodipine Besylate,Tablet,5mg,Novartis
1598,96775-354-98,Sertraline Plus,Sertraline HCl,Tablet,50mg,Pfizer
1599,71145-159-99,Metformin Plus,Metformin HCl,Tablet,850mg,Mylan
1600,66606-629-00,Lysinopril Plus,Lisinopril,Tablet,10mg,Sandoz
1601,30982-986-01,Gabapentin Plus,Gabapentin,Capsule,300mg,Sun Pharma
1602,12714-712-02,Gabapentin Plus,Gabapentin,Capsule,300mg,Sun Pharma
1603,93291-943-03,Amlodipine Plus,Amlodipine Besylate,Tablet,5mg,Novartis
1604,63207-942-04,Losartan Plus,Losartan Potassium,Tablet,50mg,Merck
1605,28302-489-05,Sertraline Plus,Sertraline HCl,Tablet,50mg,Pfizer
1606,51096-466-06,Losartan Plus,Losartan Potassium,Tablet,50mg,Merck
1607,14445-652-07,Ibuprofen Plus,Ibuprofen,Tablet,800mg,McNeil
1608,32721-227-08,Atorvastatin Plus,Atorvastatin Calcium,Tablet,20mg,Pfizer
1609,79183-679-09,Hydrochlorothiazide Plus,Hydrochlorothiazide,Tablet,25mg,Lupin
1610,44928-229-10,Omeprazole Plus,Omeprazole,Capsule,20mg,AstraZeneca
1611,97371-528-11,Ibuprofen Plus,Ibuprofen,Tablet,800mg,McNeil
1612,58024-982-12,Atorvastatin Plus,Atorvastatin Calcium,Tablet,20mg,Pfizer
1613,71411-762-13,Amlodipine Plus,Amlodipine Besylate,Tablet,5mg,Novartis
1614,52575-691-14,Sertraline Plus,Sertraline HCl,Tablet,50mg,Pfizer
1615,12130-398-15,Levothyroxine Plus,Levothyroxine Sodium,Tablet,50mcg,AbbVie
1616,98859-114-16,Levothyroxine Plus,Levothyroxine Sodium,Tablet,50mcg,AbbVie
1617,25754-556-17,Amoxicillin Plus,Amoxicillin,Capsule,500mg,Teva
1618,18184-975-18,Sertraline Plus,Sertraline HCl,Tablet,50mg,Pfizer
1619,74893-557-19,Losartan Plus,Losartan Potassium,Tablet,50mg,Merck
1620,35510-656-20,Azithromycin Plus,Azithromycin,Tablet,250mg,Pfizer
1621,28103-238-21,Atorvastatin Plus,Atorvastatin Calcium,Tablet,20mg,Pfizer
1622,48751-645-22,Omeprazole Plus,Omeprazole,Capsule,20mg,AstraZeneca
1623,15085-226-23,Metoprolol Plus,Metoprolol Succinate,Tablet,50mg,AstraZeneca
1624,23448-441-24,Ibuprofen Plus,Ibuprofen,Tablet,800mg,McNeil
1625,92567-947-25,Atorvastatin Plus,Atorvastatin Calcium,Tablet,20mg,Pfizer
1626,49520-499-26,Omeprazole Plus,Omeprazole,Capsule,20mg,AstraZeneca
1627,33269-467-27,Albuterol Plus,Albuterol Sulfate,Inhaler,90mcg,GSK
1628,38425-157-28,Losartan Plus,Losartan Potassium,Tablet,50mg,Merck
1629,68160-382-29,Losartan Plus,Losartan Potassium,Tablet,50mg,Merck
1630,65380-967-30,Omeprazole Plus,Omeprazole,Capsule,20mg,AstraZeneca
1631,35728-145-31,Ibuprofen Plus,Ibuprofen,Tablet,800mg,McNeil
1632,67653-587-32,Atorvastatin Plus,Atorvastatin Calcium,Tablet,20mg,Pfizer
1633,60455-482-33,Levothyroxine Plus,Levothyroxine Sodium,Tablet,50mcg,AbbVie
1634,92899-239-34,Levothyroxine Plus,Levothyroxine Sodium,Tablet,50mcg,AbbVie
1635,49799-804-35,Amlodipine Plus,Amlodipine Besylate,Tablet,5mg,Novartis
1636,23277-453-36,Ibuprofen Plus,Ibuprofen,Tablet,800mg,McNeil
1637,16701-306-37,Ibuprofen Plus,Ibuprofen,Tablet,800mg,McNeil
1638,77345-596-38,Lysinopril Plus,Lisinopril,Tablet,10mg,Sandoz
1639,34346-921-39,Metoprolol Plus,Metoprolol Succinate,Tablet,50mg,AstraZeneca
1640,74024-361-40,Losartan Plus,Losartan Potassium,Tablet,50mg,Merck
1641,78329-829-41,Amoxicillin Plus,Amoxicillin,Capsule,500mg,Teva
1642,94237-551-42,Sertraline Plus,Sertraline HCl,Tablet,50mg,Pfizer
1643,92909-279-43,Atorvastatin Plus,Atorvastatin Calcium,Tablet,20mg,Pfizer
1644,68116-179-44,Azithromycin Plus,Azithromycin,Tablet,250mg,Pfizer
1645,42766-668-45,Hydrochlorothiazide Plus,Hydrochlorothiazide,Tablet,25mg,Lupin
1646,22762-506-46,Amoxicillin Plus,Amoxicillin,Capsule,500mg,Teva
1647,79516-826-47,Atorvastatin Plus,Atorvastatin Calcium,Tablet,20mg,Pfizer
1648,97799-349-48,Lysinopril Plus,Lisinopril,Tablet,10mg,Sandoz
1649,25436-152-49,Omeprazole Plus,Omeprazole,Capsule,20mg,AstraZeneca
1650,78046-939-50,Losartan Plus,Losartan Potassium,Tablet,50mg,Merck
1651,51478-320-51,Gabapentin Plus,Gabapentin,Capsule,300mg,Sun Pharma
1652,52554-242-52,Gabapentin Plus,Gabapentin,Capsule,300mg,Sun Pharma
1653,27826-490-53,Metformin Plus,Metformin HCl,Tablet,850mg,Mylan
1654,20598-490-54,Losartan Plus,Losartan Potassium,Tablet,50mg,Merck
1655,93719-576-55,Sertraline Plus,Sertraline HCl,Tablet,50mg,Pfizer
1656,21259-323-56,Azithromycin Plus,Azithromycin,Tablet,250mg,Pfizer
1657,46619-673-57,Hydrochlorothiazide Plus,Hydrochlorothiazide,Tablet,25mg,Lupin
1658,31969-687-58,Levothyroxine Plus,Levothyroxine Sodium,Tablet,50mcg,AbbVie
1659,60134-569-59,Levothyroxine Plus,Levothyroxine Sodium,Tablet,50mcg,AbbVie
1660,85146-576-60,Sertraline Plus,Sertraline HCl,Tablet,50mg,Pfizer
1661,42309-229-61,Omeprazole Plus,Omeprazole,Capsule,20mg,AstraZeneca
1662,62329-870-62,Gabapentin Plus,Gabapentin,Capsule,300mg,Sun Pharma
1663,47733-389-63,Metoprolol Plus,Metoprolol Succinate,Tablet,50mg,AstraZeneca
1664,79618-486-64,Amoxicillin Plus,Amoxicillin,Capsule,500mg,Teva
1665,76982-887-65,Omeprazole Plus,Omeprazole,Capsule,20mg,AstraZeneca
1666,91610-545-66,Hydrochlorothiazide Plus,Hydrochlorothiazide,Tablet,25mg,Lupin
1667,59515-747-67,Omeprazole Plus,Omeprazole,Capsule,20mg,AstraZeneca
1668,33370-799-68,Losartan Plus,Losartan Potassium,Tablet,50mg,Merck
1669,94156-434-69,Hydrochlorothiazide Plus,Hydrochlorothiazide,Tablet,25mg,Lupin
1670,55188-283-70,Hydrochlorothiazide Plus,Hydrochlorothiazide,Tablet,25mg,Lupin
1671,79664-988-71,Metoprolol Plus,Metoprolol Succinate,Tablet,50mg,AstraZeneca
1672,79718-433-72,Metoprolol Plus,Metoprolol Succinate,Tablet,50mg,AstraZeneca
1673,55912-831-73,Losartan Plus,Losartan Potassium,Tablet,50mg,Merck
1674,28563-502-74,Azithromycin Plus,Azithromycin,Tablet,250mg,Pfizer
1675,44442-181-75,Gabapentin Plus,Gabapentin,Capsule,300mg,Sun Pharma
1676,80667-420-76,Albuterol Plus,Albuterol Sulfate,Inhaler,90mcg,GSK
1677,76998-710-77,Azithromycin Plus,Azithromycin,Tablet,250mg,Pfizer
1678,60561-709-78,Metformin Plus,Metformin HCl,Tablet,850mg,Mylan
1679,77619-350-79,Lysinopril Plus,Lisinopril,Tablet,10mg,Sandoz
1680,19550-995-80,Azithromycin Plus,Azithromycin,Tablet,250mg,Pfizer
1681,31502-490-81,Levothyroxine Plus,Levothyroxine Sodium,Tablet,50mcg,AbbVie
1682,62360-309-82,Gabapentin Plus,Gabapentin,Capsule,300mg,Sun Pharma
1683,78025-247-83,Hydrochlorothiazide Plus,Hydrochlorothiazide,Tablet,25mg,Lupin
1684,31907-946-84,Albuterol Plus,Albuterol Sulfate,Inhaler,90mcg,GSK
1685,84852-510-85,Lysinopril Plus,Lisinopril,Tablet,10mg,Sandoz
1686,46177-308-86,Ibuprofen Plus,Ibuprofen,Tablet,800mg,McNeil
1687,98544-441-87,Azithromycin Plus,Azithromycin,Tablet,250mg,Pfizer
1688,83090-612-88,Amlodipine Plus,Amlodipine Besylate,Tablet,5mg,Novartis
1689,42187-389-89,Hydrochlorothiazide Plus,Hydrochlorothiazide,Tablet,25mg,Lupin
1690,49589-730-90,Sertraline Plus,Sertraline HCl,Tablet,50mg,Pfizer
1691,30784-797-91,Azithromycin Plus,Azithromycin,Tablet,250mg,Pfizer
1692,72172-129-92,Hydrochlorothiazide Plus,Hydrochlorothiazide,Tablet,25mg,Lupin
1693,41418-896-93,Albuterol Plus,Albuterol Sulfate,Inhaler,90mcg,GSK
1694,62781-486-94,Metformin Plus,Metformin HCl,Tablet,850mg,Mylan
1695,88696-882-95,Sertraline Plus,Sertraline HCl,Tablet,50mg,Pfizer
1696,23924-279-96,Ibuprofen Plus,Ibuprofen,Tablet,800mg,McNeil
1697,20760-447-97,Losartan Plus,Losartan Potassium,Tablet,50mg,Merck
1698,38816-412-98,Azithromycin Plus,Azithromycin,Tablet,250mg,Pfizer
1699,31316-695-99,Amoxicillin Plus,Amoxicillin,Capsule,500mg,Teva
1700,72304-900-00,Hydrochlorothiazide Plus,Hydrochlorothiazide,Tablet,25mg,Lupin
1701,11160-539-01,Lysinopril Plus,Lisinopril,Tablet,10mg,Sandoz
1702,76675-527-02,Amoxicillin Plus,Amoxicillin,Capsule,500mg,Teva
1703,30872-386-03,Albuterol Plus,Albuterol Sulfate,Inhaler,90mcg,GSK
1704,40110-762-04,Metformin Plus,Metformin HCl,Tablet,850mg,Mylan
1705,51018-822-05,Amoxicillin Plus,Amoxicillin,Capsule,500mg,Teva
1706,41758-767-06,Lysinopril Plus,Lisinopril,Tablet,10mg,Sandoz
1707,54822-631-07,Losartan Plus,Losartan Potassium,Tablet,50mg,Merck
1708,81487-135-08,Albuterol Plus,Albuterol Sulfate,Inhaler,90mcg,GSK
1709,39207-291-09,Hydrochlorothiazide Plus,Hydrochlorothiazide,Tablet,25mg,Lupin
1710,30066-778-10,Metoprolol Plus,Metoprolol Succinate,Tablet,50mg,AstraZeneca
1711,19176-849-11,Metformin Plus,Metformin HCl,Tablet,850mg,Mylan
1712,96335-381-12,Atorvastatin Plus,Atorvastatin Calcium,Tablet,20mg,Pfizer
1713,45836-145-13,Azithromycin Plus,Azithromycin,Tablet,250mg,Pfizer
1714,20844-635-14,Ibuprofen Plus,Ibuprofen,Tablet,800mg,McNeil
1715,83157-227-15,Atorvastatin Plus,Atorvastatin Calcium,Tablet,20mg,Pfizer
1716,76956-346-16,Metformin Plus,Metformin HCl,Tablet,850mg,Mylan
1717,44943-154-17,Ibuprofen Plus,Ibuprofen,Tablet,800mg,McNeil
1718,24768-252-18,Sertraline Plus,Sertraline HCl,Tablet,50mg,Pfizer
1719,54929-640-19,Metformin Plus,Metformin HCl,Tablet,850mg,Mylan
1720,64962-578-20,Losartan Plus,Losartan Potassium,Tablet,50mg,Merck
1721,36885-623-21,Ibuprofen Plus,Ibuprofen,Tablet,800mg,McNeil
1722,39072-537-22,Metoprolol Plus,Metoprolol Succinate,Tablet,50mg,AstraZeneca
1723,70932-514-23,Metoprolol Plus,Metoprolol Succinate,Tablet,50mg,AstraZeneca
1724,85185-164-24,Levothyroxine Plus,Levothyroxine Sodium,Tablet,50mcg,AbbVie
1725,18155-532-25,Albuterol Plus,Albuterol Sulfate,Inhaler,90mcg,GSK
1726,32748-894-26,Levothyroxine Plus,Levothyroxine Sodium,Tablet,50mcg,AbbVie
1727,22288-625-27,Sertraline Plus,Sertraline HCl,Tablet,50mg,Pfizer
1728,18493-636-28,Hydrochlorothiazide Plus,Hydrochlorothiazide,Tablet,25mg,Lupin
1729,53237-890-29,Metformin Plus,Metformin HCl,Tablet,850mg,Mylan
1730,31781-926-30,Levothyroxine Plus,Levothyroxine Sodium,Tablet,50mcg,AbbVie
1731,74119-575-31,Lysinopril Plus,Lisinopril,Tablet,10mg,Sandoz
1732,67887-236-32,Azithromycin Plus,Azithromycin,Tablet,250mg,Pfizer
1733,67141-713-33,Gabapentin Plus,Gabapentin,Capsule,300mg,Sun Pharma
1734,74860-301-34,Hydrochlorothiazide Plus,Hydrochlorothiazide,Tablet,25mg,Lupin
1735,93671-939-35,Atorvastatin Plus,Atorvastatin Calcium,Tablet,20mg,Pfizer
1736,85343-775-36,Gabapentin Plus,Gabapentin,Capsule,300mg,Sun Pharma
1737,58738-895-37,Amlodipine Plus,Amlodipine Besylate,Tablet,5mg,Novartis
1738,68262-159-38,Hydrochlorothiazide Plus,Hydrochlorothiazide,Tablet,25mg,Lupin
1739,10765-817-39,Albuterol Plus,Albuterol Sulfate,Inhaler,90mcg,GSK
1740,56169-988-40,Amlodipine Plus,Amlodipine Besylate,Tablet,5mg,Novartis
1741,70641-309-41,Metoprolol Plus,Metoprolol Succinate,Tablet,50mg,AstraZeneca
1742,14945-644-42,Albuterol Plus,Albuterol Sulfate,Inhaler,90mcg,GSK
1743,22528-468-43,Metoprolol Plus,Metoprolol Succinate,Tablet,50mg,AstraZeneca
1744,49287-839-44,Ibuprofen Plus,Ibuprofen,Tablet,800mg,McNeil
1745,38188-134-45,Metoprolol Plus,Metoprolol Succinate,Tablet,50mg,AstraZeneca
1746,26581-557-46,Gabapentin Plus,Gabapentin,Capsule,300mg,Sun Pharma
1747,56514-417-47,Atorvastatin Plus,Atorvastatin Calcium,Tablet,20mg,Pfizer
1748,71983-662-48,Albuterol Plus,Albuterol Sulfate,Inhaler,90mcg,GSK
1749,65060-985-49,Amoxicillin Plus,Amoxicillin,Capsule,500mg,Teva
1750,90311-312-50,Albuterol Plus,Albuterol Sulfate,Inhaler,90mcg,GSK
1751,87533-658-51,Sertraline Plus,Sertraline HCl,Tablet,50mg,Pfizer
1752,69650-932-52,Sertraline Plus,Sertraline HCl,Tablet,50mg,Pfizer
1753,57838-115-53,Ibuprofen Plus,Ibuprofen,Tablet,800mg,McNeil
1754,36348-269-54,Gabapentin Plus,Gabapentin,Capsule,300mg,Sun Pharma
1755,55769-483-55,Hydrochlorothiazide Plus,Hydrochlorothiazide,Tablet,25mg,Lupin
1756,35562-802-56,Amlodipine Plus,Amlodipine Besylate,Tablet,5mg,Novartis
1757,11688-849-57,Omeprazole Plus,Omeprazole,Capsule,20mg,AstraZeneca
1758,51594-530-58,Albuterol Plus,Albuterol Sulfate,Inhaler,90mcg,GSK
1759,87284-956-59,Sertraline Plus,Sertraline HCl,Tablet,50mg,Pfizer
1760,61732-515-60,Lysinopril Plus,Lisinopril,Tablet,10mg,Sandoz
1761,33905-965-61,Levothyroxine Plus,Levothyroxine Sodium,Tablet,50mcg,AbbVie
1762,50637-566-62,Omeprazole Plus,Omeprazole,Capsule,20mg,AstraZeneca
1763,82698-445-63,Albuterol Plus,Albuterol Sulfate,Inhaler,90mcg,GSK
1764,50950-624-64,Amoxicillin Plus,Amoxicillin,Capsule,500mg,Teva
1765,98159-625-65,Levothyroxine Plus,Levothyroxine Sodium,Tablet,50mcg,AbbVie
1766,31332-359-66,Levothyroxine Plus,Levothyroxine Sodium,Tablet,50mcg,AbbVie
1767,39453-949-67,Hydrochlorothiazide Plus,Hydrochlorothiazide,Tablet,25mg,Lupin
1768,65735-554-68,Losartan Plus,Losartan Potassium,Tablet,50mg,Merck
1769,14592-493-69,Amoxicillin Plus,Amoxicillin,Capsule,500mg,Teva
1770,91152-730-70,Azithromycin Plus,Azithromycin,Tablet,250mg,Pfizer
1771,33052-450-71,Losartan Plus,Losartan Potassium,Tablet,50mg,Merck
1772,36181-224-72,Sertraline Plus,Sertraline HCl,Tablet,50mg,Pfizer
1773,23754-871-73,Amoxicillin Plus,Amoxicillin,Capsule,500mg,Teva
1774,74077-845-74,Amoxicillin Plus,Amoxicillin,Capsule,500mg,Teva
1775,67461-618-75,Ibuprofen Plus,Ibuprofen,Tablet,800mg,McNeil
1776,87129-471-76,Sertraline Plus,Sertraline HCl,Tablet,50mg,Pfizer
1777,85570-803-77,Amoxicillin Plus,Amoxicillin,Capsule,500mg,Teva
1778,15737-496-78,Atorvastatin Plus,Atorvastatin Calcium,Tablet,20mg,Pfizer
1779,77732-637-79,Metoprolol Plus,Metoprolol Succinate,Tablet,50mg,AstraZeneca
1780,53508-945-80,Metformin Plus,Metformin HCl,Tablet,850mg,Mylan
1781,15919-511-81,Losartan Plus,Losartan Potassium,Tablet,50mg,Merck
1782,68894-329-82,Ibuprofen Plus,Ibuprofen,Tablet,800mg,McNeil
1783,49594-982-83,Albuterol Plus,Albuterol Sulfate,Inhaler,90mcg,GSK
1784,58847-492-84,Albuterol Plus,Albuterol Sulfate,Inhaler,90mcg,GSK
1785,44974-124-85,Metformin Plus,Metformin HCl,Tablet,850mg,Mylan
1786,46933-378-86,Azithromycin Plus,Azithromycin,Tablet,250mg,Pfizer
1787,21812-760-87,Atorvastatin Plus,Atorvastatin Calcium,Tablet,20mg,Pfizer
1788,14009-368-88,Amoxicillin Plus,Amoxicillin,Capsule,500mg,Teva
1789,52204-231-89,Albuterol Plus,Albuterol Sulfate,Inhaler,90mcg,GSK
1790,60577-179-90,Amoxicillin Plus,Amoxicillin,Capsule,500mg,Teva
1791,27497-577-91,Albuterol Plus,Albuterol Sulfate,Inhaler,90mcg,GSK
1792,35695-685-92,Sertraline Plus,Sertraline HCl,Tablet,50mg,Pfizer
1793,46212-872-93,Azithromycin Plus,Azithromycin,Tablet,250mg,Pfizer
1794,98341-242-94,Amoxicillin Plus,Amoxicillin,Capsule,500mg,Teva
1795,25391-819-95,Ibuprofen Plus,Ibuprofen,Tablet,800mg,McNeil
1796,13541-220-96,Losartan Plus,Losartan Potassium,Tablet,50mg,Merck
1797,45681-546-97,Hydrochlorothiazide Plus,Hydrochlorothiazide,Tablet,25mg,Lupin
1798,71582-227-98,Amlodipine Plus,Amlodipine Besylate,Tablet,5mg,Novartis
1799,64370-346-99,Ibuprofen Plus,Ibuprofen,Tablet,800mg,McNeil
1800,67833-572-00,Metoprolol Plus,Metoprolol Succinate,Tablet,50mg,AstraZeneca
1801,99609-151-01,Albuterol Plus,Albuterol Sulfate,Inhaler,90mcg,GSK
1802,87642-110-02,Omeprazole Plus,Omeprazole,Capsule,20mg,AstraZeneca
1803,41309-981-03,Lysinopril Plus,Lisinopril,Tablet,10mg,Sandoz
1804,67749-938-04,Lysinopril Plus,Lisinopril,Tablet,10mg,Sandoz
1805,66373-686-05,Albuterol Plus,Albuterol Sulfate,Inhaler,90mcg,GSK
1806,96506-497-06,Metoprolol Plus,Metoprolol Succinate,Tablet,50mg,AstraZeneca
1807,52072-597-07,Lysinopril Plus,Lisinopril,Tablet,10mg,Sandoz
1808,80867-504-08,Levothyroxine Plus,Levothyroxine Sodium,Tablet,50mcg,AbbVie
1809,38850-978-09,Metoprolol Plus,Metoprolol Succinate,Tablet,50mg,AstraZeneca
1810,67623-280-10,Omeprazole Plus,Omeprazole,Capsule,20mg,AstraZeneca
1811,86140-509-11,Atorvastatin Plus,Atorvastatin Calcium,Tablet,20mg,Pfizer
1812,87042-709-12,Levothyroxine Plus,Levothyroxine Sodium,Tablet,50mcg,AbbVie
1813,73989-385-13,Losartan Plus,Losartan Potassium,Tablet,50mg,Merck
1814,72646-244-14,Losartan Plus,Losartan Potassium,Tablet,50mg,Merck
1815,90969-160-15,Albuterol Plus,Albuterol Sulfate,Inhaler,90mcg,GSK
1816,10458-278-16,Albuterol Plus,Albuterol Sulfate,Inhaler,90mcg,GSK
1817,41213-223-17,Hydrochlorothiazide Plus,Hydrochlorothiazide,Tablet,25mg,Lupin
1818,33139-353-18,Albuterol Plus,Albuterol Sulfate,Inhaler,90mcg,GSK
1819,80125-525-19,Levothyroxine Plus,Levothyroxine Sodium,Tablet,50mcg,AbbVie
1820,15714-305-20,Metformin Plus,Metformin HCl,Tablet,850mg,Mylan
1821,52526-135-21,Omeprazole Plus,Omeprazole,Capsule,20mg,AstraZeneca
1822,83371-526-22,Amoxicillin Plus,Amoxicillin,Capsule,500mg,Teva
1823,58526-594-23,Hydrochlorothiazide Plus,Hydrochlorothiazide,Tablet,25mg,Lupin
1824,13294-930-24,Losartan Plus,Losartan Potassium,Tablet,50mg,Merck
1825,50225-580-25,Losartan Plus,Losartan Potassium,Tablet,50mg,Merck
1826,66431-856-26,Omeprazole Plus,Omeprazole,Capsule,20mg,AstraZeneca
1827,98377-328-27,Levothyroxine Plus,Levothyroxine Sodium,Tablet,50mcg,AbbVie
1828,27225-102-28,Lysinopril Plus,Lisinopril,Tablet,10mg,Sandoz
1829,25533-810-29,Levothyroxine Plus,Levothyroxine Sodium,Tablet,50mcg,AbbVie
1830,91920-236-30,Albuterol Plus,Albuterol Sulfate,Inhaler,90mcg,GSK
1831,46562-776-31,Hydrochlorothiazide Plus,Hydrochlorothiazide,Tablet,25mg,Lupin
1832,19267-999-32,Gabapentin Plus,Gabapentin,Capsule,300mg,Sun Pharma
1833,77001-769-33,Hydrochlorothiazide Plus,Hydrochlorothiazide,Tablet,25mg,Lupin
1834,92901-643-34,Metoprolol Plus,Metoprolol Succinate,Tablet,50mg,AstraZeneca
1835,36357-761-35,Lysinopril Plus,Lisinopril,Tablet,10mg,Sandoz
1836,83386-124-36,Omeprazole Plus,Omeprazole,Capsule,20mg,AstraZeneca
1837,92174-672-37,Amlodipine Plus,Amlodipine Besylate,Tablet,5mg,Novartis
1838,73191-101-38,Amoxicillin Plus,Amoxicillin,Capsule,500mg,Teva
1839,60192-148-39,Gabapentin Plus,Gabapentin,Capsule,300mg,Sun Pharma
1840,82420-314-40,Amlodipine Plus,Amlodipine Besylate,Tablet,5mg,Novartis
1841,50855-519-41,Ibuprofen Plus,Ibuprofen,Tablet,800mg,McNeil
1842,99755-776-42,Metoprolol Plus,Metoprolol Succinate,Tablet,50mg,AstraZeneca
1843,10475-575-43,Metformin Plus,Metformin HCl,Tablet,850mg,Mylan
1844,55784-967-44,Hydrochlorothiazide Plus,Hydrochlorothiazide,Tablet,25mg,Lupin
1845,99147-917-45,Hydrochlorothiazide Plus,Hydrochlorothiazide,Tablet,25mg,Lupin
1846,98159-593-46,Hydrochlorothiazide Plus,Hydrochlorothiazide,Tablet,25mg,Lupin
1847,43803-638-47,Amoxicillin Plus,Amoxicillin,Capsule,500mg,Teva
1848,25858-791-48,Gabapentin Plus,Gabapentin,Capsule,300mg,Sun Pharma
1849,42572-698-49,Omeprazole Plus,Omeprazole,Capsule,20mg,AstraZeneca
1850,14670-710-50,Amlodipine Plus,Amlodipine Besylate,Tablet,5mg,Novartis
1851,85920-672-51,Albuterol Plus,Albuterol Sulfate,Inhaler,90mcg,GSK
1852,93178-936-52,Gabapentin Plus,Gabapentin,Capsule,300mg,Sun Pharma
1853,69801-532-53,Levothyroxine Plus,Levothyroxine Sodium,Tablet,50mcg,AbbVie
1854,48804-316-54,Azithromycin Plus,Azithromycin,Tablet,250mg,Pfizer
1855,42691-234-55,Levothyroxine Plus,Levothyroxine Sodium,Tablet,50mcg,AbbVie
1856,88720-314-56,Amoxicillin Plus,Amoxicillin,Capsule,500mg,Teva
1857,24342-942-57,Sertraline Plus,Sertraline HCl,Tablet,50mg,Pfizer
1858,44826-467-58,Metformin Plus,Metformin HCl,Tablet,850mg,Mylan
1859,85972-311-59,Ibuprofen Plus,Ibuprofen,Tablet,800mg,McNeil
1860,73128-774-60,Sertraline Plus,Sertraline HCl,Tablet,50mg,Pfizer
1861,90685-149-61,Gabapentin Plus,Gabapentin,Capsule,300mg,Sun Pharma
1862,64410-620-62,Amlodipine Plus,Amlodipine Besylate,Tablet,5mg,Novartis
1863,84950-840-63,Atorvastatin Plus,Atorvastatin Calcium,Tablet,20mg,Pfizer
1864,30874-451-64,Lysinopril Plus,Lisinopril,Tablet,10mg,Sandoz
1865,81579-515-65,Azithromycin Plus,Azithromycin,Tablet,250mg,Pfizer
1866,89038-523-66,Losartan Plus,Losartan Potassium,Tablet,50mg,Merck
1867,40536-608-67,Ibuprofen Plus,Ibuprofen,Tablet,800mg,McNeil
1868,98980-447-68,Amoxicillin Plus,Amoxicillin,Capsule,500mg,Teva
1869,26829-742-69,Metformin Plus,Metformin HCl,Tablet,850mg,Mylan
1870,40288-245-70,Metoprolol Plus,Metoprolol Succinate,Tablet,50mg,AstraZeneca
1871,29262-319-71,Sertraline Plus,Sertraline HCl,Tablet,50mg,Pfizer
1872,56975-483-72,Ibuprofen Plus,Ibuprofen,Tablet,800mg,McNeil
1873,82618-727-73,Gabapentin Plus,Gabapentin,Capsule,300mg,Sun Pharma
1874,83681-807-74,Metoprolol Plus,Metoprolol Succinate,Tablet,50mg,AstraZeneca
1875,33375-424-75,Amlodipine Plus,Amlodipine Besylate,Tablet,5mg,Novartis
1876,61381-357-76,Gabapentin Plus,Gabapentin,Capsule,300mg,Sun Pharma
1877,86577-104-77,Metformin Plus,Metformin HCl,Tablet,850mg,Mylan
1878,34043-318-78,Hydrochlorothiazide Plus,Hydrochlorothiazide,Tablet,25mg,Lupin
1879,55018-115-79,Lysinopril Plus,Lisinopril,Tablet,10mg,Sandoz
1880,29822-402-80,Lysinopril Plus,Lisinopril,Tablet,10mg,Sandoz
1881,30394-129-81,Atorvastatin Plus,Atorvastatin Calcium,Tablet,20mg,Pfizer
1882,59894-598-82,Ibuprofen Plus,Ibuprofen,Tablet,800mg,McNeil
1883,95378-756-83,Omeprazole Plus,Omeprazole,Capsule,20mg,AstraZeneca
1884,42133-929-84,Omeprazole Plus,Omeprazole,Capsule,20mg,AstraZeneca
1885,49491-608-85,Sertraline Plus,Sertraline HCl,Tablet,50mg,Pfizer
1886,90051-909-86,Lysinopril Plus,Lisinopril,Tablet,10mg,Sandoz
1887,68679-134-87,Levothyroxine Plus,Levothyroxine Sodium,Tablet,50mcg,AbbVie
1888,10571-157-88,Ibuprofen Plus,Ibuprofen,Tablet,800mg,McNeil
1889,45603-889-89,Metoprolol Plus,Metoprolol Succinate,Tablet,50mg,AstraZeneca
1890,19183-942-90,Albuterol Plus,Albuterol Sulfate,Inhaler,90mcg,GSK
1891,73597-843-91,Losartan Plus,Losartan Potassium,Tablet,50mg,Merck
1892,32347-372-92,Amoxicillin Plus,Amoxicillin,Capsule,500mg,Teva
1893,66433-914-93,Azithromycin Plus,Azithromycin,Tablet,250mg,Pfizer
1894,12881-632-94,Omeprazole Plus,Omeprazole,Capsule,20mg,AstraZeneca
1895,28858-967-95,Atorvastatin Plus,Atorvastatin Calcium,Tablet,20mg,Pfizer
1896,57335-620-96,Amlodipine Plus,Amlodipine Besylate,Tablet,5mg,Novartis
1897,91176-996-97,Atorvastatin Plus,Atorvastatin Calcium,Tablet,20mg,Pfizer
1898,99088-444-98,Amlodipine Plus,Amlodipine Besylate,Tablet,5mg,Novartis
1899,25398-738-99,Metformin Plus,Metformin HCl,Tablet,850mg,Mylan
1900,44810-266-00,Hydrochlorothiazide Plus,Hydrochlorothiazide,Tablet,25mg,Lupin
1901,71706-130-01,Ibuprofen Plus,Ibuprofen,Tablet,800mg,McNeil
1902,17793-432-02,Atorvastatin Plus,Atorvastatin Calcium,Tablet,20mg,Pfizer
1903,83580-715-03,Gabapentin Plus,Gabapentin,Capsule,300mg,Sun Pharma
1904,38299-878-04,Albuterol Plus,Albuterol Sulfate,Inhaler,90mcg,GSK
1905,61206-404-05,Sertraline Plus,Sertraline HCl,Tablet,50mg,Pfizer
1906,48962-545-06,Azithromycin Plus,Azithromycin,Tablet,250mg,Pfizer
1907,92062-613-07,Metformin Plus,Metformin HCl,Tablet,850mg,Mylan
1908,65697-508-08,Atorvastatin Plus,Atorvastatin Calcium,Tablet,20mg,Pfizer
1909,44240-517-09,Azithromycin Plus,Azithromycin,Tablet,250mg,Pfizer
1910,55399-568-10,Gabapentin Plus,Gabapentin,Capsule,300mg,Sun Pharma
1911,79641-119-11,Hydrochlorothiazide Plus,Hydrochlorothiazide,Tablet,25mg,Lupin
1912,71289-723-12,Losartan Plus,Losartan Potassium,Tablet,50mg,Merck
1913,53254-443-13,Metoprolol Plus,Metoprolol Succinate,Tablet,50mg,AstraZeneca
1914,43026-634-14,Amlodipine Plus,Amlodipine Besylate,Tablet,5mg,Novartis
1915,42786-162-15,Omeprazole Plus,Omeprazole,Capsule,20mg,AstraZeneca
1916,39310-442-16,Hydrochlorothiazide Plus,Hydrochlorothiazide,Tablet,25mg,Lupin
1917,32722-149-17,Levothyroxine Plus,Levothyroxine Sodium,Tablet,50mcg,AbbVie
1918,34715-832-18,Ibuprofen Plus,Ibuprofen,Tablet,800mg,McNeil
1919,41715-411-19,Lysinopril Plus,Lisinopril,Tablet,10mg,Sandoz
1920,97018-916-20,Amlodipine Plus,Amlodipine Besylate,Tablet,5mg,Novartis
1921,92402-982-21,Metformin Plus,Metformin HCl,Tablet,850mg,Mylan
1922,89430-248-22,Metformin Plus,Metformin HCl,Tablet,850mg,Mylan
1923,95307-417-23,Amoxicillin Plus,Amoxicillin,Capsule,500mg,Teva
1924,82827-121-24,Ibuprofen Plus,Ibuprofen,Tablet,800mg,McNeil
1925,91641-424-25,Atorvastatin Plus,Atorvastatin Calcium,Tablet,20mg,Pfizer
1926,82683-882-26,Metformin Plus,Metformin HCl,Tablet,850mg,Mylan
1927,70677-988-27,Omeprazole Plus,Omeprazole,Capsule,20mg,AstraZeneca
1928,93817-578-28,Amoxicillin Plus,Amoxicillin,Capsule,500mg,Teva
1929,20495-143-29,Gabapentin Plus,Gabapentin,Capsule,300mg,Sun Pharma
1930,46945-407-30,Ibuprofen Plus,Ibuprofen,Tablet,800mg,McNeil
1931,51168-734-31,Omeprazole Plus,Omeprazole,Capsule,20mg,AstraZeneca
1932,75616-808-32,Metformin Plus,Metformin HCl,Tablet,850mg,Mylan
1933,99346-122-33,Metoprolol Plus,Metoprolol Succinate,Tablet,50mg,AstraZeneca
1934,73894-659-34,Lysinopril Plus,Lisinopril,Tablet,10mg,Sandoz
1935,69564-557-35,Azithromycin Plus,Azithromycin,Tablet,250mg,Pfizer
1936,79329-119-36,Losartan Plus,Losartan Potassium,Tablet,50mg,Merck
1937,29030-447-37,Losartan Plus,Losartan Potassium,Tablet,50mg,Merck
1938,97135-412-38,Azithromycin Plus,Azithromycin,Tablet,250mg,Pfizer
1939,85231-501-39,Atorvastatin Plus,Atorvastatin Calcium,Tablet,20mg,Pfizer
1940,15638-362-40,Ibuprofen Plus,Ibuprofen,Tablet,800mg,McNeil
1941,97619-149-41,Ibuprofen Plus,Ibuprofen,Tablet,800mg,McNeil
1942,69546-898-42,Ibuprofen Plus,Ibuprofen,Tablet,800mg,McNeil
1943,57817-553-43,Azithromycin Plus,Azithromycin,Tablet,250mg,Pfizer
1944,54269-580-44,Losartan Plus,Losartan Potassium,Tablet,50mg,Merck
1945,42914-168-45,Gabapentin Plus,Gabapentin,Capsule,300mg,Sun Pharma
1946,90421-436-46,Atorvastatin Plus,Atorvastatin Calcium,Tablet,20mg,Pfizer
1947,14044-652-47,Gabapentin Plus,Gabapentin,Capsule,300mg,Sun Pharma
1948,10064-689-48,Omeprazole Plus,Omeprazole,Capsule,20mg,AstraZeneca
1949,11033-436-49,Albuterol Plus,Albuterol Sulfate,Inhaler,90mcg,GSK
1950,53217-791-50,Gabapentin Plus,Gabapentin,Capsule,300mg,Sun Pharma
1951,33417-259-51,Losartan Plus,Losartan Potassium,Tablet,50mg,Merck
1952,48634-385-52,Atorvastatin Plus,Atorvastatin Calcium,Tablet,20mg,Pfizer
1953,47663-594-53,Lysinopril Plus,Lisinopril,Tablet,10mg,Sandoz
1954,33325-634-54,Metformin Plus,Metformin HCl,Tablet,850mg,Mylan
1955,57303-655-55,Atorvastatin Plus,Atorvastatin Calcium,Tablet,20mg,Pfizer
1956,92904-751-56,Hydrochlorothiazide Plus,Hydrochlorothiazide,Tablet,25mg,Lupin
1957,25189-317-57,Levothyroxine Plus,Levothyroxine Sodium,Tablet,50mcg,AbbVie
1958,63378-953-58,Sertraline Plus,Sertraline HCl,Tablet,50mg,Pfizer
1959,50847-378-59,Hydrochlorothiazide Plus,Hydrochlorothiazide,Tablet,25mg,Lupin
1960,82882-995-60,Omeprazole Plus,Omeprazole,Capsule,20mg,AstraZeneca
1961,70175-527-61,Albuterol Plus,Albuterol Sulfate,Inhaler,90mcg,GSK
1962,97210-139-62,Hydrochlorothiazide Plus,Hydrochlorothiazide,Tablet,25mg,Lupin
1963,23280-963-63,Albuterol Plus,Albuterol Sulfate,Inhaler,90mcg,GSK
1964,64450-285-64,Atorvastatin Plus,Atorvastatin Calcium,Tablet,20mg,Pfizer
1965,90381-200-65,Levothyroxine Plus,Levothyroxine Sodium,Tablet,50mcg,AbbVie
1966,95885-311-66,Omeprazole Plus,Omeprazole,Capsule,20mg,AstraZeneca
1967,27946-930-67,Hydrochlorothiazide Plus,Hydrochlorothiazide,Tablet,25mg,Lupin
1968,43325-105-68,Amlodipine Plus,Amlodipine Besylate,Tablet,5mg,Novartis
1969,81157-698-69,Ibuprofen Plus,Ibuprofen,Tablet,800mg,McNeil
1970,34276-177-70,Atorvastatin Plus,Atorvastatin Calcium,Tablet,20mg,Pfizer
1971,73917-830-71,Ibuprofen Plus,Ibuprofen,Tablet,800mg,McNeil
1972,13266-164-72,Atorvastatin Plus,Atorvastatin Calcium,Tablet,20mg,Pfizer
1973,83030-923-73,Gabapentin Plus,Gabapentin,Capsule,300mg,Sun Pharma
1974,22581-800-74,Omeprazole Plus,Omeprazole,Capsule,20mg,AstraZeneca
1975,46979-598-75,Hydrochlorothiazide Plus,Hydrochlorothiazide,Tablet,25mg,Lupin
1976,10383-248-76,Amlodipine Plus,Amlodipine Besylate,Tablet,5mg,Novartis
1977,28894-384-77,Levothyroxine Plus,Levothyroxine Sodium,Tablet,50mcg,AbbVie
1978,68120-244-78,Levothyroxine Plus,Levothyroxine Sodium,Tablet,50mcg,AbbVie
1979,74368-226-79,Azithromycin Plus,Azithromycin,Tablet,250mg,Pfizer
1980,53110-200-80,Atorvastatin Plus,Atorvastatin Calcium,Tablet,20mg,Pfizer
1981,97517-292-81,Losartan Plus,Losartan Potassium,Tablet,50mg,Merck
1982,27801-314-82,Amoxicillin Plus,Amoxicillin,Capsule,500mg,Teva
1983,42257-175-83,Lysinopril Plus,Lisinopril,Tablet,10mg,Sandoz
1984,37230-205-84,Omeprazole Plus,Omeprazole,Capsule,20mg,AstraZeneca
1985,44704-339-85,Lysinopril Plus,Lisinopril,Tablet,10mg,Sandoz
1986,85534-553-86,Lysinopril Plus,Lisinopril,Tablet,10mg,Sandoz
1987,48646-835-87,Metoprolol Plus,Metoprolol Succinate,Tablet,50mg,AstraZeneca
1988,82467-189-88,Levothyroxine Plus,Levothyroxine Sodium,Tablet,50mcg,AbbVie
1989,79789-915-89,Metformin Plus,Metformin HCl,Tablet,850mg,Mylan
1990,96462-814-90,Atorvastatin Plus,Atorvastatin Calcium,Tablet,20mg,Pfizer
1991,67822-597-91,Hydrochlorothiazide Plus,Hydrochlorothiazide,Tablet,25mg,Lupin
1992,46077-553-92,Sertraline Plus,Sertraline HCl,Tablet,50mg,Pfizer
1993,73843-464-93,Metformin Plus,Metformin HCl,Tablet,850mg,Mylan
1994,16040-756-94,Azithromycin Plus,Azithromycin,Tablet,250mg,Pfizer
1995,16116-317-95,Metformin Plus,Metformin HCl,Tablet,850mg,Mylan
1996,68588-421-96,Ibuprofen Plus,Ibuprofen,Tablet,800mg,McNeil
1997,42428-861-97,Hydrochlorothiazide Plus,Hydrochlorothiazide,Tablet,25mg,Lupin
1998,52393-693-98,Metformin Plus,Metformin HCl,Tablet,850mg,Mylan
1999,76372-338-99,Metoprolol Plus,Metoprolol Succinate,Tablet,50mg,AstraZeneca
2000,13452-405-00,Losartan Plus,Losartan Potassium,Tablet,50mg,Merck
2001,99401-691-01,Omeprazole Plus,Omeprazole,Capsule,20mg,AstraZeneca
2002,12739-518-02,Amlodipine Plus,Amlodipine Besylate,Tablet,5mg,Novartis
2003,83352-119-03,Amoxicillin Plus,Amoxicillin,Capsule,500mg,Teva
2004,66240-599-04,Ibuprofen Plus,Ibuprofen,Tablet,800mg,McNeil
2005,34056-625-05,Metoprolol Plus,Metoprolol Succinate,Tablet,50mg,AstraZeneca
2006,10446-971-06,Atorvastatin Plus,Atorvastatin Calcium,Tablet,20mg,Pfizer
2007,42502-442-07,Lysinopril Plus,Lisinopril,Tablet,10mg,Sandoz
2008,40078-667-08,Amlodipine Plus,Amlodipine Besylate,Tablet,5mg,Novartis
2009,75831-413-09,Atorvastatin Plus,Atorvastatin Calcium,Tablet,20mg,Pfizer
2010,18177-342-10,Ibuprofen Plus,Ibuprofen,Tablet,800mg,McNeil
2011,94699-501-11,Metoprolol Plus,Metoprolol Succinate,Tablet,50mg,AstraZeneca
2012,47755-655-12,Losartan Plus,Losartan Potassium,Tablet,50mg,Merck
2013,39153-118-13,Omeprazole Plus,Omeprazole,Capsule,20mg,AstraZeneca
2014,94191-563-14,Albuterol Plus,Albuterol Sulfate,Inhaler,90mcg,GSK
2015,85068-731-15,Losartan Plus,Losartan Potassium,Tablet,50mg,Merck
2016,57302-832-16,Losartan Plus,Losartan Potassium,Tablet,50mg,Merck
2017,80977-527-17,Metformin Plus,Metformin HCl,Tablet,850mg,Mylan
2018,61616-436-18,Omeprazole Plus,Omeprazole,Capsule,20mg,AstraZeneca
2019,39939-534-19,Levothyroxine Plus,Levothyroxine Sodium,Tablet,50mcg,AbbVie
2020,78883-692-20,Ibuprofen Plus,Ibuprofen,Tablet,800mg,McNeil
2021,99016-610-21,Azithromycin Plus,Azithromycin,Tablet,250mg,Pfizer
2022,23218-437-22,Albuterol Plus,Albuterol Sulfate,Inhaler,90mcg,GSK
2023,19518-922-23,Omeprazole Plus,Omeprazole,Capsule,20mg,AstraZeneca
2024,31712-913-24,Metformin Plus,Metformin HCl,Tablet,850mg,Mylan
2025,40909-701-25,Omeprazole Plus,Omeprazole,Capsule,20mg,AstraZeneca
2026,73079-614-26,Metformin Plus,Metformin HCl,Tablet,850mg,Mylan
2027,71115-894-27,Amlodipine Plus,Amlodipine Besylate,Tablet,5mg,Novartis
2028,51802-200-28,Metoprolol Plus,Metoprolol Succinate,Tablet,50mg,AstraZeneca
2029,54427-660-29,Ibuprofen Plus,Ibuprofen,Tablet,800mg,McNeil
2030,94916-493-30,Hydrochlorothiazide Plus,Hydrochlorothiazide,Tablet,25mg,Lupin
2031,73960-265-31,Gabapentin Plus,Gabapentin,Capsule,300mg,Sun Pharma
2032,86496-529-32,Amlodipine Plus,Amlodipine Besylate,Tablet,5mg,Novartis
2033,93188-189-33,Losartan Plus,Losartan Potassium,Tablet,50mg,Merck
2034,23846-761-34,Hydrochlorothiazide Plus,Hydrochlorothiazide,Tablet,25mg,Lupin
2035,83118-884-35,Hydrochlorothiazide Plus,Hydrochlorothiazide,Tablet,25mg,Lupin
2036,92198-953-36,Metformin Plus,Metformin HCl,Tablet,850mg,Mylan
2037,89266-737-37,Omeprazole Plus,Omeprazole,Capsule,20mg,AstraZeneca
2038,80727-339-38,Metoprolol Plus,Metoprolol Succinate,Tablet,50mg,AstraZeneca
2039,25514-752-39,Metformin Plus,Metformin HCl,Tablet,850mg,Mylan
2040,17214-887-40,Levothyroxine Plus,Levothyroxine Sodium,Tablet,50mcg,AbbVie
2041,65193-485-41,Amoxicillin Plus,Amoxicillin,Capsule,500mg,Teva
2042,13074-821-42,Hydrochlorothiazide Plus,Hydrochlorothiazide,Tablet,25mg,Lupin
2043,44525-194-43,Albuterol Plus,Albuterol Sulfate,Inhaler,90mcg,GSK
2044,36996-294-44,Lysinopril Plus,Lisinopril,Tablet,10mg,Sandoz
2045,61070-497-45,Amoxicillin Plus,Amoxicillin,Capsule,500mg,Teva
2046,32296-444-46,Amlodipine Plus,Amlodipine Besylate,Tablet,5mg,Novartis
2047,38705-165-47,Metoprolol Plus,Metoprolol Succinate,Tablet,50mg,AstraZeneca
2048,99264-196-48,Metformin Plus,Metformin HCl,Tablet,850mg,Mylan
2049,45670-277-49,Sertraline Plus,Sertraline HCl,Tablet,50mg,Pfizer
2050,95190-514-50,Levothyroxine Plus,Levothyroxine Sodium,Tablet,50mcg,AbbVie
2051,34789-386-51,Azithromycin Plus,Azithromycin,Tablet,250mg,Pfizer
2052,48974-400-52,Levothyroxine Plus,Levothyroxine Sodium,Tablet,50mcg,AbbVie
2053,44280-470-53,Lysinopril Plus,Lisinopril,Tablet,10mg,Sandoz
2054,10674-442-54,Sertraline Plus,Sertraline HCl,Tablet,50mg,Pfizer
2055,73687-859-55,Azithromycin Plus,Azithromycin,Tablet,250mg,Pfizer
2056,34825-958-56,Metoprolol Plus,Metoprolol Succinate,Tablet,50mg,AstraZeneca
2057,34619-672-57,Amlodipine Plus,Amlodipine Besylate,Tablet,5mg,Novartis
2058,47040-841-58,Metoprolol Plus,Metoprolol Succinate,Tablet,50mg,AstraZeneca
2059,44419-751-59,Metoprolol Plus,Metoprolol Succinate,Tablet,50mg,AstraZeneca
2060,73554-843-60,Azithromycin Plus,Azithromycin,Tablet,250mg,Pfizer
2061,86535-121-61,Azithromycin Plus,Azithromycin,Tablet,250mg,Pfizer
2062,39039-771-62,Sertraline Plus,Sertraline HCl,Tablet,50mg,Pfizer
2063,76449-593-63,Levothyroxine Plus,Levothyroxine Sodium,Tablet,50mcg,AbbVie
2064,25505-313-64,Lysinopril Plus,Lisinopril,Tablet,10mg,Sandoz
2065,89944-981-65,Gabapentin Plus,Gabapentin,Capsule,300mg,Sun Pharma
2066,50576-982-66,Ibuprofen Plus,Ibuprofen,Tablet,800mg,McNeil
2067,56745-324-67,Amoxicillin Plus,Amoxicillin,Capsule,500mg,Teva
2068,91524-704-68,Ibuprofen Plus,Ibuprofen,Tablet,800mg,McNeil
2069,86843-955-69,Gabapentin Plus,Gabapentin,Capsule,300mg,Sun Pharma
2070,16981-391-70,Levothyroxine Plus,Levothyroxine Sodium,Tablet,50mcg,AbbVie
2071,15868-790-71,Albuterol Plus,Albuterol Sulfate,Inhaler,90mcg,GSK
2072,65505-328-72,Hydrochlorothiazide Plus,Hydrochlorothiazide,Tablet,25mg,Lupin
2073,65380-541-73,Losartan Plus,Losartan Potassium,Tablet,50mg,Merck
2074,90938-374-74,Sertraline Plus,Sertraline HCl,Tablet,50mg,Pfizer
2075,17947-296-75,Albuterol Plus,Albuterol Sulfate,Inhaler,90mcg,GSK
2076,77043-129-76,Ibuprofen Plus,Ibuprofen,Tablet,800mg,McNeil
2077,64886-808-77,Atorvastatin Plus,Atorvastatin Calcium,Tablet,20mg,Pfizer
2078,47654-289-78,Losartan Plus,Losartan Potassium,Tablet,50mg,Merck
2079,12810-835-79,Amlodipine Plus,Amlodipine Besylate,Tablet,5mg,Novartis
2080,66793-948-80,Hydrochlorothiazide Plus,Hydrochlorothiazide,Tablet,25mg,Lupin
2081,60613-172-81,Albuterol Plus,Albuterol Sulfate,Inhaler,90mcg,GSK
2082,42440-521-82,Azithromycin Plus,Azithromycin,Tablet,250mg,Pfizer
2083,44808-898-83,Amlodipine Plus,Amlodipine Besylate,Tablet,5mg,Novartis
2084,75287-844-84,Levothyroxine Plus,Levothyroxine Sodium,Tablet,50mcg,AbbVie
2085,13366-316-85,Albuterol Plus,Albuterol Sulfate,Inhaler,90mcg,GSK
2086,63740-317-86,Ibuprofen Plus,Ibuprofen,Tablet,800mg,McNeil
2087,24386-583-87,Sertraline Plus,Sertraline HCl,Tablet,50mg,Pfizer
2088,94613-257-88,Ibuprofen Plus,Ibuprofen,Tablet,800mg,McNeil
2089,43436-275-89,Metoprolol Plus,Metoprolol Succinate,Tablet,50mg,AstraZeneca
2090,54123-360-90,Amoxicillin Plus,Amoxicillin,Capsule,500mg,Teva
2091,17597-533-91,Amlodipine Plus,Amlodipine Besylate,Tablet,5mg,Novartis
2092,48143-992-92,Sertraline Plus,Sertraline HCl,Tablet,50mg,Pfizer
2093,57123-217-93,Sertraline Plus,Sertraline HCl,Tablet,50mg,Pfizer
2094,75588-856-94,Atorvastatin Plus,Atorvastatin Calcium,Tablet,20mg,Pfizer
2095,61854-622-95,Omeprazole Plus,Omeprazole,Capsule,20mg,AstraZeneca
2096,92167-634-96,Atorvastatin Plus,Atorvastatin Calcium,Tablet,20mg,Pfizer
2097,57486-339-97,Lysinopril Plus,Lisinopril,Tablet,10mg,Sandoz
2098,34984-884-98,Azithromycin Plus,Azithromycin,Tablet,250mg,Pfizer
2099,83420-640-99,Lysinopril Plus,Lisinopril,Tablet,10mg,Sandoz
2100,80845-246-00,Azithromycin Plus,Azithromycin,Tablet,250mg,Pfizer
2101,50224-191-01,Albuterol Plus,Albuterol Sulfate,Inhaler,90mcg,GSK
2102,14284-395-02,Metoprolol Plus,Metoprolol Succinate,Tablet,50mg,AstraZeneca
2103,53667-529-03,Metformin Plus,Metformin HCl,Tablet,850mg,Mylan
2104,39017-465-04,Lysinopril Plus,Lisinopril,Tablet,10mg,Sandoz
2105,72485-698-05,Hydrochlorothiazide Plus,Hydrochlorothiazide,Tablet,25mg,Lupin
2106,79617-482-06,Sertraline Plus,Sertraline HCl,Tablet,50mg,Pfizer
2107,84407-416-07,Metoprolol Plus,Metoprolol Succinate,Tablet,50mg,AstraZeneca
2108,78589-882-08,Albuterol Plus,Albuterol Sulfate,Inhaler,90mcg,GSK
2109,68341-138-09,Lysinopril Plus,Lisinopril,Tablet,10mg,Sandoz
2110,76402-692-10,Albuterol Plus,Albuterol Sulfate,Inhaler,90mcg,GSK
2111,84822-381-11,Metformin Plus,Metformin HCl,Tablet,850mg,Mylan
2112,34689-954-12,Amoxicillin Plus,Amoxicillin,Capsule,500mg,Teva
2113,37818-492-13,Gabapentin Plus,Gabapentin,Capsule,300mg,Sun Pharma
2114,49019-232-14,Levothyroxine Plus,Levothyroxine Sodium,Tablet,50mcg,AbbVie
2115,28504-454-15,Sertraline Plus,Sertraline HCl,Tablet,50mg,Pfizer
2116,27955-929-16,Sertraline Plus,Sertraline HCl,Tablet,50mg,Pfizer
2117,28581-902-17,Losartan Plus,Losartan Potassium,Tablet,50mg,Merck
2118,94516-147-18,Lysinopril Plus,Lisinopril,Tablet,10mg,Sandoz
2119,92977-114-19,Hydrochlorothiazide Plus,Hydrochlorothiazide,Tablet,25mg,Lupin
2120,34547-601-20,Azithromycin Plus,Azithromycin,Tablet,250mg,Pfizer
2121,72005-580-21,Amoxicillin Plus,Amoxicillin,Capsule,500mg,Teva
2122,84644-777-22,Omeprazole Plus,Omeprazole,Capsule,20mg,AstraZeneca
2123,70493-949-23,Ibuprofen Plus,Ibuprofen,Tablet,800mg,McNeil
2124,95152-996-24,Sertraline Plus,Sertraline HCl,Tablet,50mg,Pfizer
2125,19613-952-25,Omeprazole Plus,Omeprazole,Capsule,20mg,AstraZeneca
2126,55957-607-26,Lysinopril Plus,Lisinopril,Tablet,10mg,Sandoz
2127,17360-903-27,Azithromycin Plus,Azithromycin,Tablet,250mg,Pfizer
2128,33478-513-28,Levothyroxine Plus,Levothyroxine Sodium,Tablet,50mcg,AbbVie
2129,37582-467-29,Amoxicillin Plus,Amoxicillin,Capsule,500mg,Teva
2130,93413-784-30,Sertraline Plus,Sertraline HCl,Tablet,50mg,Pfizer
2131,81397-869-31,Gabapentin Plus,Gabapentin,Capsule,300mg,Sun Pharma
2132,96364-605-32,Levothyroxine Plus,Levothyroxine Sodium,Tablet,50mcg,AbbVie
2133,65783-265-33,Gabapentin Plus,Gabapentin,Capsule,300mg,Sun Pharma
2134,38551-266-34,Metformin Plus,Metformin HCl,Tablet,850mg,Mylan
2135,48237-880-35,Sertraline Plus,Sertraline HCl,Tablet,50mg,Pfizer
2136,40112-759-36,Levothyroxine Plus,Levothyroxine Sodium,Tablet,50mcg,AbbVie
2137,90985-820-37,Sertraline Plus,Sertraline HCl,Tablet,50mg,Pfizer
2138,86541-951-38,Omeprazole Plus,Omeprazole,Capsule,20mg,AstraZeneca
2139,16090-214-39,Sertraline Plus,Sertraline HCl,Tablet,50mg,Pfizer
2140,15385-550-40,Gabapentin Plus,Gabapentin,Capsule,300mg,Sun Pharma
2141,92584-784-41,Atorvastatin Plus,Atorvastatin Calcium,Tablet,20mg,Pfizer
2142,10903-230-42,Levothyroxine Plus,Levothyroxine Sodium,Tablet,50mcg,AbbVie
2143,58453-174-43,Lysinopril Plus,Lisinopril,Tablet,10mg,Sandoz
2144,79742-172-44,Levothyroxine Plus,Levothyroxine Sodium,Tablet,50mcg,AbbVie
2145,27540-114-45,Amoxicillin Plus,Amoxicillin,Capsule,500mg,Teva
2146,41865-136-46,Lysinopril Plus,Lisinopril,Tablet,10mg,Sandoz
2147,34152-371-47,Omeprazole Plus,Omeprazole,Capsule,20mg,AstraZeneca
2148,57576-716-48,Amoxicillin Plus,Amoxicillin,Capsule,500mg,Teva
2149,45904-718-49,Albuterol Plus,Albuterol Sulfate,Inhaler,90mcg,GSK
2150,26158-834-50,Levothyroxine Plus,Levothyroxine Sodium,Tablet,50mcg,AbbVie
2151,26174-500-51,Metoprolol Plus,Metoprolol Succinate,Tablet,50mg,AstraZeneca
2152,61029-900-52,Omeprazole Plus,Omeprazole,Capsule,20mg,AstraZeneca
2153,25774-573-53,Sertraline Plus,Sertraline HCl,Tablet,50mg,Pfizer
2154,18465-349-54,Azithromycin Plus,Azithromycin,Tablet,250mg,Pfizer
2155,36789-803-55,Atorvastatin Plus,Atorvastatin Calcium,Tablet,20mg,Pfizer
2156,63055-632-56,Amlodipine Plus,Amlodipine Besylate,Tablet,5mg,Novartis
2157,13808-803-57,Amlodipine Plus,Amlodipine Besylate,Tablet,5mg,Novartis
2158,34910-400-58,Sertraline Plus,Sertraline HCl,Tablet,50mg,Pfizer
2159,45057-725-59,Losartan Plus,Losartan Potassium,Tablet,50mg,Merck
2160,81836-190-60,Amlodipine Plus,Amlodipine Besylate,Tablet,5mg,Novartis
2161,97979-566-61,Amoxicillin Plus,Amoxicillin,Capsule,500mg,Teva
2162,54000-961-62,Ibuprofen Plus,Ibuprofen,Tablet,800mg,McNeil
2163,47401-548-63,Metoprolol Plus,Metoprolol Succinate,Tablet,50mg,AstraZeneca
2164,12365-361-64,Omeprazole Plus,Omeprazole,Capsule,20mg,AstraZeneca
2165,52048-464-65,Lysinopril Plus,Lisinopril,Tablet,10mg,Sandoz
2166,10890-111-66,Gabapentin Plus,Gabapentin,Capsule,300mg,Sun Pharma
2167,44246-558-67,Losartan Plus,Losartan Potassium,Tablet,50mg,Merck
2168,70777-932-68,Hydrochlorothiazide Plus,Hydrochlorothiazide,Tablet,25mg,Lupin
2169,78581-417-69,Levothyroxine Plus,Levothyroxine Sodium,Tablet,50mcg,AbbVie
2170,70297-281-70,Gabapentin Plus,Gabapentin,Capsule,300mg,Sun Pharma
2171,98173-446-71,Levothyroxine Plus,Levothyroxine Sodium,Tablet,50mcg,AbbVie
2172,60559-521-72,Amoxicillin Plus,Amoxicillin,Capsule,500mg,Teva
2173,97839-216-73,Metformin Plus,Metformin HCl,Tablet,850mg,Mylan
2174,10492-366-74,Ibuprofen Plus,Ibuprofen,Tablet,800mg,McNeil
2175,60155-614-75,Hydrochlorothiazide Plus,Hydrochlorothiazide,Tablet,25mg,Lupin
2176,24997-112-76,Metformin Plus,Metformin HCl,Tablet,850mg,Mylan
2177,38023-803-77,Amoxicillin Plus,Amoxicillin,Capsule,500mg,Teva
2178,92056-167-78,Gabapentin Plus,Gabapentin,Capsule,300mg,Sun Pharma
2179,58329-229-79,Atorvastatin Plus,Atorvastatin Calcium,Tablet,20mg,Pfizer
2180,23682-506-80,Losartan Plus,Losartan Potassium,Tablet,50mg,Merck
2181,63048-952-81,Amlodipine Plus,Amlodipine Besylate,Tablet,5mg,Novartis
2182,75117-355-82,Metformin Plus,Metformin HCl,Tablet,850mg,Mylan
2183,51873-623-83,Ibuprofen Plus,Ibuprofen,Tablet,800mg,McNeil
2184,91907-625-84,Metoprolol Plus,Metoprolol Succinate,Tablet,50mg,AstraZeneca
2185,43742-246-85,Metformin Plus,Metformin HCl,Tablet,850mg,Mylan
2186,85118-898-86,Amlodipine Plus,Amlodipine Besylate,Tablet,5mg,Novartis
2187,42129-965-87,Metformin Plus,Metformin HCl,Tablet,850mg,Mylan
2188,86396-951-88,Sertraline Plus,Sertraline HCl,Tablet,50mg,Pfizer
2189,27048-156-89,Metformin Plus,Metformin HCl,Tablet,850mg,Mylan
2190,67684-278-90,Amlodipine Plus,Amlodipine Besylate,Tablet,5mg,Novartis
2191,58841-653-91,Lysinopril Plus,Lisinopril,Tablet,10mg,Sandoz
2192,45543-621-92,Omeprazole Plus,Omeprazole,Capsule,20mg,AstraZeneca
2193,54935-822-93,Omeprazole Plus,Omeprazole,Capsule,20mg,AstraZeneca
2194,57110-335-94,Albuterol Plus,Albuterol Sulfate,Inhaler,90mcg,GSK
2195,80645-980-95,Omeprazole Plus,Omeprazole,Capsule,20mg,AstraZeneca
2196,27761-627-96,Omeprazole Plus,Omeprazole,Capsule,20mg,AstraZeneca
2197,41047-662-97,Metformin Plus,Metformin HCl,Tablet,850mg,Mylan
2198,77897-676-98,Lysinopril Plus,Lisinopril,Tablet,10mg,Sandoz
2199,51590-413-99,Losartan Plus,Losartan Potassium,Tablet,50mg,Merck
2200,17538-881-00,Ibuprofen Plus,Ibuprofen,Tablet,800mg,McNeil
2201,75226-150-01,Omeprazole Plus,Omeprazole,Capsule,20mg,AstraZeneca
2202,88336-545-02,Omeprazole Plus,Omeprazole,Capsule,20mg,AstraZeneca
2203,14207-739-03,Albuterol Plus,Albuterol Sulfate,Inhaler,90mcg,GSK
2204,92101-358-04,Metformin Plus,Metformin HCl,Tablet,850mg,Mylan
2205,18973-144-05,Amoxicillin Plus,Amoxicillin,Capsule,500mg,Teva
2206,17614-981-06,Azithromycin Plus,Azithromycin,Tablet,250mg,Pfizer
2207,90879-235-07,Sertraline Plus,Sertraline HCl,Tablet,50mg,Pfizer
2208,61910-818-08,Levothyroxine Plus,Levothyroxine Sodium,Tablet,50mcg,AbbVie
2209,90454-104-09,Gabapentin Plus,Gabapentin,Capsule,300mg,Sun Pharma
2210,74140-542-10,Amoxicillin Plus,Amoxicillin,Capsule,500mg,Teva
2211,16016-749-11,Metoprolol Plus,Metoprolol Succinate,Tablet,50mg,AstraZeneca
2212,56571-397-12,Levothyroxine Plus,Levothyroxine Sodium,Tablet,50mcg,AbbVie
2213,90660-596-13,Amoxicillin Plus,Amoxicillin,Capsule,500mg,Teva
2214,55463-692-14,Atorvastatin Plus,Atorvastatin Calcium,Tablet,20mg,Pfizer
2215,11418-955-15,Albuterol Plus,Albuterol Sulfate,Inhaler,90mcg,GSK
2216,71354-708-16,Losartan Plus,Losartan Potassium,Tablet,50mg,Merck
2217,52684-497-17,Losartan Plus,Losartan Potassium,Tablet,50mg,Merck
2218,33711-246-18,Ibuprofen Plus,Ibuprofen,Tablet,800mg,McNeil
2219,29825-569-19,Losartan Plus,Losartan Potassium,Tablet,50mg,Merck
2220,42482-678-20,Hydrochlorothiazide Plus,Hydrochlorothiazide,Tablet,25mg,Lupin
2221,91814-103-21,Amoxicillin Plus,Amoxicillin,Capsule,500mg,Teva
2222,26157-580-22,Atorvastatin Plus,Atorvastatin Calcium,Tablet,20mg,Pfizer
2223,46944-839-23,Losartan Plus,Losartan Potassium,Tablet,50mg,Merck
2224,29947-825-24,Metformin Plus,Metformin HCl,Tablet,850mg,Mylan
2225,81477-833-25,Omeprazole Plus,Omeprazole,Capsule,20mg,AstraZeneca
2226,76701-675-26,Ibuprofen Plus,Ibuprofen,Tablet,800mg,McNeil
2227,82022-959-27,Gabapentin Plus,Gabapentin,Capsule,300mg,Sun Pharma
2228,83714-660-28,Atorvastatin Plus,Atorvastatin Calcium,Tablet,20mg,Pfizer
2229,77184-304-29,Losartan Plus,Losartan Potassium,Tablet,50mg,Merck
2230,42381-827-30,Amlodipine Plus,Amlodipine Besylate,Tablet,5mg,Novartis
2231,86872-245-31,Metoprolol Plus,Metoprolol Succinate,Tablet,50mg,AstraZeneca
2232,15052-418-32,Metoprolol Plus,Metoprolol Succinate,Tablet,50mg,AstraZeneca
2233,52816-502-33,Sertraline Plus,Sertraline HCl,Tablet,50mg,Pfizer
2234,28807-575-34,Metoprolol Plus,Metoprolol Succinate,Tablet,50mg,AstraZeneca
2235,28283-680-35,Azithromycin Plus,Azithromycin,Tablet,250mg,Pfizer
2236,87721-480-36,Metoprolol Plus,Metoprolol Succinate,Tablet,50mg,AstraZeneca
2237,22363-490-37,Hydrochlorothiazide Plus,Hydrochlorothiazide,Tablet,25mg,Lupin
2238,29741-435-38,Sertraline Plus,Sertraline HCl,Tablet,50mg,Pfizer
2239,32296-255-39,Ibuprofen Plus,Ibuprofen,Tablet,800mg,McNeil
2240,82492-710-40,Levothyroxine Plus,Levothyroxine Sodium,Tablet,50mcg,AbbVie
2241,14630-374-41,Metformin Plus,Metformin HCl,Tablet,850mg,Mylan
2242,96916-443-42,Metoprolol Plus,Metoprolol Succinate,Tablet,50mg,AstraZeneca
2243,94444-198-43,Omeprazole Plus,Omeprazole,Capsule,20mg,AstraZeneca
2244,44339-411-44,Gabapentin Plus,Gabapentin,Capsule,300mg,Sun Pharma
2245,37634-879-45,Levothyroxine Plus,Levothyroxine Sodium,Tablet,50mcg,AbbVie
2246,38543-799-46,Omeprazole Plus,Omeprazole,Capsule,20mg,AstraZeneca
2247,51274-776-47,Gabapentin Plus,Gabapentin,Capsule,300mg,Sun Pharma
2248,91318-212-48,Lysinopril Plus,Lisinopril,Tablet,10mg,Sandoz
2249,62032-895-49,Atorvastatin Plus,Atorvastatin Calcium,Tablet,20mg,Pfizer
2250,96233-894-50,Ibuprofen Plus,Ibuprofen,Tablet,800mg,McNeil
2251,76810-829-51,Lysinopril Plus,Lisinopril,Tablet,10mg,Sandoz
2252,15409-231-52,Lysinopril Plus,Lisinopril,Tablet,10mg,Sandoz
2253,40612-793-53,Lysinopril Plus,Lisinopril,Tablet,10mg,Sandoz
2254,73952-254-54,Amlodipine Plus,Amlodipine Besylate,Tablet,5mg,Novartis
2255,81233-246-55,Albuterol Plus,Albuterol Sulfate,Inhaler,90mcg,GSK
2256,27442-735-56,Lysinopril Plus,Lisinopril,Tablet,10mg,Sandoz
2257,56787-954-57,Hydrochlorothiazide Plus,Hydrochlorothiazide,Tablet,25mg,Lupin
2258,81871-487-58,Albuterol Plus,Albuterol Sulfate,Inhaler,90mcg,GSK
2259,35682-358-59,Amlodipine Plus,Amlodipine Besylate,Tablet,5mg,Novartis
2260,36666-444-60,Atorvastatin Plus,Atorvastatin Calcium,Tablet,20mg,Pfizer
2261,93908-506-61,Omeprazole Plus,Omeprazole,Capsule,20mg,AstraZeneca
2262,83070-902-62,Metformin Plus,Metformin HCl,Tablet,850mg,Mylan
2263,30133-897-63,Azithromycin Plus,Azithromycin,Tablet,250mg,Pfizer
2264,92615-429-64,Metoprolol Plus,Metoprolol Succinate,Tablet,50mg,AstraZeneca
2265,42256-223-65,Albuterol Plus,Albuterol Sulfate,Inhaler,90mcg,GSK
2266,19929-263-66,Amoxicillin Plus,Amoxicillin,Capsule,500mg,Teva
2267,56068-699-67,Amlodipine Plus,Amlodipine Besylate,Tablet,5mg,Novartis
2268,54281-691-68,Levothyroxine Plus,Levothyroxine Sodium,Tablet,50mcg,AbbVie
2269,45236-873-69,Losartan Plus,Losartan Potassium,Tablet,50mg,Merck
2270,85657-617-70,Ibuprofen Plus,Ibuprofen,Tablet,800mg,McNeil
2271,86367-998-71,Omeprazole Plus,Omeprazole,Capsule,20mg,AstraZeneca
2272,24964-786-72,Azithromycin Plus,Azithromycin,Tablet,250mg,Pfizer
2273,83425-669-73,Metformin Plus,Metformin HCl,Tablet,850mg,Mylan
2274,56570-407-74,Amlodipine Plus,Amlodipine Besylate,Tablet,5mg,Novartis
2275,87620-309-75,Azithromycin Plus,Azithromycin,Tablet,250mg,Pfizer
2276,90140-440-76,Amlodipine Plus,Amlodipine Besylate,Tablet,5mg,Novartis
2277,30437-828-77,Amlodipine Plus,Amlodipine Besylate,Tablet,5mg,Novartis
2278,90784-477-78,Metoprolol Plus,Metoprolol Succinate,Tablet,50mg,AstraZeneca
2279,40097-645-79,Azithromycin Plus,Azithromycin,Tablet,250mg,Pfizer
2280,64800-952-80,Azithromycin Plus,Azithromycin,Tablet,250mg,Pfizer
2281,91970-898-81,Hydrochlorothiazide Plus,Hydrochlorothiazide,Tablet,25mg,Lupin
2282,62219-983-82,Gabapentin Plus,Gabapentin,Capsule,300mg,Sun Pharma
2283,35805-349-83,Azithromycin Plus,Azithromycin,Tablet,250mg,Pfizer
2284,65531-722-84,Hydrochlorothiazide Plus,Hydrochlorothiazide,Tablet,25mg,Lupin
2285,33778-272-85,Atorvastatin Plus,Atorvastatin Calcium,Tablet,20mg,Pfizer
2286,29015-772-86,Losartan Plus,Losartan Potassium,Tablet,50mg,Merck
2287,76333-517-87,Levothyroxine Plus,Levothyroxine Sodium,Tablet,50mcg,AbbVie
2288,30607-524-88,Ibuprofen Plus,Ibuprofen,Tablet,800mg,McNeil
2289,52413-635-89,Metformin Plus,Metformin HCl,Tablet,850mg,Mylan
2290,84101-874-90,Losartan Plus,Losartan Potassium,Tablet,50mg,Merck
2291,14992-372-91,Sertraline Plus,Sertraline HCl,Tablet,50mg,Pfizer
2292,22173-712-92,Metformin Plus,Metformin HCl,Tablet,850mg,Mylan
2293,59852-978-93,Gabapentin Plus,Gabapentin,Capsule,300mg,Sun Pharma
2294,89778-670-94,Albuterol Plus,Albuterol Sulfate,Inhaler,90mcg,GSK
2295,71955-837-95,Hydrochlorothiazide Plus,Hydrochlorothiazide,Tablet,25mg,Lupin
2296,80522-938-96,Levothyroxine Plus,Levothyroxine Sodium,Tablet,50mcg,AbbVie
2297,62114-104-97,Metoprolol Plus,Metoprolol Succinate,Tablet,50mg,AstraZeneca
2298,93471-334-98,Albuterol Plus,Albuterol Sulfate,Inhaler,90mcg,GSK
2299,83490-516-99,Lysinopril Plus,Lisinopril,Tablet,10mg,Sandoz
2300,63530-317-00,Sertraline Plus,Sertraline HCl,Tablet,50mg,Pfizer
2301,49068-773-01,Amoxicillin Plus,Amoxicillin,Capsule,500mg,Teva
2302,23123-173-02,Ibuprofen Plus,Ibuprofen,Tablet,800mg,McNeil
2303,90070-422-03,Metformin Plus,Metformin HCl,Tablet,850mg,Mylan
2304,97176-285-04,Azithromycin Plus,Azithromycin,Tablet,250mg,Pfizer
2305,77681-231-05,Metformin Plus,Metformin HCl,Tablet,850mg,Mylan
2306,63608-138-06,Losartan Plus,Losartan Potassium,Tablet,50mg,Merck
2307,23010-204-07,Losartan Plus,Losartan Potassium,Tablet,50mg,Merck
2308,13095-590-08,Atorvastatin Plus,Atorvastatin Calcium,Tablet,20mg,Pfizer
2309,38359-415-09,Metoprolol Plus,Metoprolol Succinate,Tablet,50mg,AstraZeneca
2310,75622-216-10,Hydrochlorothiazide Plus,Hydrochlorothiazide,Tablet,25mg,Lupin
2311,84692-514-11,Azithromycin Plus,Azithromycin,Tablet,250mg,Pfizer
2312,31106-627-12,Ibuprofen Plus,Ibuprofen,Tablet,800mg,McNeil
2313,94832-750-13,Metformin Plus,Metformin HCl,Tablet,850mg,Mylan
2314,34880-894-14,Amlodipine Plus,Amlodipine Besylate,Tablet,5mg,Novartis
2315,50711-310-15,Amoxicillin Plus,Amoxicillin,Capsule,500mg,Teva
2316,94818-857-16,Ibuprofen Plus,Ibuprofen,Tablet,800mg,McNeil
2317,59083-920-17,Amlodipine Plus,Amlodipine Besylate,Tablet,5mg,Novartis
2318,68141-753-18,Ibuprofen Plus,Ibuprofen,Tablet,800mg,McNeil
2319,65494-138-19,Atorvastatin Plus,Atorvastatin Calcium,Tablet,20mg,Pfizer
2320,25791-326-20,Amlodipine Plus,Amlodipine Besylate,Tablet,5mg,Novartis
2321,59317-701-21,Losartan Plus,Losartan Potassium,Tablet,50mg,Merck
2322,25268-176-22,Amlodipine Plus,Amlodipine Besylate,Tablet,5mg,Novartis
2323,20843-890-23,Azithromycin Plus,Azithromycin,Tablet,250mg,Pfizer
2324,53929-563-24,Amlodipine Plus,Amlodipine Besylate,Tablet,5mg,Novartis
2325,91354-109-25,Azithromycin Plus,Azithromycin,Tablet,250mg,Pfizer
2326,67644-533-26,Sertraline Plus,Sertraline HCl,Tablet,50mg,Pfizer
2327,60851-337-27,Amlodipine Plus,Amlodipine Besylate,Tablet,5mg,Novartis
2328,30177-789-28,Omeprazole Plus,Omeprazole,Capsule,20mg,AstraZeneca
2329,17976-346-29,Ibuprofen Plus,Ibuprofen,Tablet,800mg,McNeil
2330,65332-228-30,Lysinopril Plus,Lisinopril,Tablet,10mg,Sandoz
2331,24611-476-31,Losartan Plus,Losartan Potassium,Tablet,50mg,Merck
2332,37717-223-32,Levothyroxine Plus,Levothyroxine Sodium,Tablet,50mcg,AbbVie
2333,60370-983-33,Metoprolol Plus,Metoprolol Succinate,Tablet,50mg,AstraZeneca
2334,64835-128-34,Levothyroxine Plus,Levothyroxine Sodium,Tablet,50mcg,AbbVie
2335,34119-669-35,Gabapentin Plus,Gabapentin,Capsule,300mg,Sun Pharma
2336,28435-571-36,Metformin Plus,Metformin HCl,Tablet,850mg,Mylan
2337,69674-662-37,Atorvastatin Plus,Atorvastatin Calcium,Tablet,20mg,Pfizer
2338,60774-444-38,Lysinopril Plus,Lisinopril,Tablet,10mg,Sandoz
2339,58295-366-39,Gabapentin Plus,Gabapentin,Capsule,300mg,Sun Pharma
2340,50442-516-40,Hydrochlorothiazide Plus,Hydrochlorothiazide,Tablet,25mg,Lupin
2341,69189-104-41,Omeprazole Plus,Omeprazole,Capsule,20mg,AstraZeneca
2342,75686-497-42,Metoprolol Plus,Metoprolol Succinate,Tablet,50mg,AstraZeneca
2343,17786-747-43,Lysinopril Plus,Lisinopril,Tablet,10mg,Sandoz
2344,59222-937-44,Levothyroxine Plus,Levothyroxine Sodium,Tablet,50mcg,AbbVie
2345,57151-670-45,Omeprazole Plus,Omeprazole,Capsule,20mg,AstraZeneca
2346,29685-324-46,Lysinopril Plus,Lisinopril,Tablet,10mg,Sandoz
2347,69626-537-47,Amoxicillin Plus,Amoxicillin,Capsule,500mg,Teva
2348,83592-176-48,Albuterol Plus,Albuterol Sulfate,Inhaler,90mcg,GSK
2349,86386-414-49,Atorvastatin Plus,Atorvastatin Calcium,Tablet,20mg,Pfizer
2350,52297-199-50,Metformin Plus,Metformin HCl,Tablet,850mg,Mylan
2351,31034-129-51,Lysinopril Plus,Lisinopril,Tablet,10mg,Sandoz
2352,44035-355-52,Ibuprofen Plus,Ibuprofen,Tablet,800mg,McNeil
2353,54954-611-53,Amlodipine Plus,Amlodipine Besylate,Tablet,5mg,Novartis
2354,81452-470-54,Ibuprofen Plus,Ibuprofen,Tablet,800mg,McNeil
2355,56192-515-55,Albuterol Plus,Albuterol Sulfate,Inhaler,90mcg,GSK
2356,83130-721-56,Gabapentin Plus,Gabapentin,Capsule,300mg,Sun Pharma
2357,22441-468-57,Gabapentin Plus,Gabapentin,Capsule,300mg,Sun Pharma
2358,18398-979-58,Atorvastatin Plus,Atorvastatin Calcium,Tablet,20mg,Pfizer
2359,62122-176-59,Sertraline Plus,Sertraline HCl,Tablet,50mg,Pfizer
2360,52191-678-60,Atorvastatin Plus,Atorvastatin Calcium,Tablet,20mg,Pfizer
2361,36967-359-61,Atorvastatin Plus,Atorvastatin Calcium,Tablet,20mg,Pfizer
2362,32364-496-62,Albuterol Plus,Albuterol Sulfate,Inhaler,90mcg,GSK
2363,60551-363-63,Lysinopril Plus,Lisinopril,Tablet,10mg,Sandoz
2364,92252-649-64,Losartan Plus,Losartan Potassium,Tablet,50mg,Merck
2365,96135-455-65,Gabapentin Plus,Gabapentin,Capsule,300mg,Sun Pharma
2366,90634-640-66,Atorvastatin Plus,Atorvastatin Calcium,Tablet,20mg,Pfizer
2367,64322-703-67,Metformin Plus,Metformin HCl,Tablet,850mg,Mylan
2368,67693-459-68,Albuterol Plus,Albuterol Sulfate,Inhaler,90mcg,GSK
2369,42806-142-69,Ibuprofen Plus,Ibuprofen,Tablet,800mg,McNeil
2370,76908-442-70,Albuterol Plus,Albuterol Sulfate,Inhaler,90mcg,GSK
2371,92560-530-71,Atorvastatin Plus,Atorvastatin Calcium,Tablet,20mg,Pfizer
2372,64285-591-72,Amoxicillin Plus,Amoxicillin,Capsule,500mg,Teva
2373,29802-964-73,Hydrochlorothiazide Plus,Hydrochlorothiazide,Tablet,25mg,Lupin
2374,42058-225-74,Atorvastatin Plus,Atorvastatin Calcium,Tablet,20mg,Pfizer
2375,51473-351-75,Albuterol Plus,Albuterol Sulfate,Inhaler,90mcg,GSK
2376,16299-691-76,Hydrochlorothiazide Plus,Hydrochlorothiazide,Tablet,25mg,Lupin
2377,71840-713-77,Sertraline Plus,Sertraline HCl,Tablet,50mg,Pfizer
2378,70237-938-78,Lysinopril Plus,Lisinopril,Tablet,10mg,Sandoz
2379,34328-181-79,Metformin Plus,Metformin HCl,Tablet,850mg,Mylan
2380,89409-587-80,Amoxicillin Plus,Amoxicillin,Capsule,500mg,Teva
2381,45065-119-81,Albuterol Plus,Albuterol Sulfate,Inhaler,90mcg,GSK
2382,76428-772-82,Losartan Plus,Losartan Potassium,Tablet,50mg,Merck
2383,86767-834-83,Omeprazole Plus,Omeprazole,Capsule,20mg,AstraZeneca
2384,38012-904-84,Losartan Plus,Losartan Potassium,Tablet,50mg,Merck
2385,43599-459-85,Omeprazole Plus,Omeprazole,Capsule,20mg,AstraZeneca
2386,28812-869-86,Sertraline Plus,Sertraline HCl,Tablet,50mg,Pfizer
2387,26485-875-87,Hydrochlorothiazide Plus,Hydrochlorothiazide,Tablet,25mg,Lupin
2388,94372-207-88,Albuterol Plus,Albuterol Sulfate,Inhaler,90mcg,GSK
2389,49152-138-89,Levothyroxine Plus,Levothyroxine Sodium,Tablet,50mcg,AbbVie
2390,46424-934-90,Metoprolol Plus,Metoprolol Succinate,Tablet,50mg,AstraZeneca
2391,68819-253-91,Hydrochlorothiazide Plus,Hydrochlorothiazide,Tablet,25mg,Lupin
2392,41038-834-92,Atorvastatin Plus,Atorvastatin Calcium,Tablet,20mg,Pfizer
2393,88216-336-93,Atorvastatin Plus,Atorvastatin Calcium,Tablet,20mg,Pfizer
2394,34220-488-94,Amoxicillin Plus,Amoxicillin,Capsule,500mg,Teva
2395,78858-248-95,Ibuprofen Plus,Ibuprofen,Tablet,800mg,McNeil
2396,46712-485-96,Amlodipine Plus,Amlodipine Besylate,Tablet,5mg,Novartis
2397,28232-749-97,Ibuprofen Plus,Ibuprofen,Tablet,800mg,McNeil
2398,98241-331-98,Omeprazole Plus,Omeprazole,Capsule,20mg,AstraZeneca
2399,28836-245-99,Azithromycin Plus,Azithromycin,Tablet,250mg,Pfizer
2400,80788-588-00,Lysinopril Plus,Lisinopril,Tablet,10mg,Sandoz
2401,50269-217-01,Albuterol Plus,Albuterol Sulfate,Inhaler,90mcg,GSK
2402,84651-432-02,Omeprazole Plus,Omeprazole,Capsule,20mg,AstraZeneca
2403,59885-657-03,Atorvastatin Plus,Atorvastatin Calcium,Tablet,20mg,Pfizer
2404,89466-573-04,Metoprolol Plus,Metoprolol Succinate,Tablet,50mg,AstraZeneca
2405,53699-848-05,Albuterol Plus,Albuterol Sulfate,Inhaler,90mcg,GSK
2406,66321-699-06,Metformin Plus,Metformin HCl,Tablet,850mg,Mylan
2407,15603-382-07,Omeprazole Plus,Omeprazole,Capsule,20mg,AstraZeneca
2408,27695-196-08,Amoxicillin Plus,Amoxicillin,Capsule,500mg,Teva
2409,97966-486-09,Lysinopril Plus,Lisinopril,Tablet,10mg,Sandoz
2410,35886-431-10,Metformin Plus,Metformin HCl,Tablet,850mg,Mylan
2411,91604-538-11,Levothyroxine Plus,Levothyroxine Sodium,Tablet,50mcg,AbbVie
2412,51189-798-12,Sertraline Plus,Sertraline HCl,Tablet,50mg,Pfizer
2413,19018-581-13,Metformin Plus,Metformin HCl,Tablet,850mg,Mylan
2414,35057-101-14,Amoxicillin Plus,Amoxicillin,Capsule,500mg,Teva
2415,96148-172-15,Lysinopril Plus,Lisinopril,Tablet,10mg,Sandoz
2416,89152-614-16,Lysinopril Plus,Lisinopril,Tablet,10mg,Sandoz
2417,88232-322-17,Amlodipine Plus,Amlodipine Besylate,Tablet,5mg,Novartis
2418,40500-700-18,Metoprolol Plus,Metoprolol Succinate,Tablet,50mg,AstraZeneca
2419,20094-946-19,Omeprazole Plus,Omeprazole,Capsule,20mg,AstraZeneca
2420,66098-172-20,Hydrochlorothiazide Plus,Hydrochlorothiazide,Tablet,25mg,Lupin
2421,45460-981-21,Ibuprofen Plus,Ibuprofen,Tablet,800mg,McNeil
2422,73060-437-22,Hydrochlorothiazide Plus,Hydrochlorothiazide,Tablet,25mg,Lupin
2423,69565-183-23,Amlodipine Plus,Amlodipine Besylate,Tablet,5mg,Novartis
2424,77551-173-24,Azithromycin Plus,Azithromycin,Tablet,250mg,Pfizer
2425,75737-644-25,Omeprazole Plus,Omeprazole,Capsule,20mg,AstraZeneca
2426,20909-996-26,Gabapentin Plus,Gabapentin,Capsule,300mg,Sun Pharma
2427,41240-519-27,Amlodipine Plus,Amlodipine Besylate,Tablet,5mg,Novartis
2428,64989-107-28,Albuterol Plus,Albuterol Sulfate,Inhaler,90mcg,GSK
2429,23427-987-29,Levothyroxine Plus,Levothyroxine Sodium,Tablet,50mcg,AbbVie
2430,70449-611-30,Atorvastatin Plus,Atorvastatin Calcium,Tablet,20mg,Pfizer
2431,24870-703-31,Amoxicillin Plus,Amoxicillin,Capsule,500mg,Teva
2432,60552-214-32,Albuterol Plus,Albuterol Sulfate,Inhaler,90mcg,GSK
2433,61423-573-33,Amlodipine Plus,Amlodipine Besylate,Tablet,5mg,Novartis
2434,13434-864-34,Hydrochlorothiazide Plus,Hydrochlorothiazide,Tablet,25mg,Lupin
2435,39548-399-35,Metoprolol Plus,Metoprolol Succinate,Tablet,50mg,AstraZeneca
2436,83204-779-36,Albuterol Plus,Albuterol Sulfate,Inhaler,90mcg,GSK
2437,47163-601-37,Metformin Plus,Metformin HCl,Tablet,850mg,Mylan
2438,72864-501-38,Ibuprofen Plus,Ibuprofen,Tablet,800mg,McNeil
2439,22913-458-39,Metoprolol Plus,Metoprolol Succinate,Tablet,50mg,AstraZeneca
2440,47355-649-40,Losartan Plus,Losartan Potassium,Tablet,50mg,Merck
2441,74392-381-41,Gabapentin Plus,Gabapentin,Capsule,300mg,Sun Pharma
2442,16665-437-42,Metformin Plus,Metformin HCl,Tablet,850mg,Mylan
2443,58452-895-43,Metoprolol Plus,Metoprolol Succinate,Tablet,50mg,AstraZeneca
2444,75349-163-44,Albuterol Plus,Albuterol Sulfate,Inhaler,90mcg,GSK
2445,56158-482-45,Albuterol Plus,Albuterol Sulfate,Inhaler,90mcg,GSK
2446,59417-127-46,Omeprazole Plus,Omeprazole,Capsule,20mg,AstraZeneca
2447,27777-900-47,Amoxicillin Plus,Amoxicillin,Capsule,500mg,Teva
2448,16654-625-48,Losartan Plus,Losartan Potassium,Tablet,50mg,Merck
2449,24232-468-49,Ibuprofen Plus,Ibuprofen,Tablet,800mg,McNeil
2450,61333-877-50,Atorvastatin Plus,Atorvastatin Calcium,Tablet,20mg,Pfizer
2451,18517-105-51,Lysinopril Plus,Lisinopril,Tablet,10mg,Sandoz
2452,38798-531-52,Amoxicillin Plus,Amoxicillin,Capsule,500mg,Teva
2453,78808-982-53,Sertraline Plus,Sertraline HCl,Tablet,50mg,Pfizer
2454,30562-180-54,Amoxicillin Plus,Amoxicillin,Capsule,500mg,Teva
2455,43245-797-55,Omeprazole Plus,Omeprazole,Capsule,20mg,AstraZeneca
2456,18243-715-56,Omeprazole Plus,Omeprazole,Capsule,20mg,AstraZeneca
2457,47919-997-57,Amoxicillin Plus,Amoxicillin,Capsule,500mg,Teva
2458,97307-266-58,Losartan Plus,Losartan Potassium,Tablet,50mg,Merck
2459,89695-789-59,Levothyroxine Plus,Levothyroxine Sodium,Tablet,50mcg,AbbVie
2460,29323-304-60,Amoxicillin Plus,Amoxicillin,Capsule,500mg,Teva
2461,12364-879-61,Amlodipine Plus,Amlodipine Besylate,Tablet,5mg,Novartis
2462,30840-667-62,Amoxicillin Plus,Amoxicillin,Capsule,500mg,Teva
2463,18203-277-63,Metoprolol Plus,Metoprolol Succinate,Tablet,50mg,AstraZeneca
2464,58153-449-64,Azithromycin Plus,Azithromycin,Tablet,250mg,Pfizer
2465,10406-279-65,Hydrochlorothiazide Plus,Hydrochlorothiazide,Tablet,25mg,Lupin
2466,51961-840-66,Omeprazole Plus,Omeprazole,Capsule,20mg,AstraZeneca
2467,80847-390-67,Hydrochlorothiazide Plus,Hydrochlorothiazide,Tablet,25mg,Lupin
2468,23892-144-68,Hydrochlorothiazide Plus,Hydrochlorothiazide,Tablet,25mg,Lupin
2469,17270-899-69,Ibuprofen Plus,Ibuprofen,Tablet,800mg,McNeil
2470,85709-314-70,Amoxicillin Plus,Amoxicillin,Capsule,500mg,Teva
2471,32690-539-71,Hydrochlorothiazide Plus,Hydrochlorothiazide,Tablet,25mg,Lupin
2472,84866-791-72,Omeprazole Plus,Omeprazole,Capsule,20mg,AstraZeneca
2473,22508-442-73,Losartan Plus,Losartan Potassium,Tablet,50mg,Merck
2474,71949-971-74,Losartan Plus,Losartan Potassium,Tablet,50mg,Merck
2475,21543-566-75,Atorvastatin Plus,Atorvastatin Calcium,Tablet,20mg,Pfizer
2476,64723-597-76,Atorvastatin Plus,Atorvastatin Calcium,Tablet,20mg,Pfizer
2477,19660-452-77,Albuterol Plus,Albuterol Sulfate,Inhaler,90mcg,GSK
2478,40474-455-78,Amlodipine Plus,Amlodipine Besylate,Tablet,5mg,Novartis
2479,50318-188-79,Omeprazole Plus,Omeprazole,Capsule,20mg,AstraZeneca
2480,59557-119-80,Amoxicillin Plus,Amoxicillin,Capsule,500mg,Teva
2481,79467-829-81,Sertraline Plus,Sertraline HCl,Tablet,50mg,Pfizer
2482,46665-550-82,Amlodipine Plus,Amlodipine Besylate,Tablet,5mg,Novartis
2483,72333-567-83,Atorvastatin Plus,Atorvastatin Calcium,Tablet,20mg,Pfizer
2484,22639-542-84,Levothyroxine Plus,Levothyroxine Sodium,Tablet,50mcg,AbbVie
2485,76722-225-85,Ibuprofen Plus,Ibuprofen,Tablet,800mg,McNeil
2486,96520-238-86,Amlodipine Plus,Amlodipine Besylate,Tablet,5mg,Novartis
2487,70462-720-87,Azithromycin Plus,Azithromycin,Tablet,250mg,Pfizer
2488,66642-803-88,Amoxicillin Plus,Amoxicillin,Capsule,500mg,Teva
2489,97513-895-89,Gabapentin Plus,Gabapentin,Capsule,300mg,Sun Pharma
2490,12908-810-90,Levothyroxine Plus,Levothyroxine Sodium,Tablet,50mcg,AbbVie
2491,11311-326-91,Albuterol Plus,Albuterol Sulfate,Inhaler,90mcg,GSK
2492,71501-514-92,Levothyroxine Plus,Levothyroxine Sodium,Tablet,50mcg,AbbVie
2493,49391-578-93,Metoprolol Plus,Metoprolol Succinate,Tablet,50mg,AstraZeneca
2494,22764-360-94,Amoxicillin Plus,Amoxicillin,Capsule,500mg,Teva
2495,13256-591-95,Amoxicillin Plus,Amoxicillin,Capsule,500mg,Teva
2496,83085-933-96,Hydrochlorothiazide Plus,Hydrochlorothiazide,Tablet,25mg,Lupin
2497,54155-453-97,Gabapentin Plus,Gabapentin,Capsule,300mg,Sun Pharma
2498,12211-778-98,Metformin Plus,Metformin HCl,Tablet,850mg,Mylan
2499,16204-793-99,Lysinopril Plus,Lisinopril,Tablet,10mg,Sandoz
2500,35399-824-00,Levothyroxine Plus,Levothyroxine Sodium,Tablet,50mcg,AbbVie
2501,36986-826-01,Hydrochlorothiazide Plus,Hydrochlorothiazide,Tablet,25mg,Lupin
2502,18091-825-02,Omeprazole Plus,Omeprazole,Capsule,20mg,AstraZeneca
2503,85049-546-03,Metformin Plus,Metformin HCl,Tablet,850mg,Mylan
2504,39653-681-04,Lysinopril Plus,Lisinopril,Tablet,10mg,Sandoz
2505,40216-408-05,Levothyroxine Plus,Levothyroxine Sodium,Tablet,50mcg,AbbVie
2506,84625-495-06,Levothyroxine Plus,Levothyroxine Sodium,Tablet,50mcg,AbbVie
2507,24883-305-07,Omeprazole Plus,Omeprazole,Capsule,20mg,AstraZeneca
2508,79320-763-08,Levothyroxine Plus,Levothyroxine Sodium,Tablet,50mcg,AbbVie
2509,62398-654-09,Ibuprofen Plus,Ibuprofen,Tablet,800mg,McNeil
2510,37283-687-10,Lysinopril Plus,Lisinopril,Tablet,10mg,Sandoz
2511,32811-883-11,Metoprolol Plus,Metoprolol Succinate,Tablet,50mg,AstraZeneca
2512,32790-225-12,Amoxicillin Plus,Amoxicillin,Capsule,500mg,Teva
2513,68833-318-13,Metoprolol Plus,Metoprolol Succinate,Tablet,50mg,AstraZeneca
2514,52298-878-14,Sertraline Plus,Sertraline HCl,Tablet,50mg,Pfizer
2515,58788-322-15,Levothyroxine Plus,Levothyroxine Sodium,Tablet,50mcg,AbbVie
2516,20287-130-16,Ibuprofen Plus,Ibuprofen,Tablet,800mg,McNeil
2517,28931-872-17,Atorvastatin Plus,Atorvastatin Calcium,Tablet,20mg,Pfizer
2518,36645-549-18,Losartan Plus,Losartan Potassium,Tablet,50mg,Merck
2519,36127-432-19,Albuterol Plus,Albuterol Sulfate,Inhaler,90mcg,GSK
2520,21316-764-20,Metformin Plus,Metformin HCl,Tablet,850mg,Mylan
2521,54067-132-21,Albuterol Plus,Albuterol Sulfate,Inhaler,90mcg,GSK
2522,83524-622-22,Amlodipine Plus,Amlodipine Besylate,Tablet,5mg,Novartis
2523,97796-694-23,Sertraline Plus,Sertraline HCl,Tablet,50mg,Pfizer
2524,77702-815-24,Omeprazole Plus,Omeprazole,Capsule,20mg,AstraZeneca
2525,94071-356-25,Gabapentin Plus,Gabapentin,Capsule,300mg,Sun Pharma
2526,94860-725-26,Atorvastatin Plus,Atorvastatin Calcium,Tablet,20mg,Pfizer
2527,18815-238-27,Metformin Plus,Metformin HCl,Tablet,850mg,Mylan
2528,47268-851-28,Metformin Plus,Metformin HCl,Tablet,850mg,Mylan
2529,44255-360-29,Atorvastatin Plus,Atorvastatin Calcium,Tablet,20mg,Pfizer
2530,80849-737-30,Lysinopril Plus,Lisinopril,Tablet,10mg,Sandoz
2531,35230-549-31,Levothyroxine Plus,Levothyroxine Sodium,Tablet,50mcg,AbbVie
2532,32448-964-32,Metformin Plus,Metformin HCl,Tablet,850mg,Mylan
2533,22825-740-33,Albuterol Plus,Albuterol Sulfate,Inhaler,90mcg,GSK
2534,70724-976-34,Amlodipine Plus,Amlodipine Besylate,Tablet,5mg,Novartis
2535,28076-161-35,Atorvastatin Plus,Atorvastatin Calcium,Tablet,20mg,Pfizer
2536,44307-731-36,Azithromycin Plus,Azithromycin,Tablet,250mg,Pfizer
2537,42806-585-37,Atorvastatin Plus,Atorvastatin Calcium,Tablet,20mg,Pfizer
2538,75324-413-38,Azithromycin Plus,Azithromycin,Tablet,250mg,Pfizer
2539,96617-615-39,Metformin Plus,Metformin HCl,Tablet,850mg,Mylan
2540,10580-259-40,Albuterol Plus,Albuterol Sulfate,Inhaler,90mcg,GSK
2541,88693-406-41,Metoprolol Plus,Metoprolol Succinate,Tablet,50mg,AstraZeneca
2542,92181-782-42,Omeprazole Plus,Omeprazole,Capsule,20mg,AstraZeneca
2543,27172-641-43,Albuterol Plus,Albuterol Sulfate,Inhaler,90mcg,GSK
2544,17837-677-44,Metformin Plus,Metformin HCl,Tablet,850mg,Mylan
2545,35945-238-45,Hydrochlorothiazide Plus,Hydrochlorothiazide,Tablet,25mg,Lupin
2546,46776-879-46,Amoxicillin Plus,Amoxicillin,Capsule,500mg,Teva
2547,74026-760-47,Ibuprofen Plus,Ibuprofen,Tablet,800mg,McNeil
2548,10200-616-48,Losartan Plus,Losartan Potassium,Tablet,50mg,Merck
2549,39898-771-49,Metoprolol Plus,Metoprolol Succinate,Tablet,50mg,AstraZeneca
2550,13823-653-50,Gabapentin Plus,Gabapentin,Capsule,300mg,Sun Pharma
2551,22634-657-51,Azithromycin Plus,Azithromycin,Tablet,250mg,Pfizer
2552,47982-632-52,Omeprazole Plus,Omeprazole,Capsule,20mg,AstraZeneca
2553,11197-289-53,Omeprazole Plus,Omeprazole,Capsule,20mg,AstraZeneca
2554,68241-226-54,Albuterol Plus,Albuterol Sulfate,Inhaler,90mcg,GSK
2555,16256-814-55,Atorvastatin Plus,Atorvastatin Calcium,Tablet,20mg,Pfizer
2556,39920-970-56,Albuterol Plus,Albuterol Sulfate,Inhaler,90mcg,GSK
2557,31599-156-57,Losartan Plus,Losartan Potassium,Tablet,50mg,Merck
2558,55449-812-58,Azithromycin Plus,Azithromycin,Tablet,250mg,Pfizer
2559,63174-516-59,Levothyroxine Plus,Levothyroxine Sodium,Tablet,50mcg,AbbVie
2560,32826-914-60,Sertraline Plus,Sertraline HCl,Tablet,50mg,Pfizer
2561,17410-437-61,Sertraline Plus,Sertraline HCl,Tablet,50mg,Pfizer
2562,63104-126-62,Sertraline Plus,Sertraline HCl,Tablet,50mg,Pfizer
2563,92328-382-63,Omeprazole Plus,Omeprazole,Capsule,20mg,AstraZeneca
2564,96269-376-64,Gabapentin Plus,Gabapentin,Capsule,300mg,Sun Pharma
2565,26945-412-65,Omeprazole Plus,Omeprazole,Capsule,20mg,AstraZeneca
2566,39732-485-66,Omeprazole Plus,Omeprazole,Capsule,20mg,AstraZeneca
2567,59428-856-67,Sertraline Plus,Sertraline HCl,Tablet,50mg,Pfizer
2568,20704-558-68,Amoxicillin Plus,Amoxicillin,Capsule,500mg,Teva
2569,13333-227-69,Atorvastatin Plus,Atorvastatin Calcium,Tablet,20mg,Pfizer
2570,52283-413-70,Hydrochlorothiazide Plus,Hydrochlorothiazide,Tablet,25mg,Lupin
2571,10004-144-71,Metformin Plus,Metformin HCl,Tablet,850mg,Mylan
2572,50688-168-72,Sertraline Plus,Sertraline HCl,Tablet,50mg,Pfizer
2573,39319-701-73,Ibuprofen Plus,Ibuprofen,Tablet,800mg,McNeil
2574,24966-287-74,Atorvastatin Plus,Atorvastatin Calcium,Tablet,20mg,Pfizer
2575,76413-570-75,Sertraline Plus,Sertraline HCl,Tablet,50mg,Pfizer
2576,67431-531-76,Metoprolol Plus,Metoprolol Succinate,Tablet,50mg,AstraZeneca
2577,35094-142-77,Gabapentin Plus,Gabapentin,Capsule,300mg,Sun Pharma
2578,76384-487-78,Albuterol Plus,Albuterol Sulfate,Inhaler,90mcg,GSK
2579,27409-822-79,Metoprolol Plus,Metoprolol Succinate,Tablet,50mg,AstraZeneca
2580,52150-310-80,Amoxicillin Plus,Amoxicillin,Capsule,500mg,Teva
2581,85707-842-81,Metoprolol Plus,Metoprolol Succinate,Tablet,50mg,AstraZeneca
2582,54177-672-82,Gabapentin Plus,Gabapentin,Capsule,300mg,Sun Pharma
2583,80205-878-83,Levothyroxine Plus,Levothyroxine Sodium,Tablet,50mcg,AbbVie
2584,23604-713-84,Levothyroxine Plus,Levothyroxine Sodium,Tablet,50mcg,AbbVie
2585,85934-532-85,Metoprolol Plus,Metoprolol Succinate,Tablet,50mg,AstraZeneca
2586,96877-325-86,Losartan Plus,Losartan Potassium,Tablet,50mg,Merck
2587,12859-602-87,Hydrochlorothiazide Plus,Hydrochlorothiazide,Tablet,25mg,Lupin
2588,17897-450-88,Albuterol Plus,Albuterol Sulfate,Inhaler,90mcg,GSK
2589,26729-780-89,Ibuprofen Plus,Ibuprofen,Tablet,800mg,McNeil
2590,78849-861-90,Hydrochlorothiazide Plus,Hydrochlorothiazide,Tablet,25mg,Lupin
2591,92525-137-91,Amlodipine Plus,Amlodipine Besylate,Tablet,5mg,Novartis
2592,49501-316-92,Azithromycin Plus,Azithromycin,Tablet,250mg,Pfizer
2593,37172-322-93,Losartan Plus,Losartan Potassium,Tablet,50mg,Merck
2594,19300-339-94,Metformin Plus,Metformin HCl,Tablet,850mg,Mylan
2595,79791-934-95,Levothyroxine Plus,Levothyroxine Sodium,Tablet,50mcg,AbbVie
2596,49513-312-96,Ibuprofen Plus,Ibuprofen,Tablet,800mg,McNeil
2597,67510-527-97,Albuterol Plus,Albuterol Sulfate,Inhaler,90mcg,GSK
2598,66933-369-98,Gabapentin Plus,Gabapentin,Capsule,300mg,Sun Pharma
2599,26954-699-99,Atorvastatin Plus,Atorvastatin Calcium,Tablet,20mg,Pfizer
2600,49266-236-00,Sertraline Plus,Sertraline HCl,Tablet,50mg,Pfizer
2601,62716-991-01,Lysinopril Plus,Lisinopril,Tablet,10mg,Sandoz
2602,38076-517-02,Lysinopril Plus,Lisinopril,Tablet,10mg,Sandoz
2603,88269-706-03,Metoprolol Plus,Metoprolol Succinate,Tablet,50mg,AstraZeneca
2604,33191-580-04,Metformin Plus,Metformin HCl,Tablet,850mg,Mylan
2605,33481-636-05,Hydrochlorothiazide Plus,Hydrochlorothiazide,Tablet,25mg,Lupin
2606,77509-137-06,Amoxicillin Plus,Amoxicillin,Capsule,500mg,Teva
2607,46577-342-07,Metformin Plus,Metformin HCl,Tablet,850mg,Mylan
2608,47231-229-08,Lysinopril Plus,Lisinopril,Tablet,10mg,Sandoz
2609,63593-249-09,Amoxicillin Plus,Amoxicillin,Capsule,500mg,Teva
2610,41209-599-10,Hydrochlorothiazide Plus,Hydrochlorothiazide,Tablet,25mg,Lupin
2611,32189-922-11,Amlodipine Plus,Amlodipine Besylate,Tablet,5mg,Novartis
2612,20355-993-12,Losartan Plus,Losartan Potassium,Tablet,50mg,Merck
2613,56308-180-13,Azithromycin Plus,Azithromycin,Tablet,250mg,Pfizer
2614,56795-377-14,Ibuprofen Plus,Ibuprofen,Tablet,800mg,McNeil
2615,70248-312-15,Levothyroxine Plus,Levothyroxine Sodium,Tablet,50mcg,AbbVie
2616,58536-143-16,Albuterol Plus,Albuterol Sulfate,Inhaler,90mcg,GSK
2617,49008-785-17,Levothyroxine Plus,Levothyroxine Sodium,Tablet,50mcg,AbbVie
2618,81186-293-18,Gabapentin Plus,Gabapentin,Capsule,300mg,Sun Pharma
2619,98688-345-19,Sertraline Plus,Sertraline HCl,Tablet,50mg,Pfizer
2620,84181-931-20,Gabapentin Plus,Gabapentin,Capsule,300mg,Sun Pharma
2621,34285-263-21,Levothyroxine Plus,Levothyroxine Sodium,Tablet,50mcg,AbbVie
2622,88971-260-22,Gabapentin Plus,Gabapentin,Capsule,300mg,Sun Pharma
2623,21041-124-23,Metformin Plus,Metformin HCl,Tablet,850mg,Mylan
2624,21790-798-24,Sertraline Plus,Sertraline HCl,Tablet,50mg,Pfizer
2625,47181-572-25,Omeprazole Plus,Omeprazole,Capsule,20mg,AstraZeneca
2626,18059-347-26,Atorvastatin Plus,Atorvastatin Calcium,Tablet,20mg,Pfizer
2627,99103-951-27,Omeprazole Plus,Omeprazole,Capsule,20mg,AstraZeneca
2628,77299-843-28,Metformin Plus,Metformin HCl,Tablet,850mg,Mylan
2629,33179-176-29,Losartan Plus,Losartan Potassium,Tablet,50mg,Merck
2630,20879-263-30,Amoxicillin Plus,Amoxicillin,Capsule,500mg,Teva
2631,71633-568-31,Hydrochlorothiazide Plus,Hydrochlorothiazide,Tablet,25mg,Lupin
2632,27713-700-32,Sertraline Plus,Sertraline HCl,Tablet,50mg,Pfizer
2633,86546-140-33,Levothyroxine Plus,Levothyroxine Sodium,Tablet,50mcg,AbbVie
2634,72407-218-34,Atorvastatin Plus,Atorvastatin Calcium,Tablet,20mg,Pfizer
2635,95438-797-35,Lysinopril Plus,Lisinopril,Tablet,10mg,Sandoz
2636,13738-645-36,Metformin Plus,Metformin HCl,Tablet,850mg,Mylan
2637,36314-421-37,Metoprolol Plus,Metoprolol Succinate,Tablet,50mg,AstraZeneca
2638,62646-367-38,Amoxicillin Plus,Amoxicillin,Capsule,500mg,Teva
2639,41518-133-39,Albuterol Plus,Albuterol Sulfate,Inhaler,90mcg,GSK
2640,77712-713-40,Metoprolol Plus,Metoprolol Succinate,Tablet,50mg,AstraZeneca
2641,92214-577-41,Omeprazole Plus,Omeprazole,Capsule,20mg,AstraZeneca
2642,13626-506-42,Atorvastatin Plus,Atorvastatin Calcium,Tablet,20mg,Pfizer
2643,76242-920-43,Levothyroxine Plus,Levothyroxine Sodium,Tablet,50mcg,AbbVie
2644,77790-992-44,Amlodipine Plus,Amlodipine Besylate,Tablet,5mg,Novartis
2645,82946-725-45,Azithromycin Plus,Azithromycin,Tablet,250mg,Pfizer
2646,36376-920-46,Metoprolol Plus,Metoprolol Succinate,Tablet,50mg,AstraZeneca
2647,40275-519-47,Ibuprofen Plus,Ibuprofen,Tablet,800mg,McNeil
2648,87462-973-48,Levothyroxine Plus,Levothyroxine Sodium,Tablet,50mcg,AbbVie
2649,37286-308-49,Gabapentin Plus,Gabapentin,Capsule,300mg,Sun Pharma
2650,17482-622-50,Albuterol Plus,Albuterol Sulfate,Inhaler,90mcg,GSK
2651,56720-111-51,Gabapentin Plus,Gabapentin,Capsule,300mg,Sun Pharma
2652,56089-630-52,Losartan Plus,Losartan Potassium,Tablet,50mg,Merck
2653,73587-679-53,Amlodipine Plus,Amlodipine Besylate,Tablet,5mg,Novartis
2654,71500-427-54,Metformin Plus,Metformin HCl,Tablet,850mg,Mylan
2655,13321-947-55,Metoprolol Plus,Metoprolol Succinate,Tablet,50mg,AstraZeneca
2656,62171-324-56,Lysinopril Plus,Lisinopril,Tablet,10mg,Sandoz
2657,37071-426-57,Azithromycin Plus,Azithromycin,Tablet,250mg,Pfizer
2658,67461-259-58,Amlodipine Plus,Amlodipine Besylate,Tablet,5mg,Novartis
2659,38719-928-59,Hydrochlorothiazide Plus,Hydrochlorothiazide,Tablet,25mg,Lupin
2660,10076-177-60,Metoprolol Plus,Metoprolol Succinate,Tablet,50mg,AstraZeneca
2661,55692-686-61,Hydrochlorothiazide Plus,Hydrochlorothiazide,Tablet,25mg,Lupin
2662,93304-485-62,Azithromycin Plus,Azithromycin,Tablet,250mg,Pfizer
2663,63319-148-63,Atorvastatin Plus,Atorvastatin Calcium,Tablet,20mg,Pfizer
2664,31903-667-64,Amoxicillin Plus,Amoxicillin,Capsule,500mg,Teva
2665,40007-464-65,Metformin Plus,Metformin HCl,Tablet,850mg,Mylan
2666,35504-851-66,Levothyroxine Plus,Levothyroxine Sodium,Tablet,50mcg,AbbVie
2667,20473-209-67,Albuterol Plus,Albuterol Sulfate,Inhaler,90mcg,GSK
2668,69632-796-68,Sertraline Plus,Sertraline HCl,Tablet,50mg,Pfizer
2669,25545-760-69,Gabapentin Plus,Gabapentin,Capsule,300mg,Sun Pharma
2670,23299-818-70,Omeprazole Plus,Omeprazole,Capsule,20mg,AstraZeneca
2671,48300-185-71,Gabapentin Plus,Gabapentin,Capsule,300mg,Sun Pharma
2672,40238-588-72,Metoprolol Plus,Metoprolol Succinate,Tablet,50mg,AstraZeneca
2673,14169-331-73,Gabapentin Plus,Gabapentin,Capsule,300mg,Sun Pharma
2674,67536-982-74,Amoxicillin Plus,Amoxicillin,Capsule,500mg,Teva
2675,50418-315-75,Metoprolol Plus,Metoprolol Succinate,Tablet,50mg,AstraZeneca
2676,96948-509-76,Losartan Plus,Losartan Potassium,Tablet,50mg,Merck
2677,71256-694-77,Amlodipine Plus,Amlodipine Besylate,Tablet,5mg,Novartis
2678,73389-782-78,Hydrochlorothiazide Plus,Hydrochlorothiazide,Tablet,25mg,Lupin
2679,26940-377-79,Levothyroxine Plus,Levothyroxine Sodium,Tablet,50mcg,AbbVie
2680,79609-790-80,Ibuprofen Plus,Ibuprofen,Tablet,800mg,McNeil
2681,48293-619-81,Hydrochlorothiazide Plus,Hydrochlorothiazide,Tablet,25mg,Lupin
2682,83826-410-82,Amlodipine Plus,Amlodipine Besylate,Tablet,5mg,Novartis
2683,64264-763-83,Levothyroxine Plus,Levothyroxine Sodium,Tablet,50mcg,AbbVie
2684,33201-476-84,Lysinopril Plus,Lisinopril,Tablet,10mg,Sandoz
2685,22122-994-85,Lysinopril Plus,Lisinopril,Tablet,10mg,Sandoz
2686,86676-250-86,Omeprazole Plus,Omeprazole,Capsule,20mg,AstraZeneca
2687,79948-554-87,Amoxicillin Plus,Amoxicillin,Capsule,500mg,Teva
2688,33045-280-88,Levothyroxine Plus,Levothyroxine Sodium,Tablet,50mcg,AbbVie
2689,19268-455-89,Losartan Plus,Losartan Potassium,Tablet,50mg,Merck
2690,37892-418-90,Gabapentin Plus,Gabapentin,Capsule,300mg,Sun Pharma
2691,24828-265-91,Amlodipine Plus,Amlodipine Besylate,Tablet,5mg,Novartis
2692,76925-101-92,Metformin Plus,Metformin HCl,Tablet,850mg,Mylan
2693,10211-547-93,Lysinopril Plus,Lisinopril,Tablet,10mg,Sandoz
2694,36063-168-94,Albuterol Plus,Albuterol Sulfate,Inhaler,90mcg,GSK
2695,47448-607-95,Hydrochlorothiazide Plus,Hydrochlorothiazide,Tablet,25mg,Lupin
2696,18275-299-96,Metformin Plus,Metformin HCl,Tablet,850mg,Mylan
2697,36836-451-97,Atorvastatin Plus,Atorvastatin Calcium,Tablet,20mg,Pfizer
2698,16524-523-98,Hydrochlorothiazide Plus,Hydrochlorothiazide,Tablet,25mg,Lupin
2699,21588-965-99,Sertraline Plus,Sertraline HCl,Tablet,50mg,Pfizer
2700,13630-482-00,Metformin Plus,Metformin HCl,Tablet,850mg,Mylan
2701,74147-319-01,Sertraline Plus,Sertraline HCl,Tablet,50mg,Pfizer
2702,57322-428-02,Metformin Plus,Metformin HCl,Tablet,850mg,Mylan
2703,59867-813-03,Albuterol Plus,Albuterol Sulfate,Inhaler,90mcg,GSK
2704,76377-895-04,Metoprolol Plus,Metoprolol Succinate,Tablet,50mg,AstraZeneca
2705,88296-920-05,Ibuprofen Plus,Ibuprofen,Tablet,800mg,McNeil
2706,80117-669-06,Metformin Plus,Metformin HCl,Tablet,850mg,Mylan
2707,14923-714-07,Levothyroxine Plus,Levothyroxine Sodium,Tablet,50mcg,AbbVie
2708,79594-773-08,Azithromycin Plus,Azithromycin,Tablet,250mg,Pfizer
2709,25529-254-09,Albuterol Plus,Albuterol Sulfate,Inhaler,90mcg,GSK
2710,31075-263-10,Ibuprofen Plus,Ibuprofen,Tablet,800mg,McNeil
2711,23361-266-11,Omeprazole Plus,Omeprazole,Capsule,20mg,AstraZeneca
2712,46976-641-12,Albuterol Plus,Albuterol Sulfate,Inhaler,90mcg,GSK
2713,67971-735-13,Lysinopril Plus,Lisinopril,Tablet,10mg,Sandoz
2714,39334-202-14,Hydrochlorothiazide Plus,Hydrochlorothiazide,Tablet,25mg,Lupin
2715,34398-660-15,Amlodipine Plus,Amlodipine Besylate,Tablet,5mg,Novartis
2716,42290-194-16,Albuterol Plus,Albuterol Sulfate,Inhaler,90mcg,GSK
2717,48658-485-17,Amlodipine Plus,Amlodipine Besylate,Tablet,5mg,Novartis
2718,87604-631-18,Ibuprofen Plus,Ibuprofen,Tablet,800mg,McNeil
2719,95511-749-19,Gabapentin Plus,Gabapentin,Capsule,300mg,Sun Pharma
2720,17530-287-20,Amoxicillin Plus,Amoxicillin,Capsule,500mg,Teva
2721,54579-248-21,Azithromycin Plus,Azithromycin,Tablet,250mg,Pfizer
2722,99273-887-22,Azithromycin Plus,Azithromycin,Tablet,250mg,Pfizer
2723,33793-123-23,Lysinopril Plus,Lisinopril,Tablet,10mg,Sandoz
2724,86012-264-24,Azithromycin Plus,Azithromycin,Tablet,250mg,Pfizer
2725,75217-310-25,Ibuprofen Plus,Ibuprofen,Tablet,800mg,McNeil
2726,73936-866-26,Atorvastatin Plus,Atorvastatin Calcium,Tablet,20mg,Pfizer
2727,45742-193-27,Albuterol Plus,Albuterol Sulfate,Inhaler,90mcg,GSK
2728,34311-377-28,Gabapentin Plus,Gabapentin,Capsule,300mg,Sun Pharma
2729,89716-195-29,Omeprazole Plus,Omeprazole,Capsule,20mg,AstraZeneca
2730,26087-256-30,Sertraline Plus,Sertraline HCl,Tablet,50mg,Pfizer
2731,83665-986-31,Losartan Plus,Losartan Potassium,Tablet,50mg,Merck
2732,53099-846-32,Metformin Plus,Metformin HCl,Tablet,850mg,Mylan
2733,17759-798-33,Albuterol Plus,Albuterol Sulfate,Inhaler,90mcg,GSK
2734,50779-491-34,Metoprolol Plus,Metoprolol Succinate,Tablet,50mg,AstraZeneca
2735,16739-245-35,Gabapentin Plus,Gabapentin,Capsule,300mg,Sun Pharma
2736,75853-996-36,Losartan Plus,Losartan Potassium,Tablet,50mg,Merck
2737,60748-961-37,Sertraline Plus,Sertraline HCl,Tablet,50mg,Pfizer
2738,24475-909-38,Ibuprofen Plus,Ibuprofen,Tablet,800mg,McNeil
2739,96862-724-39,Ibuprofen Plus,Ibuprofen,Tablet,800mg,McNeil
2740,14602-678-40,Albuterol Plus,Albuterol Sulfate,Inhaler,90mcg,GSK
2741,53068-427-41,Levothyroxine Plus,Levothyroxine Sodium,Tablet,50mcg,AbbVie
2742,18571-702-42,Amlodipine Plus,Amlodipine Besylate,Tablet,5mg,Novartis
2743,61447-373-43,Amoxicillin Plus,Amoxicillin,Capsule,500mg,Teva
2744,24952-789-44,Omeprazole Plus,Omeprazole,Capsule,20mg,AstraZeneca
2745,55002-994-45,Metoprolol Plus,Metoprolol Succinate,Tablet,50mg,AstraZeneca
2746,20853-663-46,Hydrochlorothiazide Plus,Hydrochlorothiazide,Tablet,25mg,Lupin
2747,39143-203-47,Sertraline Plus,Sertraline HCl,Tablet,50mg,Pfizer
2748,26820-578-48,Sertraline Plus,Sertraline HCl,Tablet,50mg,Pfizer
2749,87006-451-49,Lysinopril Plus,Lisinopril,Tablet,10mg,Sandoz
2750,31728-826-50,Atorvastatin Plus,Atorvastatin Calcium,Tablet,20mg,Pfizer
2751,11214-803-51,Metoprolol Plus,Metoprolol Succinate,Tablet,50mg,AstraZeneca
2752,30481-706-52,Lysinopril Plus,Lisinopril,Tablet,10mg,Sandoz
2753,49432-216-53,Metoprolol Plus,Metoprolol Succinate,Tablet,50mg,AstraZeneca
2754,23216-909-54,Omeprazole Plus,Omeprazole,Capsule,20mg,AstraZeneca
2755,33109-869-55,Omeprazole Plus,Omeprazole,Capsule,20mg,AstraZeneca
2756,98661-434-56,Levothyroxine Plus,Levothyroxine Sodium,Tablet,50mcg,AbbVie
2757,83137-569-57,Amoxicillin Plus,Amoxicillin,Capsule,500mg,Teva
2758,81628-752-58,Metformin Plus,Metformin HCl,Tablet,850mg,Mylan
2759,37506-797-59,Sertraline Plus,Sertraline HCl,Tablet,50mg,Pfizer
2760,13638-519-60,Levothyroxine Plus,Levothyroxine Sodium,Tablet,50mcg,AbbVie
2761,91091-974-61,Sertraline Plus,Sertraline HCl,Tablet,50mg,Pfizer
2762,77629-107-62,Lysinopril Plus,Lisinopril,Tablet,10mg,Sandoz
2763,80135-356-63,Gabapentin Plus,Gabapentin,Capsule,300mg,Sun Pharma
2764,78807-286-64,Azithromycin Plus,Azithromycin,Tablet,250mg,Pfizer
2765,58823-959-65,Amlodipine Plus,Amlodipine Besylate,Tablet,5mg,Novartis
2766,26471-753-66,Metoprolol Plus,Metoprolol Succinate,Tablet,50mg,AstraZeneca
2767,25529-698-67,Levothyroxine Plus,Levothyroxine Sodium,Tablet,50mcg,AbbVie
2768,31964-842-68,Azithromycin Plus,Azithromycin,Tablet,250mg,Pfizer
2769,88118-963-69,Metformin Plus,Metformin HCl,Tablet,850mg,Mylan
2770,29214-993-70,Losartan Plus,Losartan Potassium,Tablet,50mg,Merck
2771,24903-957-71,Sertraline Plus,Sertraline HCl,Tablet,50mg,Pfizer
2772,26512-592-72,Sertraline Plus,Sertraline HCl,Tablet,50mg,Pfizer
2773,54680-150-73,Hydrochlorothiazide Plus,Hydrochlorothiazide,Tablet,25mg,Lupin
2774,88167-207-74,Gabapentin Plus,Gabapentin,Capsule,300mg,Sun Pharma
2775,96913-560-75,Losartan Plus,Losartan Potassium,Tablet,50mg,Merck
2776,83321-187-76,Albuterol Plus,Albuterol Sulfate,Inhaler,90mcg,GSK
2777,70923-917-77,Metoprolol Plus,Metoprolol Succinate,Tablet,50mg,AstraZeneca
2778,10556-447-78,Metformin Plus,Metformin HCl,Tablet,850mg,Mylan
2779,45645-632-79,Levothyroxine Plus,Levothyroxine Sodium,Tablet,50mcg,AbbVie
2780,16664-673-80,Lysinopril Plus,Lisinopril,Tablet,10mg,Sandoz
2781,93905-447-81,Metoprolol Plus,Metoprolol Succinate,Tablet,50mg,AstraZeneca
2782,64538-845-82,Lysinopril Plus,Lisinopril,Tablet,10mg,Sandoz
2783,87581-325-83,Amlodipine Plus,Amlodipine Besylate,Tablet,5mg,Novartis
2784,77262-209-84,Amlodipine Plus,Amlodipine Besylate,Tablet,5mg,Novartis
2785,52245-443-85,Levothyroxine Plus,Levothyroxine Sodium,Tablet,50mcg,AbbVie
2786,96004-681-86,Losartan Plus,Losartan Potassium,Tablet,50mg,Merck
2787,93366-673-87,Albuterol Plus,Albuterol Sulfate,Inhaler,90mcg,GSK
2788,88437-714-88,Atorvastatin Plus,Atorvastatin Calcium,Tablet,20mg,Pfizer
2789,29817-462-89,Lysinopril Plus,Lisinopril,Tablet,10mg,Sandoz
2790,80123-851-90,Omeprazole Plus,Omeprazole,Capsule,20mg,AstraZeneca
2791,51617-322-91,Atorvastatin Plus,Atorvastatin Calcium,Tablet,20mg,Pfizer
2792,28002-466-92,Losartan Plus,Losartan Potassium,Tablet,50mg,Merck
2793,42258-518-93,Sertraline Plus,Sertraline HCl,Tablet,50mg,Pfizer
2794,22909-347-94,Amoxicillin Plus,Amoxicillin,Capsule,500mg,Teva
2795,75501-805-95,Ibuprofen Plus,Ibuprofen,Tablet,800mg,McNeil
2796,58469-538-96,Losartan Plus,Losartan Potassium,Tablet,50mg,Merck
2797,58184-214-97,Omeprazole Plus,Omeprazole,Capsule,20mg,AstraZeneca
2798,11875-922-98,Losartan Plus,Losartan Potassium,Tablet,50mg,Merck
2799,34130-437-99,Losartan Plus,Losartan Potassium,Tablet,50mg,Merck
2800,95046-497-00,Levothyroxine Plus,Levothyroxine Sodium,Tablet,50mcg,AbbVie
2801,57519-155-01,Sertraline Plus,Sertraline HCl,Tablet,50mg,Pfizer
2802,74001-301-02,Metformin Plus,Metformin HCl,Tablet,850mg,Mylan
2803,57104-685-03,Hydrochlorothiazide Plus,Hydrochlorothiazide,Tablet,25mg,Lupin
2804,56145-412-04,Albuterol Plus,Albuterol Sulfate,Inhaler,90mcg,GSK
2805,11610-944-05,Albuterol Plus,Albuterol Sulfate,Inhaler,90mcg,GSK
2806,18889-290-06,Lysinopril Plus,Lisinopril,Tablet,10mg,Sandoz
2807,99892-126-07,Ibuprofen Plus,Ibuprofen,Tablet,800mg,McNeil
2808,37968-728-08,Albuterol Plus,Albuterol Sulfate,Inhaler,90mcg,GSK
2809,15424-406-09,Albuterol Plus,Albuterol Sulfate,Inhaler,90mcg,GSK
2810,41591-992-10,Amoxicillin Plus,Amoxicillin,Capsule,500mg,Teva
2811,17640-662-11,Ibuprofen Plus,Ibuprofen,Tablet,800mg,McNeil
2812,69638-209-12,Losartan Plus,Losartan Potassium,Tablet,50mg,Merck
2813,11212-449-13,Atorvastatin Plus,Atorvastatin Calcium,Tablet,20mg,Pfizer
2814,76193-647-14,Gabapentin Plus,Gabapentin,Capsule,300mg,Sun Pharma
2815,81401-499-15,Metoprolol Plus,Metoprolol Succinate,Tablet,50mg,AstraZeneca
2816,38713-908-16,Albuterol Plus,Albuterol Sulfate,Inhaler,90mcg,GSK
2817,70432-601-17,Omeprazole Plus,Omeprazole,Capsule,20mg,AstraZeneca
2818,97020-943-18,Amoxicillin Plus,Amoxicillin,Capsule,500mg,Teva
2819,49800-773-19,Omeprazole Plus,Omeprazole,Capsule,20mg,AstraZeneca
2820,87920-553-20,Gabapentin Plus,Gabapentin,Capsule,300mg,Sun Pharma
2821,13691-397-21,Amoxicillin Plus,Amoxicillin,Capsule,500mg,Teva
2822,28942-321-22,Levothyroxine Plus,Levothyroxine Sodium,Tablet,50mcg,AbbVie
2823,35211-839-23,Amoxicillin Plus,Amoxicillin,Capsule,500mg,Teva
2824,85967-781-24,Levothyroxine Plus,Levothyroxine Sodium,Tablet,50mcg,AbbVie
2825,75854-611-25,Lysinopril Plus,Lisinopril,Tablet,10mg,Sandoz
2826,12050-250-26,Atorvastatin Plus,Atorvastatin Calcium,Tablet,20mg,Pfizer
2827,77006-711-27,Gabapentin Plus,Gabapentin,Capsule,300mg,Sun Pharma
2828,97325-880-28,Hydrochlorothiazide Plus,Hydrochlorothiazide,Tablet,25mg,Lupin
2829,62923-717-29,Sertraline Plus,Sertraline HCl,Tablet,50mg,Pfizer
2830,61452-146-30,Amoxicillin Plus,Amoxicillin,Capsule,500mg,Teva
2831,25772-293-31,Sertraline Plus,Sertraline HCl,Tablet,50mg,Pfizer
2832,10316-436-32,Albuterol Plus,Albuterol Sulfate,Inhaler,90mcg,GSK
2833,44068-669-33,Atorvastatin Plus,Atorvastatin Calcium,Tablet,20mg,Pfizer
2834,36443-776-34,Hydrochlorothiazide Plus,Hydrochlorothiazide,Tablet,25mg,Lupin
2835,41856-843-35,Azithromycin Plus,Azithromycin,Tablet,250mg,Pfizer
2836,15430-773-36,Sertraline Plus,Sertraline HCl,Tablet,50mg,Pfizer
2837,12038-749-37,Omeprazole Plus,Omeprazole,Capsule,20mg,AstraZeneca
2838,87540-995-38,Levothyroxine Plus,Levothyroxine Sodium,Tablet,50mcg,AbbVie
2839,83996-545-39,Levothyroxine Plus,Levothyroxine Sodium,Tablet,50mcg,AbbVie
2840,50426-419-40,Amlodipine Plus,Amlodipine Besylate,Tablet,5mg,Novartis
2841,34452-774-41,Amoxicillin Plus,Amoxicillin,Capsule,500mg,Teva
2842,82818-248-42,Amoxicillin Plus,Amoxicillin,Capsule,500mg,Teva
2843,55484-620-43,Levothyroxine Plus,Levothyroxine Sodium,Tablet,50mcg,AbbVie
2844,10924-705-44,Gabapentin Plus,Gabapentin,Capsule,300mg,Sun Pharma
2845,80237-235-45,Ibuprofen Plus,Ibuprofen,Tablet,800mg,McNeil
2846,21155-168-46,Omeprazole Plus,Omeprazole,Capsule,20mg,AstraZeneca
2847,89314-428-47,Ibuprofen Plus,Ibuprofen,Tablet,800mg,McNeil
2848,98085-535-48,Metoprolol Plus,Metoprolol Succinate,Tablet,50mg,AstraZeneca
2849,71184-706-49,Omeprazole Plus,Omeprazole,Capsule,20mg,AstraZeneca
2850,67546-696-50,Losartan Plus,Losartan Potassium,Tablet,50mg,Merck
2851,76920-868-51,Amlodipine Plus,Amlodipine Besylate,Tablet,5mg,Novartis
2852,13119-874-52,Metoprolol Plus,Metoprolol Succinate,Tablet,50mg,AstraZeneca
2853,83158-935-53,Amlodipine Plus,Amlodipine Besylate,Tablet,5mg,Novartis
2854,53487-517-54,Amoxicillin Plus,Amoxicillin,Capsule,500mg,Teva
2855,24950-916-55,Omeprazole Plus,Omeprazole,Capsule,20mg,AstraZeneca
2856,85496-290-56,Amoxicillin Plus,Amoxicillin,Capsule,500mg,Teva
2857,66414-593-57,Losartan Plus,Losartan Potassium,Tablet,50mg,Merck
2858,62121-862-58,Ibuprofen Plus,Ibuprofen,Tablet,800mg,McNeil
2859,36678-978-59,Amoxicillin Plus,Amoxicillin,Capsule,500mg,Teva
2860,39774-526-60,Metformin Plus,Metformin HCl,Tablet,850mg,Mylan
2861,78852-537-61,Omeprazole Plus,Omeprazole,Capsule,20mg,AstraZeneca
2862,68045-564-62,Sertraline Plus,Sertraline HCl,Tablet,50mg,Pfizer
2863,74268-119-63,Atorvastatin Plus,Atorvastatin Calcium,Tablet,20mg,Pfizer
2864,87117-802-64,Amoxicillin Plus,Amoxicillin,Capsule,500mg,Teva
2865,25806-949-65,Sertraline Plus,Sertraline HCl,Tablet,50mg,Pfizer
2866,71040-184-66,Omeprazole Plus,Omeprazole,Capsule,20mg,AstraZeneca
2867,29726-650-67,Azithromycin Plus,Azithromycin,Tablet,250mg,Pfizer
2868,36676-136-68,Atorvastatin Plus,Atorvastatin Calcium,Tablet,20mg,Pfizer
2869,37187-131-69,Amoxicillin Plus,Amoxicillin,Capsule,500mg,Teva
2870,55587-779-70,Albuterol Plus,Albuterol Sulfate,Inhaler,90mcg,GSK
2871,64119-329-71,Ibuprofen Plus,Ibuprofen,Tablet,800mg,McNeil
2872,24336-132-72,Albuterol Plus,Albuterol Sulfate,Inhaler,90mcg,GSK
2873,74996-188-73,Levothyroxine Plus,Levothyroxine Sodium,Tablet,50mcg,AbbVie
2874,37055-390-74,Azithromycin Plus,Azithromycin,Tablet,250mg,Pfizer
2875,91806-192-75,Gabapentin Plus,Gabapentin,Capsule,300mg,Sun Pharma
2876,27647-404-76,Lysinopril Plus,Lisinopril,Tablet,10mg,Sandoz
2877,89475-111-77,Ibuprofen Plus,Ibuprofen,Tablet,800mg,McNeil
2878,59282-589-78,Lysinopril Plus,Lisinopril,Tablet,10mg,Sandoz
2879,25930-576-79,Gabapentin Plus,Gabapentin,Capsule,300mg,Sun Pharma
2880,40984-474-80,Gabapentin Plus,Gabapentin,Capsule,300mg,Sun Pharma
2881,84280-113-81,Ibuprofen Plus,Ibuprofen,Tablet,800mg,McNeil
2882,49231-129-82,Hydrochlorothiazide Plus,Hydrochlorothiazide,Tablet,25mg,Lupin
2883,88998-267-83,Sertraline Plus,Sertraline HCl,Tablet,50mg,Pfizer
2884,60417-680-84,Azithromycin Plus,Azithromycin,Tablet,250mg,Pfizer
2885,30385-611-85,Metoprolol Plus,Metoprolol Succinate,Tablet,50mg,AstraZeneca
2886,92673-672-86,Amlodipine Plus,Amlodipine Besylate,Tablet,5mg,Novartis
2887,29293-594-87,Metformin Plus,Metformin HCl,Tablet,850mg,Mylan
2888,80459-353-88,Metformin Plus,Metformin HCl,Tablet,850mg,Mylan
2889,48364-570-89,Metformin Plus,Metformin HCl,Tablet,850mg,Mylan
2890,28618-201-90,Lysinopril Plus,Lisinopril,Tablet,10mg,Sandoz
2891,40992-232-91,Gabapentin Plus,Gabapentin,Capsule,300mg,Sun Pharma
2892,55859-578-92,Gabapentin Plus,Gabapentin,Capsule,300mg,Sun Pharma
2893,87302-513-93,Amoxicillin Plus,Amoxicillin,Capsule,500mg,Teva
2894,77593-774-94,Sertraline Plus,Sertraline HCl,Tablet,50mg,Pfizer
2895,77905-556-95,Metoprolol Plus,Metoprolol Succinate,Tablet,50mg,AstraZeneca
2896,71300-199-96,Sertraline Plus,Sertraline HCl,Tablet,50mg,Pfizer
2897,86619-624-97,Amoxicillin Plus,Amoxicillin,Capsule,500mg,Teva
2898,20789-609-98,Atorvastatin Plus,Atorvastatin Calcium,Tablet,20mg,Pfizer
2899,29764-261-99,Azithromycin Plus,Azithromycin,Tablet,250mg,Pfizer
2900,36622-754-00,Gabapentin Plus,Gabapentin,Capsule,300mg,Sun Pharma
2901,33877-687-01,Amlodipine Plus,Amlodipine Besylate,Tablet,5mg,Novartis
2902,25646-682-02,Azithromycin Plus,Azithromycin,Tablet,250mg,Pfizer
2903,48722-351-03,Azithromycin Plus,Azithromycin,Tablet,250mg,Pfizer
2904,97815-323-04,Losartan Plus,Losartan Potassium,Tablet,50mg,Merck
2905,93797-649-05,Hydrochlorothiazide Plus,Hydrochlorothiazide,Tablet,25mg,Lupin
2906,70078-822-06,Amlodipine Plus,Amlodipine Besylate,Tablet,5mg,Novartis
2907,12489-293-07,Hydrochlorothiazide Plus,Hydrochlorothiazide,Tablet,25mg,Lupin
2908,60246-503-08,Levothyroxine Plus,Levothyroxine Sodium,Tablet,50mcg,AbbVie
2909,75220-410-09,Losartan Plus,Losartan Potassium,Tablet,50mg,Merck
2910,47468-426-10,Hydrochlorothiazide Plus,Hydrochlorothiazide,Tablet,25mg,Lupin
2911,31075-418-11,Metformin Plus,Metformin HCl,Tablet,850mg,Mylan
2912,30588-282-12,Metformin Plus,Metformin HCl,Tablet,850mg,Mylan
2913,87090-345-13,Ibuprofen Plus,Ibuprofen,Tablet,800mg,McNeil
2914,80954-795-14,Albuterol Plus,Albuterol Sulfate,Inhaler,90mcg,GSK
2915,59035-966-15,Azithromycin Plus,Azithromycin,Tablet,250mg,Pfizer
2916,65508-180-16,Lysinopril Plus,Lisinopril,Tablet,10mg,Sandoz
2917,41140-549-17,Sertraline Plus,Sertraline HCl,Tablet,50mg,Pfizer
2918,79394-889-18,Gabapentin Plus,Gabapentin,Capsule,300mg,Sun Pharma
2919,87955-263-19,Omeprazole Plus,Omeprazole,Capsule,20mg,AstraZeneca
2920,26558-625-20,Omeprazole Plus,Omeprazole,Capsule,20mg,AstraZeneca
2921,38234-794-21,Lysinopril Plus,Lisinopril,Tablet,10mg,Sandoz
2922,11123-921-22,Amlodipine Plus,Amlodipine Besylate,Tablet,5mg,Novartis
2923,36371-916-23,Azithromycin Plus,Azithromycin,Tablet,250mg,Pfizer
2924,20875-108-24,Sertraline Plus,Sertraline HCl,Tablet,50mg,Pfizer
2925,50747-653-25,Metoprolol Plus,Metoprolol Succinate,Tablet,50mg,AstraZeneca
2926,16312-986-26,Albuterol Plus,Albuterol Sulfate,Inhaler,90mcg,GSK
2927,17929-935-27,Amoxicillin Plus,Amoxicillin,Capsule,500mg,Teva
2928,37194-978-28,Sertraline Plus,Sertraline HCl,Tablet,50mg,Pfizer
2929,43771-147-29,Amoxicillin Plus,Amoxicillin,Capsule,500mg,Teva
2930,63669-600-30,Amoxicillin Plus,Amoxicillin,Capsule,500mg,Teva
2931,27556-513-31,Lysinopril Plus,Lisinopril,Tablet,10mg,Sandoz
2932,53968-782-32,Levothyroxine Plus,Levothyroxine Sodium,Tablet,50mcg,AbbVie
2933,96326-538-33,Hydrochlorothiazide Plus,Hydrochlorothiazide,Tablet,25mg,Lupin
2934,85820-373-34,Losartan Plus,Losartan Potassium,Tablet,50mg,Merck
2935,35725-673-35,Losartan Plus,Losartan Potassium,Tablet,50mg,Merck
2936,34916-555-36,Sertraline Plus,Sertraline HCl,Tablet,50mg,Pfizer
2937,83073-626-37,Omeprazole Plus,Omeprazole,Capsule,20mg,AstraZeneca
2938,43256-136-38,Hydrochlorothiazide Plus,Hydrochlorothiazide,Tablet,25mg,Lupin
2939,50946-817-39,Atorvastatin Plus,Atorvastatin Calcium,Tablet,20mg,Pfizer
2940,69936-283-40,Metformin Plus,Metformin HCl,Tablet,850mg,Mylan
2941,91450-769-41,Omeprazole Plus,Omeprazole,Capsule,20mg,AstraZeneca
2942,93126-595-42,Metoprolol Plus,Metoprolol Succinate,Tablet,50mg,AstraZeneca
2943,81584-899-43,Azithromycin Plus,Azithromycin,Tablet,250mg,Pfizer
2944,97764-559-44,Metoprolol Plus,Metoprolol Succinate,Tablet,50mg,AstraZeneca
2945,61531-576-45,Amoxicillin Plus,Amoxicillin,Capsule,500mg,Teva
2946,32806-612-46,Albuterol Plus,Albuterol Sulfate,Inhaler,90mcg,GSK
2947,71040-707-47,Omeprazole Plus,Omeprazole,Capsule,20mg,AstraZeneca
2948,55420-694-48,Metformin Plus,Metformin HCl,Tablet,850mg,Mylan
2949,59713-537-49,Metformin Plus,Metformin HCl,Tablet,850mg,Mylan
2950,49526-716-50,Atorvastatin Plus,Atorvastatin Calcium,Tablet,20mg,Pfizer
2951,98225-659-51,Losartan Plus,Losartan Potassium,Tablet,50mg,Merck
2952,74708-886-52,Gabapentin Plus,Gabapentin,Capsule,300mg,Sun Pharma
2953,83131-553-53,Amoxicillin Plus,Amoxicillin,Capsule,500mg,Teva
2954,69624-596-54,Ibuprofen Plus,Ibuprofen,Tablet,800mg,McNeil
2955,89084-433-55,Atorvastatin Plus,Atorvastatin Calcium,Tablet,20mg,Pfizer
2956,39782-317-56,Albuterol Plus,Albuterol Sulfate,Inhaler,90mcg,GSK
2957,44446-479-57,Hydrochlorothiazide Plus,Hydrochlorothiazide,Tablet,25mg,Lupin
2958,99362-877-58,Sertraline Plus,Sertraline HCl,Tablet,50mg,Pfizer
2959,23336-182-59,Omeprazole Plus,Omeprazole,Capsule,20mg,AstraZeneca
2960,53175-700-60,Metformin Plus,Metformin HCl,Tablet,850mg,Mylan
2961,16366-830-61,Atorvastatin Plus,Atorvastatin Calcium,Tablet,20mg,Pfizer
2962,13189-869-62,Metformin Plus,Metformin HCl,Tablet,850mg,Mylan
2963,27425-979-63,Lysinopril Plus,Lisinopril,Tablet,10mg,Sandoz
2964,67423-825-64,Metoprolol Plus,Metoprolol Succinate,Tablet,50mg,AstraZeneca
2965,81388-462-65,Hydrochlorothiazide Plus,Hydrochlorothiazide,Tablet,25mg,Lupin
2966,15189-871-66,Hydrochlorothiazide Plus,Hydrochlorothiazide,Tablet,25mg,Lupin
2967,53009-360-67,Hydrochlorothiazide Plus,Hydrochlorothiazide,Tablet,25mg,Lupin
2968,88169-373-68,Ibuprofen Plus,Ibuprofen,Tablet,800mg,McNeil
2969,45864-348-69,Azithromycin Plus,Azithromycin,Tablet,250mg,Pfizer
2970,21207-679-70,Losartan Plus,Losartan Potassium,Tablet,50mg,Merck
2971,70868-952-71,Metoprolol Plus,Metoprolol Succinate,Tablet,50mg,AstraZeneca
2972,52660-291-72,Sertraline Plus,Sertraline HCl,Tablet,50mg,Pfizer
2973,84699-871-73,Losartan Plus,Losartan Potassium,Tablet,50mg,Merck
2974,25300-669-74,Sertraline Plus,Sertraline HCl,Tablet,50mg,Pfizer
2975,37289-162-75,Levothyroxine Plus,Levothyroxine Sodium,Tablet,50mcg,AbbVie
2976,91256-200-76,Omeprazole Plus,Omeprazole,Capsule,20mg,AstraZeneca
2977,89579-810-77,Metformin Plus,Metformin HCl,Tablet,850mg,Mylan
2978,70461-847-78,Losartan Plus,Losartan Potassium,Tablet,50mg,Merck
2979,97434-684-79,Omeprazole Plus,Omeprazole,Capsule,20mg,AstraZeneca
2980,30809-887-80,Azithromycin Plus,Azithromycin,Tablet,250mg,Pfizer
2981,13967-890-81,Gabapentin Plus,Gabapentin,Capsule,300mg,Sun Pharma
2982,22823-956-82,Metoprolol Plus,Metoprolol Succinate,Tablet,50mg,AstraZeneca
2983,49480-847-83,Albuterol Plus,Albuterol Sulfate,Inhaler,90mcg,GSK
2984,45111-482-84,Amoxicillin Plus,Amoxicillin,Capsule,500mg,Teva
2985,48207-504-85,Gabapentin Plus,Gabapentin,Capsule,300mg,Sun Pharma
2986,32709-136-86,Amlodipine Plus,Amlodipine Besylate,Tablet,5mg,Novartis
2987,71362-756-87,Omeprazole Plus,Omeprazole,Capsule,20mg,AstraZeneca
2988,21941-657-88,Ibuprofen Plus,Ibuprofen,Tablet,800mg,McNeil
2989,50067-574-89,Metoprolol Plus,Metoprolol Succinate,Tablet,50mg,AstraZeneca
2990,43535-779-90,Omeprazole Plus,Omeprazole,Capsule,20mg,AstraZeneca
2991,15504-709-91,Lysinopril Plus,Lisinopril,Tablet,10mg,Sandoz
2992,79458-411-92,Metoprolol Plus,Metoprolol Succinate,Tablet,50mg,AstraZeneca
2993,78420-770-93,Amoxicillin Plus,Amoxicillin,Capsule,500mg,Teva
2994,65346-571-94,Albuterol Plus,Albuterol Sulfate,Inhaler,90mcg,GSK
2995,47603-935-95,Gabapentin Plus,Gabapentin,Capsule,300mg,Sun Pharma
2996,37213-426-96,Amoxicillin Plus,Amoxicillin,Capsule,500mg,Teva
2997,17118-938-97,Hydrochlorothiazide Plus,Hydrochlorothiazide,Tablet,25mg,Lupin
2998,61919-718-98,Atorvastatin Plus,Atorvastatin Calcium,Tablet,20mg,Pfizer
2999,74402-800-99,Amlodipine Plus,Amlodipine Besylate,Tablet,5mg,Novartis
3000,68965-311-00,Metformin Plus,Metformin HCl,Tablet,850mg,Mylan
