provider_id,first_name,last_name,npi_number,specialty,license_state,phone
1,Mark,Anderson,1000000001,Internal Medicine,TX,638-555-4590
2,Lisa,Martin,1000000002,Gastroenterology,NY,614-555-3499
3,Elizabeth,Taylor,1000000003,Urology,IL,507-555-2857
4,Karen,Taylor,1000000004,Gastroenterology,CA,207-555-8995
5,David,Garcia,1000000005,Urology,TX,312-555-3263
6,Christopher,Williams,1000000006,Cardiology,IL,601-555-1711
7,Ashley,Martin,1000000007,Pulmonology,TX,484-555-9536
8,Matthew,Wilson,1000000008,Endocrinology,NY,638-555-6901
9,Anthony,Wilson,1000000009,Endocrinology,CA,287-555-4137
10,Joseph,Miller,1000000010,Pediatrics,AZ,276-555-3184
11,Sandra,Davis,1000000011,Gastroenterology,PA,272-555-9014
12,Joseph,Taylor,1000000012,Endocrinology,WA,556-555-8328
13,Margaret,Johnson,1000000013,Urology,CA,454-555-8438
14,Barbara,Williams,1000000014,Psychiatry,PA,318-555-4773
15,Robert,Lopez,1000000015,Pulmonology,CO,387-555-3184
16,Susan,Brown,1000000016,Pulmonology,CO,313-555-2917
17,Susan,Miller,1000000017,Neurology,IL,716-555-2839
18,Sarah,Taylor,1000000018,Pulmonology,CA,908-555-3380
19,William,Gonzalez,1000000019,Endocrinology,IL,933-555-7093
20,Betty,Davis,1000000020,Cardiology,AZ,635-555-5781
21,Barbara,Williams,1000000021,Orthopedics,CA,519-555-8834
22,Richard,Lopez,1000000022,Pediatrics,CO,491-555-3352
23,Thomas,Anderson,1000000023,Urology,CA,791-555-3841
24,Jennifer,Anderson,1000000024,Pediatrics,TX,878-555-7200
25,Jennifer,Rodriguez,1000000025,Pulmonology,FL,531-555-1994
26,Margaret,Johnson,1000000026,Internal Medicine,IL,835-555-8393
27,Karen,Moore,1000000027,Urology,TX,635-555-9686
28,Nancy,Jackson,1000000028,Neurology,AZ,444-555-1797
29,Barbara,Anderson,1000000029,Neurology,IL,733-555-5970
30,Susan,Perez,1000000030,Cardiology,PA,796-555-6194
31,Elizabeth,Lopez,1000000031,Urology,TX,300-555-2918
32,Sarah,Taylor,1000000032,Cardiology,TX,375-555-5068
33,Robert,Moore,1000000033,Gastroenterology,WA,755-555-3419
34,Charles,Lee,1000000034,Pediatrics,CA,867-555-2132
35,Elizabeth,Lopez,1000000035,Cardiology,CA,377-555-3600
36,James,Lopez,1000000036,Pulmonology,CA,226-555-6113
37,Joseph,Martinez,1000000037,General Practice,MA,256-555-6401
38,Elizabeth,Williams,1000000038,Gastroenterology,PA,698-555-6529
39,Jennifer,Taylor,1000000039,Orthopedics,WA,928-555-9253
40,Karen,Jackson,1000000040,General Practice,NY,804-555-5410
41,Lisa,Rodriguez,1000000041,Pediatrics,AZ,729-555-3206
42,Mary,Martin,1000000042,Pediatrics,NY,660-555-5235
43,Charles,Martin,1000000043,Emergency Medicine,TX,663-555-5698
44,Karen,Anderson,1000000044,Neurology,TX,954-555-4516
45,Susan,Smith,1000000045,Psychiatry,CA,571-555-1575
46,Linda,Williams,1000000046,Pulmonology,IL,260-555-1591
47,Barbara,Martinez,1000000047,Psychiatry,FL,404-555-9073
48,David,Gonzalez,1000000048,Dermatology,IL,283-555-5446
49,John,Martin,1000000049,Internal Medicine,WA,359-555-3200
50,Elizabeth,Miller,1000000050,Pulmonology,IL,843-555-5571
51,Charles,Anderson,1000000051,Urology,TX,519-555-2235
52,Thomas,Martinez,1000000052,Gastroenterology,CO,262-555-1086
53,Betty,Gonzalez,1000000053,Oncology,FL,314-555-6757
54,William,Wilson,1000000054,Endocrinology,WA,263-555-9917
55,Linda,Jackson,1000000055,Dermatology,MA,311-555-9374
56,Richard,Perez,1000000056,Orthopedics,CA,293-555-2166
57,Jessica,Lee,1000000057,Orthopedics,CA,409-555-9947
58,Lisa,Martinez,1000000058,Neurology,CA,692-555-3230
59,Michael,Moore,1000000059,Endocrinology,NY,233-555-2368
60,Barbara,Perez,1000000060,Dermatology,PA,565-555-7430
61,Robert,Thompson,1000000061,Neurology,PA,416-555-2510
62,Jennifer,Brown,1000000062,Psychiatry,PA,767-555-7694
63,Thomas,Wilson,1000000063,General Practice,CA,781-555-3506
64,William,Perez,1000000064,Cardiology,NY,836-555-3412
65,Richard,Lopez,1000000065,Gastroenterology,CO,579-555-5791
66,Matthew,Lopez,1000000066,Gastroenterology,TX,850-555-3605
67,Christopher,Davis,1000000067,Cardiology,CO,381-555-3250
68,Charles,Williams,1000000068,Emergency Medicine,CA,387-555-5985
69,Joseph,Lopez,1000000069,Psychiatry,CA,809-555-8122
70,Susan,Rodriguez,1000000070,Cardiology,TX,421-555-1015
71,Donald,Martinez,1000000071,Endocrinology,CA,339-555-6058
72,James,Taylor,1000000072,Pediatrics,CA,308-555-1598
73,Daniel,Hernandez,1000000073,Oncology,CA,764-555-5882
74,Christopher,Thomas,1000000074,Dermatology,TX,399-555-7678
75,Charles,Moore,1000000075,Pulmonology,NY,247-555-3014
76,Christopher,Lee,1000000076,Oncology,TX,583-555-3204
77,Sandra,Thompson,1000000077,Orthopedics,TX,260-555-7074
78,William,Jones,1000000078,Urology,AZ,812-555-2264
79,Mary,Lee,1000000079,General Practice,TX,739-555-3193
80,James,Smith,1000000080,General Practice,MA,344-555-4837
81,Charles,Anderson,1000000081,Gastroenterology,CA,393-555-3130
82,Thomas,Jones,1000000082,Orthopedics,TX,297-555-4768
83,Elizabeth,Anderson,1000000083,Neurology,PA,641-555-4778
84,Mary,Hernandez,1000000084,Cardiology,CA,338-555-2095
85,Barbara,Wilson,1000000085,Orthopedics,TX,612-555-9481
86,Patricia,Perez,1000000086,Dermatology,CA,761-555-9458
87,Jessica,Gonzalez,1000000087,Urology,AZ,280-555-1862
88,Michael,Gonzalez,1000000088,Neurology,CO,427-555-7056
89,Daniel,Moore,1000000089,Urology,CA,729-555-6638
90,Jessica,Williams,1000000090,Pulmonology,CA,603-555-5259
91,Charles,Garcia,1000000091,Pediatrics,FL,953-555-5628
92,David,Brown,1000000092,Neurology,TX,734-555-3529
93,Daniel,Williams,1000000093,Orthopedics,TX,767-555-4290
94,Michael,Davis,1000000094,Pediatrics,WA,665-555-7201
95,Betty,Thompson,1000000095,Endocrinology,TX,529-555-7849
96,Jennifer,Thompson,1000000096,Neurology,CA,679-555-1416
97,Linda,Anderson,1000000097,Cardiology,TX,623-555-9745
98,Betty,Lee,1000000098,Internal Medicine,CA,945-555-4733
99,Robert,Wilson,1000000099,General Practice,CA,908-555-4315
100,David,Taylor,1000000100,Gastroenterology,TX,726-555-7481
101,Mary,Rodriguez,1000000101,Dermatology,CA,325-555-1741
102,Sandra,Smith,1000000102,Emergency Medicine,TX,805-555-3520
103,Charles,Davis,1000000103,Endocrinology,WA,319-555-7112
104,Thomas,Jones,1000000104,Oncology,WA,893-555-1039
105,Donald,Garcia,1000000105,Psychiatry,TX,669-555-7367
106,John,Lee,1000000106,Internal Medicine,IL,941-555-1996
107,Mark,Anderson,1000000107,Orthopedics,TX,974-555-2244
108,Charles,Brown,1000000108,Neurology,CA,511-555-5864
109,Mary,Wilson,1000000109,Neurology,MA,499-555-5906
110,Richard,Wilson,1000000110,Urology,NY,984-555-1493
111,Matthew,Williams,1000000111,Oncology,TX,419-555-2872
112,Nancy,Smith,1000000112,Psychiatry,TX,589-555-2335
113,Linda,Jones,1000000113,Pediatrics,CA,944-555-7421
114,Joseph,Gonzalez,1000000114,General Practice,PA,864-555-4370
115,Donald,Johnson,1000000115,Psychiatry,FL,903-555-1137
116,Michael,Rodriguez,1000000116,Neurology,NY,904-555-5697
117,William,Johnson,1000000117,Endocrinology,TX,936-555-3383
118,Ashley,Lee,1000000118,Psychiatry,AZ,812-555-5813
119,Sarah,Williams,1000000119,Gastroenterology,TX,250-555-8462
120,Sandra,Martinez,1000000120,Neurology,CO,990-555-5103
121,Charles,Martin,1000000121,Emergency Medicine,TX,625-555-1829
122,Nancy,Davis,1000000122,Emergency Medicine,FL,738-555-3846
123,Matthew,Jackson,1000000123,Endocrinology,CO,815-555-8830
124,Mary,Gonzalez,1000000124,Neurology,TX,759-555-9023
125,Robert,Anderson,1000000125,Cardiology,CO,501-555-6509
126,Linda,Gonzalez,1000000126,Gastroenterology,CO,351-555-4707
127,James,Perez,1000000127,General Practice,CA,511-555-4699
128,William,Thompson,1000000128,Psychiatry,TX,203-555-6261
129,Michael,Thompson,1000000129,Oncology,CA,458-555-1470
130,Anthony,Smith,1000000130,Internal Medicine,NY,639-555-4281
131,Daniel,Jones,1000000131,General Practice,CA,328-555-1439
132,Elizabeth,Gonzalez,1000000132,Gastroenterology,TX,598-555-4912
133,Christopher,Moore,1000000133,Internal Medicine,NY,576-555-2412
134,Jennifer,Martinez,1000000134,Emergency Medicine,IL,937-555-4562
135,David,Williams,1000000135,Internal Medicine,CA,889-555-5833
136,Jessica,Jones,1000000136,Pulmonology,CO,863-555-1916
137,Lisa,Jones,1000000137,Neurology,PA,233-555-4965
138,Patricia,Rodriguez,1000000138,Endocrinology,PA,515-555-3071
139,Sarah,Martinez,1000000139,Dermatology,TX,541-555-1489
140,Sarah,Gonzalez,1000000140,Dermatology,AZ,469-555-4384
141,Mark,Anderson,1000000141,Psychiatry,AZ,802-555-7059
142,Patricia,Hernandez,1000000142,Dermatology,CA,468-555-6470
143,Richard,Williams,1000000143,Endocrinology,TX,949-555-4089
144,Elizabeth,Perez,1000000144,Cardiology,MA,335-555-2874
145,David,Williams,1000000145,Urology,NY,303-555-5520
146,Charles,Brown,1000000146,Endocrinology,WA,615-555-4140
147,Karen,Wilson,1000000147,Gastroenterology,PA,794-555-2467
148,Ashley,Thompson,1000000148,Endocrinology,PA,755-555-3018
149,Margaret,Moore,1000000149,Pediatrics,FL,629-555-7905
150,William,Jones,1000000150,Urology,WA,283-555-4784
151,Sarah,Martin,1000000151,Internal Medicine,NY,946-555-6589
152,Ashley,Jones,1000000152,Urology,CO,511-555-7193
153,Matthew,Johnson,1000000153,Urology,NY,815-555-6173
154,Sandra,Moore,1000000154,Neurology,PA,595-555-6850
155,William,Smith,1000000155,General Practice,MA,205-555-1768
156,Barbara,Johnson,1000000156,Neurology,TX,218-555-4379
157,Ashley,Jackson,1000000157,Gastroenterology,FL,458-555-6047
158,Christopher,Martin,1000000158,Dermatology,IL,626-555-9402
159,William,Gonzalez,1000000159,Emergency Medicine,CO,492-555-7202
160,Lisa,Brown,1000000160,Psychiatry,FL,415-555-7537
161,Thomas,Wilson,1000000161,General Practice,PA,958-555-9098
162,Betty,Brown,1000000162,Cardiology,TX,972-555-2547
163,Lisa,Brown,1000000163,Emergency Medicine,TX,742-555-7388
164,Betty,Thomas,1000000164,Orthopedics,AZ,714-555-4546
165,Elizabeth,Jackson,1000000165,Cardiology,AZ,336-555-1395
166,Susan,Davis,1000000166,Gastroenterology,TX,527-555-9320
167,Robert,Perez,1000000167,Orthopedics,WA,728-555-1011
168,Daniel,Thompson,1000000168,Dermatology,CA,285-555-8324
169,Richard,Rodriguez,1000000169,Pulmonology,NY,232-555-4039
170,Elizabeth,Thomas,1000000170,Cardiology,TX,905-555-3303
171,David,Brown,1000000171,Pulmonology,TX,420-555-1269
172,Donald,Johnson,1000000172,Pulmonology,CA,502-555-8678
173,Karen,Lopez,1000000173,Pulmonology,NY,848-555-1693
174,Margaret,Jackson,1000000174,Emergency Medicine,TX,599-555-2022
175,Daniel,Lopez,1000000175,Oncology,TX,719-555-1988
176,Patricia,Brown,1000000176,Neurology,WA,715-555-4018
177,Jennifer,Moore,1000000177,Cardiology,CA,307-555-5713
178,Karen,Garcia,1000000178,Orthopedics,CO,823-555-1699
179,Anthony,Williams,1000000179,Gastroenterology,TX,497-555-6306
180,Lisa,Perez,1000000180,Dermatology,CA,231-555-1857
181,William,Miller,1000000181,Cardiology,CA,555-555-2318
182,James,Thomas,1000000182,Gastroenterology,CA,445-555-1723
183,Jennifer,Jackson,1000000183,Internal Medicine,CA,406-555-2326
184,Robert,Martinez,1000000184,Pediatrics,CA,344-555-2732
185,Christopher,Martin,1000000185,Endocrinology,NY,515-555-6180
186,Lisa,Taylor,1000000186,Gastroenterology,TX,945-555-7310
187,Jessica,Lee,1000000187,Internal Medicine,WA,348-555-8379
188,Thomas,Martinez,1000000188,General Practice,FL,781-555-8858
189,William,Perez,1000000189,Neurology,AZ,366-555-1524
190,Margaret,Brown,1000000190,Oncology,AZ,936-555-4311
191,Anthony,Johnson,1000000191,Psychiatry,FL,209-555-1435
192,Richard,Hernandez,1000000192,Emergency Medicine,AZ,747-555-2291
193,James,Lee,1000000193,Pediatrics,CA,407-555-5977
194,Sandra,Perez,1000000194,Psychiatry,CA,580-555-7121
195,Jessica,Perez,1000000195,Pediatrics,AZ,628-555-2702
196,Robert,Williams,1000000196,Gastroenterology,IL,433-555-4445
197,Lisa,Rodriguez,1000000197,Pulmonology,CO,952-555-7867
198,Sandra,Jackson,1000000198,Pediatrics,IL,957-555-3404
199,Sarah,Wilson,1000000199,Pediatrics,TX,293-555-1152
200,Jessica,Gonzalez,1000000200,Internal Medicine,TX,979-555-1699
201,Jennifer,Brown,1000000201,Endocrinology,FL,617-555-2357
202,Barbara,Miller,1000000202,Oncology,NY,758-555-2091
203,Charles,Miller,1000000203,Psychiatry,WA,405-555-8671
204,Jessica,Martin,1000000204,Oncology,FL,742-555-5128
205,Elizabeth,Johnson,1000000205,Pediatrics,NY,873-555-8018
206,Richard,Miller,1000000206,Pediatrics,CA,381-555-6419
207,Elizabeth,Martin,1000000207,Pulmonology,IL,467-555-9235
208,Richard,Johnson,1000000208,Pediatrics,IL,264-555-4461
209,Charles,Jones,1000000209,Neurology,IL,206-555-8535
210,Sandra,Perez,1000000210,Internal Medicine,CO,704-555-4008
211,Jessica,Martin,1000000211,Gastroenterology,TX,414-555-6638
212,Linda,Gonzalez,1000000212,Endocrinology,CA,866-555-9544
213,Elizabeth,Miller,1000000213,Internal Medicine,TX,988-555-6802
214,Jennifer,Miller,1000000214,Endocrinology,NY,902-555-7388
215,David,Gonzalez,1000000215,Pulmonology,CO,464-555-2488
216,Donald,Moore,1000000216,Endocrinology,IL,299-555-9490
217,Matthew,Hernandez,1000000217,Pediatrics,TX,485-555-8126
218,William,Perez,1000000218,Cardiology,CA,200-555-8773
219,Anthony,Martin,1000000219,Cardiology,FL,845-555-1246
220,James,Brown,1000000220,Internal Medicine,NY,667-555-1540
221,Matthew,Gonzalez,1000000221,Dermatology,CA,665-555-5583
222,Lisa,Thomas,1000000222,Orthopedics,NY,470-555-1218
223,Michael,Hernandez,1000000223,Orthopedics,AZ,996-555-9517
224,Richard,Perez,1000000224,Urology,TX,622-555-1700
225,Margaret,Gonzalez,1000000225,Neurology,TX,223-555-5624
226,Ashley,Taylor,1000000226,Dermatology,TX,373-555-1231
227,Thomas,Rodriguez,1000000227,Endocrinology,PA,403-555-1627
228,Michael,Anderson,1000000228,Gastroenterology,TX,946-555-8651
229,Jessica,Johnson,1000000229,Neurology,PA,232-555-6118
230,Sarah,Johnson,1000000230,Orthopedics,AZ,210-555-4990
231,Sandra,Anderson,1000000231,Dermatology,AZ,658-555-2227
232,David,Miller,1000000232,Psychiatry,IL,363-555-3621
233,Robert,Thompson,1000000233,Emergency Medicine,CA,934-555-4644
234,William,Gonzalez,1000000234,Pulmonology,TX,636-555-5179
235,William,Johnson,1000000235,Dermatology,CA,720-555-2632
236,Christopher,Hernandez,1000000236,Pediatrics,TX,911-555-8614
237,Susan,Lopez,1000000237,Pediatrics,FL,517-555-2718
238,Joseph,Wilson,1000000238,Oncology,CO,964-555-2500
239,Jennifer,Davis,1000000239,Psychiatry,AZ,913-555-5445
240,Lisa,Miller,1000000240,Urology,TX,620-555-6350
241,Nancy,Rodriguez,1000000241,Pediatrics,CA,717-555-9727
242,Karen,Martin,1000000242,Dermatology,TX,323-555-4988
243,Donald,Hernandez,1000000243,Dermatology,MA,371-555-3645
244,Susan,Martin,1000000244,Neurology,CO,465-555-4623
245,Donald,Williams,1000000245,Gastroenterology,TX,618-555-5782
246,Nancy,Hernandez,1000000246,Oncology,IL,389-555-3417
247,Elizabeth,Perez,1000000247,Pulmonology,CA,206-555-9603
248,Barbara,Anderson,1000000248,Endocrinology,CA,200-555-2550
249,Charles,Thomas,1000000249,Orthopedics,CA,826-555-7887
250,Donald,Wilson,1000000250,Orthopedics,MA,805-555-5627
251,Mark,Jones,1000000251,Pulmonology,TX,699-555-6893
252,James,Wilson,1000000252,Neurology,CA,925-555-4198
253,Lisa,Wilson,1000000253,Pulmonology,WA,782-555-7467
254,Lisa,Garcia,1000000254,Psychiatry,PA,786-555-2886
255,Charles,Johnson,1000000255,Dermatology,AZ,588-555-3009
256,Daniel,Gonzalez,1000000256,Pediatrics,CA,389-555-2179
257,William,Jackson,1000000257,Psychiatry,CA,579-555-9287
258,Linda,Gonzalez,1000000258,Gastroenterology,IL,484-555-1559
259,Margaret,Taylor,1000000259,Oncology,TX,850-555-8860
260,John,Johnson,1000000260,Gastroenterology,WA,754-555-8777
261,Michael,Perez,1000000261,Psychiatry,AZ,371-555-9438
262,Linda,Rodriguez,1000000262,Dermatology,MA,952-555-1435
263,Donald,Johnson,1000000263,Gastroenterology,WA,974-555-2181
264,Betty,Williams,1000000264,Cardiology,FL,378-555-4831
265,Nancy,Taylor,1000000265,Pediatrics,TX,802-555-4203
266,David,Lopez,1000000266,Gastroenterology,TX,466-555-5471
267,David,Miller,1000000267,Internal Medicine,MA,930-555-3298
268,Jessica,Jones,1000000268,Pediatrics,MA,365-555-5771
269,Sandra,Miller,1000000269,Cardiology,WA,964-555-2505
270,Patricia,Wilson,1000000270,Oncology,CO,523-555-5149
271,Linda,Rodriguez,1000000271,Gastroenterology,CA,232-555-8344
272,John,Taylor,1000000272,Neurology,FL,998-555-8089
273,Betty,Smith,1000000273,Psychiatry,CA,806-555-8181
274,Donald,Jackson,1000000274,Emergency Medicine,NY,391-555-6864
275,John,Thomas,1000000275,Gastroenterology,FL,729-555-4826
276,David,Wilson,1000000276,Urology,CA,219-555-2782
277,Mark,Hernandez,1000000277,Internal Medicine,PA,838-555-3059
278,Ashley,Taylor,1000000278,Gastroenterology,AZ,834-555-7087
279,Nancy,Thompson,1000000279,Pediatrics,TX,830-555-8976
280,William,Garcia,1000000280,Dermatology,FL,200-555-2371
281,Charles,Johnson,1000000281,Dermatology,TX,351-555-5857
282,Mary,Thompson,1000000282,Oncology,MA,613-555-5824
283,Lisa,Thomas,1000000283,General Practice,IL,504-555-4829
284,Mary,Taylor,1000000284,Urology,WA,998-555-7250
285,Christopher,Brown,1000000285,Orthopedics,FL,628-555-4730
286,Sarah,Gonzalez,1000000286,Emergency Medicine,TX,771-555-1706
287,Daniel,Johnson,1000000287,Gastroenterology,TX,601-555-6974
288,Joseph,Perez,1000000288,Endocrinology,TX,714-555-5762
289,Michael,Gonzalez,1000000289,Orthopedics,TX,997-555-3569
290,Linda,Hernandez,1000000290,Orthopedics,CA,730-555-1377
291,Donald,Taylor,1000000291,Dermatology,CA,263-555-1497
292,William,Lopez,1000000292,Urology,TX,702-555-7580
293,Ashley,Taylor,1000000293,Psychiatry,PA,368-555-7752
294,Mary,Williams,1000000294,Internal Medicine,CO,898-555-5047
295,Michael,Jackson,1000000295,Endocrinology,MA,343-555-8164
296,Barbara,Lopez,1000000296,Internal Medicine,TX,304-555-6350
297,Betty,Garcia,1000000297,Dermatology,TX,568-555-1077
298,John,Davis,1000000298,Pediatrics,WA,953-555-3178
299,Nancy,Wilson,1000000299,Cardiology,CA,665-555-7939
300,Susan,Johnson,1000000300,Pediatrics,CA,923-555-8176
301,Susan,Johnson,1000000301,Internal Medicine,NY,990-555-6786
302,Susan,Martinez,1000000302,Urology,NY,985-555-4525
303,Richard,Williams,1000000303,Pediatrics,TX,403-555-3951
304,Ashley,Thompson,1000000304,Dermatology,TX,932-555-3336
305,James,Gonzalez,1000000305,Pulmonology,IL,591-555-9166
306,Ashley,Gonzalez,1000000306,Internal Medicine,CA,761-555-3547
307,Ashley,Brown,1000000307,Oncology,NY,953-555-8542
308,David,Gonzalez,1000000308,Internal Medicine,NY,612-555-9061
309,David,Garcia,1000000309,Emergency Medicine,CA,411-555-1033
310,Barbara,Brown,1000000310,Psychiatry,CA,376-555-3689
311,Thomas,Gonzalez,1000000311,Dermatology,IL,567-555-7769
312,Daniel,Rodriguez,1000000312,Pediatrics,CA,492-555-3502
313,Ashley,Martin,1000000313,Gastroenterology,TX,914-555-6262
314,Linda,Perez,1000000314,Emergency Medicine,CO,733-555-4193
315,Thomas,Jackson,1000000315,Pulmonology,IL,889-555-1295
316,Christopher,Anderson,1000000316,Internal Medicine,CA,642-555-9622
317,Ashley,Moore,1000000317,Cardiology,NY,602-555-2266
318,James,Thomas,1000000318,Pediatrics,NY,655-555-5507
319,Mary,Davis,1000000319,Orthopedics,IL,266-555-6437
320,Lisa,Davis,1000000320,Urology,WA,649-555-6748
321,Lisa,Johnson,1000000321,Gastroenterology,IL,874-555-4598
322,Margaret,Martin,1000000322,Orthopedics,PA,848-555-8039
323,Sarah,Hernandez,1000000323,Urology,FL,664-555-5071
324,Jessica,Martin,1000000324,Dermatology,MA,342-555-1286
325,Patricia,Anderson,1000000325,Endocrinology,CO,884-555-8515
326,Sandra,Miller,1000000326,Urology,CA,989-555-5102
327,Margaret,Martin,1000000327,Neurology,FL,899-555-5003
328,Margaret,Jones,1000000328,Dermatology,PA,387-555-1670
329,Richard,Gonzalez,1000000329,Orthopedics,FL,966-555-8893
330,Lisa,Taylor,1000000330,Endocrinology,IL,328-555-9819
331,Karen,Perez,1000000331,Neurology,CA,667-555-8330
332,Michael,Lopez,1000000332,Pulmonology,WA,707-555-1777
333,Jessica,Lee,1000000333,Gastroenterology,CA,941-555-2933
334,Nancy,Anderson,1000000334,Orthopedics,CA,698-555-5986
335,Christopher,Garcia,1000000335,Psychiatry,NY,269-555-5475
336,Elizabeth,Moore,1000000336,Urology,AZ,443-555-2579
337,Matthew,Martin,1000000337,Dermatology,FL,553-555-6659
338,Jessica,Anderson,1000000338,Orthopedics,MA,830-555-4382
339,Linda,Miller,1000000339,Pediatrics,CA,931-555-5309
340,Linda,Lopez,1000000340,Gastroenterology,MA,508-555-2673
341,Nancy,Thompson,1000000341,Neurology,PA,630-555-9477
342,Susan,Lee,1000000342,Pulmonology,FL,270-555-7700
343,Ashley,Thomas,1000000343,Emergency Medicine,CA,864-555-8341
344,Barbara,Taylor,1000000344,Cardiology,CA,747-555-1032
345,Elizabeth,Perez,1000000345,Psychiatry,MA,420-555-8335
346,Margaret,Davis,1000000346,Dermatology,TX,913-555-5230
347,Margaret,Wilson,1000000347,Dermatology,TX,680-555-3986
348,Joseph,Garcia,1000000348,Pediatrics,CA,734-555-1266
349,David,Rodriguez,1000000349,General Practice,TX,536-555-7450
350,James,Smith,1000000350,General Practice,TX,744-555-3029
351,Richard,Thomas,1000000351,Orthopedics,CA,597-555-8671
352,Barbara,Thomas,1000000352,Orthopedics,PA,843-555-8415
353,Lisa,Williams,1000000353,Emergency Medicine,NY,730-555-4049
354,Matthew,Miller,1000000354,Pulmonology,IL,735-555-9644
355,Susan,Johnson,1000000355,Emergency Medicine,CA,984-555-8642
356,Betty,Johnson,1000000356,General Practice,TX,244-555-5489
357,Anthony,Rodriguez,1000000357,Cardiology,TX,277-555-3367
358,Lisa,Martin,1000000358,Pediatrics,FL,799-555-2347
359,Susan,Johnson,1000000359,Cardiology,TX,736-555-4769
360,Elizabeth,Davis,1000000360,Emergency Medicine,CA,825-555-5714
361,Anthony,Johnson,1000000361,Orthopedics,PA,499-555-4186
362,Elizabeth,Anderson,1000000362,Neurology,CO,761-555-7623
363,Jennifer,Brown,1000000363,Dermatology,PA,836-555-7113
364,Christopher,Martinez,1000000364,Dermatology,FL,324-555-3206
365,William,Miller,1000000365,Urology,TX,824-555-9858
366,John,Smith,1000000366,Emergency Medicine,MA,818-555-8307
367,Christopher,Miller,1000000367,Cardiology,MA,953-555-1419
368,Joseph,Lopez,1000000368,Internal Medicine,CA,523-555-9818
369,Patricia,Martin,1000000369,Emergency Medicine,CO,974-555-5994
370,Sandra,Williams,1000000370,Pulmonology,CO,315-555-4433
371,Elizabeth,Moore,1000000371,Urology,PA,481-555-3195
372,Karen,Garcia,1000000372,Orthopedics,FL,333-555-8635
373,Joseph,Wilson,1000000373,Neurology,FL,646-555-6144
374,Susan,Rodriguez,1000000374,Gastroenterology,WA,276-555-4117
375,Robert,Lee,1000000375,General Practice,AZ,568-555-9691
376,Ashley,Garcia,1000000376,General Practice,CA,762-555-3154
377,Jennifer,Williams,1000000377,Oncology,TX,443-555-2273
378,Anthony,Garcia,1000000378,Gastroenterology,CA,266-555-1022
379,Jessica,Brown,1000000379,Neurology,CO,522-555-4538
380,Robert,Smith,1000000380,Endocrinology,WA,565-555-8475
381,Matthew,Davis,1000000381,Gastroenterology,CA,249-555-5478
382,Richard,Hernandez,1000000382,Endocrinology,AZ,494-555-2540
383,Mary,Moore,1000000383,Oncology,CA,543-555-7364
384,David,Gonzalez,1000000384,Oncology,CO,590-555-4064
385,Sarah,Moore,1000000385,Endocrinology,TX,834-555-5178
386,Margaret,Perez,1000000386,Oncology,PA,719-555-3113
387,Mary,Hernandez,1000000387,Urology,IL,768-555-5377
388,Mary,Jackson,1000000388,Pediatrics,IL,878-555-4399
389,Ashley,Lopez,1000000389,General Practice,IL,607-555-3948
390,Karen,Jackson,1000000390,Psychiatry,TX,547-555-1859
391,Betty,Taylor,1000000391,Orthopedics,MA,437-555-1097
392,Linda,Wilson,1000000392,Cardiology,TX,696-555-5171
393,Ashley,Perez,1000000393,Endocrinology,FL,800-555-2514
394,Anthony,Miller,1000000394,Cardiology,CA,528-555-4310
395,William,Hernandez,1000000395,Orthopedics,MA,371-555-4696
396,Karen,Perez,1000000396,Urology,TX,775-555-6286
397,Linda,Hernandez,1000000397,Urology,CO,548-555-6277
398,Michael,Lopez,1000000398,Gastroenterology,CA,803-555-8273
399,Daniel,Gonzalez,1000000399,Internal Medicine,CA,813-555-6052
400,Michael,Davis,1000000400,Pulmonology,CA,769-555-3652
401,Jennifer,Lee,1000000401,Endocrinology,CA,447-555-8741
402,James,Johnson,1000000402,Neurology,TX,284-555-5544
403,John,Brown,1000000403,Dermatology,NY,328-555-9247
404,Thomas,Miller,1000000404,Internal Medicine,WA,587-555-1804
405,Anthony,Thompson,1000000405,Urology,CA,663-555-9524
406,Sandra,Smith,1000000406,Internal Medicine,PA,494-555-1234
407,Matthew,Brown,1000000407,Oncology,CA,956-555-4729
408,Charles,Anderson,1000000408,Emergency Medicine,WA,821-555-2688
409,Sarah,Taylor,1000000409,General Practice,TX,529-555-3234
410,Betty,Wilson,1000000410,Psychiatry,IL,993-555-8032
411,Barbara,Davis,1000000411,Internal Medicine,CA,371-555-2567
412,David,Rodriguez,1000000412,Cardiology,AZ,311-555-1467
413,Jessica,Martin,1000000413,Orthopedics,FL,459-555-1311
414,Thomas,Lopez,1000000414,Pulmonology,PA,941-555-8074
415,Robert,Jones,1000000415,Pediatrics,CO,951-555-6541
416,Christopher,Lee,1000000416,Internal Medicine,AZ,364-555-8679
417,Patricia,Martin,1000000417,Endocrinology,NY,229-555-5630
418,Christopher,Thompson,1000000418,Psychiatry,TX,992-555-1097
419,Karen,Wilson,1000000419,Dermatology,CA,549-555-7846
420,Sarah,Brown,1000000420,Psychiatry,CA,387-555-8128
421,Margaret,Taylor,1000000421,Oncology,CO,760-555-6928
422,Karen,Lopez,1000000422,Oncology,CA,566-555-1745
423,James,Moore,1000000423,Internal Medicine,FL,404-555-2724
424,Margaret,Jones,1000000424,Gastroenterology,CA,281-555-2846
425,Jessica,Smith,1000000425,Pediatrics,WA,342-555-6829
426,Michael,Thompson,1000000426,General Practice,CO,793-555-1286
427,Thomas,Garcia,1000000427,Psychiatry,TX,271-555-2047
428,Betty,Gonzalez,1000000428,Dermatology,FL,770-555-4296
429,Linda,Anderson,1000000429,Pediatrics,TX,259-555-5165
430,Mark,Garcia,1000000430,Cardiology,FL,753-555-6979
431,James,Hernandez,1000000431,Emergency Medicine,TX,217-555-9023
432,Linda,Garcia,1000000432,Orthopedics,TX,930-555-9572
433,John,Thomas,1000000433,Cardiology,AZ,395-555-1755
434,Mark,Miller,1000000434,Emergency Medicine,MA,499-555-9347
435,Thomas,Lee,1000000435,Orthopedics,CA,858-555-1915
436,Jennifer,Rodriguez,1000000436,Dermatology,AZ,712-555-8686
437,Sarah,Brown,1000000437,Oncology,CA,378-555-2593
438,Lisa,Wilson,1000000438,Urology,WA,817-555-9421
439,Matthew,Thompson,1000000439,Emergency Medicine,WA,439-555-2536
440,Mark,Lee,1000000440,Dermatology,CA,269-555-7152
441,Jessica,Thomas,1000000441,Pediatrics,IL,971-555-3703
442,Matthew,Gonzalez,1000000442,Cardiology,MA,865-555-8357
443,Lisa,Anderson,1000000443,Endocrinology,MA,371-555-5189
444,Barbara,Smith,1000000444,Neurology,TX,791-555-1700
445,Richard,Rodriguez,1000000445,Cardiology,TX,840-555-4735
446,Thomas,Jones,1000000446,Pulmonology,TX,992-555-7466
447,Jessica,Anderson,1000000447,Pulmonology,CA,380-555-2931
448,Robert,Miller,1000000448,Emergency Medicine,CA,688-555-9531
449,Margaret,Smith,1000000449,Emergency Medicine,PA,227-555-7149
450,Donald,Brown,1000000450,Oncology,TX,730-555-8889
451,Jennifer,Davis,1000000451,Emergency Medicine,IL,976-555-6034
452,Mark,Thompson,1000000452,Emergency Medicine,TX,287-555-9210
453,Daniel,Martin,1000000453,Urology,TX,619-555-1624
454,Ashley,Brown,1000000454,Pulmonology,AZ,585-555-3250
455,Karen,Moore,1000000455,Psychiatry,CA,754-555-6704
456,Christopher,Martin,1000000456,General Practice,CA,385-555-2806
457,William,Moore,1000000457,Neurology,MA,591-555-8473
458,Margaret,Brown,1000000458,Pulmonology,NY,588-555-6734
459,Robert,Rodriguez,1000000459,Psychiatry,TX,295-555-9327
460,Daniel,Brown,1000000460,Psychiatry,AZ,316-555-9573
461,Karen,Thomas,1000000461,Endocrinology,CO,569-555-2421
462,Robert,Perez,1000000462,Oncology,TX,239-555-1766
463,Susan,Rodriguez,1000000463,Dermatology,TX,410-555-3415
464,Richard,Davis,1000000464,Orthopedics,TX,278-555-3549
465,Michael,Taylor,1000000465,Neurology,TX,718-555-4783
466,Charles,Brown,1000000466,Emergency Medicine,WA,680-555-4210
467,Michael,Rodriguez,1000000467,Dermatology,CA,870-555-9787
468,Susan,Lee,1000000468,General Practice,CA,788-555-5209
469,Jessica,Jackson,1000000469,Gastroenterology,CA,986-555-1369
470,Sandra,Perez,1000000470,General Practice,NY,683-555-5112
471,Jennifer,Garcia,1000000471,Cardiology,CA,766-555-9918
472,Joseph,Garcia,1000000472,Psychiatry,CA,713-555-2536
473,William,Wilson,1000000473,Gastroenterology,NY,612-555-1760
474,Susan,Garcia,1000000474,Endocrinology,WA,737-555-2795
475,Linda,Rodriguez,1000000475,Dermatology,AZ,290-555-7145
476,Elizabeth,Brown,1000000476,Orthopedics,AZ,441-555-4014
477,Nancy,Martinez,1000000477,Emergency Medicine,CA,537-555-3016
478,Betty,Martinez,1000000478,Oncology,CA,774-555-5915
479,Sarah,Gonzalez,1000000479,Cardiology,CA,437-555-1650
480,Elizabeth,Lee,1000000480,Endocrinology,TX,855-555-7979
481,William,Hernandez,1000000481,General Practice,AZ,778-555-6857
482,Lisa,Lee,1000000482,Pediatrics,AZ,635-555-7363
483,Christopher,Martinez,1000000483,Cardiology,PA,793-555-1168
484,Jennifer,Williams,1000000484,Gastroenterology,PA,806-555-5423
485,James,Davis,1000000485,Psychiatry,WA,774-555-3089
486,Sandra,Garcia,1000000486,Oncology,WA,668-555-6135
487,Robert,Garcia,1000000487,Internal Medicine,TX,864-555-6592
488,Michael,Smith,1000000488,Orthopedics,MA,798-555-8362
489,John,Rodriguez,1000000489,Endocrinology,WA,581-555-5164
490,Charles,Rodriguez,1000000490,Oncology,CO,550-555-6812
491,William,Martin,1000000491,Endocrinology,CA,962-555-3795
492,Matthew,Martin,1000000492,Pediatrics,FL,280-555-5985
493,Christopher,Perez,1000000493,Psychiatry,TX,730-555-1644
494,Charles,Thompson,1000000494,Pulmonology,AZ,347-555-5978
495,Daniel,Garcia,1000000495,Emergency Medicine,CO,239-555-7026
496,Sandra,Lopez,1000000496,Neurology,WA,555-555-7715
497,Susan,Wilson,1000000497,Orthopedics,TX,795-555-8553
498,Elizabeth,Taylor,1000000498,Dermatology,AZ,801-555-4255
499,James,Jones,1000000499,Gastroenterology,FL,980-555-6551
500,Lisa,Jackson,1000000500,Urology,TX,622-555-5085
501,Margaret,Smith,1000000501,Orthopedics,TX,480-555-5936
502,Elizabeth,Hernandez,1000000502,Psychiatry,NY,959-555-2699
503,John,Davis,1000000503,Emergency Medicine,PA,607-555-3569
504,Elizabeth,Smith,1000000504,Internal Medicine,TX,946-555-1902
505,Betty,Lopez,1000000505,Emergency Medicine,AZ,496-555-4939
506,John,Miller,1000000506,Urology,CA,751-555-6105
507,John,Jones,1000000507,Urology,WA,404-555-5688
508,William,Thomas,1000000508,Emergency Medicine,CA,913-555-1692
509,Mark,Taylor,1000000509,Gastroenterology,IL,446-555-9060
510,Joseph,Brown,1000000510,Internal Medicine,TX,338-555-8814
511,Jessica,Williams,1000000511,Neurology,NY,773-555-2900
512,Anthony,Thompson,1000000512,Emergency Medicine,AZ,516-555-9750
513,Ashley,Smith,1000000513,Internal Medicine,TX,672-555-4444
514,James,Gonzalez,1000000514,Orthopedics,CA,589-555-9354
515,Daniel,Gonzalez,1000000515,General Practice,PA,849-555-5755
516,Jessica,Jones,1000000516,Orthopedics,MA,922-555-5268
517,Elizabeth,Johnson,1000000517,Psychiatry,TX,232-555-8673
518,Michael,Brown,1000000518,Pulmonology,TX,909-555-9364
519,Lisa,Anderson,1000000519,Psychiatry,IL,340-555-9311
520,Barbara,Wilson,1000000520,Emergency Medicine,FL,974-555-5500
521,Karen,Thompson,1000000521,Endocrinology,FL,239-555-2976
522,Richard,Jackson,1000000522,Cardiology,CA,409-555-6486
523,Robert,Davis,1000000523,Psychiatry,PA,371-555-5170
524,Elizabeth,Brown,1000000524,Internal Medicine,TX,202-555-9603
525,Joseph,Williams,1000000525,Cardiology,CA,831-555-6330
526,Mary,Brown,1000000526,Dermatology,TX,241-555-1458
527,William,Lee,1000000527,Cardiology,CA,761-555-5952
528,Susan,Brown,1000000528,Pediatrics,TX,265-555-4182
529,Mark,Taylor,1000000529,Pulmonology,CA,206-555-2142
530,Jennifer,Martinez,1000000530,Neurology,TX,377-555-1058
531,Joseph,Jackson,1000000531,Gastroenterology,FL,667-555-8414
532,Jennifer,Anderson,1000000532,Psychiatry,TX,224-555-4622
533,Barbara,Gonzalez,1000000533,Oncology,IL,373-555-3349
534,Linda,Lee,1000000534,Oncology,CA,304-555-5302
535,Matthew,Jackson,1000000535,Emergency Medicine,AZ,962-555-2949
536,Anthony,Rodriguez,1000000536,Dermatology,CA,398-555-9103
537,Karen,Thompson,1000000537,Cardiology,NY,838-555-2702
538,Karen,Jackson,1000000538,Emergency Medicine,TX,342-555-1824
539,Donald,Davis,1000000539,Neurology,CA,344-555-9897
540,Sandra,Lopez,1000000540,Urology,CA,507-555-8473
541,Nancy,Thompson,1000000541,Pediatrics,TX,565-555-2440
542,Anthony,Martinez,1000000542,Cardiology,PA,707-555-5564
543,David,Thomas,1000000543,Emergency Medicine,CA,259-555-7437
544,Joseph,Anderson,1000000544,Pulmonology,CO,200-555-8074
545,Elizabeth,Martinez,1000000545,Internal Medicine,MA,513-555-7885
546,Elizabeth,Jones,1000000546,Urology,CA,445-555-6013
547,James,Brown,1000000547,General Practice,WA,257-555-9814
548,Betty,Rodriguez,1000000548,Neurology,AZ,359-555-2968
549,Betty,Anderson,1000000549,Urology,IL,589-555-9717
550,Michael,Hernandez,1000000550,Orthopedics,TX,582-555-4018
551,Matthew,Lopez,1000000551,Pediatrics,CA,905-555-1571
552,Susan,Hernandez,1000000552,Gastroenterology,MA,800-555-2465
553,Joseph,Jones,1000000553,Internal Medicine,WA,356-555-1374
554,James,Thomas,1000000554,Endocrinology,CA,760-555-8958
555,Joseph,Moore,1000000555,Pulmonology,FL,828-555-9256
556,Michael,Anderson,1000000556,Internal Medicine,NY,225-555-1547
557,Lisa,Perez,1000000557,Pediatrics,CO,541-555-7365
558,Daniel,Wilson,1000000558,Orthopedics,CO,917-555-3322
559,Lisa,Perez,1000000559,Psychiatry,AZ,549-555-1565
560,Nancy,Jackson,1000000560,Pediatrics,WA,792-555-4043
561,Lisa,Smith,1000000561,Oncology,FL,554-555-9187
562,Donald,Rodriguez,1000000562,Oncology,CA,559-555-1402
563,Karen,Jackson,1000000563,Pulmonology,IL,208-555-1469
564,Patricia,Martinez,1000000564,Pulmonology,TX,934-555-6201
565,Donald,Brown,1000000565,Pediatrics,PA,328-555-5122
566,Linda,Wilson,1000000566,Emergency Medicine,CA,430-555-2288
567,Michael,Williams,1000000567,Cardiology,TX,855-555-8751
568,Robert,Jones,1000000568,Pulmonology,CA,395-555-1449
569,Elizabeth,Perez,1000000569,Gastroenterology,TX,902-555-4169
570,Mark,Thomas,1000000570,General Practice,TX,448-555-9731
571,Sarah,Taylor,1000000571,Emergency Medicine,CA,368-555-2862
572,Richard,Wilson,1000000572,Urology,CA,733-555-4801
573,Sandra,Davis,1000000573,Urology,TX,213-555-6651
574,Jessica,Miller,1000000574,Urology,CO,393-555-6288
575,Anthony,Johnson,1000000575,Gastroenterology,FL,701-555-8836
576,John,Garcia,1000000576,Neurology,TX,589-555-3051
577,Karen,Martinez,1000000577,Orthopedics,TX,311-555-6663
578,James,Gonzalez,1000000578,Psychiatry,AZ,295-555-2176
579,Richard,Jackson,1000000579,Oncology,CO,893-555-3222
580,Margaret,Jones,1000000580,Internal Medicine,AZ,741-555-4711
581,John,Davis,1000000581,Cardiology,TX,421-555-5180
582,Richard,Jackson,1000000582,Orthopedics,IL,484-555-7592
583,William,Martin,1000000583,Cardiology,CA,453-555-3945
584,Susan,Davis,1000000584,Endocrinology,TX,899-555-9316
585,Mary,Perez,1000000585,Neurology,CA,233-555-2406
586,Susan,Smith,1000000586,Gastroenterology,TX,691-555-9388
587,Elizabeth,Davis,1000000587,Oncology,TX,242-555-7097
588,Richard,Miller,1000000588,Endocrinology,MA,753-555-7949
589,Anthony,Wilson,1000000589,Gastroenterology,IL,678-555-2183
590,Margaret,Rodriguez,1000000590,Endocrinology,CO,219-555-8213
591,Daniel,Davis,1000000591,Endocrinology,CO,455-555-6584
592,Charles,Johnson,1000000592,Gastroenterology,FL,558-555-4332
593,Robert,Martin,1000000593,Urology,TX,847-555-3097
594,Susan,Wilson,1000000594,Orthopedics,PA,809-555-2235
595,Susan,Martin,1000000595,Orthopedics,TX,963-555-9466
596,Anthony,Gonzalez,1000000596,Urology,PA,728-555-4542
597,Jessica,Moore,1000000597,General Practice,PA,970-555-3700
598,Linda,Martinez,1000000598,Oncology,PA,969-555-9486
599,Michael,Taylor,1000000599,Psychiatry,CA,442-555-6284
600,Charles,Garcia,1000000600,Neurology,MA,907-555-2872
601,Susan,Anderson,1000000601,Psychiatry,FL,641-555-3141
602,Robert,Lee,1000000602,Pediatrics,TX,455-555-9128
603,Joseph,Davis,1000000603,Pediatrics,CA,925-555-9513
604,Sandra,Perez,1000000604,Psychiatry,TX,960-555-4501
605,Joseph,Hernandez,1000000605,Internal Medicine,TX,911-555-9343
606,Sandra,Jones,1000000606,Cardiology,CO,219-555-4906
607,Jennifer,Smith,1000000607,Urology,PA,990-555-5882
608,Sandra,Miller,1000000608,Orthopedics,FL,234-555-3938
609,Susan,Thompson,1000000609,Gastroenterology,CA,592-555-3051
610,William,Thompson,1000000610,Internal Medicine,WA,285-555-1618
611,Karen,Rodriguez,1000000611,Endocrinology,WA,413-555-9039
612,Karen,Thompson,1000000612,Oncology,AZ,462-555-5534
613,Susan,Jackson,1000000613,Internal Medicine,TX,287-555-6614
614,Thomas,Smith,1000000614,Pediatrics,TX,472-555-8390
615,Christopher,Garcia,1000000615,Pediatrics,FL,382-555-8514
616,Mary,Perez,1000000616,Urology,FL,611-555-2450
617,Barbara,Hernandez,1000000617,Oncology,WA,546-555-5141
618,Ashley,Williams,1000000618,Oncology,CO,383-555-1976
619,William,Miller,1000000619,Endocrinology,MA,845-555-5892
620,Robert,Lee,1000000620,Urology,FL,339-555-9191
621,Jennifer,Thomas,1000000621,Urology,CA,453-555-2964
622,William,Gonzalez,1000000622,Oncology,CA,499-555-1088
623,Betty,Jackson,1000000623,Neurology,TX,965-555-1311
624,Jessica,Gonzalez,1000000624,Internal Medicine,TX,808-555-4207
625,Susan,Thomas,1000000625,Cardiology,TX,449-555-4827
626,Daniel,Jackson,1000000626,Pulmonology,TX,939-555-3352
627,Anthony,Williams,1000000627,Pediatrics,WA,417-555-9336
628,Michael,Lopez,1000000628,Emergency Medicine,TX,852-555-7545
629,Karen,Johnson,1000000629,Oncology,CA,956-555-8806
630,Mary,Anderson,1000000630,Gastroenterology,TX,932-555-7749
631,William,Miller,1000000631,Pulmonology,AZ,392-555-1784
632,Charles,Thomas,1000000632,Urology,MA,359-555-7953
633,Lisa,Jones,1000000633,Neurology,CA,924-555-5916
634,Mark,Williams,1000000634,Oncology,CA,474-555-1482
635,Joseph,Perez,1000000635,Internal Medicine,CO,335-555-8820
636,Charles,Thompson,1000000636,Gastroenterology,CA,351-555-2770
637,Matthew,Thompson,1000000637,General Practice,CA,572-555-3180
638,Sarah,Miller,1000000638,Cardiology,MA,720-555-4378
639,William,Anderson,1000000639,Orthopedics,IL,210-555-3766
640,James,Moore,1000000640,General Practice,TX,818-555-5687
641,James,Gonzalez,1000000641,Emergency Medicine,MA,864-555-3025
642,Christopher,Taylor,1000000642,Orthopedics,MA,615-555-2939
643,Elizabeth,Brown,1000000643,Psychiatry,TX,889-555-2476
644,James,Moore,1000000644,Oncology,PA,991-555-6407
645,Jessica,Perez,1000000645,Pediatrics,MA,716-555-2268
646,Nancy,Lee,1000000646,Urology,FL,877-555-6273
647,Joseph,Miller,1000000647,Pulmonology,CA,374-555-9339
648,Linda,Williams,1000000648,Gastroenterology,CA,651-555-2122
649,Sandra,Thomas,1000000649,Urology,PA,412-555-3686
650,Jennifer,Hernandez,1000000650,Oncology,TX,386-555-4960
651,Jennifer,Lopez,1000000651,Oncology,WA,217-555-4378
652,Richard,Thomas,1000000652,Endocrinology,CA,496-555-8876
653,Robert,Rodriguez,1000000653,Emergency Medicine,TX,657-555-5071
654,Christopher,Taylor,1000000654,Gastroenterology,NY,261-555-6973
655,Sarah,Smith,1000000655,Orthopedics,TX,667-555-9397
656,Margaret,Rodriguez,1000000656,Emergency Medicine,TX,328-555-3331
657,Daniel,Perez,1000000657,Dermatology,TX,911-555-3938
658,Sarah,Wilson,1000000658,Orthopedics,CA,676-555-9781
659,Margaret,Lee,1000000659,Dermatology,AZ,981-555-3770
660,David,Jones,1000000660,Neurology,IL,481-555-6722
661,Joseph,Perez,1000000661,Cardiology,TX,691-555-9552
662,Jennifer,Brown,1000000662,Neurology,MA,691-555-6775
663,Elizabeth,Moore,1000000663,Urology,TX,374-555-5828
664,David,Johnson,1000000664,Cardiology,TX,381-555-3892
665,Christopher,Martinez,1000000665,Emergency Medicine,PA,893-555-6516
666,Sandra,Smith,1000000666,Oncology,TX,332-555-2848
667,Patricia,Jones,1000000667,Gastroenterology,IL,815-555-5785
668,Charles,Miller,1000000668,Psychiatry,FL,881-555-1827
669,Donald,Lee,1000000669,Dermatology,TX,997-555-8371
670,Matthew,Smith,1000000670,Pulmonology,AZ,927-555-2311
671,Richard,Perez,1000000671,Oncology,IL,907-555-4725
672,Robert,Perez,1000000672,Dermatology,CA,780-555-4466
673,Anthony,Smith,1000000673,Dermatology,TX,480-555-4564
674,James,Brown,1000000674,Orthopedics,PA,249-555-8304
675,Matthew,Perez,1000000675,Pulmonology,WA,346-555-2772
676,Robert,Taylor,1000000676,Gastroenterology,AZ,439-555-1746
677,Betty,Moore,1000000677,Emergency Medicine,CO,951-555-8008
678,Betty,Thompson,1000000678,Neurology,AZ,376-555-5135
679,Elizabeth,Martin,1000000679,Psychiatry,TX,685-555-3244
680,Mary,Perez,1000000680,Gastroenterology,CA,223-555-6305
681,James,Johnson,1000000681,Psychiatry,NY,447-555-2874
682,Jessica,Miller,1000000682,Urology,MA,735-555-3251
683,Michael,Davis,1000000683,Pulmonology,TX,877-555-5063
684,Thomas,Brown,1000000684,Oncology,CO,548-555-9628
685,Thomas,Thompson,1000000685,Urology,PA,245-555-5343
686,Ashley,Williams,1000000686,Oncology,WA,246-555-3543
687,Betty,Moore,1000000687,Pulmonology,TX,403-555-5350
688,Richard,Johnson,1000000688,Internal Medicine,IL,782-555-6237
689,Sandra,Garcia,1000000689,Dermatology,CA,464-555-5939
690,Michael,Thompson,1000000690,Urology,NY,207-555-8158
691,Robert,Perez,1000000691,Pulmonology,TX,375-555-4426
692,Elizabeth,Jones,1000000692,Pediatrics,TX,542-555-6519
693,Anthony,Davis,1000000693,Cardiology,CA,483-555-9305
694,William,Jackson,1000000694,Gastroenterology,PA,891-555-8379
695,Sandra,Williams,1000000695,Urology,AZ,538-555-5339
696,Charles,Martinez,1000000696,Psychiatry,MA,362-555-2935
697,Robert,Brown,1000000697,Pediatrics,CA,795-555-8616
698,Jessica,Garcia,1000000698,General Practice,PA,865-555-9071
699,Robert,Williams,1000000699,Internal Medicine,CA,689-555-4781
700,Joseph,Lee,1000000700,Gastroenterology,NY,933-555-8147
701,Susan,Smith,1000000701,Oncology,CA,209-555-1879
702,Linda,Brown,1000000702,Neurology,WA,923-555-5620
703,James,Hernandez,1000000703,Urology,CA,612-555-4299
704,Michael,Thomas,1000000704,Urology,CA,316-555-8691
705,Ashley,Garcia,1000000705,Dermatology,FL,972-555-2397
706,Michael,Moore,1000000706,Gastroenterology,TX,524-555-2669
707,Mark,Jones,1000000707,Cardiology,TX,564-555-5250
708,Nancy,Jones,1000000708,Oncology,CA,760-555-2762
709,Lisa,Davis,1000000709,Gastroenterology,TX,370-555-2012
710,William,Anderson,1000000710,Emergency Medicine,IL,775-555-1227
711,Charles,Jackson,1000000711,Cardiology,NY,516-555-2458
712,Sarah,Brown,1000000712,Neurology,IL,445-555-4573
713,Jessica,Garcia,1000000713,Orthopedics,PA,797-555-9835
714,Barbara,Perez,1000000714,Dermatology,CA,289-555-4935
715,Betty,Moore,1000000715,Urology,FL,946-555-7677
716,Ashley,Martin,1000000716,General Practice,PA,366-555-6739
717,Charles,Davis,1000000717,Psychiatry,FL,771-555-5951
718,John,Martin,1000000718,Internal Medicine,TX,335-555-1412
719,Susan,Rodriguez,1000000719,Internal Medicine,CA,895-555-4122
720,Mark,Martin,1000000720,Internal Medicine,IL,254-555-9504
721,Anthony,Perez,1000000721,Dermatology,FL,372-555-3358
722,Mark,Martinez,1000000722,Pediatrics,TX,890-555-9610
723,Mary,Lee,1000000723,Urology,CA,253-555-1433
724,Nancy,Thomas,1000000724,Endocrinology,NY,803-555-3435
725,David,Wilson,1000000725,Orthopedics,NY,506-555-4409
726,David,Thompson,1000000726,Neurology,WA,491-555-5223
727,Sandra,Thomas,1000000727,Orthopedics,IL,750-555-5553
728,Daniel,Jones,1000000728,General Practice,CO,461-555-6247
729,Betty,Moore,1000000729,Orthopedics,PA,452-555-6621
730,Thomas,Davis,1000000730,Internal Medicine,MA,404-555-9861
731,Charles,Anderson,1000000731,Gastroenterology,CA,218-555-8730
732,David,Perez,1000000732,Dermatology,PA,236-555-7268
733,David,Lee,1000000733,Cardiology,CO,884-555-2775
734,Ashley,Jackson,1000000734,Endocrinology,TX,694-555-9374
735,Barbara,Jones,1000000735,Pediatrics,IL,355-555-5729
736,Jessica,Martin,1000000736,Internal Medicine,TX,804-555-1678
737,Jessica,Martinez,1000000737,Endocrinology,CA,846-555-5433
738,Richard,Davis,1000000738,Emergency Medicine,CO,231-555-2935
739,Christopher,Thompson,1000000739,Pulmonology,PA,979-555-4470
740,Charles,Garcia,1000000740,Pediatrics,PA,814-555-2981
741,Daniel,Jones,1000000741,Pulmonology,CO,572-555-1691
742,Barbara,Taylor,1000000742,Emergency Medicine,AZ,777-555-1868
743,Robert,Gonzalez,1000000743,Orthopedics,NY,779-555-8493
744,Jessica,Miller,1000000744,Urology,WA,328-555-5274
745,William,Rodriguez,1000000745,Neurology,FL,387-555-6908
746,Susan,Thomas,1000000746,Internal Medicine,TX,649-555-2994
747,Linda,Thompson,1000000747,Emergency Medicine,TX,577-555-6973
748,William,Jackson,1000000748,Endocrinology,WA,681-555-7998
749,Margaret,Lee,1000000749,Dermatology,NY,863-555-4932
750,John,Jackson,1000000750,Emergency Medicine,CA,504-555-2730
751,Thomas,Jones,1000000751,Dermatology,AZ,906-555-9668
752,Elizabeth,Williams,1000000752,Pulmonology,CA,455-555-7494
753,Jennifer,Williams,1000000753,Urology,IL,750-555-4025
754,Charles,Johnson,1000000754,Pulmonology,TX,358-555-5641
755,Barbara,Brown,1000000755,General Practice,TX,263-555-3607
756,Mary,Williams,1000000756,Dermatology,FL,961-555-3346
757,Susan,Wilson,1000000757,Endocrinology,AZ,887-555-3096
758,Richard,Gonzalez,1000000758,Internal Medicine,CA,851-555-3797
759,Ashley,Martin,1000000759,Neurology,CA,863-555-5900
760,Sandra,Williams,1000000760,Dermatology,TX,219-555-3816
761,Joseph,Jones,1000000761,General Practice,TX,585-555-6717
762,Daniel,Thompson,1000000762,Orthopedics,AZ,573-555-9421
763,Charles,Williams,1000000763,Urology,CA,691-555-4481
764,Daniel,Garcia,1000000764,General Practice,CA,900-555-9797
765,Joseph,Johnson,1000000765,Gastroenterology,MA,301-555-9248
766,Betty,Rodriguez,1000000766,Internal Medicine,TX,290-555-8110
767,John,Garcia,1000000767,Urology,CA,524-555-9011
768,David,Martinez,1000000768,Cardiology,NY,788-555-1416
769,Michael,Smith,1000000769,Internal Medicine,TX,278-555-3152
770,Mary,Lee,1000000770,Oncology,WA,276-555-9486
771,Michael,Hernandez,1000000771,Oncology,TX,573-555-5112
772,Lisa,Taylor,1000000772,Psychiatry,TX,339-555-9829
773,David,Davis,1000000773,Urology,IL,921-555-9502
774,Daniel,Williams,1000000774,Pediatrics,CA,284-555-1487
775,Donald,Williams,1000000775,Internal Medicine,CO,464-555-9120
776,Patricia,Williams,1000000776,Emergency Medicine,PA,687-555-2116
777,Lisa,Thomas,1000000777,Dermatology,CA,382-555-5261
778,Anthony,Jones,1000000778,Urology,CA,492-555-8238
779,Matthew,Smith,1000000779,Gastroenterology,MA,758-555-3919
780,Richard,Davis,1000000780,Orthopedics,TX,461-555-2883
781,Margaret,Martinez,1000000781,Internal Medicine,CA,683-555-2762
782,Mark,Jackson,1000000782,Internal Medicine,NY,370-555-8339
783,Mary,Garcia,1000000783,Psychiatry,TX,670-555-6034
784,Nancy,Davis,1000000784,Cardiology,MA,229-555-1833
785,Linda,Miller,1000000785,Emergency Medicine,AZ,986-555-3770
786,David,Jackson,1000000786,Pulmonology,IL,828-555-2371
787,Anthony,Thomas,1000000787,Dermatology,TX,303-555-8030
788,Joseph,Williams,1000000788,Psychiatry,CA,561-555-8872
789,Joseph,Hernandez,1000000789,Cardiology,AZ,456-555-7417
790,Mark,Anderson,1000000790,Dermatology,CA,330-555-4177
791,Barbara,Martinez,1000000791,Cardiology,AZ,429-555-7606
792,Linda,Martinez,1000000792,Cardiology,CA,264-555-5123
793,Richard,Lee,1000000793,Endocrinology,CA,976-555-6916
794,Richard,Wilson,1000000794,Neurology,TX,226-555-2132
795,Thomas,Wilson,1000000795,Pediatrics,NY,970-555-2747
796,Robert,Smith,1000000796,Pulmonology,WA,459-555-3780
797,Patricia,Lee,1000000797,Internal Medicine,PA,457-555-1387
798,Robert,Jackson,1000000798,Orthopedics,MA,806-555-6199
799,Margaret,Jones,1000000799,Internal Medicine,CA,675-555-1890
800,Mary,Thomas,1000000800,Internal Medicine,NY,608-555-8804
801,Matthew,Thomas,1000000801,Endocrinology,MA,368-555-3216
802,Lisa,Williams,1000000802,Oncology,AZ,293-555-3729
803,Patricia,Smith,1000000803,Endocrinology,PA,799-555-1173
804,William,Thomas,1000000804,Cardiology,PA,853-555-6919
805,Matthew,Martinez,1000000805,Internal Medicine,PA,403-555-6362
806,Linda,Thompson,1000000806,Dermatology,CA,989-555-4956
807,Susan,Smith,1000000807,Oncology,CA,574-555-1024
808,Mark,Moore,1000000808,Orthopedics,PA,642-555-4606
809,Patricia,Lee,1000000809,Cardiology,AZ,232-555-5809
810,James,Miller,1000000810,Orthopedics,AZ,590-555-3570
811,Joseph,Wilson,1000000811,Pulmonology,TX,783-555-2531
812,Mary,Thomas,1000000812,Urology,TX,545-555-8272
813,John,Garcia,1000000813,Endocrinology,WA,955-555-6357
814,Daniel,Jones,1000000814,Pulmonology,TX,344-555-2769
815,Linda,Gonzalez,1000000815,Gastroenterology,CA,927-555-4297
816,John,Smith,1000000816,Endocrinology,TX,886-555-3813
817,Margaret,Thompson,1000000817,Emergency Medicine,NY,551-555-5104
818,Michael,Thompson,1000000818,Urology,TX,392-555-2084
819,Mark,Lopez,1000000819,Gastroenterology,AZ,774-555-6015
820,Anthony,Taylor,1000000820,Urology,TX,661-555-4738
821,John,Miller,1000000821,Gastroenterology,AZ,610-555-2541
822,Daniel,Garcia,1000000822,Psychiatry,CA,773-555-3890
823,Linda,Miller,1000000823,Psychiatry,CA,557-555-5691
824,Mary,Brown,1000000824,General Practice,TX,532-555-3393
825,Patricia,Taylor,1000000825,Emergency Medicine,TX,858-555-6171
826,Patricia,Martin,1000000826,Psychiatry,TX,624-555-7388
827,Mark,Hernandez,1000000827,General Practice,AZ,205-555-5711
828,Mark,Thomas,1000000828,Emergency Medicine,NY,606-555-4862
829,Karen,Smith,1000000829,Pediatrics,CA,420-555-1667
830,Sandra,Garcia,1000000830,Urology,CO,738-555-5850
831,Christopher,Thomas,1000000831,Gastroenterology,TX,688-555-6800
832,Michael,Brown,1000000832,Gastroenterology,CA,294-555-5216
833,Sandra,Johnson,1000000833,Emergency Medicine,PA,276-555-4630
834,Ashley,Thomas,1000000834,Pediatrics,CA,208-555-9589
835,Jessica,Moore,1000000835,Emergency Medicine,TX,505-555-2625
836,Matthew,Brown,1000000836,Oncology,IL,515-555-1616
837,Thomas,Davis,1000000837,Internal Medicine,FL,588-555-8756
838,Linda,Williams,1000000838,Pediatrics,WA,992-555-2246
839,Matthew,Martin,1000000839,Oncology,CO,771-555-6764
840,James,Thomas,1000000840,Orthopedics,TX,853-555-9183
841,Susan,Brown,1000000841,Neurology,TX,770-555-7556
842,Susan,Miller,1000000842,Dermatology,WA,887-555-3676
843,Jessica,Miller,1000000843,Neurology,TX,899-555-2569
844,John,Thomas,1000000844,Oncology,FL,380-555-8857
845,Karen,Martin,1000000845,Endocrinology,IL,718-555-3773
846,John,Taylor,1000000846,Endocrinology,MA,937-555-7159
847,Sandra,Martin,1000000847,Pediatrics,CO,650-555-5563
848,Mark,Anderson,1000000848,Emergency Medicine,CA,229-555-7772
849,John,Wilson,1000000849,Internal Medicine,TX,329-555-6659
850,Sarah,Thomas,1000000850,Pediatrics,PA,814-555-6246
851,Joseph,Thomas,1000000851,Pulmonology,AZ,609-555-5014
852,Jessica,Johnson,1000000852,Oncology,WA,573-555-5920
853,Donald,Jackson,1000000853,Pediatrics,CA,320-555-1908
854,David,Anderson,1000000854,General Practice,PA,903-555-7299
855,Donald,Thomas,1000000855,Neurology,TX,920-555-1270
856,Jennifer,Johnson,1000000856,Gastroenterology,IL,666-555-5323
857,Mary,Garcia,1000000857,Neurology,CA,854-555-5949
858,Mary,Martin,1000000858,Gastroenterology,CA,322-555-5284
859,Elizabeth,Williams,1000000859,Pulmonology,WA,241-555-3322
860,James,Williams,1000000860,Neurology,CA,458-555-3126
861,Matthew,Moore,1000000861,Internal Medicine,AZ,924-555-7753
862,John,Garcia,1000000862,Dermatology,WA,776-555-8273
863,Betty,Anderson,1000000863,Pediatrics,TX,256-555-4023
864,Robert,Lopez,1000000864,Pediatrics,MA,305-555-5929
865,Mary,Brown,1000000865,Dermatology,TX,894-555-1913
866,Donald,Brown,1000000866,Cardiology,CA,649-555-8775
867,Robert,Garcia,1000000867,Oncology,PA,923-555-7267
868,Anthony,Lee,1000000868,Psychiatry,CA,507-555-4300
869,Matthew,Thompson,1000000869,Dermatology,TX,589-555-8910
870,Margaret,Williams,1000000870,Endocrinology,CO,919-555-7387
871,Sandra,Smith,1000000871,Dermatology,TX,240-555-9789
872,Michael,Brown,1000000872,Emergency Medicine,FL,897-555-6859
873,Jennifer,Williams,1000000873,Endocrinology,TX,978-555-2250
874,Jennifer,Martinez,1000000874,Orthopedics,WA,520-555-8603
875,Sarah,Perez,1000000875,Internal Medicine,TX,634-555-2485
876,Christopher,Martinez,1000000876,Emergency Medicine,TX,770-555-6967
877,Joseph,Jones,1000000877,General Practice,PA,557-555-7899
878,Joseph,Smith,1000000878,Dermatology,TX,944-555-5887
879,Sarah,Lopez,1000000879,Gastroenterology,FL,810-555-6201
880,Linda,Lee,1000000880,Pulmonology,TX,279-555-7189
881,Joseph,Martinez,1000000881,Pediatrics,WA,296-555-3077
882,Michael,Moore,1000000882,Dermatology,NY,523-555-7967
883,Jennifer,Thompson,1000000883,Pulmonology,WA,672-555-2890
884,James,Wilson,1000000884,Orthopedics,PA,704-555-6993
885,Elizabeth,Thompson,1000000885,Gastroenterology,IL,815-555-9818
886,John,Thompson,1000000886,Gastroenterology,WA,454-555-7686
887,Elizabeth,Perez,1000000887,Pulmonology,TX,314-555-5826
888,Robert,Garcia,1000000888,Oncology,TX,441-555-8886
889,Betty,Anderson,1000000889,Dermatology,CA,237-555-2572
890,Jessica,Jones,1000000890,Pediatrics,FL,623-555-9074
891,David,Taylor,1000000891,General Practice,WA,448-555-5202
892,David,Hernandez,1000000892,Pediatrics,TX,926-555-8140
893,Susan,Martin,1000000893,Orthopedics,PA,525-555-4742
894,Barbara,Martinez,1000000894,Endocrinology,AZ,458-555-6331
895,Michael,Smith,1000000895,General Practice,CA,548-555-1561
896,Nancy,Perez,1000000896,Emergency Medicine,CO,484-555-2826
897,Margaret,Rodriguez,1000000897,General Practice,NY,401-555-8992
898,Anthony,Smith,1000000898,Cardiology,TX,827-555-6658
899,Karen,Miller,1000000899,Oncology,IL,822-555-7443
900,Ashley,Anderson,1000000900,Dermatology,FL,941-555-9530
901,Sandra,Jackson,1000000901,General Practice,PA,493-555-9270
902,Joseph,Lopez,1000000902,Dermatology,PA,446-555-5752
903,Thomas,Martin,1000000903,Endocrinology,TX,532-555-3969
904,Jennifer,Rodriguez,1000000904,Pediatrics,CA,792-555-6965
905,James,Moore,1000000905,Oncology,AZ,262-555-9725
906,Jessica,Smith,1000000906,Endocrinology,TX,984-555-7309
907,Robert,Perez,1000000907,Emergency Medicine,TX,356-555-1126
908,James,Martinez,1000000908,Oncology,NY,387-555-9260
909,Charles,Lee,1000000909,Oncology,CO,382-555-2060
910,Sarah,Martin,1000000910,Urology,FL,366-555-8721
911,Anthony,Martinez,1000000911,Endocrinology,TX,862-555-9918
912,Donald,Hernandez,1000000912,Cardiology,PA,832-555-1209
913,Charles,Martinez,1000000913,Oncology,TX,397-555-5858
914,Sarah,Wilson,1000000914,Internal Medicine,WA,686-555-4564
915,Anthony,Jackson,1000000915,Dermatology,TX,874-555-2904
916,Sarah,Wilson,1000000916,Pediatrics,TX,597-555-4471
917,Daniel,Davis,1000000917,Endocrinology,TX,344-555-3441
918,Mary,Gonzalez,1000000918,Orthopedics,WA,398-555-5218
919,Mary,Brown,1000000919,Dermatology,MA,352-555-2757
920,Mary,Garcia,1000000920,Internal Medicine,AZ,715-555-1113
921,Jessica,Johnson,1000000921,Internal Medicine,TX,862-555-1555
922,David,Hernandez,1000000922,Neurology,FL,313-555-9521
923,Ashley,Garcia,1000000923,Endocrinology,TX,221-555-3361
924,Matthew,Jackson,1000000924,Pediatrics,NY,264-555-5329
925,Jessica,Davis,1000000925,General Practice,TX,219-555-8757
926,Charles,Jones,1000000926,Oncology,NY,342-555-1792
927,Jennifer,Davis,1000000927,Pediatrics,IL,487-555-1326
928,Karen,Davis,1000000928,Endocrinology,FL,901-555-4903
929,Charles,Perez,1000000929,Endocrinology,TX,498-555-8518
930,Christopher,Smith,1000000930,General Practice,PA,632-555-3809
931,Margaret,Jackson,1000000931,Internal Medicine,FL,655-555-1515
932,Jessica,Johnson,1000000932,General Practice,TX,208-555-3733
933,Matthew,Williams,1000000933,Gastroenterology,MA,733-555-5839
934,Linda,Gonzalez,1000000934,Urology,CO,450-555-1817
935,Nancy,Jackson,1000000935,Orthopedics,CA,436-555-6458
936,Mark,Thomas,1000000936,Cardiology,AZ,384-555-5029
937,Betty,Moore,1000000937,Dermatology,AZ,667-555-1489
938,William,Garcia,1000000938,Oncology,IL,873-555-3800
939,Sandra,Brown,1000000939,Dermatology,PA,855-555-6778
940,Susan,Gonzalez,1000000940,Internal Medicine,NY,390-555-5345
941,Jessica,Taylor,1000000941,Orthopedics,FL,942-555-3958
942,Donald,Jones,1000000942,Gastroenterology,CA,910-555-6451
943,Nancy,Williams,1000000943,Emergency Medicine,TX,413-555-3687
944,Patricia,Williams,1000000944,Psychiatry,WA,306-555-7103
945,Michael,Martin,1000000945,Cardiology,TX,419-555-6119
946,David,Miller,1000000946,Dermatology,CO,544-555-8049
947,Patricia,Thompson,1000000947,General Practice,CA,207-555-7447
948,Donald,Wilson,1000000948,Orthopedics,CA,745-555-2988
949,Patricia,Garcia,1000000949,Orthopedics,PA,858-555-2481
950,Daniel,Moore,1000000950,Psychiatry,TX,217-555-2290
951,Ashley,Hernandez,1000000951,Oncology,WA,237-555-7008
952,Ashley,Martin,1000000952,Oncology,NY,716-555-1978
953,Mary,Lopez,1000000953,Urology,CA,529-555-5350
954,Susan,Davis,1000000954,Orthopedics,CA,890-555-6892
955,David,Taylor,1000000955,Pulmonology,PA,555-555-6644
956,Ashley,Hernandez,1000000956,Gastroenterology,CO,404-555-6699
957,Joseph,Wilson,1000000957,Neurology,TX,495-555-7680
958,Lisa,Taylor,1000000958,Dermatology,PA,252-555-4220
959,Jessica,Smith,1000000959,Gastroenterology,TX,234-555-3353
960,Margaret,Garcia,1000000960,Cardiology,CA,720-555-5197
961,Betty,Martin,1000000961,Pulmonology,NY,833-555-6919
962,Daniel,Miller,1000000962,Urology,IL,446-555-6512
963,David,Jones,1000000963,Neurology,IL,789-555-9029
964,Anthony,Davis,1000000964,Cardiology,WA,300-555-7872
965,Sarah,Lee,1000000965,Gastroenterology,CA,868-555-6539
966,Anthony,Jackson,1000000966,Neurology,PA,810-555-4605
967,Nancy,Martinez,1000000967,Orthopedics,CA,866-555-9432
968,John,Thomas,1000000968,Orthopedics,MA,978-555-1449
969,David,Taylor,1000000969,General Practice,TX,694-555-4102
970,Patricia,Moore,1000000970,Pulmonology,CA,939-555-5046
971,Thomas,Martinez,1000000971,Endocrinology,TX,354-555-7074
972,Thomas,Rodriguez,1000000972,Psychiatry,AZ,597-555-6811
973,Richard,Wilson,1000000973,Dermatology,TX,842-555-2579
974,Jessica,Wilson,1000000974,Emergency Medicine,IL,896-555-2465
975,John,Thompson,1000000975,Emergency Medicine,CA,803-555-5049
976,Charles,Gonzalez,1000000976,General Practice,CA,233-555-6119
977,Patricia,Lee,1000000977,Pediatrics,TX,762-555-2214
978,Christopher,Thomas,1000000978,Pulmonology,TX,365-555-7829
979,Nancy,Davis,1000000979,Psychiatry,TX,733-555-9886
980,Karen,Gonzalez,1000000980,Neurology,WA,622-555-4276
981,Betty,Anderson,1000000981,Oncology,CA,723-555-9099
982,Charles,Lopez,1000000982,Internal Medicine,AZ,557-555-4347
983,Elizabeth,Brown,1000000983,Neurology,IL,836-555-2499
984,Joseph,Perez,1000000984,Neurology,TX,343-555-2543
985,Betty,Jones,1000000985,Internal Medicine,IL,824-555-7096
986,Sarah,Martin,1000000986,Dermatology,TX,384-555-5506
987,Lisa,Garcia,1000000987,Orthopedics,PA,246-555-9053
988,Michael,Brown,1000000988,Urology,TX,955-555-7432
989,Charles,Garcia,1000000989,Emergency Medicine,CA,256-555-1197
990,John,Martinez,1000000990,Endocrinology,CO,564-555-2214
991,Christopher,Garcia,1000000991,Urology,IL,976-555-9374
992,Sarah,Moore,1000000992,Orthopedics,TX,462-555-2688
993,Betty,Perez,1000000993,Urology,TX,250-555-3692
994,Barbara,Thompson,1000000994,Gastroenterology,MA,861-555-2515
995,Christopher,Hernandez,1000000995,Emergency Medicine,CA,617-555-7666
996,Thomas,Lopez,1000000996,Psychiatry,CA,560-555-1715
997,Donald,Martinez,1000000997,Dermatology,IL,980-555-7581
998,William,Garcia,1000000998,Internal Medicine,WA,928-555-7832
999,Betty,Lee,1000000999,Endocrinology,WA,742-555-2355
1000,Joseph,Wilson,1000001000,Pulmonology,FL,610-555-5703
1001,Karen,Taylor,1000001001,Dermatology,NY,364-555-5999
1002,Betty,Smith,1000001002,Cardiology,IL,993-555-6722
1003,Thomas,Lopez,1000001003,Oncology,CA,975-555-3686
1004,Sarah,Jones,1000001004,Oncology,CA,775-555-2611
1005,Daniel,Lopez,1000001005,General Practice,FL,501-555-8948
1006,John,Anderson,1000001006,Dermatology,CA,714-555-3616
1007,Daniel,Brown,1000001007,Pulmonology,WA,287-555-9561
1008,Richard,Anderson,1000001008,General Practice,MA,759-555-9784
1009,Donald,Davis,1000001009,Pediatrics,TX,333-555-3730
1010,Mary,Jackson,1000001010,General Practice,TX,484-555-8090
1011,Thomas,Brown,1000001011,Psychiatry,AZ,299-555-8949
1012,Linda,Gonzalez,1000001012,Orthopedics,TX,259-555-2816
1013,Thomas,Anderson,1000001013,Urology,CA,936-555-4963
1014,Linda,Wilson,1000001014,Urology,CO,909-555-8680
1015,Mary,Moore,1000001015,Gastroenterology,CA,874-555-8423
1016,Mary,Martinez,1000001016,General Practice,NY,618-555-9362
1017,Daniel,Thomas,1000001017,Pediatrics,PA,284-555-8071
1018,Matthew,Jackson,1000001018,Endocrinology,CA,533-555-1534
1019,Jessica,Davis,1000001019,Neurology,CA,496-555-6331
1020,Mark,Davis,1000001020,Pediatrics,CO,706-555-8706
1021,Anthony,Gonzalez,1000001021,Internal Medicine,AZ,926-555-2340
1022,Daniel,Jackson,1000001022,Psychiatry,CA,586-555-3537
1023,David,Martin,1000001023,Oncology,IL,267-555-8299
1024,Anthony,Anderson,1000001024,Endocrinology,TX,929-555-9754
1025,Lisa,Perez,1000001025,Orthopedics,CA,324-555-6947
1026,Thomas,Johnson,1000001026,Internal Medicine,IL,675-555-2190
1027,Sandra,Brown,1000001027,Endocrinology,TX,820-555-1551
1028,Ashley,Jackson,1000001028,Neurology,PA,625-555-6712
1029,Betty,Williams,1000001029,Endocrinology,CA,464-555-1811
1030,William,Jones,1000001030,Gastroenterology,CA,265-555-6148
1031,Christopher,Miller,1000001031,Pediatrics,TX,431-555-7538
1032,William,Davis,1000001032,Internal Medicine,CA,600-555-2525
1033,John,Jones,1000001033,Cardiology,NY,765-555-6885
1034,Ashley,Miller,1000001034,Internal Medicine,CA,837-555-9215
1035,Nancy,Martinez,1000001035,Oncology,FL,698-555-1599
1036,Sarah,Rodriguez,1000001036,Neurology,TX,201-555-2369
1037,Matthew,Hernandez,1000001037,Psychiatry,IL,584-555-1948
1038,Richard,Williams,1000001038,Oncology,NY,670-555-1967
1039,Barbara,Jones,1000001039,Orthopedics,PA,608-555-3125
1040,James,Rodriguez,1000001040,Cardiology,NY,264-555-2357
1041,James,Lee,1000001041,Internal Medicine,NY,753-555-9519
1042,Patricia,Lopez,1000001042,Psychiatry,TX,583-555-1916
1043,James,Lee,1000001043,Emergency Medicine,CA,850-555-8505
1044,Donald,Rodriguez,1000001044,Oncology,TX,402-555-3718
1045,Susan,Martinez,1000001045,Dermatology,MA,862-555-8220
1046,Donald,Williams,1000001046,Emergency Medicine,FL,200-555-9801
1047,Linda,Martinez,1000001047,Oncology,CA,457-555-9446
1048,Nancy,Lee,1000001048,Internal Medicine,MA,694-555-5006
1049,Donald,Lee,1000001049,Cardiology,CA,416-555-6108
1050,Jessica,Lopez,1000001050,Urology,TX,294-555-4056
1051,Charles,Hernandez,1000001051,Neurology,IL,816-555-9254
1052,Barbara,Smith,1000001052,Psychiatry,CO,760-555-2525
1053,Barbara,Hernandez,1000001053,Internal Medicine,CO,320-555-8102
1054,Sandra,Wilson,1000001054,Orthopedics,WA,843-555-5727
1055,Lisa,Davis,1000001055,Cardiology,FL,498-555-2061
1056,Nancy,Moore,1000001056,Pediatrics,IL,933-555-8139
1057,Daniel,Thomas,1000001057,Neurology,NY,461-555-9292
1058,Mark,Lee,1000001058,Oncology,MA,763-555-6080
1059,Ashley,Thompson,1000001059,Dermatology,CA,549-555-8890
1060,Jennifer,Thomas,1000001060,Gastroenterology,TX,379-555-1674
1061,David,Jones,1000001061,Neurology,TX,866-555-3849
1062,Daniel,Martinez,1000001062,Psychiatry,PA,442-555-5872
1063,Lisa,Anderson,1000001063,Endocrinology,FL,846-555-3015
1064,Susan,Perez,1000001064,Psychiatry,PA,633-555-8785
1065,Sarah,Hernandez,1000001065,Orthopedics,TX,274-555-7981
1066,Karen,Moore,1000001066,Pediatrics,CA,223-555-3501
1067,Richard,Martinez,1000001067,Pulmonology,CA,519-555-5899
1068,Jessica,Johnson,1000001068,Orthopedics,CA,380-555-3604
1069,Susan,Thompson,1000001069,General Practice,CA,630-555-9641
1070,Karen,Martin,1000001070,Pulmonology,WA,451-555-3703
1071,Richard,Perez,1000001071,Psychiatry,TX,789-555-4970
1072,John,Gonzalez,1000001072,Emergency Medicine,NY,764-555-1790
1073,Robert,Williams,1000001073,Emergency Medicine,WA,425-555-2117
1074,Richard,Gonzalez,1000001074,Cardiology,TX,888-555-3293
1075,Barbara,Hernandez,1000001075,Neurology,MA,634-555-7846
1076,Richard,Martin,1000001076,Oncology,CO,980-555-5549
1077,Joseph,Lopez,1000001077,Psychiatry,CA,244-555-9857
1078,Richard,Wilson,1000001078,Psychiatry,TX,296-555-5175
1079,Thomas,Johnson,1000001079,Emergency Medicine,TX,261-555-8658
1080,Barbara,Thomas,1000001080,Pulmonology,PA,362-555-9585
1081,Mark,Miller,1000001081,Orthopedics,CA,491-555-8977
1082,Karen,Hernandez,1000001082,Pulmonology,CA,778-555-6463
1083,Jessica,Moore,1000001083,Pulmonology,CO,654-555-5550
1084,Elizabeth,Rodriguez,1000001084,Emergency Medicine,CA,754-555-8319
1085,Ashley,Lee,1000001085,Emergency Medicine,AZ,498-555-2900
1086,Donald,Martin,1000001086,Orthopedics,TX,421-555-8217
1087,Ashley,Jones,1000001087,Oncology,CO,945-555-1691
1088,Betty,Thompson,1000001088,Neurology,WA,409-555-3825
1089,John,Wilson,1000001089,Internal Medicine,CA,663-555-8501
1090,Joseph,Thomas,1000001090,Dermatology,CA,409-555-6808
1091,John,Rodriguez,1000001091,Urology,FL,850-555-8870
1092,Jennifer,Thompson,1000001092,Endocrinology,TX,255-555-6089
1093,Mary,Hernandez,1000001093,Dermatology,MA,208-555-3842
1094,Margaret,Gonzalez,1000001094,Emergency Medicine,MA,967-555-3907
1095,William,Brown,1000001095,General Practice,TX,544-555-5279
1096,William,Hernandez,1000001096,Pediatrics,CA,905-555-6404
1097,James,Smith,1000001097,Orthopedics,CA,510-555-1129
1098,Daniel,Martinez,1000001098,Pediatrics,NY,762-555-2689
1099,Betty,Lopez,1000001099,Neurology,AZ,539-555-6527
1100,David,Moore,1000001100,Pulmonology,WA,340-555-4209
1101,Michael,Martinez,1000001101,Psychiatry,WA,829-555-5634
1102,Betty,Moore,1000001102,Internal Medicine,PA,565-555-3612
1103,Linda,Hernandez,1000001103,Dermatology,MA,227-555-6903
1104,Robert,Lee,1000001104,Oncology,IL,662-555-1618
1105,Donald,Wilson,1000001105,Gastroenterology,CA,416-555-9213
1106,Mary,Martin,1000001106,General Practice,CO,890-555-3673
1107,Sarah,Brown,1000001107,Gastroenterology,AZ,719-555-6284
1108,Thomas,Johnson,1000001108,Cardiology,CO,841-555-4022
1109,Barbara,Johnson,1000001109,Orthopedics,NY,435-555-6894
1110,Anthony,Hernandez,1000001110,Pulmonology,MA,792-555-7640
1111,William,Thompson,1000001111,Emergency Medicine,MA,485-555-2578
1112,Donald,Wilson,1000001112,General Practice,TX,928-555-8239
1113,Sandra,Martinez,1000001113,Oncology,NY,860-555-1275
1114,Joseph,Brown,1000001114,General Practice,NY,836-555-6967
1115,William,Lopez,1000001115,Oncology,MA,461-555-3419
1116,Betty,Martin,1000001116,Neurology,PA,495-555-9980
1117,Ashley,Rodriguez,1000001117,General Practice,PA,713-555-4207
1118,Matthew,Perez,1000001118,Pulmonology,CO,613-555-4484
1119,John,Brown,1000001119,Pulmonology,TX,776-555-3174
1120,Michael,Taylor,1000001120,General Practice,NY,267-555-5860
1121,Elizabeth,Smith,1000001121,Cardiology,CO,532-555-4436
1122,Daniel,Thompson,1000001122,Cardiology,NY,919-555-4327
1123,Nancy,Williams,1000001123,General Practice,TX,294-555-4839
1124,Richard,Gonzalez,1000001124,Internal Medicine,CA,355-555-1026
1125,Matthew,Brown,1000001125,Gastroenterology,TX,819-555-1137
1126,Barbara,Taylor,1000001126,Emergency Medicine,TX,890-555-9012
1127,Michael,Gonzalez,1000001127,Dermatology,IL,327-555-2312
1128,Christopher,Taylor,1000001128,Emergency Medicine,PA,562-555-7936
1129,Betty,Lee,1000001129,Pediatrics,MA,343-555-2050
1130,Jessica,Jackson,1000001130,Gastroenterology,MA,263-555-6678
1131,Matthew,Perez,1000001131,Psychiatry,MA,558-555-9797
1132,Margaret,Lopez,1000001132,Neurology,WA,435-555-7698
1133,Ashley,Hernandez,1000001133,Neurology,MA,646-555-5912
1134,Barbara,Jones,1000001134,Neurology,CA,575-555-2643
1135,Ashley,Jackson,1000001135,Psychiatry,CA,872-555-3040
1136,Margaret,Wilson,1000001136,Oncology,FL,522-555-9680
1137,Mark,Rodriguez,1000001137,Neurology,TX,817-555-6192
1138,Mary,Lopez,1000001138,General Practice,WA,848-555-2365
1139,William,Davis,1000001139,Urology,CA,843-555-3287
1140,Susan,Hernandez,1000001140,Pediatrics,CA,541-555-5851
1141,Sarah,Brown,1000001141,Dermatology,WA,785-555-6846
1142,Christopher,Martin,1000001142,Psychiatry,NY,209-555-3344
1143,Joseph,Gonzalez,1000001143,Gastroenterology,CO,650-555-5011
1144,Daniel,Smith,1000001144,Cardiology,AZ,657-555-6670
1145,Michael,Brown,1000001145,Pulmonology,NY,401-555-6603
1146,Elizabeth,Johnson,1000001146,Dermatology,MA,354-555-1906
1147,Lisa,Lopez,1000001147,Endocrinology,TX,480-555-8577
1148,Nancy,Miller,1000001148,Dermatology,AZ,478-555-4907
1149,Donald,Martinez,1000001149,Pediatrics,CA,646-555-3632
1150,Anthony,Perez,1000001150,Cardiology,MA,958-555-2776
1151,Daniel,Gonzalez,1000001151,Pediatrics,WA,539-555-4211
1152,David,Jones,1000001152,Neurology,CA,226-555-2436
1153,Matthew,Thomas,1000001153,Endocrinology,TX,439-555-7103
1154,Mary,Lee,1000001154,General Practice,TX,458-555-8093
1155,John,Lopez,1000001155,Endocrinology,MA,965-555-6802
1156,Michael,Jones,1000001156,Pediatrics,TX,355-555-8157
1157,Richard,Wilson,1000001157,Dermatology,TX,884-555-5676
1158,Linda,Brown,1000001158,Dermatology,TX,943-555-4837
1159,Lisa,Moore,1000001159,Cardiology,TX,727-555-3595
1160,Ashley,Perez,1000001160,Neurology,PA,952-555-9105
1161,Robert,Gonzalez,1000001161,Urology,MA,700-555-7108
1162,Susan,Williams,1000001162,Pulmonology,WA,764-555-4082
1163,Jennifer,Wilson,1000001163,Pulmonology,TX,880-555-4413
1164,Mary,Smith,1000001164,Emergency Medicine,AZ,345-555-5833
1165,Patricia,Thompson,1000001165,Orthopedics,CA,988-555-9751
1166,Lisa,Jackson,1000001166,Emergency Medicine,TX,469-555-4486
1167,Joseph,Taylor,1000001167,Gastroenterology,MA,542-555-5416
1168,Mary,Johnson,1000001168,Gastroenterology,AZ,207-555-9668
1169,Jessica,Hernandez,1000001169,Dermatology,NY,387-555-3567
1170,Margaret,Davis,1000001170,Endocrinology,WA,330-555-1943
1171,Patricia,Thompson,1000001171,Neurology,NY,369-555-7305
1172,Betty,Hernandez,1000001172,Pediatrics,PA,529-555-6516
1173,Thomas,Lopez,1000001173,Psychiatry,WA,945-555-3987
1174,Mark,Anderson,1000001174,Endocrinology,NY,862-555-8213
1175,Donald,Moore,1000001175,Emergency Medicine,CO,731-555-5722
1176,Robert,Hernandez,1000001176,Internal Medicine,MA,809-555-9606
1177,John,Lee,1000001177,Oncology,CA,241-555-4946
1178,Charles,Miller,1000001178,Pediatrics,FL,809-555-3004
1179,Sandra,Johnson,1000001179,Cardiology,IL,449-555-5428
1180,Sandra,Thomas,1000001180,Dermatology,TX,647-555-1254
1181,Sarah,Rodriguez,1000001181,Oncology,CO,759-555-4864
1182,Robert,Moore,1000001182,Pediatrics,TX,547-555-5762
1183,Sandra,Garcia,1000001183,General Practice,TX,530-555-9493
1184,Anthony,Thompson,1000001184,Internal Medicine,PA,396-555-3532
1185,Mark,Garcia,1000001185,Cardiology,TX,343-555-3220
1186,Michael,Davis,1000001186,Cardiology,TX,873-555-4848
1187,Daniel,Miller,1000001187,General Practice,CA,862-555-3455
1188,Daniel,Perez,1000001188,Dermatology,AZ,600-555-6502
1189,Elizabeth,Martin,1000001189,Pulmonology,CA,904-555-4719
1190,James,Anderson,1000001190,Pulmonology,PA,596-555-1469
1191,Michael,Gonzalez,1000001191,General Practice,TX,601-555-9345
1192,James,Martin,1000001192,Neurology,PA,739-555-3744
1193,Lisa,Gonzalez,1000001193,Pulmonology,WA,253-555-8272
1194,Sandra,Thomas,1000001194,Endocrinology,CA,826-555-9931
1195,Joseph,Smith,1000001195,Oncology,MA,531-555-3411
1196,Daniel,Lee,1000001196,Pulmonology,IL,334-555-3895
1197,Richard,Perez,1000001197,General Practice,CO,284-555-5476
1198,Christopher,Wilson,1000001198,Gastroenterology,PA,540-555-8034
1199,William,Jackson,1000001199,Dermatology,AZ,588-555-1887
1200,Michael,Hernandez,1000001200,Cardiology,CA,930-555-1694
1201,Donald,Moore,1000001201,Psychiatry,TX,385-555-5833
1202,Mary,Thomas,1000001202,Emergency Medicine,AZ,435-555-8295
1203,Lisa,Davis,1000001203,Orthopedics,TX,235-555-6192
1204,Michael,Martin,1000001204,Urology,TX,443-555-4520
1205,Robert,Thompson,1000001205,General Practice,CA,661-555-8437
1206,Karen,Wilson,1000001206,Psychiatry,AZ,513-555-4101
1207,Jessica,Garcia,1000001207,Oncology,CA,951-555-6614
1208,John,Martin,1000001208,Internal Medicine,IL,964-555-3224
1209,Ashley,Gonzalez,1000001209,Psychiatry,FL,776-555-5910
1210,David,Johnson,1000001210,Pediatrics,IL,259-555-8871
1211,Ashley,Lopez,1000001211,General Practice,PA,873-555-5631
1212,Joseph,Wilson,1000001212,Oncology,TX,653-555-4942
1213,John,Rodriguez,1000001213,Pulmonology,WA,324-555-8132
1214,John,Lopez,1000001214,General Practice,FL,716-555-4134
1215,Robert,Jackson,1000001215,Internal Medicine,FL,547-555-1846
1216,Jessica,Perez,1000001216,Endocrinology,TX,686-555-6545
1217,Linda,Taylor,1000001217,General Practice,CA,727-555-4852
1218,Susan,Perez,1000001218,Neurology,IL,500-555-2882
1219,Linda,Lopez,1000001219,General Practice,CA,433-555-5990
1220,William,Miller,1000001220,Internal Medicine,TX,400-555-8087
1221,Ashley,Johnson,1000001221,Orthopedics,PA,933-555-1045
1222,Richard,Jones,1000001222,Gastroenterology,CA,931-555-8778
1223,Margaret,Jones,1000001223,Neurology,PA,345-555-4049
1224,Robert,Thompson,1000001224,Dermatology,CA,257-555-1076
1225,Susan,Anderson,1000001225,Pediatrics,CA,355-555-3301
1226,Mary,Johnson,1000001226,Pediatrics,IL,556-555-3175
1227,Sarah,Williams,1000001227,Urology,TX,623-555-2183
1228,Richard,Brown,1000001228,Endocrinology,CA,511-555-8125
1229,Charles,Taylor,1000001229,Urology,AZ,425-555-2865
1230,Ashley,Taylor,1000001230,Emergency Medicine,MA,640-555-8431
1231,Joseph,Martin,1000001231,Neurology,MA,810-555-8331
1232,John,Rodriguez,1000001232,Orthopedics,IL,706-555-9165
1233,Joseph,Johnson,1000001233,Gastroenterology,PA,611-555-6148
1234,Matthew,Lee,1000001234,Endocrinology,WA,610-555-9358
1235,Christopher,Jones,1000001235,Dermatology,PA,554-555-9275
1236,John,Davis,1000001236,Gastroenterology,AZ,820-555-4142
1237,Mary,Smith,1000001237,Endocrinology,FL,645-555-4155
1238,Patricia,Rodriguez,1000001238,Endocrinology,PA,715-555-5246
1239,Sarah,Moore,1000001239,Emergency Medicine,CA,213-555-2889
1240,Jessica,Lopez,1000001240,Gastroenterology,TX,535-555-9569
1241,Thomas,Rodriguez,1000001241,Psychiatry,TX,311-555-6691
1242,Michael,Thompson,1000001242,Urology,CO,742-555-5285
1243,David,Hernandez,1000001243,Urology,CA,845-555-5751
1244,Lisa,Miller,1000001244,Cardiology,TX,572-555-1984
1245,Richard,Williams,1000001245,Gastroenterology,CO,515-555-2890
1246,Patricia,Thompson,1000001246,Oncology,CA,229-555-7298
1247,Sandra,Johnson,1000001247,General Practice,AZ,441-555-7191
1248,Michael,Wilson,1000001248,Gastroenterology,FL,625-555-9199
1249,Thomas,Rodriguez,1000001249,Endocrinology,NY,901-555-5852
1250,Jennifer,Gonzalez,1000001250,Endocrinology,TX,251-555-3318
1251,Sarah,Taylor,1000001251,Orthopedics,CA,240-555-2800
1252,James,Smith,1000001252,Orthopedics,MA,420-555-8358
1253,Linda,Taylor,1000001253,Internal Medicine,IL,229-555-3038
1254,Charles,Perez,1000001254,Internal Medicine,WA,222-555-3982
1255,James,Garcia,1000001255,Pediatrics,MA,761-555-9872
1256,Lisa,Perez,1000001256,General Practice,CA,713-555-5226
1257,James,Rodriguez,1000001257,General Practice,FL,367-555-1972
1258,John,Gonzalez,1000001258,Endocrinology,FL,537-555-7074
1259,Elizabeth,Johnson,1000001259,Dermatology,MA,910-555-6863
1260,Sarah,Lopez,1000001260,Pediatrics,WA,811-555-2606
1261,Daniel,Davis,1000001261,Cardiology,WA,948-555-8888
1262,Nancy,Gonzalez,1000001262,Neurology,WA,957-555-9456
1263,Daniel,Garcia,1000001263,Neurology,TX,599-555-4454
1264,Linda,Lopez,1000001264,Endocrinology,CO,598-555-8549
1265,William,Davis,1000001265,General Practice,NY,748-555-4597
1266,Richard,Davis,1000001266,Pulmonology,PA,873-555-1020
1267,Christopher,Williams,1000001267,Orthopedics,TX,628-555-4401
1268,Anthony,Taylor,1000001268,Gastroenterology,WA,252-555-1089
1269,Charles,Gonzalez,1000001269,Oncology,CO,269-555-7543
1270,Betty,Thomas,1000001270,Orthopedics,CA,704-555-3975
1271,Anthony,Gonzalez,1000001271,Urology,FL,228-555-1085
1272,Sandra,Lee,1000001272,Internal Medicine,CA,600-555-8125
1273,Mary,Lopez,1000001273,Oncology,AZ,395-555-1252
1274,Daniel,Garcia,1000001274,Endocrinology,WA,478-555-2250
1275,Jennifer,Johnson,1000001275,Oncology,PA,829-555-7032
1276,James,Wilson,1000001276,Endocrinology,TX,793-555-8886
1277,Richard,Lee,1000001277,Internal Medicine,TX,729-555-5452
1278,Jessica,Rodriguez,1000001278,Oncology,CA,254-555-3647
1279,Jennifer,Anderson,1000001279,Pediatrics,CA,646-555-5723
1280,Sarah,Anderson,1000001280,Internal Medicine,TX,784-555-4513
1281,Lisa,Perez,1000001281,Oncology,NY,714-555-6883
1282,James,Moore,1000001282,Neurology,WA,332-555-3925
1283,John,Thomas,1000001283,Urology,PA,613-555-8147
1284,Joseph,Gonzalez,1000001284,Neurology,NY,643-555-6712
1285,Jessica,Williams,1000001285,Dermatology,NY,764-555-8074
1286,Elizabeth,Smith,1000001286,Urology,NY,941-555-8576
1287,Patricia,Williams,1000001287,Internal Medicine,NY,986-555-2651
1288,Susan,Jones,1000001288,Neurology,CA,616-555-5359
1289,Sarah,Moore,1000001289,Neurology,MA,775-555-2755
1290,Linda,Jones,1000001290,General Practice,IL,377-555-6085
1291,Karen,Lee,1000001291,Neurology,PA,361-555-8980
1292,Mark,Taylor,1000001292,Psychiatry,TX,815-555-8442
1293,Betty,Martin,1000001293,Urology,CO,670-555-6972
1294,Betty,Johnson,1000001294,Pediatrics,FL,741-555-7151
1295,David,Lee,1000001295,Emergency Medicine,WA,553-555-2830
1296,Richard,Moore,1000001296,Dermatology,AZ,587-555-8603
1297,Daniel,Jackson,1000001297,General Practice,IL,854-555-1273
1298,Susan,Davis,1000001298,Pediatrics,WA,292-555-2354
1299,Sandra,Gonzalez,1000001299,Endocrinology,TX,642-555-3981
1300,Betty,Davis,1000001300,Internal Medicine,IL,573-555-5112
1301,David,Martin,1000001301,Gastroenterology,IL,889-555-1008
1302,Lisa,Lee,1000001302,Oncology,CA,459-555-8987
1303,Thomas,Davis,1000001303,Endocrinology,TX,628-555-5239
1304,Linda,Lopez,1000001304,Internal Medicine,TX,448-555-4379
1305,Michael,Moore,1000001305,Pediatrics,MA,526-555-4730
1306,William,Brown,1000001306,Gastroenterology,TX,401-555-2500
1307,Nancy,Smith,1000001307,Neurology,AZ,999-555-5440
1308,Susan,Smith,1000001308,Internal Medicine,PA,557-555-2860
1309,Elizabeth,Brown,1000001309,Pediatrics,CA,579-555-7391
1310,Michael,Brown,1000001310,Gastroenterology,TX,780-555-6416
1311,John,Williams,1000001311,Cardiology,WA,898-555-5508
1312,Mark,Jones,1000001312,Orthopedics,FL,980-555-5861
1313,William,Rodriguez,1000001313,Dermatology,WA,731-555-2649
1314,Ashley,Lopez,1000001314,Cardiology,CO,436-555-7683
1315,Lisa,Miller,1000001315,Orthopedics,FL,829-555-1448
1316,Richard,Jones,1000001316,Oncology,AZ,683-555-1788
1317,Matthew,Taylor,1000001317,Psychiatry,MA,321-555-5743
1318,Mark,Thompson,1000001318,Dermatology,FL,850-555-8414
1319,Michael,Martin,1000001319,Orthopedics,WA,687-555-4572
1320,Karen,Johnson,1000001320,Oncology,TX,511-555-1157
1321,Donald,Miller,1000001321,Internal Medicine,TX,701-555-6184
1322,Michael,Martinez,1000001322,Emergency Medicine,CA,522-555-4405
1323,James,Gonzalez,1000001323,Endocrinology,TX,346-555-1124
1324,Nancy,Hernandez,1000001324,Urology,TX,849-555-8513
1325,Richard,Gonzalez,1000001325,Endocrinology,TX,733-555-1868
1326,Daniel,Lopez,1000001326,Neurology,PA,331-555-8253
1327,Patricia,Wilson,1000001327,Gastroenterology,NY,752-555-1373
1328,Patricia,Moore,1000001328,Emergency Medicine,TX,339-555-6240
1329,Richard,Thompson,1000001329,Emergency Medicine,CA,854-555-6889
1330,Donald,Perez,1000001330,Pulmonology,TX,337-555-1750
1331,Matthew,Thompson,1000001331,Orthopedics,TX,347-555-9220
1332,Karen,Rodriguez,1000001332,Urology,NY,755-555-4758
1333,Michael,Miller,1000001333,Emergency Medicine,CA,392-555-8143
1334,Daniel,Williams,1000001334,Oncology,TX,730-555-9434
1335,Karen,Jones,1000001335,Pediatrics,PA,519-555-2493
1336,Sarah,Johnson,1000001336,Pulmonology,TX,523-555-8157
1337,Ashley,Hernandez,1000001337,Psychiatry,CA,403-555-2984
1338,Patricia,Martinez,1000001338,Cardiology,TX,563-555-1205
1339,Jennifer,Thomas,1000001339,Psychiatry,AZ,721-555-2128
1340,Christopher,Anderson,1000001340,Orthopedics,CO,723-555-5249
1341,Margaret,Johnson,1000001341,Dermatology,PA,630-555-8338
1342,Elizabeth,Perez,1000001342,Pulmonology,WA,915-555-7045
1343,Matthew,Smith,1000001343,Dermatology,CA,401-555-7938
1344,Linda,Thomas,1000001344,Dermatology,TX,810-555-5076
1345,Elizabeth,Perez,1000001345,Emergency Medicine,IL,395-555-1836
1346,Thomas,Moore,1000001346,Urology,CA,382-555-1678
1347,Joseph,Perez,1000001347,Oncology,FL,518-555-8375
1348,Susan,Garcia,1000001348,Orthopedics,TX,337-555-2750
1349,Michael,Brown,1000001349,Internal Medicine,CA,537-555-8671
1350,Richard,Lopez,1000001350,Neurology,NY,561-555-8702
1351,Richard,Moore,1000001351,Pulmonology,CO,709-555-1709
1352,Lisa,Taylor,1000001352,Neurology,CA,569-555-4031
1353,Anthony,Taylor,1000001353,Pulmonology,NY,487-555-2455
1354,William,Anderson,1000001354,Dermatology,WA,531-555-9934
1355,Daniel,Anderson,1000001355,Neurology,FL,366-555-7359
1356,Barbara,Wilson,1000001356,Cardiology,FL,447-555-2528
1357,Daniel,Jones,1000001357,Oncology,NY,930-555-6890
1358,Donald,Miller,1000001358,Cardiology,TX,311-555-1734
1359,Daniel,Wilson,1000001359,Dermatology,FL,650-555-5507
1360,Susan,Rodriguez,1000001360,Psychiatry,WA,544-555-2206
1361,Mary,Miller,1000001361,Oncology,TX,495-555-3706
1362,Susan,Miller,1000001362,Emergency Medicine,FL,937-555-2879
1363,Nancy,Gonzalez,1000001363,Urology,TX,849-555-9547
1364,Nancy,Gonzalez,1000001364,Pediatrics,TX,881-555-9991
1365,Karen,Anderson,1000001365,Orthopedics,CA,527-555-8460
1366,Christopher,Thomas,1000001366,Oncology,WA,734-555-9754
1367,William,Jackson,1000001367,Psychiatry,CA,883-555-1064
1368,Thomas,Williams,1000001368,Pediatrics,PA,691-555-1109
1369,Michael,Smith,1000001369,Dermatology,TX,860-555-9601
1370,John,Brown,1000001370,Orthopedics,IL,958-555-1110
1371,Jennifer,Martin,1000001371,Gastroenterology,TX,867-555-6807
1372,Charles,Lee,1000001372,Dermatology,CA,693-555-7498
1373,Sarah,Lopez,1000001373,Pulmonology,FL,669-555-1202
1374,Nancy,Martin,1000001374,Urology,TX,489-555-3191
1375,Lisa,Thomas,1000001375,Psychiatry,CA,334-555-8068
1376,Matthew,Thomas,1000001376,Orthopedics,FL,201-555-8008
1377,Susan,Lopez,1000001377,Endocrinology,AZ,477-555-2998
1378,Joseph,Gonzalez,1000001378,Internal Medicine,WA,232-555-7599
1379,Jessica,Thomas,1000001379,Urology,TX,998-555-7321
1380,Betty,Wilson,1000001380,Endocrinology,CO,495-555-8032
1381,Sandra,Williams,1000001381,Internal Medicine,WA,541-555-6591
1382,John,Rodriguez,1000001382,Gastroenterology,MA,525-555-6636
1383,James,Lopez,1000001383,Oncology,FL,220-555-5516
1384,Margaret,Thompson,1000001384,Orthopedics,WA,251-555-5594
1385,Barbara,Thomas,1000001385,Cardiology,TX,351-555-7750
1386,Betty,Johnson,1000001386,Pulmonology,AZ,730-555-6072
1387,Michael,Lee,1000001387,Gastroenterology,NY,366-555-8377
1388,Barbara,Perez,1000001388,Cardiology,TX,504-555-8437
1389,Lisa,Martinez,1000001389,Endocrinology,TX,707-555-1871
1390,Michael,Gonzalez,1000001390,Dermatology,TX,916-555-8842
1391,David,Garcia,1000001391,Urology,PA,584-555-2612
1392,Elizabeth,Moore,1000001392,Urology,CO,371-555-4242
1393,Matthew,Smith,1000001393,Cardiology,IL,335-555-2920
1394,Robert,Davis,1000001394,Urology,TX,729-555-8809
1395,Donald,Jones,1000001395,Dermatology,IL,804-555-3718
1396,Mark,Jones,1000001396,Gastroenterology,CA,412-555-6232
1397,Ashley,Thomas,1000001397,Internal Medicine,CO,314-555-7452
1398,Sarah,Jackson,1000001398,Dermatology,AZ,208-555-6726
1399,Mark,Davis,1000001399,Orthopedics,TX,503-555-7143
1400,Joseph,Gonzalez,1000001400,Pulmonology,PA,691-555-4756
1401,David,Jackson,1000001401,Gastroenterology,CA,454-555-2633
1402,Lisa,Jackson,1000001402,Oncology,IL,691-555-7413
1403,Karen,Hernandez,1000001403,Endocrinology,CA,200-555-8980
1404,Betty,Martin,1000001404,Dermatology,MA,578-555-5858
1405,Mark,Jones,1000001405,General Practice,TX,676-555-4814
1406,Mark,Garcia,1000001406,Dermatology,FL,898-555-2182
1407,Sandra,Thompson,1000001407,Gastroenterology,CA,487-555-6500
1408,Mary,Martin,1000001408,Cardiology,TX,578-555-9263
1409,Mary,Brown,1000001409,Oncology,CA,589-555-3438
1410,John,Rodriguez,1000001410,Emergency Medicine,CO,837-555-1458
1411,Betty,Moore,1000001411,Urology,CA,724-555-1653
1412,Daniel,Garcia,1000001412,Cardiology,AZ,653-555-4382
1413,James,Moore,1000001413,Pulmonology,CA,893-555-2041
1414,Patricia,Moore,1000001414,Urology,PA,867-555-6820
1415,Nancy,Martinez,1000001415,Oncology,TX,856-555-4606
1416,William,Gonzalez,1000001416,Cardiology,TX,899-555-1129
1417,Linda,Martinez,1000001417,General Practice,TX,610-555-3844
1418,David,Davis,1000001418,Orthopedics,IL,807-555-1838
1419,Margaret,Jones,1000001419,Gastroenterology,CA,206-555-5939
1420,Barbara,Perez,1000001420,Pulmonology,MA,543-555-6957
1421,Mark,Wilson,1000001421,Gastroenterology,TX,811-555-2341
1422,Linda,Wilson,1000001422,Orthopedics,AZ,993-555-3448
1423,Mary,Lopez,1000001423,Cardiology,AZ,411-555-3285
1424,Ashley,Williams,1000001424,Internal Medicine,TX,626-555-9187
1425,Donald,Lopez,1000001425,Endocrinology,TX,384-555-9556
1426,Barbara,Smith,1000001426,Orthopedics,TX,822-555-1610
1427,Elizabeth,Miller,1000001427,Cardiology,PA,978-555-6767
1428,Mary,Martinez,1000001428,Oncology,TX,270-555-7021
1429,Daniel,Smith,1000001429,Oncology,MA,575-555-9903
1430,William,Moore,1000001430,Cardiology,TX,637-555-6721
1431,Susan,Williams,1000001431,Psychiatry,FL,649-555-8417
1432,James,Johnson,1000001432,Internal Medicine,CO,737-555-2051
1433,Jessica,Thomas,1000001433,Gastroenterology,PA,813-555-5130
1434,Jennifer,Taylor,1000001434,Cardiology,WA,615-555-3791
1435,Lisa,Moore,1000001435,Orthopedics,IL,437-555-3088
1436,Thomas,Davis,1000001436,Dermatology,AZ,280-555-4074
1437,Joseph,Johnson,1000001437,Cardiology,CA,974-555-8075
1438,Patricia,Brown,1000001438,Psychiatry,FL,799-555-9138
1439,Thomas,Gonzalez,1000001439,Orthopedics,TX,964-555-3159
1440,William,Miller,1000001440,General Practice,CO,773-555-8575
1441,Lisa,Jones,1000001441,Pediatrics,FL,375-555-4916
1442,William,Perez,1000001442,Endocrinology,WA,889-555-1069
1443,Susan,Rodriguez,1000001443,General Practice,FL,465-555-9294
1444,Patricia,Martin,1000001444,Internal Medicine,CA,443-555-9835
1445,Susan,Brown,1000001445,General Practice,TX,635-555-4601
1446,William,Lopez,1000001446,Pulmonology,IL,736-555-5995
1447,Donald,Lopez,1000001447,General Practice,CO,322-555-5594
1448,Elizabeth,Lopez,1000001448,Internal Medicine,TX,584-555-4321
1449,Susan,Jackson,1000001449,Emergency Medicine,TX,484-555-6123
1450,Charles,Jones,1000001450,Urology,PA,319-555-7920
1451,Michael,Gonzalez,1000001451,Neurology,PA,485-555-9028
1452,Robert,Perez,1000001452,Internal Medicine,MA,786-555-4518
1453,Sarah,Martinez,1000001453,Pediatrics,NY,537-555-4538
1454,Thomas,Williams,1000001454,Psychiatry,TX,627-555-6326
1455,Richard,Wilson,1000001455,Pediatrics,WA,978-555-4521
1456,Charles,Rodriguez,1000001456,Pediatrics,CA,773-555-2288
1457,Charles,Anderson,1000001457,Emergency Medicine,MA,209-555-7134
1458,Christopher,Lopez,1000001458,Orthopedics,PA,637-555-3339
1459,Sarah,Martinez,1000001459,Emergency Medicine,AZ,504-555-3432
1460,Matthew,Jackson,1000001460,Urology,AZ,619-555-6372
1461,Donald,Taylor,1000001461,Neurology,FL,478-555-6988
1462,Jennifer,Wilson,1000001462,Gastroenterology,WA,454-555-8911
1463,Daniel,Smith,1000001463,Dermatology,TX,760-555-6040
1464,Nancy,Rodriguez,1000001464,Cardiology,TX,989-555-9198
1465,Joseph,Hernandez,1000001465,Pediatrics,IL,778-555-7340
1466,Richard,Johnson,1000001466,Dermatology,WA,684-555-7349
1467,Sarah,Johnson,1000001467,Cardiology,CA,825-555-1429
1468,Sandra,Miller,1000001468,Pediatrics,TX,561-555-7201
1469,Matthew,Taylor,1000001469,Orthopedics,CA,374-555-4646
1470,Christopher,Jackson,1000001470,General Practice,PA,795-555-2842
1471,Nancy,Gonzalez,1000001471,Orthopedics,CA,619-555-6770
1472,Linda,Davis,1000001472,Pulmonology,IL,697-555-1971
1473,Christopher,Miller,1000001473,Gastroenterology,IL,762-555-8809
1474,Matthew,Thompson,1000001474,Cardiology,PA,907-555-6021
1475,Richard,Taylor,1000001475,Urology,TX,547-555-5884
1476,Jennifer,Wilson,1000001476,Gastroenterology,FL,501-555-9462
1477,Donald,Miller,1000001477,Neurology,TX,244-555-6988
1478,Matthew,Gonzalez,1000001478,Cardiology,CO,680-555-2819
1479,Mark,Brown,1000001479,Psychiatry,TX,694-555-9198
1480,Jennifer,Jackson,1000001480,Neurology,TX,699-555-8421
1481,Anthony,Martin,1000001481,Pediatrics,FL,742-555-1768
1482,James,Johnson,1000001482,General Practice,IL,445-555-9003
1483,Mark,Garcia,1000001483,General Practice,TX,599-555-7795
1484,Matthew,Anderson,1000001484,Urology,CA,945-555-6882
1485,William,Anderson,1000001485,Gastroenterology,MA,782-555-2463
1486,David,Taylor,1000001486,Dermatology,FL,507-555-8589
1487,Ashley,Moore,1000001487,Urology,CA,906-555-7939
1488,Richard,Thompson,1000001488,Neurology,FL,305-555-2428
1489,Elizabeth,Miller,1000001489,Neurology,CO,843-555-2278
1490,Sarah,Moore,1000001490,Gastroenterology,CA,751-555-6207
1491,Charles,Lee,1000001491,Neurology,CO,867-555-8377
1492,Susan,Davis,1000001492,Pediatrics,MA,691-555-4191
1493,Susan,Williams,1000001493,Pediatrics,MA,276-555-7545
1494,Sandra,Miller,1000001494,Cardiology,PA,302-555-5490
1495,Susan,Wilson,1000001495,Pulmonology,TX,854-555-8363
1496,Thomas,Williams,1000001496,Dermatology,FL,482-555-5269
1497,Thomas,Smith,1000001497,Neurology,CA,568-555-6035
1498,Susan,Thompson,1000001498,Emergency Medicine,WA,582-555-9910
1499,Joseph,Hernandez,1000001499,Urology,AZ,791-555-9582
1500,Karen,Williams,1000001500,Pediatrics,CA,905-555-9272
1501,Patricia,Thompson,1000001501,Dermatology,TX,527-555-5783
1502,William,Gonzalez,1000001502,Orthopedics,TX,418-555-5132
1503,Joseph,Davis,1000001503,Pulmonology,NY,542-555-9571
1504,James,Davis,1000001504,Pulmonology,TX,453-555-1986
1505,Jessica,Wilson,1000001505,Endocrinology,CA,729-555-5911
1506,Thomas,Smith,1000001506,General Practice,PA,886-555-5328
1507,Jessica,Jackson,1000001507,Oncology,TX,746-555-3191
1508,Daniel,Moore,1000001508,Oncology,CA,250-555-5956
1509,Thomas,Rodriguez,1000001509,Emergency Medicine,TX,437-555-8343
1510,Betty,Gonzalez,1000001510,General Practice,CA,829-555-6179
1511,David,Smith,1000001511,Gastroenterology,PA,201-555-5033
1512,Linda,Johnson,1000001512,Gastroenterology,FL,300-555-9117
1513,Karen,Rodriguez,1000001513,Urology,PA,708-555-9217
1514,Patricia,Garcia,1000001514,Pulmonology,TX,713-555-5918
1515,Robert,Johnson,1000001515,Cardiology,TX,436-555-2209
1516,Elizabeth,Davis,1000001516,Pulmonology,MA,802-555-1139
1517,Nancy,Davis,1000001517,Oncology,AZ,494-555-9918
1518,David,Taylor,1000001518,Orthopedics,WA,806-555-5128
1519,Betty,Miller,1000001519,Neurology,IL,839-555-2233
1520,Jennifer,Martinez,1000001520,Pulmonology,CO,895-555-1562
1521,James,Jones,1000001521,General Practice,FL,946-555-5382
1522,Margaret,Jackson,1000001522,Neurology,TX,798-555-8903
1523,Karen,Thomas,1000001523,Psychiatry,TX,329-555-1625
1524,Matthew,Lopez,1000001524,Gastroenterology,FL,450-555-7132
1525,John,Thompson,1000001525,Gastroenterology,TX,435-555-6663
1526,David,Jackson,1000001526,General Practice,CA,393-555-2218
1527,David,Williams,1000001527,Pulmonology,NY,660-555-4688
1528,Jennifer,Lee,1000001528,Internal Medicine,CA,317-555-1595
1529,Michael,Thomas,1000001529,Endocrinology,CA,934-555-3412
1530,Charles,Smith,1000001530,General Practice,CA,273-555-7012
1531,Elizabeth,Lopez,1000001531,Urology,TX,353-555-8505
1532,John,Lopez,1000001532,General Practice,CA,865-555-4562
1533,Richard,Smith,1000001533,Dermatology,NY,732-555-6842
1534,Ashley,Martinez,1000001534,General Practice,TX,412-555-5738
1535,Matthew,Garcia,1000001535,Dermatology,TX,757-555-9543
1536,Lisa,Taylor,1000001536,Cardiology,FL,861-555-3183
1537,Barbara,Perez,1000001537,Pulmonology,TX,620-555-1473
1538,Charles,Taylor,1000001538,Endocrinology,TX,294-555-8249
1539,Michael,Taylor,1000001539,Pulmonology,IL,230-555-6763
1540,Sandra,Lee,1000001540,Internal Medicine,TX,581-555-7211
1541,John,Lee,1000001541,Endocrinology,TX,735-555-2559
1542,Charles,Wilson,1000001542,Cardiology,FL,376-555-8360
1543,Joseph,Martinez,1000001543,Pulmonology,PA,482-555-7165
1544,Charles,Anderson,1000001544,Urology,PA,743-555-4922
1545,John,Hernandez,1000001545,Endocrinology,CA,483-555-2802
1546,William,Gonzalez,1000001546,Cardiology,PA,618-555-7832
1547,Elizabeth,Jones,1000001547,Urology,TX,270-555-2396
1548,Barbara,Garcia,1000001548,Psychiatry,CA,997-555-6171
1549,Daniel,Lopez,1000001549,Pediatrics,CA,584-555-4489
1550,Robert,Thomas,1000001550,Orthopedics,CA,998-555-1025
1551,Charles,Lee,1000001551,Neurology,TX,994-555-1739
1552,Sarah,Lee,1000001552,Oncology,TX,552-555-6368
1553,Margaret,Rodriguez,1000001553,Cardiology,PA,632-555-1901
1554,David,Gonzalez,1000001554,Oncology,CO,624-555-9836
1555,Christopher,Williams,1000001555,Orthopedics,TX,767-555-1730
1556,Linda,Brown,1000001556,General Practice,TX,969-555-4165
1557,Sarah,Williams,1000001557,Emergency Medicine,MA,477-555-5853
1558,Richard,Thompson,1000001558,Pediatrics,CA,403-555-4996
1559,Daniel,Jackson,1000001559,Cardiology,TX,209-555-4534
1560,Betty,Wilson,1000001560,Pulmonology,PA,572-555-9292
1561,Elizabeth,Smith,1000001561,Cardiology,PA,683-555-7109
1562,Richard,Martinez,1000001562,Psychiatry,WA,623-555-7647
1563,Anthony,Brown,1000001563,Psychiatry,TX,611-555-1644
1564,Elizabeth,Thompson,1000001564,Cardiology,TX,232-555-3491
1565,Ashley,Perez,1000001565,Cardiology,TX,426-555-9622
1566,Sandra,Smith,1000001566,Urology,FL,848-555-8760
1567,Donald,Hernandez,1000001567,Orthopedics,CA,702-555-8715
1568,Patricia,Davis,1000001568,Orthopedics,TX,315-555-8581
1569,Thomas,Rodriguez,1000001569,Internal Medicine,IL,210-555-3948
1570,Margaret,Hernandez,1000001570,General Practice,CA,559-555-1004
1571,Nancy,Williams,1000001571,Psychiatry,WA,731-555-8033
1572,Anthony,Lee,1000001572,Internal Medicine,NY,450-555-8495
1573,David,Moore,1000001573,Emergency Medicine,FL,804-555-4497
1574,Margaret,Anderson,1000001574,Cardiology,IL,371-555-2219
1575,Michael,Jackson,1000001575,Neurology,TX,425-555-9629
1576,Karen,Anderson,1000001576,Pediatrics,CA,934-555-2226
1577,Jessica,Miller,1000001577,Oncology,IL,738-555-2708
1578,Betty,Thomas,1000001578,Cardiology,IL,936-555-4559
1579,Sandra,Davis,1000001579,Dermatology,TX,490-555-8471
1580,Jennifer,Jones,1000001580,Psychiatry,TX,555-555-5818
1581,Karen,Thompson,1000001581,Neurology,CA,240-555-5247
1582,Charles,Perez,1000001582,Orthopedics,TX,721-555-3100
1583,Elizabeth,Jones,1000001583,Dermatology,NY,491-555-7833
1584,Susan,Jones,1000001584,Neurology,WA,729-555-8557
1585,Jessica,Rodriguez,1000001585,Dermatology,CA,290-555-4852
1586,Mary,Wilson,1000001586,Gastroenterology,TX,626-555-1657
1587,Barbara,Miller,1000001587,Urology,CA,363-555-1965
1588,Sandra,Thomas,1000001588,Gastroenterology,WA,591-555-7911
1589,Richard,Thompson,1000001589,Pediatrics,TX,501-555-4322
1590,William,Thomas,1000001590,Psychiatry,CA,934-555-8032
1591,Christopher,Lee,1000001591,Orthopedics,TX,965-555-4317
1592,Joseph,Rodriguez,1000001592,Pulmonology,IL,875-555-2296
1593,Elizabeth,Garcia,1000001593,Pulmonology,TX,865-555-9843
1594,Margaret,Wilson,1000001594,Emergency Medicine,TX,269-555-3420
1595,Mark,Wilson,1000001595,General Practice,PA,453-555-2922
1596,Barbara,Garcia,1000001596,Dermatology,WA,933-555-1308
1597,Joseph,Johnson,1000001597,Urology,CA,341-555-6048
1598,John,Taylor,1000001598,Psychiatry,TX,894-555-4907
1599,Ashley,Thompson,1000001599,Orthopedics,IL,489-555-9312
1600,Richard,Moore,1000001600,Pulmonology,FL,280-555-8961
1601,Jessica,Davis,1000001601,Endocrinology,TX,322-555-8827
1602,William,Martinez,1000001602,Neurology,TX,270-555-8571
1603,Matthew,Taylor,1000001603,Orthopedics,NY,862-555-9828
1604,Mary,Davis,1000001604,Dermatology,MA,217-555-9239
1605,Sandra,Anderson,1000001605,Internal Medicine,TX,517-555-7088
1606,Elizabeth,Garcia,1000001606,Urology,CA,819-555-1376
1607,Daniel,Moore,1000001607,General Practice,CA,465-555-6599
1608,Michael,Rodriguez,1000001608,Endocrinology,TX,891-555-1540
1609,Susan,Lopez,1000001609,Gastroenterology,CO,255-555-2477
1610,David,Davis,1000001610,Gastroenterology,IL,425-555-2869
1611,Charles,Anderson,1000001611,Pediatrics,CA,918-555-2719
1612,Ashley,Lopez,1000001612,Dermatology,CO,507-555-4161
1613,Christopher,Anderson,1000001613,Cardiology,TX,654-555-6430
1614,Matthew,Moore,1000001614,Pediatrics,TX,362-555-1226
1615,David,Lopez,1000001615,Urology,TX,349-555-4889
1616,Jessica,Wilson,1000001616,Urology,AZ,277-555-8085
1617,Charles,Martinez,1000001617,Internal Medicine,TX,909-555-9753
1618,Mark,Taylor,1000001618,Internal Medicine,TX,862-555-7059
1619,Daniel,Hernandez,1000001619,Cardiology,NY,893-555-6323
1620,David,Jones,1000001620,Cardiology,NY,342-555-1468
1621,Joseph,Miller,1000001621,Dermatology,TX,582-555-9523
1622,Matthew,Hernandez,1000001622,Dermatology,IL,517-555-4411
1623,Thomas,Taylor,1000001623,Neurology,CA,892-555-5518
1624,Jessica,Perez,1000001624,General Practice,TX,895-555-5727
1625,Karen,Johnson,1000001625,Internal Medicine,IL,292-555-5171
1626,Lisa,Miller,1000001626,Emergency Medicine,CO,254-555-1321
1627,James,Hernandez,1000001627,Emergency Medicine,CA,791-555-9417
1628,Sandra,Perez,1000001628,Cardiology,IL,482-555-9811
1629,Sandra,Jackson,1000001629,Internal Medicine,NY,247-555-4820
1630,Sarah,Thomas,1000001630,Oncology,TX,902-555-3279
1631,Linda,Thompson,1000001631,Dermatology,FL,651-555-7180
1632,Thomas,Williams,1000001632,Pediatrics,CO,223-555-9418
1633,Patricia,Williams,1000001633,Endocrinology,CA,511-555-6118
1634,Mary,Thompson,1000001634,Pulmonology,WA,859-555-1491
1635,Daniel,Williams,1000001635,General Practice,CA,278-555-4065
1636,Matthew,Martin,1000001636,General Practice,CO,534-555-2809
1637,Mary,Thompson,1000001637,Internal Medicine,PA,349-555-9393
1638,Ashley,Miller,1000001638,Psychiatry,CA,994-555-3128
1639,Karen,Gonzalez,1000001639,Oncology,WA,355-555-6769
1640,Karen,Garcia,1000001640,Pediatrics,MA,416-555-9948
1641,Sarah,Rodriguez,1000001641,Orthopedics,CA,985-555-7700
1642,Anthony,Lee,1000001642,Dermatology,TX,967-555-7615
1643,Mark,Martinez,1000001643,Internal Medicine,TX,430-555-5694
1644,Christopher,Gonzalez,1000001644,Neurology,TX,600-555-4777
1645,Linda,Miller,1000001645,Dermatology,TX,918-555-1436
1646,Joseph,Smith,1000001646,Internal Medicine,MA,384-555-5799
1647,Barbara,Martin,1000001647,Pulmonology,TX,343-555-9533
1648,Michael,Wilson,1000001648,Internal Medicine,CO,606-555-5349
1649,Karen,Davis,1000001649,Psychiatry,CA,442-555-3633
1650,Robert,Taylor,1000001650,General Practice,FL,308-555-3084
1651,Robert,Gonzalez,1000001651,Dermatology,TX,984-555-8801
1652,Lisa,Jones,1000001652,Pediatrics,AZ,868-555-4687
1653,Patricia,Anderson,1000001653,Neurology,WA,566-555-4654
1654,Lisa,Jackson,1000001654,Psychiatry,TX,579-555-1885
1655,Jessica,Gonzalez,1000001655,Dermatology,TX,203-555-5654
1656,Patricia,Brown,1000001656,Pediatrics,PA,571-555-9573
1657,John,Davis,1000001657,Pediatrics,IL,699-555-3715
1658,Thomas,Wilson,1000001658,Pulmonology,TX,641-555-5781
1659,William,Lee,1000001659,Psychiatry,CO,922-555-1744
1660,Jessica,Smith,1000001660,Gastroenterology,TX,923-555-9434
1661,Lisa,Lopez,1000001661,Emergency Medicine,NY,752-555-9564
1662,Joseph,Garcia,1000001662,General Practice,CO,424-555-3739
1663,William,Anderson,1000001663,Dermatology,MA,468-555-1817
1664,Daniel,Martinez,1000001664,Cardiology,TX,622-555-2260
1665,Mark,Hernandez,1000001665,Internal Medicine,FL,554-555-7747
1666,Nancy,Davis,1000001666,Urology,WA,492-555-7871
1667,Robert,Smith,1000001667,Emergency Medicine,FL,810-555-2687
1668,Susan,Moore,1000001668,Emergency Medicine,TX,425-555-9729
1669,James,Wilson,1000001669,Orthopedics,TX,474-555-9258
1670,David,Moore,1000001670,Endocrinology,CA,216-555-5224
1671,Barbara,Martin,1000001671,Pediatrics,CA,638-555-8649
1672,John,Thomas,1000001672,Neurology,AZ,800-555-6392
1673,Robert,Thompson,1000001673,Gastroenterology,CA,721-555-9454
1674,William,Gonzalez,1000001674,General Practice,CA,209-555-7666
1675,Ashley,Martinez,1000001675,Neurology,FL,335-555-4433
1676,William,Anderson,1000001676,Dermatology,FL,581-555-6551
1677,Thomas,Martinez,1000001677,Psychiatry,IL,738-555-2259
1678,Nancy,Thompson,1000001678,Oncology,WA,562-555-7272
1679,Sarah,Anderson,1000001679,Psychiatry,TX,238-555-9957
1680,Matthew,Taylor,1000001680,Emergency Medicine,IL,607-555-1605
1681,Sandra,Garcia,1000001681,Gastroenterology,CO,879-555-6984
1682,Thomas,Garcia,1000001682,Dermatology,WA,988-555-8680
1683,Anthony,Jones,1000001683,Endocrinology,WA,740-555-1643
1684,Margaret,Davis,1000001684,Endocrinology,MA,358-555-9647
1685,John,Thompson,1000001685,Gastroenterology,TX,357-555-4103
1686,Ashley,Rodriguez,1000001686,Neurology,FL,489-555-5526
1687,Anthony,Lopez,1000001687,Pulmonology,PA,850-555-4684
1688,Sandra,Hernandez,1000001688,Cardiology,PA,324-555-7088
1689,John,Taylor,1000001689,Urology,CO,423-555-6013
1690,Barbara,Moore,1000001690,Oncology,TX,315-555-7851
1691,Donald,Jones,1000001691,Cardiology,CA,498-555-4367
1692,Matthew,Williams,1000001692,Psychiatry,NY,782-555-2900
1693,Joseph,Thomas,1000001693,Psychiatry,NY,366-555-4645
1694,Lisa,Wilson,1000001694,Emergency Medicine,CA,933-555-5876
1695,Daniel,Lee,1000001695,Psychiatry,AZ,829-555-9599
1696,Anthony,Thompson,1000001696,Gastroenterology,CA,924-555-6449
1697,Elizabeth,Jackson,1000001697,Dermatology,AZ,833-555-8867
1698,David,Thomas,1000001698,Endocrinology,FL,740-555-2074
1699,Jennifer,Wilson,1000001699,Psychiatry,IL,420-555-3400
1700,Sarah,Thomas,1000001700,Emergency Medicine,CO,357-555-8504
1701,Sarah,Brown,1000001701,Internal Medicine,NY,516-555-4552
1702,Donald,Garcia,1000001702,Psychiatry,TX,947-555-7784
1703,Jennifer,Smith,1000001703,Pediatrics,TX,846-555-3784
1704,Barbara,Perez,1000001704,Dermatology,PA,929-555-2125
1705,Barbara,Miller,1000001705,General Practice,CA,504-555-7295
1706,Thomas,Brown,1000001706,Cardiology,CO,644-555-9517
1707,James,Martin,1000001707,Orthopedics,TX,326-555-9948
1708,Anthony,Thompson,1000001708,Endocrinology,TX,762-555-4413
1709,Betty,Davis,1000001709,Endocrinology,TX,785-555-6161
1710,Jennifer,Hernandez,1000001710,Emergency Medicine,PA,455-555-5175
1711,Nancy,Taylor,1000001711,Urology,AZ,789-555-6012
1712,Betty,Martin,1000001712,Neurology,IL,856-555-7939
1713,Mary,Martin,1000001713,Urology,TX,795-555-1541
1714,Barbara,Martinez,1000001714,Pediatrics,TX,919-555-9125
1715,Patricia,Anderson,1000001715,Pediatrics,PA,875-555-6772
1716,Donald,Smith,1000001716,Psychiatry,AZ,410-555-4971
1717,Susan,Williams,1000001717,Neurology,NY,227-555-7494
1718,Jennifer,Rodriguez,1000001718,Endocrinology,NY,605-555-9248
1719,Ashley,Smith,1000001719,Gastroenterology,WA,332-555-3478
1720,Lisa,Anderson,1000001720,Neurology,WA,765-555-4474
1721,Elizabeth,Johnson,1000001721,Cardiology,PA,830-555-4568
1722,John,Lee,1000001722,Endocrinology,CA,778-555-8094
1723,Margaret,Thomas,1000001723,Oncology,TX,790-555-1206
1724,Anthony,Jackson,1000001724,Urology,FL,201-555-9193
1725,Susan,Hernandez,1000001725,Urology,NY,791-555-9224
1726,David,Martinez,1000001726,Cardiology,CA,976-555-4152
1727,Margaret,Johnson,1000001727,Gastroenterology,MA,988-555-3826
1728,Richard,Jackson,1000001728,Cardiology,AZ,726-555-9649
1729,Sarah,Garcia,1000001729,Cardiology,TX,891-555-1022
1730,Sarah,Martinez,1000001730,Psychiatry,PA,555-555-6336
1731,Nancy,Smith,1000001731,Oncology,IL,977-555-8533
1732,Thomas,Thompson,1000001732,Dermatology,TX,600-555-6495
1733,Patricia,Brown,1000001733,Dermatology,CO,416-555-3437
1734,Jessica,Anderson,1000001734,Psychiatry,CA,964-555-2773
1735,Lisa,Williams,1000001735,Endocrinology,CA,671-555-6635
1736,Richard,Martin,1000001736,Neurology,CA,827-555-2722
1737,Donald,Smith,1000001737,Dermatology,AZ,650-555-2874
1738,Christopher,Taylor,1000001738,Orthopedics,TX,580-555-9517
1739,Daniel,Johnson,1000001739,Pulmonology,MA,811-555-8700
1740,Ashley,Perez,1000001740,Oncology,CA,821-555-7725
1741,Patricia,Jones,1000001741,Cardiology,AZ,632-555-7350
1742,Margaret,Wilson,1000001742,Cardiology,MA,772-555-8349
1743,Christopher,Lopez,1000001743,Gastroenterology,CA,243-555-7568
1744,Daniel,Jones,1000001744,General Practice,PA,612-555-3549
1745,Robert,Martin,1000001745,Endocrinology,CA,576-555-3840
1746,Thomas,Moore,1000001746,Oncology,FL,471-555-9515
1747,Jennifer,Gonzalez,1000001747,Urology,AZ,892-555-7171
1748,Donald,Jones,1000001748,Urology,NY,331-555-5784
1749,John,Jackson,1000001749,Pulmonology,CA,835-555-9175
1750,Jennifer,Thompson,1000001750,Pediatrics,TX,577-555-6945
1751,Christopher,Thomas,1000001751,Neurology,PA,230-555-1356
1752,Patricia,Rodriguez,1000001752,Emergency Medicine,TX,933-555-5247
1753,Sandra,Davis,1000001753,Dermatology,PA,648-555-1473
1754,Sandra,Brown,1000001754,Emergency Medicine,IL,278-555-9319
1755,Joseph,Lee,1000001755,Neurology,CA,978-555-2522
1756,Sarah,Jackson,1000001756,Dermatology,CA,524-555-2877
1757,Jennifer,Anderson,1000001757,Pediatrics,AZ,405-555-2143
1758,Betty,Davis,1000001758,Pulmonology,CA,612-555-9724
1759,Barbara,Johnson,1000001759,Pediatrics,TX,283-555-9118
1760,Daniel,Jones,1000001760,Psychiatry,IL,204-555-5676
1761,Sandra,Perez,1000001761,Internal Medicine,TX,824-555-3147
1762,Susan,Davis,1000001762,General Practice,IL,231-555-9647
1763,Matthew,Martin,1000001763,Psychiatry,PA,989-555-1812
1764,Daniel,Martin,1000001764,Pulmonology,CA,435-555-4941
1765,Christopher,Davis,1000001765,Gastroenterology,MA,607-555-9534
1766,John,Moore,1000001766,General Practice,TX,663-555-4582
1767,Mary,Lee,1000001767,Gastroenterology,MA,367-555-8111
1768,Linda,Lee,1000001768,Oncology,NY,903-555-2652
1769,Elizabeth,Jackson,1000001769,Pulmonology,NY,861-555-7956
1770,Sandra,Jackson,1000001770,Emergency Medicine,CA,973-555-2538
1771,Jessica,Wilson,1000001771,Pulmonology,CO,907-555-2501
1772,Sandra,Perez,1000001772,Internal Medicine,NY,766-555-2475
1773,Matthew,Wilson,1000001773,Dermatology,MA,351-555-6125
1774,Lisa,Williams,1000001774,Pediatrics,TX,867-555-2380
1775,Mark,Moore,1000001775,Pulmonology,AZ,626-555-7713
1776,Margaret,Lopez,1000001776,Dermatology,CA,391-555-4777
1777,Betty,Jackson,1000001777,Orthopedics,IL,787-555-2142
1778,Jessica,Smith,1000001778,Endocrinology,MA,807-555-8202
1779,Anthony,Jackson,1000001779,Urology,TX,749-555-1141
1780,Jennifer,Gonzalez,1000001780,Pulmonology,TX,769-555-6808
1781,Patricia,Taylor,1000001781,Pulmonology,NY,569-555-2018
1782,Donald,Jones,1000001782,Cardiology,MA,819-555-6658
1783,Sandra,Lee,1000001783,Pulmonology,TX,554-555-1646
1784,Linda,Davis,1000001784,Urology,FL,233-555-1568
1785,Jessica,Williams,1000001785,Oncology,CA,578-555-7461
1786,Betty,Jones,1000001786,Neurology,TX,281-555-2369
1787,Sandra,Lee,1000001787,Dermatology,AZ,597-555-5430
1788,Joseph,Garcia,1000001788,Internal Medicine,TX,509-555-4745
1789,Donald,Rodriguez,1000001789,Cardiology,NY,866-555-5049
1790,Betty,Martin,1000001790,Dermatology,AZ,910-555-8870
1791,Betty,Garcia,1000001791,Pediatrics,TX,432-555-2783
1792,Patricia,Johnson,1000001792,Oncology,FL,574-555-1827
1793,Patricia,Rodriguez,1000001793,Gastroenterology,CO,818-555-9915
1794,Jessica,Garcia,1000001794,Neurology,TX,826-555-4743
1795,Linda,Thomas,1000001795,Orthopedics,AZ,573-555-5936
1796,Donald,Moore,1000001796,Orthopedics,TX,956-555-5494
1797,Donald,Davis,1000001797,Urology,TX,396-555-2341
1798,Nancy,Jones,1000001798,Cardiology,MA,957-555-1674
1799,James,Gonzalez,1000001799,Neurology,AZ,257-555-5324
1800,Christopher,Garcia,1000001800,Dermatology,CA,242-555-8257
1801,James,Hernandez,1000001801,Pulmonology,FL,722-555-2207
1802,Patricia,Perez,1000001802,Cardiology,TX,986-555-6258
1803,Christopher,Miller,1000001803,Orthopedics,CO,374-555-6235
1804,Betty,Davis,1000001804,Pulmonology,TX,930-555-2481
1805,Susan,Johnson,1000001805,General Practice,PA,529-555-7346
1806,Jessica,Hernandez,1000001806,General Practice,TX,295-555-7295
1807,Matthew,Martinez,1000001807,Emergency Medicine,IL,566-555-9802
1808,Patricia,Anderson,1000001808,Pulmonology,PA,759-555-1194
1809,Mark,Gonzalez,1000001809,Neurology,PA,624-555-4812
1810,Elizabeth,Brown,1000001810,Urology,FL,835-555-3697
1811,Nancy,Perez,1000001811,Endocrinology,TX,607-555-2623
1812,Betty,Jackson,1000001812,Pediatrics,CA,539-555-1198
1813,Robert,Brown,1000001813,Cardiology,TX,533-555-4265
1814,Sandra,Lee,1000001814,Orthopedics,TX,959-555-5558
1815,Matthew,Johnson,1000001815,Emergency Medicine,CA,619-555-1625
1816,Robert,Martin,1000001816,Oncology,TX,949-555-3664
1817,Daniel,Perez,1000001817,Endocrinology,IL,649-555-9751
1818,Susan,Smith,1000001818,General Practice,TX,204-555-7723
1819,Richard,Moore,1000001819,Endocrinology,CA,578-555-7568
1820,Mary,Jackson,1000001820,Neurology,CA,587-555-3374
1821,Linda,Gonzalez,1000001821,Neurology,FL,438-555-8950
1822,Karen,Lopez,1000001822,Pediatrics,CA,226-555-5916
1823,Jessica,Garcia,1000001823,Dermatology,NY,842-555-2181
1824,Robert,Brown,1000001824,Urology,NY,938-555-9477
1825,John,Perez,1000001825,Internal Medicine,MA,639-555-5371
1826,Susan,Martin,1000001826,General Practice,TX,833-555-5785
1827,James,Hernandez,1000001827,General Practice,CA,318-555-3643
1828,Charles,Thompson,1000001828,Orthopedics,TX,436-555-3714
1829,Jessica,Martin,1000001829,Gastroenterology,AZ,549-555-2485
1830,Betty,Moore,1000001830,Urology,TX,242-555-3643
1831,Barbara,Rodriguez,1000001831,Oncology,PA,642-555-3452
1832,Linda,Perez,1000001832,Gastroenterology,MA,982-555-5214
1833,Susan,Davis,1000001833,Internal Medicine,CO,321-555-6534
1834,Margaret,Thomas,1000001834,Endocrinology,FL,321-555-3064
1835,Nancy,Williams,1000001835,Pulmonology,IL,905-555-4954
1836,Elizabeth,Smith,1000001836,Gastroenterology,NY,253-555-3863
1837,Mark,Gonzalez,1000001837,Oncology,WA,599-555-9686
1838,Betty,Lopez,1000001838,Pulmonology,FL,318-555-8459
1839,Patricia,Moore,1000001839,Pediatrics,TX,200-555-7660
1840,Betty,Wilson,1000001840,Neurology,TX,609-555-7483
1841,James,Johnson,1000001841,Neurology,TX,202-555-9166
1842,Christopher,Garcia,1000001842,Cardiology,WA,996-555-4106
1843,William,Garcia,1000001843,Neurology,IL,624-555-2890
1844,Mark,Lee,1000001844,Pulmonology,PA,716-555-5296
1845,Richard,Lee,1000001845,Urology,FL,911-555-2141
1846,Karen,Jones,1000001846,Gastroenterology,TX,995-555-3162
1847,Michael,Davis,1000001847,Gastroenterology,WA,863-555-5206
1848,Matthew,Martin,1000001848,Cardiology,MA,678-555-7798
1849,Matthew,Miller,1000001849,Pulmonology,CO,730-555-3111
1850,Jessica,Rodriguez,1000001850,Internal Medicine,PA,434-555-4175
1851,Sarah,Martinez,1000001851,Endocrinology,PA,601-555-1099
1852,Christopher,Taylor,1000001852,Cardiology,CA,517-555-1621
1853,Donald,Williams,1000001853,Psychiatry,AZ,254-555-7413
1854,Linda,Martinez,1000001854,Dermatology,NY,596-555-3668
1855,Elizabeth,Davis,1000001855,Gastroenterology,FL,497-555-3778
1856,Donald,Gonzalez,1000001856,Emergency Medicine,CA,498-555-2443
1857,Susan,Moore,1000001857,Oncology,PA,438-555-7654
1858,Sandra,Thomas,1000001858,Urology,WA,564-555-1306
1859,Nancy,Lopez,1000001859,Endocrinology,TX,309-555-1225
1860,James,Lee,1000001860,Gastroenterology,WA,419-555-7293
1861,Donald,Jones,1000001861,Pulmonology,PA,307-555-7613
1862,Robert,Miller,1000001862,Oncology,TX,630-555-1738
1863,Betty,Hernandez,1000001863,Pediatrics,CO,754-555-7656
1864,John,Thomas,1000001864,Dermatology,AZ,569-555-9381
1865,Robert,Thompson,1000001865,Emergency Medicine,TX,734-555-5090
1866,Barbara,Jones,1000001866,Oncology,TX,965-555-4212
1867,Elizabeth,Lopez,1000001867,Orthopedics,CA,589-555-2086
1868,Susan,Taylor,1000001868,Gastroenterology,MA,606-555-8757
1869,Ashley,Perez,1000001869,Pulmonology,MA,684-555-3583
1870,James,Rodriguez,1000001870,Dermatology,CA,218-555-6052
1871,Elizabeth,Brown,1000001871,Oncology,FL,324-555-4922
1872,Mary,Williams,1000001872,Neurology,IL,633-555-5845
1873,Lisa,Johnson,1000001873,Orthopedics,CO,427-555-5073
1874,Anthony,Wilson,1000001874,Cardiology,TX,820-555-1439
1875,Charles,Jones,1000001875,Pediatrics,PA,591-555-2636
1876,Mark,Rodriguez,1000001876,Internal Medicine,CA,264-555-8095
1877,David,Lopez,1000001877,Cardiology,CO,633-555-8348
1878,Linda,Lee,1000001878,Pulmonology,NY,621-555-4322
1879,Lisa,Thomas,1000001879,Emergency Medicine,CA,408-555-8616
1880,Robert,Johnson,1000001880,Dermatology,CA,317-555-1329
1881,Sarah,Moore,1000001881,Internal Medicine,CA,704-555-9895
1882,Michael,Jackson,1000001882,Pulmonology,CA,868-555-8533
1883,Margaret,Martin,1000001883,Orthopedics,CA,744-555-3237
1884,Susan,Johnson,1000001884,Emergency Medicine,IL,297-555-8026
1885,Ashley,Thompson,1000001885,Pulmonology,CA,769-555-1007
1886,Donald,Taylor,1000001886,Endocrinology,IL,814-555-2309
1887,Donald,Jackson,1000001887,Cardiology,TX,777-555-8005
1888,Ashley,Gonzalez,1000001888,Emergency Medicine,TX,888-555-6343
1889,Susan,Thomas,1000001889,Pulmonology,TX,559-555-6317
1890,Patricia,Miller,1000001890,General Practice,CA,977-555-3183
1891,Barbara,Thomas,1000001891,Pulmonology,CA,926-555-2894
1892,Sarah,Smith,1000001892,Endocrinology,CA,354-555-1956
1893,Joseph,Jones,1000001893,Internal Medicine,NY,239-555-9300
1894,Sarah,Wilson,1000001894,Urology,CA,944-555-5072
1895,Robert,Johnson,1000001895,Psychiatry,WA,526-555-5123
1896,Mary,Brown,1000001896,General Practice,NY,611-555-1449
1897,John,Miller,1000001897,Psychiatry,PA,490-555-8255
1898,Michael,Garcia,1000001898,Emergency Medicine,PA,735-555-7111
1899,Robert,Williams,1000001899,Cardiology,CA,867-555-9584
1900,Lisa,Brown,1000001900,Dermatology,MA,369-555-4326
1901,David,Jones,1000001901,Psychiatry,CA,972-555-8316
1902,Anthony,Moore,1000001902,Endocrinology,PA,543-555-8283
1903,Donald,Gonzalez,1000001903,Oncology,TX,456-555-7991
1904,James,Brown,1000001904,Emergency Medicine,NY,576-555-2066
1905,Joseph,Wilson,1000001905,Gastroenterology,TX,304-555-7819
1906,Jennifer,Davis,1000001906,Urology,CA,540-555-1442
1907,James,Wilson,1000001907,Dermatology,CA,322-555-2391
1908,Margaret,Martinez,1000001908,General Practice,CA,415-555-5000
1909,William,Thompson,1000001909,Pulmonology,AZ,525-555-8980
1910,Susan,Rodriguez,1000001910,Pulmonology,TX,987-555-5195
1911,Nancy,Davis,1000001911,Pulmonology,CO,751-555-6103
1912,Robert,Lee,1000001912,Psychiatry,MA,208-555-7007
1913,Richard,Taylor,1000001913,Endocrinology,TX,903-555-7802
1914,Ashley,Perez,1000001914,Pediatrics,MA,683-555-2413
1915,Donald,Lopez,1000001915,Neurology,TX,450-555-4738
1916,Jessica,Davis,1000001916,Endocrinology,FL,802-555-6612
1917,Mark,Thomas,1000001917,Emergency Medicine,TX,866-555-7888
1918,Jessica,Brown,1000001918,Gastroenterology,PA,788-555-5770
1919,Mary,Jackson,1000001919,Neurology,TX,924-555-8778
1920,Susan,Hernandez,1000001920,Emergency Medicine,CA,496-555-4845
1921,Sandra,Rodriguez,1000001921,Pulmonology,CA,960-555-2552
1922,Patricia,Garcia,1000001922,Pulmonology,CA,733-555-7497
1923,Mary,Perez,1000001923,Pulmonology,CA,209-555-5352
1924,Richard,Perez,1000001924,Endocrinology,TX,922-555-3722
1925,Christopher,Lee,1000001925,Psychiatry,TX,672-555-4692
1926,Christopher,Brown,1000001926,Oncology,CA,744-555-1972
1927,Donald,Gonzalez,1000001927,Pulmonology,WA,360-555-4924
1928,Mary,Miller,1000001928,Internal Medicine,CA,886-555-8609
1929,Karen,Gonzalez,1000001929,Neurology,AZ,264-555-7094
1930,William,Jones,1000001930,General Practice,AZ,774-555-2449
1931,Richard,Hernandez,1000001931,Psychiatry,FL,256-555-2307
1932,Thomas,Jackson,1000001932,Internal Medicine,TX,973-555-1829
1933,Nancy,Hernandez,1000001933,Urology,TX,754-555-7976
1934,Christopher,Lee,1000001934,Psychiatry,MA,200-555-2784
1935,Linda,Martinez,1000001935,Endocrinology,TX,263-555-6205
1936,Matthew,Lee,1000001936,Gastroenterology,MA,293-555-7334
1937,Donald,Moore,1000001937,Urology,AZ,780-555-9470
1938,Sandra,Anderson,1000001938,Endocrinology,PA,509-555-9506
1939,Charles,Smith,1000001939,Emergency Medicine,TX,719-555-6983
1940,Richard,Moore,1000001940,Pediatrics,WA,565-555-7920
1941,Anthony,Thomas,1000001941,General Practice,CA,519-555-1710
1942,Donald,Anderson,1000001942,Pulmonology,TX,332-555-9941
1943,Linda,Hernandez,1000001943,Orthopedics,CA,592-555-6713
1944,Donald,Brown,1000001944,Endocrinology,CA,899-555-6556
1945,Lisa,Moore,1000001945,General Practice,WA,804-555-4130
1946,Betty,Thomas,1000001946,Psychiatry,CO,493-555-3537
1947,Matthew,Garcia,1000001947,Pulmonology,WA,807-555-3274
1948,Sandra,Jones,1000001948,Psychiatry,MA,413-555-2769
1949,Elizabeth,Jones,1000001949,Gastroenterology,CA,359-555-2486
1950,Daniel,Brown,1000001950,General Practice,AZ,346-555-8638
1951,William,Williams,1000001951,Cardiology,FL,689-555-4754
1952,Betty,Smith,1000001952,Neurology,CA,620-555-5210
1953,Mary,Lopez,1000001953,Dermatology,TX,844-555-4610
1954,Nancy,Perez,1000001954,General Practice,CA,202-555-6042
1955,David,Jackson,1000001955,Orthopedics,AZ,864-555-4749
1956,Karen,Thompson,1000001956,Urology,PA,447-555-5423
1957,Jennifer,Hernandez,1000001957,Pulmonology,TX,783-555-2036
1958,Michael,Lopez,1000001958,Internal Medicine,CO,434-555-4910
1959,David,Taylor,1000001959,Pulmonology,TX,583-555-7754
1960,Barbara,Martinez,1000001960,Dermatology,NY,602-555-2800
1961,Charles,Davis,1000001961,Neurology,IL,357-555-9426
1962,Margaret,Lee,1000001962,Orthopedics,MA,233-555-7079
1963,Barbara,Thomas,1000001963,Gastroenterology,PA,256-555-6524
1964,Susan,Miller,1000001964,Orthopedics,AZ,454-555-8631
1965,John,Davis,1000001965,Pediatrics,AZ,889-555-3749
1966,Sarah,Lopez,1000001966,Neurology,CA,486-555-5936
1967,John,Anderson,1000001967,Emergency Medicine,CO,613-555-6349
1968,John,Smith,1000001968,Psychiatry,CA,621-555-4059
1969,Sandra,Jackson,1000001969,Dermatology,NY,500-555-7103
1970,Jessica,Williams,1000001970,Orthopedics,TX,696-555-8615
1971,David,Martinez,1000001971,Endocrinology,FL,359-555-7804
1972,Robert,Williams,1000001972,Dermatology,PA,849-555-4460
1973,Ashley,Thompson,1000001973,Cardiology,WA,630-555-2198
1974,Sarah,Anderson,1000001974,Neurology,IL,828-555-8826
1975,Matthew,Gonzalez,1000001975,General Practice,CO,897-555-5718
1976,Mark,Gonzalez,1000001976,Cardiology,PA,665-555-7364
1977,Margaret,Hernandez,1000001977,Orthopedics,PA,965-555-2229
1978,William,Moore,1000001978,Gastroenterology,TX,993-555-8649
1979,Margaret,Taylor,1000001979,Endocrinology,CA,249-555-2243
1980,Karen,Rodriguez,1000001980,Psychiatry,TX,537-555-5799
1981,Margaret,Hernandez,1000001981,Pediatrics,TX,575-555-5226
1982,Susan,Thomas,1000001982,Gastroenterology,CA,972-555-6488
1983,Sarah,Garcia,1000001983,Gastroenterology,CO,889-555-1407
1984,Richard,Martin,1000001984,Neurology,MA,635-555-9307
1985,Donald,Perez,1000001985,Oncology,TX,258-555-1509
1986,Michael,Anderson,1000001986,Urology,CO,707-555-6206
1987,James,Thompson,1000001987,Internal Medicine,TX,420-555-1871
1988,Karen,Martinez,1000001988,Pulmonology,TX,313-555-2999
1989,Linda,Anderson,1000001989,Pediatrics,MA,520-555-4026
1990,Anthony,Perez,1000001990,Urology,TX,203-555-8753
1991,Donald,Thompson,1000001991,Oncology,TX,787-555-9872
1992,David,Thompson,1000001992,Dermatology,TX,974-555-1806
1993,Lisa,Williams,1000001993,Dermatology,TX,425-555-6732
1994,Michael,Davis,1000001994,Emergency Medicine,CA,525-555-7094
1995,James,Jones,1000001995,Cardiology,TX,626-555-7999
1996,Joseph,Anderson,1000001996,Gastroenterology,TX,541-555-7783
1997,James,Rodriguez,1000001997,Endocrinology,TX,807-555-2094
1998,William,Smith,1000001998,Dermatology,TX,889-555-5815
1999,Elizabeth,Lee,1000001999,Dermatology,CA,664-555-3879
2000,Barbara,Jones,1000002000,Psychiatry,PA,822-555-3387
2001,Jessica,Brown,1000002001,Pulmonology,NY,423-555-1351
2002,Richard,Davis,1000002002,Internal Medicine,TX,555-555-1896
2003,Margaret,Hernandez,1000002003,Dermatology,IL,864-555-8141
2004,Michael,Martin,1000002004,Psychiatry,PA,888-555-2612
2005,Anthony,Martin,1000002005,Psychiatry,CA,921-555-5796
2006,Donald,Taylor,1000002006,Dermatology,AZ,560-555-2797
2007,Robert,Smith,1000002007,Orthopedics,TX,267-555-2455
2008,Linda,Miller,1000002008,Psychiatry,NY,543-555-7909
2009,Jennifer,Martin,1000002009,Dermatology,FL,202-555-6127
2010,Donald,Brown,1000002010,Orthopedics,CO,636-555-8975
2011,Karen,Lee,1000002011,Urology,CA,513-555-9035
2012,James,Miller,1000002012,Pediatrics,PA,362-555-8634
2013,Charles,Hernandez,1000002013,Endocrinology,TX,527-555-3173
2014,Mary,Davis,1000002014,Psychiatry,TX,901-555-9344
2015,James,Gonzalez,1000002015,Pulmonology,FL,574-555-7630
2016,Joseph,Jones,1000002016,Emergency Medicine,TX,879-555-4318
2017,Betty,Jones,1000002017,Psychiatry,CO,325-555-2430
2018,Thomas,Jones,1000002018,Oncology,AZ,569-555-1664
2019,Jessica,Jackson,1000002019,Oncology,CA,508-555-4895
2020,David,Thompson,1000002020,Psychiatry,IL,761-555-4746
2021,Elizabeth,Williams,1000002021,Endocrinology,IL,766-555-6183
2022,Karen,Rodriguez,1000002022,Orthopedics,TX,864-555-9436
2023,Mary,Garcia,1000002023,Psychiatry,CA,259-555-9840
2024,Richard,Smith,1000002024,Neurology,TX,897-555-9280
2025,Charles,Moore,1000002025,General Practice,IL,331-555-4656
2026,Nancy,Smith,1000002026,Pulmonology,CA,992-555-1416
2027,Michael,Davis,1000002027,Orthopedics,TX,994-555-3040
2028,Jennifer,Smith,1000002028,General Practice,NY,764-555-1854
2029,Barbara,Wilson,1000002029,Psychiatry,AZ,604-555-4340
2030,Mary,Taylor,1000002030,Psychiatry,TX,861-555-8007
2031,Margaret,Johnson,1000002031,Pediatrics,TX,907-555-6055
2032,Lisa,Martin,1000002032,Psychiatry,WA,297-555-8391
2033,Michael,Jackson,1000002033,Urology,CO,873-555-1956
2034,Anthony,Anderson,1000002034,Oncology,WA,894-555-1672
2035,Daniel,Martinez,1000002035,Endocrinology,CA,463-555-8637
2036,Mark,Lee,1000002036,Oncology,CO,291-555-5850
2037,Daniel,Garcia,1000002037,Orthopedics,TX,481-555-2177
2038,Anthony,Anderson,1000002038,Orthopedics,WA,328-555-7385
2039,William,Anderson,1000002039,General Practice,IL,916-555-1334
2040,Christopher,Perez,1000002040,Neurology,CA,306-555-3470
2041,Thomas,Miller,1000002041,Internal Medicine,CO,834-555-7918
2042,Karen,Jones,1000002042,Internal Medicine,TX,864-555-4540
2043,Christopher,Perez,1000002043,Endocrinology,CA,604-555-3344
2044,Margaret,Lee,1000002044,Endocrinology,CO,341-555-8131
2045,Jessica,Lopez,1000002045,Orthopedics,CO,418-555-5423
2046,Karen,Taylor,1000002046,General Practice,PA,379-555-4932
2047,John,Brown,1000002047,Orthopedics,MA,917-555-1608
2048,Robert,Hernandez,1000002048,Pulmonology,CA,865-555-1327
2049,David,Jones,1000002049,Oncology,CO,852-555-5500
2050,Thomas,Rodriguez,1000002050,Internal Medicine,MA,218-555-5816
2051,Christopher,Williams,1000002051,Urology,TX,620-555-6050
2052,Joseph,Johnson,1000002052,Emergency Medicine,PA,434-555-2205
2053,Richard,Jones,1000002053,General Practice,TX,655-555-6136
2054,Elizabeth,Brown,1000002054,Gastroenterology,FL,638-555-9129
2055,Donald,Martin,1000002055,Cardiology,TX,251-555-4236
2056,John,Lopez,1000002056,Internal Medicine,CA,314-555-8124
2057,Daniel,Anderson,1000002057,Pulmonology,TX,662-555-8791
2058,Thomas,Martin,1000002058,Urology,CA,428-555-6385
2059,Thomas,Moore,1000002059,Urology,TX,977-555-8143
2060,David,Williams,1000002060,Dermatology,TX,776-555-8141
2061,Daniel,Lee,1000002061,Psychiatry,MA,683-555-5155
2062,David,Anderson,1000002062,Pediatrics,TX,251-555-4593
2063,Mark,Rodriguez,1000002063,Cardiology,CA,912-555-9674
2064,Robert,Jackson,1000002064,Orthopedics,CA,920-555-5841
2065,Margaret,Anderson,1000002065,Pulmonology,PA,290-555-7585
2066,Betty,Brown,1000002066,Dermatology,NY,953-555-6668
2067,David,Taylor,1000002067,Pulmonology,CA,944-555-3016
2068,Susan,Miller,1000002068,Dermatology,TX,556-555-1531
2069,Nancy,Johnson,1000002069,Cardiology,NY,617-555-5333
2070,William,Rodriguez,1000002070,Emergency Medicine,TX,494-555-9825
2071,Robert,Williams,1000002071,Pulmonology,CO,337-555-2944
2072,Charles,Martinez,1000002072,Internal Medicine,TX,552-555-1270
2073,John,Brown,1000002073,Dermatology,CA,546-555-2190
2074,Anthony,Lee,1000002074,Neurology,IL,706-555-5132
2075,Charles,Thomas,1000002075,Psychiatry,PA,348-555-8553
2076,Daniel,Perez,1000002076,Pediatrics,TX,770-555-7157
2077,Daniel,Miller,1000002077,Endocrinology,FL,389-555-7373
2078,William,Garcia,1000002078,Pediatrics,TX,759-555-6901
2079,Nancy,Thompson,1000002079,General Practice,NY,389-555-6595
2080,Sandra,Anderson,1000002080,Gastroenterology,NY,325-555-6068
2081,John,Taylor,1000002081,Orthopedics,AZ,336-555-9744
2082,Ashley,Davis,1000002082,Dermatology,AZ,395-555-5226
2083,Betty,Taylor,1000002083,Endocrinology,PA,724-555-9385
2084,James,Wilson,1000002084,Orthopedics,CA,451-555-8055
2085,Linda,Thomas,1000002085,General Practice,NY,538-555-4883
2086,James,Taylor,1000002086,Emergency Medicine,TX,382-555-3569
2087,Jessica,Martinez,1000002087,Psychiatry,NY,688-555-4837
2088,Christopher,Anderson,1000002088,Dermatology,NY,888-555-4186
2089,Barbara,Lee,1000002089,Oncology,CA,673-555-8222
2090,Thomas,Johnson,1000002090,Endocrinology,WA,436-555-8653
2091,Ashley,Jackson,1000002091,General Practice,MA,753-555-3332
2092,Christopher,Moore,1000002092,Pediatrics,IL,465-555-1179
2093,Richard,Martin,1000002093,Urology,AZ,441-555-3400
2094,Susan,Wilson,1000002094,Cardiology,WA,398-555-7832
2095,Anthony,Rodriguez,1000002095,Pulmonology,CO,741-555-3029
2096,Thomas,Miller,1000002096,Cardiology,TX,369-555-3590
2097,Betty,Lee,1000002097,Internal Medicine,CO,455-555-9054
2098,Margaret,Jones,1000002098,General Practice,PA,461-555-2542
2099,Daniel,Perez,1000002099,Urology,FL,446-555-4529
2100,Mark,Gonzalez,1000002100,Cardiology,CA,611-555-7848
2101,Karen,Jackson,1000002101,Neurology,WA,661-555-1245
2102,David,Garcia,1000002102,Dermatology,FL,322-555-4122
2103,Robert,Perez,1000002103,Pediatrics,IL,502-555-9112
2104,Mary,Gonzalez,1000002104,Psychiatry,MA,581-555-2391
2105,Linda,Anderson,1000002105,Oncology,CA,596-555-8264
2106,Lisa,Brown,1000002106,Orthopedics,AZ,359-555-1810
2107,Donald,Gonzalez,1000002107,Neurology,PA,511-555-7527
2108,Daniel,Lopez,1000002108,Pediatrics,AZ,311-555-2888
2109,Donald,Taylor,1000002109,Neurology,CA,591-555-3801
2110,Susan,Smith,1000002110,General Practice,AZ,691-555-9093
2111,Thomas,Taylor,1000002111,Urology,MA,802-555-2156
2112,Ashley,Moore,1000002112,Cardiology,TX,823-555-6208
2113,Patricia,Anderson,1000002113,General Practice,PA,920-555-8593
2114,Linda,Moore,1000002114,Gastroenterology,TX,278-555-5533
2115,Richard,Brown,1000002115,Dermatology,PA,476-555-4330
2116,Donald,Martinez,1000002116,Endocrinology,TX,254-555-5160
2117,Jennifer,Hernandez,1000002117,Emergency Medicine,TX,688-555-2518
2118,Barbara,Rodriguez,1000002118,General Practice,IL,882-555-1198
2119,Richard,Williams,1000002119,Orthopedics,TX,960-555-5753
2120,Robert,Taylor,1000002120,Neurology,CO,434-555-1500
2121,Charles,Moore,1000002121,Urology,CA,902-555-9243
2122,Lisa,Johnson,1000002122,Neurology,NY,432-555-8859
2123,Sarah,Brown,1000002123,Internal Medicine,CA,223-555-8000
2124,John,Martinez,1000002124,Endocrinology,CA,921-555-4558
2125,Jennifer,Taylor,1000002125,Pulmonology,CA,303-555-6993
2126,William,Perez,1000002126,Pediatrics,TX,864-555-9444
2127,Joseph,Jones,1000002127,Dermatology,CA,610-555-5697
2128,David,Hernandez,1000002128,General Practice,CO,479-555-6368
2129,Ashley,Brown,1000002129,Endocrinology,CO,695-555-8711
2130,Elizabeth,Perez,1000002130,Neurology,AZ,944-555-3898
2131,Jessica,Jackson,1000002131,General Practice,AZ,765-555-8384
2132,Thomas,Brown,1000002132,Urology,CA,389-555-3638
2133,Barbara,Moore,1000002133,Psychiatry,TX,483-555-7762
2134,Ashley,Anderson,1000002134,Pediatrics,MA,767-555-2598
2135,Mary,Martinez,1000002135,Pulmonology,NY,883-555-6311
2136,Sandra,Perez,1000002136,Orthopedics,MA,403-555-6884
2137,David,Jones,1000002137,General Practice,NY,282-555-4806
2138,Joseph,Wilson,1000002138,Urology,IL,633-555-3984
2139,David,Lopez,1000002139,Emergency Medicine,TX,921-555-1629
2140,Michael,Smith,1000002140,Endocrinology,TX,737-555-9306
2141,John,Lee,1000002141,Cardiology,TX,372-555-1717
2142,Jessica,Martinez,1000002142,Urology,TX,644-555-1551
2143,Jennifer,Garcia,1000002143,Cardiology,CA,668-555-5238
2144,Sandra,Lopez,1000002144,Pediatrics,WA,673-555-7284
2145,Sarah,Thompson,1000002145,Urology,PA,949-555-3709
2146,Michael,Davis,1000002146,Cardiology,TX,515-555-8773
2147,James,Martinez,1000002147,Endocrinology,TX,719-555-4135
2148,Richard,Rodriguez,1000002148,General Practice,TX,799-555-5391
2149,Robert,Taylor,1000002149,Pediatrics,AZ,592-555-6781
2150,Nancy,Rodriguez,1000002150,Gastroenterology,TX,804-555-1584
2151,Matthew,Perez,1000002151,Emergency Medicine,CA,834-555-1414
2152,Charles,Wilson,1000002152,Pulmonology,NY,485-555-4454
2153,Sandra,Smith,1000002153,Internal Medicine,PA,566-555-5845
2154,Joseph,Williams,1000002154,Gastroenterology,TX,685-555-6784
2155,Margaret,Davis,1000002155,Pediatrics,AZ,605-555-5774
2156,Thomas,Thomas,1000002156,Internal Medicine,CA,444-555-7086
2157,Karen,Anderson,1000002157,Orthopedics,TX,314-555-2178
2158,Richard,Lee,1000002158,Oncology,CA,204-555-2985
2159,Richard,Williams,1000002159,Oncology,PA,809-555-1739
2160,Barbara,Taylor,1000002160,Gastroenterology,TX,574-555-7827
2161,Robert,Perez,1000002161,Emergency Medicine,FL,236-555-3906
2162,John,Rodriguez,1000002162,Urology,TX,376-555-5901
2163,Jessica,Garcia,1000002163,Gastroenterology,MA,719-555-4018
2164,Barbara,Davis,1000002164,Urology,WA,785-555-7058
2165,John,Williams,1000002165,Pulmonology,CA,795-555-9673
2166,Sandra,Martinez,1000002166,Oncology,CO,348-555-9651
2167,Mary,Williams,1000002167,Internal Medicine,MA,445-555-8114
2168,Matthew,Brown,1000002168,Gastroenterology,MA,615-555-5317
2169,Anthony,Smith,1000002169,Pediatrics,MA,828-555-4919
2170,Lisa,Hernandez,1000002170,Oncology,TX,651-555-3694
2171,Jessica,Moore,1000002171,Gastroenterology,IL,974-555-8710
2172,Jessica,Davis,1000002172,Pediatrics,MA,350-555-7938
2173,Betty,Thompson,1000002173,General Practice,TX,726-555-7737
2174,Christopher,Thomas,1000002174,Cardiology,AZ,734-555-9081
2175,Linda,Garcia,1000002175,Dermatology,TX,712-555-3003
2176,David,Perez,1000002176,Pulmonology,WA,360-555-3455
2177,Robert,Anderson,1000002177,Pediatrics,TX,998-555-9934
2178,Ashley,Davis,1000002178,Dermatology,CA,753-555-2994
2179,Sarah,Thomas,1000002179,Urology,CA,819-555-7449
2180,John,Davis,1000002180,Psychiatry,TX,881-555-9944
2181,Anthony,Thomas,1000002181,Psychiatry,WA,410-555-7708
2182,Daniel,Lopez,1000002182,Dermatology,WA,355-555-4226
2183,Sandra,Martinez,1000002183,Gastroenterology,CO,962-555-3343
2184,Donald,Miller,1000002184,Urology,CA,352-555-7086
2185,Matthew,Lee,1000002185,General Practice,AZ,347-555-6301
2186,Sandra,Martin,1000002186,General Practice,CA,765-555-5698
2187,John,Jones,1000002187,Urology,TX,890-555-4026
2188,Betty,Thomas,1000002188,Psychiatry,MA,365-555-5007
2189,John,Taylor,1000002189,Psychiatry,IL,336-555-8939
2190,Nancy,Wilson,1000002190,Oncology,CA,235-555-8949
2191,Daniel,Williams,1000002191,Orthopedics,TX,221-555-6756
2192,Joseph,Williams,1000002192,Neurology,CA,951-555-6097
2193,Susan,Lee,1000002193,Pediatrics,TX,845-555-2277
2194,James,Garcia,1000002194,Endocrinology,IL,626-555-3053
2195,James,Davis,1000002195,Psychiatry,TX,968-555-1951
2196,Ashley,Taylor,1000002196,Pediatrics,TX,340-555-6725
2197,Matthew,Moore,1000002197,Pulmonology,AZ,217-555-8522
2198,Jessica,Moore,1000002198,Pediatrics,CA,498-555-5480
2199,James,Hernandez,1000002199,Gastroenterology,PA,264-555-6356
2200,Jessica,Davis,1000002200,Dermatology,TX,613-555-2875
2201,Donald,Lopez,1000002201,Gastroenterology,IL,542-555-2736
2202,Thomas,Williams,1000002202,Psychiatry,CO,500-555-5962
2203,Betty,Brown,1000002203,Pulmonology,CA,651-555-2578
2204,Jessica,Thompson,1000002204,Orthopedics,NY,852-555-8198
2205,Anthony,Martinez,1000002205,Psychiatry,TX,602-555-6477
2206,Michael,Rodriguez,1000002206,Orthopedics,TX,248-555-8690
2207,William,Perez,1000002207,Internal Medicine,FL,502-555-7310
2208,Barbara,Moore,1000002208,Psychiatry,MA,433-555-3935
2209,Sarah,Lopez,1000002209,Gastroenterology,CA,827-555-7699
2210,Barbara,Perez,1000002210,Pediatrics,WA,350-555-2372
2211,Christopher,Jackson,1000002211,Dermatology,CA,618-555-7309
2212,Charles,Jackson,1000002212,Gastroenterology,WA,260-555-3643
2213,Mark,Johnson,1000002213,Endocrinology,CO,711-555-5252
2214,Charles,Anderson,1000002214,Cardiology,TX,230-555-5796
2215,Sarah,Martinez,1000002215,Psychiatry,AZ,346-555-7057
2216,Ashley,Gonzalez,1000002216,Orthopedics,CO,760-555-6364
2217,James,Martin,1000002217,Psychiatry,MA,580-555-4750
2218,Charles,Wilson,1000002218,General Practice,TX,500-555-7523
2219,Daniel,Taylor,1000002219,Pediatrics,WA,964-555-2234
2220,Karen,Miller,1000002220,Gastroenterology,CA,481-555-2080
2221,Richard,Thompson,1000002221,Pulmonology,NY,579-555-1060
2222,Nancy,Brown,1000002222,Endocrinology,PA,239-555-2969
2223,Elizabeth,Moore,1000002223,Orthopedics,TX,966-555-7755
2224,Nancy,Perez,1000002224,Dermatology,MA,542-555-1001
2225,Christopher,Hernandez,1000002225,Cardiology,CA,345-555-3016
2226,James,Martinez,1000002226,Gastroenterology,CA,357-555-3069
2227,David,Gonzalez,1000002227,Dermatology,CA,662-555-6257
2228,Anthony,Taylor,1000002228,Gastroenterology,NY,709-555-2956
2229,William,Martin,1000002229,Gastroenterology,TX,200-555-5005
2230,Margaret,Davis,1000002230,Orthopedics,CA,308-555-2531
2231,Sarah,Perez,1000002231,Oncology,TX,311-555-3474
2232,Joseph,Rodriguez,1000002232,Gastroenterology,IL,603-555-6702
2233,Donald,Hernandez,1000002233,Neurology,FL,261-555-1237
2234,Linda,Hernandez,1000002234,Dermatology,NY,818-555-8421
2235,Margaret,Jones,1000002235,Gastroenterology,CA,648-555-5168
2236,Mark,Smith,1000002236,Cardiology,TX,266-555-4037
2237,Elizabeth,Martin,1000002237,Oncology,WA,302-555-7400
2238,Richard,Anderson,1000002238,Orthopedics,PA,741-555-3452
2239,Margaret,Gonzalez,1000002239,Dermatology,TX,866-555-4722
2240,Donald,Taylor,1000002240,Urology,TX,816-555-8108
2241,Margaret,Moore,1000002241,Psychiatry,TX,925-555-1682
2242,Michael,Perez,1000002242,Emergency Medicine,TX,424-555-2222
2243,Anthony,Lee,1000002243,Neurology,TX,244-555-2050
2244,Linda,Rodriguez,1000002244,Emergency Medicine,TX,628-555-3622
2245,William,Taylor,1000002245,Oncology,TX,702-555-3252
2246,Betty,Moore,1000002246,Psychiatry,NY,719-555-9952
2247,Michael,Martinez,1000002247,Psychiatry,TX,399-555-6710
2248,Joseph,Jackson,1000002248,Urology,TX,488-555-7403
2249,Susan,Smith,1000002249,Emergency Medicine,MA,262-555-6192
2250,John,Miller,1000002250,General Practice,IL,622-555-5265
2251,David,Williams,1000002251,Internal Medicine,FL,552-555-1508
2252,Anthony,Moore,1000002252,Psychiatry,CO,956-555-1531
2253,Mark,Rodriguez,1000002253,Oncology,AZ,429-555-8186
2254,Ashley,Jones,1000002254,Neurology,CA,341-555-4768
2255,Margaret,Brown,1000002255,General Practice,CA,468-555-4381
2256,William,Jackson,1000002256,Cardiology,TX,839-555-5798
2257,Robert,Taylor,1000002257,Orthopedics,FL,853-555-4776
2258,Mary,Williams,1000002258,Oncology,TX,800-555-2268
2259,Elizabeth,Johnson,1000002259,Psychiatry,CA,281-555-8617
2260,Betty,Smith,1000002260,Psychiatry,CA,634-555-1984
2261,Nancy,Williams,1000002261,Urology,TX,496-555-1716
2262,Daniel,Lopez,1000002262,Pediatrics,AZ,202-555-5095
2263,Mary,Thomas,1000002263,Urology,IL,694-555-6914
2264,Jennifer,Lopez,1000002264,Emergency Medicine,CA,463-555-7669
2265,David,Garcia,1000002265,General Practice,TX,953-555-5356
2266,Sarah,Perez,1000002266,Endocrinology,CA,907-555-9376
2267,Margaret,Miller,1000002267,Neurology,CA,209-555-2289
2268,Jennifer,Rodriguez,1000002268,Emergency Medicine,TX,476-555-2227
2269,Thomas,Martin,1000002269,Emergency Medicine,CA,887-555-3836
2270,Richard,Jones,1000002270,Cardiology,CA,249-555-9847
2271,Donald,Miller,1000002271,Endocrinology,IL,598-555-9894
2272,Thomas,Hernandez,1000002272,Urology,CA,254-555-2768
2273,Patricia,Wilson,1000002273,Neurology,IL,836-555-1538
2274,Anthony,Martin,1000002274,General Practice,TX,664-555-7307
2275,Robert,Martin,1000002275,Neurology,CA,200-555-9197
2276,Matthew,Johnson,1000002276,Urology,NY,449-555-4069
2277,Patricia,Miller,1000002277,Psychiatry,CO,644-555-9753
2278,Donald,Lee,1000002278,Urology,NY,317-555-8304
2279,Jennifer,Garcia,1000002279,Endocrinology,TX,546-555-2101
2280,Elizabeth,Jones,1000002280,Cardiology,CO,210-555-5288
2281,Robert,Jackson,1000002281,General Practice,CO,533-555-4126
2282,Jennifer,Smith,1000002282,Gastroenterology,TX,909-555-3401
2283,Thomas,Thomas,1000002283,Dermatology,AZ,291-555-3896
2284,Patricia,Brown,1000002284,Oncology,CA,216-555-8816
2285,Christopher,Perez,1000002285,Urology,FL,321-555-3338
2286,Matthew,Johnson,1000002286,Orthopedics,TX,281-555-3013
2287,Sarah,Thompson,1000002287,Pulmonology,PA,949-555-1954
2288,Nancy,Smith,1000002288,Pulmonology,PA,283-555-6182
2289,Matthew,Thomas,1000002289,Internal Medicine,MA,534-555-2047
2290,Elizabeth,Rodriguez,1000002290,Gastroenterology,CA,249-555-2923
2291,David,Thomas,1000002291,Endocrinology,MA,948-555-8163
2292,Ashley,Williams,1000002292,Psychiatry,CA,633-555-1700
2293,Anthony,Miller,1000002293,Gastroenterology,TX,530-555-9273
2294,Thomas,Johnson,1000002294,Internal Medicine,PA,748-555-4377
2295,Joseph,Jones,1000002295,Pediatrics,TX,815-555-2454
2296,Elizabeth,Smith,1000002296,Dermatology,TX,931-555-9493
2297,Daniel,Martinez,1000002297,Endocrinology,TX,414-555-3679
2298,Donald,Anderson,1000002298,Pediatrics,CO,792-555-2688
2299,Sandra,Martin,1000002299,Gastroenterology,TX,793-555-5935
2300,Lisa,Lopez,1000002300,Gastroenterology,PA,985-555-5070
2301,James,Williams,1000002301,Dermatology,WA,795-555-9388
2302,Elizabeth,Thompson,1000002302,Neurology,CA,623-555-4264
2303,David,Anderson,1000002303,Dermatology,TX,206-555-8907
2304,Anthony,Perez,1000002304,Neurology,TX,752-555-4520
2305,Margaret,Hernandez,1000002305,Cardiology,CA,697-555-8739
2306,Barbara,Martin,1000002306,Neurology,CA,450-555-3576
2307,David,Miller,1000002307,Oncology,IL,899-555-5973
2308,Thomas,Hernandez,1000002308,Oncology,MA,699-555-6638
2309,Thomas,Thompson,1000002309,Oncology,WA,331-555-9869
2310,Thomas,Martin,1000002310,Oncology,CO,571-555-5729
2311,Richard,Miller,1000002311,Emergency Medicine,PA,217-555-1341
2312,Jennifer,Miller,1000002312,Pulmonology,TX,847-555-4440
2313,Michael,Garcia,1000002313,Pulmonology,IL,494-555-3161
2314,Mary,Hernandez,1000002314,Pulmonology,IL,457-555-3519
2315,Joseph,Rodriguez,1000002315,Internal Medicine,FL,430-555-5301
2316,Richard,Martin,1000002316,Pulmonology,TX,610-555-3196
2317,John,Jackson,1000002317,Endocrinology,IL,918-555-1778
2318,Mary,Smith,1000002318,Neurology,CA,868-555-6211
2319,David,Miller,1000002319,Endocrinology,TX,541-555-6604
2320,Robert,Martin,1000002320,Endocrinology,FL,250-555-5367
2321,Richard,Jones,1000002321,Neurology,CA,816-555-4701
2322,Mark,Davis,1000002322,Pediatrics,TX,691-555-8614
2323,Daniel,Davis,1000002323,Neurology,FL,398-555-5967
2324,Mary,Martinez,1000002324,Psychiatry,CO,640-555-6202
2325,Daniel,Anderson,1000002325,Pediatrics,CA,543-555-6667
2326,Susan,Thompson,1000002326,General Practice,NY,370-555-5149
2327,Matthew,Thomas,1000002327,Orthopedics,CA,201-555-7188
2328,Lisa,Jackson,1000002328,Pediatrics,TX,444-555-3578
2329,Jessica,Miller,1000002329,Neurology,CA,390-555-9972
2330,Robert,Taylor,1000002330,Urology,CA,228-555-5858
2331,Anthony,Rodriguez,1000002331,Endocrinology,FL,745-555-6587
2332,Ashley,Williams,1000002332,Pediatrics,IL,839-555-4520
2333,John,Garcia,1000002333,Cardiology,TX,644-555-5363
2334,Jennifer,Hernandez,1000002334,Pediatrics,WA,504-555-4765
2335,Sandra,Jackson,1000002335,Neurology,TX,685-555-9149
2336,Sandra,Moore,1000002336,Endocrinology,MA,301-555-2023
2337,Karen,Garcia,1000002337,Cardiology,CA,872-555-9669
2338,Mary,Gonzalez,1000002338,Cardiology,TX,915-555-7244
2339,Anthony,Lopez,1000002339,Emergency Medicine,TX,933-555-5046
2340,David,Garcia,1000002340,Oncology,CO,524-555-5082
2341,Patricia,Taylor,1000002341,Urology,TX,776-555-3472
2342,Karen,Williams,1000002342,Neurology,FL,257-555-5666
2343,Ashley,Brown,1000002343,Pulmonology,TX,218-555-3730
2344,Barbara,Thomas,1000002344,Internal Medicine,FL,310-555-4103
2345,Karen,Johnson,1000002345,Gastroenterology,TX,217-555-9566
2346,Patricia,Martin,1000002346,Endocrinology,CA,266-555-3849
2347,Barbara,Thompson,1000002347,Urology,TX,568-555-6250
2348,Mary,Martinez,1000002348,Internal Medicine,CA,654-555-1941
2349,Jennifer,Moore,1000002349,Internal Medicine,MA,993-555-7957
2350,John,Wilson,1000002350,Emergency Medicine,TX,456-555-2883
2351,Christopher,Martin,1000002351,General Practice,TX,571-555-6275
2352,Jessica,Anderson,1000002352,Gastroenterology,TX,599-555-1916
2353,Nancy,Miller,1000002353,Psychiatry,FL,672-555-7660
2354,Daniel,Lee,1000002354,General Practice,AZ,551-555-7353
2355,Barbara,Martin,1000002355,Internal Medicine,TX,970-555-1591
2356,Daniel,Thomas,1000002356,Neurology,CA,433-555-6075
2357,Elizabeth,Martinez,1000002357,Pulmonology,MA,216-555-9236
2358,Thomas,Thomas,1000002358,Emergency Medicine,TX,322-555-3718
2359,Nancy,Anderson,1000002359,Orthopedics,TX,990-555-2539
2360,Michael,Rodriguez,1000002360,Psychiatry,MA,207-555-5419
2361,Joseph,Perez,1000002361,Gastroenterology,CA,801-555-8408
2362,Jessica,Perez,1000002362,Orthopedics,NY,939-555-2961
2363,Charles,Smith,1000002363,Cardiology,MA,772-555-7741
2364,Robert,Smith,1000002364,Pulmonology,CO,884-555-6671
2365,Charles,Thomas,1000002365,Endocrinology,CA,448-555-4401
2366,Thomas,Perez,1000002366,Psychiatry,WA,705-555-8095
2367,Patricia,Miller,1000002367,Neurology,MA,951-555-3929
2368,Donald,Thomas,1000002368,Endocrinology,IL,967-555-8223
2369,Barbara,Gonzalez,1000002369,General Practice,TX,328-555-5188
2370,David,Gonzalez,1000002370,Dermatology,WA,798-555-7585
2371,Joseph,Hernandez,1000002371,Emergency Medicine,FL,855-555-6967
2372,Jennifer,Rodriguez,1000002372,Urology,FL,912-555-9588
2373,Sandra,Davis,1000002373,Gastroenterology,TX,907-555-9346
2374,Patricia,Thomas,1000002374,Emergency Medicine,TX,980-555-9321
2375,Daniel,Gonzalez,1000002375,Emergency Medicine,CA,839-555-3447
2376,Richard,Gonzalez,1000002376,Oncology,TX,668-555-3184
2377,Mary,Miller,1000002377,Dermatology,MA,833-555-6908
2378,Ashley,Moore,1000002378,Orthopedics,CA,576-555-4526
2379,Barbara,Anderson,1000002379,Endocrinology,MA,694-555-3558
2380,Matthew,Martinez,1000002380,Orthopedics,CA,779-555-1969
2381,Jennifer,Jones,1000002381,Neurology,NY,801-555-2183
2382,Mark,Jones,1000002382,Cardiology,TX,654-555-2568
2383,Charles,Hernandez,1000002383,Urology,NY,648-555-1994
2384,Elizabeth,Hernandez,1000002384,Oncology,CA,842-555-8992
2385,Matthew,Hernandez,1000002385,Emergency Medicine,CO,617-555-5113
2386,Patricia,Martin,1000002386,Internal Medicine,TX,803-555-1089
2387,Jennifer,Gonzalez,1000002387,Dermatology,TX,696-555-5280
2388,Donald,Perez,1000002388,Emergency Medicine,NY,313-555-2616
2389,Sarah,Lopez,1000002389,Gastroenterology,TX,260-555-5547
2390,Susan,Wilson,1000002390,General Practice,AZ,270-555-9548
2391,Joseph,Taylor,1000002391,Emergency Medicine,FL,422-555-6693
2392,Charles,Smith,1000002392,Pulmonology,WA,446-555-6459
2393,John,Williams,1000002393,Dermatology,FL,901-555-9558
2394,Linda,Moore,1000002394,Urology,TX,887-555-6617
2395,Jessica,Jones,1000002395,Pulmonology,MA,719-555-2698
2396,Ashley,Miller,1000002396,Pediatrics,CA,282-555-2528
2397,Michael,Martin,1000002397,Urology,TX,932-555-2029
2398,Nancy,Miller,1000002398,Oncology,TX,671-555-3832
2399,Ashley,Jackson,1000002399,Dermatology,TX,772-555-8522
2400,Richard,Smith,1000002400,General Practice,MA,420-555-7284
2401,Sarah,Lopez,1000002401,Cardiology,TX,460-555-9916
2402,Elizabeth,Davis,1000002402,Gastroenterology,TX,734-555-4004
2403,Sandra,Perez,1000002403,Pulmonology,IL,846-555-9467
2404,Michael,Davis,1000002404,Dermatology,CA,419-555-5123
2405,Patricia,Brown,1000002405,Urology,FL,741-555-1162
2406,Mark,Brown,1000002406,Pediatrics,CA,929-555-8287
2407,Thomas,Lee,1000002407,General Practice,IL,925-555-3923
2408,Jennifer,Rodriguez,1000002408,Dermatology,MA,239-555-4080
2409,Mary,Gonzalez,1000002409,Psychiatry,TX,778-555-3430
2410,Barbara,Miller,1000002410,Gastroenterology,CA,672-555-1968
2411,Lisa,Thomas,1000002411,Cardiology,AZ,225-555-8076
2412,James,Taylor,1000002412,Gastroenterology,TX,337-555-9002
2413,Mary,Smith,1000002413,General Practice,NY,434-555-6965
2414,Barbara,Anderson,1000002414,Dermatology,IL,283-555-4453
2415,Mark,Taylor,1000002415,Cardiology,FL,531-555-1765
2416,Elizabeth,Thomas,1000002416,Internal Medicine,TX,624-555-7490
2417,Nancy,Williams,1000002417,Internal Medicine,PA,982-555-3139
2418,Richard,Martinez,1000002418,Psychiatry,CA,996-555-5519
2419,Patricia,Anderson,1000002419,Gastroenterology,CA,678-555-6341
2420,Lisa,Wilson,1000002420,Orthopedics,AZ,509-555-4878
2421,Daniel,Martin,1000002421,Psychiatry,TX,903-555-8755
2422,Ashley,Smith,1000002422,Dermatology,CA,217-555-4341
2423,Richard,Rodriguez,1000002423,Emergency Medicine,TX,213-555-5524
2424,Joseph,Smith,1000002424,Orthopedics,CA,549-555-3617
2425,Jennifer,Brown,1000002425,Pediatrics,NY,822-555-3604
2426,Charles,Brown,1000002426,Orthopedics,TX,563-555-1505
2427,Sandra,Thompson,1000002427,Internal Medicine,PA,379-555-4487
2428,Anthony,Perez,1000002428,Internal Medicine,TX,597-555-7957
2429,Betty,Taylor,1000002429,Gastroenterology,TX,921-555-6569
2430,Sarah,Thompson,1000002430,Oncology,TX,536-555-9945
2431,Linda,Perez,1000002431,Endocrinology,TX,905-555-6675
2432,Jessica,Gonzalez,1000002432,Urology,WA,927-555-9664
2433,Elizabeth,Davis,1000002433,Endocrinology,MA,907-555-6451
2434,James,Smith,1000002434,Dermatology,NY,595-555-9288
2435,Betty,Lopez,1000002435,Endocrinology,TX,844-555-1622
2436,Thomas,Perez,1000002436,Dermatology,FL,560-555-1917
2437,Sarah,Lee,1000002437,General Practice,AZ,819-555-5279
2438,Sarah,Perez,1000002438,Urology,MA,886-555-9014
2439,Anthony,Gonzalez,1000002439,Endocrinology,MA,945-555-9801
2440,Linda,Moore,1000002440,Pediatrics,FL,496-555-1432
2441,William,Miller,1000002441,Gastroenterology,TX,904-555-3686
2442,John,Garcia,1000002442,Cardiology,TX,998-555-1661
2443,Betty,Garcia,1000002443,Oncology,MA,940-555-9814
2444,Christopher,Wilson,1000002444,Oncology,IL,522-555-2627
2445,Michael,Taylor,1000002445,Psychiatry,CA,681-555-3189
2446,Ashley,Thompson,1000002446,Oncology,AZ,584-555-7964
2447,Joseph,Miller,1000002447,Psychiatry,CA,894-555-3685
2448,Jessica,Moore,1000002448,Gastroenterology,TX,602-555-2992
2449,Jessica,Martin,1000002449,Dermatology,IL,693-555-2013
2450,William,Hernandez,1000002450,Pediatrics,TX,488-555-1780
2451,Jennifer,Lopez,1000002451,General Practice,NY,358-555-1092
2452,Richard,Taylor,1000002452,Pulmonology,PA,462-555-7048
2453,Charles,Perez,1000002453,Cardiology,AZ,631-555-9054
2454,Jessica,Thomas,1000002454,Emergency Medicine,PA,808-555-6847
2455,Michael,Davis,1000002455,Neurology,AZ,535-555-4621
2456,Thomas,Johnson,1000002456,Oncology,CA,271-555-7590
2457,Patricia,Jackson,1000002457,Pulmonology,TX,822-555-3993
2458,William,Jackson,1000002458,Orthopedics,CA,387-555-2217
2459,Karen,Perez,1000002459,Pediatrics,CA,221-555-9169
2460,John,Thompson,1000002460,Internal Medicine,NY,575-555-2067
2461,Matthew,Davis,1000002461,Neurology,CA,886-555-8823
2462,Mary,Martin,1000002462,Oncology,WA,811-555-7287
2463,Ashley,Davis,1000002463,Dermatology,NY,848-555-5998
2464,Thomas,Lee,1000002464,Gastroenterology,MA,329-555-8347
2465,Thomas,Moore,1000002465,Urology,WA,227-555-6933
2466,Sarah,Williams,1000002466,Psychiatry,MA,259-555-1175
2467,James,Wilson,1000002467,Cardiology,NY,433-555-8179
2468,Charles,Rodriguez,1000002468,Urology,MA,553-555-4244
2469,John,Davis,1000002469,Endocrinology,CA,208-555-6648
2470,Betty,Jones,1000002470,Neurology,AZ,320-555-6201
2471,Lisa,Gonzalez,1000002471,Pulmonology,IL,778-555-9818
2472,Lisa,Taylor,1000002472,Orthopedics,TX,263-555-7863
2473,James,Rodriguez,1000002473,General Practice,AZ,291-555-5292
2474,Robert,Thompson,1000002474,Psychiatry,TX,468-555-6281
2475,Daniel,Gonzalez,1000002475,Neurology,NY,300-555-3710
2476,Donald,Rodriguez,1000002476,Pediatrics,WA,567-555-4739
2477,Donald,Taylor,1000002477,Pulmonology,NY,499-555-5285
2478,Robert,Smith,1000002478,Psychiatry,AZ,915-555-2962
2479,Robert,Johnson,1000002479,Orthopedics,NY,669-555-9946
2480,Sandra,Martinez,1000002480,Endocrinology,TX,953-555-2127
2481,Lisa,Garcia,1000002481,General Practice,TX,499-555-3265
2482,Ashley,Thomas,1000002482,Cardiology,TX,201-555-2482
2483,Jennifer,Thompson,1000002483,Internal Medicine,NY,529-555-8158
2484,Anthony,Davis,1000002484,Dermatology,PA,753-555-9354
2485,Ashley,Garcia,1000002485,Emergency Medicine,TX,487-555-1085
2486,Linda,Lee,1000002486,Urology,CO,289-555-5134
2487,Elizabeth,Williams,1000002487,Oncology,WA,684-555-9106
2488,Sarah,Rodriguez,1000002488,Psychiatry,WA,981-555-6049
2489,Anthony,Smith,1000002489,Neurology,PA,704-555-8088
2490,David,Thompson,1000002490,Endocrinology,IL,929-555-6742
2491,Ashley,Jackson,1000002491,Orthopedics,CA,934-555-6695
2492,Thomas,Moore,1000002492,Internal Medicine,PA,513-555-7422
2493,John,Miller,1000002493,Emergency Medicine,PA,887-555-4999
2494,Barbara,Hernandez,1000002494,Orthopedics,CA,638-555-9094
2495,Jennifer,Gonzalez,1000002495,Internal Medicine,CO,752-555-5728
2496,Sarah,Anderson,1000002496,Emergency Medicine,CA,783-555-4009
2497,Thomas,Taylor,1000002497,Dermatology,WA,896-555-7009
2498,Elizabeth,Perez,1000002498,Endocrinology,AZ,627-555-4874
2499,Michael,Jackson,1000002499,Internal Medicine,CA,254-555-8091
2500,Daniel,Jones,1000002500,Orthopedics,CA,550-555-4995
2501,David,Wilson,1000002501,Orthopedics,CA,262-555-1706
2502,Christopher,Brown,1000002502,Gastroenterology,TX,323-555-4508
2503,Betty,Johnson,1000002503,Dermatology,AZ,828-555-2021
2504,Lisa,Martin,1000002504,Dermatology,PA,893-555-3480
2505,David,Jackson,1000002505,Cardiology,IL,486-555-4141
2506,William,Jackson,1000002506,Endocrinology,TX,898-555-9262
2507,William,Taylor,1000002507,Pediatrics,CO,505-555-6289
2508,Jessica,Johnson,1000002508,Endocrinology,CA,489-555-5089
2509,Mark,Jackson,1000002509,Emergency Medicine,CA,494-555-6328
2510,Robert,Garcia,1000002510,Oncology,AZ,238-555-8960
2511,Christopher,Jones,1000002511,Emergency Medicine,WA,780-555-2958
2512,Matthew,Taylor,1000002512,Internal Medicine,AZ,756-555-6518
2513,Mary,Anderson,1000002513,Urology,WA,827-555-7909
2514,Charles,Jones,1000002514,Orthopedics,CA,359-555-8209
2515,Matthew,Jones,1000002515,Pediatrics,IL,372-555-6039
2516,Susan,Rodriguez,1000002516,Pulmonology,CO,821-555-4462
2517,John,Martin,1000002517,Emergency Medicine,CA,316-555-3831
2518,David,Thompson,1000002518,Gastroenterology,PA,211-555-6122
2519,Joseph,Gonzalez,1000002519,Gastroenterology,TX,719-555-2072
2520,Charles,Johnson,1000002520,Gastroenterology,CO,430-555-1086
2521,Jennifer,Gonzalez,1000002521,Oncology,IL,507-555-4350
2522,Richard,Davis,1000002522,General Practice,AZ,841-555-7056
2523,Robert,Miller,1000002523,Cardiology,IL,398-555-3497
2524,Michael,Moore,1000002524,Gastroenterology,FL,322-555-3816
2525,Joseph,Hernandez,1000002525,Neurology,WA,949-555-5628
2526,Lisa,Johnson,1000002526,Psychiatry,CA,934-555-3318
2527,Jennifer,Brown,1000002527,Internal Medicine,TX,989-555-3360
2528,Joseph,Williams,1000002528,Internal Medicine,TX,248-555-2897
2529,Patricia,Jones,1000002529,Neurology,CO,980-555-5467
2530,Robert,Thompson,1000002530,Urology,AZ,446-555-9035
2531,Sarah,Johnson,1000002531,Psychiatry,TX,535-555-7514
2532,Christopher,Wilson,1000002532,Neurology,CA,577-555-9146
2533,Karen,Miller,1000002533,Pulmonology,TX,340-555-1813
2534,Patricia,Jones,1000002534,Cardiology,CA,893-555-2824
2535,Thomas,Lopez,1000002535,Emergency Medicine,TX,283-555-9915
2536,Karen,Williams,1000002536,General Practice,NY,528-555-3145
2537,Joseph,Lopez,1000002537,Orthopedics,AZ,454-555-3569
2538,John,Garcia,1000002538,Oncology,FL,529-555-5992
2539,Daniel,Jones,1000002539,Internal Medicine,WA,362-555-7167
2540,Donald,Perez,1000002540,Gastroenterology,AZ,496-555-4137
2541,Richard,Miller,1000002541,Pediatrics,TX,490-555-5386
2542,Lisa,Rodriguez,1000002542,Cardiology,CA,231-555-2987
2543,Christopher,Martin,1000002543,Endocrinology,WA,890-555-4496
2544,Jennifer,Anderson,1000002544,Emergency Medicine,NY,468-555-7082
2545,Matthew,Davis,1000002545,Pediatrics,WA,536-555-3017
2546,Robert,Taylor,1000002546,Orthopedics,CA,694-555-5657
2547,David,Williams,1000002547,Emergency Medicine,PA,885-555-5331
2548,Lisa,Gonzalez,1000002548,Urology,AZ,232-555-8156
2549,Patricia,Johnson,1000002549,Oncology,NY,952-555-1412
2550,Sandra,Smith,1000002550,General Practice,TX,517-555-8398
2551,Charles,Martinez,1000002551,Psychiatry,NY,438-555-4521
2552,Jessica,Martin,1000002552,Neurology,FL,935-555-6014
2553,Jennifer,Hernandez,1000002553,Dermatology,FL,827-555-4570
2554,Joseph,Thompson,1000002554,General Practice,CA,977-555-7166
2555,Daniel,Brown,1000002555,Gastroenterology,TX,701-555-3707
2556,Karen,Anderson,1000002556,Endocrinology,TX,603-555-7191
2557,Ashley,Brown,1000002557,Emergency Medicine,CA,381-555-5763
2558,Betty,Martinez,1000002558,Oncology,CA,300-555-2863
2559,Sarah,Brown,1000002559,Internal Medicine,TX,291-555-3539
2560,Barbara,Thomas,1000002560,Psychiatry,CA,372-555-2555
2561,Richard,Williams,1000002561,Gastroenterology,TX,861-555-4109
2562,Linda,Jones,1000002562,Internal Medicine,TX,591-555-7910
2563,Nancy,Jones,1000002563,Oncology,MA,901-555-2647
2564,James,Brown,1000002564,Emergency Medicine,TX,410-555-4372
2565,Anthony,Thomas,1000002565,Neurology,NY,971-555-4688
2566,Daniel,Lopez,1000002566,Psychiatry,MA,994-555-8418
2567,Linda,Thomas,1000002567,Orthopedics,CO,298-555-1056
2568,Nancy,Brown,1000002568,Pediatrics,IL,795-555-7555
2569,Anthony,Thomas,1000002569,Pediatrics,MA,802-555-6033
2570,Susan,Lee,1000002570,Internal Medicine,FL,397-555-3017
2571,Joseph,Rodriguez,1000002571,Gastroenterology,IL,742-555-3878
2572,David,Rodriguez,1000002572,Cardiology,TX,362-555-8460
2573,David,Davis,1000002573,Orthopedics,IL,982-555-4568
2574,Thomas,Jackson,1000002574,Pulmonology,NY,250-555-4944
2575,William,Rodriguez,1000002575,Oncology,TX,570-555-3921
2576,Anthony,Anderson,1000002576,Endocrinology,TX,856-555-4769
2577,David,Thomas,1000002577,Urology,TX,513-555-6820
2578,Thomas,Rodriguez,1000002578,Cardiology,CA,716-555-5741
2579,David,Brown,1000002579,General Practice,WA,959-555-6671
2580,Karen,Thompson,1000002580,Endocrinology,NY,849-555-1868
2581,Karen,Brown,1000002581,Pediatrics,NY,261-555-4272
2582,Mark,Miller,1000002582,Neurology,IL,245-555-5741
2583,Susan,Williams,1000002583,Orthopedics,TX,334-555-5352
2584,Patricia,Smith,1000002584,General Practice,MA,336-555-5429
2585,Jennifer,Hernandez,1000002585,Endocrinology,MA,677-555-6553
2586,Susan,Thomas,1000002586,Oncology,PA,724-555-5141
2587,David,Lee,1000002587,Neurology,TX,498-555-5689
2588,Jessica,Jackson,1000002588,Cardiology,CA,248-555-6726
2589,Jessica,Wilson,1000002589,Pulmonology,NY,923-555-6027
2590,Elizabeth,Miller,1000002590,Psychiatry,AZ,627-555-4312
2591,Mark,Wilson,1000002591,Internal Medicine,TX,238-555-1643
2592,Elizabeth,Garcia,1000002592,Cardiology,WA,506-555-1843
2593,Charles,Gonzalez,1000002593,Endocrinology,CO,347-555-4884
2594,Patricia,Davis,1000002594,Urology,TX,636-555-3175
2595,Matthew,Garcia,1000002595,Gastroenterology,NY,563-555-4958
2596,Sarah,Williams,1000002596,Oncology,FL,822-555-1725
2597,James,Miller,1000002597,Urology,IL,405-555-1359
2598,Patricia,Martin,1000002598,Oncology,TX,238-555-7743
2599,Sarah,Lee,1000002599,General Practice,TX,332-555-4334
2600,Matthew,Thompson,1000002600,Cardiology,TX,970-555-6731
2601,Margaret,Miller,1000002601,Psychiatry,TX,789-555-5534
2602,Patricia,Hernandez,1000002602,Internal Medicine,TX,217-555-8824
2603,Sarah,Martinez,1000002603,Dermatology,TX,239-555-9204
2604,Thomas,Anderson,1000002604,Endocrinology,CA,684-555-3667
2605,Daniel,Wilson,1000002605,Orthopedics,NY,701-555-9144
2606,Robert,Taylor,1000002606,Cardiology,CA,949-555-4231
2607,Joseph,Anderson,1000002607,Cardiology,CA,408-555-6482
2608,Christopher,Thompson,1000002608,General Practice,CO,261-555-8462
2609,Barbara,Thomas,1000002609,Oncology,CA,443-555-8041
2610,Michael,Rodriguez,1000002610,Cardiology,CA,998-555-8387
2611,Charles,Miller,1000002611,General Practice,TX,675-555-5723
2612,Matthew,Perez,1000002612,Oncology,FL,492-555-8672
2613,Lisa,Brown,1000002613,Psychiatry,CA,796-555-3333
2614,John,Lopez,1000002614,Neurology,CA,405-555-9257
2615,Barbara,Gonzalez,1000002615,Cardiology,TX,806-555-4266
2616,Jessica,Williams,1000002616,Gastroenterology,MA,585-555-1976
2617,Mark,Jones,1000002617,General Practice,CA,819-555-1962
2618,Mary,Anderson,1000002618,Dermatology,FL,926-555-5043
2619,Karen,Perez,1000002619,Cardiology,TX,448-555-7649
2620,Christopher,Gonzalez,1000002620,Orthopedics,TX,953-555-8776
2621,Karen,Anderson,1000002621,Psychiatry,CA,860-555-7412
2622,John,Williams,1000002622,Pulmonology,CA,479-555-9103
2623,Betty,Lee,1000002623,Pediatrics,IL,217-555-1334
2624,Mark,Jackson,1000002624,Emergency Medicine,TX,518-555-9179
2625,James,Rodriguez,1000002625,Psychiatry,CA,977-555-6219
2626,Susan,Hernandez,1000002626,Neurology,WA,399-555-9059
2627,Jessica,Martin,1000002627,Psychiatry,TX,776-555-7681
2628,Thomas,Wilson,1000002628,Psychiatry,TX,361-555-9772
2629,Charles,Gonzalez,1000002629,Psychiatry,WA,495-555-9385
2630,Karen,Gonzalez,1000002630,Pediatrics,CA,372-555-3854
2631,Joseph,Brown,1000002631,Urology,TX,972-555-9096
2632,Joseph,Williams,1000002632,Oncology,CA,707-555-4350
2633,Elizabeth,Davis,1000002633,Pediatrics,TX,445-555-9279
2634,Charles,Jackson,1000002634,Pediatrics,PA,832-555-2331
2635,Betty,Martinez,1000002635,Urology,TX,653-555-5834
2636,Nancy,Moore,1000002636,Orthopedics,FL,963-555-9380
2637,Sarah,Lee,1000002637,Neurology,TX,409-555-7751
2638,Nancy,Martin,1000002638,Urology,AZ,203-555-4463
2639,Mark,Wilson,1000002639,Dermatology,AZ,784-555-7989
2640,Michael,Miller,1000002640,Dermatology,FL,337-555-7220
2641,David,Hernandez,1000002641,Endocrinology,CA,550-555-2322
2642,Thomas,Miller,1000002642,Orthopedics,CO,961-555-6301
2643,Margaret,Garcia,1000002643,Dermatology,CA,988-555-5767
2644,Barbara,Brown,1000002644,Cardiology,IL,205-555-4924
2645,Anthony,Taylor,1000002645,Pediatrics,MA,897-555-5804
2646,Betty,Wilson,1000002646,Neurology,TX,532-555-6916
2647,John,Rodriguez,1000002647,Endocrinology,IL,410-555-4219
2648,Joseph,Anderson,1000002648,Neurology,TX,347-555-5498
2649,William,Anderson,1000002649,Orthopedics,CA,982-555-2883
2650,John,Jones,1000002650,Gastroenterology,CA,283-555-2395
2651,Sarah,Williams,1000002651,Dermatology,AZ,814-555-4215
2652,Joseph,Perez,1000002652,Oncology,CA,668-555-6074
2653,Jennifer,Thompson,1000002653,Dermatology,FL,675-555-5338
2654,Thomas,Davis,1000002654,Orthopedics,TX,582-555-6569
2655,Michael,Smith,1000002655,Orthopedics,NY,915-555-2661
2656,Mark,Davis,1000002656,Emergency Medicine,IL,495-555-5872
2657,Susan,Gonzalez,1000002657,Orthopedics,PA,500-555-6101
2658,Christopher,Davis,1000002658,Gastroenterology,CO,322-555-5642
2659,Barbara,Jackson,1000002659,Gastroenterology,CA,480-555-4278
2660,Jennifer,Martinez,1000002660,Oncology,MA,596-555-6472
2661,Barbara,Jones,1000002661,Gastroenterology,CA,599-555-9134
2662,Christopher,Anderson,1000002662,Pediatrics,WA,633-555-6056
2663,Michael,Brown,1000002663,Psychiatry,NY,239-555-4730
2664,Patricia,Jackson,1000002664,Psychiatry,FL,499-555-9239
2665,Lisa,Jackson,1000002665,Psychiatry,TX,399-555-5370
2666,Elizabeth,Moore,1000002666,Endocrinology,TX,987-555-7880
2667,David,Wilson,1000002667,Orthopedics,AZ,908-555-8034
2668,Margaret,Garcia,1000002668,Neurology,TX,416-555-4646
2669,Robert,Williams,1000002669,Orthopedics,CA,580-555-1521
2670,Mary,Lopez,1000002670,Neurology,TX,846-555-8853
2671,Donald,Brown,1000002671,Emergency Medicine,AZ,982-555-3003
2672,Linda,Martinez,1000002672,Cardiology,MA,648-555-2686
2673,Anthony,Hernandez,1000002673,Dermatology,TX,516-555-5880
2674,William,Gonzalez,1000002674,Dermatology,FL,430-555-7182
2675,Jennifer,Lopez,1000002675,Psychiatry,WA,974-555-1364
2676,Elizabeth,Jones,1000002676,Orthopedics,AZ,585-555-5089
2677,Elizabeth,Thompson,1000002677,Cardiology,WA,311-555-2184
2678,Mary,Lee,1000002678,Gastroenterology,CA,571-555-5831
2679,Karen,Davis,1000002679,Dermatology,TX,582-555-2412
2680,John,Martin,1000002680,Emergency Medicine,TX,332-555-8579
2681,Anthony,Hernandez,1000002681,Internal Medicine,TX,250-555-8983
2682,Lisa,Moore,1000002682,Pediatrics,PA,618-555-4917
2683,Mary,Moore,1000002683,Neurology,CA,718-555-8420
2684,Mary,Perez,1000002684,Urology,TX,736-555-4592
2685,Betty,Garcia,1000002685,Emergency Medicine,TX,341-555-8283
2686,David,Lopez,1000002686,Pediatrics,PA,824-555-8333
2687,Linda,Hernandez,1000002687,Neurology,TX,917-555-9789
2688,Robert,Smith,1000002688,Cardiology,CA,817-555-1248
2689,Ashley,Smith,1000002689,Internal Medicine,FL,291-555-8926
2690,Sandra,Smith,1000002690,Dermatology,TX,926-555-2889
2691,David,Taylor,1000002691,Pulmonology,CA,669-555-1346
2692,Jessica,Lopez,1000002692,Oncology,TX,405-555-3976
2693,Susan,Martin,1000002693,Neurology,TX,622-555-9744
2694,David,Lee,1000002694,Neurology,CO,702-555-2475
2695,William,Davis,1000002695,Cardiology,IL,579-555-2874
2696,Charles,Anderson,1000002696,Emergency Medicine,NY,712-555-1922
2697,Christopher,Jones,1000002697,Pediatrics,PA,683-555-4442
2698,Mark,Miller,1000002698,Gastroenterology,TX,831-555-1235
2699,Matthew,Moore,1000002699,Psychiatry,AZ,980-555-1690
2700,Sarah,Brown,1000002700,Pulmonology,CA,209-555-5712
2701,Charles,Martin,1000002701,Dermatology,IL,536-555-5107
2702,Elizabeth,Jackson,1000002702,Neurology,CA,242-555-1378
2703,Mark,Smith,1000002703,Pediatrics,CA,387-555-9282
2704,Sandra,Wilson,1000002704,Emergency Medicine,CA,725-555-2499
2705,Barbara,Brown,1000002705,Internal Medicine,CA,298-555-9286
2706,Jennifer,Williams,1000002706,Emergency Medicine,CA,985-555-6409
2707,Michael,Smith,1000002707,Psychiatry,MA,989-555-2219
2708,Thomas,Lopez,1000002708,Pulmonology,TX,697-555-2259
2709,Patricia,Taylor,1000002709,Orthopedics,TX,201-555-4105
2710,Jessica,Garcia,1000002710,Oncology,FL,245-555-8320
2711,Elizabeth,Brown,1000002711,Emergency Medicine,TX,991-555-8414
2712,Anthony,Gonzalez,1000002712,Urology,WA,768-555-2837
2713,Mary,Davis,1000002713,Psychiatry,NY,431-555-8583
2714,Robert,Gonzalez,1000002714,Emergency Medicine,IL,822-555-3532
2715,Patricia,Miller,1000002715,Neurology,FL,686-555-6791
2716,David,Davis,1000002716,Oncology,PA,374-555-2287
2717,Linda,Smith,1000002717,Pulmonology,MA,607-555-7969
2718,Sandra,Williams,1000002718,General Practice,PA,871-555-3181
2719,Robert,Garcia,1000002719,Internal Medicine,TX,586-555-8303
2720,Karen,Johnson,1000002720,Gastroenterology,IL,592-555-6786
2721,Richard,Jones,1000002721,General Practice,WA,851-555-8628
2722,Barbara,Hernandez,1000002722,Dermatology,CO,491-555-5678
2723,Lisa,Martinez,1000002723,Gastroenterology,CA,451-555-3345
2724,Matthew,Gonzalez,1000002724,Cardiology,WA,645-555-2521
2725,Mary,Jackson,1000002725,Cardiology,AZ,530-555-9570
2726,Jennifer,Hernandez,1000002726,Orthopedics,CO,894-555-6727
2727,Donald,Lee,1000002727,Pediatrics,IL,202-555-8477
2728,Daniel,Wilson,1000002728,Pediatrics,WA,700-555-1734
2729,Nancy,Moore,1000002729,Emergency Medicine,TX,611-555-9268
2730,James,Johnson,1000002730,Dermatology,TX,845-555-7640
2731,Lisa,Williams,1000002731,Orthopedics,TX,546-555-4460
2732,Lisa,Lopez,1000002732,Dermatology,IL,991-555-4832
2733,Barbara,Perez,1000002733,Cardiology,MA,666-555-2527
2734,William,Perez,1000002734,Pediatrics,PA,856-555-8632
2735,James,Garcia,1000002735,Internal Medicine,CO,997-555-2744
2736,Sandra,Lopez,1000002736,Cardiology,TX,732-555-9757
2737,Sandra,Smith,1000002737,Cardiology,TX,448-555-9691
2738,Michael,Wilson,1000002738,Pulmonology,CA,710-555-7787
2739,Betty,Martinez,1000002739,Endocrinology,CO,997-555-8897
2740,Nancy,Lopez,1000002740,Urology,IL,258-555-9439
2741,Lisa,Brown,1000002741,Gastroenterology,CA,354-555-9944
2742,Betty,Rodriguez,1000002742,Endocrinology,CO,282-555-8789
2743,Jennifer,Thomas,1000002743,Gastroenterology,FL,870-555-2755
2744,James,Rodriguez,1000002744,Oncology,CA,674-555-7571
2745,Michael,Martinez,1000002745,Cardiology,FL,964-555-7246
2746,Lisa,Davis,1000002746,Internal Medicine,CO,486-555-8132
2747,William,Jackson,1000002747,Neurology,PA,227-555-6133
2748,Linda,Rodriguez,1000002748,Endocrinology,IL,727-555-3080
2749,Margaret,Gonzalez,1000002749,Pediatrics,AZ,623-555-7777
2750,Daniel,Rodriguez,1000002750,Urology,CA,508-555-6478
2751,Sandra,Martinez,1000002751,Urology,NY,872-555-2931
2752,Elizabeth,Lopez,1000002752,General Practice,WA,299-555-4888
2753,Sandra,Martinez,1000002753,Orthopedics,TX,644-555-9506
2754,Betty,Wilson,1000002754,Pulmonology,TX,479-555-8093
2755,Sandra,Garcia,1000002755,Emergency Medicine,IL,234-555-6718
2756,Lisa,Moore,1000002756,Gastroenterology,CA,458-555-2513
2757,Betty,Moore,1000002757,Internal Medicine,CA,389-555-2965
2758,Richard,Taylor,1000002758,Orthopedics,AZ,295-555-3731
2759,Joseph,Jackson,1000002759,Pulmonology,AZ,592-555-4640
2760,Joseph,Rodriguez,1000002760,Dermatology,CA,616-555-5190
2761,Barbara,Garcia,1000002761,Neurology,TX,628-555-3101
2762,Mark,Taylor,1000002762,Emergency Medicine,TX,850-555-3220
2763,Daniel,Wilson,1000002763,Neurology,FL,501-555-8812
2764,Ashley,Lee,1000002764,Emergency Medicine,FL,971-555-1374
2765,Patricia,Anderson,1000002765,Oncology,WA,569-555-7759
2766,Sarah,Gonzalez,1000002766,Pulmonology,MA,279-555-1903
2767,Patricia,Brown,1000002767,Oncology,CA,916-555-2054
2768,Donald,Lee,1000002768,Neurology,CA,219-555-6410
2769,Barbara,Moore,1000002769,Pulmonology,TX,750-555-3949
2770,Ashley,Taylor,1000002770,Dermatology,TX,381-555-6640
2771,Ashley,Rodriguez,1000002771,Cardiology,IL,666-555-1966
2772,Lisa,Lopez,1000002772,Emergency Medicine,FL,688-555-9932
2773,Linda,Thompson,1000002773,Cardiology,IL,507-555-7146
2774,Nancy,Gonzalez,1000002774,Orthopedics,AZ,863-555-3002
2775,Betty,Thompson,1000002775,Pulmonology,CO,817-555-1040
2776,James,Wilson,1000002776,Pediatrics,TX,347-555-8190
2777,Anthony,Lee,1000002777,Orthopedics,CO,846-555-7126
2778,William,Lopez,1000002778,Psychiatry,FL,745-555-2716
2779,Karen,Williams,1000002779,Dermatology,MA,833-555-2979
2780,Betty,Rodriguez,1000002780,Endocrinology,TX,567-555-5871
2781,Sarah,Brown,1000002781,Internal Medicine,CO,293-555-3538
2782,Charles,Hernandez,1000002782,Oncology,TX,525-555-6012
2783,Daniel,Lopez,1000002783,General Practice,WA,330-555-7292
2784,Matthew,Rodriguez,1000002784,Orthopedics,AZ,506-555-2556
2785,Jessica,Wilson,1000002785,Urology,FL,319-555-6498
2786,Karen,Smith,1000002786,Neurology,PA,805-555-2653
2787,Linda,Anderson,1000002787,Emergency Medicine,TX,691-555-4927
2788,Charles,Martinez,1000002788,Internal Medicine,TX,219-555-2879
2789,Daniel,Miller,1000002789,Cardiology,FL,360-555-4119
2790,Patricia,Jones,1000002790,Gastroenterology,MA,707-555-4136
2791,Sandra,Jones,1000002791,Urology,TX,392-555-3676
2792,Susan,Hernandez,1000002792,Cardiology,PA,904-555-6697
2793,Karen,Rodriguez,1000002793,Urology,TX,362-555-7247
2794,Ashley,Smith,1000002794,Urology,NY,956-555-4488
2795,Betty,Thompson,1000002795,Gastroenterology,TX,406-555-7899
2796,Michael,Rodriguez,1000002796,Orthopedics,TX,363-555-4504
2797,Charles,Jones,1000002797,Orthopedics,MA,276-555-2708
2798,Jennifer,Gonzalez,1000002798,Gastroenterology,WA,603-555-2622
2799,Jessica,Garcia,1000002799,Pulmonology,TX,766-555-9007
2800,Charles,Taylor,1000002800,Gastroenterology,IL,930-555-3455
2801,Robert,Thompson,1000002801,Pediatrics,CA,646-555-7632
2802,Mary,Smith,1000002802,Cardiology,CA,408-555-9623
2803,Anthony,Johnson,1000002803,Emergency Medicine,NY,918-555-8544
2804,Joseph,Miller,1000002804,Emergency Medicine,MA,640-555-6468
2805,Nancy,Garcia,1000002805,Dermatology,TX,685-555-6403
2806,Patricia,Hernandez,1000002806,General Practice,CA,226-555-1751
2807,Margaret,Miller,1000002807,General Practice,TX,333-555-6271
2808,Sandra,Martin,1000002808,Oncology,AZ,793-555-2038
2809,Linda,Lopez,1000002809,Orthopedics,IL,448-555-2496
2810,Mark,Lee,1000002810,Endocrinology,AZ,967-555-3237
2811,Elizabeth,Johnson,1000002811,Neurology,CA,641-555-7243
2812,Jennifer,Martin,1000002812,Endocrinology,TX,366-555-1040
2813,Lisa,Perez,1000002813,Orthopedics,CO,669-555-4896
2814,Matthew,Moore,1000002814,Neurology,WA,357-555-7277
2815,Matthew,Miller,1000002815,Urology,TX,345-555-4541
2816,Donald,Taylor,1000002816,Pediatrics,PA,909-555-3475
2817,Michael,Jackson,1000002817,Gastroenterology,CA,624-555-6819
2818,Joseph,Lee,1000002818,Orthopedics,TX,386-555-1295
2819,Mary,Jones,1000002819,Orthopedics,PA,352-555-2364
2820,Christopher,Martinez,1000002820,Oncology,MA,531-555-8981
2821,Joseph,Jones,1000002821,Orthopedics,TX,576-555-1973
2822,Charles,Davis,1000002822,Psychiatry,CO,451-555-8240
2823,Lisa,Martinez,1000002823,Dermatology,CA,648-555-9202
2824,Elizabeth,Williams,1000002824,Psychiatry,WA,626-555-4902
2825,Christopher,Martin,1000002825,Urology,TX,810-555-3083
2826,William,Miller,1000002826,Emergency Medicine,TX,648-555-1232
2827,David,Jackson,1000002827,Psychiatry,FL,547-555-8641
2828,Betty,Lopez,1000002828,Dermatology,TX,837-555-1054
2829,Susan,Smith,1000002829,Internal Medicine,PA,893-555-9684
2830,Jessica,Wilson,1000002830,Orthopedics,NY,272-555-7455
2831,Christopher,Davis,1000002831,Urology,PA,605-555-1194
2832,John,Thompson,1000002832,Endocrinology,AZ,401-555-2304
2833,Sarah,Lopez,1000002833,General Practice,CO,763-555-3363
2834,Sandra,Jackson,1000002834,Urology,CA,435-555-7996
2835,William,Williams,1000002835,General Practice,CA,332-555-3384
2836,Lisa,Rodriguez,1000002836,Urology,WA,253-555-1144
2837,Sarah,Taylor,1000002837,Neurology,PA,851-555-3750
2838,Anthony,Smith,1000002838,Pediatrics,IL,546-555-6046
2839,Charles,Garcia,1000002839,Emergency Medicine,WA,620-555-7779
2840,Jessica,Anderson,1000002840,Neurology,PA,907-555-6401
2841,David,Davis,1000002841,Internal Medicine,TX,315-555-2263
2842,Robert,Perez,1000002842,Urology,NY,588-555-6344
2843,Matthew,Rodriguez,1000002843,Internal Medicine,AZ,207-555-1995
2844,Betty,Martinez,1000002844,Oncology,AZ,323-555-3180
2845,Jennifer,Garcia,1000002845,Internal Medicine,CA,324-555-8736
2846,Robert,Martin,1000002846,Pulmonology,PA,297-555-5603
2847,William,Johnson,1000002847,Cardiology,AZ,764-555-9661
2848,Susan,Jones,1000002848,Pulmonology,TX,471-555-6962
2849,William,Moore,1000002849,Urology,TX,988-555-6832
2850,James,Hernandez,1000002850,Pediatrics,CA,377-555-5449
2851,Sandra,Taylor,1000002851,Pulmonology,CO,615-555-4256
2852,Christopher,Taylor,1000002852,Emergency Medicine,MA,542-555-6740
2853,Margaret,Williams,1000002853,Pediatrics,CA,377-555-4194
2854,Ashley,Jones,1000002854,Cardiology,TX,870-555-6390
2855,William,Lee,1000002855,Pulmonology,TX,933-555-4669
2856,Mary,Williams,1000002856,Gastroenterology,MA,722-555-2673
2857,Jessica,Hernandez,1000002857,Psychiatry,CO,597-555-8728
2858,William,Martinez,1000002858,Internal Medicine,AZ,425-555-6867
2859,Robert,Johnson,1000002859,Pediatrics,WA,715-555-3609
2860,Susan,Lee,1000002860,Neurology,FL,832-555-7372
2861,Betty,Williams,1000002861,Gastroenterology,TX,319-555-1390
2862,Betty,Thomas,1000002862,Orthopedics,TX,717-555-6214
2863,Mary,Gonzalez,1000002863,Emergency Medicine,AZ,481-555-8135
2864,Mary,Perez,1000002864,Pediatrics,FL,668-555-4631
2865,Charles,Williams,1000002865,Dermatology,TX,397-555-9281
2866,Daniel,Gonzalez,1000002866,Internal Medicine,IL,304-555-3971
2867,John,Garcia,1000002867,Internal Medicine,TX,426-555-9667
2868,Margaret,Miller,1000002868,General Practice,TX,547-555-7427
2869,Nancy,Martin,1000002869,General Practice,CA,875-555-2073
2870,John,Williams,1000002870,Pulmonology,TX,490-555-9187
2871,William,Jackson,1000002871,Dermatology,CA,523-555-2045
2872,Matthew,Davis,1000002872,Oncology,WA,865-555-9319
2873,William,Lopez,1000002873,Urology,CA,704-555-4542
2874,William,Moore,1000002874,Internal Medicine,TX,999-555-2443
2875,Sandra,Johnson,1000002875,Dermatology,TX,703-555-7723
2876,William,Miller,1000002876,Gastroenterology,IL,259-555-3178
2877,Betty,Martinez,1000002877,Pediatrics,TX,606-555-2322
2878,Robert,Taylor,1000002878,Orthopedics,NY,382-555-9438
2879,Susan,Johnson,1000002879,Oncology,CA,236-555-5741
2880,Robert,Martin,1000002880,Psychiatry,TX,316-555-7931
2881,David,Perez,1000002881,General Practice,TX,631-555-1662
2882,Robert,Williams,1000002882,Pulmonology,FL,736-555-3829
2883,Sarah,Jackson,1000002883,Orthopedics,TX,234-555-1944
2884,Richard,Smith,1000002884,Psychiatry,TX,328-555-5883
2885,Christopher,Gonzalez,1000002885,Internal Medicine,CA,743-555-4348
2886,Mary,Miller,1000002886,Psychiatry,FL,606-555-2541
2887,Thomas,Brown,1000002887,Dermatology,MA,996-555-8235
2888,Lisa,Smith,1000002888,Pediatrics,AZ,370-555-2167
2889,Christopher,Brown,1000002889,Dermatology,MA,474-555-5173
2890,Joseph,Moore,1000002890,Pediatrics,NY,475-555-1451
2891,Charles,Miller,1000002891,Pulmonology,TX,388-555-3003
2892,Richard,Lopez,1000002892,Psychiatry,TX,854-555-4483
2893,Sarah,Thomas,1000002893,Endocrinology,CA,919-555-9886
2894,Anthony,Rodriguez,1000002894,Oncology,CA,997-555-3531
2895,Betty,Garcia,1000002895,Pulmonology,CO,282-555-2223
2896,Patricia,Wilson,1000002896,Emergency Medicine,TX,619-555-1312
2897,Ashley,Williams,1000002897,Gastroenterology,NY,435-555-4104
2898,Elizabeth,Anderson,1000002898,Emergency Medicine,CA,599-555-2749
2899,Michael,Taylor,1000002899,General Practice,TX,642-555-4330
2900,Mark,Davis,1000002900,Psychiatry,CA,340-555-5067
2901,James,Perez,1000002901,Endocrinology,TX,531-555-4448
2902,Charles,Williams,1000002902,Endocrinology,NY,733-555-9468
2903,Thomas,Jackson,1000002903,Emergency Medicine,FL,887-555-1739
2904,Mary,Lopez,1000002904,Endocrinology,PA,506-555-9389
2905,Donald,Rodriguez,1000002905,General Practice,AZ,208-555-8626
2906,Charles,Jackson,1000002906,Gastroenterology,CA,572-555-9714
2907,Joseph,Gonzalez,1000002907,Emergency Medicine,IL,345-555-6189
2908,Jessica,Miller,1000002908,Urology,MA,333-555-5185
2909,Jessica,Garcia,1000002909,General Practice,CA,998-555-4832
2910,Christopher,Hernandez,1000002910,Pediatrics,TX,882-555-8092
2911,Patricia,Miller,1000002911,General Practice,TX,442-555-8711
2912,Daniel,Thomas,1000002912,Pulmonology,PA,868-555-8566
2913,Daniel,Smith,1000002913,Neurology,CA,552-555-9773
2914,Mark,Davis,1000002914,Neurology,TX,668-555-8559
2915,Linda,Hernandez,1000002915,Neurology,WA,453-555-2709
2916,Mark,Miller,1000002916,Pediatrics,IL,502-555-6074
2917,Nancy,Davis,1000002917,Orthopedics,CA,382-555-3442
2918,Jessica,Wilson,1000002918,Cardiology,FL,932-555-4391
2919,Thomas,Wilson,1000002919,Neurology,WA,744-555-2041
2920,John,Lopez,1000002920,Gastroenterology,FL,578-555-2490
2921,Charles,Jones,1000002921,General Practice,CA,229-555-4761
2922,James,Lopez,1000002922,Oncology,AZ,424-555-3358
2923,Charles,Moore,1000002923,Neurology,CA,322-555-2958
2924,Matthew,Miller,1000002924,Pediatrics,MA,352-555-8340
2925,Sarah,Lee,1000002925,Psychiatry,CA,808-555-6546
2926,James,Thomas,1000002926,Internal Medicine,TX,901-555-2766
2927,Joseph,Hernandez,1000002927,Urology,FL,948-555-9860
2928,James,Moore,1000002928,Cardiology,CA,940-555-6301
2929,Sarah,Anderson,1000002929,Cardiology,CA,289-555-5950
2930,Robert,Miller,1000002930,Pulmonology,WA,668-555-2623
2931,Elizabeth,Garcia,1000002931,Pulmonology,MA,269-555-3388
2932,Linda,Williams,1000002932,Orthopedics,WA,351-555-5850
2933,Margaret,Martin,1000002933,Neurology,IL,521-555-4172
2934,Nancy,Martinez,1000002934,Pulmonology,AZ,787-555-3152
2935,Daniel,Johnson,1000002935,Urology,CO,915-555-6445
2936,Richard,Perez,1000002936,Cardiology,TX,550-555-7194
2937,Christopher,Moore,1000002937,General Practice,TX,793-555-8800
2938,Mark,Martinez,1000002938,Urology,IL,812-555-1721
2939,Charles,Smith,1000002939,Internal Medicine,WA,371-555-7827
2940,Anthony,Moore,1000002940,General Practice,IL,426-555-3707
2941,Christopher,Brown,1000002941,Pulmonology,TX,633-555-7234
2942,Sarah,Wilson,1000002942,Gastroenterology,MA,848-555-2550
2943,Susan,Wilson,1000002943,General Practice,CO,529-555-9011
2944,Jennifer,Brown,1000002944,Oncology,WA,678-555-8229
2945,Barbara,Martin,1000002945,Endocrinology,AZ,629-555-9406
2946,Christopher,Miller,1000002946,Psychiatry,CA,689-555-5680
2947,Lisa,Martinez,1000002947,Pediatrics,CA,432-555-2816
2948,William,Garcia,1000002948,Internal Medicine,MA,467-555-6529
2949,Sandra,Wilson,1000002949,Dermatology,NY,846-555-8277
2950,Jessica,Lopez,1000002950,Psychiatry,CO,998-555-3600
2951,Robert,Lee,1000002951,Neurology,TX,813-555-1965
2952,Daniel,Williams,1000002952,Endocrinology,CA,240-555-8662
2953,Jessica,Moore,1000002953,Orthopedics,AZ,333-555-2732
2954,Anthony,Wilson,1000002954,Emergency Medicine,FL,914-555-4615
2955,Donald,Williams,1000002955,Pediatrics,NY,717-555-2537
2956,Joseph,Brown,1000002956,Gastroenterology,WA,325-555-1652
2957,Nancy,Lee,1000002957,Orthopedics,NY,747-555-3464
2958,Thomas,Thomas,1000002958,Dermatology,CA,874-555-3985
2959,Matthew,Davis,1000002959,Urology,TX,714-555-1742
2960,Nancy,Gonzalez,1000002960,Pulmonology,MA,506-555-4436
2961,Anthony,Jones,1000002961,Pediatrics,IL,723-555-9329
2962,Nancy,Hernandez,1000002962,Psychiatry,MA,263-555-1505
2963,Nancy,Johnson,1000002963,Orthopedics,FL,920-555-6540
2964,Sandra,Garcia,1000002964,General Practice,TX,607-555-9007
2965,Sandra,Martinez,1000002965,Neurology,CA,787-555-7064
2966,Christopher,Brown,1000002966,General Practice,FL,517-555-3163
2967,James,Lopez,1000002967,Urology,CA,273-555-5764
2968,Ashley,Jackson,1000002968,Oncology,CA,427-555-6243
2969,Mary,Wilson,1000002969,Gastroenterology,WA,728-555-2870
2970,Elizabeth,Smith,1000002970,Internal Medicine,TX,983-555-5909
2971,Mark,Wilson,1000002971,Pulmonology,CA,376-555-3689
2972,William,Martinez,1000002972,Emergency Medicine,CA,703-555-2244
2973,Joseph,Thomas,1000002973,Dermatology,MA,713-555-2879
2974,David,Williams,1000002974,Internal Medicine,TX,708-555-3387
2975,Anthony,Martinez,1000002975,Orthopedics,IL,339-555-5509
2976,Patricia,Gonzalez,1000002976,Orthopedics,CA,277-555-9270
2977,John,Williams,1000002977,Dermatology,PA,504-555-6868
2978,James,Moore,1000002978,Endocrinology,CA,807-555-6391
2979,Susan,Johnson,1000002979,Endocrinology,AZ,687-555-4485
2980,Linda,Taylor,1000002980,Pulmonology,WA,398-555-1360
2981,Susan,Anderson,1000002981,Pediatrics,NY,434-555-3586
2982,Daniel,Davis,1000002982,Pulmonology,CA,450-555-3440
2983,Sandra,Rodriguez,1000002983,Pediatrics,TX,967-555-4166
2984,Joseph,Perez,1000002984,Gastroenterology,TX,516-555-9816
2985,Robert,Williams,1000002985,Urology,AZ,490-555-9585
2986,Anthony,Thompson,1000002986,Psychiatry,WA,679-555-9721
2987,Karen,Garcia,1000002987,Dermatology,IL,374-555-9918
2988,Charles,Williams,1000002988,Dermatology,AZ,387-555-3528
2989,Anthony,Smith,1000002989,Neurology,IL,240-555-9468
2990,Mary,Hernandez,1000002990,Pediatrics,TX,430-555-2973
2991,Margaret,Martin,1000002991,Psychiatry,CA,329-555-3996
2992,Christopher,Miller,1000002992,Cardiology,CA,390-555-4426
2993,Richard,Davis,1000002993,Pediatrics,TX,852-555-4824
2994,Joseph,Thomas,1000002994,Neurology,FL,804-555-4139
2995,Betty,Miller,1000002995,Urology,TX,567-555-5583
2996,Daniel,Jackson,1000002996,Emergency Medicine,FL,769-555-4359
2997,David,Davis,1000002997,Pulmonology,WA,224-555-4565
2998,John,Thompson,1000002998,Dermatology,TX,835-555-6625
2999,Christopher,Perez,1000002999,Emergency Medicine,AZ,714-555-2894
3000,Mary,Lopez,1000003000,Pulmonology,CO,615-555-3446
3001,Anthony,Rodriguez,1000003001,Urology,IL,514-555-8136
3002,Michael,Anderson,1000003002,General Practice,TX,315-555-1224
3003,Nancy,Martinez,1000003003,General Practice,NY,268-555-3645
3004,Matthew,Gonzalez,1000003004,Dermatology,TX,287-555-7790
3005,Lisa,Garcia,1000003005,Urology,NY,437-555-2939
3006,Margaret,Jackson,1000003006,Endocrinology,TX,901-555-8482
3007,James,Davis,1000003007,Endocrinology,TX,845-555-7992
3008,Linda,Garcia,1000003008,Gastroenterology,TX,811-555-5520
3009,Nancy,Wilson,1000003009,Psychiatry,TX,998-555-5300
3010,Mark,Moore,1000003010,Neurology,NY,496-555-3621
3011,Lisa,Lee,1000003011,Dermatology,IL,480-555-3345
3012,Mark,Johnson,1000003012,Gastroenterology,TX,319-555-1470
3013,Charles,Anderson,1000003013,Gastroenterology,PA,481-555-3281
3014,Barbara,Taylor,1000003014,Cardiology,PA,859-555-6739
3015,Christopher,Jackson,1000003015,Gastroenterology,AZ,662-555-2176
3016,Mary,Thompson,1000003016,Dermatology,TX,874-555-1269
3017,Sandra,Perez,1000003017,Internal Medicine,TX,884-555-4738
3018,Elizabeth,Smith,1000003018,Endocrinology,TX,239-555-8517
3019,Jennifer,Perez,1000003019,Cardiology,AZ,261-555-1618
3020,Donald,Jackson,1000003020,Psychiatry,TX,596-555-3203
3021,Richard,Lee,1000003021,Cardiology,IL,645-555-3746
3022,Margaret,Jackson,1000003022,Psychiatry,TX,313-555-8032
3023,David,Jones,1000003023,Internal Medicine,TX,541-555-5653
3024,Michael,Taylor,1000003024,Orthopedics,WA,899-555-4561
3025,Thomas,Smith,1000003025,General Practice,AZ,845-555-4531
3026,Charles,Hernandez,1000003026,Emergency Medicine,CO,725-555-9941
3027,William,Rodriguez,1000003027,Dermatology,MA,390-555-6532
3028,Joseph,Thompson,1000003028,Pulmonology,PA,829-555-7760
3029,Patricia,Johnson,1000003029,Pediatrics,CA,879-555-9986
3030,David,Hernandez,1000003030,Psychiatry,TX,568-555-3615
3031,Elizabeth,Gonzalez,1000003031,Psychiatry,TX,692-555-7530
3032,Betty,Johnson,1000003032,Pulmonology,NY,238-555-4696
3033,Anthony,Johnson,1000003033,Oncology,TX,659-555-7476
3034,Thomas,Miller,1000003034,Orthopedics,CA,440-555-6475
3035,Sarah,Gonzalez,1000003035,Gastroenterology,FL,693-555-2954
3036,Betty,Taylor,1000003036,Orthopedics,CO,815-555-5951
3037,Matthew,Taylor,1000003037,Internal Medicine,CA,461-555-1389
3038,Sarah,Martin,1000003038,Orthopedics,CA,857-555-1009
3039,Jessica,Wilson,1000003039,Oncology,CA,922-555-2911
3040,Sandra,Johnson,1000003040,Endocrinology,PA,998-555-6349
3041,Anthony,Miller,1000003041,Gastroenterology,FL,262-555-6348
3042,Jessica,Hernandez,1000003042,Gastroenterology,NY,460-555-8094
3043,Sarah,Miller,1000003043,General Practice,TX,321-555-2195
3044,William,Wilson,1000003044,General Practice,TX,801-555-1774
3045,William,Jones,1000003045,Dermatology,WA,204-555-6213
3046,Jessica,Lopez,1000003046,Gastroenterology,CA,341-555-8637
3047,John,Davis,1000003047,Emergency Medicine,TX,870-555-4924
3048,John,Taylor,1000003048,General Practice,MA,660-555-5042
3049,Charles,Perez,1000003049,Internal Medicine,CA,784-555-6821
3050,John,Wilson,1000003050,Gastroenterology,TX,306-555-2644
3051,Margaret,Jones,1000003051,Urology,TX,768-555-3959
3052,Lisa,Smith,1000003052,Dermatology,MA,695-555-3934
3053,Joseph,Garcia,1000003053,Orthopedics,NY,627-555-1903
3054,Ashley,Lopez,1000003054,Psychiatry,FL,227-555-1728
3055,Patricia,Brown,1000003055,General Practice,FL,563-555-6926
3056,Matthew,Davis,1000003056,Urology,MA,429-555-3400
3057,John,Brown,1000003057,Emergency Medicine,TX,631-555-7088
3058,Lisa,Lopez,1000003058,General Practice,TX,368-555-3213
3059,Michael,Martinez,1000003059,Dermatology,TX,623-555-5757
3060,Anthony,Williams,1000003060,Internal Medicine,IL,522-555-4944
3061,Joseph,Davis,1000003061,Pulmonology,NY,364-555-4652
3062,Joseph,Wilson,1000003062,Pulmonology,NY,588-555-3315
3063,Joseph,Martin,1000003063,Urology,TX,817-555-4841
3064,Thomas,Thomas,1000003064,Urology,WA,929-555-1060
3065,Mark,Hernandez,1000003065,Neurology,NY,475-555-3713
3066,Sandra,Martinez,1000003066,Internal Medicine,IL,886-555-5113
3067,Richard,Jackson,1000003067,Dermatology,IL,726-555-1939
3068,Susan,Martin,1000003068,Dermatology,CA,367-555-4961
3069,Thomas,Thompson,1000003069,Urology,CA,854-555-3209
3070,Ashley,Jones,1000003070,Oncology,TX,373-555-8378
3071,John,Moore,1000003071,Dermatology,PA,583-555-7930
3072,Patricia,Moore,1000003072,Psychiatry,CO,904-555-8858
3073,Charles,Thompson,1000003073,Pediatrics,WA,240-555-8948
3074,John,Moore,1000003074,Urology,TX,376-555-6023
3075,Mary,Anderson,1000003075,Pulmonology,TX,636-555-5166
3076,Robert,Gonzalez,1000003076,Cardiology,CO,966-555-3957
3077,Thomas,Lee,1000003077,Orthopedics,CA,663-555-1610
3078,Lisa,Martin,1000003078,Oncology,TX,730-555-6415
3079,Ashley,Miller,1000003079,Emergency Medicine,CA,749-555-3571
3080,Matthew,Wilson,1000003080,Pediatrics,TX,219-555-3033
3081,Linda,Taylor,1000003081,Internal Medicine,AZ,396-555-8627
3082,Lisa,Moore,1000003082,Emergency Medicine,TX,548-555-9345
3083,Barbara,Hernandez,1000003083,Pulmonology,PA,863-555-3078
3084,Margaret,Garcia,1000003084,Orthopedics,CA,236-555-9831
3085,David,Davis,1000003085,Oncology,TX,522-555-3680
3086,Christopher,Hernandez,1000003086,Orthopedics,FL,621-555-2447
3087,Jessica,Hernandez,1000003087,Cardiology,IL,583-555-5734
3088,Sandra,Hernandez,1000003088,Dermatology,MA,896-555-9087
3089,Sarah,Williams,1000003089,Orthopedics,WA,699-555-3796
3090,Margaret,Miller,1000003090,Dermatology,WA,947-555-1898
3091,Susan,Smith,1000003091,Pediatrics,TX,554-555-6725
3092,Mark,Gonzalez,1000003092,Pulmonology,NY,584-555-5913
3093,William,Garcia,1000003093,Internal Medicine,IL,264-555-3075
3094,Betty,Thomas,1000003094,Pulmonology,CA,209-555-5852
3095,David,Martinez,1000003095,Pediatrics,WA,631-555-7358
3096,Donald,Taylor,1000003096,Psychiatry,FL,293-555-6056
3097,Sarah,Jackson,1000003097,General Practice,IL,937-555-3397
3098,Thomas,Thomas,1000003098,Urology,TX,453-555-9143
3099,Susan,Davis,1000003099,Oncology,TX,236-555-6037
3100,Karen,Taylor,1000003100,Cardiology,FL,290-555-4319
3101,Christopher,Jackson,1000003101,Internal Medicine,CA,255-555-1632
3102,Charles,Wilson,1000003102,Pediatrics,TX,253-555-4475
3103,Richard,Lee,1000003103,Emergency Medicine,MA,231-555-8918
3104,William,Lopez,1000003104,Urology,FL,606-555-3501
3105,Barbara,Williams,1000003105,Cardiology,CA,844-555-3920
3106,Patricia,Miller,1000003106,Pediatrics,WA,427-555-7453
3107,Betty,Garcia,1000003107,Internal Medicine,TX,679-555-5493
3108,Robert,Martinez,1000003108,Emergency Medicine,MA,597-555-2216
3109,Margaret,Smith,1000003109,Neurology,NY,750-555-2647
3110,Anthony,Moore,1000003110,Psychiatry,WA,669-555-9878
3111,Margaret,Jones,1000003111,Cardiology,CO,547-555-5700
3112,David,Davis,1000003112,Dermatology,TX,488-555-5341
3113,Lisa,Hernandez,1000003113,General Practice,FL,541-555-4057
3114,Barbara,Williams,1000003114,Psychiatry,CA,378-555-5386
3115,Nancy,Lopez,1000003115,Dermatology,MA,344-555-2563
3116,Daniel,Williams,1000003116,Pulmonology,CA,566-555-5043
3117,John,Moore,1000003117,Dermatology,TX,511-555-8804
3118,Michael,Wilson,1000003118,Orthopedics,TX,227-555-2802
3119,James,Lee,1000003119,Urology,TX,233-555-8476
3120,Richard,Wilson,1000003120,Neurology,NY,336-555-8703
3121,David,Lee,1000003121,Oncology,CA,753-555-9308
3122,Jessica,Lee,1000003122,Psychiatry,TX,418-555-6950
3123,Richard,Johnson,1000003123,Emergency Medicine,TX,852-555-6675
3124,Linda,Taylor,1000003124,Oncology,MA,477-555-6121
3125,Michael,Brown,1000003125,Emergency Medicine,TX,715-555-7713
3126,Ashley,Thompson,1000003126,Gastroenterology,TX,689-555-7584
3127,Sarah,Martinez,1000003127,Pediatrics,TX,477-555-1812
3128,Karen,Brown,1000003128,Internal Medicine,NY,847-555-2321
3129,Ashley,Moore,1000003129,Pediatrics,AZ,261-555-5521
3130,Daniel,Martinez,1000003130,Endocrinology,CA,371-555-9139
3131,Jennifer,Anderson,1000003131,Orthopedics,TX,895-555-4112
3132,Anthony,Martinez,1000003132,Gastroenterology,AZ,901-555-2904
3133,James,Jones,1000003133,Urology,PA,544-555-8619
3134,Sandra,Martinez,1000003134,Orthopedics,MA,875-555-5748
3135,Betty,Smith,1000003135,Psychiatry,WA,356-555-7116
3136,Christopher,Garcia,1000003136,Internal Medicine,NY,888-555-9115
3137,Sarah,Perez,1000003137,Urology,PA,323-555-6874
3138,Robert,Wilson,1000003138,Psychiatry,TX,870-555-7690
3139,Jessica,Garcia,1000003139,Gastroenterology,WA,304-555-2504
3140,Joseph,Williams,1000003140,Internal Medicine,NY,360-555-4251
3141,Nancy,Taylor,1000003141,General Practice,MA,293-555-6090
3142,David,Thompson,1000003142,Gastroenterology,NY,626-555-5593
3143,Robert,Brown,1000003143,Orthopedics,AZ,927-555-5769
3144,Linda,Lopez,1000003144,Orthopedics,IL,615-555-2566
3145,Charles,Taylor,1000003145,Oncology,CA,984-555-1694
3146,Linda,Thomas,1000003146,Endocrinology,WA,536-555-4251
3147,Susan,Perez,1000003147,Internal Medicine,NY,531-555-7357
3148,Elizabeth,Thompson,1000003148,General Practice,IL,791-555-4103
3149,William,Johnson,1000003149,Orthopedics,TX,666-555-1435
3150,Mark,Miller,1000003150,Urology,CA,997-555-9704
3151,Susan,Thomas,1000003151,Psychiatry,CA,226-555-4819
3152,Mark,Martin,1000003152,Psychiatry,TX,686-555-6991
3153,Sandra,Johnson,1000003153,Pulmonology,MA,926-555-2414
3154,Betty,Williams,1000003154,Urology,CA,561-555-9257
3155,Linda,Wilson,1000003155,Cardiology,CA,860-555-7564
3156,Sarah,Brown,1000003156,Internal Medicine,FL,945-555-8753
3157,Daniel,Lee,1000003157,Gastroenterology,PA,782-555-2758
3158,Jessica,Smith,1000003158,Dermatology,CA,835-555-6041
3159,Joseph,Wilson,1000003159,Endocrinology,TX,924-555-9566
3160,Mark,Garcia,1000003160,Neurology,PA,618-555-3628
3161,Linda,Taylor,1000003161,Pediatrics,IL,766-555-9122
3162,Robert,Lopez,1000003162,Neurology,TX,451-555-5143
3163,Karen,Hernandez,1000003163,Orthopedics,TX,292-555-4934
3164,Richard,Smith,1000003164,Urology,CA,721-555-4058
3165,Richard,Moore,1000003165,Emergency Medicine,CA,765-555-1348
3166,Margaret,Wilson,1000003166,Oncology,FL,396-555-2133
3167,Ashley,Martinez,1000003167,Endocrinology,CA,508-555-3689
3168,Margaret,Rodriguez,1000003168,Gastroenterology,CA,529-555-9025
3169,Mark,Wilson,1000003169,Emergency Medicine,TX,755-555-5011
3170,Ashley,Jackson,1000003170,Dermatology,TX,302-555-2640
3171,Donald,Perez,1000003171,Gastroenterology,PA,722-555-8993
3172,Daniel,Hernandez,1000003172,Pulmonology,IL,326-555-1568
3173,Mark,Brown,1000003173,Urology,CA,834-555-8455
3174,Mary,Johnson,1000003174,Psychiatry,FL,585-555-1176
3175,William,Jackson,1000003175,Internal Medicine,AZ,289-555-5121
3176,Karen,Gonzalez,1000003176,Dermatology,CA,850-555-3755
3177,Betty,Smith,1000003177,Orthopedics,CO,455-555-7463
3178,Nancy,Anderson,1000003178,Cardiology,TX,202-555-4891
3179,Anthony,Perez,1000003179,Emergency Medicine,CA,243-555-5895
3180,Matthew,Davis,1000003180,Dermatology,WA,448-555-4740
3181,Nancy,Perez,1000003181,Endocrinology,PA,290-555-7028
3182,Patricia,Thompson,1000003182,General Practice,MA,698-555-1585
3183,Charles,Lopez,1000003183,Orthopedics,IL,347-555-4897
3184,Jessica,Thomas,1000003184,Internal Medicine,CA,851-555-6663
3185,Elizabeth,Garcia,1000003185,Oncology,MA,622-555-4996
3186,Robert,Thomas,1000003186,Endocrinology,TX,458-555-8623
3187,Daniel,Thompson,1000003187,Pulmonology,NY,243-555-2580
3188,Sandra,Lee,1000003188,Emergency Medicine,TX,386-555-4688
3189,Joseph,Johnson,1000003189,Dermatology,CO,208-555-2993
3190,Richard,Brown,1000003190,Dermatology,MA,624-555-7705
3191,Sarah,Martinez,1000003191,Orthopedics,CA,870-555-7029
3192,Sandra,Smith,1000003192,Emergency Medicine,TX,556-555-4792
3193,Linda,Johnson,1000003193,Pediatrics,TX,927-555-2920
3194,Michael,Jones,1000003194,Gastroenterology,TX,454-555-6031
3195,Patricia,Lopez,1000003195,Dermatology,TX,646-555-2377
3196,James,Jones,1000003196,Oncology,TX,712-555-9569
3197,Michael,Gonzalez,1000003197,Pediatrics,AZ,253-555-1963
3198,Margaret,Lopez,1000003198,Pediatrics,TX,746-555-8030
3199,Jennifer,Jones,1000003199,Orthopedics,CA,218-555-3161
3200,Richard,Moore,1000003200,Cardiology,TX,923-555-5802
3201,Karen,Lopez,1000003201,Cardiology,AZ,568-555-6648
3202,Lisa,Perez,1000003202,Urology,CA,845-555-4903
3203,Patricia,Brown,1000003203,Endocrinology,TX,301-555-6405
3204,Thomas,Miller,1000003204,Pediatrics,AZ,211-555-1786
3205,Anthony,Wilson,1000003205,Dermatology,TX,877-555-5467
3206,Mary,Thompson,1000003206,Pulmonology,IL,602-555-5789
3207,Mary,Williams,1000003207,Gastroenterology,NY,229-555-6294
3208,Ashley,Martinez,1000003208,Pediatrics,AZ,864-555-9534
3209,Lisa,Wilson,1000003209,Dermatology,TX,881-555-6815
3210,William,Moore,1000003210,Orthopedics,CA,205-555-8115
3211,Sarah,Rodriguez,1000003211,Psychiatry,MA,707-555-2740
3212,Mary,Rodriguez,1000003212,Pulmonology,CA,803-555-6701
3213,Lisa,Wilson,1000003213,Emergency Medicine,FL,287-555-5323
3214,Betty,Smith,1000003214,Emergency Medicine,TX,527-555-1878
3215,Margaret,Brown,1000003215,Pulmonology,CA,978-555-5091
3216,Patricia,Johnson,1000003216,Cardiology,TX,295-555-9914
3217,David,Miller,1000003217,Dermatology,CA,557-555-9017
3218,Mark,Gonzalez,1000003218,Psychiatry,WA,944-555-5360
3219,Michael,Jackson,1000003219,Pulmonology,CA,348-555-1737
3220,Sandra,Thompson,1000003220,Gastroenterology,WA,754-555-1256
3221,David,Rodriguez,1000003221,Oncology,CO,538-555-6947
3222,Anthony,Brown,1000003222,Pediatrics,PA,222-555-3892
3223,Robert,Smith,1000003223,Pulmonology,TX,228-555-2813
3224,Nancy,Taylor,1000003224,Pediatrics,AZ,518-555-9902
3225,Susan,Johnson,1000003225,Pulmonology,TX,834-555-2787
3226,John,Lopez,1000003226,Urology,WA,279-555-5290
3227,Barbara,Williams,1000003227,Cardiology,TX,421-555-3239
3228,Karen,Johnson,1000003228,Urology,CA,320-555-2257
3229,Charles,Taylor,1000003229,Cardiology,MA,458-555-7909
3230,Patricia,Miller,1000003230,Neurology,NY,577-555-7496
3231,Karen,Thompson,1000003231,Endocrinology,CA,984-555-8826
3232,Barbara,Anderson,1000003232,General Practice,TX,985-555-3727
3233,Margaret,Davis,1000003233,Gastroenterology,IL,824-555-3188
3234,David,Rodriguez,1000003234,Pediatrics,NY,526-555-5077
3235,Betty,Smith,1000003235,Urology,CO,749-555-3086
3236,Jessica,Rodriguez,1000003236,Gastroenterology,MA,759-555-1622
3237,Robert,Taylor,1000003237,Orthopedics,CA,881-555-4203
3238,Jessica,Garcia,1000003238,Emergency Medicine,PA,757-555-2337
3239,William,Thompson,1000003239,Emergency Medicine,TX,732-555-3671
3240,Elizabeth,Lee,1000003240,Internal Medicine,TX,267-555-6803
3241,Susan,Martin,1000003241,Gastroenterology,FL,273-555-8217
3242,Matthew,Williams,1000003242,Gastroenterology,NY,270-555-4116
3243,David,Anderson,1000003243,Neurology,CA,834-555-2784
3244,Matthew,Jones,1000003244,Orthopedics,PA,849-555-5145
3245,Margaret,Taylor,1000003245,General Practice,IL,431-555-5727
3246,Nancy,Wilson,1000003246,Endocrinology,IL,339-555-4309
3247,Richard,Hernandez,1000003247,General Practice,TX,988-555-9872
3248,Daniel,Martin,1000003248,Neurology,CO,307-555-5433
3249,Betty,Anderson,1000003249,Emergency Medicine,TX,923-555-3700
3250,Jessica,Lopez,1000003250,Pediatrics,MA,275-555-3082
3251,Michael,Hernandez,1000003251,Psychiatry,IL,230-555-4425
3252,Christopher,Brown,1000003252,General Practice,TX,849-555-2303
3253,Thomas,Thompson,1000003253,Emergency Medicine,MA,468-555-6139
3254,Karen,Thomas,1000003254,Dermatology,TX,533-555-1987
3255,Jennifer,Miller,1000003255,Endocrinology,AZ,787-555-3484
3256,Margaret,Garcia,1000003256,Cardiology,FL,355-555-8989
3257,Linda,Miller,1000003257,Dermatology,CA,972-555-3952
3258,Joseph,Martinez,1000003258,Pediatrics,TX,736-555-3678
3259,Richard,Jones,1000003259,Urology,CA,988-555-1586
3260,John,Moore,1000003260,Orthopedics,CA,203-555-6715
3261,Ashley,Lopez,1000003261,Psychiatry,TX,332-555-6458
3262,Donald,Thomas,1000003262,Pulmonology,AZ,960-555-5954
3263,Jennifer,Rodriguez,1000003263,Internal Medicine,MA,569-555-2611
3264,Matthew,Moore,1000003264,Endocrinology,TX,792-555-1219
3265,Margaret,Moore,1000003265,Cardiology,CA,757-555-1037
3266,Karen,Thompson,1000003266,General Practice,NY,738-555-4005
3267,Margaret,Miller,1000003267,Neurology,TX,591-555-2176
3268,Linda,Miller,1000003268,Endocrinology,NY,639-555-8532
3269,Daniel,Perez,1000003269,Neurology,PA,295-555-7709
3270,David,Wilson,1000003270,Pediatrics,CA,459-555-9171
3271,Nancy,Wilson,1000003271,Gastroenterology,PA,272-555-1863
3272,Charles,Jackson,1000003272,Cardiology,NY,949-555-6499
3273,Anthony,Brown,1000003273,Pulmonology,TX,878-555-8283
3274,Joseph,Johnson,1000003274,General Practice,TX,343-555-5841
3275,Elizabeth,Hernandez,1000003275,Cardiology,TX,820-555-8970
3276,Mark,Jones,1000003276,Pulmonology,TX,790-555-8694
3277,Joseph,Lopez,1000003277,Emergency Medicine,CA,247-555-1577
3278,James,Brown,1000003278,Neurology,TX,495-555-7820
3279,Lisa,Rodriguez,1000003279,Pulmonology,PA,265-555-8853
3280,Daniel,Lopez,1000003280,General Practice,TX,232-555-8174
3281,Karen,Martinez,1000003281,Endocrinology,WA,884-555-8182
3282,Donald,Gonzalez,1000003282,Gastroenterology,TX,671-555-8376
3283,Ashley,Lopez,1000003283,Psychiatry,CA,663-555-8245
3284,Karen,Moore,1000003284,Internal Medicine,TX,483-555-6150
3285,Sandra,Gonzalez,1000003285,Orthopedics,MA,604-555-8640
3286,Patricia,Jackson,1000003286,Neurology,FL,712-555-4519
3287,Mary,Jackson,1000003287,Endocrinology,CA,949-555-1836
3288,Nancy,Williams,1000003288,Gastroenterology,CA,974-555-8022
3289,Mark,Perez,1000003289,General Practice,CA,829-555-8197
3290,Ashley,Martin,1000003290,Pulmonology,TX,590-555-8341
3291,Donald,Garcia,1000003291,General Practice,CA,803-555-8041
3292,Jessica,Lopez,1000003292,Cardiology,CA,571-555-6963
3293,Nancy,Moore,1000003293,Pulmonology,CA,540-555-1439
3294,Mary,Williams,1000003294,Emergency Medicine,FL,906-555-1897
3295,Mary,Thompson,1000003295,Oncology,CA,635-555-8311
3296,Matthew,Williams,1000003296,Pediatrics,IL,894-555-2398
3297,Joseph,Smith,1000003297,Orthopedics,TX,729-555-8850
3298,Barbara,Smith,1000003298,Neurology,MA,968-555-5039
3299,Richard,Davis,1000003299,Endocrinology,CO,364-555-7268
3300,Mark,Rodriguez,1000003300,Cardiology,TX,645-555-2236
3301,Susan,Smith,1000003301,Psychiatry,CA,355-555-3822
3302,Thomas,Taylor,1000003302,Dermatology,PA,782-555-6597
3303,Matthew,Miller,1000003303,Pediatrics,WA,533-555-7091
3304,Daniel,Davis,1000003304,Pulmonology,MA,718-555-1901
3305,Barbara,Lee,1000003305,Orthopedics,TX,349-555-1383
3306,Barbara,Martin,1000003306,Cardiology,CA,267-555-2214
3307,Robert,Thompson,1000003307,Oncology,WA,799-555-7197
3308,Donald,Davis,1000003308,Pediatrics,TX,861-555-4609
3309,Mary,Wilson,1000003309,Oncology,TX,961-555-1367
3310,Michael,Moore,1000003310,Oncology,PA,999-555-9925
3311,Betty,Hernandez,1000003311,Internal Medicine,TX,715-555-2452
3312,Charles,Gonzalez,1000003312,Dermatology,CA,487-555-1243
3313,Sandra,Martinez,1000003313,Orthopedics,IL,445-555-7114
3314,John,Smith,1000003314,Urology,FL,996-555-6670
3315,Mark,Lopez,1000003315,Emergency Medicine,AZ,818-555-4513
3316,Sarah,Thomas,1000003316,Gastroenterology,WA,969-555-1400
3317,Christopher,Williams,1000003317,Internal Medicine,AZ,359-555-2751
3318,Barbara,Rodriguez,1000003318,Psychiatry,CA,317-555-7424
3319,Mark,Jones,1000003319,Neurology,FL,897-555-6654
3320,Christopher,Williams,1000003320,General Practice,TX,694-555-8826
3321,Jessica,Miller,1000003321,Emergency Medicine,MA,550-555-8345
3322,Sandra,Hernandez,1000003322,Gastroenterology,WA,235-555-7979
3323,Lisa,Martin,1000003323,Pulmonology,TX,620-555-3256
3324,Linda,Davis,1000003324,Gastroenterology,PA,386-555-4207
3325,Margaret,Anderson,1000003325,Pediatrics,PA,829-555-9643
3326,Linda,Martin,1000003326,Urology,TX,678-555-7821
3327,Mark,Brown,1000003327,Emergency Medicine,FL,985-555-6655
3328,Margaret,Williams,1000003328,Psychiatry,TX,741-555-8792
3329,Patricia,Anderson,1000003329,Emergency Medicine,CA,947-555-1063
3330,Robert,Hernandez,1000003330,Endocrinology,TX,355-555-2120
3331,Robert,Wilson,1000003331,Endocrinology,PA,793-555-1713
3332,Daniel,Williams,1000003332,Pulmonology,CO,567-555-1895
3333,Margaret,Lee,1000003333,Endocrinology,CO,543-555-1755
3334,Matthew,Moore,1000003334,Orthopedics,TX,285-555-1161
3335,Susan,Jones,1000003335,Pulmonology,CA,593-555-8355
3336,Patricia,Johnson,1000003336,Dermatology,CO,729-555-3806
3337,Karen,Moore,1000003337,Internal Medicine,TX,874-555-1617
3338,Karen,Lopez,1000003338,Endocrinology,TX,901-555-5761
3339,Jennifer,Johnson,1000003339,Emergency Medicine,PA,579-555-9852
3340,Ashley,Smith,1000003340,Pulmonology,CA,884-555-4923
3341,Barbara,Lee,1000003341,Pulmonology,NY,581-555-2372
3342,William,Jackson,1000003342,Neurology,WA,804-555-8482
3343,Nancy,Martin,1000003343,Oncology,FL,801-555-5702
3344,Betty,Williams,1000003344,Pulmonology,TX,794-555-9655
3345,Ashley,Martin,1000003345,Pediatrics,FL,237-555-7833
3346,Matthew,Jackson,1000003346,Oncology,IL,436-555-4816
3347,Margaret,Gonzalez,1000003347,Endocrinology,FL,364-555-4218
3348,Donald,Gonzalez,1000003348,Pediatrics,TX,364-555-7982
3349,Susan,Lee,1000003349,Neurology,PA,641-555-3960
3350,Nancy,Wilson,1000003350,Cardiology,WA,463-555-1959
3351,William,Lopez,1000003351,Pediatrics,WA,997-555-5372
3352,Barbara,Brown,1000003352,Pulmonology,IL,377-555-2148
3353,Donald,Moore,1000003353,Emergency Medicine,WA,473-555-4041
3354,Barbara,Gonzalez,1000003354,Orthopedics,TX,249-555-1379
3355,Ashley,Rodriguez,1000003355,Oncology,CO,345-555-7223
3356,Donald,Johnson,1000003356,General Practice,IL,592-555-9073
3357,Barbara,Martinez,1000003357,Pulmonology,PA,593-555-9766
3358,Jennifer,Hernandez,1000003358,Pulmonology,TX,682-555-8697
3359,Nancy,Gonzalez,1000003359,Oncology,PA,819-555-5307
3360,Richard,Taylor,1000003360,Oncology,CA,947-555-6210
3361,Jennifer,Thompson,1000003361,Cardiology,AZ,421-555-6672
3362,Lisa,Jones,1000003362,Oncology,TX,683-555-4988
3363,Christopher,Thomas,1000003363,Pulmonology,TX,693-555-8992
3364,Mary,Hernandez,1000003364,Pediatrics,FL,851-555-4062
3365,James,Lopez,1000003365,Emergency Medicine,AZ,356-555-8359
3366,Joseph,Moore,1000003366,Dermatology,TX,459-555-8740
3367,Ashley,Martinez,1000003367,Pulmonology,CA,291-555-1884
3368,Margaret,Rodriguez,1000003368,Gastroenterology,AZ,589-555-6363
3369,Charles,Jones,1000003369,Internal Medicine,CO,720-555-1973
3370,Sandra,Thomas,1000003370,Dermatology,CO,604-555-4551
3371,James,Jones,1000003371,Pediatrics,TX,249-555-9470
3372,Donald,Williams,1000003372,General Practice,AZ,642-555-3085
3373,Susan,Davis,1000003373,Psychiatry,FL,847-555-1802
3374,Jessica,Garcia,1000003374,Cardiology,CA,613-555-8967
3375,Elizabeth,Gonzalez,1000003375,General Practice,CO,465-555-9047
3376,Mary,Garcia,1000003376,Oncology,TX,721-555-3314
3377,Thomas,Johnson,1000003377,Emergency Medicine,TX,267-555-9887
3378,Lisa,Smith,1000003378,Neurology,CA,628-555-9518
3379,Linda,Garcia,1000003379,Gastroenterology,AZ,777-555-5488
3380,Anthony,Smith,1000003380,Endocrinology,IL,717-555-7718
3381,Karen,Rodriguez,1000003381,Dermatology,CA,924-555-5595
3382,Joseph,Taylor,1000003382,Dermatology,FL,313-555-1834
3383,Sarah,Gonzalez,1000003383,Pulmonology,IL,505-555-6958
3384,Barbara,Lee,1000003384,Dermatology,CA,335-555-8071
3385,Barbara,Wilson,1000003385,Dermatology,TX,392-555-3187
3386,Lisa,Wilson,1000003386,Pediatrics,TX,677-555-2060
3387,Michael,Williams,1000003387,Internal Medicine,CA,941-555-7456
3388,Richard,Jones,1000003388,Endocrinology,TX,452-555-9547
3389,John,Garcia,1000003389,Pulmonology,WA,264-555-7488
3390,Donald,Perez,1000003390,Dermatology,AZ,978-555-4821
3391,Barbara,Moore,1000003391,Oncology,TX,483-555-5959
3392,Barbara,Davis,1000003392,Endocrinology,AZ,709-555-5380
3393,Nancy,Thompson,1000003393,Endocrinology,CO,330-555-9807
3394,John,Lee,1000003394,Internal Medicine,TX,493-555-3005
3395,Jessica,Rodriguez,1000003395,Endocrinology,PA,854-555-8748
3396,Charles,Lopez,1000003396,Orthopedics,IL,644-555-4216
3397,Jennifer,Gonzalez,1000003397,Oncology,CA,212-555-3249
3398,Elizabeth,Garcia,1000003398,Dermatology,TX,936-555-3517
3399,Matthew,Thompson,1000003399,Dermatology,FL,572-555-6955
3400,John,Hernandez,1000003400,Neurology,IL,914-555-9087
3401,Richard,Williams,1000003401,Gastroenterology,CA,935-555-7966
3402,James,Thomas,1000003402,Urology,TX,996-555-6107
3403,Charles,Williams,1000003403,Cardiology,NY,509-555-8830
3404,Susan,Lee,1000003404,Cardiology,MA,732-555-8102
3405,Daniel,Perez,1000003405,Pulmonology,TX,244-555-7934
3406,David,Davis,1000003406,Psychiatry,CA,708-555-1467
3407,Joseph,Rodriguez,1000003407,Oncology,FL,764-555-2054
3408,David,Jones,1000003408,Emergency Medicine,FL,822-555-2678
3409,Barbara,Martin,1000003409,Psychiatry,CA,260-555-1567
3410,Nancy,Martin,1000003410,Pediatrics,MA,751-555-7290
3411,Thomas,Jones,1000003411,Gastroenterology,AZ,548-555-8736
3412,Karen,Garcia,1000003412,General Practice,CA,627-555-6252
3413,Joseph,Anderson,1000003413,Dermatology,CA,703-555-3986
3414,Nancy,Johnson,1000003414,Dermatology,CA,504-555-8889
3415,Richard,Lee,1000003415,Neurology,TX,304-555-5132
3416,Mary,Jones,1000003416,Internal Medicine,TX,227-555-4765
3417,Mark,Perez,1000003417,Pulmonology,CA,945-555-6370
3418,Elizabeth,Jackson,1000003418,Internal Medicine,NY,831-555-6420
3419,Jennifer,Jackson,1000003419,Oncology,CO,737-555-8654
3420,Jessica,Davis,1000003420,Oncology,PA,979-555-5923
3421,Matthew,Brown,1000003421,Emergency Medicine,CA,542-555-6167
3422,Michael,Moore,1000003422,Internal Medicine,CA,519-555-8271
3423,Anthony,Smith,1000003423,Orthopedics,IL,452-555-7084
3424,Mary,Taylor,1000003424,Urology,TX,715-555-8589
3425,Mark,Wilson,1000003425,Dermatology,AZ,569-555-6369
3426,Jessica,Lopez,1000003426,General Practice,TX,902-555-7405
3427,Michael,Thompson,1000003427,Gastroenterology,CA,610-555-8556
3428,Thomas,Hernandez,1000003428,Internal Medicine,WA,838-555-6243
3429,Karen,Martin,1000003429,Psychiatry,PA,818-555-6339
3430,Anthony,Smith,1000003430,Pulmonology,CA,792-555-1472
3431,Joseph,Wilson,1000003431,Internal Medicine,TX,414-555-5164
3432,Charles,Lopez,1000003432,Cardiology,MA,447-555-5764
3433,William,Brown,1000003433,Cardiology,CA,585-555-7529
3434,Patricia,Taylor,1000003434,General Practice,MA,834-555-8744
3435,Barbara,Gonzalez,1000003435,Emergency Medicine,NY,512-555-4809
3436,Lisa,Hernandez,1000003436,Internal Medicine,CA,268-555-9629
3437,Daniel,Jackson,1000003437,Internal Medicine,CA,955-555-9754
3438,Linda,Gonzalez,1000003438,Pulmonology,NY,911-555-8509
3439,Nancy,Lopez,1000003439,Emergency Medicine,TX,809-555-7999
3440,Joseph,Rodriguez,1000003440,Cardiology,MA,872-555-4597
3441,Linda,Lopez,1000003441,Orthopedics,TX,778-555-5729
3442,Nancy,Jones,1000003442,General Practice,TX,434-555-8622
3443,Susan,Davis,1000003443,Orthopedics,IL,912-555-3037
3444,Richard,Williams,1000003444,Orthopedics,FL,689-555-1372
3445,Daniel,Jones,1000003445,Psychiatry,CO,425-555-7122
3446,Daniel,Garcia,1000003446,Pulmonology,MA,251-555-6488
3447,Sandra,Johnson,1000003447,Cardiology,PA,362-555-7288
3448,Patricia,Martinez,1000003448,Internal Medicine,FL,468-555-6130
3449,Sarah,Davis,1000003449,Cardiology,TX,215-555-8955
3450,Jennifer,Gonzalez,1000003450,Dermatology,TX,364-555-8043
3451,Jessica,Brown,1000003451,Dermatology,FL,706-555-2219
3452,John,Garcia,1000003452,Gastroenterology,FL,459-555-6572
3453,James,Martin,1000003453,Neurology,CO,892-555-2661
3454,Jessica,Jones,1000003454,Dermatology,TX,569-555-1276
3455,John,Martin,1000003455,Orthopedics,MA,497-555-7706
3456,Barbara,Johnson,1000003456,Internal Medicine,PA,754-555-4099
3457,Jessica,Smith,1000003457,Psychiatry,AZ,684-555-6508
3458,Christopher,Jackson,1000003458,Pediatrics,FL,693-555-4658
3459,Joseph,Miller,1000003459,Gastroenterology,NY,909-555-1724
3460,Donald,Lee,1000003460,Endocrinology,AZ,380-555-6582
3461,Betty,Anderson,1000003461,Orthopedics,AZ,933-555-1529
3462,John,Garcia,1000003462,Neurology,IL,979-555-1768
3463,Ashley,Martinez,1000003463,Psychiatry,TX,505-555-3137
3464,Barbara,Thomas,1000003464,Urology,CA,391-555-2838
3465,Mark,Williams,1000003465,Oncology,TX,981-555-8217
3466,Lisa,Martin,1000003466,Pulmonology,TX,703-555-9964
3467,Nancy,Thomas,1000003467,Endocrinology,TX,633-555-8178
3468,Thomas,Anderson,1000003468,Orthopedics,NY,381-555-5137
3469,Anthony,Brown,1000003469,Pediatrics,CO,455-555-2161
3470,Betty,Brown,1000003470,Oncology,AZ,924-555-4078
3471,Barbara,Johnson,1000003471,Emergency Medicine,CO,728-555-9292
3472,Sandra,Martinez,1000003472,Pediatrics,NY,375-555-4594
3473,Jennifer,Davis,1000003473,Endocrinology,CA,340-555-1021
3474,John,Thompson,1000003474,Internal Medicine,CA,486-555-4571
3475,Anthony,Lopez,1000003475,Emergency Medicine,IL,295-555-1409
3476,Michael,Martin,1000003476,Orthopedics,CA,256-555-5165
3477,Nancy,Anderson,1000003477,General Practice,TX,878-555-3912
3478,Susan,Lopez,1000003478,Psychiatry,WA,628-555-4158
3479,Matthew,Taylor,1000003479,Internal Medicine,AZ,332-555-9241
3480,Matthew,Wilson,1000003480,Cardiology,CO,318-555-6102
3481,James,Jackson,1000003481,Internal Medicine,CA,974-555-1778
3482,Richard,Miller,1000003482,Neurology,PA,316-555-3327
3483,Karen,Garcia,1000003483,Neurology,CA,737-555-1676
3484,Jessica,Jackson,1000003484,Emergency Medicine,CO,693-555-9589
3485,Karen,Jones,1000003485,Dermatology,CA,414-555-3802
3486,Daniel,Rodriguez,1000003486,Oncology,MA,970-555-4278
3487,David,Miller,1000003487,Dermatology,MA,731-555-3534
3488,Jennifer,Miller,1000003488,Cardiology,CO,670-555-5795
3489,Thomas,Gonzalez,1000003489,Gastroenterology,CA,828-555-6035
3490,Robert,Hernandez,1000003490,Oncology,IL,372-555-8136
3491,Jennifer,Brown,1000003491,Dermatology,AZ,289-555-6100
3492,Karen,Gonzalez,1000003492,Oncology,TX,212-555-1730
3493,Robert,Johnson,1000003493,Internal Medicine,TX,236-555-1112
3494,James,Johnson,1000003494,Orthopedics,IL,370-555-9423
3495,Nancy,Martin,1000003495,Dermatology,IL,230-555-5379
3496,Robert,Rodriguez,1000003496,Oncology,CA,826-555-3622
3497,Donald,Smith,1000003497,Pulmonology,NY,451-555-7633
3498,Sandra,Martinez,1000003498,Gastroenterology,CA,779-555-1082
3499,Jennifer,Perez,1000003499,Pediatrics,TX,874-555-1590
3500,Lisa,Jackson,1000003500,Dermatology,AZ,763-555-4591
3501,Linda,Perez,1000003501,General Practice,CA,476-555-9807
3502,Mary,Lopez,1000003502,Oncology,TX,799-555-5826
3503,Mary,Thomas,1000003503,General Practice,FL,869-555-3538
3504,William,Rodriguez,1000003504,Pediatrics,IL,207-555-5796
3505,John,Taylor,1000003505,Cardiology,IL,211-555-8521
3506,Michael,Jackson,1000003506,Urology,TX,219-555-7927
3507,John,Anderson,1000003507,Gastroenterology,TX,497-555-3859
3508,Sandra,Garcia,1000003508,Emergency Medicine,NY,360-555-3066
3509,Robert,Wilson,1000003509,Endocrinology,CA,389-555-2630
3510,Joseph,Thompson,1000003510,Urology,MA,298-555-7067
3511,Mary,Jones,1000003511,General Practice,TX,651-555-6306
3512,Margaret,Rodriguez,1000003512,Pulmonology,WA,323-555-2042
3513,Richard,Thompson,1000003513,Orthopedics,MA,477-555-6586
3514,Margaret,Miller,1000003514,Cardiology,TX,591-555-6030
3515,John,Gonzalez,1000003515,Internal Medicine,CO,535-555-8430
3516,Michael,Thomas,1000003516,Dermatology,WA,698-555-9946
3517,Michael,Brown,1000003517,Pulmonology,PA,627-555-1632
3518,Margaret,Thompson,1000003518,Neurology,IL,956-555-1339
3519,Susan,Lopez,1000003519,Orthopedics,CO,439-555-5571
3520,Daniel,Hernandez,1000003520,Dermatology,TX,403-555-7053
3521,Susan,Thomas,1000003521,Dermatology,WA,212-555-5958
3522,Robert,Johnson,1000003522,Psychiatry,TX,235-555-2505
3523,Daniel,Taylor,1000003523,Cardiology,TX,290-555-7238
3524,Ashley,Miller,1000003524,Dermatology,CO,473-555-1539
3525,Mary,Johnson,1000003525,Oncology,WA,743-555-8830
3526,Barbara,Thomas,1000003526,Oncology,CA,377-555-9709
3527,Charles,Brown,1000003527,Gastroenterology,PA,625-555-3982
3528,Michael,Hernandez,1000003528,Oncology,TX,477-555-4716
3529,Sarah,Lopez,1000003529,Internal Medicine,TX,296-555-7475
3530,Ashley,Lee,1000003530,Psychiatry,IL,319-555-8385
3531,Linda,Miller,1000003531,Urology,TX,200-555-7813
3532,Donald,Moore,1000003532,Internal Medicine,TX,549-555-7391
3533,John,Rodriguez,1000003533,Orthopedics,NY,976-555-9936
3534,Betty,Jackson,1000003534,Gastroenterology,CA,261-555-2976
3535,Joseph,Jackson,1000003535,Pulmonology,WA,913-555-5108
3536,Nancy,Jones,1000003536,Internal Medicine,TX,489-555-5654
3537,Michael,Thomas,1000003537,Pediatrics,FL,336-555-5229
3538,Nancy,Lee,1000003538,Neurology,PA,360-555-5105
3539,Mary,Lee,1000003539,Cardiology,CA,842-555-3589
3540,Joseph,Martinez,1000003540,Endocrinology,CA,796-555-7374
3541,Karen,Hernandez,1000003541,Emergency Medicine,CA,713-555-9343
3542,Betty,Wilson,1000003542,Oncology,CA,598-555-1158
3543,Matthew,Smith,1000003543,Gastroenterology,TX,414-555-5093
3544,Nancy,Brown,1000003544,Psychiatry,PA,613-555-5626
3545,Mary,Taylor,1000003545,Pediatrics,FL,737-555-2682
3546,Robert,Rodriguez,1000003546,Internal Medicine,CA,679-555-9878
3547,Betty,Miller,1000003547,Cardiology,TX,363-555-8317
3548,Donald,Lee,1000003548,Internal Medicine,CA,620-555-9664
3549,Ashley,Williams,1000003549,General Practice,IL,920-555-5066
3550,Christopher,Taylor,1000003550,Pediatrics,NY,620-555-2334
3551,Karen,Martin,1000003551,Internal Medicine,CA,514-555-5516
3552,John,Miller,1000003552,Dermatology,TX,258-555-6612
3553,Elizabeth,Rodriguez,1000003553,Endocrinology,PA,861-555-8335
3554,Mark,Jones,1000003554,Psychiatry,WA,811-555-3994
3555,Patricia,Taylor,1000003555,Emergency Medicine,FL,873-555-7863
3556,Barbara,Miller,1000003556,Orthopedics,CA,540-555-7383
3557,Patricia,Hernandez,1000003557,Gastroenterology,FL,777-555-3030
3558,Jessica,Davis,1000003558,Dermatology,NY,973-555-7684
3559,Ashley,Perez,1000003559,Dermatology,CA,715-555-9453
3560,Elizabeth,Smith,1000003560,Dermatology,TX,502-555-1890
3561,Sandra,Anderson,1000003561,Neurology,CA,918-555-3598
3562,Linda,Smith,1000003562,Oncology,CA,780-555-6411
3563,Richard,Smith,1000003563,Pulmonology,CA,570-555-4195
3564,Nancy,Gonzalez,1000003564,Pulmonology,TX,628-555-9574
3565,Elizabeth,Smith,1000003565,Orthopedics,NY,591-555-4679
3566,Matthew,Martin,1000003566,Pediatrics,NY,570-555-5197
3567,Christopher,Anderson,1000003567,Cardiology,IL,672-555-7796
3568,David,Brown,1000003568,Cardiology,MA,423-555-2821
3569,Robert,Davis,1000003569,Pediatrics,TX,966-555-5472
3570,Nancy,Anderson,1000003570,General Practice,WA,949-555-4333
3571,David,Smith,1000003571,Cardiology,CA,540-555-7646
3572,Linda,Smith,1000003572,Gastroenterology,TX,452-555-2907
3573,Joseph,Jones,1000003573,Neurology,CA,716-555-6571
3574,Thomas,Martinez,1000003574,Orthopedics,TX,580-555-4892
3575,Sandra,Smith,1000003575,Pulmonology,IL,350-555-7336
3576,Lisa,Moore,1000003576,Oncology,WA,279-555-4949
3577,Robert,Perez,1000003577,Pulmonology,TX,201-555-9742
3578,Daniel,Smith,1000003578,Dermatology,NY,810-555-5371
3579,Daniel,Jones,1000003579,General Practice,TX,804-555-1119
3580,Joseph,Williams,1000003580,General Practice,CA,526-555-3685
3581,James,Smith,1000003581,General Practice,WA,805-555-7518
3582,Michael,Thomas,1000003582,Orthopedics,WA,875-555-9884
3583,Sarah,Martinez,1000003583,General Practice,CO,210-555-6529
3584,Charles,Smith,1000003584,Neurology,WA,490-555-7355
3585,Barbara,Martin,1000003585,Urology,NY,520-555-2385
3586,Mary,Moore,1000003586,Dermatology,FL,725-555-9024
3587,Sandra,Moore,1000003587,Dermatology,CA,472-555-3932
3588,Patricia,Wilson,1000003588,Urology,TX,926-555-9497
3589,Donald,Thompson,1000003589,Pediatrics,MA,301-555-7847
3590,Patricia,Johnson,1000003590,Gastroenterology,CA,869-555-6521
3591,Susan,Johnson,1000003591,General Practice,WA,758-555-3748
3592,Matthew,Wilson,1000003592,Pulmonology,CA,684-555-2019
3593,Jessica,Rodriguez,1000003593,Gastroenterology,CA,714-555-1931
3594,Lisa,Martinez,1000003594,Urology,TX,739-555-2795
3595,Lisa,Lee,1000003595,Oncology,MA,582-555-2322
3596,Thomas,Garcia,1000003596,Gastroenterology,CA,949-555-9285
3597,Margaret,Perez,1000003597,Neurology,WA,334-555-9618
3598,Mark,Rodriguez,1000003598,Emergency Medicine,MA,591-555-5824
3599,William,Smith,1000003599,Cardiology,PA,506-555-8466
3600,Matthew,Williams,1000003600,Orthopedics,AZ,901-555-3336
3601,Matthew,Wilson,1000003601,Cardiology,CA,540-555-2729
3602,Betty,Hernandez,1000003602,Dermatology,NY,753-555-3430
3603,Lisa,Rodriguez,1000003603,Dermatology,TX,798-555-7569
3604,Lisa,Taylor,1000003604,General Practice,CA,260-555-3681
3605,Lisa,Rodriguez,1000003605,Orthopedics,TX,530-555-1017
3606,Susan,Davis,1000003606,General Practice,CA,491-555-7368
3607,Susan,Thompson,1000003607,Cardiology,FL,775-555-8292
3608,John,Lopez,1000003608,Emergency Medicine,CA,791-555-1343
3609,Joseph,Rodriguez,1000003609,Neurology,FL,446-555-1700
3610,Joseph,Moore,1000003610,Neurology,IL,260-555-5569
3611,Mary,Jones,1000003611,Urology,TX,999-555-3647
3612,Daniel,Lopez,1000003612,Oncology,FL,856-555-6095
3613,James,Martinez,1000003613,Psychiatry,IL,745-555-2128
3614,Jessica,Lopez,1000003614,Emergency Medicine,AZ,505-555-2147
3615,Donald,Jones,1000003615,Endocrinology,CA,277-555-5155
3616,David,Thomas,1000003616,Dermatology,TX,514-555-9821
3617,Charles,Rodriguez,1000003617,Dermatology,PA,453-555-4730
3618,William,Garcia,1000003618,Endocrinology,WA,990-555-2605
3619,Sandra,Jackson,1000003619,Pulmonology,NY,875-555-9848
3620,Lisa,Brown,1000003620,Psychiatry,CO,219-555-4381
3621,Mary,Gonzalez,1000003621,General Practice,TX,776-555-3576
3622,William,Hernandez,1000003622,Emergency Medicine,CA,890-555-8552
3623,David,Moore,1000003623,Psychiatry,NY,327-555-3192
3624,Betty,Davis,1000003624,Psychiatry,CO,768-555-1032
3625,Betty,Martin,1000003625,Orthopedics,PA,824-555-4868
3626,Jessica,Johnson,1000003626,Orthopedics,TX,487-555-3557
3627,Linda,Lopez,1000003627,Endocrinology,WA,267-555-3591
3628,Joseph,Hernandez,1000003628,Endocrinology,CA,554-555-6229
3629,David,Brown,1000003629,Cardiology,WA,455-555-5475
3630,Elizabeth,Jackson,1000003630,Neurology,CO,277-555-6125
3631,Betty,Jackson,1000003631,Gastroenterology,TX,874-555-7427
3632,Robert,Lee,1000003632,Emergency Medicine,FL,781-555-8154
3633,Susan,Taylor,1000003633,Pulmonology,FL,976-555-4320
3634,Betty,Perez,1000003634,General Practice,MA,607-555-9431
3635,Betty,Wilson,1000003635,Endocrinology,MA,673-555-3666
3636,Christopher,Rodriguez,1000003636,Psychiatry,FL,813-555-8640
3637,Anthony,Lee,1000003637,Gastroenterology,CA,588-555-6185
3638,David,Jones,1000003638,Urology,PA,245-555-1295
3639,Elizabeth,Lopez,1000003639,Psychiatry,CA,872-555-5422
3640,Joseph,Thomas,1000003640,Neurology,TX,425-555-4504
3641,Thomas,Rodriguez,1000003641,Orthopedics,IL,957-555-8681
3642,Barbara,Thomas,1000003642,Orthopedics,TX,482-555-8747
3643,Elizabeth,Wilson,1000003643,Pulmonology,WA,988-555-1010
3644,David,Jackson,1000003644,Cardiology,TX,894-555-6275
3645,Mary,Perez,1000003645,Orthopedics,IL,572-555-2281
3646,Barbara,Garcia,1000003646,Pediatrics,CO,210-555-6402
3647,Richard,Wilson,1000003647,Emergency Medicine,TX,201-555-7622
3648,Elizabeth,Miller,1000003648,Psychiatry,MA,247-555-3945
3649,Jessica,Martin,1000003649,Oncology,IL,835-555-4172
3650,Betty,Martinez,1000003650,Orthopedics,MA,987-555-2456
3651,David,Martinez,1000003651,Urology,TX,510-555-2088
3652,Jennifer,Perez,1000003652,Emergency Medicine,WA,346-555-5927
3653,Joseph,Brown,1000003653,Psychiatry,TX,745-555-5690
3654,Anthony,Brown,1000003654,Oncology,MA,462-555-3542
3655,Mary,Taylor,1000003655,Urology,CA,445-555-2372
3656,Linda,Lopez,1000003656,Pediatrics,WA,263-555-9258
3657,Matthew,Jones,1000003657,Cardiology,FL,274-555-1708
3658,Karen,Moore,1000003658,Endocrinology,FL,672-555-4392
3659,Donald,Miller,1000003659,General Practice,IL,417-555-7861
3660,Linda,Miller,1000003660,Orthopedics,PA,706-555-8400
3661,Richard,Jackson,1000003661,Internal Medicine,CA,329-555-5427
3662,John,Garcia,1000003662,Cardiology,CA,305-555-7223
3663,Patricia,Garcia,1000003663,Psychiatry,FL,500-555-2861
3664,Elizabeth,Wilson,1000003664,Oncology,TX,879-555-1674
3665,Sarah,Williams,1000003665,Neurology,CO,952-555-7966
3666,Linda,Johnson,1000003666,Gastroenterology,NY,440-555-4792
3667,Margaret,Thomas,1000003667,Gastroenterology,TX,898-555-1491
3668,Christopher,Johnson,1000003668,Pediatrics,FL,665-555-1592
3669,Donald,Smith,1000003669,Endocrinology,AZ,861-555-4896
3670,Elizabeth,Anderson,1000003670,Emergency Medicine,CA,664-555-8553
3671,John,Davis,1000003671,Cardiology,NY,208-555-2998
3672,Elizabeth,Lopez,1000003672,Urology,WA,700-555-2040
3673,Donald,Davis,1000003673,Psychiatry,CO,473-555-2526
3674,Karen,Rodriguez,1000003674,Cardiology,TX,491-555-1680
3675,Nancy,Brown,1000003675,Urology,CA,512-555-5713
3676,Sandra,Gonzalez,1000003676,Neurology,TX,979-555-2363
3677,Charles,Martin,1000003677,General Practice,FL,615-555-9075
3678,Mark,Thompson,1000003678,Internal Medicine,WA,597-555-9114
3679,Patricia,Lee,1000003679,Psychiatry,IL,887-555-1052
3680,Susan,Garcia,1000003680,Oncology,CA,731-555-3673
3681,Elizabeth,Davis,1000003681,Pulmonology,TX,230-555-5983
3682,Daniel,Williams,1000003682,General Practice,IL,271-555-6663
3683,Mark,Thomas,1000003683,Pulmonology,MA,273-555-6660
3684,Nancy,Martinez,1000003684,Internal Medicine,MA,720-555-9169
3685,Charles,Martinez,1000003685,Neurology,NY,900-555-8045
3686,Thomas,Miller,1000003686,General Practice,WA,845-555-3963
3687,Susan,Gonzalez,1000003687,Oncology,CA,518-555-1814
3688,Jennifer,Martin,1000003688,Endocrinology,MA,639-555-1162
3689,Joseph,Wilson,1000003689,Orthopedics,IL,391-555-9910
3690,Jennifer,Smith,1000003690,Pulmonology,CA,881-555-8914
3691,Sarah,Williams,1000003691,Pediatrics,TX,508-555-8268
3692,Matthew,Williams,1000003692,Neurology,CA,474-555-5892
3693,Donald,Rodriguez,1000003693,Endocrinology,PA,445-555-2351
3694,Barbara,Anderson,1000003694,Urology,AZ,894-555-8400
3695,John,Smith,1000003695,Gastroenterology,PA,271-555-6373
3696,Mark,Wilson,1000003696,Internal Medicine,NY,980-555-6537
3697,William,Thompson,1000003697,Pulmonology,TX,821-555-2599
3698,Nancy,Brown,1000003698,Cardiology,MA,595-555-8818
3699,Patricia,Davis,1000003699,Orthopedics,TX,786-555-6607
3700,Donald,Hernandez,1000003700,Pediatrics,MA,787-555-6306
3701,James,Moore,1000003701,Urology,CA,486-555-6517
3702,Robert,Lee,1000003702,Psychiatry,FL,966-555-4968
3703,Jessica,Davis,1000003703,Gastroenterology,NY,275-555-1754
3704,Donald,Taylor,1000003704,Psychiatry,FL,314-555-3579
3705,Margaret,Davis,1000003705,Urology,CA,628-555-7598
3706,James,Moore,1000003706,Urology,CO,589-555-2266
3707,Charles,Perez,1000003707,Psychiatry,CO,446-555-6429
3708,Christopher,Rodriguez,1000003708,Oncology,FL,436-555-5821
3709,Christopher,Wilson,1000003709,Urology,CA,787-555-5082
3710,Elizabeth,Anderson,1000003710,Oncology,WA,785-555-5301
3711,Lisa,Anderson,1000003711,Psychiatry,TX,917-555-7756
3712,Nancy,Martin,1000003712,Cardiology,CO,743-555-2345
3713,Thomas,Rodriguez,1000003713,Internal Medicine,TX,240-555-5922
3714,Charles,Jackson,1000003714,General Practice,CA,663-555-6483
3715,Barbara,Williams,1000003715,Psychiatry,PA,578-555-9251
3716,Patricia,Garcia,1000003716,General Practice,TX,540-555-2112
3717,Richard,Lopez,1000003717,Pulmonology,TX,931-555-8205
3718,Daniel,Wilson,1000003718,Endocrinology,AZ,770-555-1776
3719,James,Thomas,1000003719,Neurology,CA,612-555-4422
3720,Christopher,Thompson,1000003720,Pediatrics,TX,985-555-6380
3721,Richard,Williams,1000003721,Psychiatry,CA,435-555-8042
3722,Ashley,Anderson,1000003722,Oncology,TX,929-555-5630
3723,Donald,Jones,1000003723,General Practice,TX,667-555-5617
3724,Sandra,Taylor,1000003724,Orthopedics,MA,309-555-2410
3725,Sarah,Gonzalez,1000003725,Orthopedics,CA,505-555-2242
3726,Karen,Jackson,1000003726,Emergency Medicine,TX,733-555-1117
3727,Ashley,Johnson,1000003727,Pediatrics,CO,280-555-2354
3728,David,Brown,1000003728,Oncology,CA,757-555-3047
3729,Christopher,Wilson,1000003729,Oncology,WA,850-555-9134
3730,Robert,Smith,1000003730,Neurology,AZ,381-555-2434
3731,Nancy,Gonzalez,1000003731,General Practice,FL,751-555-4820
3732,Sarah,Rodriguez,1000003732,Endocrinology,CA,287-555-4175
3733,Daniel,Lopez,1000003733,Urology,NY,967-555-2087
3734,Jessica,Anderson,1000003734,Endocrinology,CA,321-555-5574
3735,Mark,Taylor,1000003735,Urology,TX,441-555-8275
3736,Jennifer,Williams,1000003736,Oncology,FL,387-555-8668
3737,Nancy,Anderson,1000003737,Urology,TX,851-555-3605
3738,Mark,Perez,1000003738,Emergency Medicine,CO,342-555-1155
3739,Daniel,Martin,1000003739,Orthopedics,TX,349-555-5227
3740,Patricia,Hernandez,1000003740,Cardiology,TX,805-555-9480
3741,William,Martinez,1000003741,Neurology,IL,261-555-6318
3742,Sarah,Davis,1000003742,Urology,MA,335-555-9030
3743,Linda,Martin,1000003743,Cardiology,CA,949-555-9298
3744,Richard,Anderson,1000003744,Neurology,CA,208-555-4030
3745,Margaret,Jackson,1000003745,Dermatology,CO,608-555-7394
3746,Linda,Martin,1000003746,Neurology,TX,606-555-3053
3747,Patricia,Martin,1000003747,Cardiology,AZ,769-555-9290
3748,Donald,Anderson,1000003748,Internal Medicine,FL,425-555-4080
3749,Mark,Jones,1000003749,Pediatrics,TX,949-555-8679
3750,Sarah,Rodriguez,1000003750,Cardiology,TX,602-555-8866
3751,Michael,Anderson,1000003751,Urology,MA,278-555-4187
3752,Thomas,Rodriguez,1000003752,Pulmonology,WA,364-555-4135
3753,Jennifer,Williams,1000003753,General Practice,AZ,394-555-1953
3754,William,Garcia,1000003754,Cardiology,WA,445-555-8548
3755,Joseph,Lopez,1000003755,Emergency Medicine,CA,978-555-9241
3756,Ashley,Taylor,1000003756,Gastroenterology,WA,415-555-7631
3757,Ashley,Wilson,1000003757,Urology,NY,566-555-5003
3758,Daniel,Gonzalez,1000003758,Urology,MA,474-555-2139
3759,Joseph,Davis,1000003759,Orthopedics,CA,797-555-4981
3760,Ashley,Hernandez,1000003760,Gastroenterology,AZ,886-555-6426
3761,William,Martin,1000003761,Pediatrics,TX,744-555-9147
3762,Lisa,Johnson,1000003762,General Practice,FL,755-555-6243
3763,Christopher,Miller,1000003763,Gastroenterology,CA,919-555-2309
3764,Jennifer,Gonzalez,1000003764,Endocrinology,CA,376-555-8530
3765,Ashley,Jones,1000003765,Oncology,CA,349-555-9739
3766,Betty,Anderson,1000003766,Pediatrics,TX,611-555-2251
3767,Betty,Hernandez,1000003767,Dermatology,AZ,349-555-1765
3768,Barbara,Smith,1000003768,Internal Medicine,IL,485-555-2032
3769,Barbara,Martinez,1000003769,Oncology,PA,857-555-4368
3770,Joseph,Perez,1000003770,Psychiatry,PA,379-555-1293
3771,Linda,Gonzalez,1000003771,Neurology,MA,409-555-3637
3772,Sandra,Rodriguez,1000003772,Internal Medicine,CA,234-555-4167
3773,Nancy,Brown,1000003773,General Practice,TX,937-555-6616
3774,Jennifer,Smith,1000003774,Emergency Medicine,MA,814-555-4571
3775,Nancy,Gonzalez,1000003775,Oncology,WA,623-555-6347
3776,Jessica,Martin,1000003776,Oncology,CA,951-555-5285
3777,Nancy,Lopez,1000003777,Oncology,AZ,351-555-9369
3778,Robert,Perez,1000003778,Cardiology,PA,341-555-9294
3779,Joseph,Miller,1000003779,Gastroenterology,FL,279-555-9549
3780,Sandra,Jackson,1000003780,Urology,TX,700-555-8687
3781,Michael,Thompson,1000003781,Endocrinology,CO,636-555-6646
3782,Barbara,Moore,1000003782,Urology,CO,873-555-9887
3783,Mary,Thompson,1000003783,Dermatology,CO,799-555-9750
3784,Anthony,Taylor,1000003784,Dermatology,WA,473-555-9610
3785,Charles,Johnson,1000003785,Oncology,CO,473-555-3515
3786,Richard,Lopez,1000003786,Pulmonology,NY,432-555-6819
3787,John,Miller,1000003787,Internal Medicine,TX,448-555-2419
3788,Jennifer,Thompson,1000003788,Orthopedics,TX,700-555-6256
3789,Susan,Wilson,1000003789,Gastroenterology,TX,693-555-9093
3790,Sandra,Miller,1000003790,Pulmonology,TX,922-555-2883
3791,Betty,Thompson,1000003791,Emergency Medicine,AZ,644-555-3346
3792,Daniel,Perez,1000003792,Dermatology,CA,346-555-4912
3793,Patricia,Thompson,1000003793,Cardiology,IL,655-555-8697
3794,Betty,Perez,1000003794,Orthopedics,FL,832-555-4747
3795,Richard,Thomas,1000003795,Cardiology,WA,343-555-1702
3796,Matthew,Miller,1000003796,Endocrinology,MA,642-555-8174
3797,Christopher,Martin,1000003797,Orthopedics,TX,856-555-6509
3798,Barbara,Brown,1000003798,Urology,IL,664-555-3074
3799,Donald,Taylor,1000003799,Psychiatry,CO,582-555-8808
3800,Richard,Gonzalez,1000003800,Oncology,CO,350-555-1702
3801,Karen,Gonzalez,1000003801,Gastroenterology,IL,984-555-9191
3802,Thomas,Smith,1000003802,Emergency Medicine,FL,483-555-8625
3803,Susan,Gonzalez,1000003803,Orthopedics,TX,775-555-3773
3804,Elizabeth,Jackson,1000003804,General Practice,AZ,978-555-1318
3805,Susan,Miller,1000003805,Oncology,TX,763-555-5331
3806,James,Perez,1000003806,Cardiology,CO,999-555-1093
3807,Robert,Johnson,1000003807,Internal Medicine,WA,519-555-5053
3808,Karen,Brown,1000003808,Orthopedics,MA,851-555-4900
3809,Jennifer,Lopez,1000003809,Urology,TX,843-555-3118
3810,Anthony,Lopez,1000003810,Pulmonology,CA,286-555-4718
3811,David,Garcia,1000003811,Endocrinology,IL,793-555-3686
3812,Mark,Moore,1000003812,Pediatrics,CO,921-555-4093
3813,Mary,Thompson,1000003813,Cardiology,TX,917-555-9459
3814,Thomas,Brown,1000003814,Pulmonology,TX,530-555-7395
3815,Robert,Thomas,1000003815,Endocrinology,CA,797-555-8938
3816,Donald,Miller,1000003816,Cardiology,TX,321-555-4761
3817,James,Brown,1000003817,Endocrinology,TX,787-555-1385
3818,Patricia,Thomas,1000003818,Pediatrics,CA,438-555-3436
3819,Susan,Jones,1000003819,Endocrinology,PA,742-555-7436
3820,Matthew,Miller,1000003820,Neurology,IL,328-555-9360
3821,Ashley,Jackson,1000003821,Pediatrics,MA,219-555-7166
3822,Linda,Perez,1000003822,Psychiatry,FL,726-555-6630
3823,Thomas,Miller,1000003823,Dermatology,AZ,468-555-6821
3824,Jennifer,Thompson,1000003824,Orthopedics,IL,920-555-2367
3825,Lisa,Lee,1000003825,Gastroenterology,NY,781-555-3517
3826,David,Johnson,1000003826,Gastroenterology,CA,829-555-3473
3827,Thomas,Perez,1000003827,Pulmonology,WA,795-555-4281
3828,Richard,Smith,1000003828,Urology,NY,485-555-2138
3829,Anthony,Thomas,1000003829,Internal Medicine,CA,978-555-1704
3830,Donald,Davis,1000003830,Pediatrics,NY,814-555-5917
3831,Christopher,Smith,1000003831,Oncology,FL,355-555-2986
3832,Sandra,Thompson,1000003832,Neurology,PA,262-555-1668
3833,Daniel,Hernandez,1000003833,Neurology,PA,853-555-2161
3834,Sarah,Rodriguez,1000003834,Pulmonology,TX,864-555-5719
3835,Joseph,Miller,1000003835,Neurology,IL,557-555-9095
3836,James,Davis,1000003836,Dermatology,NY,878-555-3689
3837,Charles,Miller,1000003837,Neurology,TX,472-555-3506
3838,Robert,Gonzalez,1000003838,Pulmonology,TX,335-555-4815
3839,Christopher,Hernandez,1000003839,Psychiatry,AZ,812-555-5951
3840,Elizabeth,Davis,1000003840,Dermatology,CA,377-555-7694
3841,Richard,Brown,1000003841,General Practice,CA,569-555-1138
3842,Joseph,Wilson,1000003842,Internal Medicine,CO,680-555-3654
3843,Ashley,Hernandez,1000003843,Psychiatry,IL,970-555-2933
3844,Sarah,Smith,1000003844,Gastroenterology,CO,974-555-8361
3845,Margaret,Thomas,1000003845,Dermatology,PA,775-555-8179
3846,Richard,Taylor,1000003846,Endocrinology,IL,206-555-7823
3847,James,Taylor,1000003847,Pediatrics,PA,825-555-6863
3848,Patricia,Perez,1000003848,Endocrinology,TX,967-555-3932
3849,Sarah,Martin,1000003849,Endocrinology,TX,675-555-6917
3850,Patricia,Jones,1000003850,Endocrinology,CA,746-555-2138
3851,Donald,Moore,1000003851,Emergency Medicine,CO,726-555-8418
3852,Karen,Jackson,1000003852,Oncology,TX,622-555-6121
3853,Sarah,Jones,1000003853,Emergency Medicine,CA,597-555-4210
3854,Anthony,Wilson,1000003854,Endocrinology,TX,503-555-1043
3855,Jessica,Hernandez,1000003855,Dermatology,CA,895-555-4096
3856,Robert,Lee,1000003856,Neurology,FL,977-555-1112
3857,William,Martin,1000003857,Emergency Medicine,AZ,764-555-8088
3858,Michael,Lopez,1000003858,Pulmonology,AZ,251-555-4268
3859,Barbara,Anderson,1000003859,Neurology,FL,438-555-7939
3860,Ashley,Thomas,1000003860,Cardiology,CO,869-555-8243
3861,Nancy,Jackson,1000003861,General Practice,CA,468-555-7678
3862,Susan,Jackson,1000003862,Gastroenterology,CO,332-555-3185
3863,Nancy,Martinez,1000003863,Emergency Medicine,CA,261-555-7925
3864,Thomas,Gonzalez,1000003864,Orthopedics,CO,561-555-8428
3865,Margaret,Anderson,1000003865,Internal Medicine,FL,232-555-5040
3866,Mark,Rodriguez,1000003866,Internal Medicine,IL,279-555-4104
3867,Patricia,Smith,1000003867,Cardiology,AZ,359-555-9153
3868,James,Williams,1000003868,Neurology,TX,882-555-8076
3869,Matthew,Rodriguez,1000003869,Cardiology,CA,936-555-4664
3870,Patricia,Hernandez,1000003870,Dermatology,CA,552-555-6629
3871,Michael,Jackson,1000003871,Endocrinology,TX,650-555-9421
3872,Charles,Martin,1000003872,Endocrinology,WA,856-555-9202
3873,Jessica,Taylor,1000003873,Cardiology,IL,885-555-7950
3874,Patricia,Anderson,1000003874,Psychiatry,TX,913-555-2600
3875,Elizabeth,Davis,1000003875,Emergency Medicine,TX,508-555-3452
3876,Richard,Jones,1000003876,Orthopedics,IL,756-555-5248
3877,James,Brown,1000003877,Dermatology,TX,408-555-6395
3878,Patricia,Garcia,1000003878,Gastroenterology,CA,243-555-8682
3879,Lisa,Martin,1000003879,Pediatrics,TX,807-555-2325
3880,Susan,Gonzalez,1000003880,Dermatology,FL,294-555-7567
3881,Daniel,Moore,1000003881,General Practice,NY,427-555-9461
3882,Christopher,Anderson,1000003882,Internal Medicine,NY,211-555-5403
3883,Linda,Perez,1000003883,Pulmonology,AZ,859-555-3317
3884,Ashley,Garcia,1000003884,Endocrinology,TX,613-555-8190
3885,Lisa,Johnson,1000003885,Cardiology,WA,935-555-5973
3886,Anthony,Wilson,1000003886,Urology,WA,442-555-2364
3887,David,Brown,1000003887,Endocrinology,TX,946-555-3322
3888,Thomas,Hernandez,1000003888,Orthopedics,PA,871-555-7558
3889,Nancy,Lopez,1000003889,Psychiatry,NY,920-555-5449
3890,Anthony,Johnson,1000003890,Cardiology,MA,365-555-9814
3891,William,Brown,1000003891,Pulmonology,WA,681-555-2657
3892,Susan,Lee,1000003892,Orthopedics,TX,659-555-9300
3893,Mark,Williams,1000003893,General Practice,CO,817-555-7627
3894,Lisa,Lee,1000003894,Endocrinology,IL,813-555-4322
3895,Margaret,Perez,1000003895,Pulmonology,IL,664-555-3639
3896,Barbara,Smith,1000003896,Orthopedics,WA,722-555-5114
3897,Karen,Taylor,1000003897,Endocrinology,PA,857-555-2848
3898,Sandra,Smith,1000003898,Cardiology,CO,508-555-3623
3899,Linda,Miller,1000003899,Orthopedics,MA,339-555-5754
3900,Thomas,Anderson,1000003900,Orthopedics,TX,361-555-2253
3901,Patricia,Jackson,1000003901,Neurology,IL,458-555-6500
3902,Daniel,Rodriguez,1000003902,Orthopedics,NY,732-555-1425
3903,Richard,Williams,1000003903,Emergency Medicine,CA,391-555-3563
3904,Christopher,Thompson,1000003904,Emergency Medicine,TX,630-555-7033
3905,Nancy,Perez,1000003905,Urology,TX,388-555-5492
3906,William,Thomas,1000003906,Dermatology,CA,250-555-6985
3907,Nancy,Taylor,1000003907,Pediatrics,TX,268-555-3406
3908,Margaret,Jackson,1000003908,Oncology,CA,584-555-8694
3909,Matthew,Thomas,1000003909,Emergency Medicine,CO,829-555-4882
3910,Mary,Martin,1000003910,Gastroenterology,TX,210-555-9740
3911,Jennifer,Jones,1000003911,Neurology,FL,918-555-6496
3912,Jessica,Garcia,1000003912,Neurology,PA,547-555-4309
3913,Mark,Lopez,1000003913,Emergency Medicine,PA,663-555-6785
3914,Betty,Anderson,1000003914,Gastroenterology,FL,704-555-7176
3915,Mary,Taylor,1000003915,Orthopedics,MA,348-555-8144
3916,Ashley,Smith,1000003916,Dermatology,IL,223-555-9961
3917,Sarah,Hernandez,1000003917,Cardiology,CA,648-555-7301
3918,Linda,Martin,1000003918,Oncology,FL,864-555-6386
3919,Ashley,Martin,1000003919,Urology,AZ,316-555-3709
3920,Donald,Hernandez,1000003920,Urology,TX,301-555-1501
3921,Robert,Thomas,1000003921,Emergency Medicine,MA,381-555-8435
3922,Jessica,Brown,1000003922,Pediatrics,CA,725-555-3170
3923,Susan,Williams,1000003923,Neurology,FL,528-555-1142
3924,Lisa,Jackson,1000003924,Orthopedics,CO,974-555-9129
3925,Patricia,Davis,1000003925,General Practice,AZ,731-555-9468
3926,John,Perez,1000003926,Orthopedics,TX,739-555-7558
3927,Robert,Rodriguez,1000003927,Emergency Medicine,CA,603-555-7183
3928,Thomas,Jackson,1000003928,Emergency Medicine,TX,831-555-7351
3929,William,Jones,1000003929,Pediatrics,NY,219-555-8508
3930,Sarah,Davis,1000003930,Dermatology,PA,780-555-8245
3931,Christopher,Hernandez,1000003931,Cardiology,WA,803-555-3211
3932,Barbara,Martinez,1000003932,Neurology,TX,633-555-8130
3933,Betty,Smith,1000003933,Internal Medicine,TX,684-555-2257
3934,Linda,Davis,1000003934,General Practice,IL,574-555-3786
3935,Jessica,Hernandez,1000003935,Internal Medicine,TX,945-555-4978
3936,James,Thomas,1000003936,Oncology,AZ,716-555-6120
3937,Linda,Brown,1000003937,Pulmonology,MA,312-555-1780
3938,Joseph,Wilson,1000003938,Neurology,FL,356-555-1030
3939,Donald,Garcia,1000003939,Cardiology,TX,505-555-7890
3940,Patricia,Martin,1000003940,Oncology,WA,617-555-2180
3941,Margaret,Johnson,1000003941,General Practice,TX,966-555-5956
3942,Barbara,Smith,1000003942,Gastroenterology,TX,974-555-5394
3943,Daniel,Johnson,1000003943,Psychiatry,TX,565-555-9920
3944,Linda,Wilson,1000003944,General Practice,TX,633-555-3004
3945,Charles,Lopez,1000003945,Emergency Medicine,IL,710-555-3416
3946,Daniel,Thomas,1000003946,Pediatrics,CA,492-555-3057
3947,Jessica,Brown,1000003947,Urology,CA,368-555-1687
3948,Karen,Perez,1000003948,Cardiology,TX,608-555-1764
3949,Nancy,Williams,1000003949,Oncology,AZ,340-555-6298
3950,Lisa,Lee,1000003950,Orthopedics,CA,697-555-6292
3951,Joseph,Smith,1000003951,Pediatrics,WA,938-555-3769
3952,Donald,Lee,1000003952,Emergency Medicine,CA,652-555-3941
3953,Margaret,Garcia,1000003953,Pediatrics,TX,756-555-9683
3954,Susan,Gonzalez,1000003954,Emergency Medicine,MA,286-555-8908
3955,Sandra,Johnson,1000003955,Oncology,FL,501-555-9107
3956,Daniel,Martin,1000003956,Emergency Medicine,TX,625-555-1763
3957,Susan,Perez,1000003957,Endocrinology,CA,488-555-9981
3958,Betty,Moore,1000003958,Orthopedics,TX,799-555-9351
3959,David,Brown,1000003959,Pulmonology,TX,458-555-8817
3960,William,Thomas,1000003960,Cardiology,CO,246-555-8663
3961,John,Taylor,1000003961,Psychiatry,PA,906-555-4214
3962,Robert,Hernandez,1000003962,Neurology,TX,684-555-2994
3963,Mary,Brown,1000003963,Gastroenterology,CA,495-555-8457
3964,Elizabeth,Martin,1000003964,Psychiatry,CA,690-555-4064
3965,Elizabeth,Perez,1000003965,Pediatrics,TX,526-555-6201
3966,Lisa,Thompson,1000003966,Urology,TX,737-555-4263
3967,Donald,Moore,1000003967,Urology,TX,560-555-9363
3968,David,Anderson,1000003968,Endocrinology,CO,559-555-5668
3969,Betty,Smith,1000003969,General Practice,TX,940-555-8302
3970,Charles,Johnson,1000003970,Gastroenterology,WA,519-555-3931
3971,Nancy,Rodriguez,1000003971,Gastroenterology,FL,411-555-4107
3972,Linda,Williams,1000003972,Psychiatry,CA,766-555-4699
3973,Sandra,Garcia,1000003973,Dermatology,TX,690-555-7883
3974,Jennifer,Thomas,1000003974,Urology,CO,802-555-5046
3975,Daniel,Williams,1000003975,Pulmonology,CA,465-555-3720
3976,Sarah,Rodriguez,1000003976,Endocrinology,IL,534-555-1169
3977,Lisa,Thomas,1000003977,Pulmonology,AZ,997-555-3102
3978,John,Taylor,1000003978,Gastroenterology,WA,466-555-9024
3979,Thomas,Lopez,1000003979,Oncology,FL,211-555-4337
3980,William,Rodriguez,1000003980,Emergency Medicine,AZ,523-555-9746
3981,Matthew,Jackson,1000003981,Dermatology,IL,652-555-8266
3982,Donald,Davis,1000003982,Pulmonology,TX,375-555-7529
3983,Ashley,Miller,1000003983,General Practice,PA,335-555-5304
3984,Christopher,Jackson,1000003984,Endocrinology,MA,736-555-4603
3985,Richard,Anderson,1000003985,Endocrinology,CA,201-555-3169
3986,Barbara,Brown,1000003986,Dermatology,TX,489-555-1344
3987,James,Rodriguez,1000003987,Pulmonology,NY,408-555-2539
3988,Joseph,Rodriguez,1000003988,Urology,MA,690-555-6432
3989,Betty,Williams,1000003989,Dermatology,NY,873-555-7690
3990,Christopher,Williams,1000003990,Pulmonology,WA,570-555-8920
3991,Donald,Lopez,1000003991,Internal Medicine,NY,387-555-7376
3992,Daniel,Lee,1000003992,Oncology,CA,849-555-8307
3993,Joseph,Davis,1000003993,Gastroenterology,CO,648-555-3183
3994,Jennifer,Johnson,1000003994,Neurology,TX,957-555-7024
3995,Jennifer,Wilson,1000003995,Endocrinology,TX,390-555-6978
3996,Lisa,Moore,1000003996,Urology,CO,589-555-8049
3997,Donald,Thomas,1000003997,Pulmonology,WA,817-555-4273
3998,Jessica,Thomas,1000003998,Gastroenterology,TX,458-555-1476
3999,Barbara,Moore,1000003999,Psychiatry,TX,591-555-9820
4000,Michael,Perez,1000004000,Neurology,CA,714-555-9554
4001,Jennifer,Rodriguez,1000004001,Gastroenterology,MA,666-555-4642
4002,Anthony,Jackson,1000004002,Endocrinology,IL,294-555-3872
4003,Charles,Miller,1000004003,Cardiology,TX,219-555-9326
4004,Barbara,Jones,1000004004,Dermatology,CA,571-555-1710
4005,John,Davis,1000004005,Dermatology,PA,522-555-2116
4006,Elizabeth,Johnson,1000004006,Pulmonology,TX,977-555-3638
4007,Charles,Rodriguez,1000004007,Cardiology,AZ,636-555-6362
4008,Mary,Wilson,1000004008,Emergency Medicine,WA,212-555-6265
4009,Linda,Wilson,1000004009,Neurology,TX,539-555-7304
4010,Sarah,Martin,1000004010,Oncology,WA,866-555-5972
4011,Robert,Williams,1000004011,Emergency Medicine,TX,387-555-8391
4012,Robert,Jones,1000004012,Neurology,NY,420-555-5270
4013,Christopher,Jackson,1000004013,Endocrinology,WA,536-555-7490
4014,Donald,Anderson,1000004014,Urology,CA,339-555-1684
4015,David,Anderson,1000004015,Psychiatry,MA,927-555-5305
4016,Mary,Martin,1000004016,Pulmonology,TX,286-555-3924
4017,Anthony,Perez,1000004017,Neurology,CO,896-555-8938
4018,John,Moore,1000004018,Pediatrics,CO,966-555-7303
4019,Susan,Moore,1000004019,Dermatology,TX,878-555-5886
4020,Charles,Taylor,1000004020,Dermatology,CA,918-555-6128
4021,Mary,Taylor,1000004021,Neurology,CA,235-555-6375
4022,Margaret,Rodriguez,1000004022,Gastroenterology,TX,580-555-8594
4023,Nancy,Jones,1000004023,Urology,CA,707-555-8012
4024,Sandra,Wilson,1000004024,Cardiology,MA,584-555-5946
4025,Mary,Thomas,1000004025,Orthopedics,FL,756-555-8027
4026,Thomas,Jackson,1000004026,Urology,MA,911-555-1821
4027,Thomas,Brown,1000004027,Cardiology,IL,283-555-8739
4028,Susan,Jones,1000004028,Cardiology,TX,980-555-4938
4029,Patricia,Gonzalez,1000004029,Pulmonology,PA,529-555-2605
4030,Richard,Garcia,1000004030,Endocrinology,AZ,986-555-9074
4031,Patricia,Davis,1000004031,Endocrinology,WA,564-555-7759
4032,Donald,Taylor,1000004032,Pediatrics,WA,531-555-6443
4033,Elizabeth,Smith,1000004033,Cardiology,TX,829-555-2461
4034,Barbara,Smith,1000004034,Cardiology,TX,322-555-3654
4035,Jessica,Martin,1000004035,Orthopedics,TX,726-555-4492
4036,Matthew,Brown,1000004036,Neurology,NY,988-555-2649
4037,Lisa,Lopez,1000004037,Pediatrics,CA,813-555-7885
4038,John,Perez,1000004038,Dermatology,TX,850-555-9651
4039,James,Jones,1000004039,Dermatology,FL,660-555-7593
4040,Patricia,Martinez,1000004040,Cardiology,CA,322-555-9400
4041,Christopher,Lopez,1000004041,Pediatrics,FL,303-555-5295
4042,Sandra,Taylor,1000004042,Internal Medicine,FL,665-555-8461
4043,Daniel,Moore,1000004043,Emergency Medicine,TX,942-555-1619
4044,Anthony,Jackson,1000004044,Endocrinology,NY,218-555-9229
4045,Matthew,Jones,1000004045,Gastroenterology,CO,311-555-9573
4046,Donald,Hernandez,1000004046,Urology,PA,826-555-6369
4047,Sarah,Davis,1000004047,Internal Medicine,TX,942-555-2230
4048,Linda,Jones,1000004048,Endocrinology,AZ,228-555-8865
4049,Margaret,Miller,1000004049,General Practice,CA,426-555-3249
4050,Christopher,Miller,1000004050,Cardiology,WA,678-555-7459
4051,Karen,Lopez,1000004051,Emergency Medicine,MA,770-555-3899
4052,Sarah,Brown,1000004052,General Practice,FL,431-555-7075
4053,Elizabeth,Thompson,1000004053,Gastroenterology,NY,241-555-6194
4054,Anthony,Smith,1000004054,Psychiatry,CA,885-555-7209
4055,Patricia,Moore,1000004055,Endocrinology,TX,376-555-4505
4056,Elizabeth,Moore,1000004056,Internal Medicine,CA,440-555-5932
4057,Michael,Wilson,1000004057,Psychiatry,PA,695-555-6642
4058,Jessica,Williams,1000004058,Psychiatry,AZ,439-555-4412
4059,Sarah,Davis,1000004059,Endocrinology,FL,350-555-1960
4060,Richard,Williams,1000004060,Cardiology,WA,904-555-9430
4061,Nancy,Jones,1000004061,Psychiatry,CA,550-555-9729
4062,Margaret,Wilson,1000004062,Emergency Medicine,CA,565-555-5524
4063,Matthew,Lopez,1000004063,Neurology,WA,726-555-5713
4064,Linda,Moore,1000004064,Oncology,TX,761-555-3772
4065,Donald,Johnson,1000004065,Urology,TX,787-555-3692
4066,Betty,Lopez,1000004066,Oncology,PA,737-555-4347
4067,Donald,Rodriguez,1000004067,Oncology,TX,940-555-2289
4068,Ashley,Jackson,1000004068,General Practice,TX,587-555-4707
4069,Barbara,Moore,1000004069,Psychiatry,NY,615-555-3577
4070,Anthony,Johnson,1000004070,Psychiatry,TX,982-555-3247
4071,Margaret,Thomas,1000004071,Orthopedics,NY,320-555-2362
4072,Sandra,Thompson,1000004072,Pulmonology,MA,492-555-1138
4073,Matthew,Taylor,1000004073,Endocrinology,TX,374-555-9926
4074,Margaret,Davis,1000004074,Oncology,NY,695-555-3430
4075,Betty,Moore,1000004075,Pediatrics,TX,783-555-7588
4076,Sarah,Jones,1000004076,Orthopedics,MA,773-555-2932
4077,Linda,Smith,1000004077,Orthopedics,AZ,413-555-9036
4078,Joseph,Hernandez,1000004078,Dermatology,IL,550-555-3372
4079,Robert,Thomas,1000004079,Urology,CA,505-555-2195
4080,James,Gonzalez,1000004080,Gastroenterology,CA,791-555-6758
4081,Lisa,Garcia,1000004081,Dermatology,CO,563-555-2926
4082,Sarah,Davis,1000004082,Cardiology,MA,904-555-3348
4083,Daniel,Lopez,1000004083,Endocrinology,CA,391-555-4568
4084,Christopher,Rodriguez,1000004084,Pediatrics,TX,989-555-4789
4085,Robert,Garcia,1000004085,General Practice,CA,926-555-6540
4086,Matthew,Hernandez,1000004086,Oncology,FL,703-555-3513
4087,Sarah,Jackson,1000004087,Cardiology,IL,285-555-9576
4088,Matthew,Smith,1000004088,Psychiatry,TX,236-555-8879
4089,Joseph,Lee,1000004089,Pediatrics,CA,581-555-4002
4090,Barbara,Thompson,1000004090,Urology,IL,952-555-8600
4091,Richard,Thompson,1000004091,Pulmonology,TX,993-555-5070
4092,Mark,Wilson,1000004092,General Practice,CO,528-555-6285
4093,Susan,Garcia,1000004093,Emergency Medicine,PA,592-555-4305
4094,Ashley,Hernandez,1000004094,Oncology,AZ,241-555-4945
4095,William,Thomas,1000004095,Urology,FL,789-555-5300
4096,Margaret,Moore,1000004096,Oncology,CA,225-555-8063
4097,Anthony,Moore,1000004097,Orthopedics,MA,666-555-7423
4098,Charles,Hernandez,1000004098,Endocrinology,CA,578-555-2059
4099,Anthony,Miller,1000004099,Emergency Medicine,CA,619-555-5765
4100,Betty,Davis,1000004100,Pediatrics,PA,292-555-6596
4101,David,Martinez,1000004101,Emergency Medicine,CA,525-555-9947
4102,Sandra,Perez,1000004102,Cardiology,PA,267-555-8326
4103,Mary,Jackson,1000004103,Oncology,FL,883-555-5485
4104,Matthew,Rodriguez,1000004104,Oncology,AZ,437-555-2492
4105,Sarah,Lee,1000004105,Psychiatry,CO,934-555-2613
4106,Patricia,Perez,1000004106,Gastroenterology,CO,851-555-3382
4107,Ashley,Perez,1000004107,Endocrinology,TX,259-555-9144
4108,William,Martinez,1000004108,Endocrinology,CA,320-555-7196
4109,Christopher,Anderson,1000004109,Internal Medicine,TX,204-555-3611
4110,Thomas,Hernandez,1000004110,General Practice,TX,818-555-8945
4111,Betty,Rodriguez,1000004111,Gastroenterology,CA,756-555-4801
4112,Daniel,Williams,1000004112,General Practice,MA,427-555-1713
4113,Lisa,Williams,1000004113,Oncology,WA,977-555-1756
4114,Karen,Thomas,1000004114,Gastroenterology,TX,921-555-3916
4115,John,Martin,1000004115,Pediatrics,TX,285-555-1491
4116,Betty,Lee,1000004116,Pulmonology,TX,247-555-3458
4117,Sarah,Rodriguez,1000004117,Urology,CO,869-555-9898
4118,Ashley,Gonzalez,1000004118,Emergency Medicine,MA,491-555-2790
4119,Mary,Lopez,1000004119,Oncology,PA,628-555-1874
4120,Lisa,Wilson,1000004120,Cardiology,TX,318-555-2266
4121,John,Taylor,1000004121,Emergency Medicine,PA,611-555-9218
4122,Sandra,Smith,1000004122,Pediatrics,TX,867-555-6440
4123,Joseph,Rodriguez,1000004123,Oncology,PA,900-555-3338
4124,Susan,Wilson,1000004124,Pulmonology,MA,552-555-5909
4125,Richard,Lee,1000004125,Neurology,WA,886-555-1118
4126,Jessica,Lopez,1000004126,Endocrinology,FL,805-555-1866
4127,Barbara,Taylor,1000004127,Pediatrics,TX,716-555-6471
4128,Barbara,Thomas,1000004128,Orthopedics,FL,603-555-5776
4129,Christopher,Thomas,1000004129,Emergency Medicine,CA,964-555-5605
4130,Charles,Williams,1000004130,Pediatrics,AZ,991-555-5323
4131,Joseph,Hernandez,1000004131,Orthopedics,CA,406-555-5434
4132,Robert,Perez,1000004132,Pediatrics,MA,257-555-2656
4133,Betty,Williams,1000004133,Emergency Medicine,CA,848-555-1094
4134,David,Wilson,1000004134,General Practice,IL,357-555-7304
4135,Elizabeth,Anderson,1000004135,Cardiology,PA,886-555-4477
4136,Charles,Thomas,1000004136,Gastroenterology,CA,452-555-2036
4137,Robert,Hernandez,1000004137,Psychiatry,TX,826-555-1853
4138,David,Miller,1000004138,Neurology,CO,963-555-8983
4139,Michael,Davis,1000004139,Psychiatry,TX,970-555-2514
4140,Lisa,Martinez,1000004140,Pulmonology,CO,303-555-2462
4141,Patricia,Thompson,1000004141,Pediatrics,TX,897-555-4204
4142,Nancy,Smith,1000004142,Urology,WA,897-555-4844
4143,David,Lopez,1000004143,Pediatrics,AZ,750-555-9035
4144,Margaret,Martin,1000004144,Internal Medicine,MA,987-555-4900
4145,Linda,Thomas,1000004145,Pulmonology,IL,600-555-5393
4146,Charles,Perez,1000004146,Pediatrics,CA,686-555-3339
4147,Michael,Wilson,1000004147,Oncology,CA,926-555-8620
4148,Patricia,Lee,1000004148,Neurology,CA,481-555-2298
4149,Susan,Davis,1000004149,Internal Medicine,FL,339-555-7795
4150,Sarah,Gonzalez,1000004150,Pediatrics,WA,798-555-7992
4151,Mary,Thompson,1000004151,Psychiatry,TX,812-555-3404
4152,Linda,Lopez,1000004152,Emergency Medicine,CA,292-555-9831
4153,Daniel,Smith,1000004153,General Practice,TX,759-555-4330
4154,Michael,Rodriguez,1000004154,Oncology,TX,963-555-7140
4155,Barbara,Johnson,1000004155,Pulmonology,TX,667-555-3884
4156,William,Moore,1000004156,Emergency Medicine,CO,868-555-4900
4157,Jessica,Davis,1000004157,Pediatrics,MA,676-555-7713
4158,Daniel,Martinez,1000004158,General Practice,CA,629-555-3540
4159,David,Thomas,1000004159,Endocrinology,CA,296-555-1319
4160,John,Thompson,1000004160,Endocrinology,NY,837-555-1181
4161,William,Anderson,1000004161,Endocrinology,CA,502-555-2504
4162,Mark,Smith,1000004162,Oncology,TX,882-555-4012
4163,Karen,Jones,1000004163,Emergency Medicine,CA,508-555-5376
4164,Mary,Thompson,1000004164,Cardiology,TX,592-555-6502
4165,Anthony,Gonzalez,1000004165,General Practice,CO,534-555-3818
4166,Robert,Brown,1000004166,Psychiatry,MA,376-555-5750
4167,Charles,Hernandez,1000004167,Endocrinology,FL,924-555-4999
4168,Charles,Williams,1000004168,Dermatology,TX,645-555-2776
4169,John,Miller,1000004169,Urology,CA,412-555-8981
4170,Betty,Moore,1000004170,Oncology,MA,296-555-7601
4171,Jessica,Thompson,1000004171,Neurology,NY,365-555-4637
4172,Christopher,Hernandez,1000004172,Psychiatry,TX,849-555-1096
4173,Jessica,Johnson,1000004173,Orthopedics,CA,375-555-9575
4174,Matthew,Martinez,1000004174,Pediatrics,TX,323-555-6795
4175,Donald,Anderson,1000004175,Internal Medicine,TX,389-555-8080
4176,Karen,Johnson,1000004176,Dermatology,TX,456-555-3777
4177,James,Smith,1000004177,General Practice,CA,523-555-9215
4178,Susan,Miller,1000004178,Oncology,CA,302-555-9594
4179,John,Anderson,1000004179,Urology,TX,584-555-4463
4180,William,Lee,1000004180,Dermatology,AZ,835-555-1326
4181,Jennifer,Lopez,1000004181,Orthopedics,TX,274-555-6887
4182,Michael,Martinez,1000004182,Pulmonology,TX,276-555-9614
4183,Nancy,Garcia,1000004183,Gastroenterology,TX,344-555-1578
4184,Charles,Miller,1000004184,Endocrinology,TX,292-555-9430
4185,Jennifer,Jackson,1000004185,Endocrinology,TX,502-555-3355
4186,Susan,Thompson,1000004186,Neurology,TX,518-555-1756
4187,Richard,Jones,1000004187,Gastroenterology,CO,856-555-1782
4188,Susan,Martinez,1000004188,Gastroenterology,TX,496-555-9152
4189,James,Williams,1000004189,Psychiatry,CO,425-555-1996
4190,Christopher,Hernandez,1000004190,Gastroenterology,TX,869-555-1035
4191,Barbara,Jackson,1000004191,Oncology,PA,599-555-1819
4192,Matthew,Lee,1000004192,Dermatology,MA,445-555-6971
4193,Sandra,Rodriguez,1000004193,Pulmonology,TX,245-555-7728
4194,James,Lee,1000004194,Neurology,CA,215-555-1658
4195,Margaret,Taylor,1000004195,Orthopedics,TX,364-555-9802
4196,David,Martinez,1000004196,Psychiatry,TX,377-555-9871
4197,Daniel,Jones,1000004197,Emergency Medicine,NY,451-555-6101
4198,Thomas,Taylor,1000004198,Urology,WA,918-555-4181
4199,Matthew,Williams,1000004199,Internal Medicine,TX,297-555-7747
4200,Linda,Rodriguez,1000004200,Gastroenterology,NY,490-555-6677
4201,Christopher,Jones,1000004201,Internal Medicine,IL,929-555-9019
4202,Daniel,Garcia,1000004202,Dermatology,CA,239-555-8145
4203,Barbara,Jackson,1000004203,Gastroenterology,TX,379-555-2113
4204,Sandra,Moore,1000004204,Pediatrics,TX,626-555-4090
4205,Daniel,Moore,1000004205,Internal Medicine,CO,542-555-1402
4206,James,Perez,1000004206,General Practice,NY,934-555-3937
4207,Anthony,Taylor,1000004207,Dermatology,MA,843-555-7622
4208,Anthony,Smith,1000004208,Oncology,CO,804-555-6998
4209,Matthew,Moore,1000004209,General Practice,IL,675-555-4004
4210,Linda,Williams,1000004210,Neurology,TX,928-555-7818
4211,Barbara,Jones,1000004211,General Practice,TX,808-555-3131
4212,Jessica,Martinez,1000004212,Endocrinology,MA,677-555-4403
4213,Susan,Jones,1000004213,Oncology,CA,295-555-8792
4214,Charles,Thomas,1000004214,Cardiology,TX,647-555-4237
4215,Linda,Thomas,1000004215,Psychiatry,WA,780-555-7509
4216,Mary,Brown,1000004216,Psychiatry,NY,821-555-3072
4217,John,Brown,1000004217,Psychiatry,TX,916-555-1968
4218,Robert,Thomas,1000004218,Oncology,IL,402-555-4845
4219,Jennifer,Hernandez,1000004219,Emergency Medicine,TX,434-555-7077
4220,Robert,Wilson,1000004220,Internal Medicine,FL,742-555-5942
4221,Joseph,Martinez,1000004221,Gastroenterology,FL,889-555-3683
4222,Christopher,Perez,1000004222,Orthopedics,CA,425-555-7830
4223,Elizabeth,Martinez,1000004223,General Practice,CO,578-555-6186
4224,Patricia,Rodriguez,1000004224,Orthopedics,CA,429-555-6882
4225,Margaret,Gonzalez,1000004225,Endocrinology,TX,514-555-7562
4226,Susan,Wilson,1000004226,Oncology,PA,433-555-7441
4227,Barbara,Taylor,1000004227,Endocrinology,AZ,728-555-2926
4228,Michael,Gonzalez,1000004228,Orthopedics,TX,635-555-2711
4229,Anthony,Lee,1000004229,Psychiatry,CA,213-555-2265
4230,Sarah,Smith,1000004230,General Practice,TX,974-555-7628
4231,Michael,Anderson,1000004231,Emergency Medicine,TX,235-555-6326
4232,Linda,Wilson,1000004232,Gastroenterology,MA,258-555-7240
4233,Linda,Miller,1000004233,Neurology,TX,563-555-8362
4234,Mark,Thomas,1000004234,Gastroenterology,FL,655-555-9094
4235,Barbara,Brown,1000004235,General Practice,TX,214-555-1160
4236,Betty,Davis,1000004236,General Practice,FL,925-555-3061
4237,Elizabeth,Brown,1000004237,Urology,TX,355-555-2506
4238,Joseph,Taylor,1000004238,Cardiology,CA,906-555-4314
4239,Karen,Garcia,1000004239,Endocrinology,WA,452-555-2504
4240,Richard,Thompson,1000004240,Emergency Medicine,WA,600-555-8285
4241,Margaret,Garcia,1000004241,Dermatology,WA,490-555-1289
4242,Joseph,Lee,1000004242,General Practice,CO,887-555-4798
4243,Karen,Hernandez,1000004243,Oncology,CA,976-555-6500
4244,Jessica,Garcia,1000004244,Endocrinology,IL,224-555-7791
4245,Ashley,Smith,1000004245,Pulmonology,IL,277-555-1432
4246,Linda,Wilson,1000004246,Dermatology,NY,692-555-1640
4247,Betty,Davis,1000004247,Pulmonology,TX,529-555-1771
4248,Sarah,Johnson,1000004248,Neurology,NY,250-555-1347
4249,William,Thomas,1000004249,Neurology,NY,244-555-6760
4250,Karen,Williams,1000004250,Neurology,MA,935-555-9064
4251,Nancy,Williams,1000004251,Psychiatry,CA,475-555-7870
4252,Daniel,Williams,1000004252,Internal Medicine,PA,801-555-7083
4253,Jessica,Williams,1000004253,Pediatrics,CA,945-555-4812
4254,Patricia,Martinez,1000004254,Urology,TX,295-555-2240
4255,Karen,Moore,1000004255,Internal Medicine,MA,333-555-7469
4256,Sarah,Thomas,1000004256,Internal Medicine,FL,369-555-2024
4257,Daniel,Rodriguez,1000004257,Oncology,CA,244-555-9118
4258,Jennifer,Miller,1000004258,Oncology,TX,962-555-8451
4259,Christopher,Rodriguez,1000004259,Dermatology,TX,975-555-4353
4260,Joseph,Brown,1000004260,Cardiology,IL,249-555-3312
4261,Jessica,Anderson,1000004261,Dermatology,FL,574-555-2874
4262,Sarah,Gonzalez,1000004262,Cardiology,TX,403-555-1396
4263,David,Rodriguez,1000004263,Cardiology,MA,993-555-3277
4264,Jessica,Lopez,1000004264,Dermatology,IL,235-555-6422
4265,Lisa,Thompson,1000004265,Internal Medicine,TX,283-555-7351
4266,William,Martinez,1000004266,Internal Medicine,TX,308-555-1982
4267,Margaret,Jones,1000004267,Pediatrics,CA,704-555-1962
4268,Margaret,Rodriguez,1000004268,Neurology,IL,280-555-4701
4269,Elizabeth,Martinez,1000004269,Oncology,NY,912-555-2761
4270,Susan,Jackson,1000004270,Oncology,TX,915-555-6658
4271,Jennifer,Smith,1000004271,Oncology,CA,474-555-2029
4272,Christopher,Thomas,1000004272,Pulmonology,CA,497-555-4050
4273,James,Lee,1000004273,Dermatology,TX,549-555-5802
4274,Patricia,Miller,1000004274,Emergency Medicine,MA,488-555-6051
4275,Anthony,Gonzalez,1000004275,Endocrinology,TX,713-555-4321
4276,Betty,Miller,1000004276,Oncology,TX,298-555-5678
4277,Karen,Brown,1000004277,Cardiology,TX,474-555-3247
4278,Anthony,Lopez,1000004278,Oncology,TX,541-555-1707
4279,Donald,Thomas,1000004279,Oncology,CA,785-555-5276
4280,Richard,Moore,1000004280,Gastroenterology,CA,820-555-3759
4281,John,Miller,1000004281,Pediatrics,TX,598-555-4024
4282,Charles,Johnson,1000004282,Psychiatry,PA,562-555-4103
4283,Mark,Hernandez,1000004283,Gastroenterology,TX,726-555-5871
4284,Patricia,Brown,1000004284,Dermatology,TX,969-555-8447
4285,Donald,Rodriguez,1000004285,Cardiology,CA,597-555-7979
4286,Michael,Wilson,1000004286,Dermatology,TX,259-555-2191
4287,William,Garcia,1000004287,Psychiatry,PA,440-555-9854
4288,Matthew,Lee,1000004288,Psychiatry,NY,596-555-1629
4289,Barbara,Johnson,1000004289,Oncology,TX,579-555-3376
4290,Michael,Thomas,1000004290,Internal Medicine,TX,412-555-9135
4291,Lisa,Wilson,1000004291,Internal Medicine,PA,823-555-5232
4292,Linda,Gonzalez,1000004292,Psychiatry,CA,295-555-7541
4293,Elizabeth,Lopez,1000004293,Gastroenterology,FL,668-555-7378
4294,Mark,Williams,1000004294,Endocrinology,TX,716-555-3042
4295,James,Wilson,1000004295,Neurology,AZ,699-555-5297
4296,Jennifer,Davis,1000004296,Dermatology,TX,633-555-7024
4297,James,Martinez,1000004297,Cardiology,NY,935-555-4639
4298,Mark,Williams,1000004298,Oncology,IL,226-555-7074
4299,Margaret,Anderson,1000004299,Cardiology,CA,591-555-5825
4300,Sarah,Williams,1000004300,Urology,MA,731-555-3393
4301,David,Thomas,1000004301,Gastroenterology,MA,438-555-4523
4302,Christopher,Smith,1000004302,Oncology,FL,439-555-9901
4303,Charles,Thomas,1000004303,Pediatrics,FL,700-555-4879
4304,Susan,Lopez,1000004304,Pulmonology,TX,338-555-1650
4305,Thomas,Rodriguez,1000004305,Internal Medicine,WA,584-555-6121
4306,James,Thompson,1000004306,Dermatology,WA,446-555-5917
4307,Betty,Miller,1000004307,Emergency Medicine,CA,657-555-1120
4308,Margaret,Williams,1000004308,Endocrinology,CO,844-555-6736
4309,Betty,Martin,1000004309,Internal Medicine,AZ,890-555-6446
4310,Mark,Brown,1000004310,Neurology,WA,798-555-6780
4311,Margaret,Gonzalez,1000004311,Pulmonology,AZ,533-555-3379
4312,Joseph,Miller,1000004312,Neurology,CA,864-555-7422
4313,Patricia,Taylor,1000004313,Gastroenterology,CO,312-555-4855
4314,Anthony,Jones,1000004314,Pediatrics,CA,633-555-7165
4315,Matthew,Jackson,1000004315,Cardiology,WA,307-555-6346
4316,Ashley,Johnson,1000004316,Emergency Medicine,CO,508-555-1448
4317,Mary,Hernandez,1000004317,Pediatrics,MA,902-555-8981
4318,Anthony,Johnson,1000004318,Endocrinology,WA,919-555-9090
4319,Michael,Rodriguez,1000004319,Pediatrics,TX,559-555-7718
4320,Elizabeth,Martinez,1000004320,Psychiatry,TX,521-555-4650
4321,Margaret,Williams,1000004321,Endocrinology,CA,408-555-1481
4322,Margaret,Jones,1000004322,General Practice,AZ,413-555-5733
4323,Joseph,Garcia,1000004323,Oncology,CA,252-555-6633
4324,Michael,Lopez,1000004324,Oncology,FL,582-555-7928
4325,Betty,Williams,1000004325,Psychiatry,CA,254-555-9084
4326,Jessica,Hernandez,1000004326,Pulmonology,CA,210-555-1388
4327,Barbara,Garcia,1000004327,Pulmonology,CA,765-555-8425
4328,Linda,Martin,1000004328,Dermatology,TX,521-555-7665
4329,David,Thompson,1000004329,General Practice,PA,569-555-5242
4330,Sarah,Martinez,1000004330,Dermatology,CA,754-555-1802
4331,Richard,Gonzalez,1000004331,Urology,AZ,367-555-7505
4332,Karen,Jones,1000004332,Pulmonology,NY,350-555-3879
4333,Anthony,Martin,1000004333,Orthopedics,AZ,912-555-5202
4334,Daniel,Hernandez,1000004334,Urology,NY,784-555-4232
4335,Ashley,Anderson,1000004335,Oncology,FL,419-555-4190
4336,Betty,Thomas,1000004336,Neurology,AZ,537-555-7582
4337,Anthony,Lopez,1000004337,Cardiology,NY,456-555-9771
4338,Linda,Garcia,1000004338,Orthopedics,CO,496-555-6125
4339,Daniel,Thompson,1000004339,Internal Medicine,NY,401-555-5151
4340,William,Martin,1000004340,Internal Medicine,TX,813-555-4865
4341,Anthony,Brown,1000004341,Psychiatry,TX,344-555-3740
4342,Sandra,Jackson,1000004342,Pediatrics,PA,303-555-3682
4343,Barbara,Miller,1000004343,Dermatology,NY,638-555-5534
4344,Christopher,Davis,1000004344,Orthopedics,AZ,540-555-4493
4345,Patricia,Brown,1000004345,Neurology,WA,857-555-6747
4346,Donald,Martin,1000004346,Endocrinology,FL,859-555-4710
4347,Patricia,Perez,1000004347,Endocrinology,CA,957-555-1738
4348,Ashley,Perez,1000004348,Urology,CO,591-555-4916
4349,Charles,Moore,1000004349,Gastroenterology,WA,260-555-8029
4350,Jennifer,Perez,1000004350,Psychiatry,WA,500-555-4110
4351,Daniel,Gonzalez,1000004351,Pulmonology,AZ,517-555-9305
4352,William,Rodriguez,1000004352,Orthopedics,AZ,867-555-7201
4353,Daniel,Jones,1000004353,Emergency Medicine,TX,418-555-4921
4354,Ashley,Lee,1000004354,General Practice,CA,764-555-2592
4355,Anthony,Lee,1000004355,Internal Medicine,CA,379-555-9073
4356,Michael,Davis,1000004356,Neurology,WA,495-555-5756
4357,James,Lee,1000004357,Dermatology,PA,384-555-7163
4358,Anthony,Garcia,1000004358,Pulmonology,TX,676-555-9374
4359,Daniel,Perez,1000004359,Endocrinology,WA,325-555-4754
4360,Linda,Thomas,1000004360,Pulmonology,TX,353-555-9380
4361,Linda,Moore,1000004361,Dermatology,IL,996-555-9140
4362,Daniel,Lee,1000004362,Pediatrics,TX,770-555-7367
4363,Matthew,Anderson,1000004363,Neurology,CA,483-555-9039
4364,Sandra,Davis,1000004364,Neurology,NY,334-555-8498
4365,Joseph,Jackson,1000004365,Pediatrics,IL,506-555-7031
4366,Jennifer,Moore,1000004366,Neurology,CA,948-555-8945
4367,Susan,Rodriguez,1000004367,Cardiology,IL,775-555-2924
4368,Nancy,Williams,1000004368,Oncology,TX,561-555-3239
4369,Charles,Hernandez,1000004369,Urology,TX,674-555-2368
4370,Susan,Wilson,1000004370,Psychiatry,MA,225-555-4477
4371,Daniel,Anderson,1000004371,Orthopedics,CA,542-555-1551
4372,Betty,Williams,1000004372,Emergency Medicine,FL,568-555-2895
4373,Nancy,Thomas,1000004373,Orthopedics,CO,479-555-5129
4374,Barbara,Moore,1000004374,Internal Medicine,NY,230-555-8549
4375,Joseph,Jones,1000004375,General Practice,PA,619-555-7362
4376,Robert,Williams,1000004376,Urology,AZ,837-555-6435
4377,Nancy,Lopez,1000004377,Internal Medicine,WA,567-555-5431
4378,Robert,Jones,1000004378,Endocrinology,CO,776-555-8007
4379,William,Jackson,1000004379,Urology,MA,812-555-5166
4380,Susan,Martin,1000004380,Gastroenterology,IL,736-555-3776
4381,Jennifer,Miller,1000004381,Neurology,TX,839-555-4063
4382,Margaret,Smith,1000004382,Cardiology,CA,416-555-1115
4383,Karen,Thomas,1000004383,Neurology,AZ,857-555-2436
4384,David,Gonzalez,1000004384,Internal Medicine,PA,943-555-9894
4385,Joseph,Lee,1000004385,Neurology,PA,644-555-4925
4386,Richard,Moore,1000004386,Orthopedics,CA,344-555-3068
4387,Mark,Moore,1000004387,Internal Medicine,CO,863-555-4242
4388,Barbara,Davis,1000004388,Pulmonology,CA,755-555-9165
4389,Elizabeth,Rodriguez,1000004389,Urology,CO,920-555-2850
4390,Sarah,Martin,1000004390,Internal Medicine,IL,842-555-1600
4391,Ashley,Gonzalez,1000004391,Dermatology,IL,918-555-4252
4392,Sandra,Hernandez,1000004392,Oncology,AZ,670-555-6644
4393,Thomas,Johnson,1000004393,Emergency Medicine,TX,402-555-9969
4394,Christopher,Lee,1000004394,Orthopedics,CA,537-555-9387
4395,Mark,Taylor,1000004395,Internal Medicine,TX,498-555-2687
4396,Mary,Thomas,1000004396,General Practice,AZ,770-555-7693
4397,Mark,Taylor,1000004397,Neurology,MA,831-555-7820
4398,Thomas,Garcia,1000004398,Oncology,NY,396-555-5100
4399,Barbara,Jackson,1000004399,Emergency Medicine,CO,267-555-7806
4400,Karen,Johnson,1000004400,Urology,CO,802-555-2643
4401,William,Martin,1000004401,Gastroenterology,CA,699-555-3908
4402,Mark,Jones,1000004402,Dermatology,CO,797-555-6095
4403,Charles,Thompson,1000004403,Internal Medicine,FL,260-555-9500
4404,Betty,Martin,1000004404,Urology,PA,441-555-4170
4405,Margaret,Gonzalez,1000004405,General Practice,NY,585-555-9465
4406,Betty,Thomas,1000004406,Pediatrics,NY,448-555-9010
4407,Robert,Perez,1000004407,Urology,IL,737-555-6249
4408,Anthony,Rodriguez,1000004408,Pediatrics,MA,408-555-8371
4409,Susan,Rodriguez,1000004409,Endocrinology,TX,279-555-9554
4410,Robert,Jackson,1000004410,Internal Medicine,IL,580-555-9849
4411,Susan,Garcia,1000004411,Pulmonology,AZ,649-555-5432
4412,Jennifer,Hernandez,1000004412,Dermatology,WA,358-555-1228
4413,Mary,Brown,1000004413,Emergency Medicine,CA,783-555-3655
4414,Mary,Smith,1000004414,Dermatology,CO,553-555-9968
4415,Michael,Moore,1000004415,Gastroenterology,TX,239-555-7854
4416,Lisa,Anderson,1000004416,Psychiatry,CA,550-555-9204
4417,Nancy,Thompson,1000004417,Psychiatry,FL,681-555-4853
4418,Jessica,Taylor,1000004418,Internal Medicine,WA,835-555-6840
4419,Betty,Thomas,1000004419,General Practice,AZ,839-555-6247
4420,David,Garcia,1000004420,Dermatology,TX,819-555-3782
4421,Michael,Rodriguez,1000004421,Pulmonology,PA,448-555-4379
4422,Elizabeth,Smith,1000004422,General Practice,NY,335-555-8690
4423,Donald,Gonzalez,1000004423,Orthopedics,CA,725-555-9933
4424,Karen,Martinez,1000004424,Pediatrics,TX,821-555-2822
4425,Richard,Smith,1000004425,Internal Medicine,TX,267-555-1979
4426,William,Rodriguez,1000004426,Oncology,TX,827-555-8335
4427,Elizabeth,Moore,1000004427,Gastroenterology,AZ,275-555-2639
4428,Richard,Thompson,1000004428,Psychiatry,IL,309-555-1839
4429,Christopher,Lee,1000004429,Cardiology,CO,852-555-4032
4430,Sarah,Thompson,1000004430,Psychiatry,TX,788-555-7507
4431,Mark,Rodriguez,1000004431,Neurology,CA,302-555-1559
4432,Joseph,Moore,1000004432,Psychiatry,CA,389-555-9907
4433,John,Hernandez,1000004433,Pediatrics,CA,288-555-7025
4434,Thomas,Johnson,1000004434,Internal Medicine,CA,203-555-8017
4435,Margaret,Thomas,1000004435,Cardiology,NY,940-555-4365
4436,Susan,Jackson,1000004436,Neurology,CO,662-555-6373
4437,Robert,Jackson,1000004437,Neurology,TX,586-555-3161
4438,Linda,Brown,1000004438,Emergency Medicine,TX,544-555-5085
4439,Barbara,Moore,1000004439,Cardiology,TX,206-555-5113
4440,Michael,Williams,1000004440,Endocrinology,CO,255-555-7703
4441,Daniel,Johnson,1000004441,General Practice,MA,474-555-2354
4442,Barbara,Martinez,1000004442,Dermatology,FL,746-555-2688
4443,Thomas,Garcia,1000004443,General Practice,PA,349-555-5624
4444,Ashley,Garcia,1000004444,Dermatology,CA,694-555-7825
4445,Elizabeth,Wilson,1000004445,Neurology,MA,368-555-4259
4446,Jessica,Smith,1000004446,Emergency Medicine,CA,217-555-6246
4447,Elizabeth,Perez,1000004447,Endocrinology,AZ,896-555-2531
4448,Thomas,Anderson,1000004448,Psychiatry,TX,637-555-8898
4449,Richard,Martin,1000004449,Psychiatry,TX,848-555-6954
4450,Robert,Martinez,1000004450,Cardiology,FL,526-555-4650
4451,Michael,Martin,1000004451,Urology,TX,757-555-4652
4452,Sandra,Wilson,1000004452,Dermatology,CA,397-555-9470
4453,Mark,Williams,1000004453,Psychiatry,NY,888-555-3672
4454,Michael,Williams,1000004454,Endocrinology,IL,467-555-2955
4455,Ashley,Jackson,1000004455,Cardiology,AZ,845-555-2632
4456,David,Rodriguez,1000004456,General Practice,TX,516-555-5148
4457,James,Miller,1000004457,Dermatology,TX,997-555-2840
4458,Linda,Thompson,1000004458,Dermatology,WA,576-555-9056
4459,Thomas,Davis,1000004459,Pediatrics,IL,465-555-8867
4460,Sandra,Martinez,1000004460,Orthopedics,CO,938-555-7040
4461,John,Brown,1000004461,Gastroenterology,CA,333-555-1763
4462,David,Thompson,1000004462,Psychiatry,MA,400-555-3333
4463,James,Garcia,1000004463,Psychiatry,MA,504-555-3067
4464,Thomas,Rodriguez,1000004464,General Practice,TX,673-555-4673
4465,Robert,Williams,1000004465,Endocrinology,WA,639-555-7072
4466,Joseph,Smith,1000004466,Cardiology,CA,364-555-3883
4467,Susan,Garcia,1000004467,Psychiatry,CA,260-555-1932
4468,Nancy,Perez,1000004468,Neurology,IL,964-555-9971
4469,Linda,Garcia,1000004469,Emergency Medicine,CO,412-555-6754
4470,Barbara,Wilson,1000004470,Psychiatry,TX,279-555-8557
4471,John,Gonzalez,1000004471,Orthopedics,TX,325-555-8211
4472,John,Perez,1000004472,Psychiatry,AZ,690-555-3813
4473,Betty,Anderson,1000004473,Psychiatry,CO,232-555-3403
4474,Linda,Martinez,1000004474,Gastroenterology,CA,864-555-3683
4475,Donald,Wilson,1000004475,Emergency Medicine,TX,938-555-6405
4476,Daniel,Lee,1000004476,Urology,CA,628-555-9011
4477,Richard,Hernandez,1000004477,Internal Medicine,CA,509-555-6197
4478,Robert,Davis,1000004478,Pediatrics,PA,523-555-7292
4479,Ashley,Taylor,1000004479,General Practice,CO,290-555-9833
4480,Lisa,Rodriguez,1000004480,Psychiatry,NY,332-555-8515
4481,Patricia,Williams,1000004481,Urology,IL,601-555-9204
4482,Sandra,Jones,1000004482,Pediatrics,WA,489-555-8650
4483,Betty,Garcia,1000004483,Cardiology,TX,971-555-2513
4484,Jennifer,Jones,1000004484,Dermatology,TX,843-555-9521
4485,Barbara,Garcia,1000004485,Psychiatry,CA,897-555-5787
4486,Susan,Jones,1000004486,Pediatrics,CO,557-555-6125
4487,Charles,Moore,1000004487,Urology,TX,511-555-9190
4488,Mark,Moore,1000004488,Pediatrics,MA,305-555-6121
4489,Barbara,Garcia,1000004489,Pulmonology,FL,683-555-4453
4490,David,Johnson,1000004490,Pediatrics,NY,306-555-3274
4491,Daniel,Johnson,1000004491,Dermatology,AZ,810-555-7415
4492,Susan,Lopez,1000004492,Pediatrics,TX,525-555-6699
4493,Thomas,Moore,1000004493,Psychiatry,TX,342-555-2446
4494,Karen,Hernandez,1000004494,Cardiology,NY,678-555-9949
4495,Barbara,Wilson,1000004495,Orthopedics,PA,998-555-5208
4496,Susan,Smith,1000004496,Oncology,PA,824-555-6868
4497,Robert,Brown,1000004497,Urology,NY,743-555-2699
4498,Richard,Miller,1000004498,Gastroenterology,NY,305-555-7990
4499,John,Moore,1000004499,Pediatrics,TX,204-555-8978
4500,Linda,Martinez,1000004500,Pulmonology,TX,895-555-3041
4501,Sandra,Perez,1000004501,Dermatology,FL,913-555-5233
4502,Betty,Jones,1000004502,Gastroenterology,CA,845-555-9693
4503,Karen,Anderson,1000004503,Psychiatry,AZ,659-555-1546
4504,Elizabeth,Anderson,1000004504,General Practice,TX,295-555-3387
4505,Mary,Jones,1000004505,Neurology,CO,742-555-9909
4506,Jessica,Anderson,1000004506,Internal Medicine,PA,961-555-5765
4507,Elizabeth,Martinez,1000004507,Oncology,TX,499-555-5255
4508,Nancy,Gonzalez,1000004508,Pediatrics,TX,911-555-2638
4509,Sarah,Garcia,1000004509,Urology,TX,957-555-7869
4510,Sarah,Moore,1000004510,General Practice,TX,512-555-2224
4511,Mark,Miller,1000004511,Internal Medicine,NY,565-555-4467
4512,Anthony,Brown,1000004512,Urology,FL,814-555-5249
4513,Richard,Anderson,1000004513,General Practice,FL,740-555-2432
4514,Mary,Williams,1000004514,Oncology,MA,826-555-7762
4515,Anthony,Taylor,1000004515,Orthopedics,TX,218-555-5839
4516,Joseph,Anderson,1000004516,Pulmonology,TX,446-555-6731
4517,Patricia,Garcia,1000004517,Pediatrics,CA,857-555-5745
4518,Susan,Jones,1000004518,Oncology,WA,799-555-6507
4519,Sandra,Gonzalez,1000004519,Urology,TX,427-555-7066
4520,Mary,Jones,1000004520,Urology,CO,242-555-8267
4521,Richard,Thompson,1000004521,Cardiology,MA,270-555-8120
4522,Ashley,Williams,1000004522,Internal Medicine,PA,322-555-9014
4523,Sandra,Rodriguez,1000004523,Gastroenterology,FL,914-555-9921
4524,James,Johnson,1000004524,Orthopedics,CA,242-555-8254
4525,Elizabeth,Thompson,1000004525,Urology,CA,568-555-8282
4526,Jessica,Thomas,1000004526,Psychiatry,NY,213-555-4927
4527,Jessica,Brown,1000004527,Dermatology,TX,661-555-3036
4528,Anthony,Martin,1000004528,Oncology,CA,537-555-1696
4529,Elizabeth,Jackson,1000004529,Pediatrics,MA,943-555-1428
4530,Patricia,Wilson,1000004530,General Practice,CO,812-555-1422
4531,Sarah,Perez,1000004531,Orthopedics,WA,997-555-5260
4532,David,Smith,1000004532,Orthopedics,IL,789-555-3006
4533,Betty,Brown,1000004533,Emergency Medicine,CA,623-555-3904
4534,Jessica,Rodriguez,1000004534,Pulmonology,MA,538-555-6341
4535,Donald,Perez,1000004535,Cardiology,AZ,628-555-8011
4536,Matthew,Brown,1000004536,Dermatology,CA,929-555-1399
4537,Mark,Garcia,1000004537,Psychiatry,WA,430-555-1587
4538,Sandra,Perez,1000004538,Cardiology,TX,821-555-2501
4539,Lisa,Taylor,1000004539,Cardiology,MA,913-555-1392
4540,Joseph,Martin,1000004540,Emergency Medicine,TX,991-555-5489
4541,Thomas,Brown,1000004541,Cardiology,CA,491-555-8061
4542,Matthew,Smith,1000004542,Oncology,TX,717-555-1409
4543,Matthew,Thomas,1000004543,Urology,CO,599-555-8719
4544,Linda,Jackson,1000004544,Gastroenterology,AZ,918-555-9583
4545,Michael,Jackson,1000004545,Neurology,PA,200-555-8770
4546,Susan,Gonzalez,1000004546,Cardiology,AZ,975-555-5635
4547,John,Johnson,1000004547,Gastroenterology,AZ,421-555-2957
4548,Robert,Brown,1000004548,Cardiology,FL,552-555-2056
4549,Ashley,Jackson,1000004549,Dermatology,CA,667-555-1911
4550,Sarah,Moore,1000004550,Psychiatry,TX,391-555-9613
4551,Patricia,Wilson,1000004551,Psychiatry,TX,241-555-9190
4552,Barbara,Johnson,1000004552,Dermatology,TX,200-555-5932
4553,Lisa,Miller,1000004553,Emergency Medicine,TX,803-555-6531
4554,Sandra,Jones,1000004554,Internal Medicine,MA,691-555-1473
4555,Anthony,Jones,1000004555,Neurology,AZ,623-555-1110
4556,Robert,Williams,1000004556,Pediatrics,TX,659-555-9987
4557,Matthew,Garcia,1000004557,Internal Medicine,CO,829-555-2319
4558,Mary,Perez,1000004558,Psychiatry,NY,492-555-7802
4559,Charles,Lopez,1000004559,General Practice,CA,217-555-2791
4560,Anthony,Smith,1000004560,Endocrinology,IL,802-555-2286
4561,Michael,Rodriguez,1000004561,Neurology,CA,805-555-3509
4562,Daniel,Perez,1000004562,Gastroenterology,PA,456-555-1696
4563,Betty,Thompson,1000004563,Endocrinology,TX,934-555-5709
4564,Donald,Taylor,1000004564,Pulmonology,IL,865-555-2018
4565,Donald,Smith,1000004565,Psychiatry,TX,431-555-2700
4566,Lisa,Thompson,1000004566,Urology,TX,327-555-9993
4567,Ashley,Jackson,1000004567,Pulmonology,NY,577-555-4744
4568,Lisa,Taylor,1000004568,Pulmonology,IL,714-555-6380
4569,Matthew,Martinez,1000004569,Dermatology,CO,545-555-1165
4570,Patricia,Hernandez,1000004570,Internal Medicine,TX,375-555-5357
4571,Sarah,Perez,1000004571,Urology,TX,920-555-1027
4572,Karen,Johnson,1000004572,Internal Medicine,CA,399-555-6111
4573,Sarah,Jones,1000004573,Neurology,CA,910-555-9107
4574,Elizabeth,Hernandez,1000004574,Dermatology,WA,931-555-9734
4575,Patricia,Jones,1000004575,Dermatology,CO,433-555-9464
4576,Sarah,Jones,1000004576,Urology,CA,390-555-3819
4577,Betty,Jones,1000004577,Internal Medicine,CO,816-555-5934
4578,Karen,Gonzalez,1000004578,Endocrinology,IL,322-555-8883
4579,William,Martinez,1000004579,Psychiatry,CA,914-555-4274
4580,Elizabeth,Davis,1000004580,Urology,CA,530-555-6521
4581,Susan,Martin,1000004581,Cardiology,PA,361-555-6479
4582,Margaret,Perez,1000004582,Orthopedics,PA,985-555-1728
4583,Barbara,Jones,1000004583,Dermatology,TX,900-555-4457
4584,Jessica,Perez,1000004584,Psychiatry,MA,385-555-9371
4585,Michael,Gonzalez,1000004585,Neurology,TX,625-555-6201
4586,Betty,Jones,1000004586,Pulmonology,TX,586-555-8457
4587,Matthew,Taylor,1000004587,General Practice,FL,779-555-7039
4588,Matthew,Anderson,1000004588,Psychiatry,AZ,911-555-2981
4589,John,Brown,1000004589,Orthopedics,TX,691-555-3417
4590,Karen,Martin,1000004590,Pediatrics,TX,830-555-2551
4591,Sarah,Perez,1000004591,Pediatrics,MA,825-555-7005
4592,David,Jones,1000004592,General Practice,IL,928-555-4514
4593,Patricia,Brown,1000004593,Orthopedics,NY,368-555-2419
4594,Barbara,Moore,1000004594,Emergency Medicine,NY,931-555-9660
4595,Matthew,Martin,1000004595,Oncology,TX,366-555-5716
4596,Sarah,Williams,1000004596,Psychiatry,IL,322-555-6751
4597,Christopher,Brown,1000004597,Urology,NY,254-555-6173
4598,Daniel,Rodriguez,1000004598,Neurology,TX,979-555-8055
4599,Richard,Davis,1000004599,Emergency Medicine,PA,304-555-5645
4600,Margaret,Brown,1000004600,Neurology,WA,515-555-8626
4601,Patricia,Jones,1000004601,Cardiology,MA,799-555-4227
4602,Michael,Martin,1000004602,Dermatology,CO,801-555-4376
4603,Thomas,Anderson,1000004603,Internal Medicine,TX,477-555-8597
4604,Sarah,Lopez,1000004604,Orthopedics,AZ,770-555-5886
4605,Michael,Thomas,1000004605,Gastroenterology,IL,773-555-9905
4606,Mary,Johnson,1000004606,Dermatology,IL,635-555-8703
4607,Susan,Garcia,1000004607,Orthopedics,TX,339-555-4006
4608,Donald,Thompson,1000004608,Internal Medicine,MA,336-555-9305
4609,James,Taylor,1000004609,Internal Medicine,AZ,314-555-2401
4610,Mark,Lee,1000004610,Oncology,TX,798-555-8153
4611,Matthew,Thomas,1000004611,Urology,CO,444-555-8061
4612,Joseph,Moore,1000004612,Endocrinology,CA,813-555-4296
4613,Daniel,Anderson,1000004613,Urology,AZ,966-555-1783
4614,John,Lopez,1000004614,Pediatrics,TX,774-555-8512
4615,William,Lee,1000004615,Gastroenterology,PA,421-555-3637
4616,Charles,Davis,1000004616,Pediatrics,IL,509-555-8571
4617,Mary,Martinez,1000004617,Pulmonology,MA,644-555-7031
4618,Matthew,Smith,1000004618,Urology,CA,525-555-2913
4619,Linda,Hernandez,1000004619,Endocrinology,CA,792-555-3855
4620,Richard,Davis,1000004620,Urology,FL,775-555-6813
4621,Betty,Thomas,1000004621,Pulmonology,CA,656-555-5135
4622,Barbara,Rodriguez,1000004622,Endocrinology,IL,407-555-4541
4623,Ashley,Gonzalez,1000004623,Emergency Medicine,TX,647-555-8804
4624,Daniel,Taylor,1000004624,General Practice,IL,282-555-9913
4625,Mary,Martinez,1000004625,Pulmonology,TX,292-555-6920
4626,Elizabeth,Garcia,1000004626,Orthopedics,CA,994-555-2680
4627,Susan,Smith,1000004627,Orthopedics,NY,577-555-1595
4628,John,Perez,1000004628,Cardiology,IL,514-555-5259
4629,Sarah,Davis,1000004629,Pulmonology,CO,667-555-8625
4630,William,Williams,1000004630,Urology,TX,571-555-1736
4631,Robert,Garcia,1000004631,Pediatrics,NY,466-555-7904
4632,Patricia,Moore,1000004632,Oncology,TX,892-555-3055
4633,Elizabeth,Martin,1000004633,Psychiatry,TX,268-555-1922
4634,Betty,Hernandez,1000004634,Endocrinology,FL,609-555-4108
4635,John,Jones,1000004635,Neurology,CA,917-555-1900
4636,Robert,Davis,1000004636,Gastroenterology,CA,495-555-6802
4637,Nancy,Wilson,1000004637,Neurology,NY,703-555-1908
4638,Mark,Johnson,1000004638,Gastroenterology,TX,766-555-2416
4639,Charles,Taylor,1000004639,Emergency Medicine,TX,327-555-5160
4640,Sandra,Jackson,1000004640,Oncology,CA,225-555-5129
4641,Joseph,Martinez,1000004641,Oncology,IL,319-555-9152
4642,Susan,Garcia,1000004642,Cardiology,PA,864-555-2466
4643,Richard,Rodriguez,1000004643,Internal Medicine,PA,703-555-3492
4644,Matthew,Hernandez,1000004644,Cardiology,MA,802-555-3617
4645,Elizabeth,Wilson,1000004645,Orthopedics,CO,563-555-4246
4646,Richard,Williams,1000004646,Endocrinology,MA,375-555-9050
4647,Jessica,Miller,1000004647,Neurology,FL,357-555-5239
4648,John,Smith,1000004648,General Practice,TX,452-555-1616
4649,James,Lopez,1000004649,Endocrinology,TX,640-555-7530
4650,Richard,Jones,1000004650,General Practice,CA,503-555-4506
4651,Charles,Lopez,1000004651,Dermatology,AZ,683-555-4594
4652,Richard,Jackson,1000004652,Pediatrics,AZ,543-555-1864
4653,David,Wilson,1000004653,Psychiatry,IL,593-555-9062
4654,Robert,Williams,1000004654,Dermatology,TX,999-555-5697
4655,Jessica,Thompson,1000004655,Dermatology,TX,855-555-2382
4656,Thomas,Brown,1000004656,Neurology,IL,422-555-6722
4657,Linda,Thompson,1000004657,Oncology,NY,442-555-5056
4658,Donald,Smith,1000004658,Emergency Medicine,CO,611-555-3087
4659,Barbara,Thompson,1000004659,General Practice,TX,770-555-2278
4660,Daniel,Williams,1000004660,Oncology,AZ,278-555-1197
4661,Elizabeth,Jackson,1000004661,Oncology,WA,856-555-9919
4662,Anthony,Lee,1000004662,Pediatrics,CA,468-555-2968
4663,Jessica,Lee,1000004663,Endocrinology,TX,571-555-9049
4664,Michael,Taylor,1000004664,Dermatology,CA,799-555-8972
4665,Betty,Moore,1000004665,Dermatology,AZ,800-555-2814
4666,Robert,Thomas,1000004666,Emergency Medicine,TX,552-555-7531
4667,Mary,Miller,1000004667,Urology,MA,252-555-6112
4668,Michael,Williams,1000004668,Oncology,TX,238-555-2046
4669,Nancy,Johnson,1000004669,Orthopedics,IL,385-555-7217
4670,Robert,Thomas,1000004670,Emergency Medicine,PA,483-555-2650
4671,Sandra,Williams,1000004671,Urology,TX,435-555-3368
4672,Jennifer,Lee,1000004672,Psychiatry,CA,576-555-6558
4673,Sarah,Martin,1000004673,Cardiology,CA,867-555-3467
4674,Sarah,Davis,1000004674,Orthopedics,TX,263-555-3552
4675,Richard,Rodriguez,1000004675,Dermatology,CA,831-555-3758
4676,Christopher,Martin,1000004676,Pulmonology,AZ,800-555-5696
4677,Barbara,Taylor,1000004677,Urology,CA,957-555-7245
4678,Margaret,Lee,1000004678,General Practice,CA,881-555-3794
4679,Betty,Miller,1000004679,Psychiatry,TX,852-555-6656
4680,Matthew,Martinez,1000004680,Urology,AZ,720-555-1949
4681,Ashley,Wilson,1000004681,Cardiology,CA,845-555-9872
4682,Betty,Lee,1000004682,Pediatrics,FL,989-555-8541
4683,Patricia,Lee,1000004683,Dermatology,CA,655-555-2890
4684,Nancy,Martin,1000004684,Dermatology,MA,763-555-7272
4685,Karen,Wilson,1000004685,Oncology,WA,721-555-4490
4686,Jessica,Miller,1000004686,Emergency Medicine,NY,466-555-3176
4687,Margaret,Thompson,1000004687,Emergency Medicine,AZ,828-555-3891
4688,Richard,Jones,1000004688,Emergency Medicine,CA,278-555-6785
4689,William,Anderson,1000004689,Psychiatry,TX,834-555-2062
4690,Anthony,Moore,1000004690,Urology,WA,949-555-9674
4691,David,Anderson,1000004691,Emergency Medicine,IL,832-555-7139
4692,Susan,Brown,1000004692,General Practice,TX,607-555-6397
4693,Christopher,Rodriguez,1000004693,General Practice,CA,933-555-3552
4694,William,Rodriguez,1000004694,Psychiatry,CO,394-555-4698
4695,Patricia,Martinez,1000004695,Gastroenterology,PA,916-555-9507
4696,Joseph,Williams,1000004696,Pulmonology,PA,488-555-7137
4697,William,Thomas,1000004697,Psychiatry,TX,604-555-5712
4698,Mary,Taylor,1000004698,Pediatrics,CA,323-555-9936
4699,Elizabeth,Lee,1000004699,Cardiology,TX,592-555-5350
4700,Betty,Davis,1000004700,Pediatrics,WA,515-555-7173
4701,Karen,Jackson,1000004701,Pediatrics,CA,481-555-5151
4702,Elizabeth,Thompson,1000004702,Cardiology,TX,792-555-8605
4703,Thomas,Lee,1000004703,General Practice,TX,673-555-5413
4704,Linda,Davis,1000004704,Endocrinology,TX,974-555-1235
4705,Charles,Hernandez,1000004705,Urology,TX,423-555-5297
4706,Nancy,Thompson,1000004706,Gastroenterology,TX,990-555-2869
4707,Ashley,Anderson,1000004707,Emergency Medicine,CA,971-555-8176
4708,Christopher,Gonzalez,1000004708,Endocrinology,TX,735-555-3431
4709,Sandra,Wilson,1000004709,Emergency Medicine,TX,407-555-3731
4710,Robert,Martin,1000004710,Pulmonology,CA,857-555-8407
4711,Margaret,Anderson,1000004711,Psychiatry,TX,299-555-9067
4712,Margaret,Williams,1000004712,General Practice,CA,502-555-7759
4713,Nancy,Taylor,1000004713,Cardiology,NY,730-555-8693
4714,Donald,Martin,1000004714,Cardiology,IL,323-555-6421
4715,Sandra,Perez,1000004715,Urology,AZ,764-555-6229
4716,Daniel,Moore,1000004716,Orthopedics,AZ,718-555-5075
4717,Susan,Johnson,1000004717,General Practice,CA,300-555-3390
4718,Christopher,Davis,1000004718,Neurology,TX,629-555-3869
4719,Linda,Miller,1000004719,Gastroenterology,CA,312-555-6910
4720,Mark,Taylor,1000004720,Emergency Medicine,MA,990-555-1033
4721,Mary,Martin,1000004721,Orthopedics,TX,524-555-3961
4722,Michael,Taylor,1000004722,Psychiatry,MA,528-555-5111
4723,Mary,Lee,1000004723,Orthopedics,FL,636-555-6716
4724,Daniel,Taylor,1000004724,Gastroenterology,TX,276-555-5936
4725,Charles,Jones,1000004725,Internal Medicine,TX,595-555-6994
4726,Christopher,Moore,1000004726,Dermatology,IL,815-555-7623
4727,Sarah,Williams,1000004727,Endocrinology,CA,714-555-8879
4728,Sarah,Jones,1000004728,Psychiatry,TX,757-555-6549
4729,Susan,Hernandez,1000004729,Emergency Medicine,TX,991-555-5585
4730,Nancy,Martinez,1000004730,Endocrinology,TX,818-555-9623
4731,Linda,Gonzalez,1000004731,Neurology,FL,523-555-7470
4732,Nancy,Williams,1000004732,Pulmonology,CA,823-555-7509
4733,Joseph,Martin,1000004733,Internal Medicine,CA,537-555-2958
4734,Jennifer,Anderson,1000004734,Gastroenterology,CA,434-555-2483
4735,Mark,Hernandez,1000004735,Pulmonology,NY,535-555-2099
4736,Donald,Jackson,1000004736,Urology,AZ,584-555-8346
4737,William,Anderson,1000004737,Neurology,TX,812-555-9566
4738,Robert,Jackson,1000004738,Orthopedics,NY,883-555-9484
4739,Karen,Martin,1000004739,General Practice,AZ,425-555-9259
4740,Nancy,Jones,1000004740,Internal Medicine,NY,761-555-1706
4741,Karen,Taylor,1000004741,General Practice,PA,321-555-5222
4742,Sandra,Martinez,1000004742,Neurology,CA,903-555-4801
4743,Susan,Jackson,1000004743,Dermatology,TX,284-555-1825
4744,Jennifer,Moore,1000004744,Dermatology,TX,684-555-8106
4745,Charles,Garcia,1000004745,Dermatology,FL,702-555-1748
4746,Lisa,Martin,1000004746,Cardiology,CA,357-555-9276
4747,David,Thompson,1000004747,Pulmonology,CA,831-555-7212
4748,Donald,Miller,1000004748,Urology,PA,796-555-7451
4749,Nancy,Davis,1000004749,Emergency Medicine,AZ,549-555-7273
4750,Linda,Hernandez,1000004750,Psychiatry,CO,705-555-9848
4751,Sarah,Smith,1000004751,Cardiology,MA,248-555-1965
4752,Linda,Martinez,1000004752,Dermatology,TX,643-555-9967
4753,Barbara,Martinez,1000004753,Pediatrics,MA,933-555-4510
4754,Karen,Brown,1000004754,Pediatrics,IL,912-555-2061
4755,Patricia,Gonzalez,1000004755,Psychiatry,WA,544-555-6107
4756,Robert,Thompson,1000004756,Cardiology,MA,712-555-1855
4757,Christopher,Perez,1000004757,General Practice,MA,252-555-1106
4758,Joseph,Wilson,1000004758,Pediatrics,FL,483-555-8444
4759,Christopher,Jackson,1000004759,Pediatrics,TX,734-555-4542
4760,Linda,Lee,1000004760,Pulmonology,MA,750-555-7439
4761,William,Brown,1000004761,Psychiatry,AZ,471-555-1248
4762,Elizabeth,Johnson,1000004762,General Practice,TX,642-555-5318
4763,Charles,Davis,1000004763,Orthopedics,TX,414-555-6183
4764,Ashley,Garcia,1000004764,Emergency Medicine,TX,991-555-5962
4765,Anthony,Hernandez,1000004765,Endocrinology,TX,259-555-7828
4766,Lisa,Garcia,1000004766,Pediatrics,WA,989-555-7309
4767,Nancy,Lopez,1000004767,General Practice,CA,684-555-7820
4768,John,Garcia,1000004768,General Practice,TX,767-555-1437
4769,Barbara,Anderson,1000004769,Urology,WA,260-555-9600
4770,Nancy,Rodriguez,1000004770,Internal Medicine,CA,419-555-8672
4771,Robert,Garcia,1000004771,Urology,CO,276-555-3359
4772,Betty,Thompson,1000004772,Gastroenterology,IL,587-555-8547
4773,Charles,Martinez,1000004773,Psychiatry,FL,341-555-4733
4774,James,Rodriguez,1000004774,Oncology,CA,463-555-1276
4775,Barbara,Smith,1000004775,Cardiology,TX,304-555-7401
4776,Linda,Garcia,1000004776,General Practice,CA,433-555-1921
4777,Richard,Rodriguez,1000004777,Oncology,WA,681-555-2669
4778,Anthony,Smith,1000004778,Gastroenterology,PA,908-555-5972
4779,William,Williams,1000004779,Neurology,PA,338-555-5703
4780,Daniel,Wilson,1000004780,Emergency Medicine,PA,354-555-1503
4781,Lisa,Thomas,1000004781,General Practice,PA,238-555-3301
4782,Sandra,Jones,1000004782,Psychiatry,IL,849-555-9010
4783,Christopher,Johnson,1000004783,Cardiology,CA,367-555-9530
4784,Christopher,Anderson,1000004784,Internal Medicine,TX,225-555-5729
4785,Barbara,Davis,1000004785,Orthopedics,CA,282-555-7976
4786,Patricia,Gonzalez,1000004786,Gastroenterology,IL,738-555-5557
4787,David,Hernandez,1000004787,Cardiology,TX,554-555-4082
4788,Ashley,Gonzalez,1000004788,Dermatology,CA,213-555-7829
4789,Matthew,Rodriguez,1000004789,Internal Medicine,WA,855-555-8699
4790,Margaret,Gonzalez,1000004790,Endocrinology,CA,375-555-4599
4791,Anthony,Taylor,1000004791,Pulmonology,IL,349-555-9343
4792,Lisa,Jones,1000004792,Pulmonology,TX,740-555-9781
4793,Karen,Brown,1000004793,Endocrinology,WA,982-555-9866
4794,Anthony,Davis,1000004794,Urology,TX,654-555-5252
4795,Richard,Thompson,1000004795,Emergency Medicine,TX,968-555-6383
4796,Sandra,Perez,1000004796,Gastroenterology,TX,443-555-2830
4797,Karen,Lee,1000004797,Urology,TX,574-555-8117
4798,Jennifer,Martinez,1000004798,Emergency Medicine,PA,496-555-4087
4799,Ashley,Davis,1000004799,Cardiology,MA,634-555-9833
4800,Patricia,Brown,1000004800,Dermatology,TX,467-555-2140
4801,Elizabeth,Wilson,1000004801,General Practice,TX,678-555-1756
4802,Susan,Garcia,1000004802,Internal Medicine,TX,623-555-4479
4803,James,Lopez,1000004803,Pulmonology,CO,575-555-4955
4804,Christopher,Smith,1000004804,Neurology,FL,219-555-7318
4805,Betty,Garcia,1000004805,Pediatrics,FL,235-555-5236
4806,Elizabeth,Martin,1000004806,Orthopedics,MA,858-555-7808
4807,Jessica,Johnson,1000004807,Endocrinology,PA,536-555-9620
4808,Charles,Anderson,1000004808,Orthopedics,AZ,958-555-8291
4809,Richard,Jackson,1000004809,Pediatrics,NY,929-555-4529
4810,Charles,Hernandez,1000004810,Orthopedics,AZ,442-555-2837
4811,Ashley,Hernandez,1000004811,Internal Medicine,TX,563-555-9835
4812,Jennifer,Davis,1000004812,Neurology,WA,899-555-3292
4813,Jennifer,Rodriguez,1000004813,Dermatology,CA,370-555-2980
4814,Joseph,Thompson,1000004814,Oncology,MA,699-555-9218
4815,Matthew,Perez,1000004815,Gastroenterology,CA,399-555-6821
4816,Mark,Wilson,1000004816,Psychiatry,FL,677-555-4691
4817,William,Martinez,1000004817,Oncology,TX,473-555-3601
4818,Mark,Anderson,1000004818,Cardiology,TX,430-555-7434
4819,Sarah,Lopez,1000004819,Cardiology,AZ,978-555-7531
4820,Sarah,Smith,1000004820,Psychiatry,TX,615-555-9279
4821,Lisa,Moore,1000004821,Psychiatry,TX,278-555-9680
4822,Thomas,Lee,1000004822,Oncology,TX,444-555-4388
4823,Christopher,Lopez,1000004823,Neurology,TX,534-555-5125
4824,Patricia,Johnson,1000004824,Emergency Medicine,TX,372-555-6532
4825,Margaret,Martin,1000004825,Pediatrics,TX,741-555-8867
4826,Jennifer,Williams,1000004826,Pediatrics,NY,574-555-8214
4827,Joseph,Perez,1000004827,Cardiology,CO,805-555-2248
4828,Donald,Rodriguez,1000004828,Psychiatry,CO,304-555-4405
4829,Robert,Smith,1000004829,Internal Medicine,TX,432-555-1606
4830,David,Taylor,1000004830,Orthopedics,NY,922-555-8962
4831,Joseph,Johnson,1000004831,Pediatrics,AZ,630-555-7957
4832,Daniel,Moore,1000004832,Neurology,PA,880-555-5975
4833,Richard,Gonzalez,1000004833,Gastroenterology,AZ,361-555-4699
4834,Karen,Martin,1000004834,Pulmonology,PA,754-555-3673
4835,Matthew,Perez,1000004835,Orthopedics,CA,339-555-6330
4836,Mark,Martinez,1000004836,Emergency Medicine,CA,532-555-8596
4837,Lisa,Davis,1000004837,Neurology,PA,886-555-4974
4838,David,Rodriguez,1000004838,Dermatology,TX,672-555-3444
4839,Sarah,Rodriguez,1000004839,Emergency Medicine,TX,450-555-9059
4840,Christopher,Lopez,1000004840,Neurology,TX,481-555-7097
4841,Sarah,Thomas,1000004841,Psychiatry,WA,673-555-7225
4842,Patricia,Thompson,1000004842,General Practice,WA,501-555-4353
4843,Matthew,Hernandez,1000004843,Orthopedics,PA,451-555-4937
4844,Linda,Anderson,1000004844,Emergency Medicine,CO,962-555-6879
4845,Matthew,Jackson,1000004845,Urology,AZ,568-555-4802
4846,Barbara,Lee,1000004846,Gastroenterology,TX,640-555-1424
4847,Richard,Jackson,1000004847,Neurology,TX,608-555-7126
4848,Christopher,Thomas,1000004848,Pulmonology,PA,632-555-8280
4849,Charles,Moore,1000004849,Psychiatry,MA,477-555-8135
4850,Michael,Jackson,1000004850,General Practice,PA,407-555-9867
4851,Mary,Brown,1000004851,Pediatrics,TX,952-555-1895
4852,Ashley,Garcia,1000004852,Urology,CO,807-555-3821
4853,Betty,Jones,1000004853,Psychiatry,FL,856-555-5000
4854,Patricia,Lopez,1000004854,Emergency Medicine,IL,345-555-5019
4855,Michael,Brown,1000004855,Pulmonology,CA,360-555-5974
4856,Charles,Hernandez,1000004856,Endocrinology,NY,509-555-1226
4857,Daniel,Lee,1000004857,Pediatrics,IL,499-555-5508
4858,Anthony,Smith,1000004858,Orthopedics,CA,696-555-3079
4859,Betty,Perez,1000004859,Gastroenterology,CO,418-555-2672
4860,Daniel,Lopez,1000004860,General Practice,TX,961-555-9433
4861,Matthew,Williams,1000004861,Gastroenterology,CA,450-555-9143
4862,James,Wilson,1000004862,Endocrinology,NY,974-555-9429
4863,James,Martin,1000004863,Oncology,TX,828-555-3500
4864,Sandra,Anderson,1000004864,Emergency Medicine,TX,326-555-5761
4865,Jennifer,Hernandez,1000004865,Emergency Medicine,CO,268-555-4652
4866,Elizabeth,Thompson,1000004866,Gastroenterology,NY,438-555-6882
4867,Jessica,Johnson,1000004867,Neurology,NY,698-555-9838
4868,Lisa,Thomas,1000004868,Dermatology,TX,829-555-1913
4869,Patricia,Lee,1000004869,Dermatology,CA,339-555-1333
4870,Charles,Jones,1000004870,Pediatrics,CO,643-555-4544
4871,Patricia,Wilson,1000004871,Cardiology,PA,486-555-9821
4872,Joseph,Thomas,1000004872,Psychiatry,NY,501-555-5788
4873,Matthew,Martin,1000004873,Pediatrics,CA,412-555-7397
4874,Michael,Jackson,1000004874,Internal Medicine,MA,660-555-8224
4875,James,Martinez,1000004875,Oncology,CA,497-555-2373
4876,Lisa,Wilson,1000004876,Cardiology,NY,504-555-2886
4877,Lisa,Martinez,1000004877,Neurology,TX,413-555-2173
4878,Joseph,Lopez,1000004878,Cardiology,WA,758-555-9080
4879,Robert,Jackson,1000004879,Urology,WA,920-555-2316
4880,Matthew,Martin,1000004880,Cardiology,TX,563-555-6517
4881,Robert,Williams,1000004881,Oncology,TX,902-555-5816
4882,Mark,Rodriguez,1000004882,Internal Medicine,TX,885-555-1289
4883,David,Gonzalez,1000004883,Dermatology,PA,699-555-9490
4884,Patricia,Smith,1000004884,Cardiology,CA,432-555-7300
4885,Ashley,Thomas,1000004885,Cardiology,MA,923-555-5136
4886,Sandra,Wilson,1000004886,Pediatrics,CO,576-555-5899
4887,James,Williams,1000004887,Internal Medicine,WA,403-555-6288
4888,Lisa,Anderson,1000004888,Dermatology,TX,921-555-4390
4889,Linda,Williams,1000004889,Psychiatry,AZ,762-555-7091
4890,Thomas,Martin,1000004890,Gastroenterology,MA,353-555-2177
4891,Michael,Rodriguez,1000004891,Gastroenterology,FL,561-555-4094
4892,Robert,Gonzalez,1000004892,Neurology,TX,977-555-9341
4893,Sandra,Garcia,1000004893,Cardiology,WA,916-555-6783
4894,Jennifer,Williams,1000004894,Dermatology,MA,203-555-2122
4895,Lisa,Martin,1000004895,Oncology,NY,480-555-1297
4896,John,Thompson,1000004896,Neurology,AZ,869-555-5251
4897,David,Garcia,1000004897,Pediatrics,TX,699-555-1571
4898,Matthew,Anderson,1000004898,Dermatology,CO,626-555-8909
4899,William,Hernandez,1000004899,Pediatrics,IL,775-555-3156
4900,Betty,Thompson,1000004900,Emergency Medicine,AZ,793-555-4240
4901,Michael,Martinez,1000004901,Pulmonology,CA,777-555-7501
4902,Margaret,Moore,1000004902,Gastroenterology,TX,727-555-5023
4903,John,Johnson,1000004903,Dermatology,CA,496-555-8212
4904,John,Williams,1000004904,Cardiology,PA,364-555-7960
4905,Michael,Garcia,1000004905,Gastroenterology,NY,692-555-4539
4906,Betty,Martin,1000004906,Pediatrics,TX,615-555-6022
4907,Sarah,Jackson,1000004907,Neurology,CA,416-555-6235
4908,Patricia,Smith,1000004908,Endocrinology,CA,542-555-7159
4909,Barbara,Anderson,1000004909,Oncology,CA,840-555-2735
4910,Mary,Martin,1000004910,Pediatrics,TX,937-555-5576
4911,Karen,Smith,1000004911,Endocrinology,TX,925-555-5017
4912,Sarah,Rodriguez,1000004912,General Practice,PA,561-555-5883
4913,Sandra,Thomas,1000004913,Dermatology,AZ,499-555-8305
4914,David,Johnson,1000004914,Psychiatry,NY,869-555-1697
4915,Nancy,Gonzalez,1000004915,Psychiatry,CA,922-555-7222
4916,Sarah,Williams,1000004916,Internal Medicine,TX,558-555-4775
4917,Mary,Moore,1000004917,Neurology,IL,727-555-7586
4918,John,Taylor,1000004918,Pediatrics,WA,747-555-2636
4919,Lisa,Perez,1000004919,Endocrinology,TX,480-555-8764
4920,Jessica,Jackson,1000004920,Dermatology,MA,817-555-2828
4921,Matthew,Lopez,1000004921,Dermatology,CA,494-555-8318
4922,Charles,Johnson,1000004922,Gastroenterology,CA,676-555-7336
4923,Lisa,Jones,1000004923,Endocrinology,AZ,745-555-1921
4924,Christopher,Thomas,1000004924,Dermatology,TX,863-555-6061
4925,William,Martinez,1000004925,Orthopedics,IL,439-555-5568
4926,Susan,Jones,1000004926,Cardiology,PA,416-555-6363
4927,David,Rodriguez,1000004927,Emergency Medicine,PA,650-555-9708
4928,Sarah,Williams,1000004928,Neurology,WA,669-555-7268
4929,Donald,Thomas,1000004929,Gastroenterology,PA,898-555-5914
4930,Richard,Wilson,1000004930,Psychiatry,TX,500-555-7572
4931,James,Anderson,1000004931,General Practice,AZ,625-555-5144
4932,Mark,Hernandez,1000004932,Dermatology,NY,279-555-1362
4933,Anthony,Davis,1000004933,Gastroenterology,IL,571-555-9703
4934,Anthony,Gonzalez,1000004934,Oncology,FL,708-555-9573
4935,Charles,Davis,1000004935,Dermatology,IL,732-555-7199
4936,Elizabeth,Jones,1000004936,Dermatology,CO,661-555-7675
4937,Mark,Williams,1000004937,Endocrinology,CO,711-555-9959
4938,Betty,Jackson,1000004938,Pulmonology,CA,703-555-4402
4939,Karen,Martin,1000004939,Neurology,NY,638-555-8306
4940,Barbara,Davis,1000004940,Urology,CA,824-555-9249
4941,Matthew,Brown,1000004941,Emergency Medicine,CA,414-555-8069
4942,Margaret,Miller,1000004942,Cardiology,PA,305-555-2225
4943,Patricia,Williams,1000004943,Pulmonology,TX,967-555-9201
4944,William,Miller,1000004944,Endocrinology,TX,871-555-7307
4945,Michael,Wilson,1000004945,Neurology,TX,689-555-7671
4946,Richard,Lee,1000004946,Pulmonology,CA,396-555-5957
4947,Mary,Martin,1000004947,Psychiatry,CO,744-555-7059
4948,Jessica,Williams,1000004948,Dermatology,FL,424-555-6287
4949,Jessica,Davis,1000004949,Oncology,CO,545-555-9865
4950,Christopher,Martin,1000004950,Dermatology,TX,563-555-6912
4951,Robert,Thomas,1000004951,Internal Medicine,TX,271-555-4455
4952,James,Martin,1000004952,Internal Medicine,CO,219-555-7354
4953,Lisa,Jones,1000004953,Internal Medicine,FL,382-555-8707
4954,James,Williams,1000004954,Gastroenterology,IL,723-555-8995
4955,Anthony,Rodriguez,1000004955,Oncology,CA,632-555-2786
4956,Lisa,Taylor,1000004956,Endocrinology,TX,625-555-3622
4957,Margaret,Wilson,1000004957,Gastroenterology,TX,808-555-8193
4958,Sarah,Williams,1000004958,Pediatrics,CA,263-555-7078
4959,Linda,Jones,1000004959,Endocrinology,CA,629-555-2235
4960,Charles,Thompson,1000004960,General Practice,IL,871-555-8403
4961,Mark,Jones,1000004961,General Practice,TX,324-555-6565
4962,Robert,Taylor,1000004962,Urology,TX,277-555-2585
4963,Sandra,Hernandez,1000004963,Endocrinology,TX,979-555-2665
4964,Jessica,Brown,1000004964,General Practice,TX,354-555-8006
4965,Ashley,Williams,1000004965,Orthopedics,MA,548-555-3331
4966,Jessica,Taylor,1000004966,Emergency Medicine,TX,311-555-4061
4967,Jennifer,Williams,1000004967,Dermatology,TX,228-555-8310
4968,Linda,Johnson,1000004968,Psychiatry,NY,255-555-6399
4969,Mary,Thomas,1000004969,Oncology,TX,558-555-4037
4970,Linda,Hernandez,1000004970,Emergency Medicine,MA,617-555-7481
4971,Ashley,Jones,1000004971,Orthopedics,CA,529-555-9035
4972,Elizabeth,Lopez,1000004972,Oncology,CA,466-555-6275
4973,Lisa,Perez,1000004973,Urology,PA,724-555-6007
4974,Michael,Moore,1000004974,General Practice,AZ,378-555-4613
4975,Lisa,Martin,1000004975,Internal Medicine,AZ,251-555-1608
4976,Linda,Lee,1000004976,Dermatology,CA,781-555-3923
4977,Nancy,Hernandez,1000004977,Neurology,CA,482-555-2927
4978,Daniel,Thomas,1000004978,Psychiatry,CA,323-555-9029
4979,Donald,Lopez,1000004979,General Practice,CA,975-555-6107
4980,Barbara,Anderson,1000004980,General Practice,MA,855-555-9157
4981,Matthew,Brown,1000004981,Pediatrics,CA,771-555-1425
4982,Christopher,Rodriguez,1000004982,Cardiology,CO,934-555-6867
4983,Jennifer,Thompson,1000004983,Orthopedics,CA,700-555-9911
4984,Linda,Lee,1000004984,Psychiatry,NY,703-555-2627
4985,Sarah,Lopez,1000004985,Orthopedics,IL,226-555-3726
4986,Daniel,Taylor,1000004986,Endocrinology,PA,835-555-6386
4987,John,Perez,1000004987,Oncology,CA,473-555-7671
4988,David,Thompson,1000004988,Pulmonology,AZ,249-555-9875
4989,Patricia,Thompson,1000004989,Emergency Medicine,NY,472-555-6809
4990,Richard,Anderson,1000004990,Dermatology,FL,728-555-6492
4991,Joseph,Thomas,1000004991,Oncology,NY,454-555-7214
4992,Joseph,Martin,1000004992,Orthopedics,CA,791-555-9211
4993,Christopher,Lee,1000004993,Psychiatry,CA,292-555-1526
4994,Daniel,Davis,1000004994,Orthopedics,CA,719-555-4371
4995,Richard,Martinez,1000004995,Endocrinology,IL,261-555-7661
4996,Sandra,Johnson,1000004996,Cardiology,IL,712-555-9578
4997,Karen,Smith,1000004997,Internal Medicine,WA,654-555-4374
4998,Thomas,Perez,1000004998,Oncology,TX,326-555-7804
4999,Elizabeth,Thomas,1000004999,Pediatrics,FL,480-555-9378
5000,Michael,Anderson,1000005000,Gastroenterology,PA,757-555-9646
